3014,1,7,2890,3015,2,9,2873,2874,3,-1,-1
2,0,2890,3014,7,3,2874,2873,3015,2775,9,4
1,3,2890,2874,4,0,2889,3014,7,5,-1,-1
4,2,2889,2874,5,1,2890,2888,2940,6,0,2776
2889,3,5,2940,6,2,2874,2888,2901,8,1,-1
6,4,2940,2889,8,3,2901,2888,2874,2899,10,2
5,8,2940,4,10,2889,2901,2977,2899,2888,3,11
0,9,3014,3015,1,2873,13,2890,3013,2,-1,-1
10,6,2977,2940,5,11,2899,2901,2990,4,12,-1
7,3015,13,3014,0,3013,18,2873,1,-1,-1,-1
2977,8,11,6,12,2899,2990,3070,2940,5,-1,-1
12,10,2977,3070,2990,8,14,3199,2899,6,-1,-1
11,14,3070,3199,10,15,2990,2977,2969,3046,8,-1
9,18,3015,3013,21,7,3019,23,3014,2873,-1,-1
12,15,3199,3070,3046,11,16,2969,2990,2981,2982,-1
16,14,3046,3199,2981,17,12,3070,2982,2969,2946,19
15,17,2981,3046,19,3199,14,2946,2982,-1,-1,-1
19,16,2981,2946,15,20,3046,2947,2982,3199,-1,-1
21,13,3019,23,3013,9,3015,26,2784,-1,-1,-1
17,20,2947,2946,16,2981,22,2949,2948,15,-1,-1
19,22,2947,17,2949,24,2946,2945,2981,2948,-1,-1
18,23,3019,26,13,3013,2784,3015,-1,-1,-1,-1
24,20,2949,2947,25,19,2945,2817,27,2946,-1,-1
21,3019,26,18,28,2784,3013,3220,13,-1,-1,-1
25,2949,22,27,2817,2947,2945,20,29,-1,-1,-1
24,27,2949,2817,22,29,2945,2816,2947,-1,-1,-1
23,28,3019,3220,21,2784,30,18,-1,-1,-1,-1
25,2817,29,24,2949,2816,2945,31,22,-1,-1,-1
26,3220,30,2933,23,2784,3019,2783,32,-1,-1,-1
27,31,2817,2816,25,2725,2945,33,2949,24,2723,-1
2933,32,28,3220,2783,2682,26,34,-1,-1,-1,-1
29,33,2725,2723,2816,2817,27,35,-1,-1,-1,-1
30,34,2933,2735,2682,2783,36,28,3220,-1,-1,-1
2723,35,31,2725,2640,37,29,2744,2546,2816,-1,-1
2735,36,32,2682,2709,38,2933,2708,30,2683,-1,-1
37,33,2546,2723,2640,39,2482,31,2503,2641,-1,-1
38,2708,34,2709,2735,41,2541,2701,32,-1,-1,-1
39,35,2546,2482,40,33,2483,2640,2466,2641,-1,-1
2708,36,41,2701,43,2709,2541,34,2735,2882,-1,-1
2482,40,37,2546,2466,42,2483,35,2641,-1,-1,-1
42,39,2482,2466,44,2483,37,2334,2546,2465,-1,-1
43,38,2701,2708,45,2553,36,2541,2882,46,-1,-1
40,44,2466,2334,2482,39,47,2465,2483,-1,-1,-1
41,45,2701,2553,46,38,2708,2882,48,-1,-1,-1
42,2334,47,2466,40,49,2465,2335,2482,-1,-1,-1
46,43,2553,48,41,2701,2536,2535,-1,-1,-1,-1
45,48,2536,2553,43,51,2535,2401,41,2701,-1,-1
49,44,2334,50,2335,42,2320,2466,-1,-1,-1,-1
46,2536,51,2401,45,2553,53,2535,2469,43,-1,-1
47,50,2320,2335,52,2334,44,2306,-1,-1,-1,-1
49,2320,52,47,2321,2335,54,2306,2334,-1,-1,-1
2401,48,53,2536,46,2692,2469,55,2535,-1,-1,-1
54,50,2321,2320,49,2306,57,2221,2335,-1,-1,-1
55,51,2401,2692,2387,56,48,2469,2536,-1,-1,-1
52,57,2321,2221,50,2320,59,2249,2306,-1,-1,-1
56,53,2387,2692,2401,58,51,2235,2233,2344,-1,-1
55,58,2387,2344,2233,53,2692,60,2343,2235,-1,-1
59,54,2221,2321,2200,52,62,2198,2249,-1,-1,-1
60,56,2344,2343,55,61,2387,2233,2331,2345,-1,-1
62,57,2198,2200,2221,64,2199,54,-1,-1,-1,-1
2343,58,61,2345,2344,63,56,2331,-1,-1,-1,-1
63,60,2345,2343,65,58,2331,2314,2344,67,-1,-1
2198,59,64,2199,2200,66,1977,57,2221,1979,-1,-1
2345,61,65,2314,2343,67,60,2331,2313,69,-1,-1
2199,66,62,2198,1979,68,1977,59,2200,-1,-1,-1
63,67,2314,2345,69,61,2313,2331,2343,70,2315,-1
68,64,2199,1979,62,71,2198,1977,1879,-1,-1,-1
69,65,2313,2314,70,63,2315,2345,73,61,-1,-1
66,71,1979,1879,64,2199,72,-1,-1,-1,-1,-1
70,67,2315,2313,73,65,2278,2314,2108,74,63,-1
69,73,2315,2278,74,67,2313,2108,76,65,2107,-1
72,1879,68,75,1846,1979,66,77,-1,-1,-1,-1
75,1846,71,1879,77,2040,1880,68,78,-1,-1,-1
74,70,2278,76,2315,69,2107,2108,67,-1,-1,-1
73,76,2278,2107,70,79,2101,2108,2315,69,-1,-1
72,77,1846,2040,78,71,1803,1879,81,1880,-1,-1
74,79,2101,73,2107,2278,80,2099,2100,70,82,-1
75,78,1803,2040,72,81,1846,1845,83,71,-1,-1
81,77,1845,1803,83,75,2040,84,2127,72,-1,-1
80,76,2101,2099,82,74,85,1913,2107,-1,-1,-1
82,79,2099,85,2101,76,2102,1913,87,-1,-1,-1
83,78,1845,84,2127,77,1803,86,1816,75,-1,-1
80,85,2099,79,2102,87,2101,1913,89,76,-1,-1
81,84,1845,86,2127,78,1816,88,77,1803,1747,-1
86,83,1816,88,81,2127,1845,1765,1747,90,78,-1
87,82,2102,2099,80,89,1912,1913,79,91,1909,-1
88,84,1816,1765,83,90,2127,81,1961,1747,92,1734
89,85,1912,2102,91,82,1909,1853,2099,93,1983,80
86,90,1765,1816,84,92,1734,1961,83,1747,2127,-1
87,91,1912,93,85,1983,1853,2102,1909,94,82,-1
92,88,1765,1734,86,1816,95,1961,84,1675,-1,-1
89,93,1983,1912,87,1853,94,1854,85,2102,96,1844
90,1734,95,1765,88,1675,98,1961,86,1816,-1,-1
1983,91,94,89,1854,1853,96,1844,1912,87,1908,97
93,1983,1844,96,1854,91,97,2106,1853,1843,89,1609
98,92,1675,1734,1626,90,100,1765,1657,-1,-1,-1
97,1844,94,2106,99,93,1854,1983,1843,1591,91,101
96,99,2106,1844,94,1591,101,1593,1843,1854,93,-1
1626,95,100,1675,1580,92,1657,1734,103,-1,-1,-1
97,2106,101,1593,96,1591,1844,1843,94,1487,102,1489
98,103,1626,1580,1493,105,1675,95,1494,1657,-1,-1
1593,99,102,1489,97,1591,2106,104,1487,96,-1,-1
104,1489,101,106,1593,1592,99,-1,-1,-1,-1,-1
105,100,1494,1493,1580,107,1964,1626,98,-1,-1,-1
102,106,1489,1592,108,101,1593,-1,-1,-1,-1,-1
1494,103,107,1493,1492,1964,109,100,1475,1580,-1,-1
104,108,1592,102,1489,110,1516,1488,-1,-1,-1,-1
105,109,1494,1492,1475,103,111,1964,1493,-1,-1,-1
106,110,1516,1592,104,112,1488,1506,-1,-1,-1,-1
111,1475,107,113,1492,1476,105,1494,114,-1,-1,-1
1516,108,112,1506,106,1592,1488,115,-1,-1,-1,-1
113,109,1475,1476,114,107,116,-1,-1,-1,-1,-1
115,110,1506,1516,1515,108,117,1488,-1,-1,-1,-1
114,111,1476,116,109,1337,1475,1304,1440,-1,-1,-1
116,113,1337,1476,111,118,1304,109,-1,-1,-1,-1
117,112,1515,1506,119,110,1469,1470,1516,-1,-1,-1
114,1337,118,113,120,1302,1304,1476,111,-1,-1,-1
115,119,1515,1469,121,1433,112,1506,1470,123,-1,-1
116,120,1337,1302,122,114,1338,1304,124,-1,-1,-1
121,117,1433,123,1469,1515,1434,115,1498,125,-1,-1
122,118,1338,1302,124,116,1337,1303,1350,126,-1,-1
123,119,1433,1434,125,117,1469,1498,-1,-1,-1,-1
124,120,1338,126,1350,118,1302,1303,127,1690,-1,-1
121,125,1434,119,1433,128,1373,1498,117,-1,-1,-1
122,126,1338,1350,120,127,1690,1303,129,1349,1302,118
123,128,1434,1373,121,130,1274,1433,119,1498,-1,-1
124,127,1690,1350,122,129,1338,1349,1412,120,1351,-1
126,1690,129,1412,124,1350,1349,131,122,1338,-1,-1
130,125,1373,1273,132,123,1434,1274,-1,-1,-1,-1
1412,131,127,1690,1349,126,133,1378,1350,124,1458,136
128,132,1273,1373,134,125,1275,135,1233,1150,-1,-1
133,129,1412,1378,136,1690,1413,1349,127,1458,138,-1
134,130,1273,1275,135,1150,128,137,1373,1374,1329,1233
136,131,1413,1378,1412,138,129,1152,1349,140,1458,1690
132,135,1150,1275,137,130,1273,1329,139,1374,-1,-1
1150,137,134,139,132,1329,1275,130,1273,141,-1,-1
1413,133,138,1152,1378,131,140,1412,1151,142,129,-1
139,135,1150,1329,134,141,1275,132,1141,1125,-1,-1
136,140,1413,1152,133,142,1151,1378,1679,131,144,-1
137,141,135,1329,1150,1141,1069,134,143,1140,-1,-1
138,142,1151,1679,136,144,1152,1413,146,1116,133,-1
139,143,1140,137,145,1069,1141,135,147,1329,-1,-1
144,140,1679,1151,146,138,1116,1152,1127,148,136,1413
145,1140,141,147,1069,139,1087,-1,-1,-1,-1,-1
146,142,1679,1116,148,140,1151,1127,1064,138,-1,-1
147,143,1140,141,149,1195,1087,1069,-1,-1,-1,-1
148,144,1116,1679,142,1064,150,1127,1151,140,-1,-1
145,149,1140,1195,143,1087,1311,151,141,-1,-1,-1
146,150,1116,144,1064,1679,999,142,152,-1,-1,-1
1311,151,147,1195,145,1310,1314,153,1140,-1,-1,-1
148,152,999,1064,1000,146,1116,154,990,-1,-1,-1
1311,149,153,1314,155,1195,1310,147,-1,-1,-1,-1
154,1000,990,150,999,157,989,952,148,991,159,-1
155,151,1314,156,1530,1311,158,149,1579,-1,-1,-1
990,152,157,989,159,1000,150,952,161,972,-1,-1
153,156,1530,158,1314,151,160,1579,1311,-1,-1,-1
158,155,1530,160,153,1314,1579,162,1507,-1,-1,-1
159,154,989,990,161,972,152,953,1000,-1,-1,-1
156,160,1530,155,162,1579,1507,153,1314,164,-1,-1
161,157,972,989,154,163,994,990,165,953,152,-1
158,162,1530,1507,156,164,1579,155,166,1400,1432,-1
159,163,972,994,157,165,989,167,154,-1,-1,-1
164,160,1507,166,158,1530,1432,1579,168,156,1400,1401
165,161,994,167,159,972,993,169,-1,-1,-1,-1
166,162,1432,1507,168,160,1416,1401,158,1449,1530,1400
163,167,994,169,993,161,972,159,172,-1,-1,-1
168,164,1432,162,1449,1416,1507,170,160,1401,1417,-1
165,169,993,994,163,172,1075,161,174,-1,-1,-1
166,1449,170,164,1416,1432,1417,162,171,-1,-1,-1
172,167,1075,993,174,165,1076,176,994,163,-1,-1
171,1449,168,1448,1417,1450,173,166,1416,175,1414,-1
1448,170,173,175,1450,1449,168,1478,178,1417,-1,-1
174,169,1076,176,1075,167,177,993,1136,1080,165,1188
175,171,1448,178,170,1478,1450,-1,-1,-1,-1,-1
176,172,1076,177,169,1136,1075,1188,179,167,1080,-1
178,173,1448,1478,171,180,1450,170,-1,-1,-1,-1
174,177,1076,172,179,1188,1136,181,169,1075,-1,-1
176,179,1188,181,174,1136,1076,172,182,1189,-1,-1
175,1478,180,173,1448,1482,171,183,1477,-1,-1,-1
177,181,1188,176,182,1136,174,1189,1076,184,-1,-1
178,183,1482,1478,175,185,1477,1624,1678,1685,-1,-1
182,179,1188,177,1189,184,176,1136,1242,-1,-1,-1
181,184,1188,179,1189,1242,177,187,1136,1333,-1,-1
185,1678,180,1482,186,1685,1624,1478,178,1692,-1,-1
187,182,1242,1333,181,1189,1294,189,1188,179,-1,-1
1678,186,183,1685,188,1692,1482,1739,180,1624,-1,-1
185,1678,188,1739,1692,183,1685,190,1766,1738,-1,-1
1333,184,189,1242,1294,1334,182,192,-1,-1,-1,-1
190,1739,186,1766,191,1894,185,1692,1678,1738,1893,-1
1334,1333,187,192,1294,184,1377,1295,1242,195,-1,-1
191,188,1894,1893,1766,193,1739,1951,186,1950,-1,-1
1893,193,1894,190,1950,194,188,1766,1951,-1,-1,-1
1377,1334,189,195,1389,1295,1333,1341,198,187,1294,-1
1893,191,194,1950,1894,190,2026,196,1951,2008,-1,-1
193,196,2026,1950,1893,191,197,2008,1894,2444,-1,-1
1389,192,198,1377,1402,1388,1376,200,1334,189,1341,-1
197,2026,194,199,2444,2008,1950,193,2142,202,-1,-1
196,199,2026,2444,2142,202,194,2008,204,1950,2064,-1
1402,200,195,1389,1464,201,1388,1522,192,1403,-1,-1
197,2142,202,2444,196,2026,204,2165,2064,2197,2008,2279
201,198,1522,1464,1402,203,1521,1430,205,195,-1,-1
203,200,1522,1521,205,1464,198,207,1596,1402,1430,-1
204,199,2142,2197,2165,2279,197,206,2444,2064,2375,196
205,201,1521,207,1522,200,208,1651,1596,-1,-1,-1
2197,202,206,2279,2375,199,2142,2165,209,197,-1,-1
207,203,1521,208,201,1651,1522,1596,200,210,1660,-1
2197,209,204,2375,211,2279,202,2376,212,2356,-1,-1
205,208,1521,1651,203,1660,210,201,1596,1522,1744,1785
207,210,1660,1651,205,1521,203,213,1744,1659,-1,-1
211,206,2375,212,2376,2197,204,214,2279,-1,-1,-1
208,1660,213,207,1659,1651,215,1744,205,-1,-1,-1
212,209,2376,2375,214,206,2459,2356,2197,-1,-1,-1
211,214,2376,209,2459,2375,217,2356,206,-1,-1,-1
215,1659,210,1660,216,1742,208,1744,218,1743,-1,-1
2459,2376,212,217,211,2356,2456,2375,219,209,-1,-1
216,213,1659,1742,218,1743,1660,220,210,1744,1787,-1
215,218,1742,1659,220,213,1787,1743,1836,223,-1,-1
219,2456,2459,214,221,2495,2376,2356,2337,2336,212,222
216,220,1742,1836,1787,215,223,1743,1659,1786,213,-1
221,217,2495,2456,222,2459,214,2336,224,2417,2416,-1
1836,218,223,1787,216,1742,225,215,1743,1786,1835,1837
222,219,2495,224,217,2417,2456,2416,2336,226,-1,-1
224,221,2417,2495,219,226,2416,217,-1,-1,-1,-1
1836,220,1787,225,218,1835,227,1837,1849,1742,216,1786
222,226,2417,221,2495,2416,228,219,2269,-1,-1,-1
227,223,1849,229,1836,1835,220,231,1881,1787,-1,-1
224,2417,228,222,2269,2416,2494,221,2495,230,-1,-1
225,229,1849,231,1835,1881,223,1987,233,1836,-1,-1
230,226,2494,2269,232,2417,224,2152,-1,-1,-1,-1
227,231,1849,1881,225,233,1987,1835,235,1965,-1,-1
232,228,2494,2152,234,2319,2269,236,226,-1,-1,-1
233,229,1881,1849,235,227,1965,1987,237,225,1985,1835
234,2319,230,2152,236,2494,2242,2270,228,239,2244,2151
235,231,1881,1965,237,229,1985,1849,1966,1987,238,227
232,236,2319,239,2152,2242,230,2244,2270,241,2506,2494
237,233,1966,231,238,1985,1965,1881,229,2059,240,-1
234,239,2319,2244,232,241,2242,2506,2152,243,230,2270
235,238,1966,233,1985,2059,240,1965,231,2178,2042,1881
237,240,2059,1966,235,2042,233,242,2178,1985,2163,-1
241,236,2506,2244,234,243,2319,2242,2505,232,2243,2169
2042,238,242,2059,2163,237,2125,1966,244,235,2129,-1
239,2506,243,2505,2244,236,2243,246,234,2865,2242,2618
2042,244,2125,240,2163,245,2059,2160,2124,238,2187,-1
2505,246,241,2506,2618,239,2865,249,2243,2244,236,2568
245,2125,242,2187,2160,247,2042,2163,2374,2124,240,-1
244,247,2187,242,2160,2125,2374,248,2042,-1,-1,-1
243,2618,249,2505,241,2642,2865,2568,251,2506,-1,-1
245,2187,248,244,2374,250,2225,2160,252,-1,-1,-1
250,247,2225,252,2187,2374,245,253,-1,-1,-1,-1
251,246,2618,2642,254,2643,2568,243,2505,2707,-1,-1
252,248,2225,253,247,2374,2187,256,2373,-1,-1,-1
254,2643,249,2642,255,2707,2618,2659,246,2568,2567,-1
253,250,2225,256,248,2373,257,2374,247,-1,-1,-1
252,256,2225,2373,250,257,248,259,2273,2374,-1,-1
251,255,2643,2659,2642,2707,249,258,-1,-1,-1,-1
254,258,2659,2643,251,2700,2707,260,2642,-1,-1,-1
257,253,2373,259,252,2225,2402,2273,250,261,2374,-1
259,256,2373,2402,253,261,2273,2225,252,2393,-1,-1
255,260,2700,2659,254,2760,262,2643,-1,-1,-1,-1
257,2402,261,256,2373,2478,2393,2448,253,2273,263,-1
262,258,2760,2700,264,2828,255,2756,-1,-1,-1,-1
2478,263,259,2448,2402,257,265,2491,256,-1,-1,-1
2760,260,264,2828,266,2700,258,2756,268,-1,-1,-1
265,2478,261,2491,267,2448,269,2433,259,2509,-1,-1
266,2828,262,2760,268,2827,260,2756,270,2700,-1,-1
267,263,2491,2478,269,261,2509,2448,271,2433,-1,-1
264,268,2828,2827,270,262,2760,2756,272,-1,-1,-1
265,269,2491,263,271,2509,2478,273,-1,-1,-1,-1
266,270,2827,2828,264,272,2831,2760,2756,2830,262,-1
271,2509,267,2507,2491,273,265,2759,2431,2433,263,-1
268,272,2827,266,2831,2841,274,2828,264,2830,-1,-1
273,269,2759,2507,267,2509,275,265,2491,2835,2431,-1
270,2841,274,2831,268,2827,2832,2866,276,2931,266,-1
271,2759,275,269,2507,2835,277,267,2509,-1,-1,-1
276,2841,2931,272,2866,270,278,2832,2804,2831,2805,-1
277,2759,273,2826,2835,279,271,2507,280,3012,-1,-1
2931,278,274,2804,281,2866,2841,272,2803,-1,-1,-1
279,275,280,2826,3012,273,2759,282,-1,-1,-1,-1
281,276,2931,2804,2803,283,274,2866,-1,-1,-1,-1
277,280,3012,2826,282,275,3011,-1,-1,-1,-1,-1
279,282,3012,3011,277,2826,3045,285,3026,275,2913,-1
278,283,2803,2804,276,2931,284,2793,-1,-1,-1,-1
280,285,3011,3045,279,287,3012,277,3098,3069,289,-1
2803,284,281,2804,286,2793,278,3267,-1,-1,-1,-1
283,286,2803,3267,2793,288,2804,281,2779,-1,-1,-1
287,282,3045,289,3069,3011,280,291,-1,-1,-1,-1
3267,284,288,2793,2781,2803,283,2779,2921,290,-1,-1
289,285,3069,3045,291,282,3068,3011,3097,294,-1,-1
2921,2781,286,3267,290,2779,2792,284,2764,2793,292,-1
287,291,3069,285,3045,294,3097,3068,282,-1,-1,-1
2921,2792,288,292,2781,293,2780,286,2764,3267,-1,-1
289,294,3069,3097,287,299,3068,285,3202,3045,-1,-1
293,290,2792,2921,295,2875,2780,2781,288,-1,-1,-1
295,292,2875,2792,296,2780,290,2921,2782,-1,-1,-1
299,291,3097,3202,301,289,3069,3099,3068,287,-1,-1
293,2875,296,292,297,2935,2782,2780,2792,-1,-1,-1
297,295,2935,2875,293,298,2782,2780,-1,-1,-1,-1
296,298,2935,295,300,2875,2929,3058,2782,2928,302,-1
297,300,3058,2935,2929,296,302,3032,2928,2934,-1,-1
294,301,3202,3097,291,303,3256,3203,3099,-1,-1,-1
3058,298,302,3032,297,2929,2934,3057,2935,304,3089,3031
299,3202,303,3256,294,3097,3203,305,-1,-1,-1,-1
304,300,3057,3032,3089,298,3058,306,3090,3031,297,-1
305,301,3256,307,299,3202,3268,3491,-1,-1,-1,-1
3057,306,302,3090,3089,308,3091,3032,300,310,-1,-1
307,303,3268,3491,3256,309,3285,301,3269,-1,-1,-1
304,308,3090,3057,310,3091,3089,302,3201,311,-1,-1
3491,305,309,3268,3285,303,312,3256,3381,3398,-1,-1
310,306,3090,311,3201,304,3091,3057,3214,313,3089,-1
307,3491,312,3285,3381,305,3268,3382,314,3370,3398,-1
308,311,3214,3201,306,313,3090,3091,304,3243,3057,3242
310,3214,313,308,3201,3243,316,3242,306,3090,3091,-1
314,309,3382,3381,315,307,3491,3285,3394,-1,-1,-1
311,316,3243,3214,317,310,3341,3337,3201,319,3242,308
315,3382,312,318,3381,3394,309,320,-1,-1,-1,-1
314,318,3382,320,3394,312,3516,3381,321,3517,-1,-1
317,313,3341,319,3243,3337,311,3214,3342,3343,3378,322
316,319,3341,3337,3342,313,3378,322,3243,-1,-1,-1
320,315,3516,321,3394,314,3382,3533,3517,323,-1,-1
317,3341,3378,322,3342,316,3337,3443,324,3400,313,3344
318,321,3533,3516,323,315,326,3394,3525,3517,314,3382
323,320,3533,326,318,3516,3525,3515,328,315,3532,-1
3378,3443,324,319,325,3400,3342,317,3341,3442,327,316
326,321,3533,320,328,3515,3532,3516,3525,332,318,-1
325,3443,322,327,3442,3378,3400,319,330,-1,-1,-1
324,327,3443,3442,330,322,3378,3550,3400,329,3441,3492
323,328,3532,3533,321,3515,332,334,320,3525,3523,3516
325,330,3442,324,3443,3550,329,3492,3441,322,3493,3400
332,326,3532,334,323,3515,336,3533,321,3523,-1,-1
3493,330,331,3694,3492,327,333,3594,325,3550,3563,-1
329,3492,327,3493,3550,3694,325,331,3442,3563,324,3594
3493,329,333,3694,3594,330,3492,335,3643,-1,-1,-1
334,328,3532,336,326,3515,3523,338,323,3534,3533,-1
3594,331,335,3493,3694,329,3593,337,3643,3492,-1,-1
332,336,3532,328,338,3523,3534,326,3515,339,-1,-1
333,337,3593,3594,3601,331,340,3643,3694,3493,-1,-1
338,334,3534,332,3523,339,3532,328,341,3552,3515,3554
335,340,3601,3593,342,3594,333,3720,3642,-1,-1,-1
336,3534,339,334,3523,3552,341,3554,332,3532,3781,-1
341,338,3552,3534,3781,336,334,344,3585,3554,3523,3797
342,3601,337,3720,3593,343,335,3642,-1,-1,-1,-1
3781,339,3552,344,338,3585,3534,345,336,3797,-1,-1
340,343,3720,3601,346,337,3718,3642,3593,-1,-1,-1
346,342,3720,3718,3601,3717,348,340,3642,-1,-1,-1
345,3781,3585,341,3586,347,3552,339,3665,3797,-1,-1
3586,344,347,3585,3781,3665,349,341,3666,-1,-1,-1
348,343,3717,3718,3720,342,350,3719,3721,-1,-1,-1
3586,345,349,3666,3665,344,3585,351,3781,3914,-1,-1
346,3717,350,3719,343,3718,3721,3737,352,-1,-1,-1
3666,351,347,3586,3903,353,345,3914,3665,355,3895,-1
3719,352,348,3737,3717,3721,3738,346,354,-1,-1,-1
353,3903,349,355,3666,3895,347,3919,4121,3914,3586,-1
3737,354,350,3719,3738,356,3785,348,-1,-1,-1,-1
351,355,3895,3903,349,4121,357,3666,3896,3919,3920,-1
356,3785,352,3737,358,3738,3786,3855,3784,350,-1,-1
353,357,3895,4121,351,3896,3903,359,3920,349,-1,-1
354,358,3785,3786,3784,352,360,3737,3791,-1,-1,-1
359,3896,355,361,4121,353,3900,362,3895,3876,-1,-1
356,3784,3786,360,354,3791,3785,363,3987,3865,-1,-1
357,361,3896,362,3900,4121,355,364,3876,-1,-1,-1
3784,358,363,3791,356,3786,365,3987,-1,-1,-1,-1
362,359,3900,364,3896,357,3876,3878,4121,366,-1,-1
361,364,3900,359,3896,3878,366,3876,357,3877,-1,-1
3791,365,360,3784,3960,3987,368,358,3786,-1,-1,-1
362,366,3900,361,3878,3877,359,367,3896,3876,-1,-1
363,368,3960,3791,370,3966,3987,360,3784,3947,-1,-1
3877,367,364,3878,369,362,3900,3875,3803,361,371,-1
369,3877,366,3875,371,3887,3803,3878,372,364,3888,3889
365,370,3966,3960,363,373,3947,4194,-1,-1,-1,-1
371,367,3887,3875,372,3877,366,3888,374,3954,3803,-1
373,368,3966,4194,4123,375,365,3946,3960,-1,-1,-1
372,369,3887,374,367,3875,3954,3888,376,3877,366,-1
371,374,3887,369,376,3954,4017,367,377,3888,3875,-1
4194,375,370,4123,3966,378,4124,368,3946,4183,-1,-1
372,376,371,3954,377,4017,3887,369,379,4019,-1,-1
4194,378,373,4124,4123,380,370,4101,4102,3966,-1,-1
374,377,4017,372,379,4019,3954,371,381,3887,-1,-1
376,379,4019,4017,374,381,383,372,4018,3954,3965,-1
375,380,4124,4194,373,382,4102,4123,4184,4101,-1,-1
377,381,4019,383,376,4018,4017,384,374,3965,-1,-1
378,382,4124,4184,375,385,4185,4102,-1,-1,-1,-1
383,379,384,4019,377,4018,376,386,4017,-1,-1,-1
385,380,4185,4184,387,378,4187,4124,4102,-1,-1,-1
381,384,4018,379,4019,386,377,4080,-1,-1,-1,-1
383,386,381,4018,4080,379,4019,388,4027,-1,-1,-1
4185,387,382,4187,4184,389,380,4186,-1,-1,-1,-1
388,384,4027,4080,383,4018,390,381,4028,-1,-1,-1
389,385,4185,4186,4187,391,382,4204,4184,-1,-1,-1
4027,386,390,4028,4080,392,384,4098,-1,-1,-1,-1
387,391,4186,385,393,4187,4185,4203,4205,4204,-1,-1
392,4028,388,4098,4027,4041,394,4096,386,4029,4062,-1
389,393,4186,4205,387,4203,395,-1,-1,-1,-1,-1
4098,390,4096,394,4041,4028,4062,396,388,4097,4134,-1
4205,395,391,4238,389,4203,397,4186,4304,-1,-1,-1
396,4096,392,398,4134,4098,390,4097,4062,400,-1,-1
397,393,4238,4205,4329,399,4304,391,4470,4203,401,-1
398,394,4134,4096,400,392,4132,4097,402,4098,-1,-1
399,395,4329,4238,401,4470,4355,393,4205,4304,403,-1
400,396,4134,4132,402,394,4148,4096,4097,-1,-1,-1
401,4329,397,4355,403,4238,4470,395,404,4476,4309,4381
398,402,4148,4132,396,4134,405,4147,394,-1,-1,-1
403,399,4355,404,4329,397,4309,4476,406,4470,4238,4409
400,4148,405,398,4132,4147,4243,407,396,4134,-1,-1
401,404,4309,399,4476,406,4355,4329,408,4310,397,4409
4309,403,406,4476,401,408,4310,4355,399,410,4415,-1
407,4243,4148,402,4147,4337,409,400,4244,4132,-1,-1
404,408,4309,4310,403,410,4476,401,4319,4415,412,-1
405,409,4243,4337,4244,411,4445,4147,4148,402,4336,-1
410,406,4310,404,4309,412,4319,403,4476,4477,4415,4320
407,4337,411,4445,4243,405,413,4336,4479,4244,4432,-1
408,412,4319,406,4310,4320,414,4309,404,4477,4570,-1
4445,413,409,4479,4337,4432,415,4336,407,4444,4466,4243
4320,414,410,4319,408,4570,416,4310,4480,4477,406,-1
4479,411,415,4445,4444,4432,417,409,4337,4488,4336,-1
4320,412,416,4570,4319,4480,410,418,-1,-1,-1,-1
417,413,4479,4444,419,4488,411,4432,4445,421,-1,-1
414,418,4480,4320,420,4570,412,4609,4319,422,4608,-1
419,415,4488,4444,421,413,4479,4446,4433,423,-1,-1
420,416,4480,4609,422,414,4320,4631,424,4570,-1,-1
421,417,4488,423,4446,415,4444,425,4433,4493,-1,-1
418,422,424,4609,4631,416,4480,426,-1,-1,-1,-1
423,419,4488,4446,425,417,4493,427,4441,415,4433,4444
420,424,4631,418,426,4609,428,416,4600,-1,-1,-1
425,421,4493,4446,427,419,4488,4441,429,4442,417,-1
422,426,4631,420,428,4600,4609,430,418,4613,-1,-1
423,427,4493,429,421,4442,4446,4441,4524,419,431,4488
428,424,4631,4600,430,422,420,4613,4609,432,-1,-1
425,429,4493,4524,4442,423,431,4441,4402,421,4446,434
430,426,4600,424,4631,432,433,4546,4613,422,4602,-1
427,431,4524,425,4442,434,4493,4402,4496,4525,423,-1
428,4600,432,426,4546,433,4602,4502,424,4631,4547,4613
429,434,4524,4525,427,4496,4402,436,4442,425,4400,4493
433,4502,430,435,4547,4546,428,4545,4600,437,426,-1
432,4502,435,430,4547,437,4545,4546,428,-1,-1,-1
4525,436,431,429,4496,4524,438,4399,4400,427,4402,-1
4502,437,433,4545,432,4547,439,4513,4619,430,4633,-1
434,438,4525,4399,431,4527,440,4400,4496,-1,-1,-1
435,4545,439,4513,4502,4633,441,433,4547,432,4619,5058
436,440,4527,4399,442,4525,434,4397,4526,4400,444,-1
441,4513,437,443,4512,4545,5058,435,4633,445,-1,-1
442,4527,438,4526,444,4399,4397,436,446,4588,-1,-1
443,439,4512,4513,445,5058,437,4662,4523,4633,447,4545
440,444,4526,446,4527,4588,438,448,4397,-1,-1,-1
4512,441,445,4523,439,4662,447,4513,5058,4660,449,-1
446,442,4588,448,4526,440,4527,4607,450,4531,438,-1
4523,443,447,4512,4662,441,449,4660,5058,4661,439,451
444,448,4588,442,450,4607,4526,4531,440,-1,-1,-1
4523,449,445,4660,4661,451,443,4662,4512,453,441,-1
446,450,4588,4607,444,452,4531,442,4604,4526,-1,-1
451,447,4523,4661,4660,453,445,4702,4662,454,443,-1
4607,448,452,4604,446,4588,455,4667,4531,444,456,-1
453,4661,449,454,4702,447,4660,4523,4701,445,457,-1
455,450,4667,4607,4604,456,448,4621,4747,458,4588,-1
454,451,4661,4702,4701,449,457,4660,447,4766,4523,4767
453,4701,457,4702,451,4661,4766,460,459,449,4660,4767
456,452,4667,458,4747,450,4604,4607,4621,461,4900,-1
455,458,4667,4747,452,461,4900,4927,463,4621,4604,450
4701,460,454,4745,4766,459,4743,453,4702,4744,4895,4661
456,461,4900,4927,4747,463,455,4667,4934,465,452,4866
460,462,4895,457,4894,4745,464,454,4701,-1,-1,-1
459,457,4745,4895,462,454,4701,4743,4894,4957,4766,453
4927,463,458,4900,465,456,4934,4747,467,455,4866,-1
459,464,4894,460,4895,466,4745,-1,-1,-1,-1,-1
4927,465,461,4900,4934,458,467,5106,456,469,4747,4866
466,4894,462,468,4913,4915,470,459,4895,-1,-1,-1
463,467,4934,4927,461,4900,469,5106,5459,458,4866,-1
464,468,4894,470,4913,462,4915,472,5038,-1,-1,-1
465,469,5459,4934,5106,463,4927,475,5012,4900,461,5040
470,466,4913,472,464,5038,4894,473,4915,5031,471,-1
5459,467,475,5106,5012,465,5040,4934,4956,463,478,4927
472,468,5038,4913,473,466,5031,471,464,5015,4894,4915
473,474,5036,472,476,5031,5044,470,468,-1,-1,-1
470,473,5038,5031,468,471,4913,5036,466,5035,5015,5037
472,471,5031,5036,470,474,5038,468,5037,5035,5044,476
471,476,5036,5044,473,477,5051,5031,472,-1,-1,-1
5040,5459,478,469,5011,5012,5042,480,467,5130,-1,-1
474,5044,477,5036,471,479,5043,5051,473,-1,-1,-1
479,476,5044,5043,481,474,5205,5051,5036,-1,-1,-1
480,475,5011,482,5130,5040,5459,469,5042,5070,-1,-1
477,481,5043,5205,476,5044,483,5028,-1,-1,-1,-1
482,478,5130,5011,487,475,5070,5040,-1,-1,-1,-1
5205,479,483,477,485,5043,5013,5028,5029,-1,-1,-1
5130,480,487,478,5070,5011,490,5059,-1,-1,-1,-1
485,5013,481,5205,484,5029,5014,479,5030,5028,-1,-1
485,486,5014,483,5013,488,5101,5336,-1,-1,-1,-1
484,483,5013,5014,486,481,5205,5030,5029,-1,-1,-1
484,488,5014,5101,485,489,5336,-1,-1,-1,-1,-1
482,490,5130,5059,5070,480,493,5062,-1,-1,-1,-1
489,486,5101,484,5014,491,5336,5159,5158,-1,-1,-1
491,488,5101,5159,492,486,5158,494,-1,-1,-1,-1
487,493,5059,5062,482,496,5070,5130,-1,-1,-1,-1
492,489,5159,494,5212,488,495,5101,5214,5158,-1,-1
494,491,495,5159,5212,489,5213,-1,-1,-1,-1,-1
5062,490,496,5224,498,5059,487,5060,499,-1,-1,-1
495,492,5212,491,5159,5213,497,489,5214,-1,-1,-1
494,5213,5212,497,492,5159,5299,491,5220,5214,500,-1
498,5224,493,499,5062,5280,504,5060,490,5326,-1,-1
5213,500,5299,495,506,5310,5212,494,5220,-1,-1,-1
499,496,5224,504,5280,5326,493,509,5062,5060,5390,-1
498,504,5326,496,509,5280,5224,5390,5389,493,-1,-1
506,497,5310,5299,510,5213,5492,515,495,5311,-1,-1
503,508,5198,5197,5170,513,507,5183,5211,5206,502,517
5181,505,5183,507,512,511,503,5182,516,5129,5268,5170
501,507,5183,508,5170,502,512,5198,513,5181,5197,5129
499,509,5326,498,5389,5280,5390,514,496,5224,5495,-1
502,511,5181,5268,5182,512,5183,507,516,5199,5191,5129
510,500,5310,515,5492,5299,497,5311,518,-1,-1,-1
503,512,502,5183,516,501,511,508,5181,505,5170,513
501,513,5197,503,517,507,5198,5253,5200,5170,5201,5183
504,5326,5389,514,499,5495,5390,498,520,5280,5493,-1
506,515,5492,5310,500,518,5531,5530,5299,522,5311,-1
512,516,505,5199,502,5268,5298,519,507,5181,5182,5340
516,511,507,502,505,5199,519,5183,503,5181,5268,5298
508,517,5253,5197,5200,501,521,503,507,5201,525,5252
5495,520,509,5389,524,5493,504,5326,-1,-1,-1,-1
518,510,5492,5531,522,5530,506,5310,526,5311,500,-1
512,519,5199,511,507,523,502,505,5340,5298,5268,503
5253,513,521,525,508,5200,5252,5197,530,507,501,503
5531,522,515,5530,5492,526,510,528,5529,5310,506,5311
516,523,5199,5340,511,512,527,5298,507,5406,505,-1
524,514,5495,5493,529,5560,5389,509,532,5561,-1,-1
525,517,5253,5252,530,513,5200,508,534,5292,-1,-1
5531,518,526,5530,528,515,5529,5492,531,5540,510,-1
519,527,5340,5199,516,5406,533,5298,511,512,5341,-1
529,520,5560,532,5495,5493,514,5567,5561,5564,-1,-1
530,521,5252,517,5253,534,5292,513,539,-1,-1,-1
522,528,5531,5529,5530,518,531,5540,515,5492,5532,535
523,533,5406,5340,519,536,5199,5341,5364,516,-1,-1
526,531,5529,522,5531,5530,535,5532,518,5540,5539,-1
524,532,5560,5567,520,537,5564,5493,5561,5694,5495,-1
525,534,5292,5252,521,539,5253,5480,517,-1,-1,-1
528,535,5529,526,5532,5539,522,540,5530,5540,5531,5556
529,5567,537,5560,524,5694,5564,544,5677,520,-1,-1
536,5406,527,5364,538,523,5340,5341,-1,-1,-1,-1
539,530,5292,525,546,5491,5252,5480,521,-1,-1,-1
5539,540,531,5532,5556,528,5529,542,526,5369,-1,-1
533,538,5364,5406,541,5391,527,5366,5341,-1,-1,-1
544,5694,532,5567,547,5698,529,5677,5560,-1,-1,-1
541,536,5364,5391,543,533,5366,5406,5455,5392,-1,-1
534,546,5292,5491,530,548,5505,525,-1,-1,-1,-1
5539,542,535,5556,5532,5455,545,531,5369,5392,-1,-1
543,538,5391,5455,545,5364,536,5392,5366,542,-1,-1
545,540,5455,5556,5539,543,535,5392,5369,5391,541,5532
545,541,5455,5391,542,538,5392,5556,5366,5364,-1,-1
537,547,5694,5698,5567,532,5741,549,5677,-1,-1,-1
543,542,5455,541,5556,540,5391,5392,5539,-1,-1,-1
539,548,5491,5505,534,550,5292,-1,-1,-1,-1,-1
544,5698,549,5741,5694,537,5735,5677,551,5740,5567,-1
550,546,5505,5597,552,539,5491,-1,-1,-1,-1,-1
551,547,5735,5741,544,6210,5734,5698,553,5740,-1,-1
548,552,5597,5505,5716,546,555,5665,554,5524,-1,-1
5734,553,549,6210,5735,556,5839,557,5741,547,-1,-1
5716,550,5597,555,5665,554,548,5680,5505,5632,5524,-1
556,5734,551,557,5839,6210,5903,5735,549,560,5807,-1
555,558,5632,552,559,5716,5680,550,-1,-1,-1,-1
554,5632,552,5716,5680,558,550,559,5597,5665,5675,-1
553,557,5734,5839,5903,560,551,6210,5807,5735,-1,-1
556,5839,560,5903,553,5734,561,5807,6210,5869,551,-1
559,5632,554,555,562,5656,5675,5680,565,-1,-1,-1
558,562,5632,5656,5675,565,554,555,5658,5680,569,-1
5903,561,557,5839,556,5869,563,5807,5734,553,-1,-1
563,560,5903,5869,567,557,5807,5868,5839,5817,-1,-1
5656,565,559,5675,5658,569,558,5632,5682,5681,-1,-1
567,561,5869,5868,564,5903,560,5817,6007,5807,-1,-1
567,6007,568,5868,566,563,5843,5869,5817,5841,570,-1
562,569,5656,5658,559,5675,571,5729,5681,558,-1,-1
568,5841,6007,570,5908,5843,564,5831,572,5840,6039,5868
564,563,5868,568,6007,5869,561,5817,566,5843,-1,-1
566,564,6007,570,567,5841,5843,5868,5908,572,-1,-1
565,5658,571,562,5656,5729,573,559,5675,5681,-1,-1
572,5908,6039,566,568,574,5841,5923,5907,5840,6007,564
573,5729,569,5658,5728,565,575,5835,-1,-1,-1,-1
6039,574,570,5923,5908,576,5907,566,5924,568,-1,-1
575,5728,571,5729,577,5834,5835,578,569,5658,-1,-1
572,576,5923,6039,570,5924,5907,579,5908,-1,-1,-1
577,573,5728,578,5834,5966,5729,571,5835,6040,-1,-1
5923,574,579,5924,6039,572,581,6127,5907,5922,-1,-1
578,575,5966,5834,573,5728,583,6040,5848,-1,-1,-1
577,5966,583,575,5848,5834,6040,5850,573,5728,588,-1
581,576,6127,5924,586,5923,5972,574,5973,5976,5922,-1
584,5836,582,5919,5815,5838,587,5891,5894,585,5893,5892
586,579,6127,5972,5976,591,576,5924,5973,-1,-1,-1
5891,580,585,5838,584,587,5882,5836,592,5815,589,5919
5850,588,578,5966,5848,5849,577,590,6040,5861,-1,-1
580,5919,587,5836,582,5892,592,5894,585,5918,5891,5914
5891,589,582,5882,5890,587,593,592,5838,580,584,595
581,591,5976,5972,579,6127,6106,598,5979,-1,-1,-1
592,584,582,595,585,5918,5892,580,5891,5919,589,5836
590,5849,5850,583,594,5965,5848,5861,578,-1,-1,-1
593,5890,585,596,5882,5891,5989,5957,592,587,5881,582
5849,588,594,5965,5850,597,5861,583,5864,5995,5848,-1
5976,586,598,6106,581,602,5972,5979,-1,-1,-1,-1
595,587,5918,5892,585,601,584,582,589,6018,593,580
589,596,5890,5989,600,5957,585,5882,5988,604,592,595
5965,597,590,5849,5995,599,588,5864,5861,5850,603,-1
592,5918,601,587,6018,5892,607,6043,585,589,593,584
593,600,5989,589,604,5988,5957,5890,5887,606,585,601
599,594,5995,5965,603,6079,590,6005,5864,5849,609,-1
602,591,6106,605,5976,6077,586,608,6105,-1,-1,-1
597,603,5995,6079,594,6005,6062,609,5965,5864,5927,-1
596,604,5989,5988,593,606,5887,589,5957,6002,5890,601
607,595,6043,5918,592,6018,613,596,6057,587,600,593
605,598,6077,6106,608,6126,591,6076,6105,5976,617,-1
599,609,6062,6079,597,615,5995,6065,6066,622,594,-1
600,606,5988,596,5989,6002,5887,611,593,-1,-1,-1
602,608,6126,6077,6076,598,617,6106,6186,6105,-1,-1
604,5988,6002,611,600,5887,6001,618,5989,596,5879,5878
601,613,6043,6057,620,595,6042,626,-1,-1,-1,-1
6126,605,6076,617,602,6186,6077,624,6107,598,-1,-1
615,603,6065,622,6062,6066,599,625,6079,6114,597,-1
614,5877,619,5867,5879,612,5996,6030,627,6001,5865,5999
618,6001,606,6002,623,5996,5879,604,5988,629,6037,619
614,616,5999,6030,610,5867,5992,621,5998,5877,5866,619
620,6057,607,626,6043,6125,601,6097,631,6042,-1,-1
612,610,5867,619,6030,616,5877,5999,627,5996,5879,621
622,609,6065,625,6114,603,6066,6062,6103,628,6118,-1
5999,612,621,5998,614,5992,6030,630,6006,5990,5997,610
6126,624,6186,608,6200,605,633,6076,6107,602,-1,-1
623,611,6001,5996,629,6037,606,6002,5879,634,619,627
5996,610,627,5877,614,6037,5879,6001,623,629,618,5867
626,613,6057,631,6097,607,6125,636,-1,-1,-1,-1
5998,616,630,6006,5999,5997,612,632,5992,5990,614,-1
615,6065,6114,625,609,6118,6103,628,6066,6098,635,603
629,618,6037,5996,6001,634,611,627,619,5879,638,-1
633,617,6200,6186,6126,640,608,6284,6107,-1,-1,-1
628,622,6118,6114,635,615,6065,6098,609,6103,641,-1
631,620,6097,636,613,6057,6125,642,6124,607,-1,-1
6037,619,637,5996,634,629,638,623,610,614,6001,618
625,635,6118,622,6114,615,641,6098,-1,-1,-1,-1
634,623,6037,618,5996,627,638,6001,637,619,611,-1
632,6006,621,5998,616,639,5997,6016,6022,-1,-1,-1
626,636,6097,620,642,6124,613,6057,-1,-1,-1,-1
630,6006,639,6022,6016,621,645,5997,5998,-1,-1,-1
624,640,6200,6284,6275,617,646,6186,-1,-1,-1,-1
629,6037,638,637,623,627,5996,618,619,-1,-1,-1
6118,641,628,625,6114,6098,622,643,6103,-1,-1,-1
631,642,6124,626,6097,648,620,-1,-1,-1,-1,-1
638,627,634,6037,629,5996,619,-1,-1,-1,-1,-1
637,634,6037,627,629,623,-1,-1,-1,-1,-1,-1
645,6022,632,649,6053,630,6016,6006,6064,-1,-1,-1
646,633,6275,6284,6200,624,651,6240,6241,-1,-1,-1
643,6098,635,6118,644,6114,6116,647,625,628,6103,-1
648,636,6124,631,652,6194,6097,626,655,6140,-1,-1
644,641,6098,647,6116,6118,6119,635,650,6114,6218,654
647,643,6119,6116,650,6098,6219,641,6218,654,6117,6120
649,639,6022,6053,6064,632,653,-1,-1,-1,-1,-1
640,651,6275,6240,656,633,6284,6241,6195,6200,-1,-1
650,644,6218,6119,6219,643,654,6116,6192,641,6098,6120
652,642,6194,6124,655,636,6280,6140,6295,-1,-1,-1
645,653,639,6064,6053,6022,657,-1,-1,-1,-1,-1
6218,647,6219,654,6192,644,6119,6193,643,660,6137,6120
6240,656,646,6275,6195,658,640,6220,6241,-1,-1,-1
655,648,6194,6280,642,6295,659,6124,662,-1,-1,-1
6064,657,649,6096,645,6053,6146,6319,663,-1,-1,-1
6218,650,660,6193,647,6192,6219,644,643,664,-1,-1
652,659,6295,6280,6194,648,662,6296,6287,642,666,-1
658,651,6240,6220,6195,661,646,6275,665,-1,-1,-1
663,653,6146,6096,6064,6150,6161,649,668,-1,-1,-1
656,661,6220,665,651,6195,6291,6240,667,6189,-1,-1
6295,662,655,666,6280,6296,652,6287,6194,-1,-1,-1
6193,664,654,6218,6180,6192,650,669,6223,-1,-1,-1
665,658,6220,6291,667,656,671,6189,6221,6195,-1,-1
666,659,6295,6296,6280,655,670,6287,6281,652,-1,-1
6150,657,668,6146,6161,6160,653,675,-1,-1,-1,-1
669,660,6193,673,6223,6283,6180,654,-1,-1,-1,-1
661,667,6291,671,658,6221,6220,674,6189,656,6286,6222
662,6296,670,6295,659,6281,6287,672,6280,655,-1,-1
671,665,674,6291,6221,661,6286,6222,658,6220,6189,-1
6150,675,663,6160,6161,680,6146,6129,657,6178,-1,-1
673,664,6283,677,660,6223,681,-1,-1,-1,-1,-1
672,666,6281,6296,6282,662,676,6287,6295,6260,6206,6202
674,667,6221,6286,665,6291,678,661,6222,-1,-1,-1
6282,670,676,6281,6260,6202,6296,666,679,6287,6206,-1
677,669,6283,681,664,6288,683,6223,-1,-1,-1,-1
671,6286,678,667,6221,682,6285,665,6291,6278,6315,-1
680,6160,668,6129,6150,6155,684,6161,663,-1,-1,-1
6282,6260,672,679,6202,6281,6207,670,685,-1,-1,-1
673,681,6288,6283,669,683,6310,687,6264,-1,-1,-1
682,6315,674,6286,6285,686,671,6298,6221,6278,688,-1
685,676,6260,6261,6207,6282,6215,689,6262,672,6266,6202
6129,684,675,6136,6160,6155,690,668,-1,-1,-1,-1
683,677,6310,6288,687,673,692,6283,6297,6307,669,-1
6315,686,678,6285,688,6298,674,6286,691,-1,-1,-1
687,6310,681,692,6307,677,6288,6297,698,673,-1,-1
690,680,6136,6129,6205,696,675,6154,6155,6156,-1,-1
689,6261,679,6266,694,6262,6267,6215,700,676,-1,-1
682,688,6315,678,6298,691,6285,6242,-1,-1,-1,-1
692,683,6310,6307,681,698,6297,6288,677,6301,-1,-1
691,686,6315,6298,682,6242,693,6243,6285,678,-1,-1
685,694,6266,6261,700,6305,679,6302,6267,6262,-1,-1
6205,696,684,6136,701,6154,680,702,6129,6156,-1,-1
688,693,6242,6298,695,686,6315,6243,6237,682,6244,-1
687,698,6307,683,6310,707,6290,681,6301,6297,-1,-1
695,691,6242,6237,6244,688,699,6298,6243,6268,-1,-1
689,700,6266,6305,685,6302,6261,708,6267,-1,-1,-1
693,699,6244,6237,6242,6268,703,691,6236,6243,-1,-1
701,6205,690,702,6154,684,6136,697,-1,-1,-1,-1
6238,702,6154,704,6156,6234,701,705,6205,6235,6136,696
707,692,6307,6290,687,709,683,6301,6310,-1,-1,-1
703,695,6244,6268,6236,706,693,6237,6235,6242,-1,-1
694,708,6305,689,6306,6266,710,685,6302,-1,-1,-1
702,696,6205,6154,690,697,6136,704,6238,6156,-1,-1
701,697,6154,6205,704,6238,696,6156,690,6136,705,6234
6268,699,706,6235,6244,705,695,6236,6237,704,-1,-1
705,697,6238,702,706,6235,6154,6234,701,703,-1,-1
704,706,6235,6238,697,703,6268,6234,702,-1,-1,-1
705,703,6235,6268,704,699,6238,6244,6236,6234,697,-1
698,709,6290,711,692,6294,6307,712,-1,-1,-1,-1
710,700,6306,6305,713,694,6309,714,-1,-1,-1,-1
711,6294,707,712,6290,6289,698,716,6292,6293,-1,-1
6306,713,708,714,6309,6305,700,715,-1,-1,-1,-1
712,709,6294,716,6293,707,6289,6292,6290,728,730,-1
711,716,6294,6293,709,728,6292,730,6289,717,6290,707
714,710,6306,715,708,6309,720,-1,-1,-1,-1,-1
713,715,6306,710,6309,720,6314,708,6305,-1,-1,-1
720,714,6314,6309,724,713,6306,710,6303,6316,-1,-1
6293,728,712,730,711,6292,717,6294,709,6289,718,-1
718,6293,730,6292,728,716,719,6269,712,6270,6289,6294
717,719,6270,6292,721,730,6293,6269,728,716,6304,722
718,721,6270,722,717,6304,6269,6292,6259,730,723,-1
724,715,6314,729,714,6316,6309,6303,727,713,-1,-1
722,719,6304,6270,718,723,6299,6259,725,717,6269,-1
723,721,6304,6299,725,719,6270,6271,6308,6259,726,718
6299,722,725,6308,6304,726,721,6271,6318,727,719,-1
720,729,6316,6314,727,715,6318,6313,6309,6303,726,-1
726,723,6308,6299,722,727,6318,6271,6300,6304,721,729
727,725,6308,6318,723,729,6299,6316,6300,724,722,-1
726,729,6318,6316,724,725,6308,6300,6313,6314,720,723
730,716,6293,717,712,6292,711,718,6294,-1,-1,-1
727,724,6316,6318,726,720,6314,6313,725,-1,-1,-1
728,6293,717,716,718,6292,712,719,711,-1,-1,-1
732,733,735,734,739,736,742,737,744,738,746,740
735,731,733,739,734,742,736,744,737,746,738,748
734,732,735,731,739,736,742,737,738,744,746,740
733,736,732,737,735,731,739,738,742,740,744,741
732,739,733,731,742,734,736,744,737,746,738,748
737,734,738,733,735,732,739,740,731,742,741,744
736,738,734,740,733,741,735,732,739,731,742,743
737,740,736,741,734,743,733,735,745,732,739,731
735,742,732,744,733,734,731,746,736,748,737,738
741,738,743,737,736,745,747,734,733,749,739,742
740,743,738,745,737,747,736,749,734,733,751,739
739,744,735,746,732,748,733,734,736,731,750,737
741,745,740,747,738,749,737,751,736,753,734,755
746,742,748,739,735,750,732,733,736,752,734,731
747,743,749,741,751,740,753,738,755,737,736,757
744,748,742,750,739,752,735,754,732,736,733,6147
745,749,743,751,753,741,740,755,738,757,737,759
746,750,744,752,742,754,739,6147,756,735,758,736
747,751,745,753,755,743,741,757,759,740,761,738
752,748,754,746,744,756,758,742,6147,760,739,762
753,749,755,747,745,757,759,743,761,763,741,775
754,750,756,748,758,746,760,744,6147,762,742,766
751,755,749,757,759,747,761,745,763,743,775,774
752,756,758,750,760,748,762,6147,746,766,767,765
753,757,759,751,761,749,763,747,775,774,745,773
758,754,760,752,762,750,767,766,768,765,769,764
759,755,761,753,763,751,775,774,749,773,772,747
760,756,754,762,766,752,765,767,768,764,750,769
761,757,763,755,775,753,774,751,773,772,749,771
758,762,766,756,767,765,768,764,754,769,752,770
763,759,775,757,774,755,773,753,772,751,771,770
765,760,766,764,758,767,768,756,769,754,6147,770
761,775,759,774,757,773,755,772,771,753,770,751
765,762,766,760,767,758,768,6147,756,769,6145,754
766,762,764,767,760,768,758,769,756,770,754,6145
767,765,762,760,768,764,758,769,770,756,771,754
766,768,765,769,762,760,764,770,758,756,771,772
767,769,766,770,760,765,771,762,758,764,772,756
768,770,771,767,766,772,760,765,773,762,758,756
771,769,772,768,773,767,774,766,760,6159,756,758
772,770,769,773,774,768,767,775,6159,766,763,761
771,773,770,774,769,775,768,763,761,6159,759,767
774,772,771,775,770,763,761,769,759,768,6159,757
773,775,772,763,761,771,759,770,757,769,755,6159
774,763,773,761,772,759,771,757,770,755,769,753
777,781,778,780,779,787,782,792,783,3316,784,795
778,776,779,781,782,780,783,787,3316,784,792,785
777,779,776,782,781,783,780,784,3316,785,787,786
778,782,777,783,776,784,785,781,3316,786,780,788
781,787,776,792,777,778,795,3261,794,806,779,805
780,776,777,787,778,792,779,795,782,806,805,794
783,779,784,778,785,777,786,776,781,788,807,799
782,784,785,779,786,778,788,777,796,799,807,789
785,783,786,782,788,779,789,778,796,799,807,797
784,786,783,788,782,789,796,779,790,799,797,793
785,788,784,789,783,790,796,793,797,782,799,791
792,780,781,795,776,794,806,805,804,777,3261,803
789,786,790,796,793,785,797,791,784,799,783,808
788,790,793,791,797,786,796,785,799,784,808,783
791,793,789,788,797,796,786,785,799,784,808,783
790,793,789,797,788,796,786,799,785,784,808,783
787,795,794,780,805,804,806,803,781,798,802,809
790,791,789,797,788,796,786,799,785,808,784,807
795,798,803,802,804,792,805,801,806,800,787,809
794,792,804,805,803,798,806,802,787,801,809,780
797,799,788,793,789,808,790,786,807,791,785,784
796,793,789,799,788,790,791,808,786,785,807,784
802,803,801,794,800,804,795,805,792,806,787,809
808,796,807,797,788,816,789,793,786,785,790,815
801,802,798,803,794,804,795,805,792,806,3417,809
800,802,798,803,794,804,795,805,792,806,809,3417
798,803,801,800,804,794,795,805,806,792,809,787
802,804,798,794,805,801,795,806,800,792,809,787
805,803,795,806,802,794,798,801,792,809,800,810
804,806,803,795,809,794,802,792,798,810,801,787
805,809,804,810,795,803,792,811,794,802,787,798
808,816,799,815,814,796,813,797,784,788,785,783
807,799,816,796,815,797,814,788,785,789,793,784
810,806,811,805,812,804,813,803,795,792,3404,794
809,811,812,806,813,805,3404,814,804,795,792,815
810,812,809,813,814,806,3404,815,805,816,804,792
813,811,814,810,815,809,3404,816,806,807,805,808
812,814,815,811,810,816,3404,809,807,808,806,805
813,815,812,816,811,807,3404,810,808,809,799,782
816,814,813,807,812,808,811,3404,799,810,796,782
815,807,814,808,813,799,812,796,811,3404,797,783
823,821,820,822,819,818,826,828,-1,-1,-1,-1
825,822,827,821,860,817,829,862,-1,-1,-1,-1
820,840,1023,823,834,817,833,839,-1,-1,-1,-1
819,833,826,817,821,834,823,831,1023,836,-1,-1
817,824,826,818,825,820,822,-1,-1,-1,-1,-1
818,829,817,828,823,827,830,821,-1,-1,-1,-1
839,817,819,828,840,822,820,838,841,-1,-1,-1
821,863,832,851,825,826,942,-1,-1,-1,-1,-1
818,863,862,824,821,860,942,827,-1,-1,-1,-1
831,820,821,832,833,824,836,817,-1,-1,-1,-1
860,852,829,818,822,861,880,825,848,-1,-1,-1
830,837,839,823,822,829,838,844,817,-1,-1,-1
830,822,827,852,848,828,818,844,-1,-1,-1,-1
829,844,837,828,848,847,822,852,843,-1,-1,-1
836,826,835,833,832,849,820,948,946,-1,-1,-1
850,824,826,849,831,851,-1,-1,-1,-1,-1,-1
836,820,887,831,834,826,819,948,835,-1,-1,-1
1023,887,833,819,886,864,820,840,836,842,912,-1
946,836,831,920,849,948,918,919,938,833,-1,-1
833,948,887,835,831,920,912,834,826,946,820,-1
845,830,828,843,844,838,839,-1,-1,-1,-1,-1
839,845,858,841,837,846,828,840,823,-1,-1,-1
838,823,840,841,828,819,837,858,-1,-1,-1,-1
841,1023,839,819,823,842,834,838,858,-1,-1,-1
858,840,839,842,859,838,1023,846,875,823,-1,-1
1023,859,841,864,840,865,858,834,-1,-1,-1,-1
877,845,837,844,872,870,871,830,847,-1,-1,-1
847,830,837,843,870,848,883,829,828,-1,-1,-1
838,872,837,843,846,858,877,874,-1,-1,-1,-1
858,874,845,873,872,875,838,1174,841,-1,-1,-1
883,844,848,854,870,830,929,881,843,-1,-1,-1
847,852,830,829,854,853,844,883,827,-1,-1,-1
918,850,832,831,835,981,946,919,-1,-1,-1,-1
909,832,849,894,851,981,897,915,-1,-1,-1,-1
942,894,824,863,850,832,890,896,884,909,-1,-1
853,827,848,829,861,857,860,830,854,-1,-1,-1
852,856,857,854,848,861,855,900,-1,-1,-1,-1
856,929,883,847,853,848,903,1058,852,-1,-1,-1
856,1050,958,857,903,1057,959,853,-1,-1,-1,-1
855,853,903,857,854,929,958,-1,-1,-1,-1,-1
958,856,900,853,855,861,852,1050,959,913,-1,-1
841,846,875,859,838,873,839,842,845,840,-1,-1
842,858,875,841,869,865,-1,-1,-1,-1,-1,-1
827,880,862,818,825,861,885,852,-1,-1,-1,-1
900,880,852,857,853,860,827,898,-1,-1,-1,-1
885,860,880,863,825,884,942,889,818,-1,-1,-1
942,825,862,824,884,851,890,-1,-1,-1,-1,-1
886,868,1023,842,911,865,834,-1,-1,-1,-1,-1
868,859,867,869,842,866,864,-1,-1,-1,-1,-1
867,868,957,926,956,865,911,-1,-1,-1,-1,-1
866,878,869,865,956,868,1026,-1,-1,-1,-1,-1
911,866,926,865,864,886,867,957,-1,-1,-1,-1
867,875,859,879,878,865,873,-1,-1,-1,-1,-1
883,871,847,844,881,843,877,882,-1,-1,-1,-1
877,882,902,1003,870,881,876,843,904,-1,-1,-1
845,1174,877,876,874,846,843,-1,-1,-1,-1,-1
875,874,923,846,879,888,858,934,869,1174,-1,-1
1174,873,888,846,872,923,922,875,876,845,-1,-1
873,858,859,869,879,846,874,841,923,-1,-1,-1
1174,902,877,901,872,922,888,874,904,871,-1,-1
871,843,902,876,872,870,845,1174,-1,-1,-1,-1
867,1026,986,869,879,956,934,-1,-1,-1,-1,-1
934,869,873,875,878,923,986,935,-1,-1,-1,-1
860,885,898,862,861,900,891,827,-1,-1,-1,-1
883,882,930,929,1095,870,1241,847,1058,871,-1,-1
871,881,1154,1095,1003,870,883,930,-1,-1,-1,-1
847,881,929,854,870,844,930,848,882,-1,-1,-1
942,889,863,862,885,890,893,892,891,851,-1,-1
891,889,880,862,884,898,860,892,899,-1,-1,-1
912,864,887,911,910,834,868,1023,948,-1,-1,-1
836,834,912,948,886,833,1023,-1,-1,-1,-1,-1
922,1174,923,874,921,873,906,935,876,-1,-1,-1
892,884,885,891,893,932,862,931,942,890,-1,-1
942,896,894,895,884,893,851,897,863,889,-1,-1
885,932,889,899,892,898,1517,931,880,884,-1,-1
931,889,932,893,891,943,1017,885,884,944,-1,-1
889,892,944,895,890,884,943,896,942,-1,-1,-1
897,896,851,909,850,890,942,908,916,895,-1,-1
896,944,949,893,890,916,897,982,894,-1,-1,-1
897,895,890,894,916,908,909,942,949,893,851,944
896,908,894,916,909,917,915,895,890,850,-1,-1
880,899,900,885,891,913,861,-1,-1,-1,-1,-1
1517,891,1009,898,932,913,1016,885,900,-1,-1,-1
913,857,958,898,861,959,880,853,899,-1,-1,-1
905,904,922,907,876,906,902,1174,1068,-1,-1,-1
876,904,871,877,1003,901,1155,-1,-1,-1,-1,-1
856,1058,855,1056,929,854,1057,930,-1,-1,-1,-1
1155,1068,902,907,901,1003,905,876,1228,1153,871,-1
907,925,906,1008,901,924,922,904,1068,974,1067,-1
905,922,924,925,901,921,888,907,928,1008,-1,-1
1068,905,904,1008,1067,901,1155,925,906,1228,-1,-1
897,917,915,909,914,916,896,894,1092,984,941,-1
915,897,850,908,894,981,896,1092,914,851,-1,-1
955,912,911,1005,933,936,886,-1,-1,-1,-1,-1
868,926,886,910,864,933,912,866,1137,-1,-1,-1
886,948,887,936,910,955,911,920,836,834,-1,-1
900,1009,959,1190,958,899,898,1229,857,-1,-1,-1
940,915,908,917,941,939,1092,950,909,1347,-1,-1
1092,909,908,914,981,940,897,945,917,850,-1,-1
897,896,984,917,949,908,895,950,894,1018,-1,-1
950,908,984,941,916,914,897,1142,915,1007,-1,-1
919,946,849,981,1002,945,835,938,-1,-1,-1,-1
946,1002,918,938,947,835,920,945,962,963,849,-1
948,946,937,938,835,936,919,836,912,-1,-1,-1
924,935,888,906,951,927,922,923,-1,-1,-1,-1
888,906,1174,901,876,921,905,874,924,-1,-1,-1
888,873,935,934,874,879,921,1174,875,-1,-1,-1
906,927,928,925,921,905,953,922,951,974,-1,-1
905,924,974,928,906,1008,907,-1,-1,-1,-1,-1
1137,911,868,957,866,933,1038,-1,-1,-1,-1,-1
924,951,953,928,952,921,935,989,-1,-1,-1,-1
924,953,925,973,974,927,972,906,-1,-1,-1,-1
1058,883,930,854,881,903,847,856,1241,1056,-1,-1
1241,1058,929,881,1095,1165,1182,883,1056,903,882,-1
1017,932,892,943,995,997,996,1517,891,889,-1,-1
931,1517,891,892,899,995,1017,889,1016,1009,-1,-1
1137,1042,1005,926,910,911,1040,955,1038,-1,-1,-1
935,879,980,923,986,873,951,878,-1,-1,-1,-1
934,951,923,980,921,979,888,927,879,-1,-1,-1
955,937,912,948,920,910,954,1005,-1,-1,-1,-1
936,965,920,938,954,955,947,948,946,-1,-1,-1
919,947,946,920,937,1002,965,918,962,835,-1,-1
941,940,1347,1159,914,960,1093,1142,-1,-1,-1,-1
1347,1092,914,939,970,915,941,-1,-1,-1,-1,-1
950,1142,939,917,914,960,1007,940,984,961,908,-1
863,890,884,851,894,862,824,896,893,825,889,-1
944,1017,931,997,892,982,987,893,-1,-1,-1,-1
895,982,943,893,949,983,987,892,896,-1,-1,-1
963,1092,1002,981,918,970,919,969,915,-1,-1,-1
919,835,920,938,918,1002,948,849,836,937,947,831
938,962,964,1002,965,919,968,1078,937,946,963,-1
920,836,912,887,936,835,946,833,937,886,831,-1
983,944,895,1018,916,984,982,985,896,-1,-1,-1
1142,984,917,1007,941,1018,961,916,914,960,-1,-1
935,979,927,980,952,921,934,924,991,-1,-1,-1
990,979,1000,951,927,989,991,953,154,152,-1,-1
989,928,972,927,973,952,990,924,157,159,-1,-1
955,937,1044,1005,1070,965,936,1062,-1,-1,-1,-1
1005,936,910,954,937,912,1044,933,1042,-1,-1,-1
1026,867,866,957,1025,1024,878,-1,-1,-1,-1,-1
1025,926,866,1137,1038,956,1037,868,-1,-1,-1,-1
959,857,900,1050,855,913,1190,856,1210,-1,-1,-1
958,1190,1210,1050,913,900,1211,855,1009,857,-1,-1
1142,1234,961,1159,941,939,1144,1143,950,-1,-1,-1
1283,1142,1143,1088,960,1007,1144,1106,950,1284,1234,941
1078,947,978,963,1002,964,969,919,938,967,1034,-1
969,945,962,1002,978,970,971,1078,947,919,1092,-1
968,1078,947,967,962,965,966,1070,-1,-1,-1,-1
968,937,947,938,964,1070,954,-1,-1,-1,-1,-1
968,1133,967,1070,964,976,1094,1186,-1,-1,-1,-1
1078,975,964,976,1034,966,968,1035,962,1133,978,-1
964,1070,965,966,947,967,-1,-1,-1,-1,-1,-1
971,970,963,978,977,1292,1077,945,962,1347,-1,-1
969,940,1092,963,1347,945,977,971,978,-1,-1,-1
969,1292,1077,977,978,970,963,1034,1032,1252,1078,-1
989,159,994,161,953,973,157,163,165,928,990,154
972,928,994,974,993,992,953,989,-1,-1,-1,-1
992,925,1008,973,928,1066,905,993,1071,924,-1,-1
1035,967,976,1034,1033,1078,1032,1194,1292,-1,-1,-1
975,1186,1133,1194,967,966,1033,1035,1442,-1,-1,-1
971,1093,1422,969,1347,1077,1252,970,1292,-1,-1,-1
1078,971,1292,969,962,963,1034,1077,967,970,-1,-1
991,980,951,998,952,935,1001,1000,-1,-1,-1,-1
979,934,935,951,998,986,991,-1,-1,-1,-1,-1
915,909,918,945,1092,850,849,-1,-1,-1,-1,-1
983,987,944,949,988,943,985,997,1011,895,1018,-1
985,982,1018,949,988,987,1022,944,984,1004,-1,-1
1018,950,917,916,949,1007,983,1142,941,1022,908,985
983,1022,1018,1004,988,982,1006,949,1007,984,-1,-1
934,878,980,1083,1026,998,879,-1,-1,-1,-1,-1
982,997,1012,1011,988,943,983,1096,944,1017,-1,-1
1011,985,983,987,1004,982,1021,1012,1018,-1,-1,-1
157,990,953,972,159,154,952,161,152,1000,927,973
154,989,152,1000,157,952,159,953,991,972,999,150
979,1001,1000,999,998,952,1081,990,980,1064,152,951
993,974,1071,1075,1066,973,994,1008,-1,-1,-1,-1
167,994,992,1075,169,165,973,172,163,1071,972,974
165,163,972,167,993,161,973,159,169,992,-1,-1
1517,996,1017,931,1016,932,1013,1015,-1,-1,-1,-1
1096,1017,1013,995,997,1014,931,1010,1012,1079,1015,-1
1017,1096,987,1012,996,943,931,1010,1011,982,-1,-1
1081,1082,979,980,1001,1083,991,986,-1,-1,-1,-1
1000,1064,1001,991,150,152,1065,1116,148,1081,990,-1
152,999,990,991,154,952,150,1001,1064,979,989,157
1081,1065,999,991,1064,998,1082,1000,979,1089,1127,-1
919,962,963,947,945,918,938,946,-1,-1,-1,-1
1155,871,904,902,1154,882,1153,1068,-1,-1,-1,-1
985,1020,1019,1022,988,1006,1021,983,1018,1011,-1,-1
955,1042,1044,933,910,954,936,1457,-1,-1,-1,-1
1055,1020,1022,1106,1088,1031,1004,1125,985,1019,1283,-1
950,1142,1088,1022,1018,984,961,941,1283,985,917,-1
905,907,925,974,1066,1067,1068,906,992,1072,-1,-1
1517,1229,899,1016,1190,913,1053,959,932,1211,-1,-1
1096,1049,1054,1012,1014,1047,997,1011,996,1139,1138,1048
1012,988,1047,1021,987,1010,1030,997,982,1096,1004,-1
1096,1011,1010,997,987,1047,1049,996,988,1014,1017,1021
1015,1079,996,1014,1052,995,1096,1016,-1,-1,-1,-1
1079,1096,1054,1010,1013,996,1138,1049,1012,-1,-1,-1
1053,1013,1016,1051,1052,995,1517,1229,1079,1059,1393,996
1517,1053,1015,1009,1229,995,1051,899,932,1013,1393,1190
931,997,996,943,995,1096,932,892,987,1012,-1,-1
984,985,983,1022,1007,949,950,988,916,982,1004,1088
1020,1028,1021,1004,1027,1030,1029,1031,1006,-1,-1,-1
1019,1031,1006,1004,1027,1055,1028,1021,1022,1029,-1,-1
1019,1011,1030,1047,1004,988,1028,1020,1012,-1,-1,-1
985,1088,1006,1018,1007,1004,983,1106,1020,984,-1,-1
834,840,842,819,864,841,886,820,887,-1,-1,-1
1312,1097,1025,1036,956,1026,1115,-1,-1,-1,-1,-1
957,1036,1037,1038,1024,956,1097,1137,1039,-1,-1,-1
1312,1083,878,956,1024,986,1090,867,-1,-1,-1,-1
1029,1031,1020,1019,1028,1087,1069,1196,1055,1198,-1,-1
1019,1030,1196,1029,1046,1027,1021,1020,-1,-1,-1,-1
1027,1196,1198,1087,1028,1197,1019,1195,1046,1031,1020,-1
1048,1028,1047,1021,1046,1019,1049,1011,1196,-1,-1,-1
1055,1020,1027,1141,1006,1069,1125,1106,1019,1029,-1,-1
1035,1292,1221,1077,1034,1222,971,975,1252,1170,-1,-1
1035,975,1173,1194,1074,976,1222,1172,1034,-1,-1,-1
1292,975,1078,1035,1032,967,978,971,1077,962,1033,-1
1032,975,1033,1222,1034,1292,1074,1221,967,976,-1,-1
1037,1097,1099,1025,1098,1024,1176,1038,1039,-1,-1,-1
1036,1038,1039,1098,1025,1099,957,1137,1043,1097,1040,-1
1137,1037,1039,957,1025,1040,1036,926,1098,933,-1,-1
1037,1043,1038,1040,1098,1137,1121,1041,1036,1025,-1,-1
1039,1042,1137,1038,1457,1041,1043,933,1037,-1,-1,-1
1120,1457,1043,1118,1132,1040,1745,1039,1045,1042,-1,-1
1005,1457,1040,1044,933,1137,1045,955,1041,-1,-1,-1
1039,1041,1118,1121,1119,1098,1040,1037,1120,-1,-1,-1
1045,1005,1042,1457,1062,954,955,-1,-1,-1,-1,-1
1063,1457,1044,1132,1062,1130,1042,1041,-1,-1,-1,-1
1342,1196,1030,1048,1166,1028,1197,1746,1029,1298,-1,-1
1049,1011,1030,1010,1012,1048,1021,1054,1096,-1,-1,-1
1049,1030,1139,1046,1166,1047,1054,1342,1010,1169,-1,-1
1054,1010,1048,1047,1139,1030,1012,1138,1014,1096,-1,-1
855,959,958,1210,1109,1057,1231,857,1190,-1,-1,-1
1053,1059,1393,1085,1015,1052,1229,1016,1100,1061,-1,-1
1079,1059,1015,1051,1061,1060,1013,1053,-1,-1,-1,-1
1051,1229,1016,1393,1015,1009,1211,1085,1059,1052,1517,-1
1049,1138,1010,1014,1139,1096,1079,1168,1047,1048,-1,-1
1031,1125,1106,1006,1141,1020,1329,1284,1088,1283,1069,1027
1058,1108,1164,903,1057,1165,930,1344,929,1110,-1,-1
1108,855,1056,1050,1109,1110,903,1058,-1,-1,-1,-1
1056,930,929,903,1165,1241,1164,881,1108,854,1057,-1
1051,1100,1061,1085,1052,1084,1086,1053,1393,1015,-1,-1
1079,1103,1061,1117,1052,1138,-1,-1,-1,-1,-1,-1
1059,1103,1086,1060,1100,1052,1051,1079,1104,-1,-1,-1
1045,1070,1130,1044,1094,1063,954,-1,-1,-1,-1,-1
1130,1045,1132,1131,1156,1062,1745,1135,1457,-1,-1,-1
1116,999,1065,1001,1127,148,150,146,1679,144,1000,1081
1081,1127,1001,1089,1064,999,1116,1082,1679,1129,-1,-1
1071,1008,1072,992,1073,974,1067,-1,-1,-1,-1,-1
1257,1068,1072,1008,907,1228,1066,1107,905,1155,1258,-1
1155,907,1228,904,1067,1257,1153,1008,905,901,1003,-1
1141,1140,1087,1031,141,1027,139,143,1055,145,1329,1125
968,1062,966,965,1094,954,964,-1,-1,-1,-1,-1
1075,1073,992,1066,1080,1076,993,1072,974,-1,-1,-1
1257,1107,1073,1299,1067,1066,1258,1071,1008,-1,-1,-1
1072,1071,1080,1299,1185,1066,1107,1187,1315,-1,-1,-1
1278,1172,1222,1173,1033,1171,1035,1510,1309,1170,-1,-1
1076,1071,172,993,169,992,1080,174,167,1136,176,-1
174,172,1136,176,1075,1080,177,1188,169,1071,1187,179
1292,1252,971,1032,1221,977,1422,969,978,1034,-1,-1
962,978,967,1034,964,1292,947,975,963,971,-1,-1
1014,1060,1013,1052,1138,1054,1015,996,1061,-1,-1,-1
1136,1073,1076,1071,1187,1075,1185,1189,172,1188,174,-1
1082,1001,1065,1089,998,1090,1083,991,1064,1127,999,1091
1081,1090,1083,998,1089,1091,1065,1001,1312,-1,-1,-1
1082,1312,1026,1090,986,998,1081,-1,-1,-1,-1,-1
1126,1100,1101,1145,1085,1059,1147,1317,1146,1086,-1,-1
1126,1084,1393,1059,1051,1100,1146,1053,1145,-1,-1,-1
1102,1100,1061,1105,1104,1103,1101,1113,1059,1084,-1,-1
1140,1195,1198,1029,1069,1027,147,145,143,1196,-1,-1
1283,1106,1007,1022,961,1006,1142,1055,1143,1125,1284,1018
1065,1091,1081,1128,1082,1090,1127,1129,1267,1001,-1,-1
1091,1082,1312,1083,1115,1089,1081,1267,1128,1026,-1,-1
1267,1090,1128,1089,1115,1335,1082,1205,1312,1129,1081,-1
915,940,945,970,914,981,909,908,963,-1,-1,-1
1422,1347,1159,1354,977,1285,939,1252,1254,-1,-1,-1
1133,1130,1135,1062,1134,1070,966,1186,-1,-1,-1,-1
1241,1183,930,1154,881,882,1182,1165,-1,-1,-1,-1
996,1010,1012,997,1014,1017,1054,987,1013,1047,1049,1011
1036,1176,1099,1115,1024,1205,1312,1025,1037,1098,-1,-1
1121,1037,1099,1039,1036,1043,1175,1038,1119,1097,-1,-1
1036,1176,1097,1175,1098,1037,1121,1177,-1,-1,-1,-1
1084,1059,1086,1061,1101,1085,1105,1126,1051,1145,-1,-1
1084,1105,1260,1100,1145,1317,1086,1126,1102,1261,-1,-1
1113,1104,1086,1114,1105,1523,1103,1261,1101,-1,-1,-1
1104,1061,1060,1111,1117,1086,1102,1201,-1,-1,-1,-1
1102,1111,1103,1114,1112,1086,1113,1124,1061,-1,-1,-1
1113,1101,1102,1261,1260,1086,1523,1100,1114,-1,-1,-1
1283,1055,1125,1088,1006,1284,1143,1031,1141,961,1022,1329
1257,1299,1258,1265,1072,1315,1264,1073,1228,1067,-1,-1
1056,1344,1110,1057,1164,1362,1109,1348,1165,1058,-1,-1
1231,1110,1050,1057,1210,1319,1230,1108,1271,-1,-1,-1
1108,1109,1344,1319,1348,1057,1231,1056,-1,-1,-1,-1
1201,1104,1112,1103,1199,1117,1160,1193,1255,-1,-1,-1
1124,1199,1111,1255,1114,1104,1268,1201,1123,-1,-1,-1
1523,1102,1105,1114,1261,1324,1122,1086,1104,1260,1124,-1
1124,1113,1102,1523,1104,1112,1122,1123,1105,-1,-1,-1
1097,1267,1091,1312,1205,1090,1176,1024,1335,-1,-1,-1
146,1679,1064,144,148,1127,142,1151,1065,150,999,140
1160,1201,1111,1168,1060,1138,1103,1167,-1,-1,-1,-1
1120,1119,1148,1041,1043,1149,1745,1132,1121,-1,-1,-1
1121,1118,1148,1270,1244,1043,1098,1245,-1,-1,-1,-1
1745,1118,1132,1041,1149,1156,1148,1457,1043,-1,-1,-1
1098,1119,1244,1043,1175,1099,1039,1270,1118,-1,-1,-1
1523,1123,1124,1518,1324,1524,1114,1113,1332,-1,-1,-1
1124,1332,1122,1268,1518,1519,1330,1114,1112,1523,-1,-1
1123,1114,1112,1268,1122,1523,1332,1255,1104,1113,1518,-1
1055,1106,1329,1284,1141,1283,1031,1150,1275,1006,1143,1088
1084,1147,1145,1085,1146,1393,1272,1320,1100,1101,-1,-1
1679,1065,1116,1151,1129,1064,1089,144,142,146,1081,1128
1335,1129,1267,1091,1089,1212,1205,1207,1127,1090,1152,-1
1128,1151,1127,1152,1212,1089,1679,1335,1065,1091,1413,1267
1063,1135,1094,1131,1062,1045,1134,1157,-1,-1,-1,-1
1157,1063,1156,1135,1130,1158,1745,1132,1213,1161,-1,-1
1745,1120,1063,1045,1457,1041,1156,1131,1149,1118,-1,-1
1186,1094,966,1134,976,1442,1194,1135,967,-1,-1,-1
1186,1133,1135,1468,1213,1442,1094,1130,-1,-1,-1,-1
1130,1213,1134,1131,1157,1094,1063,1468,1133,1282,-1,-1
1188,1076,1187,1080,1189,176,177,174,179,181,172,182
1038,933,926,957,1040,1039,1042,1037,1025,911,-1,-1
1054,1079,1168,1117,1060,1014,1139,1049,1010,1160,-1,-1
1049,1168,1054,1048,1169,1166,1138,1010,1167,-1,-1,-1
145,143,1087,147,1069,141,1195,139,149,1141,-1,-1
1125,1069,1329,1055,1031,139,137,1150,1106,141,1284,1140
950,961,941,1007,960,1088,917,939,984,1283,-1,-1
1283,1144,1374,1284,961,1106,1275,1088,1233,1125,1234,960
1143,1234,1374,1233,1232,961,960,1283,1285,1284,-1,-1
1084,1126,1317,1272,1147,1101,1085,1260,1408,1100,1146,-1
1126,1230,1393,1211,1320,1147,1085,1084,1231,1145,-1,-1
1126,1320,1272,1421,1145,1146,1271,1084,1230,1409,-1,-1
1245,1270,1119,1118,1246,1149,1262,1120,-1,-1,-1,-1
1745,1120,1163,1246,1148,1118,1156,1132,1245,-1,-1,-1
135,1329,134,1275,137,132,139,1284,1125,1141,1273,1374
1679,1152,140,142,1129,1127,138,144,1116,1413,146,136
1413,1151,138,1129,136,140,1378,1212,133,142,1679,1458
1155,1154,1259,1228,1352,1003,1068,1183,904,-1,-1,-1
1183,1153,1095,882,1003,1352,1155,-1,-1,-1,-1,-1
1068,1153,904,1003,1228,907,1154,902,1259,1067,-1,-1
1745,1131,1158,1132,1149,1163,1063,1120,1157,-1,-1,-1
1131,1282,1161,1213,1135,1158,1184,1180,1156,1130,1394,-1
1180,1161,1156,1163,1157,1131,1162,1745,-1,-1,-1,-1
1093,1234,1285,939,1354,960,1347,1422,-1,-1,-1,-1
1201,1167,1168,1193,1117,1199,1111,1169,1191,1200,1138,-1
1184,1180,1282,1157,1158,1216,1455,1235,1162,1213,1218,1131
1180,1218,1163,1181,1178,1158,1246,1216,1161,-1,-1,-1
1162,1149,1246,1158,1181,1156,1745,1180,-1,-1,-1,-1
1362,1165,1108,1344,1056,1343,1058,1364,-1,-1,-1,-1
1241,1164,1058,1182,930,1056,1343,1095,1108,1362,-1,-1
1169,1342,1048,1192,1298,1046,1139,1200,1746,-1,-1,-1
1160,1200,1169,1193,1191,1168,1201,1192,1139,1357,1199,1117
1160,1139,1167,1169,1117,1138,1201,1054,1193,1200,-1,-1
1167,1166,1200,1192,1168,1139,1160,1298,1191,1048,-1,-1
1204,1171,1222,1221,1203,1223,1239,1253,1074,1032,-1,-1
1278,1309,1203,1170,1074,1222,1238,1204,1510,-1,-1,-1
1281,1173,1278,1510,1074,1209,1443,1280,1309,1279,1033,-1
1172,1194,1443,1033,1074,1209,1281,1278,1442,-1,-1,-1
876,874,888,922,872,901,846,877,923,873,-1,-1
1099,1206,1237,1121,1176,1244,1177,1098,-1,-1,-1,-1
1097,1099,1177,1205,1115,1175,1036,1206,1267,-1,-1,-1
1206,1205,1176,1208,1207,1175,1335,1236,1099,1267,1237,-1
1217,1227,1220,1218,1181,1219,1162,1179,-1,-1,-1,-1
1218,1214,1215,1217,1216,1180,1235,1178,1483,1226,-1,-1
1161,1162,1218,1216,1158,1184,1179,1163,1157,-1,-1,-1
1246,1227,1162,1178,1263,1163,1218,1245,1220,-1,-1,-1
1241,1183,1355,1165,1343,1095,930,1363,-1,-1,-1,-1
1182,1352,1095,1355,1154,1241,1153,1328,-1,-1,-1,-1
1455,1161,1282,1235,1216,1180,1462,1394,1157,1395,-1,-1
1187,1315,1299,1297,1073,1080,1243,1189,1136,-1,-1,-1
1133,1442,1194,1134,976,1443,1468,966,1094,-1,-1,-1
1189,1185,1136,1080,1243,1188,1242,1297,1073,1076,1315,-1
181,179,1136,177,1189,182,176,1076,174,1187,1242,184
1187,1242,1188,1136,182,181,1243,184,179,1185,1294,177
959,1229,1211,1009,913,1210,958,1230,1393,1050,1016,-1
1200,1193,1359,1167,1357,1256,1358,1192,1160,1199,1169,1416
1200,1298,1401,1169,1357,1166,1167,1342,1191,1400,1746,-1
1199,1201,1167,1191,1160,1256,1200,1255,1111,1168,1359,-1
1186,1173,1443,1442,976,1033,975,1133,1209,-1,-1,-1
1311,149,1198,147,1310,1087,145,1140,151,1029,1314,-1
1029,1197,1046,1198,1028,1342,1027,1030,1310,1746,1087,-1
1746,1196,1342,1198,1313,1310,1046,1029,1298,1400,-1,-1
1029,1310,1195,1196,1197,1087,1311,1313,1027,-1,-1,-1
1255,1201,1193,1112,1111,1256,1160,1268,1191,1331,1167,-1
1192,1167,1191,1169,1357,1193,1401,1298,1359,1160,1166,1168
1160,1111,1199,1193,1117,1167,1168,1112,1255,1103,-1,-1
1307,1309,1238,1368,1308,1306,1510,1369,-1,-1,-1,-1
1239,1204,1238,1171,1170,1240,1309,1253,-1,-1,-1,-1
1170,1239,1253,1203,1223,1251,1171,1385,1221,1240,-1,-1
1267,1177,1335,1176,1207,1115,1091,1128,1097,1208,1206,-1
1177,1236,1237,1208,1175,1176,1250,1207,1249,1205,-1,-1
1335,1288,1205,1208,1177,1212,1267,1392,1128,1458,1206,-1
1392,1207,1206,1236,1288,1177,1249,1351,1205,-1,-1,-1
1443,1281,1280,1301,1172,1173,1456,1442,1194,1510,-1,-1
1230,959,1050,1211,1231,1190,1109,958,-1,-1,-1,-1
1230,1229,1190,1393,1210,1146,959,1053,1231,1320,1009,-1
1335,1458,1288,1152,1128,1129,1207,1378,1413,1267,-1,-1
1468,1282,1135,1157,1394,1134,1442,1131,1161,1455,-1,-1
1291,1179,1217,1483,1226,1215,1218,1289,1219,1604,1290,-1
1179,1463,1214,1235,1604,1483,1216,1537,1217,1218,-1,-1
1184,1180,1179,1235,1218,1161,1215,1455,1162,1282,-1,-1
1214,1179,1178,1219,1226,1218,1291,1220,1215,-1,-1,-1
1179,1162,1180,1217,1216,1178,1214,1181,1215,1161,-1,-1
1220,1226,1225,1217,1178,1224,1227,1214,1290,1291,-1,-1
1227,1219,1225,1336,1178,1217,1511,1263,1181,1226,1224,-1
1032,1223,1077,1252,1170,1222,1035,1292,1204,-1,-1,-1
1035,1074,1170,1032,1221,1033,1171,1278,-1,-1,-1,-1
1251,1204,1221,1253,1170,1252,1254,1239,1353,-1,-1,-1
1290,1225,1513,1514,1226,1219,1372,1220,1291,1511,-1,-1
1511,1220,1219,1514,1224,1336,1227,1226,1617,1496,1513,-1
1291,1219,1290,1217,1214,1224,1289,1483,1225,1220,1179,-1
1220,1263,1181,1178,1336,1780,1219,1225,1246,-1,-1,-1
1068,1257,1155,1258,1259,1153,1067,1107,904,907,-1,-1
1053,1190,1009,1211,1393,1016,1051,1517,1015,913,-1,-1
1211,1231,1320,1210,1146,1271,1109,1393,1147,1190,-1,-1
1230,1109,1320,1271,1319,1210,1110,1211,1050,1146,-1,-1
1285,1233,1234,1286,1274,1287,1144,1354,1374,-1,-1,-1
1273,1374,1232,1274,1373,1144,1275,1143,130,1234,1286,132
1144,1285,960,1159,1232,1354,1143,961,1233,-1,-1,-1
1184,1462,1216,1463,1455,1215,1179,1538,1161,1282,-1,-1
1206,1247,1249,1250,1208,1237,1392,1177,1548,1248,-1,-1
1206,1250,1244,1236,1175,1269,1177,-1,-1,-1,-1,-1
1202,1203,1309,1306,1240,1308,1171,1239,1307,1368,-1,-1
1204,1240,1253,1203,1385,1238,1170,1461,1386,1251,1223,1384
1239,1384,1306,1385,1203,1238,1386,1204,1253,1346,-1,-1
1182,930,1165,1095,1183,1058,881,1343,929,1355,-1,-1
1189,1333,184,1294,182,1243,187,1187,181,1188,189,1334
1297,1294,1242,1187,1189,1185,1296,1295,1333,1315,1334,-1
1121,1237,1270,1119,1269,1175,-1,-1,-1,-1,-1,-1
1262,1246,1148,1270,1263,1780,1181,1667,1149,1269,1119,-1
1245,1181,1148,1163,1149,1263,1262,1162,1227,1270,-1,-1
1548,1248,1249,1236,1250,1305,1293,1304,1303,-1,-1,-1
1302,1247,1305,1249,1303,1304,1338,1548,1337,1392,1236,-1
1392,1247,1236,1303,1248,1208,1351,1288,1206,-1,-1,-1
1548,1247,1237,1236,1293,1269,1305,1206,-1,-1,-1,-1
1253,1353,1223,1461,1254,1204,1385,1239,1252,1287,1459,-1
1422,1077,1254,1221,1223,977,1093,971,1032,1354,1251,1292
1204,1251,1239,1385,1461,1223,1203,1353,1170,1240,1460,-1
1251,1422,1353,1252,1354,1287,1223,1093,1461,-1,-1,-1
1199,1331,1268,1256,1112,1193,1124,1330,1415,1201,1111,-1
1358,1255,1191,1193,1359,1331,1415,1199,1414,-1,-1,-1
1107,1258,1072,1228,1067,1068,1299,1259,1265,-1,-1,-1
1107,1257,1264,1259,1228,1265,1072,1266,1299,1067,-1,-1
1258,1266,1153,1228,1352,1264,1257,1155,-1,-1,-1,-1
1444,1317,1261,1101,1105,1316,1318,1145,1113,-1,-1,-1
1113,1523,1324,1444,1260,1105,1318,1102,1322,1101,-1,-1
1245,1667,1780,1270,1263,1269,1148,1293,1246,1512,1668,-1
1780,1227,1245,1181,1262,1246,1336,1220,1667,1512,-1,-1
1258,1276,1266,1265,1259,1277,1107,1325,-1,-1,-1,-1
1107,1315,1339,1264,1258,1299,1277,1257,1297,1276,1391,-1
1276,1259,1264,1328,1325,1352,1258,-1,-1,-1,-1,-1
1091,1205,1335,1128,1115,1207,1090,1089,1176,1177,1212,1129
1255,1124,1123,1330,1331,1332,1112,1199,-1,-1,-1,-1
1270,1250,1293,1262,1244,1237,1667,1548,1245,-1,-1,-1
1245,1148,1269,1262,1244,1119,1121,1667,1246,-1,-1,-1
1320,1356,1319,1231,1421,1437,1230,1147,1410,1109,-1,-1
1409,1145,1147,1408,1317,1421,1126,1410,-1,-1,-1,-1
132,130,1233,1275,1374,1373,134,128,1150,1274,135,1284
1286,1373,1498,1233,1434,1232,1273,125,1287,128,1433,-1
1150,134,132,1374,1273,1284,1329,135,137,130,1125,1143
1325,1264,1277,1266,1327,1501,1328,1326,1265,-1,-1,-1
1276,1391,1339,1326,1264,1265,1327,-1,-1,-1,-1,-1
1510,1074,1309,1172,1171,1281,1368,1173,1222,-1,-1,-1
1383,1368,1281,1510,1528,1280,1369,1505,1504,1172,1307,1309
1281,1383,1504,1301,1209,1279,1510,1172,1505,1439,1528,-1
1280,1172,1510,1209,1279,1383,1278,1173,1301,1368,1504,1443
1184,1394,1161,1213,1455,1157,1468,1395,1235,1216,1135,-1
1106,1143,961,1088,1284,1125,1374,1055,1144,1006,1007,1142
1125,1143,1283,1275,1374,1106,1329,1150,1055,1141,961,1144
1354,1234,1232,1287,1159,1093,1286,1144,1422,-1,-1,-1
1498,1287,1274,1232,1459,1353,1434,1285,1433,1233,-1,-1
1286,1353,1285,1354,1254,1232,1459,1498,1274,1251,-1,-1
1458,1207,1392,1351,1208,1212,1335,1349,1378,1249,-1,-1
1291,1590,1483,1599,1290,1588,1214,1226,1605,1371,-1,-1
1590,1291,1226,1372,1224,1289,1371,1219,1214,1483,-1,-1
1226,1289,1214,1483,1290,1590,1217,1599,1219,1224,-1,-1
971,1034,1077,1032,978,969,1078,1035,977,1221,975,1252
1548,1667,1668,1250,1269,1441,1305,1262,1247,1512,-1,-1
1333,1334,1243,1242,1295,189,187,184,1296,1297,1189,192
1334,1294,1340,1296,1341,1377,1243,192,1333,189,1297,1508
1340,1297,1295,1391,1339,1508,1243,1294,1315,1341,-1,-1
1315,1243,1339,1296,1185,1187,1299,1294,1391,1295,1265,-1
1192,1746,1342,1401,1400,1166,1197,1200,1313,1169,1357,1507
1107,1315,1185,1072,1073,1265,1257,1297,1258,1339,-1,-1
1395,1439,1301,1456,1454,1394,1502,1504,1462,1455,-1,-1
1300,1280,1504,1439,1209,1456,1281,1383,1443,1395,-1,-1
120,118,1248,1338,1337,1304,1303,122,116,1305,124,1350
1338,1392,1350,1249,1351,1248,1302,122,120,124,1349,1247
1337,1305,1440,1302,1248,1476,116,114,118,1441,1247,1548
1548,1304,1440,1247,1248,1441,1293,1250,1337,1302,1476,-1
1360,1384,1240,1308,1346,1238,1202,1406,-1,-1,-1,-1
1202,1369,1368,1308,1370,1309,1238,1345,1279,-1,-1,-1
1307,1202,1360,1306,1345,1370,1238,1368,1346,-1,-1,-1
1202,1278,1510,1368,1171,1238,1203,1307,1172,1074,1279,-1
1311,1313,1198,1195,1197,1314,149,151,1746,1579,1196,-1
151,1310,149,1195,1314,153,1313,1198,147,155,1579,-1
1090,1024,1026,1083,1115,1082,1091,1097,-1,-1,-1,-1
1579,1746,1310,1400,1314,1197,1311,1530,1342,1298,1507,1198
153,1311,1579,1530,151,155,1313,1310,156,158,149,1400
1297,1299,1339,1265,1185,1107,1243,1296,1073,1187,1391,-1
1444,1323,1382,1408,1317,1380,1260,1318,-1,-1,-1,-1
1145,1260,1272,1408,1316,1101,1444,1084,1409,-1,-1,-1
1444,1322,1321,1324,1261,1323,1260,1627,1316,1524,1523,1686
1271,1110,1231,1348,1437,1356,1109,1320,-1,-1,-1,-1
1271,1230,1147,1231,1146,1421,1126,1319,1356,1211,-1,-1
1627,1323,1318,1322,1379,1444,1686,1380,1428,-1,-1,-1
1686,1318,1321,1324,1524,1627,1425,1323,1687,1444,1426,1261
1321,1444,1380,1316,1318,1379,1382,1322,1627,-1,-1,-1
1523,1524,1261,1322,1318,1122,1113,1686,1444,-1,-1,-1
1276,1501,1485,1328,1266,1327,1264,-1,-1,-1,-1,-1
1391,1327,1508,1445,1509,1277,1558,1276,1339,-1,-1,-1
1326,1276,1558,1501,1325,1509,1277,1391,1706,-1,-1,-1
1355,1266,1325,1485,1363,1352,1183,1276,-1,-1,-1,-1
1150,1125,1141,137,135,1275,1284,139,134,1055,1106,132
1332,1331,1563,1268,1520,1123,1519,1634,1415,1255,-1,-1
1415,1330,1255,1268,1563,1256,1358,1332,1486,1199,-1,-1
1123,1519,1330,1520,1268,1518,1124,1612,1331,1122,1563,-1
187,1294,189,1242,184,1334,1243,1295,192,182,1189,-1
189,192,1295,1294,1333,1377,187,1341,1242,195,1243,1340
1207,1267,1128,1205,1212,1091,1288,1129,1177,1115,-1,-1
1220,1780,1227,1511,1512,1225,1496,1263,-1,-1,-1,-1
116,1304,114,118,1302,1476,113,1440,120,1248,1305,-1
122,120,124,1303,1350,1302,126,118,1248,1690,1351,127
1391,1315,1297,1265,1296,1277,1508,1299,1326,-1,-1,-1
1341,1508,1296,1295,1375,1391,1377,1445,1376,1334,-1,-1
1340,1377,1375,1376,1295,1508,1334,192,1389,1296,195,-1
1746,1298,1046,1197,1166,1196,1192,1400,1313,1048,-1,-1
1364,1182,1362,1361,1363,1165,1164,1355,1241,-1,-1,-1
1108,1362,1348,1411,1110,1164,1499,1056,-1,-1,-1,-1
1360,1607,1407,1497,1308,1370,2301,1307,1346,-1,-1,-1
1360,1384,1406,1407,1306,1405,1488,1345,1487,1240,1308,-1
1093,940,939,977,970,1159,1422,969,914,-1,-1,-1
1437,1411,1344,1319,1110,1435,1356,1108,1362,-1,-1,-1
1412,1690,1351,1458,1350,1378,129,131,127,126,1288,1392
1690,124,126,1338,1351,1349,1303,122,127,1412,129,1392
1349,1392,1458,1350,1288,1303,1690,1412,1249,1378,1338,1208
1183,1259,1266,1153,1328,1154,1355,-1,-1,-1,-1,-1
1251,1461,1287,1254,1459,1286,1253,1223,1460,1354,-1,-1
1285,1422,1093,1254,1287,1159,1234,1252,1232,1353,-1,-1
1182,1183,1328,1363,1352,1343,1241,1485,-1,-1,-1,-1
1437,1271,1410,1421,1420,1319,1348,1320,1409,-1,-1,-1
1200,1401,1416,1359,1191,1432,1192,1298,1167,-1,-1,-1
1359,1414,1415,1417,1256,1416,1486,1331,1191,1449,1450,-1
1358,1416,1191,1357,1417,1256,1449,1414,1200,1415,1432,1193
1346,1345,1407,1306,1308,1384,1497,-1,-1,-1,-1,-1
1364,1559,1363,1367,1366,1343,1499,1362,1689,1485,-1,-1
1364,1499,1164,1344,1411,1343,1367,1108,1361,1165,1348,-1
1355,1485,1361,1559,1328,1343,1364,1182,1365,-1,-1,-1
1361,1499,1362,1367,1343,1411,1366,1164,1363,1500,1559,-1
1559,1569,1501,1689,1706,1485,1855,1558,1757,1366,1363,-1
1367,1689,1540,1559,1361,1531,1855,1364,1499,1365,1541,-1
1499,1366,1364,1500,1361,1531,1362,1411,1559,1540,1689,-1
1202,1307,1510,1279,1309,1369,1278,1281,1528,1308,1238,-1
1307,1528,1368,1279,1370,1529,1202,1551,1383,-1,-1,-1
1307,1607,1369,1345,1606,1529,1308,-1,-1,-1,-1,-1
1590,1586,1589,1372,1587,1588,1290,1632,1289,-1,-1,-1
2018,1290,1590,1513,1371,1587,1224,-1,-1,-1,-1,-1
128,1274,130,1273,125,1434,1233,132,123,1498,-1,-1
1143,1275,1273,1233,1284,1144,1283,132,1150,134,1232,1329
1775,1341,1340,1445,1376,1508,1390,2132,1377,1556,-1,-1
1388,1341,1389,1375,1387,1377,1390,195,1775,1340,-1,-1
1341,192,195,1389,1334,1376,1295,1340,189,1375,1388,-1
1413,1458,1412,133,1349,131,136,1152,1212,129,138,1690
1321,1323,1399,1428,1380,1381,1627,1429,-1,-1,-1,-1
1382,1381,1323,1379,1316,1398,1399,1321,1408,-1,-1,-1
1399,1380,1396,1397,1398,1379,1382,1447,1429,-1,-1,-1
1408,1380,1398,1419,1316,1409,1544,1381,1323,-1,-1,-1
1505,1279,1280,1504,1528,1281,1551,1369,1301,1503,1510,-1
1406,1240,1346,1306,1386,1484,1385,1360,1239,-1,-1,-1
1239,1386,1253,1461,1460,1240,1384,1204,1251,1470,-1,-1
1385,1484,1384,1470,1406,1460,1240,1239,1488,1461,-1,-1
1388,1404,1390,1376,1403,1453,1389,-1,-1,-1,-1,-1
1389,1387,1403,1402,1376,1404,195,1464,198,1390,1377,-1
195,1388,1402,198,1376,1377,192,1341,1403,1387,1464,-1
2132,1775,1387,1376,1560,1453,1375,1388,1556,-1,-1,-1
1339,1508,1326,1277,1296,1340,1445,1297,1265,1315,1327,-1
1351,1249,1288,1208,1303,1458,1350,1349,1207,1236,1248,-1
1053,1211,1229,1085,1146,1051,1126,1230,1059,1016,1190,1015
1468,1395,1282,1455,1213,1456,1300,1184,1442,1157,-1,-1
1300,1455,1394,1454,1462,1456,1439,1282,1301,1468,1184,-1
1397,1423,1398,1381,1424,1544,1446,1399,-1,-1,-1,-1
1396,1447,1446,1381,1399,1424,1429,1423,1473,1398,-1,-1
1396,1382,1544,1381,1380,1419,1423,1397,-1,-1,-1,-1
1429,1381,1447,1397,1379,1428,1427,1691,1396,1380,-1,-1
1746,1579,1507,1401,1313,1298,1530,1342,1197,1192,162,1432
1400,1432,1298,1357,1192,1507,1746,164,1200,1416,1579,162
1464,198,1388,1389,1403,200,195,1430,1522,201,1451,-1
1451,1388,1402,1464,1404,1430,1387,1431,1389,198,-1,-1
1431,1387,1452,1403,1451,1453,1388,2123,-1,-1,-1,-1
1346,1592,1487,1406,1489,1488,1407,1593,-1,-1,-1,-1
1384,1484,1488,1346,1386,1405,1306,1506,1516,1592,1470,-1
1360,1487,1346,1497,1345,1405,1591,-1,-1,-1,-1,-1
1382,1409,1272,1316,1317,1419,1145,1380,-1,-1,-1,-1
1272,1410,1408,1419,1421,1382,1418,1147,1356,1317,-1,-1
1409,1418,1356,1421,1420,1419,1271,1544,1272,1437,1438,-1
1499,1348,1344,1435,1362,1500,1364,1437,1367,-1,-1,-1
129,1349,131,1690,1378,133,127,1458,1351,1350,1413,126
136,1152,1378,133,138,131,140,1412,1151,1458,1212,1349
1358,1486,1417,1450,1415,1359,1477,1449,1563,1448,1256,170
1358,1331,1414,1486,1563,1256,1330,1417,1255,1359,1450,1625
1449,1432,1359,1417,168,1357,166,1358,170,164,1401,1191
1449,1414,1416,1358,1450,170,1359,168,1448,1415,171,1486
1410,1438,1544,1535,1419,1420,1409,1566,-1,-1,-1,-1
1544,1409,1382,1408,1418,1410,1398,-1,-1,-1,-1,-1
1436,1437,1438,1356,1410,1418,1435,1536,-1,-1,-1,-1
1271,1409,1147,1356,1272,1320,1410,-1,-1,-1,-1,-1
1093,1252,1354,1254,977,1077,1347,1159,1285,-1,-1,-1
1396,1544,1535,1424,1398,1471,1397,-1,-1,-1,-1,-1
1473,1396,1423,1446,1472,1397,1471,1646,-1,-1,-1,-1
1688,1687,1686,1628,1719,1627,1322,1707,1426,-1,-1,-1
1687,1524,1613,1686,1718,1518,1732,1425,1322,1519,-1,-1
1614,1429,1447,1691,1465,1466,1467,1616,1399,1428,-1,-1
1628,1691,1429,1379,1399,1627,1581,1427,1321,-1,-1,-1
1399,1427,1691,1447,1428,1614,1397,1465,1379,1381,-1,-1
1464,1555,1522,1451,1596,1403,1402,200,1729,1521,1597,201
2123,1451,1404,1452,1597,1552,1553,1403,1555,-1,-1,-1
166,164,1416,1401,168,1357,1507,162,1449,1400,1359,160
1498,1469,119,121,1434,1459,123,117,1286,1515,1274,125
123,1498,125,1433,121,1274,1373,128,119,1286,-1,-1
1436,1411,1437,1500,1348,1420,1532,1499,1536,-1,-1,-1
1536,1435,1438,1532,1420,1500,1437,1566,1533,-1,-1,-1
1348,1356,1420,1435,1319,1271,1411,1436,1410,-1,-1,-1
1536,1436,1418,1566,1535,1420,1544,1533,1410,-1,-1,-1
1502,1300,1504,1301,1454,1503,1395,1280,1554,1546,1505,-1
1441,1476,1304,1305,1474,1337,1548,1475,1491,113,-1,-1
1668,1440,1548,1305,1293,1491,1474,1667,1304,1512,-1,-1
1468,1443,1186,1194,1134,1456,1213,1133,1173,1394,1209,976
1442,1209,1194,1173,1456,1186,1468,1172,1301,1281,-1,-1
1318,1260,1323,1316,1261,1321,1317,1324,1322,-1,-1,-1
1775,1508,1509,1556,1326,1375,2132,1340,1391,-1,-1,-1
1646,1473,1447,1397,1466,1424,1396,1631,-1,-1,-1,-1
1427,1397,1429,1446,1399,1466,1614,1691,1646,1381,-1,-1
171,173,1450,175,1478,170,178,1477,1417,1449,1414,-1
168,1417,170,1416,166,1432,171,1359,1450,1414,164,1448
1448,1414,1417,1477,1486,1478,170,171,1449,173,175,1358
1431,1403,1430,1597,1555,1404,1464,2123,1452,1402,-1,-1
1553,1431,2123,1404,1453,1561,1451,-1,-1,-1,-1,-1
1560,1452,1404,1387,1562,1390,1561,2132,-1,-1,-1,-1
1502,1462,1439,1300,1395,1538,1546,1455,1554,-1,-1,-1
1184,1395,1282,1462,1394,1235,1161,1454,1216,1300,1213,-1
1468,1300,1443,1301,1394,1442,1395,1209,-1,-1,-1,-1
1042,1045,1041,1044,1132,1040,1120,1005,1063,-1,-1,-1
1378,1349,1288,1351,1212,1412,1392,1413,1690,1207,131,1152
1498,1353,1286,1461,1433,1460,1469,1287,1251,-1,-1,-1
1470,1461,1385,1469,1386,1459,1515,1484,1253,1353,-1,-1
1251,1353,1460,1253,1385,1459,1239,1386,1254,-1,-1,-1
1235,1454,1455,1538,1463,1395,1184,1300,1537,1546,-1,-1
1537,1538,1235,1215,1604,1462,1545,1547,1483,-1,-1,-1
1402,1430,1522,200,1403,198,201,1451,1388,1596,1555,1521
1691,1467,1480,1525,1614,1427,1527,1581,1429,1481,-1,-1
1614,1646,1616,1446,1447,1615,1427,1631,1467,1473,-1,-1
1614,1480,1481,1616,1465,1427,1526,1479,1527,1466,1691,-1
1442,1213,1394,1134,1456,1186,1443,1282,1135,1395,-1,-1
1515,1433,1470,119,117,1460,1459,121,115,1498,1506,-1
1515,1484,1460,1506,1469,1386,115,1385,117,1488,1406,-1
1565,1534,1472,1423,1535,1566,1424,1573,-1,-1,-1,-1
1473,1621,1573,1424,1471,1622,1565,1646,-1,-1,-1,-1
1646,1472,1446,1424,1622,1621,1631,1397,1466,-1,-1,-1
1475,1491,1440,1492,1441,1476,1490,1668,-1,-1,-1,-1
109,111,1492,1474,107,1476,113,1440,1494,105,-1,-1
113,1440,114,111,1475,1337,1304,1474,116,109,1305,-1
1624,1486,1478,1482,1625,1450,1414,1448,180,1704,1685,178
178,1448,1477,175,180,1482,1450,173,171,1624,1486,183
1481,1770,1616,1680,1615,1648,1697,1467,1526,-1,-1,-1
1467,1527,1526,1481,1465,1525,1614,1543,1616,1648,-1,-1
1467,1479,1480,1526,1616,1648,1614,1770,1527,1465,1615,1543
1624,180,183,1477,1478,1685,1678,185,178,1625,1704,-1
1291,1604,1214,1289,1599,1215,1179,1226,1463,1290,-1,-1
1488,1470,1506,1406,1386,1516,1515,1384,1460,-1,-1,-1
1501,1363,1325,1365,1559,1328,1355,1361,-1,-1,-1,-1
1414,1477,1625,1415,1563,1450,1358,1624,1634,1417,1478,1331
1593,1591,1407,1489,1405,1497,2106,101,99,1843,1346,-1
1516,1484,1406,1592,1506,1405,108,110,106,1386,1346,112
102,1593,104,1487,1592,101,1405,106,1591,99,-1,-1
1964,1492,1496,1617,1491,1495,1474,1494,1511,1493,-1,-1
1668,1512,1474,1496,1490,1441,1492,1440,-1,-1,-1,-1
1964,1475,1494,107,1490,1474,105,109,1493,1495,1491,-1
1580,1964,1494,1495,103,1658,105,100,1626,1663,1492,107
105,1964,107,1493,103,1492,1495,1490,1580,1475,109,100
1964,1493,1617,1663,1658,1490,1494,1580,1764,1492,1514,-1
1511,1512,1617,1491,1490,1336,1668,1514,1225,-1,-1,-1
2301,1407,1843,1591,1487,1345,1607,1609,2106,1360,1593,-1
1286,1433,1434,1274,1459,123,121,1469,1373,1287,119,125
1364,1411,1367,1362,1500,1361,1344,1435,1366,1531,-1,-1
1499,1367,1435,1532,1411,1531,1436,1364,-1,-1,-1,-1
1558,1365,1485,1706,1325,1327,1509,1276,1569,1559,-1,-1
1439,1554,1454,1546,1503,1300,1504,1538,1630,1640,-1,-1
1502,1505,1504,1630,1554,1439,1629,1383,1640,-1,-1,-1
1383,1439,1280,1505,1301,1503,1502,1300,1279,1528,1281,-1
1383,1629,1551,1528,1504,1503,1280,1630,1279,1439,-1,-1
112,1515,1484,1516,1470,115,1488,110,117,1469,1406,108
162,164,160,1400,1579,1401,1530,1432,158,166,1313,1746
1340,1391,1445,1326,1375,1296,1341,1339,1775,1295,1509,-1
1558,1445,1556,1326,1327,1557,1706,1775,1501,1508,-1,-1
1278,1281,1368,1172,1309,1279,1280,1202,1074,1171,1209,1383
1496,1225,1514,1617,1336,1220,1512,1663,1490,1224,-1,-1
1668,1780,1496,1491,1336,1667,1511,1262,1441,1293,1263,-1
2018,1514,1764,1663,1224,1372,1620,1225,1617,1587,-1,-1
1511,1513,1663,1225,1617,1224,1764,1496,1495,-1,-1,-1
115,117,1470,1469,1506,112,119,1484,1460,1433,-1,-1
110,1488,108,1506,112,1592,1484,106,115,1406,-1,-1
1016,932,899,1009,995,931,891,1229,1015,1053,-1,-1
1123,1519,1426,1122,1332,1524,1613,1124,-1,-1,-1,-1
1332,1612,1613,1518,1520,1123,1611,1330,1426,-1,-1,-1
1634,1612,1330,1519,1332,1563,1635,2037,1625,1704,-1,-1
205,203,207,1522,201,1596,1651,208,200,1430,1785,1464
1464,201,1521,1430,200,1596,203,205,1402,1555,198,207
1113,1122,1324,1114,1261,1102,1105,1124,1524,1123,1318,-1
1324,1426,1686,1322,1518,1122,1523,1687,1318,-1,-1,-1
1623,1527,1465,1581,1542,1480,1691,1707,1575,-1,-1,-1
1543,1480,1481,1647,1648,1527,1467,1578,1649,1479,-1,-1
1480,1525,1543,1542,1526,1578,1465,1467,1623,1481,-1,-1
1369,1551,1383,1505,1279,1529,1368,1629,1504,1280,-1,-1
1551,1606,1528,1369,1710,1370,1650,-1,-1,-1,-1,-1
158,1579,156,160,155,1314,1507,162,153,1313,1400,164
1541,1367,1500,1540,1539,1366,1532,1499,-1,-1,-1,-1
1536,1436,1539,1500,1531,1533,1435,1541,-1,-1,-1,-1
1536,1534,1539,1574,1564,1566,1532,1565,1436,1638,1438,-1
1566,1565,1564,1533,1471,1536,1571,1535,1573,1574,-1,-1
1544,1566,1423,1438,1418,1471,1534,1536,-1,-1,-1,-1
1436,1533,1438,1566,1532,1534,1539,1420,1535,1435,-1,-1
1547,1545,1604,1463,1538,1546,1601,1215,1462,1599,1600,-1
1546,1537,1463,1462,1545,1454,1502,1235,1604,1547,-1,-1
1541,1638,1533,1574,1532,1531,1536,2104,1664,1564,1540,-1
1855,1541,1549,1689,1366,2104,1531,1569,1638,1570,1367,1539
1638,1539,2104,1540,1531,1549,1574,1550,1855,1532,1366,1664
1575,1578,1623,1527,1525,1576,1577,1543,1582,-1,-1,-1
1578,1526,1647,1649,1527,1480,1542,1585,1648,1481,-1,-1
1423,1419,1535,1418,1398,1396,1382,1438,1410,-1,-1,-1
1537,1601,1546,1603,1547,1538,1463,1604,1600,1554,-1,-1
1538,1502,1554,1545,1603,1454,1537,1640,1462,1439,-1,-1
1537,1600,1601,1545,1604,1599,1602,1605,1463,1538,-1,-1
1293,1305,1250,1247,1441,1668,1440,1248,1269,1236,1304,1667
2104,1855,1570,1540,1568,1541,1569,1550,1689,1567,1638,1757
1664,2104,1638,1568,1644,1645,1549,1574,1541,1572,-1,-1
1528,1629,1505,1529,1650,1383,1369,1639,1710,-1,-1,-1
2123,1636,1598,1597,1637,1431,1553,1595,1899,1957,-1,-1
2123,1752,1452,1561,1637,1552,1735,1431,-1,-1,-1,-1
1640,1502,1546,1630,1503,1603,1641,1439,1454,2003,1545,-1
1430,1729,1595,1597,1451,1596,1522,1464,1594,1431,1785,1598
2132,1775,1756,1509,1445,1557,1754,1558,1560,1390,1375,-1
1757,1556,1754,1558,1706,1756,1755,1509,1569,-1,-1,-1
1509,1706,1501,1327,1557,1757,1365,1556,1326,1569,-1,-1
1361,1365,1689,1485,1363,1366,1367,1569,1364,1501,-1,-1
2132,1453,1756,1684,1562,1390,1775,1754,1556,-1,-1,-1
1553,1562,1735,1452,1682,1752,1453,2123,-1,-1,-1,-1
1684,1561,1560,1682,1683,1453,-1,-1,-1,-1,-1,-1
1330,1634,1625,1486,1415,1331,1520,1414,1332,1477,-1,-1
1574,1565,1571,1534,1533,1572,1664,1573,1566,1848,1539,-1
1534,1573,1564,1571,1471,1848,1566,1472,1533,-1,-1,-1
1534,1536,1535,1438,1533,1471,1565,1436,1564,1418,-1,-1
1741,1568,1789,1755,1570,1693,1549,1754,1757,1740,1644,-1
1567,1550,1549,2104,1644,1570,1693,1741,1855,-1,-1,-1
1855,1757,1706,1689,1365,1570,1549,1540,1755,1559,1501,1557
1549,1855,1757,1755,1567,1569,1568,2104,1540,1689,1706,1789
1848,1564,1565,1572,1665,1573,1847,1534,1574,1834,-1,-1
1664,1571,1665,1645,1574,1564,1666,1848,1638,1550,-1,-1
1565,1621,1848,1472,1571,1847,1471,1534,1564,1749,-1,-1
1564,1664,1638,1539,1533,1572,1541,1571,1534,1550,1645,-1
1577,1582,1542,1576,1623,1673,1674,1578,2063,1707,1525,-1
1582,1583,1578,1575,1585,1542,1584,2063,-1,-1,-1,-1
1674,1575,1623,1707,1673,1708,1542,1582,1720,-1,-1,-1
1543,1542,1576,1585,1649,1527,1526,1575,1647,1583,-1,-1
1530,1313,1400,1507,1314,160,158,1746,156,162,155,1310
1626,1493,100,1658,1657,103,98,1675,1495,1494,105,1964
1628,1688,1525,1691,1623,1465,1707,1428,-1,-1,-1,-1
2063,1575,1576,1584,1673,1577,1583,1722,1542,1674,-1,-1
1585,1584,1751,1801,1576,1582,1984,1578,-1,-1,-1,-1
1984,2063,1582,1583,1801,1576,2007,1904,1722,-1,-1,-1
1583,1649,1578,1751,1576,1750,1543,-1,-1,-1,-1,-1
1643,1589,1371,1619,1587,1642,1676,1716,1653,1632,-1,-1
2018,1619,1618,1586,1372,1371,1620,1933,1764,1643,1513,-1
1632,1605,1590,1289,1589,1633,1371,1599,-1,-1,-1,-1
1632,1586,1371,1716,1642,1588,1655,1643,1633,1590,-1,-1
1371,1290,1289,1372,1588,1291,1589,-1,-1,-1,-1,-1
2106,1593,1843,1487,99,1497,97,1844,101,96,1489,2301
106,108,104,1488,1489,1516,1405,102,110,1406,-1,-1
101,1591,99,1487,1489,2106,102,97,1843,104,1497,1844
1790,1729,1595,1785,1788,1728,2098,1555,1822,1598,1744,1596
1729,1598,1594,1555,1597,1728,1552,1790,1785,1596,-1,-1
1729,1521,1522,1785,1555,1651,1430,207,205,1464,201,203
1552,1431,1555,1451,2123,1595,1598,1430,1636,1729,-1,-1
1552,1595,1636,1728,1899,1597,2123,1594,1555,1637,-1,-1
1605,1289,1604,1483,1547,1600,1588,1537,1291,-1,-1,-1
1547,1605,1602,1601,1608,1599,1633,1856,1545,1537,1604,-1
1602,1545,1857,1547,1600,1603,1537,1856,2003,-1,-1,-1
1856,1601,1600,1608,1857,1672,1761,1547,1605,-1,-1,-1
1640,1545,2003,1601,1546,1554,1857,1641,-1,-1,-1,-1
1537,1483,1547,1463,1599,1215,1214,1538,1545,1600,-1,-1
1633,1600,1599,1608,1588,1632,1547,1602,1289,1655,-1,-1
1710,1607,1610,1529,1712,1370,2301,-1,-1,-1,-1,-1
2301,1345,1606,1370,1610,1497,1609,1843,-1,-1,-1,-1
1633,1602,1672,1605,1600,1856,1661,1655,-1,-1,-1,-1
1908,2301,1854,1843,1610,1844,1711,1983,1853,1607,1497,94
1609,1908,1712,2301,1606,1711,1607,1854,1843,1710,1853,-1
1872,1732,2037,1612,1703,1613,1519,1717,1635,1731,1705,1718
1611,1519,2037,1520,1635,1613,1732,1634,1332,1703,1872,-1
1732,1519,1611,1426,1612,1518,1718,1872,1687,-1,-1,-1
1427,1467,1616,1466,1465,1480,1447,1691,1481,1429,1615,-1
1631,1616,1680,1479,1681,1466,1646,1677,1614,1481,-1,-1
1467,1614,1615,1479,1481,1466,1427,1480,1680,1631,-1,-1
1495,1511,1663,1496,1514,1490,1964,1225,1513,-1,-1,-1
1933,1619,1620,1709,1733,1587,2018,1961,1657,1676,-1,-1
1643,1618,1676,1586,1587,1709,1653,1642,-1,-1,-1,-1
1933,1764,2018,1618,1657,1658,1587,1733,1513,1663,-1,-1
1847,1749,1472,1573,1622,1473,1848,1701,1814,-1,-1,-1
1621,1473,1677,1646,1701,1749,1631,1472,1847,-1,-1,-1
1525,1577,1707,1542,1575,1581,1674,1688,1527,1708,-1,-1
1482,1625,1704,1685,1477,1634,1678,183,1486,1478,1652,180
1624,1634,1486,1477,1704,1563,1482,1685,1520,1635,1415,-1
1580,98,1675,100,1657,95,1658,1493,103,1734,1933,-1
1321,1628,1425,1322,1686,1428,1379,1688,1318,1323,-1,-1
1688,1627,1425,1428,1581,1691,1707,1719,1686,-1,-1,-1
1551,1630,1505,1639,1650,1503,1528,1641,-1,-1,-1,-1
1640,1629,1641,1554,1503,1639,1505,1830,1502,2003,-1,-1
1646,1615,1677,1681,1622,1466,1473,1680,1701,1616,1446,-1
1589,1633,1655,1716,1588,1605,1661,1642,1715,1371,1586,-1
1632,1605,1655,1608,1661,1588,1716,1600,1672,1589,1715,-1
1625,1704,1520,1635,1563,1624,1330,1612,1486,1652,2037,-1
2037,1634,1704,1612,1652,1705,1520,1611,1703,1625,-1,-1
1552,1598,1957,1899,1637,1886,2123,1597,1728,1832,-1,-1
1636,1552,1553,1752,2123,1832,1957,1598,-1,-1,-1,-1
1664,1541,2104,1574,1550,1539,1549,1645,1540,1572,1533,-1
1830,1629,1641,1630,1650,1796,1763,1551,1640,2036,-1,-1
1554,1641,1630,2003,1603,1546,1639,1503,1829,1502,1830,-1
1830,1640,1630,2003,1639,1829,2036,1554,1629,1603,1796,1723
1716,1643,1653,1656,1654,1589,1586,1632,1676,1715,1655,1619
1642,1586,1676,1653,1619,1656,1589,2128,1709,1716,1587,-1
1645,1693,1550,1694,1695,1568,1664,1567,-1,-1,-1,-1
1664,1644,1695,1666,1550,1572,1638,1665,1694,1574,-1,-1
1631,1473,1446,1466,1622,1615,1677,1472,1447,1424,-1,-1
1842,1543,1649,1526,1648,1781,1826,1578,-1,-1,-1,-1
1770,1526,1481,1647,1842,1826,1479,1543,1793,1480,-1,-1
1647,1543,1585,1750,1578,1781,1526,1842,-1,-1,-1,-1
1763,1551,1639,1710,1629,1529,1796,-1,-1,-1,-1,-1
207,1660,1785,1521,208,1744,1596,205,210,203,1729,1659
1692,1704,1705,1996,1685,1635,1678,2037,1738,1624,1739,1634
1656,2128,1643,1676,1642,1725,1654,1748,1619,1714,1586,-1
1656,1713,1715,1716,1642,1714,1653,1655,1662,1725,1669,-1
1716,1632,1661,1633,1715,1589,1608,1654,1662,1642,1672,1605
1654,1653,1725,1714,1642,2128,1713,1643,1716,1715,1727,-1
1933,1675,1626,1658,1620,1580,1733,1764,98,1734,1618,95
1764,1657,1580,1663,1493,1495,1620,1626,1933,-1,-1,-1
215,1742,1660,213,1744,1743,216,210,218,1651,1788,1787
210,1659,208,1744,1651,213,207,215,1743,1785,1742,205
1655,1672,1670,1715,1633,1608,1662,1777,1632,1716,1856,1760
1777,1715,1669,1670,1713,1671,1661,1779,1655,1654,1867,1672
1764,1495,1617,1514,1658,1513,2018,1511,1620,1493,-1,-1
1638,1550,1645,1574,1572,2104,1564,1644,1666,1539,1541,-1
1848,1666,1834,1571,1572,1815,1847,1820,1645,-1,-1,-1
1665,1695,1645,1820,1815,1572,1828,1834,1664,-1,-1,-1
1262,1668,1293,1780,1512,1269,1441,1245,1263,1548,1270,-1
1441,1667,1512,1491,1293,1780,1548,1496,1474,1262,-1,-1
1867,1713,1671,1662,1724,1777,1821,1715,1863,1967,1714,1654
1777,1672,1779,1661,1662,1760,1671,1715,1856,1776,-1,-1
1777,1669,1821,1867,1779,1662,1866,1670,1863,1713,1864,-1
1670,1856,1661,1608,1760,1602,1761,1633,1777,1779,1655,1662
1674,1582,2063,1577,1722,1720,1575,1721,1708,-1,-1,-1
1577,1708,1720,1673,1707,1871,1575,1623,1719,1582,1721,-1
1626,95,1734,1657,98,1733,92,1933,1580,100,1961,1765
1643,2128,1653,1748,1619,1709,1747,1642,1586,1725,1618,-1
1701,1681,1631,1622,1698,1749,1646,1615,1696,-1,-1,-1
185,1685,186,183,1692,1739,1482,1624,1652,188,1704,180
1151,1116,144,142,1127,146,140,1064,148,1129,1152,138
1697,1681,1479,1615,1770,1696,1793,1616,1631,1792,-1,-1
1677,1680,1631,1696,1615,1698,1697,1701,1918,-1,-1,-1
1735,1683,1562,1736,1737,1561,1752,-1,-1,-1,-1,-1
1741,1740,1682,1789,1684,1562,1737,-1,-1,-1,-1,-1
1754,1789,1562,1756,1560,1683,2132,1755,1741,-1,-1,-1
1678,1624,1704,1692,1482,185,1652,183,186,1625,1739,1477
1322,1687,1425,1524,1426,1627,1321,1324,1719,1718,1628,1318
1686,1719,1425,1718,1426,1871,1688,1524,1322,1732,1613,1708
1628,1707,1425,1719,1581,1708,1687,1623,1627,-1,-1,-1
1855,1366,1569,1365,1559,1540,1549,1361,1706,1570,1367,-1
127,129,1349,126,1412,1350,124,131,1351,1458,1378,1338
1429,1465,1427,1428,1581,1614,1628,1525,1399,1447,1467,-1
1739,1678,1652,1738,1685,186,1996,185,188,1766,1704,1705
1741,1644,1740,1694,1567,1568,1769,1789,-1,-1,-1,-1
1695,1827,1769,1828,1644,1693,1740,1645,1833,1890,1820,-1
1694,1666,1828,1645,1644,1820,1827,1819,-1,-1,-1,-1
1918,1697,1681,1680,1792,1794,1698,1699,1793,1677,-1,-1
1680,1792,1793,1770,1696,1479,1794,1681,1936,2141,1918,-1
1699,1701,1918,1677,1681,1696,1700,1702,-1,-1,-1,-1
1918,1773,1702,1774,1698,1794,1696,1898,1700,-1,-1,-1
1814,1771,1701,1749,1702,1698,1772,1699,1847,-1,-1,-1
1749,1677,1698,1700,1622,1814,1621,1681,1631,1847,-1,-1
1699,1771,1773,1700,1897,1898,1698,1918,-1,-1,-1,-1
1872,2037,1705,1731,1611,1824,1732,1612,1996,1717,1635,-1
1624,1634,1685,1652,1625,1635,1678,1482,1692,1477,1705,1520
2037,1996,1703,1652,1635,1824,1611,1692,1995,1872,1704,1731
1558,1757,1569,1365,1501,1557,1509,1689,1855,1755,1570,1327
1688,1708,1623,1577,1674,1719,1581,1871,1575,1425,1628,1525
1674,1871,1719,1707,1720,1577,1717,1688,1718,1673,1687,1623
1747,1961,1676,1618,1619,1748,1733,1933,1816,1643,2128,-1
1763,1712,1606,1650,1762,1529,1610,1551,-1,-1,-1,-1
1908,1907,1853,1712,1909,1610,1609,1912,1854,1762,1983,1906
1610,1762,1711,1710,1907,1606,1908,1763,1609,-1,-1,-1
1669,1654,1715,1724,1662,1714,1656,1867,1671,1777,1716,-1
1656,1724,1725,1713,1727,1654,1726,1669,1653,-1,-1,-1
1655,1662,1654,1716,1713,1661,1669,1670,1632,1777,1642,1656
1655,1642,1632,1715,1654,1589,1633,1656,1661,1586,1643,1713
1871,1872,1732,1730,1720,1731,1718,1708,1611,1703,-1,-1
1732,1687,1871,1426,1719,1613,1717,1708,1872,1611,1686,-1
1708,1687,1871,1688,1425,1707,1718,1674,1686,1628,-1,-1
1674,1708,1730,1871,1721,1717,1673,1577,1722,1731,-1,-1
1722,1730,1940,1720,1825,1673,2063,1731,1674,-1,-1,-1
2063,1721,2007,1940,1673,2167,1582,1584,1720,-1,-1,-1
1798,1916,2003,1857,1761,1829,1856,1778,1641,1797,1873,-1
1669,1867,1967,1713,1714,1726,1863,-1,-1,-1,-1,-1
2128,1656,1727,1653,1714,1753,1654,1676,1748,-1,-1,-1
1967,1759,1724,1954,1727,1982,1714,1926,-1,-1,-1,-1
1725,1759,1758,1714,1726,1753,2128,1656,-1,-1,-1,-1
1790,1598,1822,1594,1899,1595,1878,1636,2098,1729,-1,-1
1785,1594,1596,1555,1595,1430,1651,1788,1597,1790,1728,1744
1731,1721,1720,1717,1825,1872,1871,1940,-1,-1,-1,-1
1730,1872,1703,1824,1825,1717,1611,1732,1721,1720,1705,-1
1872,1718,1611,1613,1717,1871,1612,1703,1426,1731,2037,1687
1933,1961,1734,1618,1675,1657,1709,1620,1765,1747,-1,-1
92,1765,1675,90,1961,95,1733,88,1816,98,1657,1933
1752,1736,1682,1791,1561,1553,1737,1832,-1,-1,-1,-1
1735,1767,1791,1737,1807,1682,1768,1752,-1,-1,-1,-1
1768,1740,1736,1682,1769,1767,1683,1735,-1,-1,-1,-1
1739,1996,2009,1766,1692,1995,188,1992,1652,1951,186,-1
188,1692,186,1766,1738,1678,190,185,1996,2009,1685,1894
1741,1769,1693,1683,1737,1694,1789,1768,1567,-1,-1,-1
1740,1789,1567,1693,1683,1755,1684,1568,1769,1754,-1,-1
216,218,1743,215,1659,1787,220,1836,1786,213,1744,223
1742,1786,1659,1744,1788,1787,216,218,215,2098,1660,220
1659,1660,1785,1743,1651,1788,1742,210,208,213,1786,215
1156,1120,1149,1132,1163,1118,1063,1041,1131,1158,-1,-1
1400,1342,1313,1298,1197,1579,1310,1401,1192,1046,1166,1196
1748,1961,1816,2127,1709,1765,1676,86,84,1733,88,1845
1747,2128,1676,2127,1709,1753,1845,1653,1816,1961,1725,-1
1701,1847,1814,1621,1622,1700,1677,1834,1848,1573,-1,-1
1751,1649,1783,1585,1781,1782,-1,-1,-1,-1,-1,-1
1583,1750,1585,1784,1801,1782,-1,-1,-1,-1,-1,-1
1735,1553,1637,1791,1832,1561,2123,1736,1682,-1,-1,-1
2128,1803,1845,1748,1725,1758,2127,1727,-1,-1,-1,-1
1755,1756,1789,1684,1557,1757,1556,1567,1560,2132,1741,-1
1754,1757,1570,1789,1567,1557,1756,1569,1741,1684,1706,-1
1754,2132,1556,1684,1560,1557,1775,1755,1789,-1,-1,-1
1569,1755,1706,1570,1557,1855,1754,1558,1365,1567,1549,-1
1803,1759,1727,2040,1804,1753,1926,-1,-1,-1,-1,-1
1926,1954,1727,1804,1758,1726,1952,-1,-1,-1,-1,-1
1672,1670,1778,1761,1776,1779,1856,1777,1798,1661,-1,-1
1798,1856,1723,1778,1760,1857,1602,1916,1672,-1,-1,-1
1763,1907,1712,2006,1795,1710,1711,1796,1906,-1,-1,-1
1762,1796,1710,1650,1795,1712,1639,2006,-1,-1,-1,-1
1620,1663,2018,1513,1658,1933,1657,1514,1495,1587,-1,-1
90,88,1816,1961,1734,86,92,1747,84,1733,95,2127
1739,190,1894,188,1738,2009,1951,191,1893,1692,186,1950
1768,1736,1807,1806,1805,1737,1833,1791,-1,-1,-1,-1
1833,1767,1737,1769,1806,1827,1736,1740,1896,-1,-1,-1
1827,1740,1694,1768,1833,1737,1693,1828,1741,-1,-1,-1
1697,1793,1479,1648,1680,1826,1481,1792,2141,1842,-1,-1
1772,1702,1897,1812,1700,1814,1841,-1,-1,-1,-1,-1
1771,1814,1834,1812,1815,1813,1700,-1,-1,-1,-1,-1
1699,1898,1774,2057,1702,2015,1918,1897,2029,-1,-1,-1
2015,1773,1931,1699,1918,1794,2057,2181,1932,-1,-1,-1
2132,1445,1375,1556,1390,1756,1509,1560,1508,1376,-1,-1
1779,1860,1778,1799,1760,1866,1895,1670,1777,-1,-1,-1
1779,1662,1671,1670,1669,1866,1661,1760,1715,1672,1776,1821
1798,1799,1760,1776,1761,1797,1916,1723,1856,1860,1779,-1
1777,1776,1670,1866,1671,1760,1662,1860,1672,1778,-1,-1
1263,1512,1667,1262,1336,1668,1227,1245,-1,-1,-1,-1
1842,1810,1750,1783,1647,1649,1850,-1,-1,-1,-1,-1
1811,1783,1751,1750,1784,1869,1809,-1,-1,-1,-1,-1
1810,1808,1750,1809,1782,1781,1811,2043,-1,-1,-1,-1
1869,1751,1801,1800,1802,1782,1922,1904,-1,-1,-1,-1
1729,1744,1651,1594,1788,1596,1660,1790,1595,1743,1521,1555
2098,1743,1787,1788,1837,1742,1823,1790,1836,220,1744,223
220,1836,223,1786,218,1742,1743,1837,216,1835,2098,215
1790,1743,1786,1594,1744,2098,1785,1729,1659,1822,1742,-1
1741,1754,1684,1567,1755,1683,1740,1756,1693,1570,-1,-1
1594,1822,2098,1728,1788,1823,1786,1595,1878,1785,1729,-1
1832,1807,1735,1752,1736,1831,1767,-1,-1,-1,-1,-1
1794,1697,1793,1936,1932,1696,2141,1918,1931,1770,1680,-1
2141,1697,1770,1792,1936,1826,1948,1680,1935,1932,1648,1696
1792,1918,1931,1932,1774,1696,1697,1699,1936,2015,-1,-1
2006,1796,1763,2044,1762,1958,2048,2036,1907,-1,-1,-1
1830,1763,1795,2036,1639,1650,1958,1762,1641,-1,-1,-1
1916,1798,1858,1799,1873,1778,1874,1723,-1,-1,-1,-1
1916,1761,1778,1723,1797,1829,1873,1760,1799,1857,1856,-1
1778,1860,1859,1776,1797,1858,1798,-1,-1,-1,-1,-1
1904,1802,1905,1784,1801,1903,1984,1929,1922,-1,-1,-1
1904,1583,1984,1784,1800,1751,1584,1929,-1,-1,-1,-1
1922,1800,1784,1903,1869,2004,2577,1923,1904,1905,-1,-1
1845,77,78,2040,1758,1753,81,75,2127,1846,83,-1
1926,2040,1880,1759,1758,1927,1846,1952,1954,1925,-1,-1
1883,1891,1807,1806,1767,2126,1920,1884,-1,-1,-1,-1
1805,1896,1833,1891,1767,1768,1920,1890,-1,-1,-1,-1
1791,1883,1767,1805,1831,1736,-1,-1,-1,-1,-1,-1
1810,1809,2043,1917,1783,1901,1850,2215,-1,-1,-1,-1
1808,1811,1901,1868,1783,1917,1782,1810,-1,-1,-1,-1
1808,1850,1783,2043,1781,1809,1948,1842,1917,-1,-1,-1
1868,1870,1809,1782,1869,1901,1923,1783,1902,-1,-1,-1
1841,1771,1813,1897,1772,1818,-1,-1,-1,-1,-1,-1
1819,1812,1815,1817,1820,1772,1818,1890,-1,-1,-1,-1
1834,1847,1749,1700,1772,1848,1701,1771,1621,1815,-1,-1
1820,1834,1665,1666,1772,1813,1819,1848,1814,-1,-1,-1
86,1765,84,1747,88,1961,2127,83,90,1734,1748,81
1819,1838,1890,1818,1896,1813,1839,1828,1820,-1,-1,-1
1839,1817,1841,1840,1812,1838,1813,1819,-1,-1,-1,-1
1890,1820,1817,1828,1813,1827,1815,1896,1818,1695,-1,-1
1819,1815,1828,1666,1695,1813,1890,1665,1827,1817,1694,-1
1864,1863,1867,1671,1862,1866,1669,1895,1777,1865,1967,-1
1790,1878,1823,2098,2078,1728,1875,1594,1877,1788,1899,1786
1875,2098,2078,1822,1837,1786,1790,1910,1911,1878,-1,-1
1995,1703,1731,1996,1705,1825,1939,1872,-1,-1,-1,-1
1938,1730,1731,1721,1939,1940,1824,-1,-1,-1,-1,-1
1842,2141,1793,1948,1648,1770,1850,1647,1936,1935,-1,-1
1828,1833,1890,1769,1694,1768,1819,1695,1896,1820,-1,-1
1827,1820,1819,1695,1890,1694,1833,1666,1769,1817,-1,-1
1916,1830,2036,1641,1723,2003,1873,1798,1640,-1,-1,-1
2036,1641,1639,1796,1829,1873,1630,2003,1958,1640,-1,-1
1883,1885,1807,1882,1884,1832,1791,-1,-1,-1,-1,-1
1791,1957,1885,1752,1637,1831,1999,1636,1735,-1,-1,-1
1768,1827,1890,1896,1806,1769,1828,1767,1694,-1,-1,-1
1814,1848,1815,1665,1847,1772,1749,1571,1666,-1,-1,-1
1849,1837,1987,225,223,227,1911,1836,229,1881,1787,1875
223,220,1787,218,225,1742,216,1835,1837,227,1786,1743
1835,1786,1823,1875,1787,2098,1911,223,1836,220,-1,-1
1839,1817,1896,1919,1920,1818,1890,1852,1840,-1,-1,-1
1838,1852,1840,1919,1818,1817,1841,1851,2137,1920,-1,-1
1841,1839,1851,1852,1818,1941,1838,-1,-1,-1,-1,-1
1840,1897,1812,1818,1941,1839,1771,1898,1851,-1,-1,-1
1826,1647,1781,1648,1850,1948,1810,1649,2141,1770,-1,-1
2106,1844,1609,1591,2301,1854,1497,97,94,96,1908,99
2106,96,94,97,1843,1854,99,1983,1591,93,1609,1908
81,2127,78,1803,83,1753,77,84,1748,1816,1747,-1
72,2040,75,1880,1879,77,71,1804,1803,1924,-1,-1
1848,1621,1749,1814,1834,1573,1571,1665,1701,1700,1622,-1
1847,1571,1665,1834,1573,1814,1621,1565,1572,1815,1749,1564
229,227,1881,1835,1987,231,225,233,1965,223,1911,1986
1948,1810,1842,2043,1781,1826,1945,2141,1935,1808,-1,-1
1974,1840,1852,1973,1941,1972,1839,1841,2180,2218,-1,-1
1839,1972,1840,1919,1851,2137,1974,1838,-1,-1,-1,-1
1983,1912,1908,1711,1854,91,93,1909,89,94,1609,87
1983,1609,1908,1844,94,1843,1853,93,96,2106,91,2301
1549,1569,1689,1540,1570,1757,2104,1366,1365,1541,1706,1568
1602,1761,1672,1608,1760,1857,1670,1600,1723,1601,1798,1778
1602,1723,1601,2003,1761,1856,1603,1798,-1,-1,-1,-1
1861,1797,1859,1874,1799,1959,-1,-1,-1,-1,-1,-1
1861,1921,1799,1860,1858,2030,1895,-1,-1,-1,-1,-1
1895,1776,1921,1799,1859,1866,1779,1968,1778,-1,-1,-1
1858,1969,1859,2030,1959,2317,1874,-1,-1,-1,-1,-1
1863,1865,1956,1864,1821,1955,2112,1867,1976,1967,-1,-1
1867,1862,1967,1956,1821,1724,1864,1982,1669,1671,2112,-1
1821,1895,1865,1968,1862,1866,1863,1671,-1,-1,-1,-1
1976,1862,1864,1968,1975,1955,1895,1821,2032,-1,-1,-1
1895,1779,1864,1671,1821,1860,1776,1777,1968,-1,-1,-1
1669,1863,1821,1724,1967,1671,1713,1862,1662,1956,1777,-1
1901,1811,1870,1902,1900,1809,2011,2084,1917,-1,-1,-1
1811,1922,1784,1923,1870,1802,1782,-1,-1,-1,-1,-1
1923,1811,1868,1902,1869,2017,2005,1922,1900,-1,-1,-1
1708,1717,1718,1719,1720,1732,1674,1687,1730,1707,1872,-1
1611,1732,1703,1717,1731,2037,1730,1718,1613,1871,1612,1824
1916,2036,1874,1797,1829,1958,1798,1830,1723,-1,-1,-1
1873,1858,1960,1959,1797,1958,2036,1916,1861,-1,-1,-1
1823,1911,1910,2078,1837,2098,2077,1822,1835,1987,1876,-1
2078,1915,1914,1877,1910,1878,1963,2082,2164,1875,1822,-1
1878,2082,1886,1915,1899,1876,1999,2078,2081,1822,-1,-1
1877,1822,2078,1899,1728,1876,1886,1823,1790,2082,1915,-1
71,1846,1979,72,1924,1880,68,75,66,1925,2040,-1
1846,1925,1804,1927,1879,2040,1924,72,1926,75,-1,-1
231,233,1987,1965,1849,229,235,227,1986,1985,1835,237
1888,1884,1885,1887,1889,1831,1883,1999,1892,-1,-1,-1
1805,1884,1831,1807,2126,1891,1892,1882,-1,-1,-1,-1
1883,1882,1892,1889,2126,1831,1805,-1,-1,-1,-1,-1
1999,1831,1832,1888,1882,1957,1886,2081,2082,-1,-1,-1
2082,1899,1999,1957,1877,1636,1878,2081,1915,1885,-1,-1
2022,2021,1888,1889,1882,2019,2081,2020,2268,-1,-1,-1
2081,1882,1999,1887,2021,1885,2082,2164,-1,-1,-1,-1
1892,2020,1887,2022,1884,1882,2103,-1,-1,-1,-1,-1
1819,1827,1833,1896,1828,1817,1820,1838,1813,1806,1694,-1
1920,1805,2126,2138,1806,1883,1896,1919,-1,-1,-1,-1
2103,2172,2126,1884,1889,2020,1883,1882,-1,-1,-1,-1
191,193,1894,190,1950,194,1951,1766,2026,188,-1,-1
191,1893,190,1951,1950,1766,193,188,2010,2009,194,1739
1968,1860,1864,1866,1921,2031,1776,1821,1865,1859,-1,-1
1890,1838,1920,1833,1806,1817,1819,1827,1891,1768,-1,-1
1841,1898,1771,1812,1702,1941,1773,-1,-1,-1,-1,-1
1773,1897,2029,2057,1941,1702,1699,1841,2052,-1,-1,-1
1886,1636,1598,1728,1877,1878,1957,2082,1552,1822,1999,-1
2084,2011,1901,1902,1868,2083,2184,2148,1917,2116,1870,-1
1868,1917,1900,2011,1809,1808,1902,2012,1811,-1,-1,-1
2084,1870,1900,1868,2148,2017,1901,1923,2116,1811,-1,-1
1905,2004,1800,2054,1802,1928,1904,1922,-1,-1,-1,-1
1800,1984,1929,1905,1801,1903,2027,1584,1802,2007,1784,1930
1903,1904,1929,1930,1800,1928,2027,1984,1802,-1,-1,-1
2048,2041,2006,1913,1909,1907,2102,2044,2100,1711,1762,2049
1711,1762,2006,1906,1909,1712,2048,1908,1853,1795,-1,-1
1609,1711,1853,1854,1610,1983,2301,1712,1843,1912,93,1909
1912,2102,1906,1907,1711,1853,1913,87,89,1908,85,91
1875,2077,1914,2078,1911,1876,1823,1962,1986,-1,-1,-1
1875,1987,1986,2077,1910,1835,1837,1823,1849,1881,2158,2078
89,87,1853,91,2102,1909,1983,85,93,1711,1908,1854
2041,2099,2102,1906,2101,2100,1909,2048,82,80,85,79
2149,1910,1962,2077,1963,1876,2078,2158,2097,2120,1915,-1
2082,2164,2081,1877,1876,1963,1886,1999,1878,2021,2087,1914
1798,1873,1829,1723,1797,2036,1761,1778,2003,1874,-1,-1
1901,1808,2215,2043,2011,2012,1809,1900,1868,1810,-1,-1
1699,1696,1794,1774,1698,1773,1792,1931,1702,1681,1697,-1
1839,2137,1920,1838,1852,2138,1891,-1,-1,-1,-1,-1
1891,1919,1896,1838,2138,1806,1839,1805,-1,-1,-1,-1
2031,1895,1859,1860,1968,2030,2227,-1,-1,-1,-1,-1
1802,2577,1923,1869,2004,2005,1800,1903,1870,1784,2055,2400
2005,1870,1922,2577,2017,1869,2400,1802,1902,1811,2170,-1
1925,1979,2146,1879,1978,1977,1880,2199,2085,1846,1927,-1
1927,1978,1924,1981,1880,2146,2035,2038,1952,1879,1804,-1
1952,1804,1954,1927,1759,1880,1953,2035,1758,1726,1982,-1
1925,1952,1926,1981,1880,2035,1804,1954,1978,1953,1924,-1
2159,1930,1905,2054,2176,1903,2166,-1,-1,-1,-1,-1
2027,1904,1984,1905,1930,2007,2167,2119,1800,1801,-1,-1
2027,2119,1928,1929,1905,2166,2159,2167,2028,1904,-1,-1
2015,2181,1932,1934,1794,1774,1792,2016,2001,1949,1918,2057
1936,1931,1794,1792,1934,1949,2181,1935,1793,2141,1774,2015
1620,1733,1618,1657,1675,1764,1709,1658,2018,1961,1734,1587
2181,1947,1931,1949,1932,2001,2015,2000,2002,1936,2016,-1
1948,1937,2141,1936,1949,1945,1850,1932,1793,1826,1946,-1
2141,1932,1935,1792,1793,1949,1948,1794,1697,1826,1937,1934
1946,1935,1949,2002,1945,2173,1947,1948,1936,2175,-1,-1
1942,1939,1825,1940,1944,2167,2028,1943,-1,-1,-1,-1
1992,1938,1995,1943,1825,1944,1824,1942,-1,-1,-1,-1
2167,1722,1938,1721,1942,1825,2007,2027,2119,2063,1730,-1
1841,2029,1840,1851,1898,1897,1973,-1,-1,-1,-1,-1
2167,1938,2028,2119,1944,1940,2027,2060,1939,-1,-1,-1
1992,1944,1990,1989,1991,1939,1938,2009,2060,2010,-1,-1
1943,2028,1942,1938,2060,1991,1939,1992,2119,1989,-1,-1
2043,1937,2173,1935,1948,2215,1946,1850,-1,-1,-1,-1
2173,2175,1937,2002,2174,1945,2342,2215,1949,2045,2405,1935
2000,1934,2002,2045,2001,1949,2181,2014,1937,-1,-1,-1
1850,2141,1935,1826,1945,1936,1842,2043,1810,1937,1793,-1
1937,1934,1935,1932,1947,1936,2002,1946,1931,2141,-1,-1
1894,193,1893,2008,2026,194,191,1951,2010,196,190,2444
1894,2009,2010,1990,1766,1950,191,190,1893,2008,1992,1738
1926,1953,2035,1927,1954,1981,1982,1980,1804,1759,1925,1998
1952,1998,2035,1980,1997,1982,1954,1926,1994,2112,1927,-1
1926,1982,1952,1759,1726,1953,1927,1967,1998,1804,-1,-1
2112,1976,1994,1993,1862,1865,1956,2034,1998,-1,-1,-1
2112,1863,1862,1998,1982,1967,1955,1994,1867,-1,-1,-1
1886,1636,1832,1999,1637,1885,1899,2082,1552,-1,-1,-1
2036,2044,1960,1873,1795,1874,1796,1830,-1,-1,-1,-1
1861,1970,1969,1874,1960,1971,1858,-1,-1,-1,-1,-1
1970,2044,1874,1958,1959,2049,2048,1971,-1,-1,-1,-1
1765,1747,1733,1816,1734,1709,90,88,86,92,2127,1748
2149,2158,2077,1914,2150,2120,1910,2291,1986,2097,1963,-1
2164,2149,1915,1914,2097,2087,1876,2081,1962,-1,-1,-1
1494,1495,1492,1493,1490,105,1617,107,103,1580,-1,-1
1881,1985,233,1986,1987,235,1988,231,1966,237,1849,2158
237,1985,2178,2059,235,238,2105,233,1965,2129,240,1988
1863,1982,1724,1867,1726,1956,1954,1669,1862,1821,-1,-1
1895,1864,1975,2031,1865,1921,2091,1860,1866,1976,-1,-1
2317,1861,1971,1959,2024,2030,2226,2133,1970,-1,-1,-1
1971,1960,2110,2049,1959,2023,2044,1969,-1,-1,-1,-1
1970,2023,2024,1969,2110,1959,2317,1960,-1,-1,-1,-1
2361,1852,1974,2218,2516,2137,1851,2180,-1,-1,-1,-1
1974,2111,1851,2179,2029,2180,1941,2157,2052,-1,-1,-1
1851,2180,2218,1973,1972,2361,2179,1852,-1,-1,-1,-1
1968,2091,1976,2032,2092,1865,2031,-1,-1,-1,-1,-1
1865,2032,1955,2034,1975,1993,2033,1862,1968,-1,-1,-1
2199,2146,2198,2085,1979,2200,1924,64,62,66,1978,2145
2146,1925,2038,1981,1924,2086,2085,1977,1927,2035,-1,-1
2199,66,1879,68,1924,1977,64,71,2198,2146,62,-1
1997,2035,2039,2062,1953,1981,1952,1998,2058,1994,-1,-1
2035,2038,1978,1925,1927,2039,1952,1980,2146,2136,-1,-1
1954,1967,1998,1956,1953,1726,2112,1952,1863,1926,-1,-1
93,1854,94,1853,91,1908,89,1912,1844,96,1609,87
1904,1584,1929,2007,1801,2063,2027,1800,1583,1905,-1,-1
1965,1966,2105,1988,235,237,233,2178,1881,1986,238,231
2158,1987,1965,2077,1988,1911,1881,1985,2150,1962,1910,1849
1881,1849,1986,1911,1965,1835,231,229,233,227,2077,1875
2158,1985,2105,1986,1965,2150,2131,1966,2077,-1,-1,-1
2065,1991,1990,2010,1943,2025,2008,1992,2064,1951,1944,-1
1992,2010,1951,1943,2009,1989,1995,2065,2008,1894,1766,1991
2060,1989,1943,2025,1944,2067,2028,2065,1990,-1,-1,-1
1990,1995,2009,1943,1939,1951,1738,1944,1989,-1,-1,-1
1994,2034,2058,2056,1955,2112,1997,1976,-1,-1,-1,-1
2112,1993,1997,1998,2058,1955,1956,2034,1953,2056,1980,-1
1992,2009,1996,1824,1738,1939,1990,1705,-1,-1,-1,-1
1738,1705,1995,1652,1692,1824,1739,2009,1703,-1,-1,-1
1980,1994,2058,1998,1953,2062,2112,1993,2035,2039,-1,-1
2112,1953,1994,1982,1997,1956,1980,1955,1954,1952,-1,-1
2082,1886,1885,2081,1888,1957,1877,1915,1882,1832,1899,-1
2014,2045,1947,2001,2047,2224,2271,2002,2013,1934,2181,-1
2181,2014,2000,1947,2013,1934,2016,2015,2271,1931,2045,2047
1946,1947,1937,2045,1949,2174,2000,2175,1934,2173,2224,-1
1640,1723,1641,1603,1829,1857,1916,1830,1554,1630,1601,-1
2577,1903,2055,1922,2054,1802,2053,2400,-1,-1,-1,-1
2400,2577,2170,2017,1923,1922,2055,1870,2147,2168,2094,-1
2048,1795,1906,1907,1762,2044,2041,1763,1909,2049,-1,-1
1722,1984,2063,2167,2027,1929,1940,1584,1904,2119,-1,-1
2026,2444,2010,2065,1950,197,196,194,2064,199,1951,2142
1992,1738,1951,1766,1990,1995,1894,1739,1996,2010,1943,-1
2008,1990,1951,2065,1989,1950,2026,1894,2444,2009,1943,-1
1900,2184,1901,2012,1917,2083,2084,1868,-1,-1,-1,-1
2342,2011,2184,2215,2185,1917,2173,1901,-1,-1,-1,-1
2014,2070,2271,2016,2001,2069,2000,2052,2181,2157,2521,2046
2000,2271,2013,2001,2047,2046,2045,1947,2016,2069,2181,2521
2181,1931,2057,1774,2016,2052,1773,1934,2001,1794,1932,-1
2181,2052,2015,2013,2070,2001,2057,2014,1931,2111,1934,-1
2005,2148,1902,1923,2170,1870,2147,2400,2577,2084,2191,-1
1764,1513,1587,1620,1372,1618,1663,1933,-1,-1,-1,-1
2268,2552,2021,2087,2088,2022,2089,1887,2164,-1,-1,-1
2103,2090,2022,1889,2122,2268,1892,1887,-1,-1,-1,-1
2164,1887,2081,2087,1888,2019,2022,1915,-1,-1,-1,-1
2268,1887,2020,2090,1889,2019,2021,2264,2088,2103,-1,-1
2108,2110,1971,2109,2024,2107,2278,2315,1970,2316,-1,-1
2316,2226,2317,1971,2023,2109,1969,2108,-1,-1,-1,-1
2068,2066,2065,1991,2064,1989,2067,2060,-1,-1,-1,-1
196,2008,197,194,2444,1950,199,193,2010,2065,2142,1893
1929,2167,2119,1930,2007,1942,1984,1905,1904,2028,1940,2166
2060,2119,1942,1944,2166,2167,1991,2027,2067,1938,1930,-1
2052,2111,1941,1898,2057,1973,2070,1773,-1,-1,-1,-1
2227,1861,2317,2133,1859,1921,2031,1969,-1,-1,-1,-1
2091,1921,2227,1968,1975,2030,1895,2133,2092,-1,-1,-1
1976,2033,2092,1975,2050,2034,2091,1865,-1,-1,-1,-1
2073,2034,2032,2050,2051,2135,1976,2056,-1,-1,-1,-1
1993,2033,1976,2032,2056,1955,2051,1994,-1,-1,-1,-1
1981,1980,1952,1953,1927,2039,2038,1925,1997,1926,1978,-1
1830,1873,1958,1829,1796,1916,1795,1641,1639,1874,-1,-1
1611,1635,1703,1705,1612,1872,1652,1732,1520,1634,-1,-1
2136,1981,1978,2039,2086,2143,2146,2035,1925,-1,-1,-1
1980,2038,2136,2062,2035,1981,2277,1997,2276,-1,-1,-1
1846,1803,75,1804,77,1758,1880,72,78,1879,-1,-1
2048,2100,1913,1906,2049,2101,2006,2044,2099,2110,-1,-1
240,242,2059,238,2163,2125,244,237,1966,2129,245,-1
1808,1810,1945,2215,1917,1850,1948,2173,1783,-1,-1,-1
2048,1960,2006,1795,1958,2049,2041,1970,1906,-1,-1,-1
2000,2224,2002,1947,2174,2047,2014,2699,2001,2447,1946,-1
2271,2228,2239,2521,2047,2014,2240,2447,2522,2069,2013,-1
2014,2046,2000,2224,2447,2228,2271,2045,2001,-1,-1,-1
2041,2006,2044,1906,2049,2100,1913,1795,1907,1960,-1,-1
2048,2041,1970,2110,2044,2100,1960,1906,2006,-1,-1,-1
2135,2114,2033,2092,2073,2032,2134,-1,-1,-1,-1,-1
2056,2033,2073,2074,2072,2071,2034,-1,-1,-1,-1,-1
2070,2111,2016,2029,2057,2015,2157,2013,1898,1973,-1,-1
2055,2093,2095,2054,2096,2004,2094,2400,2577,2270,-1,-1
2176,1903,2004,2096,2053,1928,2055,2093,-1,-1,-1,-1
2400,2053,2577,2004,2094,2005,2095,2170,1922,2054,-1,-1
2058,1993,2051,2072,2061,2034,1994,2033,2074,-1,-1,-1
2015,2052,1773,1898,2029,1774,2016,2181,1931,-1,-1,-1
1993,1997,2056,1994,2062,2061,2276,1980,-1,-1,-1,-1
240,2163,2042,238,1966,2178,2129,237,242,2125,235,2105
2028,1991,2067,1944,2166,2119,2156,1942,1943,2025,-1,-1
2276,2072,2258,2058,2076,2056,2062,2277,-1,-1,-1,-1
2276,1980,2058,2039,1997,2277,2061,2258,-1,-1,-1,-1
1722,1582,1584,2007,1673,1984,1721,1575,1576,1940,-1,-1
2142,2065,2165,2066,2444,2025,199,2008,2280,202,2279,1989
2064,2008,2010,1989,2444,2025,2142,2026,2066,1990,1950,2165
2280,2068,2064,2165,2025,2079,2279,2142,2337,2065,-1,-1
2060,2156,2068,1991,2025,2080,2166,2028,-1,-1,-1,-1
2066,2067,2079,2080,2025,2156,2280,2064,-1,-1,-1,-1
2157,2521,2070,2354,2271,2013,2355,2046,2111,2522,2014,2179
2157,2013,2052,2111,2069,2016,2271,2179,2355,2029,2014,-1
2074,2139,2073,2206,2140,2051,2135,2075,2072,2309,-1,-1
2074,2076,2061,2056,2051,2075,2071,2257,-1,-1,-1,-1
2135,2033,2071,2051,2139,2050,2074,2205,2206,-1,-1,-1
2071,2072,2075,2140,2051,2206,2073,2076,2056,-1,-1,-1
2257,2074,2140,2308,2076,2072,2310,2259,2071,-1,-1,-1
2257,2258,2072,2256,2075,2061,2276,2259,2074,-1,-1,-1
2158,1910,1962,1986,1914,1911,1875,2150,1987,2149,1988,-1
1823,1875,1910,1876,1822,1878,2098,1877,1914,1911,-1,-1
2337,2068,2280,2336,2153,2066,2080,2456,2356,-1,-1,-1
2156,2068,2155,2154,2153,2079,2067,-1,-1,-1,-1,-1
2082,2164,1888,2021,1915,1999,1886,1877,1887,2087,1963,1885
1886,2081,1877,1999,1915,2164,1888,1899,1957,1878,1876,1885
2084,2118,2184,1900,2116,2011,2115,2117,-1,-1,-1,-1
1900,2116,2148,1902,2083,2191,2011,1868,2115,2017,-1,-1
2146,2145,2200,1977,2086,2198,1978,2199,2144,2221,1924,-1
2143,2085,2038,2146,1978,2145,2136,2144,2290,1977,-1,-1
2164,2089,2097,2021,2019,1963,2552,2081,2149,1915,2121,-1
2552,2268,2267,2264,2265,2019,2196,2089,2090,2370,2022,2266
2552,2087,2097,2121,2196,2019,2088,2265,2213,-1,-1,-1
2268,2020,2264,2122,2022,2304,2088,2103,2429,-1,-1,-1
2227,2092,2031,2113,1975,2114,2133,1968,2032,-1,-1,-1
2091,2114,2032,2050,1975,2113,2227,2031,-1,-1,-1,-1
2096,2270,2095,2053,2151,2152,2242,2177,2054,-1,-1,-1
2400,2055,2168,2095,2169,2171,2170,2053,2005,2577,-1,-1
2093,2270,2169,2242,2094,2053,2055,2244,2319,2096,-1,-1
2093,2176,2054,2177,2053,2151,2270,2095,2154,-1,-1,-1
2149,2121,2089,2087,1963,2120,2164,1914,1962,2196,2214,-1
1823,1786,1790,1822,1788,1837,1875,1743,2078,1594,1787,1728
82,80,1913,2101,79,85,2102,87,76,2100,2041,1909
2041,2101,2107,2110,2049,1913,2048,2099,76,1906,-1,-1
2100,79,2099,76,80,1913,2107,2041,74,82,-1,-1
85,87,1912,1909,2099,1913,82,89,1906,80,1853,91
2020,1892,2172,2188,2122,1889,2090,2318,2022,-1,-1,-1
1549,1541,1638,1550,1540,1568,1855,1664,1570,1539,-1,-1
2178,1985,1988,2131,1966,2130,2129,1965,2059,237,-1,-1
1844,97,1591,99,1843,96,1593,94,1854,101,1487,1497
2278,2108,2100,74,76,2110,2101,2023,73,2315,70,79
2023,2278,2315,2109,2107,73,70,2110,2313,74,2024,69
2316,2108,2313,2315,2023,2024,2312,2314,2278,2226,-1,-1
2023,1970,2049,2100,2107,1971,2108,2041,-1,-1,-1,-1
2157,2052,2070,2179,1973,2029,2355,2069,2016,2180,-1,-1
1998,1994,1956,1955,1993,1862,1997,1982,1863,1953,-1,-1
2611,2091,2227,2114,2230,2236,2133,2092,-1,-1,-1,-1
2230,2092,2050,2134,2113,2091,2135,2236,2232,-1,-1,-1
2118,2116,2194,2190,2195,2083,2191,2204,2084,2220,-1,-1
2084,2115,2191,2148,2190,2083,2118,1902,2194,2341,1900,2147
2184,2118,2183,2204,2182,2185,2083,2251,-1,-1,-1,-1
2204,2115,2117,2083,2195,2116,2182,2184,2194,-1,-1,-1
2028,2027,2167,1930,1942,2166,2060,1929,1944,1940,2007,-1
2149,2214,1962,2121,2291,2097,2150,1914,2464,2158,-1,-1
2097,2213,2214,2196,2089,2120,2149,2552,2300,2087,2443,-1
2090,2430,2020,2429,2304,2103,2188,2264,-1,-1,-1,-1
1552,1431,1553,1452,1597,1637,1636,1451,1404,1752,1598,1561
2125,2566,2163,2160,2162,2161,2129,2186,244,242,2286,-1
244,2163,242,2124,2160,2042,245,2187,240,2059,2129,2162
1891,1892,1883,1884,1805,2172,2138,-1,-1,-1,-1,-1
1845,1747,1816,83,1748,84,81,1753,86,78,1961,1803
1748,1653,1725,1676,1753,1656,1643,1747,1727,2127,1709,-1
2178,2161,2163,2059,2130,2124,1966,2105,2223,2125,2042,240
2178,2129,2222,2223,2105,2161,2131,1966,-1,-1,-1,-1
2105,2288,2291,2150,1988,2222,2130,2464,2178,-1,-1,-1
1775,1560,1756,1556,1390,1445,1684,1453,1754,1375,-1,-1
2227,2611,2317,2226,2030,2113,2091,1969,2241,2236,2031,-1
2135,2114,2231,2230,2232,2205,2050,2139,-1,-1,-1,-1
2073,2205,2139,2134,2050,2071,2033,2114,2231,-1,-1,-1
2143,2038,2323,2039,2277,2086,2290,1981,-1,-1,-1,-1
1919,2516,1852,2318,1972,2138,2361,1839,-1,-1,-1,-1
1891,2172,1919,2137,1920,2318,2126,-1,-1,-1,-1,-1
2206,2205,2135,2071,2073,2207,2391,2140,2309,2134,-1,-1
2206,2074,2310,2071,2075,2309,2139,2311,2308,-1,-1,-1
1948,1936,1793,1826,1935,1850,1792,1770,1842,1932,1949,1697
199,2165,2444,202,2064,197,2279,2197,204,2065,2026,2008
2290,2136,2323,2086,2144,2038,2252,2145,2322,2277,-1,-1
2145,2143,2290,2252,2249,2253,2086,2085,-1,-1,-1,-1
2085,2200,2144,2249,2221,2086,2198,2146,2143,1977,2253,-1
1978,2085,1977,1924,2086,1925,2038,2200,1979,2145,2199,2198
2191,2170,2168,2341,2148,2617,2017,2005,2116,-1,-1,-1
2191,2084,2017,1902,2116,2147,1900,2170,2341,-1,-1,-1
2097,1914,1962,1963,2120,2121,2087,2077,-1,-1,-1,-1
2158,2291,1962,1988,2131,2120,2077,1986,2214,-1,-1,-1
2494,2152,2270,2177,2093,2096,2269,2366,2319,232,-1,-1
232,2319,2494,2270,230,2151,234,2242,236,228,2093,2269
2336,2155,2366,2416,2079,2080,2337,2495,2154,-1,-1,-1
2155,2156,2159,2176,2177,2080,2366,2153,2096,-1,-1,-1
2366,2154,2153,2177,2080,2416,2156,2269,2176,2336,-1,-1
2159,2154,2067,2080,2166,2060,2155,2068,2176,-1,-1,-1
2355,2070,2111,2179,2069,2354,2052,2013,2217,1973,-1,-1
2150,2077,1986,1988,1962,1965,1914,1911,2291,2120,1987,-1
2156,2176,2154,1928,2166,1930,-1,-1,-1,-1,-1,-1
2125,2186,2187,2124,244,2374,2162,245,242,2163,2273,247
2129,2566,2223,2124,2286,2130,2163,2178,2162,2125,2059,-1
2566,2186,2124,2274,2160,2272,2273,2161,2125,2286,2374,2393
2125,2129,2059,2124,242,2042,2161,240,2178,244,2160,238
2087,2081,1915,2021,1963,2082,2097,1888,2019,1876,-1,-1
2142,2279,2064,2280,2066,202,2197,199,2444,204,2356,2375
2159,2156,2028,2119,2060,1930,2067,1928,2027,-1,-1,-1
2027,1942,1940,2119,2007,1929,2028,1722,1938,1930,-1,-1
2170,2617,2171,2147,2094,2400,2340,2005,2341,2169,2189,-1
2244,2242,2095,2171,2243,2094,2506,2270,2319,2168,239,2340
2168,2400,2005,2147,2017,2094,2577,2617,2055,2171,1923,2148
2168,2340,2169,2243,2617,2094,2170,2189,2244,2865,2506,-1
2318,1892,2103,2138,2126,2188,2371,-1,-1,-1,-1,-1
1946,2215,2175,2342,1945,1937,2405,2012,2043,2174,2002,-1
2175,2224,2211,2045,2699,1946,2405,2002,2173,-1,-1,-1
2405,2173,1946,2342,2174,2211,2002,2215,2185,1937,-1,-1
2159,2096,2154,2054,1928,2177,2156,2155,-1,-1,-1,-1
2155,2151,2366,2154,2096,2176,2269,2093,2494,-1,-1,-1
2129,2105,1966,2059,2130,1985,2163,237,2161,238,2131,-1
2157,2180,2355,2111,2217,1973,1974,2070,2386,2069,-1,-1
2179,1974,2218,2217,2216,1973,2355,2248,2111,1972,1851,2361
2015,2001,1934,1931,2016,1947,1932,2013,1774,2057,2000,2014
2251,2204,2202,2203,2183,2201,2117,2192,2118,-1,-1,-1
2251,2185,2192,2117,2182,2193,2203,2184,2204,2405,2212,-1
2011,2117,2012,2185,2083,2183,1900,2118,2342,-1,-1,-1
2183,2342,2184,2012,2405,2117,2193,2251,2175,-1,-1,-1
2273,2162,2160,2374,2274,2393,2187,2124,2225,2373,2566,2125
245,247,2374,244,2160,248,2225,2125,250,2186,242,2273
2371,2430,2103,2122,2318,2172,2372,2359,2516,-1,-1,-1
2617,2493,2209,2340,2555,2341,2415,2865,2171,2740,2168,-1
2191,2194,2341,2209,2208,2115,2116,2294,-1,-1,-1,-1
2148,2341,2116,2147,2190,2084,2115,2617,2209,2017,-1,-1
2251,2212,2203,2193,2183,2250,2182,2210,2255,2202,-1,-1
2192,2405,2211,2212,2183,2210,2185,2251,2699,-1,-1,-1
2220,2294,2190,2115,2208,2195,2209,2116,2118,2333,-1,-1
2220,2204,2118,2194,2115,2219,2201,2294,-1,-1,-1,-1
2213,2552,2265,2121,2089,2298,2443,2088,2214,2097,-1,-1
204,2279,206,2375,202,2165,2142,209,2356,199,2376,2280
2200,62,2199,59,1977,64,2085,2221,57,66,1979,2145
64,2198,1977,66,1979,62,2200,68,59,1924,2085,2146
2198,2085,2145,2221,1977,59,62,2199,57,2146,2249,64
2202,2204,2282,2219,2182,2281,2195,2382,2203,-1,-1,-1
2203,2281,2201,2283,2182,2251,2282,2204,2250,2192,-1,-1
2251,2202,2192,2283,2250,2182,2183,2212,2281,2201,-1,-1
2182,2118,2195,2201,2117,2251,2202,2115,2183,-1,-1,-1
2391,2139,2135,2231,2134,2207,2206,2073,2467,2390,-1,-1
2309,2139,2140,2071,2207,2205,2074,2310,2381,2311,2073,-1
2206,2391,2534,2309,2467,2139,2205,2381,-1,-1,-1,-1
2294,2209,2415,2194,2190,2414,2220,2493,2528,2341,-1,-1
2208,2189,2341,2415,2493,2190,2617,2740,2555,2191,2194,2294
2212,2229,2211,2699,2255,2254,2193,2192,2447,2250,2405,-1
2699,2405,2193,2210,2174,2175,2212,2229,2224,-1,-1,-1
2192,2210,2255,2250,2193,2211,2203,2251,2254,2292,2183,2229
2443,2196,2121,2300,2214,2298,2731,2299,2265,2464,2089,2552
2464,2300,2120,2121,2213,2291,2443,2196,2097,2288,2150,-1
2173,2043,2012,1917,2342,1945,2175,1946,1808,-1,-1,-1
2246,2217,2248,2245,2218,2180,2247,2386,2361,-1,-1,-1
2386,2216,2180,2355,2179,2245,2157,2218,2354,2514,2247,-1
2361,2180,1974,2248,1972,2216,2516,2359,2217,1851,-1,-1
2220,2332,2382,2201,2282,2195,2333,-1,-1,-1,-1,-1
2294,2194,2195,2333,2219,2208,2332,2115,-1,-1,-1,-1
57,2200,2249,2321,54,2145,59,2198,52,2085,62,2306
2302,2223,2130,2288,2287,2131,2351,-1,-1,-1,-1,-1
2286,2222,2161,2287,2130,2129,2566,2302,2349,-1,-1,-1
2045,2699,2447,2047,2174,2000,2229,2211,2228,2002,-1,-1
2374,250,253,252,2373,248,256,2273,2187,257,247,2186
2316,2611,2317,2133,2241,2024,2236,1969,2312,2109,-1,-1
2133,2091,2031,2030,2113,2611,2317,1921,2092,-1,-1,-1
2046,2447,2240,2239,2237,2047,2229,2224,2271,2521,2238,-1
2254,2699,2447,2237,2210,2261,2224,2211,2255,2228,2212,-1
2114,2234,2236,2232,2134,2113,2611,2231,-1,-1,-1,-1
2391,2232,2205,2235,2390,2134,2467,2135,2230,-1,-1,-1
2234,2231,2235,2230,2233,2134,2236,2387,2390,2114,-1,-1
2344,2387,2234,2235,2232,2328,56,58,55,2692,2343,-1
2236,2232,2233,2230,2328,2235,2344,2241,2611,-1,-1,-1
2387,2390,2232,2231,2692,2233,2234,56,55,2391,-1,-1
2611,2234,2230,2241,2328,2113,2226,2232,2133,2114,-1,-1
2229,2261,2238,2447,2228,2240,2254,2699,-1,-1,-1,-1
2261,2263,2262,2240,2237,2260,2474,2254,2228,-1,-1,-1
2046,2521,2240,2522,2228,2295,2271,2262,2551,2354,-1,-1
2239,2262,2228,2238,2237,2295,2046,2263,2447,2261,2522,-1
2316,2611,2226,2236,2328,2312,2331,2234,2133,-1,-1,-1
2319,2244,2270,2169,2095,236,234,2152,239,232,2506,2093
2506,2340,2244,2865,2505,2171,2169,241,239,243,2242,2555
2506,2242,239,2169,236,241,2243,2319,234,2505,2095,243
2247,2514,2386,2217,2216,2515,2246,2385,2355,2860,-1,-1
2247,2248,2360,2470,2216,2245,2359,2626,-1,-1,-1,-1
2245,2246,2470,2515,2860,2216,2514,2360,2248,2217,2556,2386
2359,2246,2361,2216,2218,2360,2516,2180,2247,-1,-1,-1
2253,2321,2221,2145,2306,2144,54,2200,2252,2307,2320,57
2212,2203,2292,2255,2283,2192,2293,2251,2202,2210,-1,-1
2183,2192,2182,2203,2202,2193,2117,2212,2250,2204,2185,-1
2423,2290,2253,2144,2305,2322,2424,2143,2323,2249,2307,2389
2249,2252,2306,2307,2305,2144,2321,2423,2290,2145,-1,-1
2261,2229,2255,2210,2237,2275,2212,2260,2238,2292,2699,2447
2254,2212,2292,2250,2210,2275,2261,2229,2192,2293,-1,-1
2257,2259,2365,2258,2076,2303,2364,2363,-1,-1,-1,-1
2259,2076,2075,2308,2256,2346,2364,2258,2072,2310,-1,-1
2276,2303,2076,2256,2061,2277,2257,2365,2323,2062,-1,-1
2257,2346,2364,2308,2256,2075,2329,2561,2076,2365,-1,-1
2261,2477,2263,2275,2238,2476,2570,2254,2475,-1,-1,-1
2254,2260,2238,2237,2275,2229,2263,2255,2240,-1,-1,-1
2474,2240,2296,2238,2295,2263,2239,2471,2297,2475,-1,-1
2474,2238,2260,2475,2477,2262,2261,2471,2296,2240,-1,-1
2267,2268,2088,2304,2090,2370,2265,2552,2266,2022,2122,-1
2267,2196,2552,2088,2298,2266,2264,2369,2213,2089,2370,-1
2267,2369,2367,2265,2370,2368,2298,2264,2442,2088,2452,-1
2264,2265,2266,2370,2088,2552,2268,2304,2368,2298,2369,-1
2088,2090,2022,2264,2019,2552,2020,2267,2304,1887,-1,-1
2494,2366,2417,226,2416,228,2151,2177,230,2152,224,2155
2152,2242,2093,2319,2095,2151,232,234,2494,2244,2169,2096
2046,2014,2013,2521,2069,2047,2000,2239,2070,2001,2228,-1
2566,2286,2284,2274,2349,2162,2285,-1,-1,-1,-1,-1
2373,2186,2393,2374,2225,2402,2274,257,256,259,253,2162
2393,2162,2186,2272,2273,2284,2392,2402,2566,-1,-1,-1
2292,2261,2260,2255,2254,2476,2520,-1,-1,-1,-1,-1
2277,2258,2061,2062,2303,2076,2058,2039,2323,-1,-1,-1
2276,2323,2136,2258,2062,2303,2039,2061,2143,-1,-1,-1
73,2108,2315,74,70,2107,76,69,2023,2109,2313,-1
2197,2165,2280,2375,2356,204,202,2142,206,2376,2066,2337
2337,2066,2279,2356,2165,2079,2064,2197,2068,2375,2459,2456
2202,2384,2282,2283,2439,2201,2203,2383,2382,-1,-1,-1
2382,2281,2384,2383,2201,2219,2202,2332,2377,-1,-1,-1
2293,2281,2202,2203,2250,2439,2519,2292,2384,-1,-1,-1
2419,2285,2272,2326,2392,2274,2393,2327,-1,-1,-1,-1
2325,2327,2349,2284,2326,2324,2272,2419,2576,-1,-1,-1
2566,2223,2349,2287,2272,2161,2162,2124,-1,-1,-1,-1
2223,2347,2302,2351,2286,2349,2222,2350,-1,-1,-1,-1
2464,2302,2222,2131,2291,2289,2300,2351,2214,-1,-1,-1
2362,2464,2302,2357,2300,2299,2288,2351,2350,-1,-1,-1
2143,2252,2323,2322,2144,2423,2136,2253,2086,2303,-1,-1
2150,2464,2214,2288,2131,2120,2300,1962,2158,-1,-1,-1
2293,2255,2275,2250,2520,2519,2283,2254,2212,-1,-1,-1
2519,2292,2283,2250,2520,2439,2462,2255,-1,-1,-1,-1
2208,2220,2333,2194,2414,2378,2415,2190,2209,2195,-1,-1
2551,2262,2522,2239,2296,2240,2297,2385,2474,2521,-1,-1
2474,2297,2690,2262,2471,2295,2551,2263,2475,-1,-1,-1
2551,2296,2690,2550,2295,2472,2385,2471,2262,2522,2474,-1
2731,2443,2265,2369,2196,2442,2213,2266,2267,2299,-1,-1
2362,2443,2731,2300,2619,2289,2213,2357,2761,2464,2442,2298
2464,2443,2299,2214,2213,2289,2362,2731,2291,2288,2121,-1
1609,1607,1843,1497,1610,1908,1854,1345,1591,1606,1844,2106
2351,2222,2288,2287,2289,2357,2223,2464,2350,2347,-1,-1
2258,2365,2323,2322,2256,2277,2276,2290,-1,-1,-1,-1
2429,2264,2370,2090,2122,2408,2267,2430,2268,-1,-1,-1
2424,2307,2423,2253,2575,2252,2484,2396,2306,-1,-1,-1
2307,2320,2321,2253,2249,2335,52,50,2305,54,49,2221
2306,2305,2484,2253,2335,2320,2465,2575,2249,2321,2252,-1
2259,2257,2310,2329,2346,2075,2330,2140,2364,-1,-1,-1
2206,2311,2381,2140,2310,2207,2330,2139,2534,2071,2380,-1
2308,2311,2140,2330,2309,2329,2075,2206,2257,2381,-1,-1
2330,2309,2381,2380,2310,2329,2425,2140,2338,2206,-1,-1
2316,2331,2314,2241,2313,2109,2328,2345,2226,2315,2343,-1
2314,2315,67,69,2109,2312,65,70,2345,2108,2316,2278
2345,2313,65,2312,67,2331,63,69,2343,61,2315,2109
2313,2278,2108,70,69,2109,73,67,2314,2023,74,2107
2226,2109,2312,2241,2024,2611,2313,2317,2023,-1,-1,-1
1969,2133,2226,2024,2030,2611,1861,2227,2316,1971,-1,-1
2172,2516,2371,2137,2188,2138,2103,2359,-1,-1,-1,-1
234,2242,232,2152,236,2270,2244,239,230,2494,2095,2169
50,2306,52,2335,49,2321,2307,54,47,2334,2249,-1
54,52,2306,2249,2320,2221,50,57,2253,2307,-1,-1
2423,2290,2323,2389,2303,2252,2365,2424,2143,-1,-1,-1
2290,2143,2277,2136,2303,2322,2252,2258,2276,-1,-1,-1
2325,2347,2388,2349,2348,2285,2327,2350,2576,-1,-1,-1
2327,2324,2576,2348,2285,2326,2388,2349,2353,2668,2347,-1
2327,2419,2403,2285,2353,2284,2325,2576,2404,-1,-1,-1
2325,2326,2576,2353,2285,2324,2348,2403,2419,2284,2352,-1
2331,2234,2241,2344,2236,2233,2312,2343,2611,-1,-1,-1
2330,2308,2346,2338,2339,2310,2311,2259,2380,-1,-1,-1
2311,2329,2380,2338,2310,2309,2308,2381,2426,2339,-1,-1
2343,2345,2312,2314,2328,2344,63,60,61,2241,58,65
2382,2379,2333,2219,2377,2378,2282,2220,2398,2383,-1,-1
2378,2294,2220,2332,2379,2219,2414,2578,2194,2382,-1,-1
44,2466,42,2465,47,2335,49,40,2483,2482,2320,2484
2320,2334,2307,2465,49,2306,47,50,2484,44,2466,52
2153,2456,2337,2495,2416,2079,219,217,221,2366,2417,2459
2456,2280,2356,2079,2336,2459,2153,217,2066,2279,2495,2376
2445,2330,2329,2426,2446,2339,2380,2311,2497,-1,-1,-1
2446,2346,2561,2329,2338,2560,2445,2330,2501,-1,-1,-1
2865,2189,2555,2171,2617,2243,2493,2168,2568,2505,2506,2341
2191,2617,2209,2189,2190,2147,2168,2208,2148,2340,2493,2116
2175,2173,2012,2405,2185,2215,1946,2184,-1,-1,-1,-1
60,2345,2331,61,2344,58,63,2314,56,2328,65,2233
2343,58,2233,2331,2328,56,60,2387,2345,2234,61,55
63,2314,61,2343,2331,65,60,67,2312,2313,2344,58
2259,2339,2329,2561,2308,2364,2257,-1,-1,-1,-1,-1
2350,2324,2351,2287,2388,2349,2357,2302,2358,2325,2348,-1
2406,2325,2388,2576,2324,2668,2407,2327,2451,2347,-1,-1
2286,2324,2347,2285,2287,2272,2325,2223,2566,-1,-1,-1
2351,2388,2358,2357,2347,2324,2761,2287,2302,2407,2362,2289
2302,2350,2357,2347,2287,2289,2358,2222,2388,2362,2288,-1
2668,2667,2576,2545,2353,2489,2451,2586,2406,2327,-1,-1
2327,2667,2576,2586,2352,2403,2326,2325,2418,2668,-1,-1
2355,2522,2386,2521,2385,2069,2157,2551,2514,2217,2239,-1
2157,2354,2386,2179,2217,2069,2111,2385,2180,2070,2521,2245
2459,2337,2376,2280,2375,2279,2456,214,2197,217,2165,211
2362,2350,2351,2761,2358,2289,2299,2302,2388,2347,2619,-1
2350,2761,2388,2449,2357,2407,2362,2351,2517,2347,-1,-1
2371,2248,2361,2372,2516,2360,2218,2246,2188,2435,2318,-1
2246,2435,2248,2470,2359,2626,2372,2247,-1,-1,-1,-1
2516,2218,2248,2359,1972,2371,1974,2137,2216,2180,-1,-1
2299,2357,2761,2619,2289,2731,2300,2358,2443,2351,2517,2350
2365,2395,2394,2364,2389,2396,2256,2561,2480,-1,-1,-1
2259,2363,2395,2346,2561,2365,2256,2257,2394,2308,-1,-1
2363,2303,2256,2389,2322,2364,2394,2258,2259,2395,-1,-1
2155,2416,2269,2153,2177,2417,2336,2151,2154,2494,-1,-1
2369,2452,2410,2368,2837,2266,2442,2409,2370,2778,-1,-1
2370,2409,2367,2410,2266,2408,2267,2369,-1,-1,-1,-1
2442,2266,2367,2452,2298,2731,2265,2574,2368,2837,2267,-1
2267,2368,2264,2304,2408,2266,2429,2088,2409,2265,2367,-1
2359,2188,2516,2318,2372,2361,2430,2172,-1,-1,-1,-1
2430,2435,2359,2371,2360,2434,2188,2429,-1,-1,-1,-1
256,257,2273,253,2225,259,2402,252,2374,2393,250,2186
2187,2225,2186,2160,2273,248,247,250,2373,245,244,252
2376,206,2197,209,2279,211,2356,204,212,2459,214,2280
214,2375,2459,212,211,2356,209,206,217,2279,2197,2456
2382,2398,2332,2397,2383,2399,2379,2282,-1,-1,-1,-1
2578,2333,2581,2414,2379,2294,2332,2413,2582,2527,-1,-1
2332,2578,2378,2398,2413,2377,2333,2382,2581,-1,-1,-1
2311,2330,2427,2426,2425,2381,2338,2309,2329,-1,-1,-1
2311,2425,2309,2534,2380,2207,2330,2554,2206,2427,2310,-1
2332,2282,2383,2377,2219,2384,2379,2201,2399,2281,2333,-1
2384,2399,2382,2282,2377,2422,2281,2332,2421,2397,-1,-1
2383,2281,2439,2422,2282,2382,2283,2399,2441,-1,-1,-1
2551,2514,2386,2522,2354,2550,2245,2297,2355,2515,2295,2521
2514,2385,2245,2355,2217,2354,2522,2515,2216,2179,2551,2247
56,55,2692,2235,2233,53,2344,58,2390,2401,2232,-1
2350,2348,2358,2324,2347,2407,2325,2406,2351,2357,2449,-1
2396,2424,2363,2423,2365,2394,2322,2575,2395,2252,-1,-1
2391,2235,2692,2467,2231,2469,2401,2387,2468,2205,2232,-1
2467,2205,2231,2390,2207,2139,2235,2534,2468,2469,-1,-1
2393,2419,2448,2284,2402,2404,2274,-1,-1,-1,-1,-1
2402,2274,2273,2392,2373,2186,259,257,2284,2448,2162,-1
2396,2363,2395,2480,2389,2565,2424,2479,2365,2575,2364,-1
2363,2479,2394,2561,2364,2480,2593,2389,2560,2365,-1,-1
2424,2394,2565,2575,2389,2423,2363,2480,2492,2305,-1,-1
2438,2398,2412,2399,2526,2377,2436,2421,2383,-1,-1,-1
2413,2397,2412,2411,2377,2379,2578,2487,2526,2332,-1,-1
2383,2421,2397,2438,2377,2422,2384,2382,2440,-1,-1,-1
2055,2005,2170,2577,2094,2168,1923,2017,2004,2053,1922,-1
51,53,2469,2692,2536,48,55,2390,2535,2387,46,2468
259,2393,257,2373,2273,261,2392,2448,256,2478,2274,-1
2418,2419,2353,2326,2586,2420,2404,2327,2585,2667,-1,-1
2419,2433,2403,2420,2448,2392,2326,2491,-1,-1,-1,-1
2175,2211,2193,2342,2185,2174,2173,2699,2183,1946,2210,-1
2451,2668,2407,2490,2348,2576,2488,2388,2450,2352,2489,-1
2406,2449,2388,2358,2490,2348,2450,2451,2350,2668,-1,-1
2429,2409,2370,2368,2304,2434,2458,-1,-1,-1,-1,-1
2368,2410,2777,2458,2408,2370,2797,2367,-1,-1,-1,-1
2409,2367,2778,2837,2368,2777,2836,2452,-1,-1,-1,-1
2487,2413,2412,2485,2398,2486,2582,2437,2578,2580,-1,-1
2526,2487,2411,2397,2398,2437,2413,2438,2436,2453,-1,-1
2578,2411,2398,2582,2379,2485,2581,2378,2412,2487,2486,-1
2528,2378,2294,2415,2581,2208,2527,2333,2740,2578,-1,-1
2740,2528,2493,2208,2209,2414,2294,2189,2651,2567,2527,2555
2417,2366,2495,2153,2336,2269,222,226,224,221,2155,219
226,224,2416,222,2495,2269,221,2366,228,2336,219,-1
2586,2585,2420,2584,2403,2432,2583,2667,2353,3033,-1,-1
2326,2404,2284,2392,2403,2327,2285,-1,-1,-1,-1,-1
2418,2585,2432,2433,2431,2403,2404,2509,2586,2584,-1,-1
2650,2438,2440,2399,2454,2422,2513,2397,2436,2383,-1,-1
2384,2440,2383,2421,2399,2441,2439,2460,-1,-1,-1,-1
2424,2252,2322,2389,2305,2290,2396,2575,2253,-1,-1,-1
2423,2396,2575,2305,2389,2252,2394,2565,2322,2492,2484,-1
2381,2427,2499,2554,2534,2380,2311,2767,2597,2468,-1,-1
2445,2497,2380,2427,2428,2338,2330,2496,2767,2500,-1,-1
2767,2428,2425,2380,2426,2499,2540,2381,2497,-1,-1,-1
2496,2767,2427,2497,2426,2498,2685,2540,2502,2499,-1,-1
2304,2430,2434,2408,2122,2370,2372,2090,-1,-1,-1,-1
2429,2372,2122,2188,2434,2371,2304,2435,-1,-1,-1,-1
2509,2432,2507,2433,2508,2420,269,2585,2491,3033,271,2759
2585,2431,2508,3033,2420,2418,2507,2509,3125,2584,2433,2999
2491,2509,2404,2431,2420,2448,2478,269,2432,263,265,-1
2435,2429,2457,2430,2408,2458,2372,2626,-1,-1,-1,-1
2457,2626,2360,2434,2372,2430,2470,2705,2359,-1,-1,-1
2526,2455,2454,2438,2453,2562,2437,2524,2397,2412,2421,2650
2487,2453,2526,2412,2580,2523,2436,2411,2486,-1,-1,-1
2436,2421,2397,2526,2454,2399,2650,2412,2455,-1,-1,-1
2384,2519,2283,2441,2281,2293,2422,2462,-1,-1,-1,-1
2460,2421,2650,2513,2422,2441,2674,2463,2399,2454,-1,-1
2460,2519,2462,2461,2439,2440,2422,2463,2384,-1,-1,-1
2731,2369,2452,2574,2619,2298,2443,2367,2299,2266,-1,-1
2731,2213,2299,2300,2298,2196,2442,2214,2619,2362,2121,2464
2142,2008,199,2026,197,2064,2065,196,202,2165,2010,1950
2500,2446,2497,2338,2426,2501,2339,2502,-1,-1,-1,-1
2445,2339,2501,2560,2500,2338,2989,2695,2561,-1,-1,-1
2224,2229,2228,2699,2237,2047,2046,2045,2254,2240,2210,-1
2478,261,2392,263,2404,2402,2491,2433,259,265,2393,-1
2358,2517,2407,2761,2450,2602,2698,2490,2388,-1,-1,-1
2490,2602,2449,2601,2407,2537,2406,2488,2451,-1,-1,-1
2668,2488,2406,2490,2489,2352,2348,2407,2537,2543,2576,2450
2369,2837,2442,2574,2367,2573,2698,2410,2266,2619,2731,-1
2437,2524,2455,2436,2526,2525,2523,2532,2539,2412,-1,-1
2650,2436,2562,2438,2455,2563,2421,2513,2526,2539,2440,-1
2436,2562,2539,2524,2453,2454,2526,2531,2845,2438,2563,-1
217,2459,2337,2336,219,2495,2356,214,221,2376,2079,2280
2435,2705,2626,2434,2458,2797,2556,-1,-1,-1,-1,-1
2457,2409,2797,2408,2705,2434,2777,-1,-1,-1,-1,-1
214,2356,2376,2456,217,2337,212,219,2375,211,2280,2336
2463,2674,2440,2513,2441,2461,2673,2650,2676,2649,2422,-1
2625,2462,2463,2460,2673,2441,2564,2519,2674,2632,-1,-1
2519,2461,2564,2520,2441,2625,2293,2439,-1,-1,-1,-1
2674,2673,2460,2676,2461,2513,2625,2649,2721,2632,2440,2441
2300,2288,2291,2214,2289,2302,2299,2213,2131,2120,2443,-1
2466,2334,2481,2483,2484,2335,2482,42,44,40,2641,2307
42,40,2482,2483,2334,2465,44,39,2481,2546,2641,2335
2468,2391,2390,2534,2469,2207,2554,2535,2231,2205,-1,-1
2535,2467,2554,2469,2534,2597,2536,2390,2401,2391,2425,-1
2401,2468,2536,2390,2467,2692,2535,51,53,48,2391,2554
2246,2247,2626,2556,2860,2360,2435,2515,-1,-1,-1,-1
2474,2690,2518,2296,2475,2473,2263,2262,2297,2689,-1,-1
2690,2590,2297,2591,2550,2592,2473,-1,-1,-1,-1,-1
2690,2590,2471,2689,2691,2518,2472,-1,-1,-1,-1,-1
2263,2296,2471,2262,2475,2238,2690,2518,2477,2295,2297,-1
2474,2477,2263,2518,2471,2571,2570,2260,2296,2262,-1,-1
2570,2520,2477,2569,2260,2275,2564,-1,-1,-1,-1,-1
2570,2260,2475,2263,2476,2571,2569,2474,-1,-1,-1,-1
263,2448,261,2491,265,259,2433,2402,267,-1,-1,-1
2593,2395,2671,2560,2561,2480,2695,2594,2394,2839,-1,-1
2593,2594,2394,2479,2565,2753,2395,2396,2671,2696,2839,2363
2483,2492,2641,2465,2504,2484,2466,2696,2482,2575,2503,2546
39,2483,40,2466,2546,37,42,2641,2465,2481,2334,35
2482,2641,2466,2481,2465,2546,40,39,2504,42,2334,2503
2307,2465,2575,2481,2492,2305,2335,2424,2334,2483,-1,-1
2486,2582,2411,2587,2413,2588,2487,2578,2589,-1,-1,-1
2485,2487,2580,2657,2411,2588,2437,2624,2413,-1,-1,-1
2411,2437,2412,2580,2486,2526,2485,2398,2523,2413,-1,-1
2451,2543,2490,2537,2489,2406,2542,2668,2547,2450,-1,-1
2451,2488,2545,2542,2352,2544,2668,2543,2667,2406,2490,2819
2451,2450,2406,2488,2537,2407,2668,2449,2489,2601,-1,-1
265,263,2509,2433,2478,267,269,2448,2431,261,271,2507
2575,2696,2481,2504,2565,2484,2396,2641,2753,2465,2424,2483
2555,2740,2415,2189,2209,2567,2568,2528,2340,2208,2651,2865
2152,230,2269,228,2151,232,2270,2319,226,234,2366,2177
221,219,222,2416,2336,2417,2456,217,224,2153,226,2337
2428,2685,2511,2497,2502,2498,2510,2767,2426,-1,-1,-1
2502,2445,2426,2496,2428,2500,2628,2338,2427,-1,-1,-1
2685,2540,2767,2541,2683,2709,2496,2428,2510,2499,2882,-1
2540,2767,2597,2554,2425,2882,2427,2541,2498,2428,2534,2535
2989,2445,2628,2501,2497,2446,2502,2694,2680,2426,-1,-1
2695,2989,2446,2680,2560,2500,2671,2445,2694,2628,2681,2339
2497,2628,2512,2496,2511,2500,2627,2445,2428,2989,-1,-1
2640,2641,2504,2754,2724,2546,2742,2744,2483,2696,2481,35
2641,2696,2503,2481,2492,2754,2483,2753,2546,2565,-1,-1
243,2865,2506,241,2618,246,2243,239,2568,2244,249,2340
241,2244,239,2243,2505,243,236,2169,2865,2242,246,234
2759,2508,2509,269,271,2431,2835,273,2432,275,3125,2491
2432,3125,2507,2431,3033,2835,2759,2585,2509,2806,2910,-1
2431,269,2491,2507,2433,271,267,265,2432,2508,2759,2420
2685,2736,2620,2683,2511,2684,2496,2498,2621,2682,-1,-1
2510,2685,2496,2621,2620,2512,2502,2736,2629,-1,-1,-1
2629,2627,2502,2717,2628,2511,2621,-1,-1,-1,-1,-1
2674,2650,2649,2440,2460,2563,2463,2421,2454,2676,-1,-1
2385,2515,2245,2386,2550,2551,2247,2354,2217,-1,-1,-1
2514,2860,2247,2550,2245,2592,2385,2386,2470,-1,-1,-1
2361,2371,2318,2137,2359,1972,2218,2248,2188,-1,-1,-1
2698,2761,2449,2574,2602,2619,2358,2362,2573,-1,-1,-1
2471,2475,2689,2646,2473,2571,2596,2474,-1,-1,-1,-1
2462,2293,2439,2520,2441,2461,2292,2283,2564,-1,-1,-1
2292,2519,2462,2476,2293,2564,2275,-1,-1,-1,-1,-1
2046,2271,2522,2069,2239,2354,2013,2355,2228,2014,2295,2385
2551,2354,2521,2385,2239,2295,2046,2386,2069,2297,2240,-1
2525,2580,2533,2529,2437,2624,2453,2487,2524,-1,-1,-1
2531,2532,2455,2453,2539,2525,2538,2436,2562,2702,2523,-1
2532,2529,2524,2523,2453,2530,2531,2533,2558,2538,-1,-1
2436,2412,2438,2437,2397,2453,2455,2487,2454,2398,-1,-1
2528,2581,2651,2589,2652,2414,2740,2582,2378,2415,2707,2578
2740,2527,2415,2651,2414,2581,2493,2567,2652,2208,2707,-1
2558,2533,2525,2623,2523,2530,2532,2745,2624,2559,-1,-1
2532,2558,2738,2745,2538,2529,2746,2525,2531,-1,-1,-1
2532,2539,2538,2524,2702,2525,2455,2714,2845,2530,2562,2738
2531,2525,2538,2524,2530,2529,2738,2539,2702,2453,-1,-1
2529,2624,2623,2622,2523,2558,2687,2525,2580,-1,-1,-1
2554,2468,2381,2467,2425,2207,2535,2391,2309,2499,2597,-1
2468,2536,2597,2554,2553,2469,48,46,2401,2882,2467,2534
48,2535,46,2401,51,2469,2553,45,2468,53,2597,2692
2488,2607,2490,2547,2601,2450,2543,2451,-1,-1,-1,-1
2531,2532,2738,2714,2702,2530,2713,2524,2539,2746,2525,-1
2531,2562,2455,2845,2524,2702,2532,2538,2563,2454,2436,2453
2767,2541,2882,2499,2498,2597,2701,2709,2427,2708,2428,2685
2540,2708,2709,2882,2701,2498,38,41,36,2767,2683,2499
2544,2549,2543,2579,2489,2548,2488,2545,2819,-1,-1,-1
2488,2542,2548,2547,2549,2537,2489,2451,2544,-1,-1,-1
2819,2542,2545,2579,2598,2489,2605,2549,2583,2543,-1,-1
2667,2819,2544,2352,2489,2583,2542,2586,2605,2668,-1,-1
2482,2641,37,35,2483,39,2640,2503,40,2466,2504,2481
2548,2607,2543,2610,2609,2537,2616,2488,2549,2615,-1,-1
2549,2547,2615,2610,2543,2542,2599,2609,2660,-1,-1,-1
2548,2542,2579,2599,2615,2543,2612,2544,2610,2547,-1,-1
2514,2297,2551,2515,2385,2472,2592,2690,-1,-1,-1,-1
2385,2297,2522,2295,2550,2514,2296,2354,2239,2386,-1,-1
2088,2089,2196,2265,2019,2268,2267,2121,2087,2264,2213,-1
45,2597,43,2701,46,2535,2882,2536,41,48,2554,-1
2597,2468,2534,2499,2535,2425,2882,2467,2381,2553,2469,-1
2493,2568,2865,2340,2189,2567,2740,2618,2209,2642,2505,2243
2968,2626,2470,2860,2557,2705,2704,2706,2457,2247,-1,-1
2968,2704,2860,2556,2661,2592,2789,2591,2706,-1,-1,-1
2745,2529,2559,2623,2530,2533,2763,2746,2525,2930,2765,-1
2763,2765,2558,2745,2623,2764,2930,2687,2780,2779,2529,-1
2479,2695,2501,2561,2446,2671,2339,2593,2395,-1,-1,-1
2395,2346,2479,2339,2560,2364,2259,2363,2446,-1,-1,-1
2455,2563,2539,2845,2454,2436,2650,2524,2648,2531,-1,-1
2562,2649,2650,2513,2845,2454,2648,2674,2539,2455,-1,-1
2462,2625,2569,2633,2520,2476,2461,2570,2519,-1,-1,-1
2396,2696,2753,2394,2480,2492,2575,2424,2594,2504,-1,-1
2162,2286,2124,2161,2272,2223,2186,2274,2160,2349,2163,-1
2740,2568,2642,2651,2555,2493,2707,2618,2528,2643,2865,2415
2618,2567,2555,2865,2642,2505,2493,249,2740,246,2340,2707
2570,2633,2595,2564,2476,2571,2477,2596,2625,-1,-1,-1
2569,2477,2476,2571,2595,2475,2260,2596,2564,2633,-1,-1
2596,2570,2477,2475,2569,2646,2595,2518,2634,-1,-1,-1
2573,2837,2637,2758,2778,2608,2698,-1,-1,-1,-1,-1
2698,2572,2574,2452,2837,2608,2517,-1,-1,-1,-1,-1
2698,2452,2442,2517,2573,2619,2731,2369,2602,2761,2837,-1
2424,2492,2396,2305,2484,2565,2423,2696,2481,2307,2389,2394
2327,2668,2325,2352,2348,2353,2406,2326,2324,2667,2451,2285
2005,1922,2400,2055,1923,2004,2170,1802,2017,2094,2053,-1
2413,2378,2581,2582,2379,2398,2333,2485,2414,2411,2589,2527
2549,2612,2600,2542,2544,2599,2598,2819,-1,-1,-1,-1
2487,2486,2624,2523,2437,2657,2533,2411,-1,-1,-1,-1
2527,2578,2378,2582,2589,2414,2528,2413,2379,-1,-1,-1
2485,2578,2581,2589,2413,2587,2411,2527,2378,-1,-1,-1
2819,2605,2667,2584,2586,2545,2727,2418,2544,2999,-1,-1
2585,2727,2418,2999,2583,2586,3033,2432,2605,2667,3016,2420
2432,2418,2584,3033,2420,2999,2431,2586,2508,2403,2727,-1
2418,2667,2583,2353,2584,2403,2585,2352,2545,2420,-1,-1
2755,2589,2485,2582,2588,2658,-1,-1,-1,-1,-1,-1
2762,2755,2587,2657,2486,2485,2830,-1,-1,-1,-1,-1
2587,2527,2582,2652,2581,2658,2651,2485,2578,2755,-1,-1
2825,2691,2801,2591,2473,2472,2690,2787,2689,-1,-1,-1
2825,2590,2661,2592,2787,2472,2801,2557,-1,-1,-1,-1
2557,2591,2860,2515,2472,2550,2661,-1,-1,-1,-1,-1
2594,2671,2479,2480,2839,2753,2695,3298,2395,2560,2681,-1
2593,2753,2839,3298,2480,2671,2479,2696,2754,2565,2742,2679
2596,2569,2634,2633,2631,2630,2571,2570,-1,-1,-1,-1
2634,2571,2595,2646,2645,2630,2569,2518,2570,2644,-1,-1
2882,2554,2535,2553,2499,2701,2468,2540,2536,2541,2425,2534
2605,2819,2600,2604,2579,2544,2603,2727,2612,-1,-1,-1
2612,2615,2549,2654,2613,2579,2614,2548,2600,2660,-1,-1
2612,2635,2598,2604,2614,2579,2599,2656,-1,-1,-1,-1
2602,2606,2607,2450,2537,2608,2616,2698,2490,-1,-1,-1
2698,2601,2450,2517,2449,2608,2574,2606,-1,-1,-1,-1
2604,2605,2727,3016,2728,2729,2598,2999,2672,2819,-1,-1
2635,2603,2600,2672,2729,2598,2664,2605,2728,-1,-1,-1
2819,2727,2598,2603,2583,2544,2584,2604,2545,3016,2999,-1
2636,2616,2601,2608,2607,2637,2638,2639,2602,-1,-1,-1
2616,2547,2601,2537,2606,2609,2636,2638,-1,-1,-1,-1
2698,2606,2573,2637,2602,2601,2572,2636,-1,-1,-1,-1
2616,2669,2610,2638,2547,2607,2670,2548,2636,-1,-1,-1
2548,2615,2609,2660,2547,2670,2669,2549,-1,-1,-1,-1
2236,2133,2226,2241,2113,2227,2317,2316,2230,2328,2234,-1
2599,2614,2600,2654,2579,2635,2549,2613,2615,2653,2598,-1
2654,2677,2615,2660,2599,2678,2612,-1,-1,-1,-1,-1
2612,2656,2635,2654,2600,2653,2599,2664,2655,-1,-1,-1
2599,2548,2660,2610,2549,2613,2654,2612,2547,-1,-1,-1
2638,2607,2636,2606,2609,2669,2639,2601,2547,-1,-1,-1
2168,2189,2341,2340,2171,2147,2170,2209,2191,2555,-1,-1
2568,246,249,2505,2865,2642,243,2555,2567,251,241,2506
2731,2362,2761,2442,2574,2299,2517,2443,2357,2698,2452,-1
2510,2621,2736,2684,3178,2511,2685,2716,2683,2629,2682,2783
2629,2620,2716,2511,2512,3178,2510,2717,2719,2684,2736,-1
2687,2533,2624,2623,2686,2688,2832,2765,2864,2657,-1,-1
2558,2533,2687,2559,2622,2765,2529,2745,2624,2864,-1,-1
2533,2657,2622,2580,2523,2688,2623,2529,2486,-1,-1,-1
2461,2632,2633,2673,2564,2463,2462,2721,2569,2631,-1,-1
2435,2556,2470,2457,2705,2360,2968,2246,2434,2860,-1,-1
2717,2628,2694,2703,2512,2989,2629,2502,2711,2693,-1,-1
2627,2989,2502,2694,2500,2512,2717,2497,2680,2501,2703,-1
2621,2717,2719,2716,2512,2627,2711,2511,3178,2718,2620,-1
2634,2647,2631,2644,2595,2697,2596,2870,2645,2730,-1,-1
2730,2632,2630,2633,2595,2697,2625,2721,-1,-1,-1,-1
2625,2730,2673,2721,2631,2633,2463,2461,2676,-1,-1,-1
2625,2569,2632,2631,2595,2564,2673,2570,2730,-1,-1,-1
2596,2645,2644,2630,2646,2595,2571,2647,2766,-1,-1,-1
2664,2604,2600,2614,2656,2672,2612,2729,2662,-1,-1,-1
2639,2606,2616,2638,2637,2757,2607,2608,2849,2786,2609,2669
2636,2757,2572,2639,2608,2606,2758,-1,-1,-1,-1,-1
2616,2669,2636,2639,2849,2609,2606,2786,2795,2607,2670,-1
2636,2786,2757,2638,2849,2637,2616,2606,2785,2669,2897,-1
2503,2723,2744,35,2546,2724,33,2641,2725,37,2754,-1
2483,2504,2503,2546,2481,2482,2640,2492,2466,2754,2465,2696
251,2643,2568,249,2618,2567,2707,254,246,2651,2865,2555
254,251,2707,2642,2659,255,249,2567,2651,2652,258,2568
2645,2750,2634,2647,2630,2802,2766,3207,2751,2596,2646,3152
2766,2644,2634,2802,2646,2596,2750,2689,2791,2630,2790,-1
2596,2645,2518,2634,2689,2766,2571,2644,2791,-1,-1,-1
2870,2644,2630,2751,2750,2697,2634,3207,2752,-1,-1,-1
2649,2675,2845,2715,2563,2726,2562,2920,2676,-1,-1,-1
2674,2563,2648,2513,2676,2675,2463,2650,2845,2460,2720,-1
2513,2454,2421,2440,2563,2438,2562,2674,2460,2649,2436,-1
2707,2740,2528,2527,2567,2652,2643,2642,2415,2493,2589,2659
2651,2707,2589,2659,2527,2658,2643,2528,-1,-1,-1,-1
2654,2655,2614,2663,2656,2678,2612,2666,-1,-1,-1,-1
2613,2612,2653,2614,2599,2678,2615,2656,2677,-1,-1,-1
2665,2772,2656,2653,2666,2663,2662,2664,2773,2770,2614,-1
2664,2614,2635,2655,2662,2653,2665,2672,2654,2600,-1,-1
2624,2762,2486,2580,2588,2688,2622,-1,-1,-1,-1,-1
2755,2700,2652,2589,2587,2756,2659,2760,-1,-1,-1,-1
255,2643,258,254,2707,2652,2700,2658,251,2651,-1,-1
2794,2615,2610,2613,2677,2670,2950,2548,2599,-1,-1,-1
2591,2789,2704,2557,2787,2788,2592,2825,2968,-1,-1,-1
2665,2664,2770,2850,2656,2771,2655,2773,2672,2772,2635,-1
2666,2811,2653,2678,2655,2798,2799,2772,-1,-1,-1,-1
2672,2662,2635,2656,2850,2604,2614,2851,2665,2729,2655,2771
2770,2662,2772,2773,2655,2769,2656,2771,2666,2768,2664,-1
2663,2799,2772,2904,2798,2655,2769,2811,2665,2653,-1,-1
2586,2352,2545,2583,2353,2819,2418,2576,2668,2584,2489,2403
2451,2406,2352,2576,2348,2489,2490,2488,2325,2353,2667,2407
2638,2795,2670,2849,2609,2616,2829,2610,2639,2796,2636,-1
2669,2794,2795,2660,2610,2796,2609,2638,-1,-1,-1,-1
2695,2593,2839,2479,2560,2681,2594,2501,2680,2480,-1,-1
2664,2729,2635,2850,2604,2851,2662,2808,2656,2603,2728,-1
2463,2625,2632,2721,2676,2461,2674,2460,2720,2730,2633,-1
2463,2513,2649,2460,2676,2673,2440,2650,2563,2675,2461,-1
2720,2648,2676,2726,2649,2722,2674,2721,-1,-1,-1,-1
2674,2463,2720,2649,2675,2721,2673,2513,2460,2648,2722,2632
2950,2613,2794,2660,2678,2868,2887,2951,2654,-1,-1,-1
2811,2677,2663,2654,2613,2653,2868,-1,-1,-1,-1,-1
2838,2839,2821,2681,2741,2840,3298,2742,2594,-1,-1,-1
2989,2695,2693,2694,2681,2501,2671,2840,2628,2500,-1,-1
2680,2695,2839,2840,2671,2679,2693,2838,2593,2501,-1,-1
2736,2933,2783,2735,2684,2683,32,34,30,2510,2732,2620
2736,2510,2709,2685,2735,2682,2498,2541,2620,2684,34,-1
2783,2736,2732,2620,3178,2682,2510,2933,2733,3220,2621,2683
2510,2498,2496,2511,2683,2736,2428,2620,2767,2709,2540,-1
2832,2687,2805,2864,2866,2622,2688,2841,2765,2793,-1,-1
2765,2622,2864,2686,2623,2779,2805,2559,2533,2688,-1,-1
2832,2762,2622,2657,2686,2624,2831,2841,2687,-1,-1,-1
2691,2791,2766,2518,2646,2473,2645,2471,2590,-1,-1,-1
2296,2297,2471,2472,2473,2474,2590,2550,-1,-1,-1,-1
2791,2801,2689,2590,2473,2800,2825,2766,2790,-1,-1,-1
2401,2387,53,55,2390,2235,2469,51,56,2233,2536,-1
2694,2680,2710,2840,2703,2681,2989,2627,2695,2838,2712,-1
2989,2627,2693,2680,2628,2703,2717,2501,2710,2500,-1,-1
2671,2501,2680,2681,2560,2989,2839,2593,2479,2446,2693,-1
2753,2504,2492,2565,2754,2481,2594,2575,2503,2641,2480,3298
2730,2870,2752,2631,2630,2647,2749,2871,-1,-1,-1,-1
2602,2574,2573,2517,2608,2452,2601,2449,2619,2572,-1,-1
2211,2224,2229,2447,2210,2174,2045,2254,2405,2237,2193,-1
2760,258,260,2756,2658,2659,262,255,2828,2755,264,-1
41,2882,2708,43,2553,2541,38,2597,45,2540,2709,36
2531,2713,2539,2538,2845,2715,2714,2932,2532,2524,-1,-1
2627,2712,2694,2717,2711,2710,2693,2955,2628,2881,-1,-1
2789,2968,3064,2706,2557,2661,2788,2556,2834,2705,2857,-1
2457,2706,2968,2626,2797,2556,2458,2834,2435,2704,-1,-1
2834,2968,3064,2705,2704,2797,2789,2556,2939,2833,2557,-1
2643,2651,2642,2652,2659,2567,251,254,2740,255,2568,2527
38,2541,2701,36,41,2709,2882,43,2540,2735,34,-1
2541,2708,2683,2735,36,2498,38,34,2540,2701,2682,2685
2881,2693,2840,2712,2703,2867,2838,2694,2900,-1,-1,-1
2955,2719,2717,2712,2774,2703,2629,2627,2893,2900,2718,-1
2955,2881,2711,2703,2900,2710,2893,2717,3150,2693,-1,-1
3565,2932,2702,2714,2715,2737,2859,2538,2858,2920,-1,-1
2538,2738,2713,2737,2739,2702,3565,2531,-1,-1,-1,-1
2932,2920,2845,2648,2702,2713,2726,3565,2858,-1,-1,-1
2629,2719,3178,2718,2734,2621,2620,2717,2733,-1,-1,-1
2627,2629,2711,2719,2512,2703,2628,2621,2694,2716,2712,-1
2776,2734,2719,2716,2775,2774,2629,2874,2888,3178,2711,-1
2629,2711,2716,2718,2717,2774,2955,2621,2776,2734,-1,-1
2721,2722,2675,2676,2749,2730,2673,2748,2726,2649,-1,-1
2720,2730,2673,2632,2676,2749,2463,2722,2675,2625,2631,-1
2720,2747,2748,2675,2726,2749,2721,2871,2925,2676,-1,-1
33,2725,2640,2744,35,31,2818,2816,2724,2546,2503,29
2742,2744,2503,2754,2640,2741,2743,3298,2818,2723,-1,-1
2723,2816,2818,2744,31,33,2820,29,2640,2817,2945,-1
2920,2675,2722,2648,2919,2747,2715,2932,2720,2925,-1,-1
2605,2999,2584,2603,3016,2583,2819,3033,2728,2598,2806,2585
3016,2729,2808,2943,2603,2806,2807,2999,2851,2727,2813,2604
2728,2672,2808,2604,2603,2851,3016,2850,2635,2664,-1,-1
2632,2721,2631,2697,2749,2720,2673,2752,2633,2630,-1,-1
2443,2442,2299,2619,2298,2369,2362,2213,2300,2574,2452,-1
2733,2783,2684,3220,2784,3178,2933,3120,2734,2682,2736,2620
2732,3120,2734,2784,3178,2684,2783,3013,2716,2873,3220,2775
2733,2718,2716,3120,2775,3178,2873,2732,2776,2719,-1,-1
34,2682,2709,2683,36,32,2736,2933,2708,38,-1,-1
2510,2684,2682,2620,2683,2783,2685,2735,3178,2511,2933,2621
3565,2859,2927,2714,3048,3071,2713,2739,-1,-1,-1,-1
2746,2538,2714,2739,2530,2532,2745,2928,2930,2531,-1,-1
2927,2738,2746,2928,2929,2714,2737,2930,-1,-1,-1,-1
2528,2567,2493,2651,2415,2555,2527,2568,2707,2414,2209,2642
2742,2743,2821,3298,2679,2724,2754,2838,2822,2839,2744,-1
2741,2724,2754,3298,2743,2503,2753,2744,2594,2679,2696,-1
2741,2818,2883,2821,2744,2724,2822,2742,2820,-1,-1,-1
2725,2724,2818,2723,2640,2743,2503,2816,33,2742,2820,2741
2930,2558,2746,2763,2559,2530,2782,2928,2738,2623,2529,2780
2738,2930,2745,2928,2739,2530,2782,2763,2558,2538,-1,-1
2925,2748,2722,2919,2726,2916,2926,2917,2920,2871,-1,-1
2871,2747,2917,2722,2916,2749,2925,2752,2720,2872,-1,-1
2730,2871,2720,2748,2721,2722,2752,2697,-1,-1,-1,-1
3207,2644,3152,2802,2647,2751,2645,2954,3007,2870,-1,-1
2936,2870,3207,2647,2954,2750,2869,2953,2644,-1,-1,-1
2871,2870,2697,2872,2869,2749,2917,2748,2647,2730,-1,-1
2594,2696,2754,2565,3298,2480,2593,2742,2504,2839,2492,-1
2742,2696,2504,2753,2503,2724,3298,2741,2594,2641,2640,2492
2830,2756,2587,2658,2588,2762,2827,2700,2589,-1,-1,-1
2828,2760,2755,2700,2827,2830,2658,264,266,262,268,260
2892,2639,2786,2637,2785,2758,2636,2891,-1,-1,-1,-1
2892,2836,2757,2778,2572,2855,2637,-1,-1,-1,-1,-1
273,2507,271,275,2835,269,2508,2826,2509,277,2431,-1
262,2828,264,2700,260,2756,266,258,2827,268,2658,-1
2362,2358,2517,2357,2619,2449,2350,2299,2574,-1,-1,-1
2830,2688,2657,2831,2588,2832,2755,2827,-1,-1,-1,-1
2780,2930,2559,2782,2764,2745,2875,2792,2558,2765,2746,2928
2781,2780,2763,2765,2779,2559,2792,2921,288,290,3267,2782
2687,2559,2779,2864,2764,2623,2781,2763,2622,2558,2686,3267
2645,2791,2689,2802,2790,2646,2691,2644,3037,2634,2800,-1
2540,2428,2427,2499,2498,2496,2541,2882,2425,2685,2426,-1
2770,2773,2844,2992,2993,2771,2843,2665,2769,-1,-1,-1
2842,2773,2772,2904,2843,2665,2902,2666,2770,2903,2799,2768
2771,2665,2773,2662,2768,2850,2772,2992,2769,2655,-1,-1
2770,2852,2850,2992,2768,2662,2665,2773,3025,2664,2862,-1
2769,2665,2666,2773,2655,2904,2842,2770,2799,2663,2662,2843
2769,2770,2665,2772,2768,2843,2842,2771,2662,2844,2904,2655
2955,2776,2893,2719,2718,2888,2711,2901,2874,-1,-1,-1
2890,2776,2873,2734,2718,3120,2874,3014,2733,1,-1,-1
2874,2718,2888,2775,2774,2890,2889,2734,2719,2893,2901,3
2409,2836,2939,2410,2797,2778,2458,2834,-1,-1,-1,-1
2836,2837,2410,2758,2572,2777,2939,2367,-1,-1,-1,-1
3267,2864,2781,2765,2793,2764,288,286,2687,2805,2559,2921
2792,2763,2875,2782,2764,2930,293,2781,295,292,290,2559
288,2921,2764,2779,3267,290,2792,286,2780,2765,2793,292
2930,2875,2780,2763,2935,2928,295,296,2745,297,2792,2746
2933,2684,2732,3220,2682,2736,30,32,3178,2733,2784,28
3019,2733,2732,3220,3013,3120,26,23,21,28,2783,18
2786,2891,2975,2892,2971,2757,2897,2639,-1,-1,-1,-1
2639,2785,2849,2897,2757,2975,2638,2829,2892,2636,-1,-1
2825,2788,2824,2661,2591,2823,2789,2801,2590,-1,-1,-1
2789,2787,2823,2857,2661,2704,3064,2824,2825,2911,-1,-1
2788,2704,3064,2857,2661,2787,2706,2823,2968,2557,2833,2834
3037,2791,2800,2766,2802,2967,3152,3334,2691,3035,2645,-1
2691,2766,2790,2800,2689,2801,2802,2645,3037,2646,-1,-1
290,2780,2921,292,2781,293,2875,2764,288,295,2763,2782
3267,2805,2803,2864,2804,284,2779,286,283,2866,288,2781
2950,2796,2660,2670,2677,2951,2887,2795,-1,-1,-1,-1
2829,2669,2796,2895,2670,2849,2638,2896,2794,2897,-1,-1
2895,2795,2951,2794,2952,2670,2950,2829,2898,2669,-1,-1
2834,2939,2706,2458,2705,2777,2457,2409,3064,2968,2836,-1
2799,2811,2666,2809,2810,2663,2812,2904,-1,-1,-1,-1
2798,2904,2666,2812,2902,2772,2810,2663,2769,2842,2811,-1
2801,2791,2790,3334,2824,2691,2967,2825,3037,2766,-1,-1
2825,2691,2800,2824,2590,2791,2787,3334,2591,-1,-1,-1
2645,3152,2766,3037,2750,2790,2644,3207,2791,3035,-1,-1
283,2804,284,2793,281,278,286,2805,3267,2931,276,2866
2803,2931,2805,278,2793,2866,281,276,283,284,274,2864
2866,2864,2793,2804,2686,2931,2803,2687,2779,2832,3267,2841
2943,3125,2999,3016,3033,2910,2813,2728,2908,2508,2727,-1
2813,2808,2815,2909,2943,2814,2908,2728,2851,2863,2914,-1
2807,2728,2851,2729,2943,2814,2813,3016,2815,2672,2909,-1
2886,2811,3213,2798,2810,2854,2868,2964,2885,-1,-1,-1
2846,2854,2812,2853,2798,2809,2799,2886,-1,-1,-1,-1
2663,2868,2798,2809,2678,2666,3213,2799,-1,-1,-1,-1
2799,2902,2846,2810,2904,2847,2848,2798,2842,-1,-1,-1
2908,2807,2943,2909,2815,2914,2808,2910,2806,3026,2728,-1
2862,2815,2807,2863,2851,2852,2808,2861,2909,3025,-1,-1
2909,2863,2807,2814,2915,2813,2914,2808,2861,2862,3241,2908
2725,2817,2820,29,2945,2818,31,27,2949,2723,25,2744
27,25,2949,2945,2816,29,24,2820,22,2947,31,2725
2820,2725,2744,2883,2816,2743,2945,2723,2948,2724,-1,-1
2605,2544,2545,2583,2598,2727,2667,2542,2579,2603,2489,-1
2945,2818,2948,2883,2816,2817,2725,2884,2947,2949,2743,2946
2838,2822,2741,2679,2743,2867,2840,2883,2880,-1,-1,-1
2821,2883,2884,2880,2743,2867,2838,2982,2741,-1,-1,-1
2788,2911,2912,2824,3283,2787,2857,2789,3334,-1,-1,-1
3334,2801,2825,2787,2800,2912,2823,2788,3036,-1,-1,-1
2801,2787,2590,2591,2824,2691,2661,2800,2788,-1,-1,-1
3012,275,3026,2835,277,279,280,2910,2759,3011,-1,-1
268,2828,266,270,2830,2756,2831,264,272,2760,2755,2762
266,264,2760,2827,2756,268,262,2700,270,2830,260,-1
2896,2795,2895,2849,2897,2669,2898,2796,2894,2786,-1,-1
2755,2762,2827,2756,2831,2588,2828,268,270,-1,-1,-1
2841,272,2832,2762,2830,270,2827,2688,268,274,-1,-1
2841,2686,2688,2866,2831,272,274,2805,2762,2622,2931,-1
2834,3064,2855,2856,2939,2857,2891,2706,2789,2836,-1,-1
2706,2939,3064,2797,2833,2704,2705,2855,2968,2777,2789,2836
2759,3125,2826,2508,2507,2910,275,273,271,3026,-1,-1
2939,2778,2855,2758,2777,2892,2410,2834,2797,2833,-1,-1
2452,2778,2573,2367,2410,2572,2369,2574,-1,-1,-1,-1
2840,2821,2679,2867,2822,2681,2710,2741,2693,-1,-1,-1
2594,2593,2671,2679,3298,2681,2695,2753,2479,2480,2741,-1
2838,2693,2710,2681,2679,2867,2821,2680,2881,-1,-1,-1
2832,272,274,2866,2831,270,2931,2686,276,2688,2805,-1
2769,2902,2903,2904,2843,2773,2772,2847,2799,2983,2812,-1
2842,2844,2769,2773,2983,2903,2768,2772,2902,2904,-1,-1
2993,2843,2983,3050,2768,3119,2773,3017,2984,-1,-1,-1
2562,2539,2648,2715,2563,2702,2531,2455,2649,-1,-1,-1
2853,2848,2810,2812,2876,2847,2854,-1,-1,-1,-1,-1
2902,2848,2877,2973,2903,2812,2842,2878,2846,-1,-1,-1
2847,2846,2878,2877,2876,2812,2902,-1,-1,-1,-1,-1
2829,2786,2638,2669,2795,2639,2897,2636,2896,-1,-1,-1
2664,2851,2771,2662,2672,2852,2770,2729,-1,-1,-1,-1
2808,2850,2672,2729,2852,2814,2807,2728,2862,2664,-1,-1
2862,2771,2850,3025,2851,2814,2992,2861,-1,-1,-1,-1
2846,2956,2905,2854,2810,2876,-1,-1,-1,-1,-1,-1
2964,2886,2960,2810,2853,2956,2809,2963,2846,-1,-1,-1
2892,2891,2836,2833,2939,2758,2856,2834,-1,-1,-1,-1
2891,2911,2833,2971,2857,2970,2855,-1,-1,-1,-1,-1
2911,2789,2788,3064,2833,2856,2823,2704,2834,-1,-1,-1
2918,2932,2859,3565,2920,2919,2957,2713,3048,2942,2715,-1
3565,3048,2957,2858,2737,2932,3071,2713,2918,3043,-1,-1
2515,2557,2556,2470,2247,2592,2968,2245,2626,-1,-1,-1
2862,3082,3025,2863,3469,3208,2814,2852,2815,3081,3241,-1
2861,2852,2814,3025,2863,2992,2851,2815,3082,3208,2771,-1
2815,3082,2861,3241,2915,2814,2862,2909,3469,3081,2807,-1
2805,2779,2687,2765,2793,2686,3267,2866,2804,2622,2764,2623
2505,2568,2555,2618,2340,2243,2506,243,246,2567,241,2189
2805,2931,2841,2832,274,2804,2686,276,272,2864,2793,278
2838,2881,2880,2840,2710,2821,2822,2879,-1,-1,-1,-1
2811,3213,2950,2887,2677,2678,2809,-1,-1,-1,-1,-1
2936,2872,2870,2937,2751,2752,2938,2953,2871,2954,-1,-1
2752,2647,2751,2697,2869,2936,2872,2871,2630,2750,-1,-1
2752,2748,2917,2872,2749,2916,2870,2869,2722,2697,2747,-1
2917,2869,2871,2924,2752,2937,2870,2748,2916,2938,-1,-1
3014,3120,3015,2890,2775,3013,7,0,9,1,2734,2733
2890,2776,3,2889,2,2888,2775,4,1,3014,5,2718
295,2782,293,2780,296,2792,2935,292,297,2763,2930,2928
2906,2846,2905,2848,2878,2853,2907,-1,-1,-1,-1,-1
2878,2973,3227,2972,2847,2848,3022,2974,-1,-1,-1,-1
2877,3022,2906,2848,2972,2876,2976,3227,2847,-1,-1,-1
3150,2881,2969,2880,2990,2900,2867,3070,-1,-1,-1,-1
2982,2969,2822,2884,2879,2867,3046,2821,3199,-1,-1,-1
2710,2879,2712,2900,2867,3150,2955,2840,2703,-1,-1,-1
2597,2701,2540,2541,2499,2553,2708,2554,41,2767,2535,43
2820,2884,2818,2948,2822,2743,2945,2821,2816,2946,2982,2744
2982,2883,2948,2822,2880,2946,2981,2820,3046,2969,-1,-1
3213,2963,3212,2886,2964,2887,3113,3009,2809,2960,-1,-1
2964,2885,3213,2809,2854,2963,2960,3212,2887,2810,-1,-1
2950,3213,2951,3212,2868,2885,2794,2677,2952,2886,-1,-1
2889,2901,2776,2893,2874,2940,2774,4,5,3,2955,2899
4,2888,5,3,2940,2874,2901,6,2,2776,2893,2890
3014,1,2874,2775,2,2873,0,3,2776,7,3015,3120
2892,2971,2856,2855,2785,2833,2975,2757,-1,-1,-1,-1
2891,2757,2855,2758,2785,2836,2786,2971,-1,-1,-1,-1
2901,2955,2888,2899,2774,2900,2940,3150,2711,2712,2889,2776
3004,2896,2975,2897,2991,2944,2829,3006,2898,2971,3059,-1
2898,2796,2829,2896,2795,2952,2951,3005,2944,-1,-1,-1
2829,2894,2898,2895,2944,2897,3004,2795,2975,3005,2849,-1
2829,2975,2786,2894,2896,2849,2785,2639,2795,-1,-1,-1
3005,2895,2896,2944,2952,2829,3009,2796,3003,2894,-1,-1
2977,2901,3150,2940,2893,2990,2900,8,10,6,11,2888
3150,2955,2881,2712,2893,2899,2879,2990,2901,2711,2710,-1
2940,2893,2888,2899,2889,6,5,8,2955,2977,2774,2900
2842,2847,2904,2812,2903,2799,2769,2848,2973,2843,-1,-1
2842,3018,2902,2973,2847,2983,2843,2984,2769,-1,-1,-1
2799,2769,2842,2902,2666,2772,2812,2798,2773,2843,-1,-1
2985,2962,2853,2956,2907,2876,-1,-1,-1,-1,-1,-1
2976,2878,3022,2994,2907,2876,3101,3001,2972,-1,-1,-1
3101,2962,2906,2905,2994,2987,2876,3000,-1,-1,-1,-1
2813,2910,2909,2914,3026,2943,2807,2806,3125,2815,2913,2915
2813,2815,2914,2908,2807,2915,2943,2863,3026,2913,2814,2910
2908,3125,3026,2835,2806,2813,2826,2943,2914,2508,2909,-1
2970,2857,3283,2823,2856,2788,2912,2971,-1,-1,-1,-1
3036,3334,3283,2823,2824,3128,2911,-1,-1,-1,-1,-1
3098,2914,3011,3026,3012,2915,3083,3045,2909,3068,2908,280
2909,2913,3026,2908,2915,2813,2815,3012,3098,2910,2807,3011
2914,2909,2815,3241,3083,2863,2913,3098,3082,2908,-1,-1
2917,2925,2923,2748,2922,2926,2747,2924,2871,2872,3416,2919
2916,2871,2872,2748,2924,2752,2922,2925,2747,2923,2937,-1
2858,2942,2926,2919,2957,2925,2920,2859,2941,-1,-1,-1
2925,2920,2918,2747,2858,2926,2726,2932,2916,-1,-1,-1
2932,2726,2919,2715,2858,3565,2918,2713,2648,2747,-1,-1
290,288,2792,2781,292,286,3267,293,2764,2780,2779,-1
3416,2923,2965,2924,3063,2916,2917,2966,2941,3027,2926,2980
3416,2922,2926,2916,2941,2925,3063,2924,3027,2942,2965,2917
2922,2965,2937,2917,2872,2966,2916,2923,3063,3416,-1,-1
2747,2926,2916,2919,2923,2748,2918,2917,2722,2726,-1,-1
2925,2923,2918,2942,2919,2916,2941,2747,3416,2922,-1,-1
2934,2739,3071,2929,2737,3058,3048,3030,2928,-1,-1,-1
2930,2935,2746,2929,2782,2739,297,2745,2763,298,2738,2875
3058,2928,2927,298,2935,2739,2934,300,297,3032,-1,-1
2782,2763,2745,2928,2746,2780,2935,2559,2875,2558,2738,2739
276,2804,278,2866,274,2805,2841,281,2803,2793,272,2832
2920,3565,2713,2715,2858,2859,2702,2919,2726,-1,-1,-1
30,2783,32,2682,3220,28,2684,2732,2735,34,2736,-1
3058,3032,2927,3071,3030,3031,2929,300,298,-1,-1,-1
297,296,2928,2782,298,2875,2929,295,2930,3058,300,2780
2953,2869,2954,2938,2751,3207,2870,2937,3079,3008,-1,-1
2938,2924,2966,2872,2979,2869,2965,2936,2917,-1,-1,-1
2953,2937,2936,2979,3008,2869,2954,2966,2872,-1,-1,-1
2834,2836,2797,2855,2833,2777,2706,3064,2778,-1,-1,-1
2901,6,5,2889,8,2899,2888,4,2893,2977,10,3
3416,2958,2923,2942,3027,2926,3075,2922,3063,2918,-1,-1
2918,2958,2941,2957,2926,3044,2923,2858,-1,-1,-1,-1
2813,2806,2807,2728,2908,3016,2808,2910,2909,3125,2999,-1
3006,2898,3004,2896,3005,2894,3003,2895,3061,3059,-1,-1
2949,2820,2817,2948,2947,2816,25,22,24,27,2946,2818
2981,2948,2947,17,2982,19,2884,16,3046,20,2945,15
20,22,2949,2946,2945,19,2948,24,17,2981,2817,2820
2820,2946,2945,2884,2947,2883,2982,2949,2981,2818,2816,2817
24,22,25,2945,2817,2947,27,20,2948,2816,2820,29
2887,2677,2794,2951,2868,3213,2796,2660,3212,-1,-1,-1
2887,2950,2952,2796,2794,3212,2895,3213,3009,2677,-1,-1
2951,2898,3009,2895,3005,2796,3212,2887,-1,-1,-1,-1
2936,2938,2954,3079,3008,2979,2751,2869,3007,3077,3207,3526
3207,2936,2953,3007,3079,2751,2750,3152,2938,2869,3072,3526
2893,2711,2712,2900,2774,2901,2719,2888,2881,2899,3150,2703
2985,2960,2853,2961,2905,2854,2964,2959,-1,-1,-1,-1
2859,3048,2942,2918,3044,2858,3043,3565,2958,-1,-1,-1
3044,3075,2942,2941,3055,3027,2957,-1,-1,-1,-1,-1
2961,3076,2986,3092,2985,3093,2998,2956,-1,-1,-1,-1
2964,3141,2961,2956,2854,2963,2886,2985,3140,2885,3093,-1
2960,2959,3141,2985,2956,3093,2964,3140,2986,-1,-1,-1
2986,2988,2985,2907,2987,2905,3101,2998,-1,-1,-1,-1
2885,2964,3113,3141,2886,2960,3212,3140,3213,2854,3009,-1
2960,2886,2963,2854,2885,3141,2956,2809,2961,3213,3113,-1
2966,3063,2922,2980,2924,3416,2937,2978,2923,3027,2979,3056
2965,2979,2937,2978,2980,2924,3063,2922,2938,3080,-1,-1
3037,3334,3036,3035,3038,2790,3034,2800,-1,-1,-1,-1
2556,2704,2706,2557,2705,2626,3064,2789,2860,2834,2661,2797
3199,3070,3046,2982,2880,2990,2879,14,15,3150,12,2981
2911,2971,3283,2991,3131,2856,2975,-1,-1,-1,-1,-1
2975,2891,2970,2785,2856,2991,2911,2892,2894,-1,-1,-1
3227,3022,3024,2877,2878,3028,2976,2973,2974,2906,3029,-1
3018,2877,3227,2974,2847,2903,2972,2984,2902,-1,-1,-1
3227,3179,3018,3175,2973,3028,2984,2972,3229,3228,2877,-1
2971,2894,2897,2785,2991,2786,3004,2891,2896,2970,-1,-1
3022,3001,2994,2906,3024,3002,2972,2878,3020,3101,3023,-1
10,2899,11,8,2990,3070,3150,12,2940,6,2901,-1
3240,2980,3080,2966,2979,3062,2965,3254,3304,-1,-1,-1
2966,2938,3080,2978,2937,3008,2953,2965,-1,-1,-1,-1
3063,2965,2978,2966,3062,3056,3240,2922,3027,-1,-1,-1
2946,3046,16,17,2982,15,19,3199,2884,2947,2948,14
3046,2884,2981,2969,2946,2880,3199,16,15,2948,17,2822
2984,2844,3018,3017,2843,2903,3050,3175,2842,-1,-1,-1
3017,3018,3175,2983,3088,2974,3050,2903,2973,3051,3179,2844
2986,2956,2962,2961,2959,2905,2960,2988,3076,-1,-1,-1
2988,2998,2985,2959,3076,2962,2996,3282,2961,3092,2987,-1
3101,2988,2962,3000,2995,2997,2907,2994,2996,2986,3100,-1
2996,2998,2986,2987,2995,2962,3076,2997,3117,3101,2985,3282
2680,2694,2501,2628,2500,2695,2627,2693,2446,2502,-1,-1
3150,3070,2977,2969,2899,11,2879,12,10,3199,2900,14
3004,2975,3131,2970,2894,2971,3059,-1,-1,-1,-1,-1
3025,2771,2768,2993,3209,2852,2862,2770,3208,-1,-1,-1
2844,3119,3209,2768,2992,3050,3025,3085,-1,-1,-1,-1
3101,2976,3002,2906,3000,3001,2907,3022,2987,3039,-1,-1
2996,2997,2988,3102,3109,2987,2998,3117,3000,3110,3103,-1
2998,2995,3117,3109,2988,3282,3102,2986,2987,3076,3108,2997
3100,2995,3102,3000,3103,2987,3101,2988,3039,2996,3104,-1
2996,3282,3076,2988,2986,3117,3173,2995,3109,2959,3157,2962
3016,3033,2727,2806,2584,2585,3125,2728,2603,2943,2605,2432
3101,3100,3002,2997,2994,3039,2987,3104,3001,2907,2995,3103
2976,3002,3020,3021,2994,3024,3022,3023,3039,2906,3042,3000
3039,3001,2994,3000,3021,2976,3100,3101,3020,3040,3104,-1
3060,3005,3006,3061,3188,3010,2944,2898,3009,-1,-1,-1
3006,2894,3059,2991,2944,2896,2975,3131,3061,-1,-1,-1
2898,3009,3010,3003,2952,2944,2895,3006,3188,2896,-1,-1
3061,3004,2944,3059,3003,3130,3060,2894,3005,-1,-1,-1
3207,3072,3152,2954,3035,3079,3526,2750,3037,2953,3074,3038
2953,3078,2979,3080,2938,3077,3079,3412,3526,2936,-1,-1
3010,3212,3005,2952,3113,2885,2898,2963,3114,2951,3003,-1
3009,3188,3114,3005,3113,3003,3145,3060,3140,-1,-1,-1
3012,3045,282,280,3098,2913,279,285,3026,3068,287,3069
280,3011,3026,2826,279,2913,282,277,2914,3098,3045,275
3015,3019,13,3120,2784,2873,18,9,21,7,23,3014
0,7,2873,2890,1,3015,9,2,2775,3013,3120,2874
9,7,3013,2873,3014,13,0,3120,18,2890,3019,1
2728,2999,2806,2727,2603,2943,2729,3033,2808,2605,2584,-1
2984,3051,3088,3050,3175,2983,3018,2844,3087,3085,-1,-1
2984,2973,2974,3175,2903,2983,3017,3227,3179,-1,-1,-1
21,23,2784,3013,18,26,13,3220,28,3015,3120,-1
3023,3042,3001,3021,3024,3115,3029,2976,3002,3041,-1,-1
3020,3040,3039,3042,3002,3001,3041,3023,3104,-1,-1,-1
2976,2972,2878,2906,3024,3001,2877,2994,3227,-1,-1,-1
3020,3029,3115,3024,3042,3158,3001,3028,3291,3021,2976,-1
3023,3022,2972,2976,3020,3029,3001,3028,3227,3115,-1,-1
2862,2992,2861,3208,3209,2852,3469,2771,2814,2993,-1,-1
2914,3012,2908,2826,2910,2913,3011,2909,2813,280,2835,-1
3096,3416,3063,3075,2941,3056,3095,2922,2958,2923,2965,2980
3029,3227,3179,2974,3291,2972,3228,3024,3023,3158,-1,-1
3023,3158,3291,3028,3115,3024,3020,3228,3196,2972,3159,-1
3031,3071,3043,3049,2934,3048,3032,2927,3200,-1,-1,-1
3030,3032,3089,3049,3200,2934,3057,3071,3058,302,300,-1
300,3058,302,3031,2934,3089,3057,298,304,3030,2929,3090
2999,2585,2432,3125,2806,2508,2584,3016,2727,2431,2418,-1
3038,3036,3151,3128,3073,2967,3074,3129,3035,3334,-1,-1
3037,3038,3152,3072,3007,2967,3074,3207,2790,3034,2802,-1
3334,3034,2912,3128,2967,3038,3283,3151,2824,-1,-1,-1
2790,3152,3035,2967,2802,3038,3007,2800,2766,2791,3207,-1
3074,3035,3034,3073,3072,2967,3036,3037,3151,3211,3007,-1
3002,3100,3104,3021,3040,3000,3001,3103,2997,3299,2994,-1
3104,3021,3041,3039,3105,3106,3299,3042,3002,3100,3329,-1
3042,3231,3106,3040,3021,3160,3020,3230,3115,-1,-1,-1
3041,3020,3115,3021,3160,3023,3040,3231,3001,-1,-1,-1
3030,3048,3044,3049,3071,2957,3047,2859,-1,-1,-1,-1
2958,3043,3055,2942,2957,3047,3048,-1,-1,-1,-1,-1
3011,3069,285,3098,287,282,3068,289,2913,280,291,3012
3199,2981,15,2982,16,2969,14,2946,17,3070,12,2884
3049,3055,3054,3052,3044,3053,3043,-1,-1,-1,-1,-1
2859,3071,2957,3043,2737,3565,3030,2927,2858,3044,-1,-1
3030,3031,3200,3047,3043,3053,-1,-1,-1,-1,-1,-1
3017,3119,2844,3085,3051,2993,2983,2984,-1,-1,-1,-1
3017,3085,3087,3088,3301,3050,3119,2984,3086,-1,-1,-1
3054,3418,3053,3047,3066,3065,3094,3067,3055,-1,-1,-1
3052,3065,3200,3418,3049,3365,3047,3054,-1,-1,-1,-1
3052,3094,3055,3047,3066,3418,3137,3053,3095,3135,-1,-1
3054,2958,3075,3047,3094,3044,3095,3052,-1,-1,-1,-1
3096,3063,2980,3111,3027,3112,3062,3095,2965,-1,-1,-1
304,3090,3089,306,302,3091,308,3032,300,3031,3200,310
300,2929,2934,298,3032,302,2927,297,2935,3031,2928,-1
3129,3004,3006,3131,3130,3061,2991,3151,2944,2894,3128,-1
3188,3138,3061,3003,3187,3145,3006,3205,3010,3130,-1,-1
3006,3130,3060,3138,3003,3059,3004,3129,3139,2944,3188,-1
3254,2980,3149,3240,2978,3111,3056,3226,-1,-1,-1,-1
2965,3416,3027,2980,2922,3056,3096,2966,2923,2941,2924,-1
2789,2834,2706,2704,2833,2857,2788,2968,2939,2797,-1,-1
3418,3183,3365,3167,3053,3052,3067,3242,3200,-1,-1,-1
3067,3137,3418,3052,3054,3194,3094,3164,3135,3153,3171,-1
3171,3418,3164,3066,3167,3194,3065,3165,3052,3166,-1,-1
3069,3098,3099,3097,3083,3045,291,289,287,2913,3011,294
289,291,287,3068,3045,3097,285,294,3098,3099,3011,282
12,3199,2990,14,11,2969,2977,15,3046,10,3150,2879
3048,3030,2927,2934,2737,3043,2859,3031,-1,-1,-1,-1
3074,3526,3007,3035,3211,3038,3079,3073,3152,3077,2954,-1
3074,3139,3151,3038,3210,3211,3034,3072,3421,3130,-1,-1
3073,3072,3038,3211,3526,3035,3210,3034,3007,3139,3151,3154
3095,2958,3096,3055,3027,2941,3094,3135,3416,-1,-1,-1
2998,3282,3092,2959,2986,3173,3117,2988,2996,3174,3093,3157
3526,3412,3079,3154,3211,3078,3008,3143,3132,3072,2953,-1
3412,3132,3304,3080,3134,3008,3077,3133,3143,-1,-1,-1
3526,2953,2954,3007,3077,3072,3008,3211,2936,3207,-1,-1
3304,2979,2978,3240,3078,3008,3134,2966,-1,-1,-1,-1
3082,3488,3480,3469,3241,3244,3339,3338,3217,2863,2861,-1
3469,3081,2863,2861,3241,3480,3208,2862,3244,2815,2915,3217
3098,3241,3068,2915,3244,3099,2913,2914,-1,-1,-1,-1
3127,3301,3087,3300,3290,3126,3086,-1,-1,-1,-1,-1
3119,3086,3051,3301,3050,3118,2993,3017,3209,-1,-1,-1
3218,3301,3085,3118,3290,3119,3084,3051,3219,-1,-1,-1
3088,3051,3204,3301,3084,3126,3277,3127,3017,-1,-1,-1
3204,3017,3229,3087,3175,3051,2984,3179,3270,-1,-1,-1
3057,3090,3031,3032,3200,3091,304,302,306,308,300,-1
3091,306,3057,308,3089,304,3201,310,3200,302,3365,311
3090,3201,3365,3200,3089,308,3057,306,310,304,3214,311
3076,3161,3173,2959,3174,3093,3282,3163,2986,2998,-1,-1
3140,3163,3092,2959,2961,3141,3161,3076,2960,-1,-1,-1
3054,3095,3135,3137,3055,3075,3066,3052,3136,3096,3112,-1
3135,3096,3094,3075,3112,3027,3136,3055,3137,3056,3054,-1
3095,3027,3112,3056,3075,3135,3063,3416,3111,3094,-1,-1
294,291,3202,3099,3069,299,3068,289,301,3203,287,3045
2913,3068,3045,3083,3011,3069,2915,2914,3012,3099,282,-1
3068,3097,3203,3244,3202,3083,3339,3069,294,3098,299,-1
3039,2997,3103,3104,3000,3299,3002,3102,3040,3122,2987,-1
2987,2994,2907,3000,2962,3002,2906,2997,2988,2976,-1,-1
3110,3107,2995,2997,3103,3109,3108,2996,3100,3122,3124,-1
3100,3122,3299,3107,3102,2997,3104,3039,3385,3123,3000,2995
3299,3100,3039,3040,3105,3103,3122,3385,3021,3000,3002,2997
3299,3384,3329,3040,3104,3106,3385,3501,3122,-1,-1,-1
3329,3231,3041,3040,3105,3423,3384,-1,-1,-1,-1,-1
3122,3124,3110,3102,3123,3103,3121,3299,-1,-1,-1,-1
3176,3110,3109,3116,3117,3156,3102,3124,3238,2996,-1,-1
3108,2996,3117,3110,3102,2995,3116,3176,2998,2988,-1,-1
3108,3124,3102,3107,3176,3109,3177,3116,2995,3103,-1,-1
3148,3112,3149,3056,3146,3062,3147,3096,3180,-1,-1,-1
3096,3135,3095,3146,3111,3136,3056,3148,3094,3027,-1,-1
2963,3114,3140,3009,3010,3141,3212,2885,2964,-1,-1,-1
3140,3145,3188,3010,3113,3163,3141,3187,3009,3162,-1,-1
3023,3158,3042,3029,3020,3160,3159,3291,3041,3024,3196,-1
3108,3156,3117,3157,3109,3176,3155,3110,3282,2996,-1,-1
3282,2996,3157,3109,2998,3116,3108,3173,3076,2995,2988,-1
3217,3086,3119,3085,3218,3209,3208,3219,-1,-1,-1,-1
3085,3209,2993,3050,3118,3086,2844,3208,3051,-1,-1,-1
2873,2733,2734,3013,2775,2784,3015,2732,3014,3019,2890,3178
3302,3124,3236,3177,3123,3107,3467,3237,3309,3292,3122,-1
3299,3123,3107,3385,3103,3467,3104,3124,3102,3501,3105,3100
3122,3467,3121,3107,3302,3124,3385,3309,3299,3501,3103,3236
3121,3177,3110,3107,3123,3176,3108,3236,3122,3302,3102,3238
2508,2910,2806,3033,2835,2432,2999,2908,2943,2507,-1,-1
3277,3127,3087,3204,3278,3276,3084,-1,-1,-1,-1,-1
3084,3278,3300,3126,3320,3321,3087,3324,3290,3276,-1,-1
3036,3129,3131,3034,3283,2912,3151,3334,3059,-1,-1,-1
3151,3059,3128,3130,3131,3034,3061,3139,-1,-1,-1,-1
3061,3129,3139,3151,3059,3138,3006,3060,3421,3073,-1,-1
3129,3283,2991,3128,3059,2970,3004,-1,-1,-1,-1,-1
3133,3412,3143,3134,3078,3235,3144,3154,3142,3304,3077,-1
3132,3144,3134,3142,3235,3143,3412,3274,3275,3078,3304,3255
3304,3133,3132,3142,3255,3078,3144,3412,3080,3240,3252,-1
3095,3136,3137,3094,3112,3096,3153,3146,3075,3066,3054,-1
3135,3146,3153,3137,3181,3112,3180,3095,3194,3094,3185,-1
3135,3153,3194,3136,3066,3094,3095,3054,3181,3185,3164,-1
3060,3421,3205,3139,3061,3130,3187,3188,3210,-1,-1,-1
3421,3130,3073,3210,3138,3151,3205,3061,3129,3074,-1,-1
3141,3114,3163,3093,3113,3145,2963,2961,2960,3161,3010,-1
3140,2960,2963,2961,3093,3113,2964,3114,3163,-1,-1,-1
3133,3252,3144,3134,3274,3255,3132,3386,3253,3304,3235,-1
3412,3154,3132,3235,3303,3133,3371,3077,3210,3078,-1,-1
3133,3275,3142,3274,3235,3132,3371,3134,3252,3234,-1,-1
3114,3163,3187,3162,3188,3140,3060,3206,3010,3161,-1,-1
3136,3180,3148,3112,3111,3181,3135,3153,3216,3147,-1,-1
3148,3225,3295,3149,3216,3180,3226,3224,3111,3551,3146,3253
3147,3180,3146,3111,3149,3216,3225,3295,3112,3181,-1,-1
3147,3254,3226,3148,3225,3111,3062,3240,3253,-1,-1,-1
2990,2900,2879,2899,2977,2881,2893,2969,3070,2901,2955,2712
3129,3034,3130,3073,3139,3128,3038,3059,3036,3074,-1,-1
3207,3037,3007,2802,3035,2750,2790,2954,3072,2644,-1,-1
3194,3181,3136,3185,3137,3168,3135,3146,3333,3180,3164,3066
3143,3412,3210,3211,3077,3303,3526,3132,3421,3074,-1,-1
3157,3233,3232,3272,3116,3156,3234,-1,-1,-1,-1,-1
3116,3286,3232,3176,3238,3155,3108,3280,-1,-1,-1,-1
3282,3272,3117,3173,3155,3116,2998,3174,3076,-1,-1,-1
3291,3159,3115,3029,3196,3023,3271,3160,3198,3228,3028,-1
3198,3158,3196,3115,3160,3195,3197,3291,3636,3029,-1,-1
3230,3197,3042,3115,3159,3231,3041,3198,3158,-1,-1,-1
3092,3163,3174,3162,3093,3172,3173,3145,3140,3273,-1,-1
3145,3206,3163,3161,3172,3187,3205,3371,3114,3174,-1,-1
3140,3145,3161,3162,3114,3093,3141,3092,3188,3187,-1,-1
3171,3194,3168,3067,3186,3166,3066,3185,3165,3153,3167,3137
3171,3374,3388,3167,3182,3166,3067,3183,3164,3170,3335,-1
3186,3374,3171,3170,3165,3164,3169,3168,3388,3190,3067,-1
3183,3171,3067,3065,3165,3418,3182,3164,-1,-1,-1,-1
3186,3185,3194,3164,3184,3153,3333,3166,3169,3171,-1,-1
3189,3186,3190,3170,3184,3166,3191,3168,3192,3374,-1,-1
3190,3374,3222,3169,3166,3193,3189,3186,3388,3165,-1,-1
3067,3165,3164,3167,3166,3374,3186,3418,3182,3168,3066,3194
3273,3371,3162,3174,3206,3161,3275,-1,-1,-1,-1,-1
3282,3174,3272,3076,3092,3157,2998,3117,3273,3161,-1,-1
3173,3273,3161,3092,3272,3172,3282,3076,3157,3162,-1,-1
2984,3179,3229,3088,2974,3018,3017,2983,3228,3204,-1,-1
3108,3238,3110,3177,3156,3124,3116,3109,3286,-1,-1,-1
3124,3237,3121,3238,3236,3176,3280,3110,3302,3281,-1,-1
2716,2684,2733,2620,2734,2732,2621,2783,2736,2629,2718,3120
2974,3228,3229,3175,3028,3227,3291,3270,3018,3088,2984,-1
3181,3146,3216,3148,3215,3147,3136,3297,3153,3333,3111,-1
3153,3180,3215,3185,3136,3146,3333,3194,3216,3137,3148,-1
3343,3183,3165,3388,3167,3242,3335,3374,3171,3243,-1,-1
3065,3242,3167,3365,3182,3201,3418,3165,3343,3214,-1,-1
3168,3445,3186,3169,3333,3185,3191,3189,3288,-1,-1,-1
3168,3333,3153,3181,3194,3184,3186,3215,3164,3445,3136,3137
3168,3169,3166,3184,3164,3185,3171,3194,3170,3189,-1,-1
3145,3205,3060,3188,3206,3162,3138,3421,3114,3163,-1,-1
3060,3145,3010,3114,3187,3003,3163,3138,3061,3005,-1,-1
3190,3191,3169,3192,3170,3289,3193,3184,3288,3186,-1,-1
3189,3170,3193,3169,3192,3191,3222,3223,3374,3166,3580,-1
3189,3288,3289,3445,3192,3169,3287,3184,3190,3349,-1,-1
3189,3190,3434,3223,3289,3193,3191,3580,3169,3435,-1,-1
3190,3580,3221,3170,3192,3222,3223,3189,3247,-1,-1,-1
3153,3164,3168,3137,3185,3066,3067,3186,3136,3181,3171,-1
3636,3263,3264,3198,3196,3260,3316,3159,3340,3261,776,777
3158,3264,3159,3271,3291,3195,3198,3263,3228,3029,3115,-1
3198,3230,3380,3262,3160,3159,3636,3239,3231,3464,-1,-1
3197,3159,3636,3262,3195,3160,3230,3196,3380,3261,3158,-1
3046,14,3070,15,2969,12,16,2982,2981,2990,11,17
3091,3089,3049,3053,3031,3365,3090,3057,3065,3201,3030,-1
3214,3091,310,311,308,3365,3242,3090,306,313,3243,3183
299,3203,301,3097,3256,3099,294,3339,303,291,3269,3068
3339,3202,3099,3269,3256,3244,3488,3097,301,299,-1,-1
3277,3088,3229,3270,3087,3126,3276,3307,3175,-1,-1,-1
3421,3187,3206,3303,3138,3060,3210,3371,3139,3162,-1,-1
3371,3205,3162,3187,3172,3303,3145,3421,3235,-1,-1,-1
2750,2954,3152,3007,2751,2936,2802,2647,3079,3035,2644,2953
3209,3469,3217,3025,2861,3118,3082,3480,3119,2992,2862,-1
3208,3119,2993,3025,2992,3118,3217,3085,-1,-1,-1,-1
3421,3154,3211,3139,3073,3303,3074,3205,3143,3138,-1,-1
3526,3074,3154,3210,3072,3073,3077,3412,3079,3038,-1,-1
2885,3009,2887,3213,2951,2952,2963,3113,2886,2950,-1,-1
2885,2887,2886,2868,2809,3212,2950,2963,2964,2951,2811,-1
311,3201,313,310,3243,3242,308,316,3091,3365,3343,3183
3297,3180,3333,3181,3216,3332,3185,3551,3296,-1,-1,-1
3180,3147,3295,3215,3551,3297,3148,3296,3225,3181,3146,-1
3480,3469,3208,3219,3118,3209,3218,3081,3338,3082,-1,-1
3086,3399,3219,3290,3322,3118,3217,3387,3301,-1,-1,-1
3399,3217,3480,3218,3387,3338,3118,3469,3488,3322,3086,-1
28,2783,2933,2732,30,2784,26,3019,2684,23,2733,2682
3247,3580,3245,3193,3246,3248,3222,3258,3223,-1,-1,-1
3247,3170,3374,3259,3388,3193,3221,3190,3258,-1,-1,-1
3434,3580,3250,3192,3193,3457,3246,3289,3435,3190,3221,-1
3295,3383,3225,3419,3253,3546,3147,3551,3226,3373,3252,-1
3147,3226,3253,3224,3295,3149,3254,3148,3383,3216,3255,-1
3254,3225,3253,3149,3255,3147,3240,3252,3224,3062,-1,-1
2972,2974,2973,2877,3028,3179,3018,3022,2878,3024,-1,-1
3179,3291,3271,3229,3270,3028,2974,3029,3196,3175,3158,-1
3179,3270,3204,3175,3228,3088,3277,2974,3271,-1,-1,-1
3197,3239,3231,3380,3160,3198,3464,3041,3262,3423,3521,-1
3230,3106,3041,3239,3423,3160,3329,3197,3042,3380,-1,-1
3373,3156,3372,3286,3233,3155,3386,-1,-1,-1,-1,-1
3386,3234,3373,3232,3155,3274,3383,3272,-1,-1,-1,-1
3273,3272,3233,3274,3275,3155,3386,3144,-1,-1,-1,-1
3143,3371,3133,3144,3132,3275,3303,3412,3142,3206,-1,-1
3121,3281,3302,3237,3177,3292,3124,3309,3123,-1,-1,-1
3177,3280,3279,3236,3281,3238,3121,-1,-1,-1,-1,-1
3280,3176,3177,3286,3237,3156,3108,3313,3124,3279,-1,-1
3230,3521,3231,3380,3464,3423,3197,3475,3513,-1,-1,-1
3254,3304,2978,3080,3062,3255,3226,3134,2980,3149,-1,-1
3082,3081,3083,2863,2915,3244,3469,2815,2861,3488,-1,-1
3183,3214,3243,3201,3343,3182,3365,311,313,3065,310,-1
313,3214,3343,316,3337,3242,311,3341,317,3201,310,3336
3339,3099,3488,3081,3203,3241,3083,3269,3068,3082,3202,3480
3258,3247,3266,3248,3221,3377,3259,3246,3257,3265,-1,-1
3248,3580,3250,3249,3251,3221,3223,3245,3265,3458,-1,-1
3258,3259,3222,3221,3245,3257,3193,3248,3388,3377,-1,-1
3246,3266,3245,3265,3249,3221,3580,3247,3377,3251,-1,-1
3251,3265,3449,3246,3248,3462,3266,3450,3250,-1,-1,-1
3223,3458,3580,3246,3251,3457,3434,3249,-1,-1,-1,-1
3249,3458,3250,3463,3246,3462,3248,3449,-1,-1,-1,-1
3142,3253,3386,3383,3274,3255,3226,3144,3224,3134,-1,-1
3226,3252,3225,3383,3224,3255,3386,3254,3142,3295,3149,3147
3226,3240,3149,3062,3255,3304,3225,2978,3253,-1,-1,-1
3226,3304,3254,3134,3142,3253,3240,3252,3133,3225,-1,-1
303,305,3203,3202,3269,301,3268,3339,299,307,3284,3491
3258,3336,3344,3259,3540,3335,3377,3247,3245,3444,-1,-1
3247,3257,3245,3259,3377,3540,3266,3221,3222,3335,3336,-1
3247,3335,3258,3388,3222,3257,3336,3374,3245,-1,-1,-1
3316,3263,3317,3315,786,785,784,779,783,782,778,788
787,792,780,794,795,781,798,776,803,802,804,801
3261,3636,3380,3197,3379,3198,800,794,798,801,795,802
3340,3260,3264,3315,3195,3316,3306,3317,3307,3636,3196,3318
3340,3263,3271,3196,3307,3195,3315,3270,3260,3306,3291,-1
3266,3450,3249,3248,3449,3448,3505,3246,3245,-1,-1,-1
3248,3377,3245,3265,3448,3535,3258,3249,3450,-1,-1,-1
286,2793,2779,288,2781,284,2803,2864,2921,283,2805,2764
3491,305,3284,307,3285,3398,3269,3256,309,303,3387,3370
3339,3284,3203,3488,3256,3338,3268,3387,3398,3244,3202,305
3229,3277,3271,3307,3228,3204,3179,3264,3291,3276,3088,-1
3264,3270,3196,3228,3291,3307,3340,3158,3229,3277,-1,-1
3273,3157,3234,3173,3174,3155,3282,3233,-1,-1,-1,-1
3174,3272,3275,3234,3172,3173,3371,3161,3274,-1,-1,-1
3144,3386,3234,3142,3252,3233,3275,3133,3273,-1,-1,-1
3144,3273,3371,3234,3235,3274,3172,3133,-1,-1,-1,-1
3277,3306,3278,3305,3307,3126,3340,3204,3270,3127,-1,-1
3204,3276,3270,3307,3126,3229,3306,3087,3278,3271,3340,-1
3127,3324,3276,3126,3320,3305,3277,-1,-1,-1,-1,-1
3312,3280,3237,3314,3293,3281,3313,3238,-1,-1,-1,-1
3238,3313,3237,3286,3279,3312,3177,3372,3156,-1,-1,-1
3236,3293,3294,3237,3279,3292,3177,-1,-1,-1,-1,-1
3173,2998,3117,3076,3157,2996,3092,3272,2986,3174,3116,2988
2912,2911,2970,3131,3128,2823,3036,-1,-1,-1,-1,-1
3398,3269,3387,3338,3268,3488,3347,3285,3491,3339,3256,3399
3491,3370,309,3398,3381,3268,307,312,3284,305,3347,3376
3280,3372,3156,3238,3313,3232,3176,-1,-1,-1,-1,-1
3288,3415,3289,3349,3507,3353,3191,3445,3635,3357,-1,-1
3287,3445,3349,3191,3289,3353,3332,3184,3415,3189,-1,-1
3415,3434,3192,3435,3287,3191,3288,3189,3635,3223,3507,-1
3300,3322,3218,3086,3084,3301,3319,3399,3127,-1,-1,-1
3158,3228,3029,3271,3196,3028,3179,3159,3023,3115,3270,3264
3310,3309,3302,3236,3311,3308,3294,3281,3121,3482,-1,-1
3314,3281,3294,3362,3330,3279,3358,3331,3312,-1,-1,-1
3482,3293,3281,3331,3310,3330,3292,3356,-1,-1,-1,-1
3147,3224,3551,3225,3216,3546,3148,3419,3297,3253,3296,-1
3551,3297,3352,3350,3351,3546,3332,3216,3215,3295,-1,-1
3296,3215,3551,3332,3216,3350,3333,3352,3180,3295,-1,-1
2742,2594,2741,2839,2753,2754,2679,2593,2724,2696,-1,-1
3104,3122,3385,3105,3103,3100,3040,3107,3384,3123,3501,3039
3127,3321,3290,3084,3319,3320,3322,-1,-1,-1,-1,-1
3086,3084,3085,3087,3051,3290,3218,-1,-1,-1,-1,-1
3309,3121,3467,3236,3123,3292,3308,3426,3124,3177,-1,-1
3143,3205,3421,3371,3154,3206,3235,3210,3412,-1,-1,-1
3134,3240,3080,3255,3078,3254,2978,3132,3142,3133,-1,-1
3306,3325,3323,3324,3276,3318,3278,3326,3315,-1,-1,-1
3340,3315,3276,3305,3318,3307,3263,3325,3277,3264,-1,-1
3340,3277,3270,3264,3306,3271,3276,3263,3315,3204,-1,-1
3309,3311,3426,3422,3427,3292,3366,3467,3302,3310,3501,3468
3308,3302,3467,3426,3292,3311,3501,3123,3427,3121,3236,3422
3356,3482,3311,3292,3294,3355,3452,3331,3308,3366,3486,-1
3308,3366,3310,3355,3422,3292,3309,3356,3427,3367,3426,-1
3545,3314,3279,3313,3397,3280,3358,3420,3293,-1,-1,-1
3280,3312,3545,3286,3372,3420,3279,3238,-1,-1,-1,-1
3312,3358,3293,3362,3279,3397,3545,3354,3330,-1,-1,-1
3340,3263,3318,3260,3317,3306,3264,3316,791,3307,3325,790
779,778,777,776,782,783,784,781,3260,785,780,786
791,790,789,793,788,3260,786,797,3315,785,796,3395
3325,3315,3306,3317,3393,3305,3340,3323,3260,3327,3263,-1
3321,3322,3346,3300,3348,3345,3290,3347,3363,-1,-1,-1
3321,3127,3364,3324,3300,3363,3278,3326,-1,-1,-1,-1
3363,3319,3345,3300,3320,3348,3364,3127,3436,-1,-1,-1
3399,3319,3347,3290,3218,3346,3387,3300,3219,-1,-1,-1
3326,3325,3327,3324,3305,3328,3318,3364,3439,-1,-1,-1
3326,3278,3323,3364,3320,3305,3127,-1,-1,-1,-1,-1
3318,3323,3327,3393,3305,3396,3306,3315,3317,-1,-1,-1
3323,3364,3439,3324,3328,3327,3375,3320,3305,-1,-1,-1
3325,3396,3389,3323,3393,3328,3326,3318,3579,-1,-1,-1
3326,3391,3439,3389,3327,3323,3390,3364,3440,-1,-1,-1
3384,3106,3423,3466,3105,3468,3231,3501,3513,3040,-1,-1
3331,3362,3360,3293,3481,3294,3482,3486,3359,3314,3358,-1
3330,3482,3486,3481,3294,3356,3360,3310,3293,3362,3485,-1
3297,3333,3445,3349,3350,3215,3296,3288,-1,-1,-1,-1
3185,3332,3215,3445,3184,3181,3168,3297,3153,3180,-1,-1
3036,2912,2800,2824,2967,2801,2790,3034,3128,2823,-1,-1
3336,3388,3259,3343,3182,3257,3337,3258,3165,3374,-1,-1
3337,3335,3257,3344,3343,3342,3341,3259,3243,3258,-1,-1
3341,3336,3342,3343,3243,317,316,319,3344,3335,313,3378
3488,3387,3284,3480,3269,3219,3339,3399,3398,3081,3217,-1
3203,3488,3269,3244,3099,3338,3081,3256,3202,3284,3480,-1
3263,3306,3264,3307,3315,3260,3318,3271,3276,3195,3277,-1
317,3337,319,316,3342,3378,3243,313,3336,322,3344,3343
3378,3341,3344,319,3337,3400,317,322,3336,3443,316,3444
3243,3337,3335,3182,3336,3242,3341,3214,3388,3183,316,313
3342,3336,3257,3444,3400,3540,3337,3378,3341,319,-1,-1
3348,3363,3321,3436,3478,3319,3346,3376,3375,-1,-1,-1
3348,3347,3370,3319,3376,3322,3345,3398,3399,3478,-1,-1
3346,3387,3398,3399,3322,3370,3284,3285,3319,3348,-1,-1
3345,3346,3376,3478,3319,3370,3321,3436,3347,3517,3363,-1
3288,3353,3445,3332,3350,3287,3351,3191,-1,-1,-1,-1
3296,3351,3332,3349,3297,3352,3353,3551,3354,-1,-1,-1
3350,3354,3397,3353,3352,3296,3358,3545,3349,3357,-1,-1
3296,3545,3351,3420,3551,3546,3350,3397,3297,-1,-1,-1
3357,3349,3354,3351,3287,3350,3507,3288,3361,-1,-1,-1
3358,3357,3351,3353,3397,3359,3362,3314,3361,3350,-1,-1
3356,3366,3452,3311,3367,3310,3368,3482,3422,-1,-1,-1
3482,3452,3310,3355,3486,3331,3311,3453,3294,3368,-1,-1
3361,3354,3507,3359,3353,3358,3508,3351,3287,-1,-1,-1
3354,3362,3314,3397,3359,3357,3351,3312,3293,3360,3330,-1
3357,3360,3361,3358,3362,3354,3508,3507,3330,-1,-1,-1
3359,3481,3508,3330,3362,3669,3331,3361,3487,3358,-1,-1
3508,3357,3507,3359,3544,3635,3360,3543,3354,3669,3415,3353
3358,3330,3314,3359,3293,3360,3354,3331,-1,-1,-1,-1
3321,3364,3375,3345,3436,3320,3439,3319,3348,-1,-1,-1
3326,3363,3439,3375,3324,3320,3321,3323,3437,3328,-1,-1
3065,3091,3201,3183,3200,3242,3053,3090,3214,-1,-1,-1
3422,3367,3355,3369,3311,3308,3427,3409,3368,3310,3411,3425
3366,3411,3369,3409,3368,3355,3422,3454,3452,3311,3530,-1
3452,3451,3411,3367,3454,3355,3453,3356,3366,-1,-1,-1
3366,3422,3409,3367,3410,3425,3427,3411,-1,-1,-1,-1
3285,3398,3346,3376,3381,3347,3491,3348,309,3387,3268,3284
3206,3235,3172,3275,3303,3143,3144,3205,3273,3162,-1,-1
3286,3420,3373,3419,3232,3313,3545,3280,-1,-1,-1,-1
3386,3419,3383,3232,3372,3233,3224,3420,-1,-1,-1,-1
3388,3170,3165,3166,3222,3171,3259,3190,3182,3169,3335,-1
3437,3363,3436,3439,3364,3438,3345,3326,3496,3390,-1,-1
3348,3370,3381,3478,3394,3346,3382,3517,3285,3345,-1,-1
3266,3540,3258,3535,3245,3257,3448,3248,3247,3549,3444,-1
322,3342,3443,3400,319,324,3341,317,3344,3442,325,3444
800,3465,801,3262,802,798,3459,3464,3380,803,3417,794
3464,3197,3230,3262,3239,3379,3465,3198,3521,3231,-1,-1
3382,3285,312,3376,3370,309,3394,314,3491,315,307,3398
314,315,3381,312,3394,318,309,3376,320,3285,3517,3516
3386,3224,3253,3373,3419,3252,3225,3233,3546,-1,-1,-1
3329,3501,3468,3105,3385,3466,3426,3106,3299,3424,3467,3423
3501,3299,3122,3467,3384,3105,3123,3426,3104,3468,3103,-1
3383,3233,3252,3373,3274,3253,3142,3234,3419,3232,-1,-1
3399,3338,3284,3347,3398,3219,3322,3269,3480,3218,3488,3370
3374,3335,3259,3165,3182,3222,3170,3343,3247,3166,-1,-1
3396,3327,3391,3440,3579,3328,3599,-1,-1,-1,-1,-1
3437,3391,3439,3496,3456,3522,3328,3375,-1,-1,-1,-1
3440,3390,3328,3389,3456,3439,3455,-1,-1,-1,-1,-1
797,799,808,796,793,807,791,790,816,789,788,815
3395,3396,3325,3327,3318,3317,3432,791,790,793,-1,-1
3382,3517,3516,315,318,3376,3381,3478,314,320,312,3479
3392,791,3393,793,3403,790,797,3317,789,3432,796,788
3327,3432,3579,3389,3393,3553,3395,3325,3440,-1,-1,-1
3545,3351,3312,3358,3354,3314,3352,-1,-1,-1,-1,-1
3284,3285,3347,3370,3387,3268,3491,3346,3338,3269,3399,307
3387,3322,3218,3219,3347,3338,3398,3290,3346,3284,-1,-1
3378,3444,3443,3442,3342,3441,3344,322,324,3540,325,319
3403,3405,3407,3402,3392,808,816,3404,807,799,815,797
3404,3401,815,814,816,813,812,811,3405,810,807,809
3401,3432,3407,3395,3406,3392,3553,797,793,3405,791,796
812,813,811,814,810,815,809,816,806,807,805,3402
3401,3414,3408,3402,3407,3413,3638,3639,3403,3404,3392,-1
3553,3407,3403,3428,3432,3429,3431,3401,3408,3579,-1,-1
3408,3401,3406,3403,3428,3405,3433,3414,3553,3402,3392,3432
3433,3407,3405,3639,3414,3428,3401,3547,3502,3406,-1,-1
3411,3369,3530,3410,3367,3489,3366,3454,3490,-1,-1,-1
3490,3369,3409,3447,3489,3425,3556,-1,-1,-1,-1,-1
3454,3367,3409,3530,3368,3885,3451,3369,3366,3656,-1,-1
3132,3077,3143,3154,3078,3133,3526,3211,3134,3235,3008,3303
3638,3518,3414,3402,3417,3405,3621,3459,3404,-1,-1,-1
3638,3405,3639,3408,3625,3413,3433,3621,3407,3402,3401,3627
3635,3289,3507,3287,3435,3434,3544,3583,3288,3361,-1,-1
2923,2922,3027,3063,2941,2965,2926,3096,3075,2916,2924,-1
802,801,803,800,804,805,798,809,806,810,794,795
3065,3052,3067,3167,3066,3053,3054,3183,3171,-1,-1,-1
3546,3373,3224,3420,3383,3372,3386,3295,-1,-1,-1,-1
3545,3419,3372,3546,3313,3352,3312,3551,3373,-1,-1,-1
3205,3210,3139,3138,3303,3154,3187,3206,3073,3130,-1,-1
3366,3427,3369,3308,3311,3425,3426,3367,3424,3355,3309,3468
3329,3239,3521,3513,3231,3466,3106,3230,3384,-1,-1,-1
3468,3446,3425,3427,3466,3447,3426,3422,3513,3384,3501,-1
3424,3369,3410,3427,3447,3446,3422,3468,3366,3490,-1,-1
3501,3427,3467,3308,3309,3468,3422,3385,3384,3424,3302,3311
3422,3426,3424,3468,3425,3308,3501,3369,3309,3366,3311,3446
3433,3406,3430,3407,3502,3408,3429,3571,3553,-1,-1,-1
3473,3431,3430,3553,3474,3578,3406,3428,3599,-1,-1,-1
3571,3429,3570,3578,3428,3502,3474,3634,3596,3433,3597,-1
3553,3473,3599,3579,3429,3406,3474,3577,3432,3440,-1,-1
3396,3403,3553,3395,3406,3579,3393,3431,3407,-1,-1,-1
3408,3502,3547,3639,3428,3576,3407,3414,3430,3634,3571,3627
3223,3435,3289,3192,3457,3415,3250,3583,3580,3635,-1,-1
3434,3635,3415,3583,3289,3457,3223,3544,3507,3631,3192,-1
3375,3438,3345,3478,3479,3363,3517,3348,3437,3321,-1,-1
3375,3496,3438,3439,3390,3436,3522,3364,3497,-1,-1,-1
3437,3496,3436,3479,3375,3497,3525,3524,3439,-1,-1,-1
3437,3326,3375,3328,3364,3390,3391,3363,3323,3438,-1,-1
3391,3599,3455,3389,3579,3456,3431,3531,3396,3328,-1,-1
3442,3444,3537,3549,3400,3550,3443,327,325,3540,3378,-1
3443,327,325,3441,3550,324,3400,330,3378,322,3444,3537
324,322,3442,3378,325,3400,327,3441,3342,319,3444,3550
3400,3540,3549,3441,3344,3442,3378,3535,3443,3342,3537,3257
3288,3184,3349,3332,3333,3191,3287,3185,-1,-1,-1,-1
3424,3447,3700,3513,3466,3425,3476,3468,3427,3512,-1,-1
3490,3446,3700,3410,3512,3425,3424,3556,3489,-1,-1,-1
3535,3266,3505,3265,3450,3511,3377,-1,-1,-1,-1,-1
3450,3249,3542,3462,3265,3504,3506,3483,3251,-1,-1,-1
3506,3265,3449,3505,3504,3448,3503,3249,3266,-1,-1,-1
3471,3472,3454,3368,3453,3470,3613,3452,3411,3562,3611,-1
3356,3453,3368,3355,3486,3482,3451,3310,3367,3485,-1,-1
3452,3562,3472,3451,3486,3485,3368,3356,3471,3682,-1,-1
3411,3885,3451,3470,3368,3530,3471,3367,3656,3409,-1,-1
3599,3531,3440,3745,3577,3456,3744,3473,3766,3391,-1,-1
3531,3391,3522,3390,3455,3440,3701,-1,-1,-1,-1,-1
3458,3434,3435,3631,3250,3583,3223,3460,-1,-1,-1,-1
3251,3463,3250,3457,3460,3631,3461,3246,-1,-1,-1,-1
3518,3465,3379,3498,3417,3477,3413,800,801,802,803,798
3631,3461,3458,3463,3495,3637,3457,-1,-1,-1,-1,-1
3495,3463,3484,3494,3460,3539,3458,3628,3462,3483,-1,-1
3463,3483,3449,3542,3251,3249,3484,3461,-1,-1,-1,-1
3461,3458,3462,3251,3460,3484,3483,-1,-1,-1,-1,-1
3380,3465,3475,3521,3239,3379,3230,3476,3477,3262,3197,-1
3477,3464,3379,3475,3459,3498,3380,3521,3476,800,-1,-1
3424,3329,3468,3513,3446,3384,3423,3501,3427,-1,-1,-1
3501,3309,3426,3123,3385,3302,3122,3308,3121,3468,3384,-1
3501,3424,3384,3427,3426,3466,3329,3385,3467,3446,3425,3308
3082,3208,3217,3480,3081,2861,3025,3241,2863,3488,3219,-1
3471,3613,3885,3454,3684,3615,3451,3472,3657,3611,-1,-1
3613,3472,3451,3470,3611,3682,3615,3454,3612,3453,3562,-1
3471,3562,3682,3451,3453,3611,3613,3485,3548,3470,-1,-1
3431,3474,3599,3577,3429,3578,3553,3579,3455,3909,-1,-1
3578,3473,3577,3909,3429,3597,3431,3430,3599,3570,3766,-1
3476,3477,3465,3464,3521,3500,3513,3499,3700,3239,3498,3379
3475,3700,3521,3513,3500,3477,3464,3446,3465,-1,-1,-1
3498,3475,3465,3499,3500,3459,3476,3527,3464,3518,3584,-1
3517,3348,3436,3376,3345,3479,3394,3516,3346,-1,-1,-1
3517,3525,3438,3436,3516,3478,3497,3533,3515,3394,-1,-1
3217,3338,3488,3081,3469,3219,3082,3387,3208,3339,3244,-1
3360,3331,3485,3487,3669,3486,3330,3482,3508,-1,-1,-1
3356,3331,3310,3294,3486,3330,3452,3355,3481,3292,-1,-1
3542,3484,3541,3538,3462,3988,3539,3463,3449,3461,-1,-1
3483,3461,3494,3539,3538,3463,3462,3542,3541,3495,-1,-1
3562,3487,3486,3481,3453,3548,3682,3472,3669,3452,3559,3331
3356,3331,3482,3452,3485,3453,3481,3562,3330,3310,-1,-1
3669,3485,3559,3548,3481,3562,3543,3360,3508,-1,-1,-1
3339,3338,3081,3480,3244,3269,3203,3284,3469,3387,3241,3219
3490,3555,3410,3409,3530,3556,3656,3447,-1,-1,-1,-1
3556,3447,3410,3512,3489,3558,3514,3700,3409,3555,3425,-1
307,3285,309,3268,305,3398,3381,3370,312,3284,3256,303
330,3694,329,3563,3550,3493,327,331,3594,3643,3564,3442
331,329,3694,333,330,3594,3492,335,327,3643,-1,-1
3539,3628,3461,3495,3484,3640,3538,3610,-1,-1,-1,-1
3461,3608,3494,3628,3637,3460,3590,3604,3484,3631,-1,-1
3437,3524,3438,3522,3497,3390,3375,3554,-1,-1,-1,-1
3525,3524,3515,3438,3496,3479,3523,3533,3532,3437,-1,-1
3477,3584,3518,3527,3499,3459,3465,3587,3621,3475,3500,-1
3527,3500,3529,3477,3498,3514,3587,3475,3584,3528,3512,-1
3499,3476,3700,3475,3477,3512,3514,3529,3498,3527,-1,-1
3426,3385,3384,3468,3467,3427,3309,3105,3299,3123,3329,3122
3433,3571,3634,3576,3430,3547,3428,3408,3596,3639,3663,3570
3506,3581,3509,3510,3505,3519,3450,3504,3645,3804,-1,-1
3506,3542,3988,3520,3449,3519,3450,3503,3541,-1,-1,-1
3509,3450,3506,3503,3448,3511,3804,3265,3510,3535,-1,-1
3503,3504,3450,3505,3519,3509,3581,3520,3449,-1,-1,-1
3361,3415,3357,3635,3287,3544,3353,3508,3359,3435,3289,-1
3361,3669,3360,3544,3543,3359,3357,3507,3487,3481,3559,-1
3804,3505,3503,3510,3511,3506,3536,3575,3581,-1,-1,-1
3646,3581,3575,3503,3509,3645,3804,3688,3505,-1,-1,-1
3509,3536,3535,3549,3804,3505,3537,3448,-1,-1,-1,-1
3514,3490,3700,3447,3500,3556,3558,3499,3529,3446,-1,-1
3476,3521,3446,3466,3700,3423,3424,3475,3239,3329,-1,-1
3529,3512,3558,3499,3557,3556,3500,3490,3528,3527,3700,-1
3532,3525,3533,326,3523,3497,323,332,328,334,321,3516
3517,3533,3525,320,318,3394,3479,321,323,315,3478,3515
3516,3478,3479,3394,3525,3376,318,3436,3533,320,3382,3348
3459,3621,3584,3498,3413,3638,3477,-1,-1,-1,-1,-1
3520,3581,3506,3582,3503,3504,3699,3724,3988,-1,-1,-1
3988,3582,3519,3504,3632,3541,3542,3724,3506,3699,-1,-1
3476,3239,3513,3475,3464,3423,3380,3465,3700,3230,-1,-1
3496,3524,3701,3554,3456,3390,3437,3531,-1,-1,-1,-1
3534,3532,336,3524,3515,334,338,3497,3554,332,339,328
3496,3554,3497,3523,3522,3534,3515,3438,3701,-1,-1,-1
3533,3515,3479,3516,3497,3517,323,326,321,3532,320,3438
3079,3211,3077,3072,3074,3007,3154,3412,2953,3008,2954,-1
3587,3499,3529,3584,3498,3528,3588,3477,3589,3514,3500,-1
3529,3588,3619,3587,3527,3557,3677,3618,3499,3514,-1,-1
3514,3528,3527,3499,3557,3587,3558,3500,3588,3512,-1,-1
3656,3411,3409,3885,3489,3454,3555,3573,3657,3367,-1,-1
3744,3701,3455,3745,3456,3743,3765,3797,3522,3440,-1,-1
332,334,3515,328,326,3523,336,323,3533,338,3525,3534
323,321,3525,326,3516,3515,320,318,3532,328,3517,3479
338,336,339,3554,3523,3552,334,3524,341,3781,3532,3797
3549,3448,3377,3540,3511,3266,3444,3505,-1,-1,-1,-1
3804,3537,3564,3752,3511,3509,3575,3750,3549,-1,-1,-1
3536,3441,3549,3564,3550,3511,3442,3444,3804,-1,-1,-1
3539,3541,3483,3673,3610,3484,3494,3542,3988,3640,-1,-1
3538,3494,3610,3640,3484,3483,3673,3628,3461,3541,-1,-1
3444,3377,3535,3344,3549,3257,3400,3258,3441,-1,-1,-1
3988,3538,3483,3673,3542,3632,3520,3484,3539,3504,3610,-1
3483,3988,3504,3449,3541,3462,3520,3484,3538,-1,-1,-1
3559,3544,3670,3669,3591,3508,3487,3361,3583,-1,-1,-1
3635,3543,3361,3508,3583,3670,3507,3415,3435,3669,-1,-1
3312,3420,3397,3313,3352,3351,3314,3372,3546,-1,-1,-1
3551,3419,3295,3420,3224,3352,3296,3383,3545,-1,-1,-1
3576,3639,3433,3627,3502,3644,3663,3634,3408,3625,-1,-1
3682,3562,3487,3559,3561,3485,3560,3472,3669,-1,-1,-1
3535,3444,3441,3537,3540,3511,3400,3536,3377,-1,-1,-1
3492,3442,330,327,3564,3441,3537,3563,325,329,3694,3443
3296,3546,3297,3295,3216,3352,3224,3350,3215,3147,3420,-1
3781,339,341,3797,3534,3585,3554,338,344,336,3701,3743
3431,3406,3432,3579,3429,3473,3403,3599,3396,3428,3407,-1
3534,3524,3552,3701,3522,3797,3523,338,339,336,3496,-1
3573,3489,3656,3569,3556,3566,3530,3490,3558,-1,-1,-1
3558,3490,3489,3566,3512,3555,3514,3557,3410,3447,-1,-1
3558,3677,3529,3567,3528,3514,3566,3556,3619,-1,-1,-1
3557,3556,3566,3514,3529,3567,3512,3490,3555,-1,-1,-1
3487,3543,3591,3548,3561,3669,3670,3590,3485,3508,-1,-1
3682,3641,3603,3561,3548,3611,3592,3562,3653,-1,-1,-1
3590,3559,3591,3560,3548,3592,3682,-1,-1,-1,-1,-1
3485,3682,3472,3548,3453,3487,3611,3486,3471,3451,3560,-1
3492,3750,3564,3694,3643,3729,3550,330,3594,329,-1,-1
3536,3750,3563,3537,3752,3550,3492,3804,-1,-1,-1,-1
2859,2932,2713,2858,2737,3048,2714,2920,2957,2715,-1,-1
3558,3567,3569,3556,3557,3568,3555,-1,-1,-1,-1,-1
3677,3568,3566,3557,3783,3773,3558,3569,3695,-1,-1,-1
3773,3567,3572,3569,3727,3566,3783,3772,-1,-1,-1,-1
3573,3572,3566,3574,3568,3555,3656,3657,3567,-1,-1,-1
3571,3596,3578,3597,3430,3598,3634,3474,3595,3502,3600,4100
3634,3430,3570,3596,3502,3600,3578,3576,3428,3433,3597,3598
3658,3574,3569,3886,3727,3568,3573,3773,3726,-1,-1,-1
3656,3574,3569,3657,3555,3572,3530,3885,-1,-1,-1,-1
3573,3886,3657,3572,3569,3655,3656,3658,3684,-1,-1,-1
3686,3646,3804,3688,3510,3752,3509,3536,3645,3730,3689,3731
3547,3663,3634,3502,3644,3433,3600,3571,3751,3627,3639,-1
3473,3474,3766,3745,3599,3455,3909,3431,3578,3744,3944,-1
3474,3570,3597,3430,3429,3909,3473,3571,3577,3598,3596,4100
3431,3396,3553,3599,3389,3440,3432,3473,3327,3406,-1,-1
3223,3246,3221,3193,3250,3192,3248,3434,3190,-1,-1,-1
3645,3503,3519,3699,3510,3646,3685,3506,3509,3582,3724,-1
3724,3520,3519,3680,3699,3632,3709,3988,3581,-1,-1,-1
3635,3435,3631,3670,3544,3457,3415,3434,3543,-1,-1,-1
3587,3498,3518,3589,3527,3621,3588,3622,3499,3459,3477,-1
3781,344,3797,3665,345,3552,341,3586,347,3743,339,-1
347,345,349,344,3665,3666,3585,3781,351,-1,-1,-1
3588,3527,3584,3589,3528,3529,3618,3619,3498,3499,3621,-1
3587,3618,3619,3528,3589,3527,3617,3584,3623,3529,3677,-1
3622,3587,3588,3584,3623,3618,3621,3527,3620,3619,-1,-1
3608,3591,3561,3592,3637,3604,3559,3495,3670,-1,-1,-1
3590,3670,3559,3561,3543,3637,3608,3631,-1,-1,-1,-1
3590,3604,3603,3561,3602,3608,3560,-1,-1,-1,-1,-1
3601,335,3594,337,3643,3642,333,340,3720,3694,342,3729
333,3694,335,3593,3643,331,3493,329,337,3492,3563,3601
3596,3676,3600,3598,3633,3762,3570,3634,3751,3764,3821,3923
3570,3571,3600,3595,3634,3598,3597,3430,3633,3502,3578,3663
3570,3578,4100,3598,3909,3474,3821,3596,3904,3430,3571,-1
3597,3821,3595,3570,3596,4100,3762,3578,3571,3777,-1,-1
3431,3473,3455,3440,3579,3577,3553,3474,3745,3429,3389,-1
3634,3751,3596,3633,3663,3595,3571,3576,3675,3676,3570,-1
340,3720,3593,342,337,3642,343,335,3718,3643,3594,-1
3604,3607,3605,3606,3592,3603,3609,3668,3608,-1,-1,-1
3641,3606,3653,3592,3560,3602,3607,3648,-1,-1,-1,-1
3608,3609,3602,3628,3592,3605,3590,3495,-1,-1,-1,-1
3609,3910,3607,3668,3667,3602,3604,3697,3606,3647,-1,-1
3607,3648,3653,3603,3602,3647,3616,3641,3649,3668,3605,-1
3606,3668,3605,3602,3647,3910,3648,3609,3603,-1,-1,-1
3604,3590,3495,3628,3637,3592,3609,3591,3602,-1,-1,-1
3605,3604,3628,3667,3640,3602,3910,3607,3608,-1,-1,-1
3539,3673,3671,3538,3672,3640,3681,3541,3494,-1,-1,-1
3641,3682,3471,3613,3472,3612,3560,3562,3653,3451,3470,3615
3613,3616,3641,3653,3614,3615,3611,3471,3648,-1,-1,-1
3471,3615,3612,3470,3611,3472,3641,3451,3614,3684,-1,-1
3616,3787,3683,3615,3612,3654,3613,3788,3653,3648,-1,-1
3613,3684,3683,3614,3612,3470,3471,3616,3611,3787,3885,-1
3614,3653,3648,3612,3654,3649,3641,3787,3606,3615,-1,-1
3652,3618,3619,3695,3630,3588,3760,3623,3650,3677,-1,-1
3588,3617,3623,3619,3630,3589,3587,3652,3622,3528,3695,3624
3588,3617,3677,3528,3695,3618,3587,3652,3557,3589,-1,-1
3622,3626,3623,3627,3624,3625,3589,-1,-1,-1,-1,-1
3638,3518,3622,3584,3625,3589,3413,3414,3498,3587,-1,-1
3589,3620,3623,3625,3621,3638,3584,3618,3627,3624,-1,-1
3618,3622,3620,3624,3589,3630,3588,3617,3626,-1,-1,-1
3661,3623,3626,3620,3629,3630,3662,3622,3618,3650,-1,-1
3638,3622,3627,3639,3414,3620,3621,3547,-1,-1,-1,-1
3662,3620,3624,3627,3629,3644,3623,3661,-1,-1,-1,-1
3620,3547,3625,3639,3644,3626,3576,3622,3433,3414,-1,-1
3494,3609,3604,3608,3495,3640,3539,3461,-1,-1,-1,-1
3662,3661,3659,3626,3624,3660,3651,-1,-1,-1,-1,-1
3617,3618,3650,3624,3623,3652,3661,-1,-1,-1,-1,-1
3460,3583,3670,3637,3457,3458,3435,3591,3495,-1,-1,-1
3520,3988,3582,3681,3541,3673,3679,3680,3724,-1,-1,-1
3751,3600,3676,3675,3595,3674,3923,3663,3596,3634,3664,-1
3571,3576,3600,3502,3663,3596,3751,3547,3570,3430,3595,3433
3415,3544,3435,3583,3507,3361,3289,3670,3287,3434,-1,-1
3261,3195,3262,3198,3316,780,776,781,787,777,778,792
3631,3590,3495,3608,3591,3670,3460,-1,-1,-1,-1,-1
3414,3621,3625,3413,3518,3622,3639,3405,-1,-1,-1,-1
3547,3414,3433,3408,3627,3625,3638,3576,3405,3502,-1,-1
3539,3667,3610,3628,3609,3494,3672,3538,-1,-1,-1,-1
3653,3611,3603,3560,3612,3682,3616,3613,3606,-1,-1,-1
3720,3601,3593,3643,3729,3718,3728,342,343,3594,340,337
3594,3593,3729,3694,3563,3642,3492,333,335,3601,3750,331
3663,3576,3627,3662,3626,3547,3664,3751,3634,-1,-1,-1
3646,3685,3581,3510,3699,3687,3710,3688,3575,3503,3723,-1
3645,3688,3575,3510,3687,3685,3689,3686,3581,3804,3730,-1
3607,3649,3668,3648,3698,3606,3696,3605,-1,-1,-1,-1
3649,3616,3653,3606,3654,3647,3607,3614,3698,3769,3612,3603
3648,3769,3698,3654,3647,3616,3800,3799,3606,-1,-1,-1
3651,3761,3661,3652,3630,3693,3617,3706,3624,-1,-1,-1
3693,3661,3659,3650,3708,3629,3761,3704,-1,-1,-1,-1
3617,3760,3761,3650,3695,3630,3618,3619,3756,-1,-1,-1
3641,3616,3648,3606,3603,3612,3614,3611,3654,3560,-1,-1
3616,3649,3787,3648,3799,3769,3614,3798,3653,-1,-1,-1
3886,3683,3657,3684,3838,3574,3788,3726,-1,-1,-1,-1
3573,3530,3885,3657,3555,3574,3489,3569,3454,3684,3411,-1
3573,3656,3574,3684,3885,3655,3886,3530,3569,3470,-1,-1
3726,3727,3886,3572,3725,3771,3838,3574,3857,-1,-1,-1
3651,3629,3704,3661,3708,3660,3817,3662,3693,-1,-1,-1
3662,3659,3704,3678,3629,3664,3705,-1,-1,-1,-1,-1
3651,3624,3629,3650,3659,3630,3693,3626,-1,-1,-1,-1
3629,3664,3626,3644,3660,3663,3624,3659,-1,-1,-1,-1
3751,3576,3634,3644,3600,3664,3547,3675,3633,3502,3662,3596
3662,3751,3675,3663,3678,3644,3660,3633,-1,-1,-1,-1
3585,3586,347,3666,345,3914,3743,3797,3765,344,3781,349
349,3914,3903,347,351,3586,3665,345,353,3913,3919,3895
3910,3609,3672,3605,3640,3712,3697,3668,-1,-1,-1,-1
3607,3910,3697,3605,3647,3696,3606,3667,3602,3698,-1,-1
3487,3508,3543,3559,3360,3481,3485,3361,3544,3548,-1,-1
3583,3591,3631,3543,3637,3544,3635,3559,3590,-1,-1,-1
3681,3610,3672,3690,3673,3691,-1,-1,-1,-1,-1,-1
3667,3610,3671,3712,3691,3640,3910,-1,-1,-1,-1,-1
3681,3610,3538,3541,3671,3632,3539,3988,3679,-1,-1,-1
3675,3923,3633,3793,3740,3676,3678,3751,3763,3792,-1,-1
3751,3674,3678,3633,3664,3663,3600,3740,3676,3923,-1,-1
3923,3633,3595,3764,3762,3674,3763,3600,3675,3793,-1,-1
3567,3619,3695,3557,3528,3783,3617,3588,-1,-1,-1,-1
3675,3740,3664,3660,3705,3674,3751,-1,-1,-1,-1,-1
3681,3722,3680,3735,3690,3632,3673,-1,-1,-1,-1,-1
3724,3709,3679,3582,3735,3733,3632,3699,3722,-1,-1,-1
3679,3673,3671,3690,3632,3722,3610,-1,-1,-1,-1,-1
3562,3611,3472,3548,3560,3641,3471,3485,3453,3561,-1,-1
3788,3615,3614,3684,3655,3787,3838,3798,-1,-1,-1,-1
3657,3615,3885,3683,3655,3470,3613,3656,3574,-1,-1,-1
3710,3645,3687,3723,3699,3646,3711,3581,3709,3953,-1,-1
3688,3575,3730,3752,3731,3689,3750,3646,3804,3736,-1,-1
3689,3685,3732,3646,3688,3645,3723,3789,3710,3730,3790,-1
3646,3689,3686,3730,3575,3687,3732,3645,3790,3510,3731,3752
3732,3688,3730,3790,3687,3686,3646,3736,3789,3855,3575,-1
3692,3722,3681,3671,3679,3716,3691,-1,-1,-1,-1,-1
3759,3692,3671,3672,3715,3712,3690,-1,-1,-1,-1,-1
3714,3690,3715,3691,3716,3811,3722,3759,-1,-1,-1,-1
3651,3706,3650,3761,3708,3707,3755,3661,3659,-1,-1,-1
3492,3594,3493,329,331,3643,3563,333,330,3593,335,3550
3617,3760,3619,3677,3652,3783,3819,3618,3567,-1,-1,-1
3697,3668,3702,3698,3703,3647,3713,3910,-1,-1,-1,-1
3910,3713,3668,3696,3712,3605,3759,3667,3703,-1,-1,-1
3649,3702,3800,3769,3647,3696,3908,3648,3668,-1,-1,-1
3724,3581,3710,3709,3685,3645,3582,3519,3711,3680,3520,-1
3476,3446,3447,3512,3500,3513,3475,3521,3490,3514,-1,-1
3531,3522,3797,3554,3743,3456,3744,3552,3524,-1,-1,-1
3908,3698,3703,3800,3696,3915,3918,3906,3907,-1,-1,-1
3918,3702,3713,3915,3917,3696,3697,3916,3908,-1,-1,-1
3817,3659,3739,3705,3708,3660,3770,3651,-1,-1,-1,-1
3742,3704,3739,3678,3741,3740,3660,-1,-1,-1,-1,-1
3693,3754,3755,3761,3756,3707,3753,3650,-1,-1,-1,-1
3770,3755,3757,3708,3693,3706,3843,3817,-1,-1,-1,-1
3817,3651,3770,3693,3659,3707,3704,3839,-1,-1,-1,-1
3724,3710,3733,3711,3680,3699,3582,3685,3735,3853,-1,-1
3685,3711,3709,3723,3699,3724,3953,3645,3733,3687,3853,-1
3710,3953,3853,3709,3733,3723,3685,3870,3724,3699,3836,3858
3759,3910,3697,3667,3672,3713,3691,3916,-1,-1,-1,-1
3697,3916,3703,3759,3917,3712,3696,3910,3918,-1,-1,-1
3809,3692,3811,3715,3810,3716,3813,3929,-1,-1,-1,-1
3929,3916,3759,3692,3714,3810,3691,-1,-1,-1,-1,-1
3811,3722,3692,3734,3714,3818,3690,3809,-1,-1,-1,-1
348,3718,3719,346,3721,350,343,3720,3728,3737,3736,-1
3717,3720,346,343,3728,3642,3721,348,342,3719,3601,-1
350,3721,3717,3737,348,352,3738,3718,3736,346,-1,-1
3601,342,343,3718,3642,340,346,3593,3717,3728,337,-1
3719,3736,3717,3728,3718,3738,3737,350,348,3790,346,-1
3679,3734,3716,3735,3690,3681,3692,3680,-1,-1,-1,-1
3953,3685,3710,3789,3711,3858,3687,3732,3870,3645,-1,-1
3709,3582,3680,3699,3710,3733,3519,3520,3711,3632,3581,-1
3726,3658,3780,3771,3857,3827,3829,3727,-1,-1,-1,-1
3658,3838,3857,3886,3725,4034,3572,3727,3655,3829,3788,-1
3658,3771,3773,3572,3772,3568,3725,3726,3780,3886,-1,-1
3721,3729,3718,3736,3731,3642,3717,3720,3730,3750,-1,-1
3750,3643,3728,3642,3731,3563,3593,-1,-1,-1,-1,-1
3689,3686,3736,3688,3790,3731,3732,3575,3728,3646,3687,3752
3686,3750,3730,3729,3728,3736,3752,3688,3575,-1,-1,-1
3689,3789,3790,3855,3687,3730,3688,3723,3738,3859,-1,-1
3709,3735,3711,3836,3853,3680,3724,3710,3734,3953,-1,-1
3837,3722,3735,3818,3716,3836,3893,3811,3733,-1,-1,-1
3722,3733,3734,3680,3679,3836,3837,3709,-1,-1,-1,-1
3721,3730,3790,3728,3731,3738,3689,3719,3686,3717,-1,-1
352,3738,3719,350,354,3721,3785,356,3717,3855,3790,348
3737,3790,3719,3855,352,3736,3721,3785,354,350,3732,-1
3817,3741,3839,3704,3746,3705,3770,3748,3742,-1,-1,-1
3792,3678,3742,3674,3793,3705,3675,3921,-1,-1,-1,-1
3739,3748,3742,3747,3746,3705,3749,3808,3839,-1,-1,-1
3741,3792,3749,3740,3747,3705,3826,3748,3739,-1,-1,-1
3744,3797,3531,3765,3701,3665,3745,3585,3552,-1,-1,-1
3745,3743,3531,3765,3766,3455,3701,3797,3913,3577,3944,-1
3744,3766,3577,3455,3531,3765,3743,3944,3599,3913,-1,-1
3748,3808,3839,3805,3741,3739,3807,3747,3817,-1,-1,-1
3748,3749,3741,3848,3742,3806,3808,3868,3746,3792,3826,-1
3747,3808,3746,3741,3806,3848,3739,3742,3807,3841,3749,-1
3826,3747,3792,3868,3742,3848,3921,3741,3748,3825,-1,-1
3729,3752,3564,3563,3731,3686,3643,3536,3728,-1,-1,-1
3663,3675,3600,3633,3664,3634,3674,3576,3644,3678,3595,3596
3686,3750,3536,3575,3564,3804,3731,3688,3730,-1,-1,-1
3862,3754,3755,3758,3863,3890,3706,3757,3820,-1,-1,-1
3753,3706,3820,3756,3755,3863,3862,3782,3761,3911,3758,-1
3753,3757,3706,3707,3754,3758,3862,3693,-1,-1,-1,-1
3782,3754,3761,3820,3760,3819,3706,3652,-1,-1,-1,-1
3843,3758,3755,3707,3842,3770,3753,3891,-1,-1,-1,-1
3753,3891,3757,3890,3862,3755,3842,3902,3754,3863,-1,-1
3916,3712,3715,3691,3713,3929,3697,3917,3692,-1,-1,-1
3819,3695,3652,3756,3761,3783,3782,3617,-1,-1,-1,-1
3650,3652,3706,3756,3693,3760,3651,3754,3819,-1,-1,-1
3821,3764,3777,3595,3676,3598,3767,4100,3923,-1,-1,-1
3923,3774,3794,3764,3793,3921,3676,3674,3795,3796,3767,-1
3763,3923,3676,3774,3762,3767,3795,3777,3595,-1,-1,-1
3913,3744,3743,3944,3766,3745,3914,3665,3943,3531,-1,-1
3944,3745,3577,3909,3765,3744,3913,3904,3474,3455,3943,-1
3777,3795,3764,3775,3774,3776,3762,3821,3802,3763,-1,-1
4039,3777,3821,3904,3880,4100,3776,3943,-1,-1,-1,-1
3649,3799,3800,3823,3698,3654,3648,3906,3787,-1,-1,-1
3817,3707,3839,3843,3708,3757,3739,3805,3704,-1,-1,-1
3780,3727,3779,3772,3725,3658,3773,3778,3782,3827,-1,-1
3773,3782,3819,3771,3779,3727,3783,3568,3780,3820,-1,-1
3772,3568,3727,3783,3771,3567,3819,3572,3782,-1,-1,-1
3795,3763,3764,3794,3796,3767,3923,3775,3801,-1,-1,-1
3802,3795,3889,3801,3767,3776,3803,3774,3879,3777,3888,-1
3802,3777,3880,3775,3767,3879,3768,4039,3920,-1,-1,-1
3821,3768,3767,3776,3762,4100,3764,3880,3775,3598,-1,-1
3780,3835,3911,3834,3828,3779,3827,3771,3990,-1,-1,-1
3911,3782,3771,3780,3772,3778,3820,3834,3819,-1,-1,-1
3771,3827,3778,3779,3725,3911,3828,3727,3829,3772,-1,-1
341,3585,344,3552,339,345,3797,338,3534,3586,3665,347
3819,3820,3779,3772,3756,3911,3760,3754,3771,3783,3773,-1
3773,3819,3567,3695,3677,3772,3760,3568,3782,-1,-1,-1
358,3791,360,3786,363,3987,356,3865,354,365,3960,3785
354,356,3855,3786,3859,358,3738,3737,352,3784,3865,-1
3784,358,3865,3987,356,3791,3785,3859,354,360,363,3948
3798,3614,3788,3654,3799,3683,3616,4034,3615,3769,-1,-1
3838,3798,3787,3683,4034,3655,3614,3799,3886,3857,3726,-1
3732,3858,3855,3723,3859,3687,3689,3953,3790,-1,-1,-1
3689,3732,3736,3738,3730,3855,3688,3721,3789,3737,3687,-1
3784,363,3987,360,3786,3960,358,365,3865,3948,356,-1
3826,3921,3740,3749,3742,3793,3868,3747,3674,3825,-1,-1
3921,3923,3763,3792,3674,3740,3794,3826,3676,-1,-1,-1
3921,3763,3774,3824,3796,3825,3793,3826,3923,3795,-1,-1
3774,3775,3801,3767,3796,3889,3764,3833,3802,3763,3794,-1
3824,3833,3801,3795,3774,3794,3867,3888,3763,-1,-1,-1
3743,3552,3585,3701,3781,3554,3665,3744,3534,341,3531,339
4034,3799,3787,3788,3822,3838,3654,3823,3683,3846,-1,-1
3798,3769,3823,3787,3654,3822,3649,4034,3788,3800,-1,-1
3908,3769,3906,3698,3823,3702,3649,3907,3799,3845,3915,-1
3795,3889,3833,3888,3796,3775,3802,3875,3774,3954,3887,3803
3775,3803,3879,3889,3776,3801,3878,3877,3880,3795,3875,3767
3877,3802,3889,3878,3875,3879,367,3876,366,3775,3888,3900
3509,3536,3575,3510,3752,3511,3686,3503,3646,3505,3564,3537
3839,3807,3816,3746,3843,3808,3770,3815,-1,-1,-1,-1
3808,3748,3848,3841,3840,3747,3849,-1,-1,-1,-1,-1
3808,3805,3815,3814,3841,3746,3816,3975,3748,-1,-1,-1
3748,3807,3841,3746,3806,3814,3805,3747,3741,3840,-1,-1
3813,3811,3714,3810,3812,3716,3832,3831,3818,-1,-1,-1
3929,3809,3927,3714,3832,3813,3715,-1,-1,-1,-1,-1
3809,3818,3716,3714,3812,3813,3692,3734,3912,-1,-1,-1
3811,3809,3924,3912,3813,3818,3830,-1,-1,-1,-1,-1
3809,3831,3832,3830,3812,3810,3811,3941,3714,-1,-1,-1
3841,3860,3815,3807,3850,3808,3840,3861,3873,3975,-1,-1
3975,3814,3807,3860,3861,3816,3977,3841,3805,3844,-1,-1
3975,3805,3815,3844,3843,3807,3842,3977,-1,-1,-1,-1
3770,3739,3839,3704,3708,3707,3746,3659,3843,-1,-1,-1
3811,3893,3837,3912,3734,3812,3716,3809,-1,-1,-1,-1
3782,3760,3772,3783,3756,3773,3695,3820,3779,3761,-1,-1
3782,3911,3754,3863,3756,3779,3834,3819,3753,3772,-1,-1
4100,3777,3762,3598,3768,3597,3904,3595,3767,-1,-1,-1
3847,3798,3823,3799,4034,3845,3846,-1,-1,-1,-1,-1
3845,3906,3800,3769,3799,3822,3847,3908,3798,-1,-1,-1
3825,3796,3867,3794,3866,3833,3921,3881,-1,-1,-1,-1
3826,3824,3881,3921,3868,3794,3866,3792,3749,-1,-1,-1
3921,3868,3749,3792,3825,3881,3793,3848,3794,3742,3747,-1
3780,3829,3828,3778,3894,3725,3856,3771,-1,-1,-1,-1
3835,4129,3827,3990,3778,3894,3780,3834,-1,-1,-1,-1
3856,3827,3857,3846,3894,3725,3780,3726,-1,-1,-1,-1
3831,4089,3924,3813,3984,4088,3812,3926,3941,-1,-1,-1
3941,3813,3984,3830,3832,3942,3809,3994,4088,-1,-1,-1
3942,3831,3934,3813,3941,3927,3810,3994,3809,-1,-1,-1
3888,3867,3801,3954,3796,3887,3824,3889,4017,3795,3875,-1
3835,3911,3863,3778,3901,3862,3820,3990,3779,3828,-1,-1
3834,3990,3828,3778,3901,3911,3991,4129,3863,-1,-1,-1
3837,3733,3853,3852,3734,3735,3854,3893,3711,-1,-1,-1
3893,3734,3852,3836,3818,3892,3912,3735,-1,-1,-1,-1
3726,3788,3886,4034,3857,3655,3658,3798,3683,-1,-1,-1
3805,3817,3770,3746,3739,3843,3741,3708,-1,-1,-1,-1
3851,3841,3849,3806,3905,3850,3814,3808,3872,-1,-1,-1
3814,3808,3840,3806,3807,3850,3815,3748,3860,3851,-1,-1
3844,3891,3757,3758,3843,3816,3981,3975,-1,-1,-1,-1
3757,3770,3805,3839,3816,3842,3707,3817,-1,-1,-1,-1
3977,3975,3842,3979,3816,3981,3891,3980,3976,3815,3861,-1
3847,3906,3940,3823,3939,3822,3864,3800,3938,-1,-1,-1
3856,3847,4034,3829,3822,3857,3864,3798,-1,-1,-1,-1
3864,3845,3940,3822,3846,3856,3823,3957,3939,-1,-1,-1
3868,3747,3749,3806,3882,3849,3748,3826,3881,-1,-1,-1
3882,3905,3840,3848,3806,3898,3851,-1,-1,-1,-1,-1
3851,3814,3873,3860,3872,3840,3841,3874,3952,-1,-1,-1
3872,3840,3905,3850,3968,3967,3849,3841,3874,-1,-1,-1
3893,3837,3986,3854,3892,3836,3853,3912,-1,-1,-1,-1
3711,3953,3836,3854,3870,3733,3852,3709,3710,3869,-1,-1
3852,3869,3853,3870,3986,3871,3836,3953,-1,-1,-1,-1
3732,3785,3790,3789,3738,3859,3689,354,3737,-1,-1,-1
3864,3894,3829,3961,3846,3847,3962,3827,3857,-1,-1,-1
3726,4034,3829,3838,3846,3725,3658,3788,3886,3856,-1,-1
3953,3789,3870,3859,3723,3897,3865,3869,3711,-1,-1,-1
3865,3785,3858,3855,3789,3786,3897,3732,-1,-1,-1,-1
3814,3873,3952,3861,3815,3850,3975,3874,3841,3883,-1,-1
3977,3952,3860,3975,3976,3815,3883,3873,3814,3979,3844,-1
3890,3753,3863,3758,3901,3902,3891,3834,3754,3755,-1,-1
3862,3834,3911,3753,3820,3754,3901,3890,3835,3758,-1,-1
3847,3856,3961,3940,3957,3846,3845,4010,3894,-1,-1,-1
3987,3897,3786,3948,3859,3791,3784,3930,3858,3785,358,-1
3881,3824,3965,3899,3867,4020,3825,-1,-1,-1,-1,-1
3833,3824,3965,3954,4017,3866,3796,3888,-1,-1,-1,-1
3826,3881,3848,3749,3882,3825,3921,3792,3747,3899,-1,-1
3870,3871,3930,3897,3854,3948,3986,3858,3931,3953,3853,-1
3953,3869,3858,3853,3854,3897,3711,3723,-1,-1,-1,-1
3869,3992,3932,3930,3986,3931,3854,-1,-1,-1,-1,-1
3851,4562,3967,3874,3850,3968,3873,4099,3905,4130,3840,-1
3874,3952,3860,3850,3884,3872,3883,3861,4562,4099,3814,-1
3873,4562,3872,4099,3884,3850,3952,3967,3860,3851,-1,-1
3877,367,3887,369,3888,3889,3803,371,366,3878,3801,372
4121,3900,3896,3878,3879,3920,3803,359,3895,362,361,357
367,366,3803,3875,3878,369,3889,364,3900,3887,3802,371
3877,3900,3803,3876,366,364,362,3879,367,3896,3875,361
3802,3876,3920,3803,3880,3776,3878,4121,3775,3889,3877,3900
4039,3920,3776,3919,3768,3879,3802,3777,3943,3895,3876,-1
3868,3899,3882,3825,3866,3826,3824,3848,-1,-1,-1,-1
3881,3849,3868,3848,3899,3898,-1,-1,-1,-1,-1,-1
3952,3950,4008,3976,3861,3884,3873,3860,3977,4006,-1,-1
3952,3873,3949,3874,4099,3951,3883,3950,-1,-1,-1,-1
3656,3454,3657,3470,3684,3530,3411,3573,3615,-1,-1,-1
3574,3726,3658,3838,3655,3572,3657,3788,3727,3857,-1,-1
371,369,372,3888,3954,3875,367,374,3833,3889,3877,376
3887,3833,3875,3801,3889,3954,371,369,372,367,3803,3877
3801,3803,3802,3875,3888,3775,3877,3795,3887,3833,3879,367
3862,3902,3891,3758,3901,3753,3863,4065,3981,3989,-1,-1
3890,3981,3758,3902,3842,3862,4065,3844,3757,-1,-1,-1
3893,3925,3986,3852,3935,3912,3932,3837,3974,-1,-1,-1
3837,3892,3912,3852,3818,3925,3734,3986,3836,-1,-1,-1
3856,4129,3828,3827,3961,3962,3829,4145,3864,-1,-1,-1
4121,3903,353,3920,355,3919,351,3896,3876,357,3880,3666
359,4121,357,3900,3876,361,355,362,3895,3878,3920,364
3865,3869,3870,3858,3948,3930,3859,3987,3953,-1,-1,-1
3978,3959,3905,3882,3899,3849,3958,-1,-1,-1,-1,-1
3881,3959,3882,4020,3898,3866,3868,-1,-1,-1,-1,-1
362,361,3878,364,3896,3876,359,366,4121,357,3877,3803
3834,3835,3862,3890,3991,3902,3989,3863,3990,-1,-1,-1
4065,3890,3891,3989,3981,3901,3862,4036,3982,3758,-1,-1
351,3895,3919,3666,353,3914,349,355,3943,3920,4121,-1
3944,4100,4039,3943,3768,3909,3913,3821,3766,3597,-1,-1
3851,3849,3978,3840,3968,3898,3872,-1,-1,-1,-1,-1
3908,3907,3845,3939,3800,3823,3940,3702,3769,3915,-1,-1
3922,3908,3906,3939,3963,3915,3964,3800,3945,3702,-1,-1
3800,3907,3702,3906,3915,3922,3698,3823,3703,3939,-1,-1
3597,3766,3474,4100,3944,3578,3904,3577,3473,3570,-1,-1
3697,3667,3605,3668,3712,3609,3607,3696,3713,3672,-1,-1
3834,3820,3779,3863,3778,3782,3835,3780,3754,-1,-1,-1
3893,3924,3925,3818,3892,3812,3926,3837,3811,3852,-1,-1
3943,3914,3765,3944,3766,3904,4039,3666,3744,3665,3919,3745
3913,3666,3943,3903,3765,3665,3919,349,3944,351,347,4039
3908,3918,3922,3702,3907,3703,3945,3800,3906,-1,-1,-1
3759,3929,3917,3713,3715,3927,3703,3712,-1,-1,-1,-1
3916,3918,3929,3928,3703,3927,3713,3759,-1,-1,-1,-1
3917,3915,3928,3945,3703,3922,3702,3927,3713,-1,-1,-1
3903,4039,3943,3895,3920,3880,3914,4121,351,3913,3666,353
4121,3895,3880,3876,3879,3919,3896,3903,4039,355,3776,353
3826,3793,3794,3792,3825,3763,3749,3868,3824,3923,3740,-1
3907,3964,3945,3915,3963,3908,3999,3918,3970,3939,-1,-1
3763,3676,3793,3674,3764,3633,3774,3794,3762,3595,3921,3675
3926,3912,4089,3812,3925,3830,4246,3974,-1,-1,-1,-1
3926,3892,3912,3974,3935,3924,3893,4246,4089,-1,-1,-1
4246,3925,3924,4089,3974,4112,3912,4050,3935,3830,-1,-1
3929,3928,3934,3810,3832,3917,3916,3942,3933,3918,-1,-1
3927,3918,3933,3945,3934,3917,3929,3999,-1,-1,-1,-1
3916,3927,3917,3715,3810,3759,3928,3714,-1,-1,-1,-1
3948,3869,3931,3871,3947,3897,3992,3865,3987,3960,-1,-1
3992,3947,3936,3930,3946,3871,3932,3948,4183,3937,3966,3869
3992,3986,3935,3871,3937,3892,3931,3936,3985,-1,-1,-1
3999,3934,4033,3928,3972,3945,3942,3927,3997,3964,-1,-1
3942,3933,3927,3928,3972,3832,3994,3941,4033,-1,-1,-1
3932,3892,3925,3974,3937,3985,3986,3992,3926,-1,-1,-1
3992,4103,4183,3946,3931,3937,3932,3947,4052,4101,-1,-1
3992,3932,3936,3985,4052,4103,3935,3931,4183,-1,-1,-1
3956,3939,3955,3940,3957,3963,4037,3970,3845,-1,-1,-1
3906,3938,3940,3963,3907,3845,3908,3922,3956,3847,-1,-1
3957,3845,3847,3938,3864,3939,3955,3906,3961,-1,-1,-1
3942,3994,3831,3984,3973,3832,3995,3972,3934,3971,3813,3830
3994,3941,3934,3972,3832,3831,3933,3971,3927,3973,3984,-1
3913,4039,3944,3914,3904,3919,3903,3765,3768,3880,3766,-1
3766,3913,3904,3943,3765,3909,3745,4039,3914,4100,3744,3577
3922,3999,3918,3928,3964,3933,3915,3907,-1,-1,-1,-1
4183,3966,3936,3947,3931,4123,4103,370,3992,4101,373,3960
3931,3960,3946,3948,3966,3930,3987,368,3936,365,3992,-1
3987,3930,3865,3947,3960,3897,3791,3931,3869,3786,-1,-1
4071,4099,3951,4215,4021,3884,4190,-1,-1,-1,-1,-1
3883,4009,3951,4008,4006,3884,3952,-1,-1,-1,-1,-1
3949,3950,4009,4007,4021,3884,4071,-1,-1,-1,-1,-1
3873,3883,3860,3861,3884,3874,3976,3950,3850,-1,-1,-1
3870,3711,3723,3858,3853,3710,3789,3854,3897,3733,3869,3685
3887,4017,3888,3833,374,372,3867,376,371,369,377,3875
4038,3938,4037,3957,3956,4010,3940,4077,-1,-1,-1,-1
4037,3970,3938,3963,4079,3955,4163,3939,-1,-1,-1,-1
3940,4010,3955,3864,3961,3938,3847,3962,-1,-1,-1,-1
3959,4029,4027,4028,3978,4080,3898,4041,-1,-1,-1,-1
3958,3899,4020,4080,3898,4027,-1,-1,-1,-1,-1,-1
365,3947,363,3987,368,3791,3948,3966,370,3784,3930,3946
3962,3864,3856,3957,4010,3894,4145,4106,4129,3940,-1,-1
4145,3961,4129,4010,4106,3894,4086,3856,4016,3957,-1,-1
3970,3939,3907,3964,3922,3956,3938,-1,-1,-1,-1,-1
3999,3922,3970,3969,3963,3945,3907,4033,3933,-1,-1,-1
4020,4019,4017,3867,3866,4018,377,379,-1,-1,-1,-1
370,3946,368,4123,3947,373,3960,4194,365,4183,375,3931
4562,4064,3872,3968,4130,3851,3874,4099,4049,-1,-1,-1
3967,3978,3851,3872,3905,4064,4049,4562,-1,-1,-1,-1
4012,3999,3970,3964,3998,4033,4079,4011,-1,-1,-1,-1
4079,3964,3963,3956,3969,3999,3922,4012,4037,3938,-1,-1
3994,3997,3996,4060,3973,3972,3942,4045,3941,4033,3998,-1
3997,3942,3994,4033,3933,3934,3971,3941,3998,3999,-1,-1
3995,3994,3971,3941,3996,3984,3993,4090,3942,-1,-1,-1
3926,3985,3925,4246,4050,3935,4089,3924,4051,3892,-1,-1
3977,3815,3816,3844,3861,3979,3976,3860,3807,3814,3842,-1
3977,3983,4008,3861,3883,3979,3975,3952,3980,4014,3844,-1
3975,3979,3976,3861,3844,3815,3983,3816,3980,3883,-1,-1
4029,3968,3898,3905,4049,3958,4041,-1,-1,-1,-1,-1
3980,3977,3983,3844,3976,3981,3975,4013,3982,3861,-1,-1
3982,3979,4013,3983,3981,4081,4065,3976,3977,3844,4014,4036
3891,3980,4065,3979,3982,3844,3902,3842,3890,-1,-1,-1
3980,4065,4036,4081,4013,3981,4004,3902,3979,3983,3989,-1
3980,3976,4014,4013,3979,4008,3977,3982,4015,-1,-1,-1
3995,3941,3831,4088,3830,3973,4090,3994,3942,-1,-1,-1
3974,4052,4050,3937,4051,3935,4246,4103,4054,3932,-1,-1
3932,3892,3852,3871,3854,3935,3992,3893,3869,-1,-1,-1
3791,3948,3865,3786,3960,3784,363,365,358,3897,3947,360
3520,3541,3542,3504,3632,3483,3582,3519,3538,3673,-1,-1
3991,4065,4036,3902,4005,4003,3901,4004,3890,3990,3982,-1
3835,3991,3828,4129,4016,3901,3834,4003,3778,3989,4145,-1
3990,3989,4003,4016,3901,3835,4005,4129,-1,-1,-1,-1
3932,3931,3936,3937,3871,3986,3930,3935,3946,4103,3947,4183
4023,3995,4090,4002,4000,3973,4001,3996,-1,-1,-1,-1
3942,3971,3941,3973,3972,3997,3984,3934,3996,3832,3831,3995
4090,3984,3973,4088,3993,4002,3941,4030,3994,-1,-1,-1
3971,4000,4045,3973,4060,3993,3994,4122,3997,-1,-1,-1
3998,3971,4033,4060,3972,4011,3994,3933,3996,-1,-1,-1
4011,3997,4033,4012,3969,4060,4046,3999,3972,4044,3971,-1
3964,3933,4033,3945,3969,3922,3970,3998,3928,3972,-1,-1
4122,4023,3996,4042,4045,3993,4161,-1,-1,-1,-1,-1
4002,4023,4022,4024,4025,3993,4090,4042,-1,-1,-1,-1
4090,4001,4024,4030,3993,3995,4023,4031,4088,4025,-1,-1
4005,4016,3991,4058,4035,3989,4086,3990,4036,-1,-1,-1
4057,4036,4081,4005,4059,4058,3982,4222,4152,4065,3989,4013
4004,4003,4036,4058,4057,3989,3991,4081,4065,4035,4059,-1
4008,4026,4056,4009,3950,4014,4076,3883,-1,-1,-1,-1
4055,4069,4021,4009,3951,4125,4109,4056,4070,-1,-1,-1
4006,3976,3883,4014,3983,3950,4026,-1,-1,-1,-1,-1
4056,4007,4055,4006,3950,3951,-1,-1,-1,-1,-1,-1
4106,3957,3961,3962,3955,4038,4154,4145,3864,-1,-1,-1
3998,4046,4044,4012,4060,3997,4047,4048,3969,4033,-1,-1
4046,4011,3969,4048,3998,4079,3970,4163,4033,4084,-1,-1
3980,4081,3983,4015,3982,4014,3979,4059,4036,4004,-1,-1
4026,3983,4008,4013,4015,4006,4040,3976,3980,-1,-1,-1
4013,4040,4140,4014,4059,4081,4026,4142,3983,-1,-1,-1
4145,4003,4086,4129,3991,3990,4035,3962,-1,-1,-1,-1
376,3954,377,4019,374,3965,3867,379,372,3833,3887,4018
4019,383,4080,381,384,379,4020,3965,386,377,4017,4027
379,377,4018,381,4017,3965,376,383,384,4020,374,-1
3965,3959,3899,4080,4018,3866,4019,-1,-1,-1,-1,-1
4190,4071,4069,4007,3949,3951,4070,4075,4125,4215,-1,-1
4105,4023,4001,4042,4162,4025,4043,-1,-1,-1,-1,-1
4001,4042,4000,4022,3993,4002,4122,-1,-1,-1,-1,-1
4031,4002,4001,4025,4030,4032,4090,4091,-1,-1,-1,-1
4043,4024,4001,4104,4022,4105,4032,4591,4002,-1,-1,-1
4040,4014,4076,4006,4056,4015,4141,4008,-1,-1,-1,-1
388,4080,4028,386,3958,390,3959,4029,384,4018,-1,-1
390,4027,4041,4029,4098,388,3958,392,4062,4080,386,4049
4041,4028,3978,3958,4049,4098,4062,4027,390,-1,-1,-1
4112,4031,4090,4002,4024,4092,4088,3995,4246,4091,4089,-1
4091,4024,4092,4030,4032,4112,4324,4002,4118,-1,-1,-1
4031,4091,4150,4024,4104,4118,4025,-1,-1,-1,-1,-1
3999,3998,3997,3933,3972,3969,3964,4012,4011,3934,3971,4060
3798,3857,3838,3788,3846,3822,3726,3799,3787,-1,-1,-1
4086,4153,4058,4087,4085,4003,4016,4145,4005,4106,-1,-1
4004,4065,4005,3982,4081,3989,3902,4057,4059,4003,4013,3980
4163,3956,4077,3955,4038,4079,3938,4078,3970,-1,-1,-1
4154,3955,4078,4037,4010,4077,4106,4159,-1,-1,-1,-1
3943,3768,3880,3919,3904,3944,3920,3913,3776,4100,3914,-1
4026,4142,4141,4140,4015,4076,4014,4322,4172,4138,4056,-1
4098,4029,4062,4028,4049,392,390,4096,4063,4097,3958,3978
4023,4161,4122,4022,4000,4162,4093,4160,4001,-1,-1,-1
4591,4105,4025,4192,4104,4173,4489,4022,-1,-1,-1,-1
4011,4061,4047,4095,4046,4060,4045,3998,-1,-1,-1,-1
4061,4122,4060,3996,4000,4044,4093,3971,-1,-1,-1,-1
4047,4011,4012,4048,4084,4044,3998,4095,4217,-1,-1,-1
4095,4046,4084,4217,4044,4011,4249,4048,4061,4178,-1,-1
4163,4046,4084,4012,4079,4131,4047,4011,4077,-1,-1,-1
4041,4029,4064,4062,4063,3978,3968,4098,3967,4028,4097,-1
4051,4246,3974,3985,4324,4092,3926,4112,4052,4091,-1,-1
4054,4050,4324,4052,3985,4068,4067,4053,3974,-1,-1,-1
4103,4054,4051,3985,4053,3937,4066,3936,4050,4101,4183,-1
4066,4101,4103,4054,4052,4102,4183,4067,4300,4124,4051,-1
4066,4051,4067,4053,4052,4068,4103,4300,4324,3985,-1,-1
4109,4007,4056,4149,4125,4009,4069,4117,4076,-1,-1,-1
4076,4055,4009,4006,4149,4026,4138,4109,4007,4040,-1,-1
4004,4152,4058,4059,4005,4222,4153,4081,4036,-1,-1,-1
4153,4005,4057,4035,4003,4152,4004,4085,4193,-1,-1,-1
4081,4004,4140,4222,4057,4015,4013,4152,4036,4005,-1,-1
3997,4011,4045,3971,4044,3998,3996,4061,4033,-1,-1,-1
4093,4045,4094,4044,4095,4122,4047,4060,4311,-1,-1,-1
4041,4097,4098,4063,4096,4049,392,4029,4134,4083,4028,394
4062,4097,4082,4064,4083,4049,4041,4096,4315,4134,4098,-1
3967,4049,4063,4130,4082,3968,4562,4062,-1,-1,-1,-1
3902,3982,4036,3989,3981,3891,3980,3890,4081,4005,4004,-1
4053,4300,4067,4054,4102,4101,4247,4052,4068,4184,4103,4278
4247,4066,4054,4068,4300,4302,4053,4278,4051,4707,4102,-1
4067,4324,4054,4051,4118,4302,4091,4066,4247,4202,-1,-1
4125,4070,4007,4021,4074,4190,4108,4055,4109,-1,-1,-1
4108,4190,4069,4075,4073,4021,4074,4072,4071,4125,4188,4007
4190,4215,3949,4021,4188,4075,4099,4070,4143,3951,-1,-1
4108,4158,4110,4074,4120,4107,4070,4073,4114,4157,-1,-1
4075,4119,4108,4166,4165,4120,4070,4190,4072,4188,4224,-1
4072,4125,4069,4108,4107,4110,4111,4070,4109,-1,-1,-1
4190,4073,4166,4188,4070,4071,4108,4189,4165,4119,4021,-1
4056,4141,4138,4026,4040,4149,4322,4006,4142,4055,-1,-1
4163,4078,4037,4156,4131,4038,4164,4154,4155,4048,3955,-1
4154,4077,4156,4159,4155,4038,4182,4037,4087,4216,-1,-1
3970,4163,4048,4012,3956,4037,3969,-1,-1,-1,-1,-1
4027,4018,386,3959,4020,3958,384,388,383,4028,-1,-1
4004,4013,4059,3982,4036,4015,3980,4057,4065,4005,4140,-1
4315,4063,4143,4064,4083,4133,4130,4189,4097,-1,-1,-1
4097,4410,4134,4133,4063,4132,4082,4315,4062,4096,-1,-1
4047,4048,4046,4178,4217,4131,4164,4163,4175,4095,4012,-1
4153,4087,4159,4216,4193,4035,4168,4086,4154,4058,4152,4155
4145,4035,4087,4106,4016,3962,4085,4003,4154,4129,4153,-1
4085,4086,4154,4159,4106,4035,4153,4145,4216,4078,-1,-1
4090,4112,3984,3995,4089,4030,3830,4002,3831,-1,-1,-1
3926,4112,3924,4246,4088,3830,3925,3974,4030,-1,-1,-1
4002,3995,4088,4030,3993,3984,4001,4112,4024,3973,-1,-1
4031,4324,4118,4092,4032,4068,4150,4024,4050,4030,-1,-1
4031,4112,4246,4091,4050,4324,4030,-1,-1,-1,-1,-1
4122,4061,4094,4311,4161,4160,4045,4042,4095,4250,-1,-1
4093,4250,4095,4061,4249,4311,4318,4122,-1,-1,-1,-1
4047,4249,4094,4061,4044,4217,4046,4250,4093,4084,-1,-1
394,392,4097,4134,396,4098,4062,398,4041,390,4063,4083
4134,4062,4096,4083,4063,4098,4132,396,394,4041,392,398
392,4041,390,4062,4096,4028,394,4029,4097,4049,388,396
4562,4215,3949,3874,4130,3884,4071,3967,3873,3872,-1,-1
3821,3597,3904,3909,3598,3768,3777,3944,4039,3762,3570,3578
4183,4053,4124,4123,4102,4103,4066,375,3946,3936,378,4194
4124,4066,4300,4101,4184,4053,378,380,382,4067,4123,375
4183,3936,4053,4052,4101,3937,3946,4054,3992,4066,3985,4123
4591,4043,4173,4174,4032,4150,4025,4210,-1,-1,-1,-1
4043,4022,4192,4162,4191,4025,4591,-1,-1,-1,-1,-1
4010,4154,4086,4087,4145,3962,4038,3961,4159,4035,-1,-1
4110,4111,4115,4113,4074,4072,4114,4116,4117,-1,-1,-1
4072,4070,4073,4120,4074,4075,4119,4069,4158,4110,4190,-1
4117,4125,4055,4149,4111,4139,4007,4069,4074,4056,4116,4138
4107,4072,4114,4158,4113,4074,4157,4108,4111,4115,-1,-1
4107,4117,4109,4125,4115,4074,4116,4110,4139,4149,-1,-1
4246,4030,4089,4088,4092,3926,4031,4090,4050,-1,-1,-1
4151,4107,4115,4114,4110,4237,4200,-1,-1,-1,-1,-1
4157,4110,4200,4158,4113,4248,4233,4072,4107,4151,-1,-1
4107,4116,4126,4237,4113,4111,4117,4151,4128,4110,-1,-1
4117,4115,4139,4128,4126,4127,4111,4171,4109,4107,-1,-1
4109,4139,4111,4116,4149,4138,4125,4055,4115,4171,4107,-1
4091,4202,4068,4150,4324,4302,4032,4031,4316,-1,-1,-1
4165,4120,4073,4224,4166,4226,4108,4234,4075,-1,-1,-1
4119,4158,4072,4108,4073,4234,4224,4165,4157,-1,-1,-1
3896,3895,3876,3920,355,357,353,359,3900,3903,3879,3919
4093,4000,4161,4045,4042,4061,4023,3996,4094,4311,-1,-1
4194,373,375,4183,4101,4124,3966,3946,370,378,4102,4103
378,4102,375,4101,4123,380,4194,373,4184,4183,4053,382
4109,4069,4055,4074,4007,4111,4117,4149,4070,4021,-1,-1
4128,4237,4144,4136,4115,4116,4127,4135,4151,4201,-1,-1
4128,4241,4171,4135,4139,4116,4219,4146,4126,4136,4322,-1
4126,4127,4135,4136,4116,4144,4137,4115,4139,4241,4219,4237
4145,3828,3990,3962,4016,3894,3835,4086,3991,3961,-1,-1
4562,3967,4143,4215,4064,4099,4082,4315,3872,-1,-1,-1
4163,4164,4156,4084,4178,4048,4077,4182,-1,-1,-1,-1
4148,4134,4410,400,398,4147,4083,402,396,4097,405,4245
4315,4410,4189,4083,4245,4082,4225,4143,-1,-1,-1,-1
4097,4132,398,396,4096,4083,394,400,4062,4410,4148,4063
4137,4128,4219,4136,4127,4221,4241,4220,4126,4294,-1,-1
4144,4137,4128,4135,4126,4294,4254,4127,4237,4220,4221,-1
4220,4135,4136,4221,4294,4293,4128,4219,4144,4292,-1,-1
4322,4149,4171,4076,4141,4139,4146,4117,4056,4172,4040,4241
4117,4171,4138,4116,4149,4127,4322,4109,4241,4128,4146,4111
4142,4059,4222,4040,4015,4223,4141,4172,4081,-1,-1,-1
4322,4142,4076,4040,4138,4172,4146,4171,4026,4140,4149,-1
4141,4140,4172,4040,4223,4322,4169,4076,4222,4146,4015,-1
4315,4215,4188,4130,4189,4082,4133,4071,4166,-1,-1,-1
4254,4136,4126,4201,4237,4294,4252,4128,4137,4151,-1,-1
4086,3962,4129,4016,4106,4035,4087,4010,3961,3894,3990,-1
4322,4241,4170,4171,4172,4141,4138,4169,4127,4219,4139,4142
4148,4243,4410,4244,4245,4132,405,402,407,4337,400,4227
402,4132,400,4147,405,4243,398,4410,407,4134,4244,-1
4138,4109,4055,4117,4076,4056,4139,4125,4171,4141,4322,4111
4174,4202,4316,4032,4118,4104,4091,-1,-1,-1,-1,-1
4237,4231,4200,4113,4201,4199,4115,4144,4114,4126,4236,-1
4057,4153,4193,4222,4058,4228,4085,4059,4004,4208,-1,-1
4085,4058,4152,4035,4193,4057,4087,4216,4086,-1,-1,-1
4159,4038,4078,4087,4106,4010,4085,4155,4086,4077,-1,-1
4182,4159,4216,4156,4078,4167,4164,4168,4154,4077,4085,-1
4164,4182,4078,4077,4155,4131,4178,4163,4159,4176,4167,-1
4233,4158,4114,4248,4234,4256,4110,4120,4072,4257,4200,-1
4157,4072,4120,4110,4114,4234,4108,4233,4248,-1,-1,-1
4154,4216,4155,4078,4087,4085,4038,4156,4168,4106,-1,-1
4161,4214,4306,4386,4311,4162,4093,4213,4042,4385,-1,-1
4160,4093,4042,4122,4311,4162,4306,4214,4000,-1,-1,-1
4214,4105,4042,4160,4161,4022,4191,-1,-1,-1,-1,-1
4048,4077,4037,4079,4131,3956,4156,4084,4012,-1,-1,-1
4178,4182,4156,4176,4131,4175,4155,4084,4077,4167,-1,-1
4119,4166,4226,4225,4073,4224,4075,4120,4227,4189,-1,-1
4075,4189,4165,4073,4188,4225,4119,4190,4315,4143,-1,-1
4182,4197,4177,4155,4179,4168,4216,4176,4164,4156,-1,-1
4197,4216,4193,4208,4167,4085,4155,4177,4196,4159,4228,-1
4280,4172,4207,4170,4223,4146,4279,4142,4242,4322,-1,-1
4146,4242,4241,4280,4169,4172,4219,4322,4171,4259,-1,-1
4322,4146,4139,4241,4138,4127,4141,4172,4170,4149,4117,4116
4146,4322,4169,4142,4141,4170,4223,4171,4241,4138,4280,4040
4591,4210,4174,4266,4489,4104,4043,4209,4281,4192,4286,-1
4210,4173,4316,4150,4281,4104,4317,4591,4202,4266,4209,-1
4178,4218,4180,4176,4217,4164,4181,4084,4374,4318,-1,-1
4179,4164,4182,4175,4181,4178,4180,4167,4177,4195,4156,-1
4198,4179,4197,4167,4195,4196,4168,4239,4181,4176,4208,-1
4164,4175,4084,4131,4217,4176,4182,4218,4156,4180,4047,-1
4177,4176,4181,4195,4167,4182,4198,4180,4197,-1,-1,-1
4181,4175,4218,4374,4176,4290,4179,4318,4195,4178,-1,-1
4180,4179,4195,4176,4290,4175,4260,4177,4374,-1,-1,-1
4164,4155,4167,4156,4176,4179,4178,4078,4216,4131,-1,-1
3946,4101,4103,3936,4123,4053,3966,4124,3931,3937,373,4194
4185,382,4300,4102,4278,4187,380,385,4124,378,4066,4247
385,4187,382,4184,387,4278,4186,380,389,4204,4300,-1
389,387,4187,4204,4203,391,4185,4205,385,393,4278,4299
4185,4278,4204,4186,387,385,4184,389,382,4707,4300,4203
4075,4190,4071,4143,4189,4215,4166,4315,4073,4070,-1,-1
4315,4166,4133,4143,4188,4225,4082,4075,4165,4245,-1,-1
4071,4075,4070,4021,4188,4069,4073,4215,3949,4166,4108,-1
4214,4211,4192,4213,4162,4105,4212,-1,-1,-1,-1,-1
4591,4489,4105,4043,4211,4191,4173,4286,-1,-1,-1,-1
4168,4153,4152,4085,4208,4216,4228,4197,4058,-1,-1,-1
373,375,4123,370,378,4124,3966,368,4101,4183,-1,-1
4181,4260,4179,4239,4198,4177,4290,4180,4375,4176,4240,-1
4198,4197,4279,4208,4177,4207,4206,4168,4239,-1,-1,-1
4168,4177,4208,4196,4167,4198,4216,4179,4193,-1,-1,-1
4239,4177,4196,4195,4206,4240,4197,4179,4260,4279,-1,-1
4231,4229,4236,4232,4200,4151,4235,4230,4248,4253,-1,-1
4199,4151,4114,4229,4231,4113,4248,4236,4157,-1,-1,-1
4231,4252,4254,4151,4144,4237,4235,4236,4126,-1,-1,-1
4316,4302,4118,4150,4301,4317,4174,4068,4707,-1,-1,-1
4205,4186,4204,4304,4299,4303,393,391,4238,389,395,4187
4187,4299,4186,4278,4707,4203,4185,4247,387,389,-1,-1
393,4203,395,4238,4304,391,397,4186,4303,389,4329,4470
4240,4279,4239,4198,4259,4258,4196,4280,4261,-1,-1,-1
4169,4279,4208,4196,4223,4228,4280,-1,-1,-1,-1,-1
4197,4168,4228,4196,4193,4207,4216,4177,4152,-1,-1,-1
4210,4266,4282,4360,4281,4361,4173,4359,4371,4174,-1,-1
4173,4281,4209,4174,4266,4282,4489,4591,4316,4104,4359,-1
4287,4192,4489,4286,4191,4212,4288,4591,4428,-1,-1,-1
4288,4213,4307,4429,4287,4211,4378,4191,4377,4214,-1,-1
4214,4307,4386,4212,4308,4191,4160,4378,-1,-1,-1,-1
4213,4160,4386,4191,4162,4306,4161,4212,4308,-1,-1,-1
4071,4099,4143,4188,4130,3949,4190,4562,4021,-1,-1,-1
4168,4159,4155,4085,4193,4167,4197,4087,4153,4182,4208,4078
4047,4249,4084,4218,4175,4178,4095,4318,4046,-1,-1,-1
4318,4175,4180,4217,4249,4374,4178,4440,4250,-1,-1,-1
4241,4135,4242,4221,4269,4170,4127,4146,4137,4171,4128,-1
4293,4137,4221,4294,4268,4292,4135,4269,4136,4418,-1,-1
4220,4137,4269,4219,4135,4268,4242,4293,4270,4136,4294,-1
4059,4228,4140,4152,4057,4223,4004,4142,-1,-1,-1,-1
4142,4169,4222,4140,4172,4228,4207,-1,-1,-1,-1,-1
4119,4263,4226,4165,4234,4120,4354,4255,4289,4073,-1,-1
4245,4165,4166,4227,4189,4226,4133,4315,4410,4244,-1,-1
4289,4227,4165,4224,4354,4225,4119,4466,4263,4336,-1,-1
4244,4289,4226,4245,4336,4225,4337,4466,4243,4165,4147,4354
4208,4222,4152,4223,4193,4207,4168,-1,-1,-1,-1,-1
4199,4248,4267,4232,4230,4200,4236,4231,4271,-1,-1,-1
4232,4271,4267,4273,4229,4272,4295,4199,4350,4298,-1,-1
4199,4151,4236,4201,4235,4200,4232,4237,4252,4229,-1,-1
4236,4199,4271,4230,4229,4253,4231,4235,4267,4295,-1,-1
4256,4157,4248,4257,4234,4255,4267,4158,4114,4264,-1,-1
4256,4233,4157,4255,4263,4224,4120,4158,4119,-1,-1,-1
4236,4252,4251,4231,4262,4201,4253,4199,4232,4254,-1,-1
4235,4232,4199,4231,4253,4229,4262,4271,4201,4200,4252,4151
4151,4126,4115,4144,4201,4113,4231,4136,4128,4254,-1,-1
397,395,4329,4304,4470,4205,399,393,4362,4203,4355,4303
4240,4198,4260,4195,4206,4261,4258,4375,4177,4196,-1,-1
4239,4258,4206,4261,4198,4451,4260,4259,4279,4270,4375,4195
4146,4171,4219,4127,4170,4322,4135,4242,4139,4172,4128,4138
4269,4170,4259,4280,4219,4241,4270,4221,4169,4279,4146,-1
407,405,4337,4244,4147,409,4148,4336,4245,4445,402,4227
4243,4337,4227,4147,4245,4336,407,4289,405,4445,409,4410
4410,4244,4227,4147,4225,4133,4243,4132,4189,-1,-1,-1
3926,4112,4050,3974,4092,4089,3925,3924,3985,4030,-1,-1
4067,4300,4707,4278,4302,4066,4301,4068,4204,4184,-1,-1
4233,4157,4229,4267,4114,4200,4257,4199,4256,4158,-1,-1
4318,4095,4250,4217,4094,4218,4047,4440,-1,-1,-1,-1
4094,4318,4384,4440,4249,4311,4306,4452,4095,4093,4218,-1
4252,4275,4235,4276,4262,4274,4277,4254,-1,-1,-1,-1
4254,4251,4235,4201,4274,4144,4275,4231,4236,-1,-1,-1
4262,4236,4271,4232,4343,4313,4235,4295,4285,4199,-1,-1
4252,4144,4274,4201,4294,4136,4251,4292,4235,4237,-1,-1
4263,4256,4264,4265,4234,4233,4354,4257,4224,-1,-1,-1
4255,4233,4257,4264,4234,4263,4157,4248,4348,4350,-1,-1
4256,4350,4233,4267,4264,4348,4248,4255,4273,4157,4323,-1
4240,4270,4451,4259,4261,4321,4206,4239,4269,-1,-1,-1
4242,4258,4270,4280,4279,4206,4269,4240,4170,-1,-1,-1
4375,4239,4195,4261,4290,4240,4181,4198,4373,4450,-1,-1
4240,4451,4375,4260,4239,4258,4450,4206,4373,-1,-1,-1
4285,4253,4276,4251,4235,4313,4236,4283,-1,-1,-1,-1
4255,4354,4224,4234,4265,4256,4264,4226,4289,4431,-1,-1
4255,4348,4256,4405,4257,4265,4350,4263,4233,-1,-1,-1
4431,4255,4264,4433,4263,4443,4405,4354,4466,-1,-1,-1
4210,4489,4209,4173,4286,4361,4591,4360,4281,4174,-1,-1
4350,4257,4230,4229,4273,4248,4233,4232,-1,-1,-1,-1
4270,4220,4293,4418,4269,4321,4221,4541,-1,-1,-1,-1
4270,4242,4221,4219,4259,4268,4220,4258,-1,-1,-1,-1
4269,4321,4258,4259,4268,4242,4451,4221,4240,4541,-1,-1
4295,4232,4230,4343,4253,4272,4236,4297,4273,4229,-1,-1
4295,4298,4273,4271,4230,4297,4296,4343,4323,-1,-1,-1
4350,4298,4230,4272,4267,4323,4257,4348,4271,4296,4295,-1
4254,4275,4252,4292,4251,4294,4291,4356,-1,-1,-1,-1
4356,4277,4251,4274,4276,4291,4252,4305,4358,4292,-1,-1
4277,4283,4285,4262,4251,4275,4284,4356,4305,-1,-1,-1
4356,4276,4305,4275,4284,4283,4358,4335,4251,4291,4285,-1
4247,4187,4300,4707,4204,4184,4185,4067,4186,4299,4102,4066
4206,4280,4207,4196,4259,4169,4198,4240,4242,-1,-1,-1
4279,4169,4242,4170,4259,4207,4206,4172,-1,-1,-1,-1
4210,4359,4317,4174,4316,4282,4209,4173,4363,4266,-1,-1
4359,4209,4371,4360,4281,4364,4210,4317,4516,4363,-1,-1
4285,4333,4284,4485,4276,4277,4262,4313,4328,4314,4335,4342
4283,4335,4277,4333,4305,4276,4328,4285,4356,4485,4334,-1
4283,4313,4262,4276,4485,4342,4333,4284,4253,4277,-1,-1
4489,4287,4428,4266,4361,4211,4430,4192,4288,4173,4377,4591
4288,4211,4286,4428,4377,4212,4429,4489,-1,-1,-1,-1
4287,4429,4212,4377,4379,4211,4428,4378,4286,4307,-1,-1
4466,4336,4226,4227,4354,4432,4244,4431,4445,4337,4224,4263
4260,4181,4375,4376,4180,4374,4195,4373,-1,-1,-1,-1
4356,4292,4419,4358,4275,4357,4274,4277,4305,4293,-1,-1
4293,4291,4294,4419,4274,4220,4254,4275,4137,-1,-1,-1
4220,4292,4419,4418,4268,4294,4137,4221,4291,-1,-1,-1
4137,4292,4254,4220,4136,4274,4144,4293,4135,4221,-1,-1
4271,4272,4297,4343,4230,4341,4296,4253,4232,4273,4351,-1
4298,4338,4340,4459,4272,4297,4339,4295,4460,4273,4323,-1
4295,4351,4459,4272,4343,4296,4341,4271,-1,-1,-1,-1
4323,4273,4296,4272,4339,4350,4338,4230,-1,-1,-1,-1
4204,4363,4707,4303,4203,4301,4317,4278,4186,4304,-1,-1
4066,4247,4278,4102,4067,4184,4053,4707,4054,4187,4302,4185
4317,4707,4202,4316,4363,4299,4302,4247,4359,-1,-1,-1
4202,4247,4067,4068,4707,4301,4118,4316,4300,4278,-1,-1
4304,4363,4299,4362,4364,4203,4359,4205,4238,4470,-1,-1
4238,4303,4205,4470,4362,4203,4329,395,397,393,4299,4364
4277,4356,4335,4358,4370,4284,4475,4275,4334,4276,4291,-1
4386,4385,4311,4160,4384,4453,4308,4214,4161,4250,-1,-1
4378,4308,4213,4212,4483,4429,4386,4447,4288,-1,-1,-1
4307,4385,4386,4483,4213,4539,4306,4378,4453,4214,-1,-1
404,4476,406,403,4310,408,4415,401,4355,410,4409,399
408,4309,406,4415,410,4319,4477,4476,404,412,4639,403
4306,4093,4094,4160,4250,4161,4384,4386,4385,4122,4061,-1
4352,4326,4342,4485,4314,4461,4327,4333,-1,-1,-1,-1
4285,4342,4343,4262,4485,4253,4341,4283,-1,-1,-1,-1
4333,4327,4312,4325,4326,4328,4485,4283,-1,-1,-1,-1
4082,4189,4143,4133,4083,4188,4130,4063,4410,4225,4166,-1
4317,4202,4174,4150,4281,4301,4359,4210,4302,4363,4118,-1
4359,4316,4363,4301,4281,4202,4299,4174,4282,4364,-1,-1
4440,4218,4249,4250,4374,4372,4217,4180,4094,4452,4384,4175
412,4570,410,4477,4320,4310,414,408,406,4480,416,4611
414,412,416,4319,4570,4480,410,418,408,-1,-1,-1
4270,4451,4541,4538,4258,4268,-1,-1,-1,-1,-1,-1
4146,4141,4138,4171,4172,4241,4142,4076,4139,4170,4040,4149
4298,4350,4348,4339,4273,4349,4347,4296,4405,4257,4272,-1
4091,4068,4051,4050,4092,4118,4031,4054,-1,-1,-1,-1
4327,4332,4330,4331,4314,4328,4368,4333,4326,4387,4365,-1
4327,4312,4387,4388,4461,4314,4394,4330,4352,4325,-1,-1
4326,4330,4325,4387,4314,4388,4312,4491,4331,4365,-1,-1
4333,4335,4332,4334,4325,4314,4284,4283,-1,-1,-1,-1
399,4470,397,4238,4355,401,395,4381,4304,403,4362,4205
4365,4327,4387,4491,4331,4325,4326,4407,4367,-1,-1,-1
4368,4366,4330,4365,4325,4332,4367,4327,4456,-1,-1,-1
4368,4325,4465,4328,4334,4331,4369,4335,4366,-1,-1,-1
4283,4328,4314,4485,4284,4335,4285,4312,4325,-1,-1,-1
4335,4465,4464,4332,4328,4370,4305,4368,4284,4500,-1,-1
4334,4305,4284,4370,4328,4277,4333,4464,4332,4358,4283,-1
4445,4289,4337,4466,4244,4432,4227,411,4243,409,4479,4226
4243,409,4445,407,4244,4336,411,405,4147,4227,4432,4479
4339,4460,4340,4345,4296,4347,4298,4459,4344,4751,-1,-1
4338,4347,4298,4323,4349,4345,4296,4460,4572,4340,-1,-1
4460,4338,4434,4459,4296,4346,4751,4345,4395,4339,-1,-1
4351,4342,4352,4343,4297,4353,4313,4295,-1,-1,-1,-1
4352,4485,4312,4341,4313,4285,4343,4461,4353,4283,-1,-1
4295,4271,4313,4341,4297,4253,4272,4342,4351,-1,-1,-1
4751,4392,4460,4390,4345,4389,4400,4391,4571,4346,4398,4338
4347,4338,4571,4460,4392,4344,4339,4751,4572,4340,-1,-1
4434,4751,4391,4413,4340,4460,4411,4459,4395,4344,4389,-1
4572,4571,4345,4339,4349,4402,4338,4401,4392,4323,-1,-1
4350,4264,4323,4405,4349,4257,4273,4256,-1,-1,-1,-1
4347,4401,4323,4572,4348,4405,4339,-1,-1,-1,-1,-1
4273,4257,4348,4323,4267,4298,4264,4230,4256,-1,-1,-1
4459,4395,4341,4353,4297,4434,4352,4343,4295,-1,-1,-1
4342,4312,4353,4461,4341,4382,4351,4485,4326,-1,-1,-1
4382,4352,4351,4395,4461,4383,4341,4394,4342,-1,-1,-1
4263,4466,4289,4431,4226,4224,4265,4255,4432,4336,4227,-1
401,399,4329,4476,4409,403,4470,4381,4309,397,404,4238
4277,4358,4275,4291,4305,4276,4357,4274,4284,4370,4475,-1
4475,4358,4419,4473,4474,4291,4356,-1,-1,-1,-1,-1
4356,4475,4305,4357,4291,4370,4277,4487,4275,4419,4474,4335
4317,4363,4282,4281,4364,4316,4303,4209,4301,4371,4210,-1
4516,4209,4371,4361,4481,4282,4266,4430,4482,4458,-1,-1
4430,4360,4266,4286,4481,4428,4209,4516,4489,-1,-1,-1
4470,4304,4364,4381,4380,4303,4238,4329,-1,-1,-1,-1
4317,4359,4303,4299,4301,4364,4281,4707,4316,4282,-1,-1
4359,4362,4282,4380,4303,4371,4363,4317,4304,-1,-1,-1
4330,4367,4407,4491,4331,4387,4408,4327,4366,4325,4422,-1
4456,4368,4331,4555,4369,4367,4332,4365,-1,-1,-1,-1
4365,4456,4406,4408,4366,4407,4331,4330,-1,-1,-1,-1
4332,4366,4369,4465,4331,4325,4555,4334,4500,-1,-1,-1
4368,4465,4509,4555,4500,4366,4332,-1,-1,-1,-1,-1
4305,4335,4487,4475,4464,4358,4334,4356,4486,-1,-1,-1
4516,4380,4282,4360,4458,4364,4209,4359,4416,-1,-1,-1
4440,4403,4376,4452,4374,4318,4404,4514,-1,-1,-1,-1
4375,4376,4404,4467,4450,4290,4260,4261,-1,-1,-1,-1
4372,4318,4180,4218,4376,4440,4290,4181,4175,-1,-1,-1
4260,4373,4261,4450,4290,4239,4451,4376,4195,4467,4240,-1
4372,4373,4403,4404,4374,4290,4375,4440,-1,-1,-1,-1
4288,4379,4428,4426,4287,4429,4423,4425,4430,4212,4286,-1
4307,4429,4447,4424,4483,4212,4288,4379,4308,4213,-1,-1
4425,4429,4377,4423,4424,4288,4427,4378,4504,4426,4507,-1
4371,4416,4362,4381,4364,4458,4470,4457,4516,-1,-1,-1
4470,4409,4416,4362,4380,4355,4329,399,4476,4417,4238,-1
4394,4383,4353,4590,4461,4352,4388,4396,4395,4420,-1,-1
4382,4393,4395,4396,4413,4590,4353,4394,-1,-1,-1,-1
4453,4306,4250,4452,4385,4440,4311,4514,4318,-1,-1,-1
4453,4306,4308,4386,4539,4384,4514,4160,4452,4311,4483,-1
4306,4213,4214,4308,4160,4385,4307,4311,-1,-1,-1,-1
4388,4327,4491,4330,4326,4421,4365,4394,4422,4420,4325,4461
4394,4387,4421,4326,4420,4461,4382,4327,4590,4491,-1,-1
4398,4391,4751,4435,4344,4390,4462,4346,4397,4460,-1,-1
4400,4398,4397,4344,4392,4389,4399,4527,4751,4525,-1,-1
4751,4411,4346,4389,4435,4413,4344,4460,4462,4414,4434,-1
4400,4571,4344,4345,4390,4496,4525,4402,4347,4399,4460,4751
4412,4396,4413,4383,4411,4494,4536,4590,4414,4395,-1,-1
4388,4382,4590,4420,4461,4326,4421,4383,4353,4396,4387,-1
4434,4351,4413,4353,4383,4459,4382,4346,4340,4393,-1,-1
4590,4494,4393,4383,4569,4412,4537,4382,4394,4420,-1,-1
4527,4398,4510,4399,4390,4526,440,4400,438,442,4462,4389
4397,4462,4389,4510,4390,4435,4511,4527,4526,4344,4399,-1
4527,4400,4525,438,4397,436,4390,440,434,4496,4392,4398
4392,4525,4399,4496,4390,4571,434,4344,436,4397,4527,4402
4441,4572,4442,4443,4349,4405,4493,4402,4446,4347,-1,-1
4524,4496,4572,4571,4442,429,431,4347,427,4401,4392,4525
4372,4404,4452,4514,4468,4376,4440,4573,4453,-1,-1,-1
4403,4469,4373,4467,4376,4468,4372,-1,-1,-1,-1,-1
4443,4348,4401,4264,4349,4265,4441,4433,4323,-1,-1,-1
4456,4437,4455,4408,4367,4454,4906,-1,-1,-1,-1,-1
4365,4408,4491,4439,4422,4367,4438,4330,-1,-1,-1,-1
4407,4437,4438,4406,4367,4439,4365,4436,-1,-1,-1,-1
4476,4381,4355,4415,4417,4416,4639,4309,4470,401,403,4329
4132,4245,4147,4133,4083,4148,4134,4244,4315,4243,4097,4225
4391,4412,4413,4435,4393,4414,4346,4751,4536,4434,-1,-1
4536,4393,4414,4411,4494,4396,4495,4413,4535,4435,-1,-1
4434,4395,4411,4393,4346,4383,4391,4412,4459,-1,-1,-1
4412,4536,4435,4463,4535,4411,4393,4391,4462,-1,-1,-1
4639,4476,4409,4310,4417,4477,4309,4478,4561,406,404,4355
4457,4381,4380,4417,4409,4458,4560,4371,-1,-1,-1,-1
4639,4561,4409,4457,4416,4415,4560,4478,4476,4381,-1,-1
4419,4541,4568,4293,4473,4268,4220,-1,-1,-1,-1,-1
4357,4293,4292,4418,4291,4473,4358,4568,-1,-1,-1,-1
4394,4590,4421,4492,4388,4569,4382,4396,4387,-1,-1,-1
4491,4387,4422,4388,4420,4492,4394,4490,-1,-1,-1,-1
4490,4491,4421,4439,4407,4492,4387,4365,4517,-1,-1,-1
4427,4379,4425,4507,4426,4508,4377,4504,4429,4675,4711,4424
4425,4447,4379,4378,4449,4504,4429,4448,4427,4423,-1,-1
4427,4379,4504,4424,4423,4507,4429,4448,4675,4377,-1,-1
4430,4423,4377,4508,4428,4635,4379,4507,4481,-1,-1,-1
4507,4425,4504,4675,4423,4379,4711,4508,4505,4424,4448,4728
4430,4286,4287,4377,4426,4361,4288,4481,4211,-1,-1,-1
4288,4379,4378,4377,4212,4424,4425,4307,4287,4447,4423,-1
4481,4428,4426,4635,4361,4377,4482,4286,4360,4508,4516,-1
4466,4432,4433,4444,4265,4354,4479,4289,4488,4336,4443,4263
4479,4466,4445,4431,4444,4336,413,411,4289,415,4337,4354
4443,4488,4431,4444,4446,4265,4441,419,417,4432,421,4405
4346,4459,4395,4340,4413,4351,4460,4751,4391,4411,-1,-1
4391,4462,4414,4411,4389,4463,4398,4412,4751,-1,-1,-1
4730,4437,4853,4438,4595,4725,4593,4677,4408,-1,-1,-1
4436,4406,4853,4408,4455,4438,-1,-1,-1,-1,-1,-1
4595,4439,4408,4436,4437,4517,4730,4407,-1,-1,-1,-1
4438,4407,4422,4517,4490,4408,4595,4491,-1,-1,-1,-1
4318,4372,4452,4250,4384,4374,4249,4218,4403,4453,4376,-1
4493,4401,4446,4442,4443,425,423,4572,427,4433,4405,421
4493,4524,4402,4441,4572,427,4401,429,425,4446,431,4496
4441,4433,4405,4401,4446,4265,4488,4493,4442,4431,-1,-1
4479,4488,415,417,4432,4433,4431,413,419,4466,4446,411
411,4337,4336,4432,4479,409,413,4466,407,4244,4243,4289
4488,4441,4493,421,423,4443,4433,419,425,4442,417,4401
4449,4483,4378,4424,4484,4307,4429,4448,4574,-1,-1,-1
4504,4919,4449,4503,4505,4424,4425,4447,4427,-1,-1,-1
4447,4919,4448,4484,4506,4424,4503,4504,4483,-1,-1,-1
4451,4375,4467,4373,4538,4261,4472,4260,-1,-1,-1,-1
4261,4538,4321,4450,4258,4240,4375,4270,4541,4472,-1,-1
4440,4453,4514,4372,4403,4384,4250,4573,4318,4385,4468,-1
4385,4514,4452,4539,4384,4573,4306,4308,4440,4403,-1,-1
4906,4456,4554,4406,4555,4455,4556,4657,-1,-1,-1,-1
4906,4853,4676,4406,4437,4657,4454,4554,4677,-1,-1,-1
4366,4406,4454,4555,4367,4331,4906,-1,-1,-1,-1,-1
4560,4458,4416,4417,4515,4561,4559,4482,4380,4409,-1,-1
4457,4516,4371,4416,4482,4380,4515,4360,-1,-1,-1,-1
4434,4340,4351,4297,4395,4296,4346,4338,4413,-1,-1,-1
4751,4340,4338,4344,4345,4346,4434,4391,4392,4339,4296,4389
4352,4394,4382,4326,4312,4388,4353,4342,4590,4387,-1,-1
4398,4435,4511,4510,4463,4389,4397,4391,4414,4557,-1,-1
4557,4414,4462,4511,4435,4535,4558,-1,-1,-1,-1,-1
4486,4334,4370,4465,4500,4487,4335,4586,4501,4475,-1,-1
4368,4334,4500,4369,4332,4464,-1,-1,-1,-1,-1,-1
4432,4289,4431,4336,4354,4445,4479,4444,4227,4226,411,4337
4404,4471,4469,4450,4373,4472,4375,-1,-1,-1,-1,-1
4729,4573,4403,4514,4589,4469,4404,4452,-1,-1,-1,-1
4497,4404,4467,4589,4471,4468,-1,-1,-1,-1,-1,-1
4329,4238,4381,4362,4304,4355,399,397,401,395,4409,4380
4580,4472,4497,4467,4469,4498,4563,-1,-1,-1,-1,-1
4538,4471,4467,4498,4540,4450,4451,4580,-1,-1,-1,-1
4568,4357,4474,4419,4418,4521,4475,-1,-1,-1,-1,-1
4475,4586,4522,4473,4357,4487,4521,4542,4358,-1,-1,-1
4358,4487,4357,4474,4370,4586,4305,4473,4356,4464,-1,-1
4309,4415,4409,404,4355,403,4310,401,406,399,408,4639
4478,4639,4319,4310,4611,4415,4570,4561,410,412,408,4309
4639,4561,4611,4477,4606,4628,4415,4417,4560,4570,-1,-1
413,4432,411,4444,4445,415,417,4466,4431,4336,409,4488
416,4570,418,4608,4609,414,4320,420,4319,412,4614,4611
4430,4516,4482,4360,4361,4635,4428,4426,4699,-1,-1,-1
4516,4699,4481,4515,4635,4458,4430,4705,4457,4360,-1,-1
4447,4308,4307,4539,4484,4378,4574,4449,4385,-1,-1,-1
4574,4449,4447,4506,4483,4583,4919,4729,4598,4539,-1,-1
4342,4283,4333,4285,4312,4314,4313,4352,4284,-1,-1,-1
4464,4586,4499,4487,4501,4500,4370,4522,-1,-1,-1,-1
4586,4475,4486,4370,4464,4474,4499,4522,4358,-1,-1,-1
419,4446,417,421,4444,4433,415,423,4443,4493,4441,4479
4591,4286,4266,4192,4173,4211,4043,4210,4287,4361,-1,-1
4520,4422,4492,4517,4439,4518,4551,4421,-1,-1,-1,-1
4387,4365,4407,4422,4421,4330,4327,4388,4439,-1,-1,-1
4518,4421,4420,4490,4422,4569,4520,-1,-1,-1,-1,-1
425,4441,423,427,4442,4446,421,429,4524,4401,4443,4488
4396,4495,4537,4536,4412,4393,4569,4590,4533,-1,-1,-1
4536,4534,4494,4533,4537,4535,4412,4659,4694,-1,-1,-1
4402,4525,4400,4524,4571,4392,431,434,429,4572,4442,4399
4563,4469,4471,4589,4580,4581,4579,4616,-1,-1,-1,-1
4540,4553,4580,4472,4471,4521,4616,4568,-1,-1,-1,-1
4586,4530,4486,4529,4501,4522,4487,4542,-1,-1,-1,-1
4465,4501,4464,4486,4369,4509,4528,4368,4334,-1,-1,-1
4528,4486,4500,4499,4529,4509,4566,4576,4464,-1,-1,-1
435,433,432,4547,4545,437,4546,4619,430,4601,4633,4513
4919,4637,4629,4448,4505,4584,4646,4449,4504,4506,-1,-1
4427,4425,4448,4505,4675,4424,4507,4379,4423,4728,4503,4449
4646,4504,4728,4503,4637,4448,4675,4427,4919,-1,-1,-1
4919,4582,4484,4598,4449,4583,4584,4574,4503,-1,-1,-1
4427,4711,4508,4423,4675,4425,4504,4700,4426,4726,4379,4841
4507,4700,4423,4426,4635,4711,4427,4699,4430,4675,-1,-1
4576,4369,4500,4528,4555,4501,4556,4585,-1,-1,-1,-1
4398,4511,4397,4526,4462,4531,4588,4527,4532,-1,-1,-1
4557,4510,4462,4532,4531,4463,4398,-1,-1,-1,-1,-1
443,5058,441,4662,445,4513,439,4523,447,4633,4690,4660
439,4633,5058,441,437,4512,4545,443,435,4690,4632,4662
4573,4453,4452,4403,4468,4539,4729,4574,4372,4385,4384,-1
4482,4457,4699,4560,4705,4559,4458,4516,-1,-1,-1,-1
4360,4481,4482,4458,4371,4361,4282,4515,4430,4380,-1,-1
4439,4592,4551,4595,4520,4490,4438,4422,-1,-1,-1,-1
4492,4520,4548,4519,4490,4569,-1,-1,-1,-1,-1,-1
4520,4550,4549,4649,4518,4551,4548,-1,-1,-1,-1,-1
4490,4551,4519,4518,4517,4649,4492,-1,-1,-1,-1,-1
4568,4542,4553,4473,4522,4540,4474,4498,-1,-1,-1,-1
4542,4586,4474,4530,4499,4521,4487,4544,4553,4486,-1,-1
447,445,449,4660,443,4662,4661,451,4512,441,453,-1
429,4402,431,4442,427,4496,4493,425,434,4525,4572,4571
434,4496,4400,436,4399,431,4524,438,429,4392,4402,4527
442,4588,4527,444,440,4510,4397,446,4531,448,438,4398
440,4397,4399,438,4526,442,436,444,4510,4390,4400,4398
4566,4501,4576,4509,4577,4529,4567,4500,4585,-1,-1,-1
4567,4566,4499,4530,4501,4528,4543,-1,-1,-1,-1,-1
4499,4544,4542,4522,4543,4529,4586,4567,-1,-1,-1,-1
4588,4607,4532,4510,4511,4604,4526,448,446,450,444,4557
4557,4604,4531,4621,4511,4605,4607,4666,4667,4510,-1,-1
4537,4694,4587,4495,4534,4548,4695,4697,4494,-1,-1,-1
4495,4659,4695,4694,4533,4535,4536,4715,4537,4696,4713,-1
4659,4536,4414,4534,4558,4495,4463,4412,4695,4715,-1,-1
4412,4495,4535,4414,4494,4534,4393,4411,4537,4659,-1,-1
4533,4494,4569,4495,4548,4396,4534,4536,-1,-1,-1,-1
4451,4472,4541,4321,4540,4450,4568,-1,-1,-1,-1,-1
4453,4573,4574,4385,4483,4308,4514,4729,4484,-1,-1,-1
4568,4498,4538,4541,4472,4521,-1,-1,-1,-1,-1,-1
4321,4568,4418,4538,4540,4268,4451,4270,-1,-1,-1,-1
4522,4553,4544,4530,4521,4616,4586,4499,4474,-1,-1,-1
4567,4544,4530,4603,4564,4552,4529,-1,-1,-1,-1,-1
4616,4542,4530,4552,4553,4543,4522,-1,-1,-1,-1,-1
437,4502,435,4619,4633,4547,4513,433,439,4632,432,5058
4547,4602,430,432,4599,4600,4601,4502,433,428,-1,-1
4502,4619,4546,4545,432,4601,433,435,437,430,4599,4633
4518,4537,4533,4587,4549,4519,4569,-1,-1,-1,-1,-1
4550,4587,4648,4951,4519,4548,4697,4649,4647,-1,-1,-1
4649,4549,4647,4648,4519,4680,4951,4551,-1,-1,-1,-1
4520,4649,4594,4592,4517,4519,4490,4550,4680,-1,-1,-1
4616,4579,4564,4544,4565,4563,4543,-1,-1,-1,-1,-1
4542,4616,4498,4580,4544,4521,4522,4563,-1,-1,-1,-1
4906,4656,4657,4454,4655,4556,4455,4585,-1,-1,-1,-1
4556,4456,4369,4366,4454,4509,4368,4576,-1,-1,-1,-1
4585,4555,4576,4554,4454,4656,4509,4642,4906,-1,-1,-1
4511,4532,4558,4605,4463,4621,4531,4462,-1,-1,-1,-1
4659,4557,4715,4605,4535,4703,4463,-1,-1,-1,-1,-1
4560,4752,4627,4705,4515,4606,4561,4457,-1,-1,-1,-1
4561,4457,4559,4515,4417,4606,4639,4478,4627,4416,-1,-1
4639,4560,4478,4417,4606,4457,4415,4559,4477,4611,-1,-1
3967,4099,3874,3872,4130,4215,4064,3873,3968,-1,-1,-1
4579,4616,4580,4497,4552,4581,4615,4565,4553,4471,-1,-1
4612,4603,4565,4552,4624,4543,4762,4579,-1,-1,-1,-1
4579,4624,4615,4564,4597,4552,4563,-1,-1,-1,-1,-1
4567,4528,4575,4529,4577,4578,4501,4576,4603,-1,-1,-1
4603,4566,4529,4575,4543,4610,4528,4530,-1,-1,-1,-1
4473,4540,4541,4418,4521,4498,4538,4419,-1,-1,-1,-1
4537,4420,4590,4396,4492,4518,4548,4494,-1,-1,-1,-1
4319,4480,4320,414,4611,4477,4608,412,416,410,418,4628
4402,4392,4347,4572,4496,4345,4400,4524,4442,4344,4525,-1
4402,4347,4401,4571,4442,4349,4524,4441,4496,4345,4339,4493
4729,4514,4574,4539,4468,4453,4583,4589,4403,4452,-1,-1
4484,4573,4729,4539,4583,4483,4514,4447,4506,-1,-1,-1
4566,4578,4644,4567,4610,4603,4577,4643,4971,-1,-1,-1
4585,4509,4528,4577,4556,4642,4566,4555,4501,-1,-1,-1
4578,4576,4566,4585,4642,4645,4528,4575,4643,4644,-1,-1
4644,4645,4643,4577,4575,5057,4642,4566,4907,4610,4971,-1
4563,4565,4615,4581,4552,4616,4497,4597,4598,4564,-1,-1
4616,4563,4471,4498,4553,4497,4472,-1,-1,-1,-1,-1
4589,4615,4598,4579,4497,4563,4583,4729,4582,-1,-1,-1
4598,4584,4597,4615,4506,4596,4919,4583,4581,-1,-1,-1
4598,4729,4574,4506,4589,4484,4581,4573,4582,4615,-1,-1
4582,4629,4919,4503,4596,4506,4597,4598,4630,4615,4637,-1
4642,4576,4556,4656,4577,4645,4554,4509,4528,-1,-1,-1
4487,4522,4499,4486,4474,4475,4530,4464,4542,-1,-1,-1
4549,4697,4694,4533,4951,4548,4696,4648,-1,-1,-1,-1
446,448,444,4607,4531,4526,442,450,4604,4510,440,452
4729,4581,4497,4468,4469,4583,4598,4573,-1,-1,-1,-1
4396,4394,4382,4420,4383,4569,4388,4494,4393,4461,-1,-1
4043,4173,4489,4192,4104,4266,4105,4025,4210,4174,4211,4286
4594,4593,4595,4551,4517,4653,4681,4730,4649,-1,-1,-1
4730,4653,4595,4592,4709,4710,4594,4436,4725,-1,-1,-1
4681,4592,4680,4649,4551,4653,4687,4593,-1,-1,-1,-1
4438,4593,4730,4592,4436,4517,4439,4653,-1,-1,-1,-1
4597,4630,4672,4629,4584,4624,4582,4762,4636,-1,-1,-1
4596,4582,4615,4565,4624,4584,4598,4672,4579,4629,4630,-1
4582,4583,4615,4581,4506,4597,4589,4729,4584,4579,4484,-1
4664,4602,4546,4618,4601,4622,4665,4547,-1,-1,-1,-1
428,430,4613,426,4602,4631,4546,424,432,4609,4614,422
4547,4618,4619,4617,4620,4599,4546,4502,4545,4632,-1,-1
4600,4599,4613,4546,4622,430,428,4664,4614,4631,-1,-1
4567,4610,4612,4564,4543,4575,4566,4644,-1,-1,-1,-1
4607,4621,4667,4532,452,450,4531,455,4588,448,4747,4666
4557,4666,4621,4704,4532,4703,4558,4604,4715,-1,-1,-1
4478,4561,4627,4626,4628,4560,4611,4559,4639,4669,-1,-1
450,4604,448,4588,452,4531,446,4667,4532,455,4621,444
4480,4614,4628,4640,4611,4570,4609,416,-1,-1,-1,-1
4631,420,418,4480,4614,4613,4608,422,424,416,426,4600
4644,4971,4612,4603,4623,4575,4762,5057,4567,4578,4761,-1
4628,4478,4477,4570,4608,4606,4626,4639,4319,4561,4640,4480
4762,4610,4603,4564,4623,4624,4625,4672,4971,-1,-1,-1
4614,4600,4602,4631,4609,4622,428,426,424,430,4640,-1
4613,4640,4609,4608,4622,4631,4602,4641,4628,4480,4600,-1
4579,4597,4598,4582,4581,4565,4563,4583,4584,4624,-1,-1
4544,4563,4553,4580,4552,4579,4542,4498,4497,-1,-1,-1
4620,4708,4618,4601,4692,4619,4849,4678,4634,4632,-1,-1
4617,4678,4664,4601,4708,4599,4620,4679,4854,-1,-1,-1
4632,4545,4547,4620,4633,4601,4502,4617,4634,437,4513,435
4617,4632,4619,4634,4692,4601,4633,4708,4618,4691,4547,-1
4666,4604,4667,4532,4605,4747,4704,455,4607,452,456,4557
4665,4663,4602,4614,4613,4641,4640,4664,4599,-1,-1,-1
4625,4762,4971,4761,4610,4612,4671,4672,4831,4644,5057,-1
4762,4565,4672,4597,4612,4596,4564,4625,4615,4630,-1,-1
4762,4623,4672,4658,4671,4761,4833,4630,4612,4624,4971,-1
4669,4628,4641,4627,4640,4606,4887,4611,4668,-1,-1,-1
4887,4669,4606,4559,4626,4752,4737,4628,4560,-1,-1,-1
4626,4611,4640,4608,4606,4478,4641,4669,4627,4614,4570,-1
4630,4637,4584,4503,4636,4596,4919,4672,4597,4638,-1,-1
4672,4636,4596,4629,4658,4625,4637,4651,4584,4762,4624,4597
424,426,422,4609,4613,4600,420,428,418,4614,430,4602
4633,4634,4619,4620,4690,5058,4545,4693,4513,4691,4617,4692
4632,4513,5058,4545,4619,4690,437,4512,4634,439,4620,441
4632,4691,4620,4693,4690,4692,4633,4619,4617,4741,4740,-1
4699,4430,4508,4426,4482,4481,4700,-1,-1,-1,-1,-1
4630,4651,4638,4629,4637,4658,4646,4672,4596,4833,-1,-1
4646,4503,4629,4638,4636,4505,4728,4630,4584,-1,-1,-1
4646,4650,4636,4637,4651,4652,4674,4728,4629,-1,-1,-1
4415,4478,4561,4417,4477,4409,4310,4611,4560,4606,4476,-1
4641,4614,4628,4608,4626,4622,4663,4669,4613,4611,-1,-1
4663,4640,4669,4626,4668,4622,4628,4665,4670,4614,4887,-1
4645,4585,4656,4723,4577,4578,4907,4576,4643,4556,-1,-1
5057,4907,4578,4645,4644,4984,4831,4971,4924,4642,4575,4723
5057,4578,4971,4643,4610,4575,4831,4645,4623,4603,4907,4761
4642,4578,4907,4643,4577,4723,4585,4644,4656,4924,5057,-1
4728,4637,4638,4505,4652,4675,4726,4650,4636,4503,-1,-1
4550,4680,4648,4845,4649,4846,5386,4687,4549,4952,-1,-1
4951,4550,4647,4952,4846,4549,4649,4587,4697,-1,-1,-1
4550,4551,4680,4594,4647,4519,4520,4681,4549,4648,4592,-1
4674,4638,4652,4689,4688,4651,4842,4646,-1,-1,-1,-1
4674,4636,4673,4638,4833,4658,4650,4842,4630,-1,-1,-1
4728,4646,4650,4726,4689,4638,4727,-1,-1,-1,-1,-1
4681,4593,4710,4594,4592,4686,4709,4732,4687,4730,4680,4595
4682,4657,4683,4684,4655,4676,4685,4722,4718,-1,-1,-1
4684,4656,4721,4654,4554,4657,4723,4906,4685,-1,-1,-1
4642,4554,4585,4655,4556,4723,4645,4657,-1,-1,-1,-1
4906,4676,4554,4654,4455,4655,4683,4454,4656,-1,-1,-1
4833,4625,4630,4672,4636,4651,4671,4673,4762,-1,-1,-1
4715,4695,4535,4534,4558,4713,4495,4703,4694,4536,-1,-1
4661,4662,449,447,4523,4702,4767,4698,451,445,453,4512
451,453,449,4702,4660,454,447,4523,4701,4767,4662,445
4512,4660,5058,4698,445,443,4523,447,4690,441,449,4513
4641,4665,4670,4668,4622,4640,4669,4679,4664,5071,-1,-1
4665,4599,4679,4618,4678,4622,4602,4663,4670,-1,-1,-1
4663,4664,4670,4679,4622,4641,4599,4808,4678,4668,-1,-1
4704,4621,4747,4605,4866,4667,4703,4900,4604,4714,4532,456
455,456,452,4747,4604,4621,458,4666,4607,450,4900,4532
4669,4670,5071,4663,4736,4641,4887,4626,4737,4665,-1,-1
4626,4887,4668,4627,4641,4736,4663,4628,4640,4737,4606,-1
4663,4665,5071,4808,4679,4668,4816,4641,4664,4736,4855,-1
4761,4625,4833,4830,4623,4658,4832,4831,4971,4673,4762,-1
4630,4762,4625,4596,4624,4658,4623,4597,4612,4629,4636,-1
4833,4807,4842,4674,4651,4830,4840,4658,4806,4671,4897,-1
4842,4650,4651,4673,4688,4807,4638,4806,4833,4689,-1,-1
4427,4728,4507,4711,4726,4504,4505,4425,4646,4423,4841,4508
4657,4677,4683,4853,4455,4654,4906,4724,4682,-1,-1,-1
4724,4853,4676,4683,4725,4722,4455,4436,4733,-1,-1,-1
4618,4679,4854,4855,4708,4664,4617,4665,4808,-1,-1,-1
4665,4808,4670,4678,4664,4855,4663,4618,5071,-1,-1,-1
4687,4681,4647,4649,4594,4845,4550,4782,4551,4686,4653,-1
4687,4594,4653,4680,4686,4710,4592,4782,4649,4845,-1,-1
4718,4654,4683,4722,4685,4684,4764,4676,4724,-1,-1,-1
4682,4676,4722,4677,4724,4654,4657,4718,4853,4801,-1,-1
4685,4721,4655,4654,4720,4682,4746,4719,4718,4723,-1,-1
4684,4682,4718,4719,4654,4720,4721,4768,4655,-1,-1,-1
4681,4710,4687,4780,4781,4782,4653,4732,4680,-1,-1,-1
4681,4782,4680,4686,4845,4594,4804,4647,4653,4805,4780,-1
4842,4843,4674,4898,4650,4806,4689,-1,-1,-1,-1,-1
4843,4650,4688,4727,4652,4844,4865,4674,-1,-1,-1,-1
5058,4693,4632,4633,4698,4634,4662,4512,4513,4691,4834,-1
4634,4740,4693,4741,4692,4742,5056,4632,4690,4620,-1,-1
5056,4691,4617,4849,4620,4634,4708,4740,4632,4851,-1,-1
4690,4691,4741,4634,4834,4698,4632,5058,-1,-1,-1,-1
4697,4695,4533,4696,4587,4534,4713,4951,4495,4659,-1,-1
4713,4659,4534,4694,4715,4696,4716,4697,4712,4533,4535,-1
4697,4716,4713,4694,4695,4814,4717,4951,4712,4587,4813,4715
4951,4696,4694,4587,4814,4952,4716,4695,4549,4713,4533,4648
4662,4834,4767,4690,4693,4660,5058,4512,4702,4765,4661,-1
4705,4482,4635,4700,4515,4706,4508,4481,-1,-1,-1,-1
4706,4508,4699,4711,4705,4841,4635,4507,-1,-1,-1,-1
454,4766,457,4702,453,4661,460,4767,451,4743,4744,4765
4661,4701,454,453,4767,4766,4660,451,457,449,4765,4698
4715,4704,4605,4712,4714,4558,4666,4713,4659,-1,-1,-1
4666,4703,4714,4605,4866,4621,4747,4712,4867,4715,-1,-1
4699,4706,4752,4559,4515,4700,4734,4482,-1,-1,-1,-1
4734,4700,4705,4841,4735,4752,4737,4960,4699,4711,-1,-1
4247,4301,4278,4204,4299,4302,4300,4187,4067,4202,4363,-1
4617,4849,4854,4618,4678,4692,4620,4889,-1,-1,-1,-1
4730,4593,4732,4710,4733,4731,4653,4725,-1,-1,-1,-1
4732,4653,4686,4781,4709,4681,4838,4593,4731,4780,-1,-1
4507,4841,4508,4726,4675,4700,4427,4706,4728,4423,-1,-1
4713,4717,4825,4715,4714,4703,4716,4738,4739,4695,4696,4704
4695,4712,4716,4696,4715,4717,4659,4694,4703,4825,4697,4534
4704,4738,4867,4825,4712,4703,4866,4939,4666,4717,-1,-1
4703,4659,4713,4695,4712,4558,4534,4696,4704,4605,4716,4535
4717,4696,4713,4813,4712,4814,4739,4825,4697,4695,4715,-1
4739,4716,4825,4712,4813,4713,4826,4828,4738,4696,4835,4714
4682,4768,4685,4764,4722,4719,4763,4683,4654,4684,4756,-1
4750,4685,4756,4768,4718,4760,4720,4684,4774,-1,-1,-1
4749,4760,4721,4746,4684,4719,4685,4748,4750,-1,-1,-1
4684,4746,4723,4655,4720,4685,4924,4749,-1,-1,-1,-1
4764,4682,4683,4724,4718,4801,4677,4810,4654,4763,4768,-1
4907,4721,4642,4924,4645,4746,4656,4655,4684,4643,-1,-1
4677,4683,4801,4733,4722,4725,4676,4800,4853,4682,-1,-1
4730,4677,4733,4436,4724,4853,4709,4593,-1,-1,-1,-1
4728,4841,4711,4675,4727,4652,4646,4735,4507,-1,-1,-1
4865,4735,4726,4689,4652,4841,4844,4960,-1,-1,-1,-1
4646,4675,4726,4505,4652,4637,4638,4711,4504,4427,-1,-1
4573,4583,4589,4574,4468,4514,4598,4581,4539,4484,-1,-1
4593,4436,4725,4595,4709,4438,4592,4853,4733,4653,-1,-1
4800,4732,4838,4790,4733,4803,4709,4710,4802,4781,-1,-1
4710,4838,4731,4781,4709,4790,4686,4653,4733,-1,-1,-1
4800,4724,4725,4731,4709,4801,4677,4730,4732,-1,-1,-1
4737,4706,4735,4960,4752,4841,4887,4736,4865,4705,-1,-1
4734,4841,4960,4865,4706,4727,4737,4726,-1,-1,-1,-1
4737,5071,4960,4887,4668,4815,4734,4669,4816,4865,4670,4752
4734,4887,4960,4736,4752,4735,4706,4627,4669,4668,4815,4865
4939,4825,4867,4714,4828,4956,4739,4938,4712,4717,4866,5106
4717,4826,4828,4825,4813,4835,4716,4738,4827,4712,4939,-1
4742,4691,5056,4850,4741,4785,4692,4851,4634,-1,-1,-1
4742,4693,4691,4834,4787,4791,4740,4785,4634,-1,-1,-1
4741,4740,4787,4785,4691,4786,4850,4791,-1,-1,-1,-1
4745,4893,4744,4968,457,4766,4957,460,4701,4873,4895,-1
4892,4766,4873,4893,4743,4765,4701,4829,457,4963,-1,-1
460,4743,4895,457,4957,459,4968,4701,4766,4893,4894,462
4924,4749,4721,4902,4720,4723,4907,4684,4758,4748,-1,-1
4667,456,4666,4900,458,4621,455,4866,461,4927,4704,4604
4749,4758,4754,4760,4757,4720,4755,4759,4902,4750,4901,4746
4748,4746,4758,4902,4720,4924,4760,4901,4721,-1,-1,-1
4760,4774,4756,4755,4719,4753,4754,4768,4720,4748,-1,-1
4391,4344,4460,4346,4389,4340,4345,4390,4411,4434,4435,4392
4737,4734,4705,4559,4887,4627,4706,4960,4736,-1,-1,-1
4774,4773,4772,4756,4771,4770,4750,4775,4755,4779,-1,-1
4759,4748,4755,4769,4760,4757,4750,4758,4930,4774,-1,-1
4774,4750,4769,4754,4760,4770,4759,4756,4753,4748,4776,-1
4750,4774,4768,4753,4771,4719,4755,4763,4760,4773,4718,-1
4759,4758,4930,4901,4754,4783,4917,4748,5017,-1,-1,-1
4901,4748,4749,4902,4757,4754,4983,4746,4784,-1,-1,-1
4930,4769,4754,4852,4757,4755,4783,4776,4748,-1,-1,-1
4750,4748,4755,4754,4720,4719,4749,4774,4756,-1,-1,-1
4831,4671,4971,4623,4832,5057,4625,4830,4610,4644,-1,-1
4612,4672,4625,4623,4624,4610,4596,4564,4658,4630,4671,-1
4931,4764,4768,4810,4771,4718,4811,4756,4779,4722,-1,-1
4763,4722,4810,4718,4768,4801,4682,4931,-1,-1,-1,-1
4892,4767,4791,4766,4744,4834,4702,4701,4829,4873,4698,-1
4701,4744,4702,4765,457,4767,454,4743,4892,453,4661,4745
4702,4765,4834,4698,4660,4766,4661,4701,4662,4791,453,454
4763,4718,4756,4771,4764,4719,4750,4931,4685,4810,4722,-1
4776,4759,4755,4754,4770,4852,4774,4930,4847,4778,-1,-1
4776,4774,4772,4769,4755,4753,4778,4777,-1,-1,-1,-1
4763,4756,4773,4779,4768,4931,4753,4774,4947,-1,-1,-1
4775,4753,4794,4773,4777,4770,4774,4792,4818,4778,-1,-1
4775,4753,4779,4792,4772,4771,4794,4756,4817,4774,4818,-1
4753,4755,4750,4756,4770,4760,4772,4769,4771,4773,4754,4719
4792,4794,4773,4772,4818,4793,4753,4779,4797,4777,4817,-1
4769,4847,4778,4852,4770,4848,4759,4777,4933,4755,-1,-1
4778,4794,4772,4799,4809,4770,4775,4776,4848,4793,-1,-1
4777,4776,4848,4847,4809,4770,4799,4772,4819,4769,-1,-1
4947,4773,4792,4931,4771,4817,4775,4763,4948,4753,4811,-1
4982,5136,4781,4686,4789,4782,4795,4805,4687,4710,-1,-1
4838,4780,4732,4710,4686,4789,4788,4790,4982,4731,-1,-1
4687,4805,5136,4804,4780,4686,4845,4681,4923,4680,-1,-1
5017,4930,4929,4917,4928,4757,4940,4759,4852,-1,-1,-1
4901,4918,4917,4983,4860,4840,4832,4758,4940,-1,-1,-1
4742,4786,4850,4975,4787,4740,4882,5018,4741,4884,-1,-1
4884,4785,4787,4883,4882,4742,4978,4872,4829,4975,-1,-1
4742,4884,4791,4786,4741,4829,4785,4892,4834,-1,-1,-1
4789,5078,4790,4838,4837,4781,4981,-1,-1,-1,-1,-1
4982,4788,4922,4780,4981,4781,5078,4838,4795,5136,-1,-1
4838,4803,4837,4788,4731,4732,4800,4839,4781,5078,-1,-1
4834,4787,4892,4765,4829,4741,4884,4742,4767,-1,-1,-1
4775,4817,4818,4773,4779,4797,4794,4947,4772,4868,-1,-1
4818,4796,4794,4799,4798,4775,4797,4777,4823,-1,-1,-1
4775,4793,4777,4818,4772,4799,4792,4796,4773,-1,-1,-1
4920,4982,5136,4922,4923,4921,5007,4789,4805,4780,-1,-1
4793,4823,4799,4798,4820,4794,4871,4818,-1,-1,-1,-1
4818,4868,4824,4792,4817,4798,4793,4775,4948,4822,-1,-1
4793,4822,4796,4818,4871,4824,4797,4823,-1,-1,-1,-1
4793,4796,4794,4809,4777,4820,4818,4778,-1,-1,-1,-1
4731,4802,4733,4801,4803,4790,4810,4724,-1,-1,-1,-1
4724,4800,4810,4722,4764,4802,4733,4683,-1,-1,-1,-1
4800,4811,4803,4810,4801,4812,4731,4931,-1,-1,-1,-1
4790,4802,4837,4800,4839,4812,4731,4838,4811,-1,-1,-1
4805,5386,4845,5152,5149,4782,4923,5172,4687,4846,5136,-1
4804,4923,5136,4782,5152,4845,5149,4795,5386,4780,4687,4920
4842,4896,4899,4898,4688,4897,4807,4674,4673,4908,4916,-1
4897,4842,4673,4840,4830,4806,4674,4896,4833,4860,-1,-1
4816,4679,4670,5071,4855,4880,4864,4665,4678,4815,-1,-1
4848,4799,4819,4778,4821,4777,4820,-1,-1,-1,-1,-1
4763,4764,4802,4811,4931,4801,4722,4800,4768,-1,-1,-1
4932,4802,4931,4810,4947,4812,4763,4803,4779,-1,-1,-1
4839,4932,4811,4803,4946,4802,4910,4837,4947,4909,4948,-1
4835,4739,4717,4716,4826,4814,4856,4696,4836,4825,4994,-1
4952,4813,4697,4716,4951,4696,4994,4856,4835,4717,-1,-1
4816,4960,4865,4864,4736,5071,4844,4737,4808,-1,-1,-1
4864,4808,5071,4815,4880,4903,4670,4736,4855,4991,-1,-1
4792,4948,4947,4779,4868,4797,4932,4818,4775,4773,4959,-1
4793,4797,4775,4794,4792,4798,4817,4796,4799,4824,4772,4773
4848,4821,4973,4950,5024,4809,4847,4778,4949,-1,-1,-1
4796,4885,4799,4821,5069,4809,4823,-1,-1,-1,-1,-1
5069,4819,4950,4809,4949,4820,4848,5067,4973,-1,-1,-1
4871,4824,4876,4869,4798,4870,4797,-1,-1,-1,-1,-1
4796,5049,4871,4886,4885,4820,4798,4793,-1,-1,-1,-1
4822,4797,4868,4869,4875,4798,4818,-1,-1,-1,-1,-1
4738,4717,4739,4712,4828,4714,4939,4716,4867,4826,4713,4813
4739,4835,4827,4836,4813,4828,4717,4856,4859,4825,-1,-1
4826,4911,4859,4828,4938,4836,4739,4912,4835,4939,5010,-1
4739,4939,4738,4827,4825,4938,4826,4717,4956,4911,4867,-1
4892,4884,4963,4872,4873,4791,4787,4765,4744,4786,-1,-1
4840,4833,4671,4918,4807,4673,4832,4761,4897,-1,-1,-1
5057,4761,4832,4971,4984,4643,4644,4983,4623,4671,-1,-1
4831,4761,4918,4983,4830,4671,4984,5057,4971,4840,4784,-1
4673,4658,4671,4830,4651,4625,4807,4674,4842,4636,-1,-1
4791,4698,4767,4693,4741,4765,4892,4787,4690,-1,-1,-1
4856,4826,4813,4836,4739,4858,4814,4994,4827,4717,-1,-1
4835,4826,4858,4859,4857,4827,4856,4813,4863,-1,-1,-1
4839,4790,5078,4909,4788,4803,4838,4812,5079,4981,-1,-1
4790,4732,4781,4731,4788,4710,4837,4803,4789,-1,-1,-1
4812,4837,4909,4910,4803,5078,4946,4790,4932,-1,-1,-1
4807,4918,4897,4830,4860,4784,4673,4916,4832,-1,-1,-1
4735,4711,4726,4706,4700,4727,4734,4507,4865,4675,-1,-1
4674,4806,4807,4673,4688,4897,4650,4651,4896,4898,4833,-1
4898,4991,4844,4689,4688,4864,4905,-1,-1,-1,-1,-1
4865,4843,4991,4864,4815,4689,4727,4960,-1,-1,-1,-1
4804,5386,4647,4687,4680,4846,4782,4805,4681,-1,-1,-1
5386,4952,5172,4648,4647,4994,4845,5149,4804,4951,-1,-1
4848,4776,4933,4778,5024,4852,4819,4769,5082,-1,-1,-1
4819,4847,4778,4809,5024,4776,4973,4821,4933,4777,-1,-1
4708,4851,5056,4889,4854,4692,4617,4888,-1,-1,-1,-1
4954,5018,5056,4785,4851,4740,4975,4742,4955,4888,-1,-1
4954,5056,4888,4849,4889,4850,5018,4955,4740,4692,4891,-1
4930,4933,4759,4776,4847,4769,4928,4783,-1,-1,-1,-1
4677,4436,4437,4455,4676,4725,4683,4730,4724,4906,-1,-1
4889,4708,4678,4881,4855,4849,4891,4618,-1,-1,-1,-1
4678,4808,4679,4880,4881,4854,4816,4670,-1,-1,-1,-1
4835,4994,4813,4858,4836,5020,4814,4826,5172,4952,-1,-1
4862,4863,4859,4861,4836,4858,5112,5126,-1,-1,-1,-1
4863,5020,4836,5150,4856,4857,4835,4862,-1,-1,-1,-1
4827,4861,4912,4911,4857,4836,4826,4925,-1,-1,-1,-1
4840,4784,4940,4897,4916,4918,4917,5017,4807,-1,-1,-1
4999,4925,4912,4859,5112,4857,4862,4998,4911,4997,-1,-1
5126,4863,4857,5112,5173,5125,4861,5150,4858,5226,-1,-1
4862,5150,4858,4857,5173,5126,5020,4836,-1,-1,-1,-1
4816,4991,4903,4815,4880,4844,4808,5071,4843,4905,4865,-1
4960,4844,4735,4727,4815,4734,4736,4689,4737,4841,4864,-1
4867,4900,4934,4666,4704,4747,4714,5106,463,4927,465,4738
4738,4939,4956,5106,4866,4714,4934,4825,5012,4938,4704,4828
4959,4797,4948,4817,4824,4875,4935,4792,4946,-1,-1,-1
4822,4877,4870,4824,4875,4876,4874,-1,-1,-1,-1,-1
4876,4877,4878,4869,4879,4822,4944,4874,4942,4937,-1,-1
5049,4822,4876,4823,4944,4798,4796,5025,4886,-1,-1,-1
4963,4884,4962,4883,4829,4961,4873,4786,5102,-1,-1,-1
4963,4893,4892,4744,4829,4967,4962,4872,4743,4968,4765,-1
4877,5034,4875,4936,4869,4937,4935,4870,-1,-1,-1,-1
4935,4959,4874,4868,4824,4869,5034,4958,4877,-1,-1,-1
4870,4822,4871,4944,4869,4879,4877,5049,-1,-1,-1,-1
4870,4874,4937,4869,4878,4876,4936,4992,4875,-1,-1,-1
4992,4942,4870,4877,4879,4937,4990,5108,-1,-1,-1,-1
4942,4944,4870,4876,4878,4943,4941,-1,-1,-1,-1,-1
4903,4855,4816,4808,4881,4864,4890,4991,4905,-1,-1,-1
4854,4855,4891,4890,4889,4880,4903,-1,-1,-1,-1,-1
4978,4975,4786,4976,4883,4785,4977,5005,-1,-1,-1,-1
4978,4884,4786,4872,5039,4961,4882,5005,-1,-1,-1,-1
4786,4829,4872,4787,4883,4791,4963,4892,4785,-1,-1,-1
4886,5069,5066,4820,5065,4823,5067,5141,5049,-1,-1,-1
5141,5049,4885,5025,4823,5065,5066,5117,4944,4871,5144,-1
4737,4669,4627,4736,4668,4752,4734,4960,4626,5071,4641,-1
4954,4953,4851,4889,4891,4955,5018,4849,4945,4850,5086,-1
4854,4888,4891,4849,4851,4881,4954,4708,5056,4953,-1,-1
4903,4881,4905,4891,4945,4904,4880,-1,-1,-1,-1,-1
4888,4889,4945,4881,4953,4890,4854,4851,-1,-1,-1,-1
4765,4829,4744,4873,4791,4963,4766,4893,4834,4884,4787,4767
4873,4968,4743,4744,4967,4963,4892,4957,4745,4970,4766,-1
464,4915,4895,466,462,4913,459,468,4914,460,470,4745
4894,4745,4915,460,4957,4914,459,462,464,4743,457,-1
4806,4908,4897,4899,4916,4807,4898,4842,4904,5016,-1,-1
4807,4896,4840,4916,4860,4806,4842,4908,4940,4830,4673,-1
4843,4899,4991,4905,4688,4806,4896,4904,4903,4842,-1,-1
4896,4898,4904,4908,4905,4806,5033,4991,4916,-1,-1,-1
4927,461,463,4934,458,4747,4866,465,456,5106,467,4666
4758,4784,4983,4917,4902,4757,4749,4918,4748,-1,-1,-1
4924,4749,4758,4983,4901,4746,4984,4748,4907,-1,-1,-1
4880,4905,4991,4864,4890,4816,4881,4898,4904,-1,-1,-1
4905,4945,4899,5033,4908,4890,4896,4898,4903,5080,-1,-1
4903,4904,4991,4899,4898,4890,4843,4864,4945,4880,-1,-1
4455,4657,4554,4454,4676,4406,4556,4853,4655,4456,-1,-1
4924,4643,4645,4723,4984,5057,4642,4578,4746,4902,4644,-1
4896,5033,4899,4916,4904,5016,5167,4897,4806,4945,-1,-1
5078,4839,5079,4910,5064,4837,4812,4981,5063,-1,-1,-1
4946,4909,4839,5064,5063,4958,4812,4932,4959,-1,-1,-1
4912,4827,5010,4926,4938,4859,4828,5042,4997,4861,4925,-1
4925,4911,4926,4861,4997,4859,4999,5010,4827,5100,4996,-1
468,4915,470,5038,466,4964,4894,472,5015,464,4914,5031
4915,4980,4965,4964,4957,4895,4966,4894,4913,5045,4995,-1
4914,4894,4913,4964,4895,466,464,4965,468,4957,4980,5015
4940,4896,4897,4908,5016,4860,5017,4840,4899,4806,-1,-1
5017,4784,4783,4901,4940,4860,4757,4929,4930,-1,-1,-1
4784,4840,4832,4983,4830,4860,4901,-1,-1,-1,-1,-1
4503,4449,4506,4448,4584,4582,4484,4629,4505,-1,-1,-1
5007,4795,4923,5137,4921,4987,5136,5009,5008,4982,4805,5152
4987,4922,4795,4986,4920,5007,4988,4985,5008,-1,-1,-1
4982,4986,4795,4981,4789,4921,4920,5081,5136,-1,-1,-1
4805,4920,5136,5152,4795,5137,5007,4804,4982,4782,-1,-1
4907,4746,4902,4984,4723,4643,4749,4721,4645,-1,-1,-1
4999,4912,4997,4996,4861,4998,4926,5112,5022,4859,5061,4911
5010,4997,5100,5042,4912,4911,4925,4938,5011,5040,5022,-1
463,461,4900,465,458,4934,467,456,4747,5106,4866,469
4933,5082,4930,4929,4783,5041,4852,5085,5017,-1,-1,-1
5017,5041,4783,4940,5016,4928,5167,4917,4930,-1,-1,-1
4783,4759,4852,4928,4757,5017,4933,4769,4929,4754,4917,-1
4763,4947,4811,4779,4810,4771,4764,4932,4768,4802,-1,-1
4947,4812,4948,4811,4946,4817,4839,4931,4910,4959,-1,-1
5082,4847,4852,5024,4928,4930,4776,4848,5027,-1,-1,-1
465,5106,4900,463,467,4927,4866,461,469,4867,458,4747
5034,4959,4958,4875,4874,4868,5063,4946,5103,-1,-1,-1
5034,5109,4874,4937,4993,5103,4877,-1,-1,-1,-1,-1
4877,4992,4993,4936,4878,4874,5108,4870,-1,-1,-1,-1
5010,4939,4956,4911,4828,5012,4827,4738,4926,5042,4867,-1
4738,4956,4938,4828,4867,4825,5012,5106,5010,4714,4739,4827
5017,4916,4929,4860,5016,4917,4783,4897,4784,-1,-1,-1
5117,4943,5025,5316,4944,4879,5026,-1,-1,-1,-1,-1
4943,4990,4878,4879,4989,4992,5381,4870,-1,-1,-1,-1
4942,5316,4989,5381,4941,4879,4990,-1,-1,-1,-1,-1
5049,5025,4876,4879,4871,4941,4870,4886,-1,-1,-1,-1
4904,4953,4891,5033,5080,4890,4888,4905,5167,4908,-1,-1
4910,4932,4948,4959,4812,4958,4839,4935,5063,4947,4868,-1
4932,4779,4931,4948,4811,4817,4792,4812,4946,4771,-1,-1
4817,4932,4946,4959,4947,4868,4779,4797,4812,-1,-1,-1
5067,4950,5135,4972,5069,5068,4821,5066,4819,-1,-1,-1
4973,4949,4819,4972,4974,4821,5024,5068,5069,-1,-1,-1
4697,4952,4648,4587,4549,4814,4696,4550,4694,4846,-1,-1
4951,4994,4648,4846,4814,5172,4697,4856,4647,-1,-1,-1
5080,4888,4955,4945,4891,5086,4954,5033,4889,-1,-1,-1
5018,4851,4888,4955,4850,4975,5056,4953,4889,5086,-1,-1
5018,5086,4954,4953,4888,5019,5080,4975,4851,5074,4850,-1
4939,5012,5106,4867,4938,4738,5010,469,5040,4828,5459,4934
4966,4968,4745,4914,4895,4980,4743,4915,4893,4970,460,-1
5063,4935,4959,5034,4910,4946,5103,5104,5064,4875,-1,-1
4935,4868,4948,4946,4958,4875,5034,4910,4817,4932,-1,-1
4737,4865,4734,4736,4735,4815,4887,4706,4752,5071,4844,4727
5039,5102,5090,4872,5092,4962,4883,4963,4978,-1,-1,-1
4963,5102,5122,4872,4961,4967,5121,4873,-1,-1,-1,-1
4873,4962,4872,4829,4967,4893,4892,5122,4884,4744,4961,5102
4965,5015,4915,4914,4913,4979,5038,4980,5045,-1,-1,-1
4964,4980,5045,4914,4979,5015,4915,4995,4966,-1,-1,-1
4980,4970,4968,4995,4957,4914,5046,4965,5045,4969,-1,-1
5122,4893,4968,4963,4873,4970,4962,4969,5146,-1,-1,-1
4893,4966,4957,4970,4967,4743,4745,4980,4873,4995,4969,-1
5146,4970,5046,5122,5168,4967,5121,5145,4995,4966,5072,4968
4966,4969,4995,4968,5046,4967,4980,5122,5146,4957,4893,-1
5057,4761,4644,4831,4623,4610,4643,4832,4671,4984,4612,4575
5068,4974,5003,4950,5002,4949,4973,5135,-1,-1,-1,-1
5024,4950,4974,4819,5027,4848,4972,5082,4821,-1,-1,-1
4973,5003,4972,5027,4950,5004,5002,5083,5024,-1,-1,-1
5018,4882,4976,4850,4785,5019,4954,4955,4786,-1,-1,-1
4977,5019,4975,4882,5004,5018,4978,5083,5003,-1,-1,-1
4976,5005,4978,5003,5004,5002,4882,5039,-1,-1,-1,-1
5005,4882,5039,4883,4977,4976,4786,5002,4961,-1,-1,-1
4965,5055,5045,5048,5015,5089,4964,5047,-1,-1,-1,-1
4966,4914,4965,4995,5045,4957,4964,4970,4915,4968,5052,-1
5078,5081,4922,4986,5079,4789,4788,4982,4909,5371,4837,-1
4795,4789,5136,4780,4922,4923,4781,4920,4981,-1,-1,-1
4784,4918,4902,4901,4984,4832,4831,4758,-1,-1,-1,-1
4831,5057,4924,4907,4983,4643,4902,4832,4971,-1,-1,-1
5371,4986,5001,4988,5000,4921,5081,4987,-1,-1,-1,-1
5081,4985,5371,4922,4981,4921,5079,-1,-1,-1,-1,-1
5008,4988,5007,4921,5006,4920,5115,5009,4985,-1,-1,-1
4987,4985,5001,5006,4921,5094,5008,5133,-1,-1,-1,-1
5381,4990,4942,5585,4943,5099,5315,5316,5243,-1,-1,-1
4992,4942,4989,5243,4878,5099,5108,4943,-1,-1,-1,-1
4843,4864,4903,4905,4898,4844,4899,4880,4816,-1,-1,-1
5108,4990,4878,4937,5243,4942,5257,4993,4877,-1,-1,-1
5108,5109,5110,4937,5107,4936,4992,-1,-1,-1,-1,-1
5172,4856,4952,4846,5020,4814,5386,4835,4813,5149,-1,-1
4980,4966,5046,5052,5045,4970,4965,4969,5072,4968,4914,-1
5061,4925,4997,5022,4999,4998,5021,5077,4912,5023,5100,-1
4925,4926,5100,4996,5022,4912,4999,5070,5042,4911,4861,-1
4999,5113,5077,5061,4996,5112,4925,5153,4861,-1,-1,-1
4925,4998,4861,5112,4996,4912,5113,4997,5061,5077,-1,-1
5371,5139,5093,5138,4985,5001,5140,5081,-1,-1,-1,-1
5133,4985,4988,5093,5000,5094,5371,5095,5131,-1,-1,-1
5003,5005,5091,4972,5068,4977,4974,5039,5004,4978,-1,-1
5002,4974,5004,4972,4977,5005,5068,5027,5083,4976,-1,-1
5083,5003,4977,4976,4974,5027,5019,5074,5002,-1,-1,-1
5039,5002,4978,4977,5091,5090,5003,4883,4882,5068,-1,-1
5008,4987,5116,4988,5115,5094,5007,5166,-1,-1,-1,-1
4920,5008,4987,5009,5137,4921,4795,4923,5006,5115,-1,-1
4987,5007,5115,5006,5009,5161,4920,4988,5116,4921,5137,5166
5161,5008,5137,5007,5115,5160,5357,4920,4987,-1,-1,-1
4938,5042,4926,4911,5012,5040,4956,4939,5100,4912,5011,4827
5130,478,480,5042,5040,5100,475,5070,482,5459,4926,5012
5040,4956,5459,5010,469,5042,5106,475,4938,4939,467,4867
483,485,5029,5030,5014,5205,484,481,5028,5097,5336,5128
484,485,5336,486,5013,5030,5101,488,483,5098,5029,-1
4964,5038,5035,5048,4979,4913,4965,5031,472,470,4915,-1
5167,4940,4929,4916,4908,5033,5041,5017,5080,5084,4896,-1
4940,4783,4929,4917,4860,5016,4930,4916,4928,4757,5041,-1
4975,4954,4955,4850,5019,4976,4888,5086,4851,4785,-1,-1
4976,5074,5018,5086,5083,4955,4975,5004,5084,-1,-1,-1
5172,4858,5149,5150,4994,4856,5157,4863,5386,-1,-1,-1
5061,5022,5060,5059,5023,5062,4996,5224,-1,-1,-1,-1
5070,4997,5059,5100,4996,5021,5061,5130,4925,4926,-1,-1
5061,5075,5060,5077,5076,5021,4996,-1,-1,-1,-1,-1
4973,4933,4847,4848,5082,4819,5027,4950,4974,-1,-1,-1
5141,5049,4944,5117,4886,4941,5144,4871,-1,-1,-1,-1
5765,5120,5316,5117,5118,5119,4941,-1,-1,-1,-1,-1
5082,4974,4973,5083,5085,5024,5004,5003,4933,5074,-1,-1
5205,5128,5050,5171,5029,5043,481,5254,5013,5097,479,5051
5013,5128,5028,5097,5205,5030,483,5171,485,481,5096,5014
5013,5336,5096,5029,5097,5098,5014,485,5128,483,-1,-1
473,472,5035,5038,5036,5037,470,471,5015,5087,5051,474
5315,5118,5381,5354,5316,5314,5585,5765,5380,5355,5263,-1
4908,5167,5080,4904,4945,5016,4899,4953,5084,-1,-1,-1
4935,4874,4936,5103,4958,4875,4959,5063,-1,-1,-1,-1
5031,5048,5038,5087,5015,5037,472,5088,473,5036,470,-1
471,473,5044,5031,474,5037,5051,476,472,5035,5038,477
5031,5087,5051,5036,5035,5124,473,5044,5038,5050,472,5048
472,470,5015,5031,4913,5035,468,473,4964,466,5048,5037
5005,5090,4978,4961,4883,5091,5092,4977,5002,-1,-1,-1
475,5012,5042,5459,5011,469,478,5010,4956,480,467,5100
4929,5167,5084,5085,5016,4928,5074,5017,5082,-1,-1,-1
5010,5040,5011,4926,5100,5012,475,4938,4911,5459,478,4997
477,5044,479,5028,5050,5205,5051,481,476,-1,-1,-1
476,5051,477,5036,474,5043,471,479,5050,5037,473,-1
4965,5052,4995,5047,4980,4979,5055,4964,4966,4914,5046,-1
4995,4969,5072,5052,4970,5168,5146,4966,5236,5045,5073,-1
5055,5052,5045,5053,5236,5054,4979,5105,-1,-1,-1,-1
5035,5089,5088,5015,5087,4979,5055,5038,5037,-1,-1,-1
4871,4886,5025,4944,4823,5141,4876,4885,-1,-1,-1,-1
5051,5254,5028,5171,5043,5124,5044,5128,5169,5037,5205,-1
5044,5050,5037,5036,5043,5124,476,5254,477,5031,474,5028
5072,4995,5236,5045,5046,5047,5073,5054,4980,-1,-1,-1
5054,5184,5055,5105,5047,5187,5236,5089,5162,-1,-1,-1
5236,5053,5187,5047,5073,5186,5185,5184,5052,5072,5055,-1
5089,5047,5053,5105,4979,5048,5045,5184,5054,-1,-1,-1
4851,4740,4849,4692,4850,4691,4954,4889,-1,-1,-1,-1
4831,4643,4971,4644,4984,4761,4907,4578,4610,4832,4645,4623
4512,4690,4513,4633,4662,441,443,4632,4698,439,445,4545
490,5070,5062,5022,487,5021,493,5130,482,5100,-1,-1
5224,5075,5062,5023,5021,5280,496,493,498,5061,5245,-1
4996,5077,5023,4998,5021,4999,5022,5076,4925,5113,5060,-1
493,5224,5059,5060,496,490,5021,498,5280,487,-1,-1
4958,5104,5064,4910,5103,5156,4935,5034,4946,4909,5140,-1
5063,5079,5104,4909,4910,5140,5081,4958,5078,5156,-1,-1
5066,5141,5142,5144,4886,4885,5143,5067,5069,-1,-1,-1
5067,5065,5069,4885,5143,5135,5142,4886,4949,-1,-1,-1
5135,5066,4949,5069,5143,5134,5065,5068,4885,4821,-1,-1
4972,5135,5134,5002,5091,4949,5067,5003,4950,5005,-1,-1
4821,5067,5066,4885,4949,4820,5135,4950,5065,-1,-1,-1
5130,5100,5059,5022,5011,482,487,480,490,4997,5042,478
4816,4736,4670,4808,4668,4815,4864,4663,4960,4887,4679,-1
5073,5236,5046,5052,5330,5168,5186,4995,5054,5233,4969,-1
5236,5330,5072,5186,5054,5052,5231,5168,5233,5185,5309,5046
5083,5084,5086,5019,5085,5004,5041,5080,4955,5167,5027,-1
5060,5023,5245,5221,5280,5076,5224,5390,5244,-1,-1,-1
5222,5077,5221,5023,5223,5153,5075,5061,5568,-1,-1,-1
5061,5153,4998,5076,5023,5113,4996,5222,4999,-1,-1,-1
4909,4981,4837,5079,4788,4839,5081,4789,4790,5064,-1,-1
5081,5064,5078,4909,4981,5140,5371,5104,4986,4837,-1,-1
5167,4953,5033,5086,5084,4945,4955,5074,4904,5016,-1,-1
5371,5079,4986,4981,5140,5078,4985,5064,5000,4922,-1,-1
4933,5027,5085,5024,4928,4973,5083,4847,5041,-1,-1,-1
5074,5004,5085,5027,5019,5084,4974,4976,5082,5003,5086,-1
5074,5167,5086,5041,5080,5085,5083,5033,5016,5019,-1,-1
5082,5083,5074,5041,5084,5027,4928,-1,-1,-1,-1,-1
4955,5074,5084,5080,4953,5019,5018,5167,5083,4888,4954,-1
5088,5037,5035,5123,5048,5124,5031,5089,5114,5179,-1,-1
5087,5089,5123,5114,5048,5035,5105,5164,-1,-1,-1,-1
5088,5055,5048,5105,5114,4979,5087,5053,5162,-1,-1,-1
5092,5039,5091,5111,4961,5005,5151,5102,5147,-1,-1,-1
5090,5005,5002,5068,5111,5134,5039,5092,-1,-1,-1,-1
5090,5151,5147,5102,5111,4961,5121,5039,5091,5148,5239,-1
5139,5095,5000,5133,5001,5175,5176,5138,-1,-1,-1,-1
5131,5006,5132,5116,5133,4988,5333,5001,-1,-1,-1,-1
5176,5093,5133,5177,5174,5175,5131,5139,5193,5001,-1,-1
5182,5097,5098,5191,5030,5129,5181,5336,5267,505,5029,-1
5128,5096,5029,5129,5030,5127,5171,5182,5013,5028,5181,-1
5336,5267,5191,5096,5030,5158,5182,5101,5014,5271,5269,-1
5585,5352,5353,4989,5243,5384,4990,5381,-1,-1,-1,-1
5070,4997,4926,5042,5011,5022,5130,5010,5040,4912,5059,4925
488,5336,489,5158,5014,486,5159,491,484,5098,-1,-1
5121,4962,5147,5092,5122,4961,5145,5146,5151,5090,4872,4963
5156,5104,5034,5063,4936,5155,5109,4958,4935,-1,-1,-1
5156,5063,5064,5140,5103,5138,4958,5155,5079,-1,-1,-1
5162,5089,5055,5184,5053,5114,5230,5088,5047,-1,-1,-1
4934,4956,467,4867,469,5012,465,5459,4866,4939,463,4900
5257,5108,5110,5256,5266,4993,5243,-1,-1,-1,-1,-1
4992,5107,4993,5257,5243,4937,4990,4878,-1,-1,-1,-1
5155,4993,4936,5308,5110,5103,5156,-1,-1,-1,-1,-1
5308,5107,5256,4993,5109,5250,5249,-1,-1,-1,-1,-1
5151,5238,5090,5134,5092,5239,5091,5195,5147,-1,-1,-1
4999,4861,4862,5126,5125,5113,4998,4857,4925,-1,-1,-1
4998,5153,5125,5259,5077,5112,4999,5568,5126,5061,-1,-1
5088,5163,5162,5105,5123,5089,5164,5087,-1,-1,-1,-1
5008,5166,5357,5161,5006,5009,5116,4987,5007,5227,5334,-1
5166,5006,5333,5334,5115,5094,5132,5008,5357,-1,-1,-1
5120,5141,5025,5026,5144,4941,5119,4886,-1,-1,-1,-1
5765,5032,5354,5316,5026,5263,5119,5262,5381,5315,-1,-1
5120,5765,5219,5262,5026,5203,5144,5263,5118,5117,5218,5204
5119,5144,5117,5026,5203,5765,5141,5219,5142,5262,-1,-1
5146,5147,5122,5145,5102,4969,4962,5148,5092,5209,5168,5151
5121,5146,4962,4967,4969,5102,5145,5147,4963,4970,-1,-1
5088,5179,5087,5164,5114,5124,5254,-1,-1,-1,-1,-1
5254,5037,5087,5051,5050,5179,5123,5171,5169,-1,-1,-1
5126,5259,5113,5226,5258,5112,4862,5153,5568,-1,-1,-1
4862,5125,5226,5173,5112,4863,4857,5113,5258,-1,-1,-1
5128,5211,5129,5171,5169,5170,5097,5183,5254,5181,-1,-1
5171,5097,5029,5028,5127,5050,5205,5129,5169,5254,5030,5013
5181,5183,5097,5182,5127,5096,5170,502,505,503,5128,5211
482,5070,480,5011,487,478,5100,5059,5022,490,5042,475
5132,5177,5133,5094,5188,5333,5095,5174,5190,5001,-1,-1
5333,5131,5188,5190,5094,5177,5116,5189,5133,5334,-1,-1
5131,5001,5095,5093,5177,5094,5132,5174,4988,-1,-1,-1
5135,5238,5068,5111,5091,5143,5067,5195,5239,-1,-1,-1
5067,5134,5068,4949,5143,5238,5066,4972,5069,-1,-1,-1
4805,4982,4923,4780,4795,4782,4920,4804,4789,5152,4922,-1
5009,5152,4923,4920,5007,5157,5160,5161,5008,4805,-1,-1
5156,5139,5154,5155,5140,5000,5104,5175,5093,5371,-1,-1
5138,5093,5175,5154,5000,5095,5249,5155,5156,-1,-1,-1
5104,5081,5371,5156,5138,5064,5079,5000,5063,-1,-1,-1
5144,4886,5025,5117,5065,5120,5049,5142,4885,-1,-1,-1
5196,5144,5065,5203,5143,5195,5066,5141,5120,-1,-1,-1
5067,5195,5135,5142,5238,5066,5196,5134,5065,-1,-1,-1
5120,5141,5142,5117,5065,5203,5119,5025,4886,5196,-1,-1
5209,5121,5146,5147,5148,5168,5122,5210,5233,4969,5102,5151
4969,5121,5145,5122,5168,5209,5046,5147,5102,4970,4967,-1
5121,5151,5102,5148,5092,5145,5146,5122,5209,5239,5111,5208
5208,5147,5151,5145,5209,5210,5239,5121,5217,5092,5202,5233
5172,5386,5152,5157,4804,5020,4805,4846,5150,4994,-1,-1
4863,5157,5173,5020,4858,5160,4862,5149,-1,-1,-1,-1
5239,5147,5092,5148,5111,5208,5090,5238,5102,5145,5121,-1
4805,5149,4923,4804,5157,5137,5386,5136,4920,-1,-1,-1
5568,5077,5222,5113,5259,5076,5297,4998,5223,5125,5307,-1
5249,5139,5155,5138,5308,5175,5156,5192,-1,-1,-1,-1
5156,5109,5154,5308,5138,5103,5104,5249,5139,-1,-1,-1
5104,5138,5155,5103,5140,5063,5154,5064,5139,5109,-1,-1
5149,5150,5152,5160,5137,5020,5172,-1,-1,-1,-1,-1
5271,5267,5336,5101,5214,5159,5098,489,5270,5212,488,491
491,5212,489,5214,492,494,5158,5101,495,5271,488,5213
5161,5157,5009,5173,5150,5137,5165,-1,-1,-1,-1,-1
5357,5009,5165,5160,5115,5008,5166,5137,5227,-1,-1,-1
5230,5105,5261,5163,5184,5114,5272,5053,5247,5089,5229,-1
5247,5261,5164,5162,5114,5178,5230,5260,-1,-1,-1,-1
5123,5178,5179,5163,5180,5114,5088,5247,-1,-1,-1,-1
5357,5161,5226,5228,5173,5160,5227,5166,-1,-1,-1,-1
5357,5334,5115,5116,5227,5161,5335,5333,5006,5008,5165,5555
5084,5080,5016,5033,5041,5086,4929,4908,5074,4945,-1,-1
5146,5072,5209,5145,5046,5330,5233,4969,5073,5121,-1,-1
5211,5254,5179,5171,5127,5180,5170,5128,5198,5050,5124,-1
5183,5211,503,501,5198,5129,5127,5181,507,502,508,5169
5128,5254,5050,5028,5169,5127,5029,5097,5211,5179,5124,-1
5386,4994,5149,5020,4846,4952,4856,4804,5157,-1,-1,-1
5126,4863,4862,5150,5226,5160,5165,-1,-1,-1,-1,-1
5177,5194,5176,5193,5095,5225,5188,5131,5240,5133,-1,-1
5176,5139,5154,5249,5095,5093,5192,5138,5193,-1,-1,-1
5193,5175,5095,5174,5192,5242,5194,5249,5177,5093,-1,-1
5131,5174,5188,5095,5133,5225,5132,5176,5194,-1,-1,-1
5206,5247,5207,5164,5163,5180,5248,5201,5198,-1,-1,-1
5254,5123,5169,5164,5180,5124,5211,5171,5087,-1,-1,-1
5211,5198,5178,5206,5169,5179,5164,5170,-1,-1,-1,-1
502,5183,5182,505,5129,507,512,503,511,5170,5096,5268
5181,505,5191,5096,5129,5268,502,5183,511,5098,5269,5097
502,5181,503,5170,507,5129,501,505,512,5182,508,511
5230,5053,5105,5229,5162,5187,5054,5055,5261,5272,-1,-1
5187,5323,5186,5290,5349,5309,5054,5229,5073,-1,-1,-1
5073,5185,5309,5330,5054,5236,5231,5187,5323,5072,-1,-1
5185,5054,5184,5053,5229,5290,5186,5236,5230,5323,-1,-1
5132,5177,5131,5190,5225,5215,5174,5333,5235,-1,-1,-1
5282,5190,5333,5334,5335,5234,5132,5283,-1,-1,-1,-1
5189,5188,5132,5235,5215,5333,5234,5131,5282,-1,-1,-1
5182,5267,5269,5098,5096,5268,505,5181,5270,5342,5271,-1
5242,5249,5176,5193,5251,5175,5250,5241,5154,-1,-1,-1
5242,5176,5194,5241,5174,5240,5192,5251,5095,5175,5296,-1
5174,5296,5225,5240,5193,5241,5176,5177,5413,5242,5237,-1
5238,5196,5202,5239,5143,5300,5142,5134,5208,5111,-1,-1
5195,5142,5300,5202,5203,5143,5238,5204,5239,5144,-1,-1
508,513,5201,501,5206,5198,5200,503,517,5253,5207,5170
501,5211,5206,5170,5197,5180,508,503,5201,5169,5183,513
519,516,511,5298,5340,523,512,505,5268,527,5342,502
5253,5201,513,5275,5197,517,5255,5252,508,521,5207,-1
5197,5207,5200,5206,5255,513,508,5248,5253,5198,5178,5275
5195,5300,5208,5217,5239,5196,5238,5418,5148,5210,5204,-1
5219,5142,5196,5119,5120,5144,5204,5300,5262,-1,-1,-1
5300,5219,5216,5218,5418,5203,5262,5217,5196,5202,5119,-1
481,5028,483,5029,5043,5013,479,485,5128,477,5050,-1
5198,5201,5197,5207,5178,5180,501,508,5211,5247,-1,-1
5201,5248,5206,5247,5178,5255,5197,5260,5329,5200,-1,-1
5148,5217,5210,5202,5239,5151,5209,5300,5195,5232,5418,5147
5145,5233,5210,5148,5168,5146,5330,5208,5147,5121,5232,5231
5209,5208,5233,5217,5232,5148,5145,5231,5418,5202,-1,-1
5169,5170,5198,5180,5127,501,5179,5206,5183,5171,503,5129
5213,495,5214,494,5159,5220,492,497,491,5299,5271,5362
497,5212,495,5299,5220,494,5214,500,5310,5159,492,5363
5271,5212,5159,5362,5220,5158,5213,5270,5267,495,494,491
5235,5225,5188,5281,5237,5190,5286,5296,-1,-1,-1,-1
5418,5218,5204,5289,5265,5338,5219,5300,5217,5264,5232,-1
5208,5418,5210,5202,5232,5300,5148,5204,5239,5216,-1,-1
5216,5219,5262,5204,5264,5265,5287,5418,5119,5263,-1,-1
5204,5262,5119,5218,5203,5765,5120,5300,5216,5264,-1,-1
5213,5299,5363,5362,5212,5214,5311,497,495,5368,5310,5271
5244,5223,5075,5245,5076,5246,5373,5222,-1,-1,-1,-1
5568,5307,5223,5297,5153,5076,5259,5372,5452,5077,5405,5221
5222,5307,5246,5221,5452,5076,5297,5568,5153,5244,5373,-1
496,498,5280,5060,5062,493,499,5326,504,5075,5390,5021
5194,5215,5188,5174,5296,5177,5237,-1,-1,-1,-1,-1
5126,5165,5125,5258,5228,5173,5259,4862,-1,-1,-1,-1
5357,5555,5166,5228,5335,5334,5165,5356,5115,5161,-1,-1
5258,5227,5555,5356,5226,5165,5357,5372,-1,-1,-1,-1
5230,5290,5184,5272,5301,5187,5302,5185,5261,5162,-1,-1
5184,5272,5229,5261,5162,5105,5260,5301,5187,5163,-1,-1
5309,5233,5330,5276,5232,5186,5073,5210,5331,5209,5323,-1
5276,5210,5217,5418,5233,5231,5289,5208,5209,5309,5216,-1
5209,5231,5330,5210,5232,5168,5145,5276,5073,5148,5072,5309
5235,5282,5284,5285,5283,5286,5189,5190,-1,-1,-1,-1
5215,5286,5234,5281,5190,5284,5188,5237,-1,-1,-1,-1
5073,5054,5072,5052,5047,5186,5330,5053,5187,5046,-1,-1
5281,5296,5398,5324,5215,5325,5225,5235,5194,-1,-1,-1
5195,5134,5111,5239,5143,5135,5202,5151,5196,-1,-1,-1
5151,5208,5202,5195,5238,5111,5148,5147,5217,5092,5196,5134
5241,5413,5194,5296,5193,5278,5242,5411,5324,5174,-1,-1
5242,5240,5278,5193,5251,5192,5277,5194,5413,-1,-1,-1
5241,5192,5251,5193,5176,5240,5278,5249,5250,5194,5277,-1
5257,4990,5352,5099,5108,4992,5322,5107,5266,4989,-1,-1
5373,5473,5245,5221,5246,5494,5390,5474,5223,5075,-1,-1
5390,5244,5075,5221,5280,5494,5326,5060,-1,-1,-1,-1
5373,5223,5452,5244,5221,5454,5307,5474,5473,-1,-1,-1
5248,5163,5261,5207,5178,5260,5329,5206,5162,5164,-1,-1
5207,5329,5247,5260,5255,5201,5178,5261,-1,-1,-1,-1
5192,5154,5308,5250,5175,5242,5176,5139,5155,5110,5251,-1
5249,5279,5308,5256,5251,5110,5192,5242,-1,-1,-1,-1
5242,5241,5277,5279,5192,5250,5278,5193,5427,5249,-1,-1
5253,525,521,530,5292,5275,5480,5200,517,534,513,5291
517,5200,521,513,5252,525,508,5197,5275,530,5201,-1
5171,5169,5124,5050,5179,5051,5028,5123,5127,5128,5211,-1
5201,5248,5207,5200,5274,5275,5329,5655,-1,-1,-1,-1
5279,5107,5266,5110,5317,5250,5427,5257,-1,-1,-1,-1
5243,5266,5107,5108,5322,5352,4992,5256,-1,-1,-1,-1
5259,5228,5226,5372,5125,5356,5568,5555,5126,-1,-1,-1
5568,5258,5125,5153,5113,5372,5297,5222,5226,-1,-1,-1
5248,5261,5273,5247,5272,5329,5395,5230,5207,5163,-1,-1
5230,5162,5260,5247,5272,5163,5248,5184,5229,5273,-1,-1
5219,5263,5765,5119,5218,5264,5204,5328,5118,5120,5203,-1
5765,5328,5262,5354,5118,5264,5119,5355,5312,5032,5218,-1
5287,5218,5312,5262,5328,5263,5265,5219,5216,-1,-1,-1
5287,5216,5338,5218,5289,5264,5288,5339,5312,-1,-1,-1
5257,5317,5322,5256,5107,5321,5243,5279,-1,-1,-1,-1
5271,5270,5191,5269,5098,5158,5336,5214,5362,5268,5320,5096
505,5342,5269,511,5182,5191,5298,502,5181,5199,512,516
5270,5342,5267,5268,5191,5320,5271,5298,5182,5370,5362,5098
5271,5269,5320,5362,5267,5342,5368,5214,5191,5158,5363,5268
5214,5270,5267,5362,5158,5269,5159,5220,5212,5320,5098,5191
5230,5301,5261,5273,5260,5229,5319,5162,5184,-1,-1,-1
5319,5395,5260,5272,5383,5301,5329,5655,5394,5261,-1,-1
5655,5291,5400,5275,5255,5375,5329,5395,5478,-1,-1,-1
5291,5200,5252,5274,5255,5480,5253,5201,-1,-1,-1,-1
5309,5232,5231,5289,5331,5338,5233,5418,5323,-1,-1,-1
5332,5427,5251,5279,5278,5482,5241,5242,5317,5417,5426,-1
5241,5411,5277,5240,5482,5413,5251,5242,5465,-1,-1,-1
5427,5256,5317,5251,5277,5250,5332,5266,-1,-1,-1,-1
5224,5326,5390,498,499,5060,5245,496,5075,504,509,5062
5286,5237,5235,5325,5215,5396,5398,5293,5284,-1,-1,-1
5283,5189,5335,5343,5234,5334,5555,5285,5541,5190,-1,-1
5282,5285,5541,5306,5343,5234,5284,5305,5335,5189,-1,-1
5285,5286,5293,5295,5234,5305,5235,5294,5283,5396,5281,-1
5284,5305,5283,5306,5295,5234,5293,5286,5346,5541,5282,-1
5284,5281,5235,5293,5396,5234,5285,5215,5325,-1,-1,-1
5312,5265,5313,5288,5264,5360,5338,5218,5328,5359,-1,-1
5287,5339,5338,5313,5385,5359,5265,5312,5450,-1,-1,-1
5216,5276,5338,5418,5232,5265,5331,5339,-1,-1,-1,-1
5185,5349,5229,5302,5187,5323,5301,5422,-1,-1,-1,-1
5376,5275,5375,5274,5480,5400,5374,5252,-1,-1,-1,-1
534,530,5480,539,5491,5252,525,5374,546,521,-1,-1
5284,5294,5396,5481,5286,5295,5285,5304,5281,5442,-1,-1
5295,5304,5481,5293,5347,5303,5441,5305,5284,5396,5442,5377
5294,5305,5293,5284,5285,5303,5347,5304,5481,5346,5306,-1
5194,5237,5240,5324,5413,5225,5398,5193,5215,-1,-1,-1
5307,5568,5372,5405,5222,5223,5259,5444,5452,5153,5356,5453
5199,5342,5340,511,5370,5268,5341,519,516,505,523,5269
5310,5213,497,5220,500,5311,506,5363,5492,495,5212,510
5204,5202,5196,5418,5217,5203,5195,5219,5216,5208,-1,-1
5302,5272,5319,5229,5318,5273,5290,5230,5349,5422,-1,-1
5349,5422,5301,5290,5318,5319,5229,5421,5337,-1,-1,-1
5348,5347,5305,5346,5345,5295,5344,5294,5528,5304,-1,-1
5441,5294,5347,5481,5377,5442,5295,5588,5293,5378,5303,-1
5295,5346,5306,5285,5303,5284,5348,5294,5401,5283,5528,-1
5305,5541,5285,5346,5283,5401,5453,5295,5528,-1,-1,-1
5297,5452,5222,5223,5405,5568,5246,5443,5372,5153,5453,-1
5249,5110,5154,5155,5109,5250,-1,-1,-1,-1,-1,-1
5231,5276,5323,5331,5186,5185,5330,5232,5073,5233,-1,-1
506,5299,5492,510,500,5311,515,497,5530,5213,5220,518
5363,5492,5310,5434,5299,5530,5540,5220,5368,515,510,506
5360,5287,5328,5313,5327,5264,5361,5263,5355,5288,5265,5581
5360,5359,5287,5312,5288,5361,5358,5327,-1,-1,-1,-1
5315,5382,5355,5354,5032,5380,5379,5581,5585,-1,-1,-1
5585,5032,5380,5314,5381,5382,5384,5354,4989,5316,5118,-1
5381,4943,5026,5118,5032,4941,5765,5315,4989,-1,-1,-1
5427,5266,5321,5279,5256,5417,5332,5277,5322,-1,-1,-1
5319,5302,5499,5422,5394,5460,5301,5421,5383,5349,-1,-1
5383,5318,5273,5394,5301,5395,5302,5499,5272,-1,-1,-1
5270,5368,5342,5370,5269,5367,5362,5271,5363,5267,5434,5298
5317,5351,5417,5322,5414,5266,5427,5350,-1,-1,-1,-1
5352,5266,5350,5257,5321,5351,5243,5353,5317,-1,-1,-1
5185,5309,5349,5337,5331,5290,5186,5276,5231,5187,-1,-1
5398,5410,5413,5296,5409,5237,5325,5397,5240,-1,-1,-1
5398,5396,5281,5399,5397,5237,5324,5409,5286,-1,-1,-1
504,509,5390,499,5280,5389,498,5224,5245,514,496,5495
5360,5581,5312,5328,5551,5355,5361,5313,5379,-1,-1,-1
5263,5312,5355,5327,5354,5264,5581,5360,5262,5287,-1,-1
5248,5395,5655,5260,5255,5274,5273,5247,5207,5383,5478,-1
5073,5233,5231,5072,5168,5186,5236,5209,5309,-1,-1,-1
5276,5339,5309,5338,5337,5323,5289,5231,-1,-1,-1,-1
5427,5426,5277,5417,5482,5425,5317,5279,5471,-1,-1,-1
5132,5116,5334,5189,5190,5094,5131,5166,5188,5335,-1,-1
5166,5335,5333,5116,5189,5227,5555,5357,5282,5115,5132,-1
5334,5555,5282,5343,5189,5227,5166,5356,5283,5333,-1,-1
5098,5101,5014,5030,5158,5267,488,486,5096,5013,484,-1
5349,5421,5339,5422,5331,5323,5385,5586,5302,5338,-1,-1
5339,5265,5289,5331,5288,5216,5287,5276,5385,5337,-1,-1
5338,5385,5337,5331,5288,5421,5265,5289,-1,-1,-1,-1
523,5199,519,5406,527,5298,5341,516,533,511,5370,5364
5370,5406,5366,5364,5340,5365,5298,5342,5367,536,533,5199
5269,5298,5370,5268,5320,5270,5199,511,5341,5191,505,5367
5555,5444,5335,5282,5541,5283,5356,5453,-1,-1,-1,-1
5378,5345,5408,5347,5303,5407,5429,5377,5348,5419,-1,-1
5348,5429,5344,5408,5303,5428,5432,5528,5347,5346,5435,-1
5305,5348,5528,5401,5306,5303,5295,5345,5428,5285,5446,5541
5304,5303,5294,5344,5377,5378,5295,5441,5481,5345,-1,-1
5528,5345,5346,5303,5428,5429,5305,5446,5401,5344,-1,-1
5302,5422,5290,5337,5323,5185,5421,5301,5318,-1,-1,-1
5353,5351,5393,5352,5415,5322,5384,5321,-1,-1,-1,-1
5350,5321,5414,5415,5416,5322,5393,5352,-1,-1,-1,-1
5353,5322,5099,5350,5243,5257,5384,5393,5351,-1,-1,-1
5384,5352,5350,5393,5099,5585,5322,5388,5380,5415,-1,-1
5355,5263,5118,5032,5328,5314,5765,5315,5581,-1,-1,-1
5581,5354,5328,5314,5379,5327,5551,5263,5312,5382,5032,-1
5555,5372,5444,5228,5258,5343,5227,5335,5297,-1,-1,-1
5161,5166,5227,5165,5115,5228,5009,5334,5116,5008,-1,-1
5475,5451,5477,5361,5359,5313,5450,5516,5360,5476,-1,-1
5313,5358,5450,5451,5288,5385,5361,5360,5475,5586,5287,-1
5313,5361,5312,5327,5287,5328,5359,5358,5551,5581,-1,-1
5360,5358,5313,5476,5477,5327,5551,5359,5312,5475,-1,-1
5270,5368,5363,5271,5220,5214,5320,5267,5434,5269,5212,5367
5368,5311,5434,5220,5362,5299,5367,5540,5320,5310,5213,5270
5366,536,5406,538,5391,5341,533,541,5392,5365,5340,527
5366,5367,5392,5369,5557,5370,5341,5364,5391,5434,5368,5556
5364,5365,5392,5391,5341,5369,538,5406,5455,541,536,5370
5368,5365,5434,5557,5370,5320,5363,5369,5341,5366,5362,5540
5363,5367,5434,5320,5362,5270,5557,5220,5311,5370,5540,5365
5392,5557,5556,5532,5365,5539,5455,5366,5540,5367,5391,540
5341,5342,5367,5320,5298,5365,5366,5368,5340,5269,-1,-1
5081,5000,4985,4986,5140,5079,5001,4981,5138,-1,-1,-1
5297,5568,5356,5258,5444,5259,5405,5307,5222,5228,5555,-1
5246,5474,5473,5244,5454,5552,5563,5452,5221,5223,-1,-1
5479,5491,5376,5480,5506,5292,5447,5505,5291,5423,-1,-1
5400,5291,5376,5423,5424,5274,5655,5479,5478,-1,-1,-1
5479,5291,5374,5375,5480,5423,5447,5491,-1,-1,-1,-1
5441,5378,5304,5420,5347,5496,5588,5344,5419,5294,5481,-1
5377,5344,5419,5420,5407,5347,5408,5304,-1,-1,-1,-1
5581,5382,5403,5355,5387,5314,5551,5327,5380,5514,-1,-1
5382,5315,5384,5585,5314,5388,5387,5353,5379,5032,-1,-1
4989,5315,5032,5316,5585,4943,5118,4942,5099,-1,-1,-1
5380,5387,5379,5314,5388,5315,5384,5403,5355,5581,-1,-1
5395,5394,5319,5478,5273,5436,5655,5457,5318,5329,-1,-1
5353,5380,5585,5393,5388,5099,5352,5315,5382,5350,-1,-1
5450,5339,5421,5586,5288,5337,5359,5451,5338,5422,-1,-1
4804,5172,4846,5149,4845,5152,4647,4994,4805,5020,-1,-1
5382,5404,5403,5402,5388,5379,5380,5509,-1,-1,-1,-1
5393,5382,5387,5402,5384,5380,5497,5353,-1,-1,-1,-1
5495,509,5326,5390,514,5493,5494,504,520,499,5280,-1
5326,5245,5389,5494,5280,504,509,499,5244,5495,5075,498
541,5392,538,5366,5455,543,5364,545,536,5556,5365,5369
5369,5455,5391,5366,5556,5365,5557,543,5364,541,545,5539
5353,5497,5350,5415,5384,5388,5352,5402,5351,-1,-1,-1
5499,5383,5457,5319,5318,5436,5478,5395,5460,6080,5466,5273
5655,5383,5329,5273,5478,5319,5400,5260,5274,5436,5394,-1
5325,5293,5481,5399,5286,5442,5281,5294,5284,5397,5398,-1
5409,5399,5487,5398,5325,5538,5587,5324,5464,5396,5442,-1
5325,5324,5409,5397,5237,5399,5410,5281,5296,5396,-1,-1
5442,5397,5487,5587,5325,5396,5481,5398,5588,-1,-1,-1
5375,5655,5478,5274,5424,5291,5395,5436,5423,-1,-1,-1
5453,5528,5346,5443,5306,5541,5446,5348,5305,5405,-1,-1
5509,5404,5497,5387,5510,5388,5513,5393,-1,-1,-1,-1
5514,5387,5404,5379,5551,5515,5581,5382,5513,5558,5476,-1
5513,5387,5402,5509,5403,5515,6067,5514,-1,-1,-1,-1
5297,5453,5307,5444,5443,5452,5372,5568,5222,5541,5401,-1
533,5364,536,5340,527,5341,523,5366,538,5298,519,5199
5419,5408,5431,5378,5430,5433,5344,5432,-1,-1,-1,-1
5432,5429,5344,5407,5345,5431,5378,5449,5435,5428,-1,-1
5397,5464,5398,5410,5324,5538,5325,5487,5463,5412,-1,-1
5412,5409,5324,5464,5413,5411,5398,5461,5465,-1,-1,-1
5465,5413,5412,5278,5410,5482,5240,-1,-1,-1,-1,-1
5461,5465,5410,5411,5464,5462,5483,5463,5409,5413,-1,-1
5240,5411,5410,5324,5296,5278,5241,5194,5412,-1,-1,-1
5425,5351,5519,5417,5416,5321,5426,-1,-1,-1,-1,-1
5393,5416,5350,5497,5511,5351,5353,-1,-1,-1,-1,-1
5527,5415,5414,5519,5351,5511,5425,-1,-1,-1,-1,-1
5427,5332,5425,5414,5321,5426,5317,5277,-1,-1,-1,-1
5217,5216,5204,5300,5289,5232,5202,5218,5210,5276,5208,-1
5507,5407,5420,5378,5430,5577,5377,5344,-1,-1,-1,-1
5419,5507,5496,5377,5378,5503,-1,-1,-1,-1,-1,-1
5586,5422,5337,5385,5460,5450,5349,5339,5302,5517,5318,-1
5421,5302,5349,5318,5460,5337,5586,5290,5499,5301,5385,-1
5479,5447,5583,5375,5439,5376,5424,5374,5400,5448,-1,-1
5440,5400,5375,5439,5438,5478,5423,5436,-1,-1,-1,-1
5426,5519,5414,5512,5417,5332,5471,5518,5416,-1,-1,-1
5332,5425,5471,5512,5417,5482,5427,5465,5470,5277,5414,-1
5332,5317,5279,5277,5417,5321,5426,5256,5251,5482,-1,-1
5429,5528,5348,5445,5345,5435,5446,5432,5346,5408,-1,-1
5432,5345,5408,5428,5435,5348,5449,5344,5431,5445,5528,-1
5577,5769,5419,5433,5820,5507,5407,-1,-1,-1,-1,-1
5432,5433,5449,5408,5407,5533,5429,5535,-1,-1,-1,-1
5429,5449,5408,5431,5435,5345,5534,5535,5428,5407,5533,-1
5769,5431,5430,5533,5660,5407,5820,5449,-1,-1,-1,-1
5368,5540,5363,5557,5367,5311,5530,5362,5369,5365,5532,5320
5429,5432,5500,5534,5449,5428,5445,5535,5408,5552,5345,-1
5478,5437,5440,5457,5383,5394,5424,6080,5400,5395,-1,-1
5440,6080,5458,5457,5456,5436,5438,5523,5676,5394,-1,-1
5440,5439,5732,5456,5582,5424,5448,5437,5624,-1,-1,-1
5438,5448,5583,5423,5582,5424,5440,5732,5576,5447,-1,-1
5437,5438,5424,5436,5456,5732,5439,5458,5478,5457,6080,-1
5588,5304,5377,5442,5481,5496,5587,5294,5347,5502,-1,-1
5481,5399,5587,5441,5588,5396,5304,5487,5294,5293,5397,-1
5452,5446,5453,5401,5405,5454,5528,5307,-1,-1,-1,-1
5453,5356,5405,5541,5343,5372,5297,5555,-1,-1,-1,-1
5552,5446,5428,5500,5435,5454,5528,5429,5474,-1,-1,-1
5528,5443,5445,5428,5454,5401,5348,5552,5346,5453,5452,-1
5479,5583,5525,5506,5423,5374,5576,5376,5627,5439,5448,-1
5576,5582,5583,5439,5584,5615,5525,5438,5616,5447,5732,5423
5432,5535,5534,5431,5533,5435,5536,5429,5408,5695,5500,5433
5586,5451,5385,5359,5517,5421,5358,5516,5460,5475,5288,-1
5450,5475,5516,5358,5517,5359,5586,5477,5537,5385,5593,-1
5307,5443,5246,5223,5405,5454,5297,5222,5373,5453,5446,-1
5405,5401,5541,5444,5443,5306,5452,5297,5343,5446,5307,-1
5552,5373,5452,5446,5474,5443,5246,5445,-1,-1,-1,-1
545,543,5556,5392,542,5391,541,5369,540,5539,5366,538
5732,5458,5437,5676,5438,5440,5522,6080,5624,5521,5582,-1
6080,5499,5394,5437,5436,5466,5458,5523,5383,5440,5460,-1
6080,5676,5456,5521,5523,5437,5522,5457,5440,5732,5466,5572
469,475,467,5040,5012,5106,465,478,4956,4934,5042,5011
5586,5499,5421,5422,5318,5517,5466,5450,5394,5457,-1,-1
5483,5412,5463,5464,5467,5462,5465,5485,5468,5410,5472,-1
5465,5483,5468,5461,5471,5412,5470,-1,-1,-1,-1,-1
5485,5464,5461,5467,5538,5701,5483,5412,5409,5486,-1,-1
5463,5409,5461,5410,5412,5538,5397,5467,5485,-1,-1,-1
5411,5412,5462,5471,5482,5461,5426,5410,5470,5278,-1,-1
6080,5499,5517,5523,5457,5460,5537,5586,5516,5458,5394,-1
5483,5463,5485,5461,5472,5486,5464,5468,5484,-1,-1,-1
5483,5469,5544,5470,5462,5472,5727,5461,5467,5471,5520,-1
5544,5542,5727,5468,5472,5543,5470,5546,5483,5520,5545,5547
5544,5471,5468,5512,5520,5462,5469,5483,5426,5465,-1,-1
5426,5465,5470,5462,5482,5512,5332,5425,5468,-1,-1,-1
5483,5727,5467,5484,5468,5469,5486,5547,5461,-1,-1,-1
5563,5373,5244,5474,5494,5498,5246,5501,-1,-1,-1,-1
5552,5373,5563,5473,5745,5454,5246,5500,5244,5445,5501,-1
5516,5477,5358,5451,5593,5559,5537,5517,5450,5359,5361,-1
5514,5477,5558,5551,5559,5361,5358,5403,-1,-1,-1,-1
5475,5358,5559,5476,5361,5593,5451,5516,5558,-1,-1,-1
5400,5655,5436,5383,5395,5424,5440,5394,5375,5274,5329,-1
5447,5374,5376,5423,5506,5583,5491,5525,5375,5480,-1,-1
5292,5291,5374,5376,5252,5275,5491,534,530,5479,-1,-1
5442,5294,5304,5293,5396,5441,5399,5295,5588,5347,5377,-1
5465,5332,5277,5426,5471,5411,5278,5427,-1,-1,-1,-1
5468,5461,5467,5462,5472,5463,5412,5469,5470,-1,-1,-1
5547,5489,5727,5486,5472,5548,5549,5580,5467,-1,-1,-1
5463,5701,5490,5467,5486,5538,5645,5461,5464,5488,-1,-1
5467,5484,5489,5485,5490,5488,5472,5463,-1,-1,-1,-1
5587,5397,5538,5399,5590,5701,5442,5409,5588,5502,-1,-1
5490,5629,5670,5489,5644,5486,5674,5645,5580,5485,-1,-1
5580,5484,5629,5488,5548,5486,5547,5630,-1,-1,-1,-1
5488,5701,5485,5645,5644,5486,5670,5590,-1,-1,-1,-1
5374,5292,539,5505,546,5480,534,5506,548,5479,5376,-1
515,5530,5310,510,518,5311,5531,506,522,5299,5540,526
5495,5561,5389,520,5560,524,5498,514,5494,529,5564,5554
5390,5473,5389,5498,5245,5244,5493,5326,5495,-1,-1,-1
514,520,5493,5389,524,509,5560,5561,5326,504,5494,529
5588,5420,5502,5377,5441,5504,5503,-1,-1,-1,-1,-1
5510,5393,5402,5415,5511,5388,5509,-1,-1,-1,-1,-1
5561,5563,5554,5473,5501,5494,5493,-1,-1,-1,-1,-1
5394,5460,5457,5466,5318,6080,5319,5422,5517,5586,-1,-1
5552,5534,5696,5435,5745,5445,5474,5565,5449,-1,-1,-1
5565,5554,5563,5745,5498,5566,5561,5562,5696,5575,5473,5474
5588,5587,5504,5590,5589,5496,5645,5441,5591,5487,-1,-1
5569,5504,5507,5571,5420,5570,5496,-1,-1,-1,-1,-1
5591,5502,5503,5589,5570,5496,5569,5588,5592,-1,-1,-1
548,5597,550,5491,546,5524,5506,552,5374,539,-1,-1
5447,5479,5524,5374,5505,5525,5627,5491,5597,-1,-1,-1
5577,5419,5571,5420,5503,5430,5569,5820,-1,-1,-1,-1
5605,5510,5612,5604,5511,5611,5610,5509,5598,-1,-1,-1
5513,6067,5510,5402,5612,5404,5508,5515,5602,5497,5618,5387
5508,5509,5497,5612,5402,5511,6067,-1,-1,-1,-1,-1
5604,5415,5508,5497,5510,5416,5527,5605,-1,-1,-1,-1
5425,5470,5520,5426,5519,5471,5518,5544,-1,-1,-1,-1
6067,5509,5515,5404,5602,5603,5612,5402,5618,5403,-1,-1
5403,5558,5476,5551,5515,5603,5404,5379,5581,5559,-1,-1
5513,5603,5514,5404,5558,5403,5602,6067,5509,5636,-1,-1
5537,5475,5451,5517,5593,5358,5450,5477,5572,5523,5466,-1
5586,5450,5516,5451,5466,5537,5460,5475,5421,5499,5523,-1
5519,5553,5520,5526,5527,5512,5425,5599,-1,-1,-1,-1
5425,5518,5414,5527,5416,5512,5526,5520,-1,-1,-1,-1
5544,5518,5512,5553,5543,5470,5469,5519,5468,-1,-1,-1
5676,5572,5523,5458,5594,5522,6080,5537,5607,5456,-1,-1
5676,5609,5624,5732,5456,5594,5458,5521,5700,5606,5582,-1
6080,5521,5537,5458,5466,5572,5676,5457,5437,5516,5517,-1
5597,5627,5665,5506,5666,5505,5716,5525,552,550,-1,-1
5627,5447,5576,5583,5616,5506,5448,5524,5479,5626,-1,-1
5599,5527,5604,5518,5553,5598,5605,5519,-1,-1,-1,-1
5416,5526,5604,5519,5518,5511,-1,-1,-1,-1,-1,-1
5348,5446,5346,5401,5428,5443,5345,5445,5303,5306,5305,5429
528,526,531,5532,5540,5530,522,5531,535,5539,518,5557
522,5531,5492,518,526,5529,5540,515,5311,528,5310,510
518,522,526,5530,515,5492,528,5529,510,5540,531,5310
5539,5529,5369,535,5556,5540,531,5557,528,540,526,5392
5536,5535,5449,5433,5431,5659,5660,5432,5769,5870,-1,-1
5535,5696,5449,5500,5435,5695,5536,5432,5575,5745,-1,-1
5536,5449,5534,5695,5533,5870,5696,5432,5659,5431,5435,-1
5535,5870,5659,5695,5533,5449,5534,5800,5697,5873,5660,-1
5516,5523,5572,5517,5466,5593,5521,5475,5451,6080,-1,-1
5487,5701,5463,5397,5464,5485,5409,5590,-1,-1,-1,-1
535,540,5556,5532,531,5369,542,5529,5455,528,5392,5557
5529,5434,5530,5557,5532,5311,526,528,5492,5369,522,5363
5453,5306,5444,5283,5343,5401,5405,5285,5282,5346,-1,-1
5469,5546,5545,5727,5543,5544,5547,5613,5550,-1,-1,-1
5542,5544,5545,5520,5553,5469,5596,-1,-1,-1,-1,-1
5469,5520,5470,5468,5543,5542,5512,5553,5727,-1,-1,-1
5542,5633,5613,5543,5546,5596,5550,5469,5753,-1,-1,-1
5550,5542,5549,5547,5727,5545,5613,5753,6228,5469,-1,-1
5549,5727,5484,5548,5546,5550,5579,5542,5489,5472,5469,-1
5580,5549,5547,5489,5579,5484,5631,5629,5550,-1,-1,-1
5547,5550,5579,5548,5546,6228,5727,5484,5753,5669,-1,-1
6228,5549,5753,5546,5613,5579,5725,5547,5669,5545,5548,5542
5581,5514,5327,5476,5403,5379,5361,5355,5360,5558,-1,-1
5474,5445,5500,5745,5454,5373,5563,5446,5435,5696,-1,-1
5599,5518,5520,5526,5596,5543,5544,-1,-1,-1,-1,-1
5561,5562,5501,5564,5566,5498,5565,5560,5563,5573,5493,5677
5356,5227,5335,5228,5343,5444,5334,5258,5282,5166,5372,-1
5539,5455,5369,540,5392,542,5532,535,545,5557,5391,543
5369,5434,5540,5367,5365,5532,5392,5556,5368,5529,5539,5366
5514,5603,5636,5476,5559,5515,5403,5477,5620,5551,-1,-1
5477,5642,5558,5636,5476,5593,5475,5514,5603,5595,-1,-1
529,524,5564,532,5561,5567,5493,520,5495,5554,5562,5694
5493,5554,5564,5560,5498,5562,524,5495,529,5501,5567,520
5564,5573,5554,5677,5566,5561,5567,5501,5560,5574,5742,5679
5501,5473,5474,5745,5498,5565,5373,5552,5554,-1,-1,-1
5562,5560,5567,5561,5554,5677,532,529,5694,5573,524,5493
5501,5575,5696,5745,5566,5742,5563,5554,5695,5500,-1,-1
5742,5562,5565,5573,5575,5554,5501,5574,5564,5697,5677,-1
532,5694,5564,5677,5560,537,529,544,5698,5562,524,5561
5297,5259,5222,5153,5372,5307,5258,5113,5405,5223,5125,5076
5571,5600,5570,5601,5503,5507,5756,5699,5504,5764,-1,-1
5569,5591,5592,5600,5504,5503,5764,-1,-1,-1,-1,-1
5569,5577,5507,5699,5601,5503,5600,5820,5754,-1,-1,-1
5521,5595,5537,5607,5523,5593,5594,5676,5516,5458,-1,-1
5562,5574,5677,5679,5566,5742,5678,5564,5698,5554,-1,-1
5742,5678,5573,5823,5697,5566,5679,5575,5818,5562,5822,-1
5742,5565,5695,5696,5697,5566,5574,5501,5534,5870,5745,-1
5448,5525,5616,5583,5584,5617,5447,5627,5582,5439,-1,-1
5820,5507,5571,5699,5430,5769,5419,5772,-1,-1,-1,-1
5669,5638,5667,5579,5668,5631,6228,6130,5686,-1,-1,-1
5549,6228,5669,5578,5548,5550,5631,5547,5753,5580,5725,-1
5630,5629,5548,5489,5631,5674,5628,5579,5488,5484,-1,-1
5355,5327,5551,5379,5328,5403,5314,5360,5354,5514,5382,5312
5448,5732,5615,5624,5438,5439,5584,5576,5583,5700,5456,5522
5447,5448,5576,5439,5525,5423,5479,5582,5616,-1,-1,-1
5617,5615,5576,5448,5614,5582,5616,5688,5700,-1,-1,-1
5315,5099,5380,5384,5381,4989,5353,5032,5314,-1,-1,-1
5450,5421,5460,5517,5385,5451,5422,5466,5337,5359,5499,-1
5588,5487,5442,5590,5502,5399,5441,5397,-1,-1,-1,-1
5441,5587,5502,5442,5496,5377,5304,5481,5590,5399,5487,5504
5645,5591,5502,5644,5504,5590,5643,5701,5592,-1,-1,-1
5701,5645,5487,5587,5502,5589,5538,5588,5490,-1,-1,-1
5592,5589,5570,5504,5643,5644,5726,5502,5764,-1,-1,-1
5591,5726,5764,5570,5643,5600,5673,5504,5589,-1,-1,-1
5475,5595,5516,5642,5477,5559,5572,5537,5451,-1,-1,-1
5607,5676,5606,5521,5609,5522,5572,5608,-1,-1,-1,-1
5607,5642,5657,5593,5572,5559,-1,-1,-1,-1,-1,-1
5633,5599,5553,5545,5634,5663,5543,5652,-1,-1,-1,-1
552,550,5716,5524,5665,5505,548,555,5666,5680,5506,-1
5605,5599,5610,5663,5526,5604,5653,5508,-1,-1,-1,-1
5526,5663,5598,5596,5553,5634,5604,5518,-1,-1,-1,-1
5569,5756,5764,5570,5601,5592,5789,5571,-1,-1,-1,-1
5754,5600,5569,5756,5571,5699,5755,5773,-1,-1,-1,-1
5603,5513,6067,5619,5620,5618,5515,5509,-1,-1,-1,-1
5602,5558,5636,5620,5515,5513,5514,5619,5635,5559,-1,-1
5605,5526,5527,5508,5511,5598,5610,5599,-1,-1,-1,-1
5610,5508,5604,5598,5611,5612,5653,5526,5661,5511,-1,-1
5621,5609,5594,5608,5622,5623,5522,5607,5684,5700,-1,-1
5595,5657,5594,5608,5572,5521,5606,5642,-1,-1,-1,-1
5607,5683,5606,5684,5657,5621,5685,5594,-1,-1,-1,-1
5522,5606,5700,5624,5622,5594,5676,5732,5621,5615,-1,-1
5605,5653,5611,5661,5598,5508,5648,5663,5604,5664,-1,-1
5610,5612,5605,5648,5661,5508,5618,6067,5653,-1,-1,-1
6067,5611,5509,5508,5510,5618,5513,5605,5648,-1,-1,-1
5753,5633,5545,5550,5714,5652,5546,6228,5725,5542,-1,-1
5617,5690,5637,5688,5625,5584,5616,5709,5615,5689,-1,-1
5700,5624,5584,5688,5582,5448,5732,5614,5609,5622,-1,-1
5617,5576,5626,5627,5525,5584,5625,5614,5448,5666,5583,-1
5614,5616,5625,5584,5576,5626,5637,5688,5690,-1,-1,-1
6067,5648,5646,5612,5602,5619,5611,5513,5509,-1,-1,-1
5649,5620,5646,5602,5618,5647,5650,5603,6067,5648,-1,-1
5603,5619,5636,5635,5602,5647,5649,5558,-1,-1,-1,-1
5606,5684,5623,5757,5622,5608,5739,5609,5802,5683,-1,-1
5700,5623,5609,5689,5606,5621,5688,5776,5624,5615,5739,-1
5739,5622,5776,5621,5689,5757,5691,5606,5758,5700,5684,5692
5732,5700,5615,5522,5609,5582,5456,5622,5688,5676,5438,-1
5706,5617,5731,5637,5614,5626,5707,5616,-1,-1,-1,-1
5616,5666,5731,5730,5627,5625,5617,5706,5693,5702,5525,-1
5525,5666,5524,5616,5626,5506,5576,5447,5665,-1,-1,-1
5630,5640,5639,5638,5631,5641,5580,5674,-1,-1,-1,-1
5674,5580,5488,5489,5630,5670,5673,5548,5641,-1,-1,-1
5580,5674,5628,5629,5641,5631,5639,5489,5670,5673,-1,-1
5580,5638,5578,5630,5579,5628,5548,-1,-1,-1,-1,-1
558,555,559,5680,554,5675,5656,562,5716,5682,552,-1
5652,5596,5545,5634,5613,5663,5714,5753,5654,-1,-1,-1
5663,5633,5652,5654,5651,5596,5599,5653,5672,-1,-1,-1
5636,5620,5685,5657,5642,5647,5603,-1,-1,-1,-1,-1
5603,5558,5635,5642,5559,5620,5515,-1,-1,-1,-1,-1
5709,5707,5690,5614,5708,5625,5706,5617,5692,5733,5978,-1
5578,5686,5640,5628,5631,5667,5759,-1,-1,-1,-1,-1
5971,5641,5628,5717,5640,5705,5718,5630,5781,-1,-1,-1
5718,5759,5628,5638,5639,5686,5717,5827,6115,-1,-1,-1
5674,5781,5639,5630,5673,5705,5628,5971,5629,-1,-1,-1
5595,5559,5636,5657,5635,5593,5607,-1,-1,-1,-1,-1
5592,5591,5644,5670,5726,5673,5589,5645,-1,-1,-1,-1
5645,5670,5490,5643,5488,5589,5701,5591,5673,-1,-1,-1
5701,5644,5589,5590,5490,5485,5502,5488,5643,-1,-1,-1
5648,5650,5649,5619,5618,5662,5661,5710,-1,-1,-1,-1
5649,5620,5635,5845,5685,5619,5721,5650,-1,-1,-1,-1
5661,5646,5618,5611,5662,5610,5650,5612,5619,5664,5788,-1
5650,5619,5647,5646,5721,5620,5710,5845,-1,-1,-1,-1
5649,5710,5646,5662,5721,5619,5787,5711,5648,5788,5647,-1
5653,5654,5634,5663,5970,5664,5661,-1,-1,-1,-1,-1
5633,5672,5714,5634,5654,5613,5753,5715,5596,5671,-1,-1
5610,5651,5663,5661,5664,5598,5605,5634,5611,-1,-1,-1
5671,5651,5672,5634,5652,5970,5704,5663,5633,-1,-1,-1
5395,5400,5274,5478,5329,5383,5375,5255,5273,-1,-1,-1
562,5675,565,5658,559,569,5632,5681,5682,558,5680,5729
5595,5685,5607,5635,5642,5608,5683,-1,-1,-1,-1,-1
565,5656,569,5729,5681,562,5675,571,5835,5682,559,5728
5536,5870,5660,5800,5533,5768,5535,5873,5770,-1,-1,-1
5769,5659,5770,5771,5533,5433,5768,5536,-1,-1,-1,-1
5648,5610,5664,5653,5611,5662,5788,5605,5646,5651,-1,-1
5788,5650,5648,5646,5661,5710,5711,5664,5687,-1,-1,-1
5634,5599,5653,5598,5651,5596,5610,5633,5654,-1,-1,-1
5788,5661,5687,5653,5651,5970,5662,5610,5648,-1,-1,-1
5716,5666,5597,5693,5524,5680,552,5730,555,5627,550,5682
5665,5627,5626,5730,5693,5524,5597,5716,5731,5616,5680,-1
5668,5686,5760,5578,5638,5746,5669,5759,6130,5804,-1,-1
6130,5667,5669,5746,5752,5578,5725,5760,6228,5806,-1,-1
6228,6130,5668,5578,5725,5579,5753,5550,5667,5806,5752,5549
5674,5644,5673,5629,5488,5643,5490,5630,5726,-1,-1,-1
5704,5672,5654,5703,5939,5970,5715,5712,5713,5652,-1,-1
5715,5671,5652,5654,5939,5714,5806,5703,5634,-1,-1,-1
5674,5781,5726,5670,5643,5641,5629,5592,5720,5705,5630,5644
5629,5673,5630,5670,5641,5781,5580,5488,5628,-1,-1,-1
5656,5682,5632,562,559,5680,5658,5681,565,558,5809,5693
5522,5521,5458,5456,5594,5732,5609,5523,5624,5572,6080,5437
5694,5698,5567,5562,5573,5564,5679,544,532,537,5741,547
5818,5574,5822,5823,5679,5573,5740,5819,5742,5697,5842,-1
5740,5573,5678,5698,5741,5818,5677,5574,5562,5694,5735,5844
5716,5632,5682,5693,555,5665,5675,552,554,558,5809,5597
5658,5682,5809,5835,5729,5675,5747,5656,5728,5702,565,5947
5675,5809,5680,5693,5681,5656,5632,5730,5658,5702,5665,5716
5685,5684,5851,5845,5608,5802,5657,5621,-1,-1,-1,-1
5802,5683,5621,5757,5851,5608,5606,5803,5853,5623,-1,-1
5683,5657,5635,5845,5647,5608,5851,-1,-1,-1,-1,-1
5759,5667,5760,5638,5640,5761,5718,5827,5578,5805,-1,-1
5788,5712,5737,5970,5711,5664,5704,5662,-1,-1,-1,-1
5615,5700,5689,5690,5614,5584,5622,5624,5617,5776,-1,-1
5776,5688,5690,5623,5622,5692,5700,5739,5691,5709,5614,-1
5709,5614,5689,5692,5637,5688,5776,5708,5733,5617,-1,-1
5776,5739,5758,5763,5692,5762,5623,5689,5733,5757,5801,5767
5709,5776,5691,5690,5733,5763,5689,5739,5708,5637,5623,-1
5730,5682,5665,5680,5809,5666,5716,5702,5675,5626,5731,-1
544,5567,5698,537,5677,547,532,5564,5741,529,5560,5679
5535,5536,5575,5696,5870,5534,5697,5742,5565,5449,5873,-1
5565,5534,5575,5500,5745,5695,5535,5501,5742,5552,-1,-1
5742,5823,5873,5870,5575,5695,5574,5678,5536,5566,-1,-1
5694,5741,547,5677,544,5679,5567,537,5740,549,5573,5735
5773,5577,5754,5571,5820,5772,5601,5774,5569,-1,-1,-1
5624,5622,5615,5688,5609,5689,5522,5582,5732,5606,5623,5584
5645,5485,5590,5490,5538,5487,5463,5644,5589,-1,-1,-1
5809,5731,5722,5730,5747,5706,5693,5682,5681,5626,5926,-1
5704,5939,5713,5671,5816,5791,5712,5790,5672,-1,-1,-1
5712,5671,5713,5703,5970,5687,5939,5654,5737,5791,-1,-1
5781,5971,5906,5883,5641,5639,5720,5673,-1,-1,-1,-1
5731,5707,5722,5625,5723,5702,5637,5626,5730,5708,-1,-1
5706,5723,5637,5708,5978,5722,5625,5731,5709,6121,-1,-1
5709,5978,5733,5724,5707,5637,5723,5692,5690,5743,5784,5706
5708,5692,5733,5637,5690,5763,5707,5724,5614,5689,5776,5978
5650,5711,5787,5738,5721,5662,5788,5649,5646,-1,-1,-1
5788,5737,5710,5687,5738,5736,5662,5650,5787,5712,-1,-1
5704,5737,5687,5713,5748,5970,5790,5711,5703,5671,5736,5788
5790,5704,5712,5703,5791,5748,5792,5737,5671,-1,-1,-1
5753,5715,5725,5652,5806,5672,5613,6130,6228,5633,5939,5550
5806,5939,5672,5714,5846,5725,5671,5652,5816,5752,6130,-1
552,5665,5680,555,5597,550,5693,5632,554,5524,5666,5682
5718,5971,5808,6115,5639,5719,5640,5884,5759,5827,-1,-1
5759,6115,5717,5827,5640,5808,5686,5779,5761,5639,-1,-1
5884,5808,5971,5883,5885,5886,5717,5921,6115,-1,-1,-1
5906,5781,5789,5726,6073,5764,5705,5673,5942,5883,-1,-1
5649,5787,5650,5845,5710,5786,5647,-1,-1,-1,-1,-1
5706,5723,5702,5731,5926,5707,5747,6121,5947,5730,5809,5978
6121,5978,5722,5707,5926,5706,5708,5743,5794,-1,-1,-1
5978,5744,5784,5733,5708,5743,5709,6121,5763,5783,-1,-1
6130,5753,6228,5806,5669,5714,5550,5668,5752,5715,5613,5579
5592,5673,5781,5720,5764,5643,5789,5591,5670,-1,-1,-1
5547,5469,5542,5472,5484,5546,5549,5468,5544,-1,-1,-1
575,573,5729,5835,5834,577,571,5947,5966,578,5658,5681
5728,571,5658,5835,573,5681,569,575,565,5834,5656,5947
5693,5731,5702,5666,5809,5626,5682,5665,5706,5722,-1,-1
5706,5702,5730,5626,5722,5625,5707,5809,5666,5693,-1,-1
5624,5456,5582,5438,5522,5676,5615,5440,5609,5439,5700,5458
5709,5763,5708,5784,5724,5692,5691,5978,5767,5637,5690,-1
553,5839,556,6210,551,557,5735,5807,5903,549,560,5844
6210,5741,5740,549,5844,5734,551,5839,547,5807,553,5698
5737,5738,5750,5748,5749,5711,5751,5712,-1,-1,-1,-1
5712,5736,5711,5687,5748,5788,5738,5713,5704,-1,-1,-1
5736,5787,5751,5711,5710,5750,5737,-1,-1,-1,-1,-1
5776,5623,5758,5757,5691,5689,5803,5692,5621,5762,5802,5622
5741,5844,5818,5735,5679,6210,5698,5678,5819,5807,549,547
5698,5740,5735,547,549,5679,544,5694,6210,5844,5677,5818
5574,5575,5697,5566,5573,5565,5823,5678,5695,5562,5696,-1
6121,5785,5978,5744,5724,5794,5723,5782,5708,-1,-1,-1
5782,5724,5743,5783,5784,5785,5813,5978,-1,-1,-1,-1
5563,5565,5552,5500,5696,5474,5501,5534,5575,-1,-1,-1
5804,5752,5760,5668,5880,5811,5667,6130,5805,-1,-1,-1
5702,5947,5835,5809,5722,5681,5926,5682,5925,-1,-1,-1
5790,5737,5736,5713,5712,5749,5832,5792,-1,-1,-1,-1
5750,5874,5832,5736,5748,5778,5790,-1,-1,-1,-1,-1
5777,5749,5751,5736,5738,5778,5829,-1,-1,-1,-1,-1
5829,5787,5738,5750,5777,5786,5888,5736,5853,-1,-1,-1
6130,5806,5880,5746,5668,5846,5725,5669,5715,5811,-1,-1
5725,5613,6228,5550,5714,5669,5546,6130,5806,5652,5549,5579
5773,5601,5755,5699,5775,5774,5756,5772,5871,5797,5571,-1
5871,5754,5756,5797,5775,5601,5872,5876,5773,-1,-1,-1
5789,5600,5755,5872,5601,5764,5871,5754,6073,5569,-1,-1
5739,5802,5623,5684,5758,5803,5621,5776,5691,5851,5853,-1
5739,5803,5691,5801,5762,5757,5776,5802,5623,5852,5763,-1
5686,5718,5827,5761,5640,6115,5760,5638,5717,5667,5779,-1
5804,5805,5667,5686,5761,5746,5759,5668,5811,5810,-1,-1
5805,5827,5759,5760,5780,5686,5828,5804,5718,5779,5810,-1
5691,5801,5763,5758,5767,5766,5739,5803,5916,-1,-1,-1
5733,5691,5762,5767,5784,5692,5709,5776,5758,5724,-1,-1
5592,5600,5789,5726,5756,5720,5570,6073,5569,5591,-1,-1
5118,5119,5263,5262,5026,5120,5354,5219,5316,5032,-1,-1
5938,5801,5762,5889,5916,5767,5952,5900,-1,-1,-1,-1
5916,5784,5763,5762,5766,5783,5938,5733,5691,6028,-1,-1
5770,5800,5833,5659,5854,5855,5660,-1,-1,-1,-1,-1
5433,5771,5820,5660,5430,5577,5770,5772,5533,-1,-1,-1
5771,5833,5768,5660,5821,5769,5964,5659,5855,5772,-1,-1
5770,5769,5820,5772,5821,5660,5833,-1,-1,-1,-1,-1
5773,5820,5774,5771,5821,5699,5577,5769,5798,5754,5770,-1
5754,5774,5772,5699,5775,5799,5601,5820,5755,5798,5821,-1
5773,5798,5799,5772,5775,5821,5754,6008,6029,5964,5699,-1
5799,5773,5797,5754,5774,5755,5796,5871,5798,-1,-1,-1
5739,5689,5691,5623,5692,5690,5758,5622,5757,5763,5709,5688
5888,5750,5829,5778,5910,5751,5909,5852,5889,-1,-1,-1
5909,5874,5777,5749,5913,5750,5910,6036,5888,-1,-1,-1
5827,5826,6115,5780,5856,5718,5808,5761,5759,5929,-1,-1
5779,5828,5827,5826,5761,5825,5824,5805,6115,-1,-1,-1
5673,5705,5726,5720,5641,5906,5674,5639,-1,-1,-1,-1
5813,5744,5793,5785,5812,5783,5898,5743,6028,-1,-1,-1
5813,5784,6028,5744,5916,5767,5782,5898,5724,-1,-1,-1
5724,5733,5767,5783,5763,5744,5916,5708,-1,-1,-1,-1
5743,5793,5782,5795,5744,5794,6121,5863,-1,-1,-1,-1
5787,5853,5851,5829,5751,5845,5721,5802,-1,-1,-1,-1
5738,5786,5710,5751,5721,5650,5829,5711,-1,-1,-1,-1
5662,5687,5664,5711,5737,5710,5661,5970,5650,5712,5648,-1
6073,5756,5764,5720,5872,5875,5906,5600,5726,-1,-1,-1
5792,5713,5748,5832,5791,5893,5712,5815,5703,5749,-1,-1
5792,5703,5790,5713,5814,5815,5816,5704,-1,-1,-1,-1
5790,5893,5815,5791,5832,5713,5836,5912,5748,5894,-1,-1
5863,5785,5899,5812,5782,5795,5895,5864,5813,6005,-1,-1
6121,5862,5743,5925,5785,5795,5926,6040,5723,5978,-1,-1
5863,5862,5861,5793,5864,5785,5794,5899,-1,-1,-1,-1
5994,5799,6025,5797,5775,6029,5933,6023,-1,-1,-1,-1
5871,5876,5775,5796,5755,5933,5799,5994,5872,5754,-1,-1
6008,5774,5799,5964,6029,5821,5975,6095,5772,5773,5775,-1
5774,6029,5798,5775,5796,6008,6025,5773,5797,-1,-1,-1
5873,5870,5768,5854,5659,5830,5536,5823,-1,-1,-1,-1
5852,5758,5762,5803,5889,5766,5888,5691,5853,-1,-1,-1
5803,5851,5757,5853,5684,5683,5758,5852,5621,5739,5786,-1
5802,5758,5852,5801,5853,5757,5739,5851,5762,5684,5829,5889
5805,5811,5760,5746,5810,5761,5880,5858,5828,5667,5857,-1
5804,5761,5810,5760,5828,5811,5780,5746,5860,5686,-1,-1
5715,6130,5725,5752,5846,5714,5753,5939,5669,5668,5672,6228
5903,5839,5869,5844,6210,5817,5734,557,561,5735,560,5868
5884,6115,5717,5719,5856,5921,5718,5779,5971,5885,5827,-1
5682,5702,5693,5730,5681,5747,5675,5731,5680,5722,5835,-1
5805,5804,5858,5811,5860,5828,5859,5824,5760,5761,5857,-1
5804,5857,5880,5810,5858,5746,5805,5881,5760,5752,5847,-1
5897,5895,5813,5793,5899,5898,5782,5863,5896,6004,5927,-1
5782,5898,6028,5812,5783,5901,5897,5744,5793,5916,-1,-1
5838,5816,5837,5791,5847,5815,5882,5891,-1,-1,-1,-1
5792,5838,5836,580,5893,5814,5791,582,5891,584,5790,5894
5939,5814,5703,5847,5846,5791,5715,5837,-1,-1,-1,-1
5868,5819,5869,5807,5844,5843,6007,5903,564,5818,563,5842
5678,5740,5819,5844,5822,5679,5817,5823,5574,5842,5741,5735
5817,5822,5842,5818,5843,5844,5678,5868,5807,5740,6007,-1
5577,5769,5772,5771,5699,5430,5773,5571,5433,5507,-1,-1
5964,5771,5772,5770,5798,5833,5774,6008,5773,-1,-1,-1
5842,5823,5678,5819,5818,5830,5873,5843,5831,5574,-1,-1
5873,5822,5678,5697,5830,5574,5742,5842,5870,5818,5800,-1
5860,5825,5828,5865,5878,5780,5867,5810,5859,-1,-1,-1
5824,5866,5826,5865,5867,6030,5780,5828,5860,-1,-1,-1
5779,5866,5780,5929,5825,5856,5827,5992,6115,-1,-1,-1
5759,5779,5718,6115,5761,5780,5686,5826,5640,5808,5856,5717
5824,5805,5780,5810,5860,5761,5825,5804,-1,-1,-1,-1
5751,5888,5853,5852,5777,5786,5787,5889,5750,5803,-1,-1
5873,5842,5831,5822,5854,5800,5823,5870,-1,-1,-1,-1
5841,5842,5830,5854,5840,5843,566,5908,6007,5822,5855,-1
5790,5912,5792,5893,5749,5874,5748,-1,-1,-1,-1,-1
5770,5855,5964,5917,5768,5821,5974,5771,5975,5854,-1,-1
5728,6040,575,5966,5947,577,5835,5925,578,573,5729,5848
5728,5729,5947,5747,5681,5834,573,575,5658,571,5925,5809
580,5894,584,5919,5893,5815,582,5792,5912,5915,5838,5914
5882,5847,5881,5857,5814,5838,5891,5890,585,5816,5880,582
5891,582,5882,5815,5814,5837,580,585,5836,584,5890,587
5734,557,5903,556,6210,5807,553,560,5869,551,5735,561
5908,5841,5974,5855,5831,5854,5907,570,566,6039,5917,-1
566,5831,5908,5840,5843,6007,570,568,5842,5854,6039,564
5822,5843,5831,5819,5830,5841,5823,6007,5817,5818,5854,566
6007,5842,5841,5819,566,5868,5831,5817,564,568,5822,567
5740,5807,5818,6210,5817,5735,5819,5839,5869,5741,5734,5903
5851,5683,5721,5685,5647,5786,5649,-1,-1,-1,-1,-1
5715,5806,5847,5752,5880,5816,5939,6130,-1,-1,-1,-1
5837,5880,5846,5857,5816,5814,5881,5811,-1,-1,-1,-1
5850,6040,5966,5862,5861,583,5849,578,588,5925,5834,577
590,5850,588,5965,5861,594,5848,583,5864,597,5995,5862
5849,5848,588,583,5861,590,5966,5965,5862,578,6040,594
5802,5683,5853,5845,5684,5786,5803,5757,5685,-1,-1,-1
5888,5803,5801,5853,5889,5829,5802,5758,5777,5910,-1,-1
5802,5852,5829,5851,5803,5786,5888,5751,5684,5801,5757,-1
5855,5831,5800,5830,5840,5768,5841,5873,5842,5833,-1,-1
5854,5833,5974,5840,5917,5768,5964,5770,5907,5831,-1,-1
5779,5921,5928,5884,6115,5808,5826,5929,5827,-1,-1,-1
5811,5881,5837,5880,5847,5858,5882,5804,5810,-1,-1,-1
5810,5859,5881,5957,5811,5857,5860,5804,5890,5887,-1,-1
5887,5860,5957,5878,5858,5989,5988,5810,5824,5881,5865,6002
5859,5824,5810,5878,5828,5865,5858,5887,5805,5825,5957,-1
5849,5850,5848,5864,5862,5965,5795,590,588,5863,594,6040
6040,5848,5794,5925,5861,5795,5850,5966,5849,-1,-1,-1
5864,5899,5793,6005,5795,5995,5861,5965,5927,5895,5812,5785
5863,5965,5995,6005,5861,5795,5849,594,5899,597,5793,590
5878,5824,5867,5877,5879,5825,5860,610,6002,6030,5859,-1
5992,6030,5826,5929,5825,5999,5867,612,5990,-1,-1,-1
6030,5877,610,5865,614,612,5825,5879,5866,5999,619,5824
564,6007,567,5817,5869,563,5843,568,561,5807,5819,566
5903,561,563,5807,5868,5817,560,567,5839,564,5844,557
5536,5873,5659,5697,5800,5695,5535,5823,5830,5533,5575,-1
5876,5755,5797,5872,5904,5756,5775,5754,5875,5943,5933,-1
5871,5875,5904,5789,6073,5756,5876,5755,5797,-1,-1,-1
5870,5823,5800,5830,5697,5822,5659,5854,5536,5695,-1,-1
5912,5911,5778,5749,5913,5832,5909,5915,5920,-1,-1,-1
5904,6073,5942,5872,5905,5906,5789,5876,5943,5886,5871,-1
5871,5904,5943,5797,5933,5872,5875,5755,5946,-1,-1,-1
5879,610,5867,619,5865,614,5996,6001,5878,6002,6030,612
5865,5887,6002,5859,5860,5879,5988,5824,5877,606,5989,-1
5877,6001,6002,610,5996,619,5865,5878,611,5867,618,606
5752,5811,5857,5847,5746,5846,5804,5806,5837,-1,-1,-1
5890,5882,5857,5957,5837,5858,589,5891,585,593,5811,5859
5891,5890,5837,585,5881,5838,589,582,593,5857,5814,5957
5906,5971,5886,5942,5719,5705,6073,5720,-1,-1,-1,-1
5808,5921,5885,5719,5856,6115,5940,5928,5717,5886,-1,-1
5884,5921,5977,5941,5886,5940,5719,5808,-1,-1,-1,-1
5941,5942,5883,5885,5719,5905,5906,5875,5977,5884,5971,-1
5988,5859,5989,5878,5957,6002,600,606,604,596,5860,593
5777,5889,5852,5829,5910,5952,5751,5801,5853,5778,5909,-1
5888,5952,5852,5801,5766,5910,5938,5829,5777,5803,-1,-1
589,5882,593,5881,5957,585,5891,596,5989,5837,582,5858
585,582,5882,5838,580,589,5890,5837,587,584,5815,5881
5918,5919,584,5932,587,5914,6018,592,595,580,5836,5894
5792,5836,5912,5894,5815,5832,580,5790,5915,5919,584,-1
5915,5919,5836,5912,5893,5914,584,580,5911,5931,5892,5815
5899,5897,5927,6004,5812,6005,6239,5898,5793,5896,5863,5951
5897,5951,5954,5898,5902,5901,6004,5895,5936,5812,5935,6012
5895,5896,5898,6004,5812,5951,5899,5813,5927,5901,5954,5950
5813,5897,5901,5896,6028,5812,5902,5895,5782,5900,5783,6004
5895,5863,6005,5927,5793,5812,5897,5864,6004,5995,6079,5795
5938,6028,5901,5934,5916,5953,5902,5952,5898,5766,6013,-1
5902,5898,6028,5900,5934,5896,5936,5813,5954,5897,5916,-1
5901,5936,5954,5934,5896,5935,5937,5898,5900,5951,6028,5956
560,5839,561,5869,5807,557,556,563,5734,6210,5817,553
5875,5876,5943,5905,5872,5871,6073,5942,5945,5946,-1,-1
5875,5941,5904,5942,5944,5943,5945,5886,-1,-1,-1,-1
5883,6073,5720,5942,5705,5781,5875,5789,5971,5886,-1,-1
5974,6039,5923,5908,5924,5922,5840,572,570,5917,574,576
570,6039,5840,5841,566,5907,572,5974,5923,568,5831,574
5913,6036,5910,5778,6035,5874,5777,5952,5920,6013,5888,5911
5909,5888,5952,5777,6036,5889,5778,5913,5953,5852,-1,-1
5920,5915,5912,5913,5931,5874,5894,6035,6074,5914,5909,-1
5915,5894,5911,5893,5874,5832,5836,5792,5931,5919,5920,5913
5909,5920,5911,6035,5874,6036,5778,5910,5931,6013,5912,-1
5919,5915,5931,5930,5894,5932,5892,584,5836,5911,5912,6017
5894,5931,5911,5912,5914,5919,5920,5893,5836,5930,5874,6074
5938,5767,5900,6028,5783,5766,5784,5813,5953,5901,5762,-1
5974,5975,5964,5855,5833,5922,5907,6008,5840,-1,-1,-1
595,592,6018,5892,587,601,584,6043,5932,6019,5919,-1
584,5894,5914,5836,5892,580,5915,587,5893,582,5932,5918
6035,5911,5931,6074,5913,5915,5955,5930,5874,5909,6013,6036
5884,5940,5928,5856,5885,5808,5963,5977,5719,5962,-1,-1
5975,5924,6095,6127,5907,5917,5974,5973,5923,6008,5964,576
6039,576,5924,574,5907,572,570,579,5908,5922,5974,6127
5923,576,6127,5922,579,5907,6039,574,581,572,5974,5973
6040,5947,5926,5862,5834,5794,6121,5966,5848,5835,5747,-1
5925,5723,5947,6121,5722,5747,5794,5978,6040,5702,-1,-1
5895,6239,6005,5899,6079,6004,5995,5897,5863,6062,5950,6014
5921,5991,5963,5940,5929,5856,5884,5990,5962,-1,-1,-1
5991,5866,5992,5928,5826,5990,5856,5999,5779,5998,-1,-1
5931,6017,6027,5914,5932,6074,5915,5920,6011,6052,-1,-1
5915,5920,5930,6074,5911,5914,5894,6035,5912,6027,5919,5913
6017,5892,5930,5914,6051,6018,5918,5919,6019,6044,5931,-1
5994,5946,5967,5876,5797,5993,5943,5796,5871,-1,-1,-1
5937,5902,5900,5953,5936,6013,5901,5938,5955,6028,5954,-1
5987,5954,5936,5956,6012,5902,6010,5951,5986,5937,5896,-1
5902,5937,5935,5956,5954,5934,5901,5955,6013,5987,5896,6011
5955,5936,6013,5934,5956,5902,6011,6035,5935,5953,6074,-1
5900,5952,5916,5766,5953,5889,5767,6028,5934,-1,-1,-1
5715,5703,5816,5672,5671,5846,5806,5704,5714,-1,-1,-1
5921,5962,5977,5963,5928,5885,5884,5961,5991,-1,-1,-1
5886,5977,5944,5905,5885,5942,5961,-1,-1,-1,-1,-1
5875,5886,5906,6073,5883,5905,5941,5904,5720,-1,-1,-1
5904,5946,5876,5945,5905,5933,5875,5967,5871,-1,-1,-1
5941,5945,5961,5977,5948,5905,5959,-1,-1,-1,-1,-1
5946,5944,5943,5948,5949,5905,5967,5904,-1,-1,-1,-1
5967,5943,5945,5949,5933,5993,5876,5969,5904,-1,-1,-1
5835,5925,5747,5834,5926,6040,5728,5722,5729,5681,-1,-1
5959,5960,5958,5961,5945,5944,5949,-1,-1,-1,-1,-1
5967,5946,5960,5968,5945,5948,5969,-1,-1,-1,-1,-1
6046,6004,5951,6239,6014,6012,6101,6047,5927,5895,5897,-1
5896,5954,6012,5950,6004,5897,5935,6046,5902,5895,-1,-1
5938,5889,5953,5910,6036,5766,5888,5909,5900,6013,-1,-1
5938,5952,6013,5900,5934,6036,5937,5916,5910,-1,-1,-1
5935,5902,5951,5896,5936,6012,5987,5901,5956,5897,5934,-1
5937,6011,6035,6074,6013,5956,5920,5936,6027,5934,-1,-1
6011,5936,5935,5937,5986,5955,5987,5954,6027,6074,5902,-1
5989,5890,5859,5881,5887,593,5858,596,589,5988,600,5882
5959,6038,5960,5984,6088,5948,6058,6003,5961,6069,-1,-1
5958,5961,6003,6088,5948,6038,5962,5960,5944,5984,-1,-1
5958,5968,6058,5984,5949,5948,5959,6038,-1,-1,-1,-1
5959,5977,5962,5944,5948,6003,5958,5941,5940,6088,-1,-1
5940,6003,5963,5961,5977,6081,5959,5928,5921,-1,-1,-1
5991,5962,5928,6081,5940,6000,5921,5990,6003,-1,-1,-1
5975,6008,5917,5798,5821,5833,6095,5770,5774,5855,5974,5922
594,5849,5864,590,5995,597,5861,5850,588,599,6005,5863
578,6040,577,5848,5834,583,575,5850,5925,5862,5728,-1
5946,5993,5969,5949,5933,5994,5943,5945,5968,6024,-1,-1
5983,6058,5960,5969,5949,5981,5984,5982,6031,5967,-1,-1
5967,5983,5993,5968,6031,6024,5949,5946,-1,-1,-1,-1
5704,5687,5671,5651,5654,5712,5664,5788,-1,-1,-1,-1
5883,5717,5705,5639,5719,5906,5808,5641,5886,-1,-1,-1
5976,6127,5973,586,5979,581,5980,579,591,6106,6026,-1
6095,6127,5972,6026,5980,5922,5975,5924,5979,6008,579,581
5907,5917,5840,5855,5922,5908,5975,6039,5923,5924,5833,5964
6008,5922,5917,5964,6095,5974,5798,5973,6029,5833,-1,-1
591,586,5979,5972,6106,581,598,6105,5980,602,6127,579
5941,5961,5940,5885,5962,5944,5921,5886,-1,-1,-1,-1
5723,5708,6121,5724,5743,5707,5733,5744,5926,5794,5722,5709
5976,6105,5980,6106,5972,6078,591,586,6077,5973,-1,-1
5979,6026,6023,6078,5972,5973,6024,6105,5976,6025,-1,-1
6058,6071,5983,5982,5985,6070,5968,5984,-1,-1,-1,-1
5983,6071,6031,6075,5981,6048,5968,6070,-1,-1,-1,-1
5968,5982,6031,5969,5981,6058,6071,6024,-1,-1,-1,-1
6058,6038,5958,6069,5960,5985,6088,5968,5981,6104,5959,6072
6058,6072,6069,5984,6070,5981,6068,6038,6071,-1,-1,-1
6034,6052,6011,5987,5956,6027,6009,5935,6050,-1,-1,-1
5935,6010,6009,5986,5956,6012,5954,6034,5936,6061,6011,-1
606,604,5887,600,5989,6002,596,5878,5957,611,5859,593
596,600,5957,5988,5887,593,604,589,5890,5859,606,6002
5991,5998,5997,5992,6000,5929,5999,6006,621,616,5963,5928
5990,5963,5928,5929,6000,5997,5992,5998,5940,6081,-1,-1
5999,5866,5990,5998,6030,5929,616,612,621,5991,5997,5826
5994,5967,6024,6023,5969,5933,6025,5946,6031,-1,-1,-1
6025,5993,6023,5796,5933,5967,6024,6026,6029,5797,-1,-1
599,597,6005,5965,5864,6079,594,5863,603,5927,5899,590
619,6001,6037,623,627,618,629,5879,610,5877,611,634
6006,6000,5990,5998,6016,621,5991,630,6015,632,5992,616
621,616,5999,5990,5997,5992,6006,612,630,6000,5991,6030
616,612,5992,6030,5998,621,614,5866,5990,5867,5929,610
5997,5991,6015,6081,5990,5963,6016,6006,5998,-1,-1,-1
618,611,5996,5879,623,6002,619,5877,629,606,6037,610
606,5988,5879,611,5878,6001,5887,604,618,5877,5865,600
5959,6081,6088,5962,5961,6020,5958,5963,6015,6038,-1,-1
5895,5897,5950,5951,5927,6239,5896,5899,5812,6014,5898,6046
5995,5899,5863,5927,5864,6079,599,5895,5965,597,6239,5793
5997,630,621,632,5998,6016,616,5990,6000,6022,639,5999
564,568,5843,566,5868,5841,567,5817,5842,570,5831,5819
5798,5975,6095,5964,6029,5799,5917,5922,6026,5821,5774,5973
6034,6010,5987,6061,6033,6032,5986,6050,6047,6052,-1,-1
6061,6012,6009,5987,6047,5935,6032,6046,-1,-1,-1,-1
6027,5956,5955,6074,5986,5937,6052,5930,6035,5987,5936,6017
6010,5951,5954,5935,6047,5987,5950,6046,6061,5896,-1,-1
5937,6035,5953,6036,5955,5934,5936,5913,5920,5909,5900,5952
6101,6239,6062,6046,5950,6066,6082,6079,6004,6099,5927,-1
6081,6016,6020,6000,6021,5997,6022,6003,-1,-1,-1,-1
5997,6006,6015,6022,632,6000,6021,639,630,-1,-1,-1
6044,6027,5930,6052,5932,6051,6041,6050,6074,5914,6011,-1
5918,6019,6043,5932,5892,6051,595,601,592,587,6042,-1
6051,6043,6045,6042,6018,6041,5932,6057,5918,6044,-1,-1
6015,6088,6104,6081,6003,6021,6054,6038,-1,-1,-1,-1
6055,6015,6022,6053,6054,6016,6020,-1,-1,-1,-1,-1
639,6053,645,6016,632,6021,649,6006,6064,6015,6055,630
6025,6024,5994,5993,6026,5980,6078,6029,5796,-1,-1,-1
6023,6078,6031,5993,5969,5980,5994,5967,5983,-1,-1,-1
5994,6023,6029,6026,5796,5799,5993,5980,6095,-1,-1,-1
6025,5980,6095,5973,6023,6029,6008,5994,5972,-1,-1,-1
6011,6052,6017,5930,6074,5986,6044,5955,5956,6034,5931,-1
5813,5901,5900,5916,5898,5783,5938,5782,5902,5934,5767,-1
6025,5799,6008,6026,5798,6095,5796,5994,5975,5774,6023,-1
5867,5999,612,5866,5992,614,5825,616,610,5877,5865,5998
5983,6024,5982,6078,6048,5969,6105,5968,5993,-1,-1,-1
6061,6060,6033,6059,6009,6089,6010,6083,6047,6034,-1,-1
6034,6050,6032,6059,6009,6049,6061,6060,6052,6086,6041,-1
6050,6009,6052,5986,6033,6044,5987,6049,6027,6032,-1,-1
5920,5955,6013,5913,6036,6074,5937,5909,5911,5931,6011,-1
5909,6013,5953,6035,5910,5913,5952,5778,5920,-1,-1,-1
629,627,634,5996,623,637,638,619,618,6001,611,610
6088,5984,6069,6104,5958,5959,5960,6058,6020,5985,6003,-1
572,5923,570,5907,5908,574,576,5924,5974,5840,566,5841
5966,5925,5848,5834,5862,5947,578,577,5850,575,583,5794
6044,6045,6050,6090,6049,6051,6052,6019,6091,6017,6033,-1
6019,6125,6045,6057,6043,6056,613,6090,6123,607,6051,6018
607,6019,601,6042,6018,6057,613,5918,595,6045,6125,6051
6041,6052,6017,6050,6051,6034,6027,6045,5932,6049,6019,-1
6041,6019,6042,6090,6051,6056,6044,6043,6125,6113,-1,-1
5950,6047,6082,6101,6014,6012,5951,6239,6010,6004,-1,-1
6061,6046,6010,6082,6012,6089,5950,6032,6009,6101,6100,-1
6105,6077,5982,6075,6031,6078,6076,-1,-1,-1,-1,-1
6091,6050,6086,6090,6033,6059,6041,6034,6044,6113,-1,-1
6034,6044,6041,6052,6033,6049,6009,6090,5986,6017,6059,6051
6019,6044,6017,5932,6045,6041,6018,6052,6042,6050,6043,-1
6044,6034,6027,6050,5986,6017,6011,6041,6033,6051,5930,6009
6064,6022,6055,649,645,6319,6021,639,653,-1,-1,-1
6055,6104,6133,6021,6131,6020,-1,-1,-1,-1,-1,-1
6319,6054,6053,6021,6133,6064,6063,6022,-1,-1,-1,-1
6113,6125,6123,6090,6042,6045,6149,6091,6057,-1,-1,-1
613,6125,620,6042,607,6043,626,6097,6123,6019,6056,601
5984,5981,5968,5960,5985,5983,5958,6038,6069,-1,-1,-1
6086,6060,6033,6032,6049,6085,6091,6084,6050,-1,-1,-1
6083,6059,6032,6084,6085,6089,6138,6086,6061,6033,-1,-1
6032,6010,6047,6009,6089,6033,6060,6012,5987,6082,-1,-1
6079,6066,603,609,6014,6239,6065,599,615,6101,5927,622
731,732,6135,6319,6132,733,735,734,739,6096,742,6133
653,6053,6319,6096,649,645,6055,657,6063,6022,639,-1
622,615,6066,6103,6114,609,625,6062,6118,6098,6099,603
6065,6062,6101,6103,6014,6099,615,622,609,6114,603,6239
5513,5612,5618,5509,5602,5404,5611,5515,5510,5619,-1,-1
6072,6070,6162,6128,6144,5985,6175,6069,-1,-1,-1,-1
6038,6072,6104,5984,5985,6131,6058,6088,5958,6068,-1,-1
6071,6068,6162,5985,5981,6087,6072,5982,6075,-1,-1,-1
6070,5982,6075,5981,6087,6162,5983,5985,6107,-1,-1,-1
6068,6069,6144,6131,5985,6070,6128,5984,6104,6134,-1,-1
5789,5875,5906,5942,5720,5872,5904,5883,5756,5764,-1,-1
5920,6011,5955,5931,6027,5930,6035,5911,5956,6017,5937,5915
6071,6107,5982,6076,6048,6087,6201,6077,6186,6070,-1,-1
608,6126,6077,605,6186,6107,6075,6048,602,617,6105,-1
602,6105,605,6076,6106,6048,608,6126,598,5979,6078,6075
6105,6024,5979,6031,5980,6048,6023,6077,6106,-1,-1,-1
599,6062,5927,5995,6005,603,6239,597,609,6014,5899,-1
5457,5458,5437,5523,5466,5499,5521,5456,5436,5676,5537,5440
6003,6015,5963,6000,5962,6020,6088,5991,-1,-1,-1,-1
6100,6101,6046,6047,6089,6099,6014,6061,6117,-1,-1,-1
6138,6060,6102,6089,6084,6032,6100,6108,6111,-1,-1,-1
6138,6083,6060,6093,6108,6085,6059,6109,6111,6102,-1,-1
6086,6084,6093,6059,6094,6060,6092,6091,-1,-1,-1,-1
6091,6085,6059,6049,6092,6113,6090,6060,6033,6094,-1,-1
6162,6071,6201,6107,6075,6174,6070,6175,-1,-1,-1,-1
6038,6003,5959,5958,6020,6104,5984,6081,6069,5961,-1,-1
6083,6061,6100,6047,6082,6032,6060,6102,6138,-1,-1,-1
6091,6041,6045,6113,6056,6049,6086,6042,6050,6092,-1,-1
6086,6113,6090,6049,6092,6059,6056,6085,6041,6149,-1,-1
6091,6113,6158,6086,6094,6085,6149,6139,6090,-1,-1,-1
6109,6084,6094,6110,6108,6085,6152,6138,-1,-1,-1,-1
6093,6158,6092,6110,6157,6085,6086,-1,-1,-1,-1,-1
6008,5973,5975,6026,6029,5922,6127,5798,5964,6025,-1,-1
6064,6146,653,6063,6319,6132,657,731,732,735,739,742
626,631,620,6125,6123,636,6122,6124,6057,613,642,-1
6114,641,6118,643,6116,6103,635,644,622,625,6065,6119
6101,6103,6117,6100,6066,6082,6116,6065,6014,-1,-1,-1
6082,6117,6102,6099,6089,6101,6083,6120,6047,-1,-1,-1
6014,6082,6099,6066,6046,6100,6062,5950,6239,6103,6047,6065
6138,6100,6083,6120,6117,6111,6089,6084,-1,-1,-1,-1
6114,6065,6116,6098,6099,622,6066,6118,615,625,6117,6101
6038,6054,6069,6088,6020,6131,5984,6072,-1,-1,-1,-1
6077,6078,6106,5979,6048,602,5976,5980,605,6031,6076,598
5976,598,602,6105,591,6077,5979,605,586,5972,6078,-1
6201,6186,6076,6075,6087,6200,6126,608,6174,6284,617,624
6109,6138,6111,6084,6093,6112,6152,6083,6110,-1,-1,-1
6152,6108,6093,6110,6112,6181,6198,6084,6197,6111,-1,-1
6109,6093,6152,6197,6157,6094,6198,6108,-1,-1,-1,-1
6138,6137,6120,6108,6102,6112,6219,6083,6084,6153,6109,-1
6181,6153,6109,6108,6137,6111,6152,6151,-1,-1,-1,-1
6091,6056,6090,6149,6092,6086,6123,6158,6049,6045,6139,-1
622,6118,6098,625,6103,6065,635,615,628,641,6116,6066
5808,5718,5779,5827,5717,5856,5884,5759,5719,5780,5640,5826
6098,6119,644,6103,6117,643,6099,647,6114,641,6118,6219
6119,6100,6120,6099,6116,6102,6219,6103,644,6082,-1,-1
635,6114,625,6098,641,628,622,643,6103,6065,615,6116
644,6219,647,6116,6120,6117,650,643,6218,6098,6137,6192
6219,6119,6111,6117,6137,6102,6138,647,650,6192,6116,6100
5723,5794,5743,5978,5926,5925,5785,5724,5722,5707,-1,-1
6123,6171,6124,6140,6097,6149,6139,6125,-1,-1,-1,-1
6125,6122,6149,6056,6097,6113,6171,6057,6042,6139,-1,-1
642,636,6140,648,6122,6194,6097,631,652,626,6171,-1
6123,6057,6042,6056,6097,620,613,626,6122,6043,6045,6149
608,617,605,6186,6076,602,624,6077,6107,6200,-1,-1
579,5924,5973,5972,581,5922,576,586,6095,5923,5976,-1
6175,6199,6162,6068,6144,6184,6143,6188,6174,6072,-1,-1
680,6155,675,6136,684,6160,6156,690,6176,668,6205,6178
5725,5668,5752,5806,5669,6228,5753,5746,5714,5578,5846,5715
6072,6069,6134,6104,6054,6133,6144,-1,-1,-1,-1,-1
742,744,739,746,735,748,732,731,733,6147,750,734
6055,6134,6063,6319,6135,6054,6131,731,-1,-1,-1,-1
6143,6135,6144,6133,6131,6142,6168,6199,734,738,731,6063
731,734,733,732,736,737,738,6142,735,6063,740,739
6205,684,6156,690,6154,6129,6155,680,696,701,6177,702
6153,6111,6219,6192,6120,6112,650,6119,6180,6218,-1,-1
6083,6111,6108,6084,6102,6060,6120,6093,6089,-1,-1,-1
6171,6158,6149,6170,6122,6141,6092,6157,6172,6113,6123,-1
6124,6194,6171,6141,6122,6173,648,642,6280,-1,-1,-1
6172,6171,6140,6173,6169,6170,6139,6206,6204,-1,-1,-1
741,743,740,738,745,737,6135,747,736,6168,749,6163
6168,6199,6134,6144,6142,6135,6128,6163,6166,741,743,738
6143,6072,6128,6134,6068,6199,6131,6168,-1,-1,-1,-1
764,765,766,767,762,768,769,760,6159,770,758,6179
6161,6096,6148,657,663,6132,6150,6147,653,668,748,746
750,754,748,758,762,752,764,760,746,756,765,766
6147,764,6145,765,6161,762,766,6146,760,758,767,6132
6139,6113,6123,6171,6158,6056,6122,6092,6125,6091,6170,-1
668,6161,663,6160,675,6146,6178,6148,657,-1,-1,-1
6181,6153,6183,6182,6223,6180,6214,6112,-1,-1,-1,-1
6109,6198,6181,6110,6197,6112,6214,6108,6212,6093,-1,-1
6180,6137,6192,6151,6112,6193,6223,6181,6219,6111,-1,-1
6205,697,702,6156,701,6136,6238,696,690,6234,704,6177
6129,6176,6177,6156,6160,6136,6178,680,675,684,6225,6234
6154,6177,6234,6136,6238,6155,697,6205,702,6129,6224,6176
6233,6110,6158,6094,6170,6197,6139,6172,-1,-1,-1,-1
6139,6092,6094,6170,6157,6149,6171,6113,-1,-1,-1,-1
771,772,770,773,769,774,768,775,767,766,6145,763
675,6150,668,6178,6161,6129,6155,680,6176,663,6148,-1
6150,6148,6146,6160,6178,668,663,6145,675,6147,657,764
6175,6087,6128,6068,6070,6174,6188,6071,6201,-1,-1,-1
751,755,757,753,749,745,747,759,761,6168,743,6164
757,763,761,6165,759,6256,775,755,6163,774,753,773
6164,775,6159,763,6191,774,761,773,6190,772,759,771
6168,6185,6256,6167,6199,6184,6163,6143,6164,6187,-1,-1
6185,6189,6317,6222,6256,6187,6166,6196,6291,-1,-1,-1
6143,6166,6199,6163,6142,745,743,749,751,747,741,753
6206,6172,6204,6141,6203,6202,6173,6287,6281,6208,-1,-1
6139,6172,6158,6171,6141,6157,6233,6204,6149,-1,-1,-1
6139,6122,6141,6140,6170,6149,6158,6123,6172,6124,-1,-1
6204,6170,6141,6169,6233,6272,6171,6203,6157,6139,6208,-1
6287,6280,6206,6141,6194,6140,6169,6296,6295,6281,-1,-1
6201,6188,6175,6284,6162,6241,6087,6107,6200,6196,6275,6184
6188,6128,6162,6174,6184,6196,6199,6241,6087,6068,6201,-1
6177,6155,6179,6178,6225,6160,6156,6145,6224,6191,6129,6234
6156,6234,6176,6225,6224,6155,6238,6136,6179,6154,6235,6227
6176,6160,6161,6179,6145,6148,6155,6150,764,765,766,762
6145,6176,6225,6191,6159,6178,765,764,766,767,768,769
6223,6193,6153,6192,660,6151,664,6283,6218,6183,6137,-1
6214,6198,6152,6151,6112,6109,6182,6153,6212,-1,-1,-1
6214,6183,6254,6211,6151,6181,6264,6249,6198,-1,-1,-1
6264,6223,6182,6151,6283,6254,6288,6180,6265,6214,-1,-1
6185,6175,6199,6188,6196,6128,6166,6187,6168,6174,-1,-1
6187,6196,6184,6167,6166,6189,6188,6199,6195,6256,-1,-1
617,6126,6107,6200,624,608,6076,6201,633,605,6284,6075
6189,6185,6196,6195,6220,6167,6291,6222,6184,6188,6241,6240
6175,6196,6241,6174,6184,6185,6284,6195,6128,6162,6187,6201
6187,6222,6291,6220,6167,6221,6185,6195,6317,661,665,6196
6317,6165,6164,6277,6256,6278,6226,-1,-1,-1,-1,-1
6165,6179,6225,6227,6226,6159,6145,775,774,773,772,771
6193,6218,6219,650,6137,6153,6180,654,660,647,6120,6119
660,6192,6180,6218,654,664,650,6153,6223,6219,647,-1
652,648,6280,655,6140,6173,6124,642,6295,6287,659,-1
6240,6220,6187,6196,6241,656,651,658,6275,6189,6188,646
6188,6187,6185,6195,6241,6184,6175,6240,6220,6189,6174,6167
6213,6198,6110,6152,6212,6233,6157,6272,6109,-1,-1,-1
6212,6152,6214,6181,6197,6213,6211,6110,6109,6182,-1,-1
6143,6168,6128,6184,6166,6144,6175,6185,6142,6134,-1,-1
6284,633,624,6186,6201,6107,640,617,6275,6174,6126,646
6107,6174,6284,6200,6087,6186,6241,6162,6275,6188,6075,6175
6260,6206,6281,6203,6207,6282,676,6169,672,6287,679,670
6208,6207,6202,6204,6169,6209,6260,6272,6206,6216,6172,-1
6172,6272,6208,6203,6169,6233,6216,6170,6213,6141,6202,-1
690,696,6154,701,6136,702,684,6156,697,6238,6129,-1
6287,6169,6281,6202,6173,6296,6280,6203,672,6260,6141,6282
6260,6203,6215,6202,6209,679,676,6208,6282,6261,6262,-1
6272,6203,6216,6204,6209,6229,6207,6213,6233,6169,6172,-1
6208,6215,6229,6216,6207,6203,6217,6272,6276,-1,-1,-1
5735,5734,5839,5807,5844,551,553,556,5740,5903,549,557
6249,6212,6214,6182,6255,6247,6254,6245,6198,6231,-1,-1
6198,6255,6213,6211,6214,6197,6152,6181,6216,6247,-1,-1
6272,6197,6216,6212,6255,6233,6208,6198,6229,6204,-1,-1
6182,6198,6181,6211,6212,6151,6152,6254,6183,-1,-1,-1
6262,6276,6261,6207,6209,679,6217,6267,685,6260,-1,-1
6229,6208,6272,6255,6213,6209,6247,6204,6203,6212,6217,6233
6229,6276,6230,6231,6247,6209,6232,6215,6262,6216,-1,-1
654,650,647,6192,6193,6219,660,644,6119,643,6180,6137
650,6119,647,6192,6120,6137,6218,644,654,6117,6193,6111
658,6195,661,6291,6189,6187,656,665,6240,651,6196,6222
6286,6291,671,6222,667,674,6278,665,6189,678,6285,6317
6189,6221,6317,6278,6167,6291,6286,6187,6220,671,667,6256
6180,6283,6183,6151,664,6264,6193,6153,669,660,673,-1
6234,6236,6225,6177,6227,6235,6268,6238,6156,6244,6176,6191
6176,6177,6224,6179,6191,6227,6234,6236,6155,6178,-1,-1
6243,6227,6277,6191,6190,6165,6237,6242,-1,-1,-1,-1
6236,6224,6225,6226,6191,6237,6244,6243,6268,6177,-1,-1
5550,5669,5753,5725,5579,5549,6130,5578,5613,5546,5668,5714
6216,6247,6217,6255,6209,6208,6231,6213,6272,-1,-1,-1
6246,6253,6231,6248,6232,6217,6276,6247,-1,-1,-1,-1
6247,6246,6230,6249,6245,6217,6229,6248,6255,6211,6251,-1
6276,6253,6230,6311,6267,6279,6217,6262,6312,-1,-1,-1
6272,6157,6204,6172,6213,6170,6197,6208,6216,-1,-1,-1
6238,6224,6177,6156,6235,697,6154,704,6236,6225,705,6268
6268,706,705,6234,703,6238,6236,6224,704,6244,699,697
6268,6244,6224,6227,6235,6237,699,703,695,6234,6225,706
6244,6242,6243,6236,695,693,6227,6268,699,6226,691,6298
697,6234,704,6235,6154,705,6156,702,6224,6177,706,6205
6014,5927,6079,6062,5950,6004,5895,6046,6101,6005,6066,-1
651,6195,6275,646,6241,656,640,6220,6284,658,6196,6187
6275,6188,6284,6240,6196,6195,6174,646,651,6201,6175,640
691,693,6243,6298,6237,695,688,6244,6315,6277,686,699
6242,6298,6237,6277,6226,691,693,6285,6315,6227,6244,688
6268,699,695,6237,6236,703,693,6242,6235,6227,6243,706
6249,6263,6246,6251,6231,6254,6211,6247,6248,-1,-1,-1
6231,6248,6245,6251,6230,6249,6252,6253,6247,6263,6258,-1
6231,6255,6229,6249,6211,6217,6216,6245,6246,6230,6212,-1
6246,6252,6250,6253,6230,6251,6258,6312,6231,6245,-1,-1
6245,6211,6247,6231,6254,6246,6255,6263,6182,-1,-1,-1
6312,6252,6271,6248,6253,6259,6300,6304,6311,6299,-1,-1
6258,6246,6245,6263,6252,6248,6274,6257,6231,-1,-1,-1
6258,6250,6248,6257,6259,6251,6246,6274,6271,6253,-1,-1
6312,6311,6230,6248,6250,6232,6300,6246,6271,6279,6252,-1
6182,6263,6264,6249,6265,6245,6183,6211,6214,-1,-1,-1
6247,6216,6212,6229,6213,6211,6249,6272,6231,-1,-1,-1
6164,6317,6167,6166,6163,6190,757,759,755,761,6165,763
6258,6273,6252,6269,6259,6274,6289,6251,6301,6270,-1,-1
6257,6251,6252,6274,6273,6263,6248,6259,6301,6246,-1,-1
6304,6270,6252,6257,6250,6271,6269,6258,6299,721,719,722
676,6282,6202,6207,679,672,6281,6203,6206,6215,670,-1
6262,685,6266,6215,689,679,6267,6276,694,6207,6302,-1
6261,6276,6267,6215,6266,685,6232,679,689,6217,6207,6279
6265,6245,6251,6274,6254,6258,6297,6249,6246,6264,-1,-1
6183,6288,6265,6283,6254,6223,6182,6297,6263,677,6310,-1
6263,6297,6264,6288,6254,6274,6310,6183,6301,-1,-1,-1
689,694,685,6302,6267,6261,6305,6262,700,6279,679,6303
6262,6266,6279,6276,6261,6302,6232,685,689,6215,6303,694
703,6244,699,6236,6235,706,695,6237,6224,705,6227,6234
6270,6289,6292,6257,6273,6259,718,719,717,6294,6293,6304
719,6304,721,6269,718,6259,722,717,6292,6257,6299,-1
6299,6312,6250,6308,6304,6300,6259,723,722,725,6318,6253
6208,6213,6216,6204,6233,6203,6172,6255,6197,6209,6229,-1
6289,6257,6301,6269,6290,6274,6258,6294,6292,6307,-1,-1
6258,6301,6263,6297,6251,6273,6257,6265,6252,6307,-1,-1
646,6284,6240,640,6241,651,633,6200,6195,6201,6174,656
6262,6232,6215,6217,6267,6261,6230,6209,6279,-1,-1,-1
6243,6285,6298,6278,6226,6190,6315,6242,6317,6286,6237,-1
6317,6286,6285,6222,6277,6221,6190,678,674,6315,-1,-1
6311,6303,6302,6267,6313,6232,6266,6276,6300,6253,6262,-1
6295,6287,6194,655,6296,6173,659,652,662,6206,666,648
672,670,6287,6206,6202,6282,6296,676,6260,666,6280,6295
676,672,6260,6281,670,6202,679,6207,6206,6296,-1,-1
673,6223,669,677,6264,6288,6183,664,681,6180,-1,-1
6275,6200,6201,6241,6174,640,633,646,6240,6188,6107,624
6315,678,6277,6286,6278,6298,682,674,6243,686,6221,688
674,6221,678,671,6285,6278,667,6222,682,6315,6291,6277
6206,6296,6280,6281,6173,6295,666,662,670,6202,6169,6194
6310,681,6264,677,6265,6297,683,6283,673,687,6183,-1
6294,6292,6273,6269,6290,711,709,712,6293,6257,6301,717
6294,709,6289,6301,707,6307,698,6273,711,692,712,6292
665,6221,6189,661,667,6220,6222,671,658,6187,6286,674
6293,717,6289,6294,6269,716,712,718,730,728,711,6270
716,728,6292,717,730,712,6294,711,718,6289,709,6269
711,6289,709,712,6292,6290,6293,716,707,6273,728,717
659,662,6280,6296,655,666,6287,652,6194,6173,670,6281
666,6287,6295,662,670,6280,6281,659,6206,672,655,6173
6310,6265,6301,6307,6274,6288,683,687,6263,681,692,6264
6315,6242,6243,688,691,6285,6277,686,682,693,678,6237
723,6308,722,6304,6271,725,726,721,6300,6318,6259,6312
6312,6318,6308,6311,6313,6271,6316,6299,726,725,727,6250
6307,6273,6297,6274,6290,6310,6289,6257,692,6258,687,698
6303,6266,6305,6279,6267,6309,694,689,6314,6313,6306,700
6302,6314,6313,6309,6279,6316,6305,6311,6267,715,720,724
722,6299,6270,721,6259,6271,723,719,6308,725,6250,6269
700,694,6302,6306,6309,708,6266,689,710,6303,714,-1
710,6309,714,708,713,6305,715,700,6302,6314,6303,-1
692,687,6301,6310,698,6297,6290,683,707,681,6273,6274
725,6299,6318,726,6300,6271,723,727,6312,722,6304,6316
6306,6303,6314,6305,715,714,6302,710,720,713,708,724
683,687,6297,681,6288,6307,692,677,6265,6301,698,6264
6312,6279,6253,6300,6313,6232,6303,6318,6250,6267,6271,-1
6300,6250,6253,6311,6271,6308,6248,6313,6318,6299,6232,-1
6303,6316,6318,6300,6311,6314,6279,727,724,6312,6308,729
720,724,6316,6303,6309,715,6313,729,714,6318,6302,727
682,686,6298,6285,678,688,691,6277,6242,6286,6243,674
729,6318,724,727,6314,6313,720,726,6303,6300,6308,715
6222,6278,6256,6190,6167,6189,6164,6221,6277,-1,-1,-1
727,6316,6308,6300,726,6313,729,725,724,6299,6314,6312
6064,6055,6063,6096,6053,6133,653,6135,-1,-1,-1,-1
