2,1,9593,9546,9256,3,5,9525,9314,6,4,9226
0,2,9546,3,5,9256,9593,4,9226,9314,9223,9
0,9546,3,9593,9525,1,6,9256,9314,5,10,8795
2,0,9546,6,9525,9593,10,8795,1,12,9256,9314
5,1,0,2,9546,3,6,9,9223,9225,8,9226
1,0,2,9546,3,6,4,9256,9223,9226,9,9593
3,9546,2,0,1,10,8795,9525,12,9593,8666,8796
8,9,4,5,1,0,2,9546,3,6,10,11
9,7,4,5,1,0,2,9546,3,6,10,9225
4,8,5,7,1,0,2,9546,3,6,10,9225
6,3,9546,2,0,1,5,4,12,8795,14,8666
7,8,9,4,5,1,0,2,9546,3,6,10
10,6,3,9546,2,0,1,5,4,9,8,7
11,7,8,9,4,5,1,0,9593,2,9546,3
12,10,6,3,9546,2,9593,0,9256,1,5,4
13,11,7,8,9225,9,9223,4,5,9256,1,0
15,13,9209,11,9323,7,8,9225,9,9223,4,5
14,12,8795,10,6,9525,3,9546,2,9593,0,9256
16,15,13,9209,11,9323,7,9224,8,9225,9,9223
17,14,8666,12,8795,10,6,9525,3,9546,2,9593
18,16,15,9065,13,9209,11,9323,7,9224,8,9225
20,18,16,15,9065,13,9209,11,9066,9323,7,9224
19,17,8666,14,12,8796,8795,10,6,9525,3,9546
20,21,18,16,15,9065,13,9209,11,9066,9323,7
21,18,20,16,9068,23,15,9065,13,9209,11,9066
23,20,21,24,18,16,9068,15,9065,13,9209,11
19,17,22,14,8560,8666,12,10,8796,8795,6,9525
25,23,20,9508,21,24,18,9210,16,9068,15,9065
22,19,8560,17,8666,14,8796,12,8795,10,9315,9525
26,19,17,22,14,8560,8666,12,10,8796,8795,6
29,26,19,28,17,22,14,8560,8666,12,10,8796
27,25,9538,23,9508,20,21,24,18,9210,16,9068
28,22,19,8560,8559,17,8666,14,8796,8650,12,8795
29,26,30,32,19,28,17,22,14,8560,8666,8559
30,29,33,26,32,19,28,17,22,8429,14,8560
31,9519,27,9538,25,23,9509,9508,20,21,9208,24
32,28,8429,22,19,8560,8559,17,8666,14,8650,8796
34,7771,30,7770,33,29,26,32,19,28,17,8429
37,34,7771,30,7770,29,33,26,36,32,19,28
7770,7771,33,30,34,29,37,26,38,36,32,28
35,31,9539,9519,27,9538,25,23,9509,9508,20,21
36,32,8417,28,19,8429,22,17,8560,8559,14,8666
38,37,34,7771,30,39,7770,29,33,26,41,36
40,35,31,9539,9519,27,9538,25,23,9509,9508,20
45,41,36,32,8417,28,8429,19,8619,22,8560,17
41,36,32,8417,28,8429,19,22,17,8560,8559,14
36,8417,32,44,8429,28,8619,45,41,19,22,8560
42,38,49,37,34,7771,30,39,7770,29,33,26
49,47,42,38,37,34,7771,30,39,7770,29,33
47,42,38,37,34,7771,30,7770,39,29,33,26
43,40,35,9471,31,9539,9519,27,9253,9538,25,23
48,47,49,42,38,37,34,7771,30,39,7770,29
44,46,45,41,36,8417,32,28,8429,8619,19,22
41,45,44,52,46,36,32,8417,28,8429,19,8619
49,48,51,47,42,38,7769,37,7725,34,7771,30
39,7725,33,7771,7770,34,30,29,7769,37,26,38
52,46,44,36,8417,45,8460,32,41,8429,8619,28
9476,50,43,9472,40,35,9471,31,9426,9539,9519,27
59,53,7791,41,45,44,52,56,46,55,8093,33
53,7791,41,45,44,52,55,33,26,39,56,7564
54,49,48,51,47,42,7792,38,7769,37,7725,34
58,53,7791,59,41,45,44,52,56,46,8093,36
7563,55,7564,39,7725,33,7771,7770,7769,34,30,29
57,9534,9476,50,9473,43,9472,40,9424,35,9471,9426
59,58,61,53,7791,62,41,55,7563,45,7872,39
60,8137,54,49,7470,48,51,7742,47,42,7792,38
63,57,9534,9476,50,9473,43,9472,40,9424,35,9471
66,63,57,9534,9476,50,9473,43,9472,40,9424,35
64,59,7065,58,62,7096,61,55,7563,53,7149,7791
62,7563,55,68,7565,7564,39,64,7725,33,7724,7770
65,6891,60,8137,54,49,7470,48,7743,51,7742,47
68,69,64,62,7428,59,7065,7563,55,58,7564,7565
67,66,63,57,9440,9534,9476,50,9473,9425,43,9472
71,69,68,7428,62,7563,64,55,7565,7564,7065,59
72,9871,67,66,9536,63,9440,57,9534,9476,50,9425
6668,70,65,6891,60,7585,8137,54,7470,49,7743,48
9354,74,72,9871,67,9786,9536,66,9569,63,9440,9534
75,6777,6668,70,6667,6891,65,7082,60,7585,8137,54
76,9502,9354,74,9488,9871,72,9786,67,9536,9561,66
6427,77,6777,75,6668,6320,70,6667,6891,65,7082,7081
78,76,9502,74,9354,72,9488,9871,67,9318,9786,66
78,9502,76,9274,9354,74,9488,9871,9318,72,9786,67
80,81,78,76,9502,74,9354,9274,72,9488,9871,67
81,78,9181,9502,76,9274,9354,74,9488,9318,9871,72
80,82,85,83,81,78,76,9181,9502,74,9354,9274
82,80,83,81,78,76,9181,9502,74,9354,9274,72
79,6319,6427,77,6011,6010,6777,75,6320,6668,6667,70
85,82,9812,84,80,83,9273,81,78,9181,76,9502
85,9812,82,87,84,80,83,9273,81,78,9181,76
9273,83,9180,81,9181,78,9179,9502,76,9274,9354,9317
84,9812,9765,82,80,85,88,91,87,89,9273,83
87,88,9765,85,9812,82,84,80,89,9273,83,81
86,6319,79,6426,6427,6010,6011,77,6777,5878,75,6320
91,88,9765,87,85,9936,94,9812,82,90,84,80
87,91,88,9765,85,9812,82,89,9273,83,84,90
89,9180,9273,83,8982,81,9181,78,9179,9502,9274,9178
97,94,87,9669,91,95,89,93,9273,83,88,9180
94,95,89,9273,83,87,9669,9180,91,81,93,9181
9936,90,9766,9765,9812,84,88,85,82,93,80,9669
96,94,97,9669,87,91,93,88,9766,95,89,9765
6725,92,5858,86,6426,6319,79,5749,6427,6010,6011,77
95,9282,89,9180,8982,9273,97,83,96,9181,81,9179
97,96,101,95,99,89,9282,9643,94,9273,83,9180
9811,98,9766,9936,9764,90,9765,9812,93,88,9668,9669
101,102,95,9282,97,89,9336,96,9180,9273,83,8982
5857,100,6725,92,5748,5858,5746,86,6426,6319,5749,79
103,98,9811,9936,9766,90,9764,9765,9812,84,93,88
104,102,101,8981,9336,97,95,96,9282,99,89,8911
106,98,103,90,9811,9936,84,9812,9766,9765,9764,80
106,103,98,9881,9811,108,90,9936,9766,9764,9765,9812
105,5622,5857,100,5748,6725,5858,92,5746,5716,6426,86
108,109,106,103,98,90,9881,9811,9936,84,9766,9812
111,108,109,106,103,98,9881,9811,90,9936,9766,84
109,9935,106,112,108,103,111,9881,98,9811,9936,90
110,5098,5622,105,5857,6741,5748,100,6725,5858,5716,5746
111,112,108,113,109,106,9935,103,98,9881,90,9811
10011,112,115,111,113,108,10002,109,9935,106,103,9881
115,111,10011,112,116,108,113,10002,109,106,9935,103
116,10011,113,112,10002,111,115,109,108,9935,117,106
118,113,116,10002,10011,112,9935,109,10120,111,106,108
5078,114,5098,110,5281,5622,105,6741,5652,5653,5857,5748
117,10048,115,111,10011,116,112,118,108,119,113,10002
121,9678,117,10048,115,9651,111,116,10011,112,118,108
120,5078,5079,114,5098,5281,110,5151,5622,5652,5653,6741
125,126,122,121,9677,9678,117,9653,10048,115,9651,111
126,122,121,9677,9678,117,9653,10048,115,9651,111,116
122,121,9678,117,9653,10048,115,9651,111,116,10011,112
123,4878,120,5079,5078,5147,114,5281,5151,5098,5145,110
124,125,126,9726,122,9677,121,9678,117,9653,10048,115
128,9916,124,125,9915,126,9726,122,9690,9677,121,9679
127,4450,123,4879,4878,120,5079,5147,5078,114,5151,5145
4450,130,127,4879,123,4878,4838,5147,5079,120,5078,5145
129,128,10015,124,9916,125,9929,126,9915,9715,9726,122
131,4451,4450,130,4879,127,4838,4878,5147,4839,123,5079
129,10015,128,9916,9929,124,9915,125,9715,126,9726,9690
10355,132,134,129,128,10015,124,9916,125,9929,9915,126
10355,132,135,137,134,129,128,10015,124,9916,125,9929
10355,132,135,134,129,128,10015,124,9916,9929,125,9915
135,132,10355,136,139,137,10019,134,129,128,10015,124
137,136,10355,132,135,134,129,128,10015,124,9916,9718
133,4451,4452,131,4450,4838,4842,130,4879,4839,127,5147
10019,134,10015,129,9718,9929,128,9916,124,9715,9915,125
138,143,135,10337,132,10355,136,144,139,137,141,10019
135,10337,10355,132,136,138,139,137,141,10019,134,129
139,137,136,10355,10337,132,135,143,138,141,10019,134
146,136,10337,10355,144,132,135,143,139,137,138,142
144,136,139,10355,10337,132,137,135,143,138,142,141
142,138,143,135,10337,132,10355,136,145,146,144,139
137,139,144,146,145,141,10019,136,134,10355,10337,132
148,137,139,141,144,10019,134,146,9963,129,145,10015
149,148,141,10019,137,134,139,9963,129,144,10015,128
137,148,139,144,149,146,150,145,136,10355,10337,132
148,151,149,137,150,139,144,146,145,136,141,10019
141,10019,9963,134,10015,150,129,9718,149,9929,9916,128
138,142,147,143,135,10339,10337,132,10355,136,145,146
4403,140,4841,4452,133,4840,4451,4842,131,4450,4838,4839
150,149,148,153,152,141,10019,151,134,137,9963,139
147,142,154,138,143,135,10339,10337,132,10355,136,145
152,151,10139,148,10259,149,137,10124,139,150,144,156
143,10339,10337,135,136,10355,145,132,10416,154,10298,146
153,10017,141,156,10019,10016,9963,150,10124,134,149,9964
162,156,10124,160,150,149,153,10139,148,10017,152,141
160,156,153,150,10017,10124,141,10019,149,10139,9963,10016
155,4841,4731,4403,140,4840,4452,4842,4797,133,5995,4451
157,10418,147,142,10416,154,138,159,143,10354,135,10339
10416,154,10418,138,142,147,159,157,164,143,10354,10339
165,159,10416,154,10354,10418,143,138,10339,142,10337,135
166,159,10354,10339,165,143,10338,10337,10416,154,135,10356
164,10417,157,10440,10418,147,142,165,10416,154,138,166
4674,163,4731,4690,155,4841,4840,4797,4403,140,4842,5995
168,10454,164,10417,157,10440,10418,147,10439,165,10416,142
170,168,164,10454,10417,157,10440,10418,147,10439,142,165
4544,169,4674,4690,163,4731,4797,155,4841,4840,4689,4403
171,170,168,10447,164,10454,10417,157,10440,10418,147,10439
173,10428,171,170,10447,168,10446,164,10454,10417,157,10420
172,4544,169,4611,4674,4690,163,4731,4612,4689,4797,4840
175,4149,172,4544,4537,4611,169,4690,4674,4612,4928,4689
174,10429,173,10428,171,10427,170,10447,168,10446,10336,10454
176,4149,175,4537,4611,4544,172,4928,4612,4690,169,4674
178,4537,4149,176,175,4928,4611,4612,4544,4515,172,4706
177,10380,174,10429,173,10428,10383,171,10427,170,10462,10447
179,4693,178,176,4537,4149,4517,175,4928,4611,4515,4544
180,10359,177,10380,10357,174,10429,10360,10383,10428,173,171
181,3873,179,4693,178,4383,176,4517,4149,4537,175,4529
182,180,10359,177,10380,10335,10357,174,10429,10360,10326,10383
183,181,3873,4516,4693,179,178,4383,176,4517,175,4149
10407,184,10381,182,10379,180,10359,177,10335,10380,10357,174
185,175,183,172,176,169,163,155,181,178,140,4544
187,185,175,183,172,176,169,163,181,178,155,4544
187,188,185,175,183,172,176,169,163,155,181,178
188,187,189,185,183,175,176,172,181,169,3874,178
189,187,188,190,185,175,183,172,176,169,163,155
186,10407,184,10406,10381,182,10358,10379,180,10359,10441,10335
185,3874,183,4516,4087,181,3873,4528,4693,179,4383,178
190,188,3092,187,189,191,193,185,183,175,176,172
191,189,3092,187,188,190,194,193,185,183,175,172
193,3570,185,3941,3874,183,4516,4087,181,3873,4528,179
198,199,194,190,2840,188,3092,187,2842,189,191,195
197,199,194,190,2840,188,3092,187,2842,189,191,195
198,194,197,190,2840,188,3092,187,2842,189,191,195
192,10405,186,10407,184,10390,10406,10381,10358,182,10379,10359
195,191,2842,189,3092,187,2840,188,2940,190,194,199
196,193,3570,185,3941,3874,183,4088,4087,4516,181,3873
204,197,198,199,202,196,194,2940,193,190,3570,2840
197,198,203,199,194,2940,190,2840,188,3092,187,2842
200,10425,10392,192,10405,10393,186,10407,10390,184,10406,10381
203,204,197,2767,198,199,2916,194,2940,202,190,196
202,196,3956,193,3570,208,3941,5638,185,203,3874,206
203,206,204,197,2767,202,198,196,2838,199,193,3956
206,204,2767,203,197,208,198,2838,199,2916,194,2940
201,195,2686,191,2842,189,3092,2840,187,188,2940,190
205,10385,200,10425,10392,192,10393,10405,186,10389,10390,10407
2912,2715,208,203,206,209,204,2767,197,207,198,2838
207,4093,202,208,196,2912,3956,212,203,193,3570,3569
210,2682,201,2686,195,191,2842,2678,189,3092,2840,187
213,3352,207,208,2912,212,4093,202,203,3419,2715,206
2715,212,2516,209,206,2912,203,208,204,2515,2767,197
218,4729,4730,4667,219,5964,5917,5916,220,6657,6231,5402
4667,217,219,4729,5964,220,6657,4730,5203,5917,221,5402
4667,220,218,6657,5964,221,217,4729,5203,5406,5402,4237
219,221,6657,4667,218,5964,5203,4237,5406,4729,217,4238
220,4237,6657,5406,219,4238,5203,4667,4198,5964,218,5403
217,4730,218,5916,4729,5917,4667,6231,219,5306,5964,5009
4237,221,4143,220,4238,4198,5406,6657,4202,219,4266,5203
211,10387,205,10385,10425,200,10386,10392,192,10393,10405,186
223,4143,4237,4198,221,4202,4238,4200,5406,220,4266,6657
215,213,2912,208,212,3352,216,207,203,2715,206,3420
222,5916,4730,4760,217,5009,5306,6231,218,4729,5917,4667
214,3144,210,2475,2682,201,2473,2686,195,2678,2842,191
4143,225,4202,4050,4198,223,4237,4144,4200,4238,221,4142
216,2514,2715,2516,212,209,2912,206,2515,208,203,226
227,4760,5916,5009,222,4730,5306,217,6231,5008,5219,218
226,215,230,212,216,2912,208,3189,213,2715,2514,203
234,5008,5007,235,5009,4760,5219,5036,231,5037,5035,5306
233,235,4760,5009,5008,231,5007,5916,5219,5306,227,5037
4760,234,231,5009,233,5916,227,5008,5306,5219,222,4730
229,4050,4202,4143,225,4142,4144,4198,223,4200,4237,4238
224,10384,211,10387,10345,205,10385,10346,10425,200,10386,10392
228,2474,3144,214,2475,2427,210,2682,2473,201,2476,2686
233,5007,5008,234,5035,5036,235,5009,4760,5049,5037,5219
236,4050,4142,4379,229,4202,4143,4144,225,4453,4198,4199
242,230,232,216,2514,2494,212,226,2715,3353,2516,2912
230,2514,2494,216,232,2516,2715,212,2515,2446,209,2912
241,232,242,230,226,3353,216,212,2514,215,2912,2715
239,5038,5007,5035,233,5049,5036,5008,234,5143,5037,5244
238,228,2474,214,3144,2475,2427,210,2682,2386,2473,201
240,4379,4142,4050,236,4033,4453,229,4202,4144,4402,4143
237,10412,10344,224,10384,10343,211,10345,10387,205,10346,10385
244,5038,5048,239,5049,5007,5035,5291,233,5244,5036,5143
246,4379,4033,240,4142,4453,4050,4402,236,4532,4144,4377
245,238,2683,228,2474,2426,214,3144,2475,2427,210,2682
252,249,4033,253,4379,246,4402,4453,240,4532,4142,4050
251,253,4033,249,4402,4532,4379,246,4453,4533,4377,4142
252,4532,4402,251,4033,4533,249,4441,4379,3936,4453,4504
247,10433,237,10412,10411,224,10344,10384,10341,211,10343,10387
253,4532,252,4441,4402,4533,3936,4033,251,4504,6342,4377
254,247,10433,237,10411,10412,10344,224,10341,10384,10343,211
256,247,254,10433,237,10411,10412,10344,224,10341,10384,10343
255,4532,3936,4441,253,4533,4402,252,3810,6342,4169,4504
248,5048,5038,244,5291,5049,239,5035,5244,5007,5365,5143
250,245,2691,2625,238,2683,228,2474,2426,214,3144,2387
258,3936,4441,255,3810,4532,4169,253,4533,3978,6342,4402
254,256,257,10434,247,10433,237,10411,10412,224,10344,10341
261,3936,3810,258,4441,3978,4169,3758,255,4532,4461,4533
265,262,254,256,257,10434,247,10433,10410,237,10412,10411
262,254,256,257,10434,247,10433,10410,237,10411,10412,224
264,265,262,254,10435,256,257,10434,247,10433,10410,237
260,2228,250,2691,245,2625,238,2683,2425,228,2426,2474
266,264,265,262,254,10435,256,257,10434,247,10433,10410
5095,5096,259,248,5293,5048,5291,5038,244,5365,5347,5049
3811,263,3810,261,3936,3758,258,3978,4441,4169,255,3575
267,2182,260,2228,250,2545,2691,245,2625,2016,238,2683
268,266,264,10457,265,10455,262,254,10435,256,257,10372
270,3759,3811,263,3758,3810,3124,261,3936,3978,258,3520
269,5292,5095,5096,259,5293,5346,248,5048,5347,5291,5365
3757,273,3759,270,3124,3811,3758,263,3810,3520,3141,3978
271,267,2182,2284,260,2228,250,2545,2691,245,2625,2016
274,5292,269,5095,5096,5346,5293,259,5347,5422,5291,5365
272,268,10451,266,10457,264,10456,265,10455,262,10445,10435
3757,275,3124,3759,273,3104,3811,270,3758,3141,3520,3081
276,2181,271,2123,267,2182,2284,260,2228,250,2545,2691
277,5937,274,5292,5346,269,5095,5293,5096,5422,5347,259
279,3104,3757,3124,275,3759,3141,3081,273,3520,3758,3811
280,276,2181,271,2123,267,2182,2284,260,2165,2228,250
3258,2523,2447,2939,3233,2419,2448,2399,3558,2895,3236,2418
5937,281,277,5423,5292,5346,274,5422,5293,5347,269,5424
282,3104,279,3081,3124,3757,3141,275,3759,3143,3142,273
284,3258,288,2939,2523,3233,2447,2895,2419,3558,3094,3236
284,2447,2523,3258,2448,2419,2399,3233,2939,2449,3558,2418
278,10452,272,10451,268,266,10432,10457,264,10456,265,10455
288,2447,2448,284,2399,3022,287,2523,2419,2449,3258,2400
285,5423,5937,281,5422,5346,277,5292,5499,5424,274,5347
286,3104,3081,282,3143,3141,279,3124,2798,3142,3757,275
287,2939,3258,284,2895,3233,288,2523,3094,2447,3093,290
292,3081,286,3104,3143,2798,282,3141,3142,2894,3124,279
2938,293,2939,2895,287,3258,284,2855,3093,3233,3094,2523
294,2798,3081,292,3143,286,2894,3104,2855,3142,3205,3141
296,298,2798,294,299,3143,2855,2894,3081,292,300,3093
297,299,2798,2855,296,300,2894,3143,3093,294,301,2895
298,300,2855,2798,297,301,2895,2894,3093,295,296,3143
299,301,2855,2895,295,298,3093,2938,2939,2798,2894,293
295,300,2895,2938,293,299,2939,2855,3093,287,298,3258
2333,283,280,2093,276,2181,2338,271,2123,2166,267,2182
2524,290,288,2448,3022,2447,284,2400,2399,2449,2421,287
289,10453,278,10452,10431,272,10451,10432,268,266,10457,10456
291,5423,5498,285,5422,5937,281,5346,5499,5906,5424,277
303,2422,2524,290,3022,2083,2448,288,2421,2400,2447,284
304,10463,289,10453,278,10408,10452,10431,272,10422,10451,268
305,5498,6455,291,5423,5422,5906,285,5499,5937,5346,281
302,2141,2333,283,2093,280,276,2338,2181,2018,271,2123
307,304,10463,289,10453,10408,278,10452,10431,10422,272,10451
309,2139,302,2141,2333,283,280,2093,2045,276,2338,2181
310,10463,10404,304,307,10408,10453,289,10431,10452,10422,278
311,309,2139,302,2141,283,2333,280,2093,2045,276,2338
308,5856,305,6455,5498,291,5423,5906,6318,285,5422,5499
306,2420,2422,303,2524,2083,290,3022,288,2448,2064,2421
313,2560,311,309,2139,302,2094,2141,2333,283,2045,2093
312,10404,10402,10463,310,10408,304,307,10453,10401,289,10422
314,308,5855,5856,305,6455,5498,291,6318,5423,285,5906
315,2420,306,2084,2422,303,2524,2083,290,3022,2064,288
316,2560,2140,311,313,309,2139,2094,302,2141,2048,2333
317,10402,10404,312,10463,10408,310,10401,304,307,10453,10422
319,315,2797,306,2420,303,2084,2422,2524,290,1981,288
318,314,5855,308,5856,305,6455,6638,5498,291,285,6318
322,319,315,2797,306,2420,303,290,2422,2524,288,2084
320,2140,2560,316,2062,2094,2139,311,309,313,2048,2141
325,2062,2140,320,2094,2560,2048,2139,316,309,311,2141
321,10365,10402,317,10349,10404,10401,312,10408,10363,10323,10463
324,322,1982,319,315,2797,306,303,2420,290,288,287
5708,323,5804,318,314,6425,5855,308,5856,305,6638,6455
326,2062,2046,325,2048,2140,2094,320,2110,2560,2139,2017
328,324,2513,322,1982,319,315,1846,2797,306,303,293
1532,1765,2129,1730,1764,1534,1900,1998,1732,1766,1899,2234
1533,332,2129,1534,1765,1532,1998,1900,1764,1730,1997,1999
327,10365,10349,321,10402,317,10323,10401,10363,10404,312,10322
330,2046,2063,2062,326,1920,2110,2048,325,2094,2140,2017
329,5708,323,5940,5804,318,6425,5939,314,5855,308,5856
331,1991,328,324,2513,322,1744,1982,319,1846,315,295
333,1533,1534,1501,332,2129,1998,1997,1765,1532,1900,1999
332,1532,1677,1533,333,1765,1730,2129,338,1732,1764,1534
2063,335,2046,1920,330,2110,2062,1868,326,2048,1781,2017
342,7352,8405,7333,343,7020,8210,8124,7330,7019,6843,6844
7352,343,7020,7333,8405,6843,7019,6844,7330,8124,8210,6994
7352,7020,6843,7333,6844,6961,8405,6994,7019,6798,6799,7330
337,1925,331,1991,328,1743,2513,324,1744,322,1982,1724
1501,338,1534,333,1533,1756,1997,2129,332,1998,339,1999
340,1919,2063,1920,335,1868,2046,2110,1781,330,1731,2062
10348,334,327,10225,10365,10349,10323,321,10322,10402,10363,10401
339,1677,1532,1731,332,1533,333,1732,1765,1730,338,1868
343,6843,7352,342,6961,7020,341,6844,6798,6799,7333,6800
345,1501,1756,338,1997,1534,1725,333,1533,1983,2129,332
348,1731,1677,339,1532,1732,1868,332,1730,1765,1533,333
336,5349,5689,329,5708,5940,5690,323,5804,318,5939,6425
1731,351,1868,1677,348,1732,1919,339,354,1532,1781,1920
1919,346,1920,1868,340,2063,1731,1781,335,2110,1732,2046
349,6961,6843,343,7352,6799,342,6800,6798,7020,6844,341
1745,1724,1743,1744,2513,1991,1925,1846,1725,1982,328,324
350,1756,345,1501,1725,1997,1983,338,1534,1724,1846,333
353,1731,1868,1919,354,351,1732,1677,1920,346,348,1781
355,6961,349,6799,6800,6843,343,6798,6707,6191,7352,6844
356,1724,1744,1725,1743,1846,1745,1982,2513,1983,1991,1756
341,8405,342,7352,8210,7333,343,8124,8011,7020,349,7330
359,6800,6961,6799,355,6191,6707,349,6843,6798,6797,6673
344,1923,337,1925,331,1745,1991,328,1743,2513,356,324
360,1724,1725,356,1846,1744,357,1756,1983,1743,1745,1982
364,1725,357,360,1724,1756,1846,350,356,1983,1744,1501
365,357,1725,1756,364,350,1724,360,1501,345,1983,1846
358,354,1919,1868,353,346,1731,1920,351,340,1781,2063
362,6800,6191,359,6799,6707,6961,6673,355,5983,6797,7245
347,10347,10348,334,10225,10203,10349,327,10365,10323,10322,321
1745,356,1743,1735,360,1925,1744,1724,1991,364,1923,2513
368,6191,6800,362,5983,6707,6673,6799,359,6672,7245,6961
371,6191,5983,368,6673,6800,5899,6672,6707,362,7245,6799
352,5070,5349,336,5401,5689,5400,329,5690,5708,5940,323
369,10347,10212,347,10348,10225,10203,334,10205,10322,10349,10323
372,5983,5899,371,6191,6672,6673,368,5984,6800,5688,6707
370,1735,1745,356,1925,1923,1743,360,2472,1991,1744,337
361,7860,8405,341,8210,8011,342,7352,7333,8124,343,8026
375,5899,5983,372,6672,5984,5688,371,6191,6673,6639,5400
378,5899,5688,375,5984,5983,6672,5400,372,5690,5939,6639
363,2472,344,1924,1923,337,1735,1925,376,331,1745,1991
374,10212,10347,369,10203,10205,10225,347,10348,10322,10190,10192
376,1924,1735,370,1745,1923,2472,1925,356,363,1743,344
373,352,5069,5070,5401,5349,336,5398,5689,5400,329,5690
379,5691,378,5398,5688,5899,5400,375,5984,5983,372,5690
380,2004,1736,363,2472,1924,344,1923,382,1735,337,376
7704,377,7859,7860,361,8011,8405,8210,8013,341,342,7352
383,373,4988,352,5069,5070,336,5349,5401,5398,5689,5400
1736,382,1924,2004,2472,1735,376,1923,380,363,385,370
10403,381,10227,10212,374,10347,369,10204,10205,10203,347,10225
387,383,373,4988,352,5069,5070,5026,336,5349,5401,5398
390,387,4953,383,373,4988,352,5069,5070,5026,336,5349
5693,384,5397,5691,5398,379,5026,378,5400,5688,5899,375
385,2031,2004,380,1736,2472,363,388,1924,344,382,1923
391,390,5226,387,4953,383,4989,373,4988,352,5070,5069
388,2031,1736,382,2004,1924,2472,385,380,376,393,1735
386,7858,7704,377,7859,8012,7860,361,8013,8011,8255,8210
392,5397,5399,5693,384,5398,5026,5691,5336,5400,379,5069
389,10436,10403,10227,381,10288,10212,374,10204,10205,10347,369
4989,4991,5336,4953,4990,5226,4988,383,387,390,5026,5399
394,391,4897,390,4990,5226,387,4991,4953,383,399,4989
393,2032,385,2031,1694,2004,380,1736,395,2472,363,388
4991,399,4990,5226,4989,4953,387,4897,390,383,5336,391
4990,402,5226,4897,4991,399,390,5042,391,4953,387,4989
397,5399,5397,5025,392,5026,5336,5693,405,5398,384,399
399,5025,5336,4989,402,4991,5399,4953,4988,5026,403,4990
404,5025,5399,405,5336,397,5397,5026,399,4989,392,5398
403,4897,4990,5042,391,5226,402,394,390,400,4991,387
396,7703,7858,386,8254,7704,8012,377,7859,8256,7860,361
1694,395,2176,2031,2032,388,1736,2004,393,382,385,401
5025,406,405,5336,5399,404,399,4989,5026,402,397,5397
5042,407,400,4897,394,403,391,4990,390,5226,402,4991
400,411,5042,394,407,4897,391,403,4990,390,5226,402
412,400,411,5042,394,407,4897,391,403,4990,390,5226
401,2175,393,2032,2176,385,2031,1694,409,2004,380,395
398,10424,10436,389,10403,10288,10141,10227,381,10204,10333,10212
409,2176,1694,2175,395,2032,2031,401,393,1736,388,414
408,396,7703,8185,7858,386,8254,8253,7704,8012,377,7859
2301,414,401,2175,2039,393,2032,2176,416,385,2031,1694
415,10424,10236,398,10436,10141,10288,389,10403,10333,10140,10227
417,408,7918,396,7703,8185,386,7858,8254,8616,8253,7704
2039,416,2183,2176,409,2175,2301,1694,2032,414,401,395
418,2301,414,2183,2175,401,2039,421,393,2032,2176,416
419,10236,415,10424,10143,398,10141,10436,10288,10140,389,10403
420,7919,417,7920,408,7918,8321,396,7703,8186,8185,386
421,2040,2183,2039,416,2300,2301,2175,2176,418,414,409
424,420,7919,417,7920,408,7918,8321,396,7703,8186,8185
426,424,420,7919,417,7920,408,7918,8321,396,7703,8186
427,426,424,420,7919,417,7920,408,7918,8321,396,7703
422,2300,418,2040,2301,414,2183,425,2175,401,2039,421
423,10237,419,10142,10236,415,10424,10143,10045,10141,398,10436
428,427,426,424,420,7919,417,7920,408,7918,8321,396
2040,425,2193,2183,2300,421,2459,2039,2301,422,418,2175
431,428,427,426,424,7510,420,7919,8102,417,7920,408
429,2459,422,2193,2300,418,2040,432,2301,2183,414,425
430,10235,423,10237,10210,10142,419,10236,10045,10143,415,10424
10210,10045,10035,10142,10235,10143,10046,10237,10036,435,10022,10236
433,431,7136,428,427,426,7510,424,420,7919,8102,417
432,2193,2460,2040,2459,425,2281,2300,2183,429,422,421
435,10235,430,10210,10237,10142,423,436,10045,10236,419,10143
10210,436,439,10235,10045,10142,435,10237,10035,430,10143,423
436,10035,10045,440,10210,10022,10142,10046,10036,10235,10143,439
437,433,431,7136,428,427,7490,426,7510,424,7722,420
434,2281,429,2460,2459,422,2193,438,2300,418,2040,432
439,440,10210,10235,435,436,430,10142,441,10237,10045,423
441,10021,10035,436,10022,10045,440,10036,10210,10046,10005,444
442,437,7120,433,6903,431,7136,428,427,7490,426,7510
1758,438,2460,2193,2281,432,2459,2040,434,425,2300,429
443,1646,434,2281,429,2459,2460,422,1758,447,2193,418
443,1646,434,448,1647,2281,429,2460,1758,2459,447,422
445,441,436,10021,440,10035,444,10210,10045,10006,10022,439
448,449,443,1646,434,2281,1647,429,2460,2459,1758,422
448,451,449,443,1646,434,2281,1647,429,2460,1758,2459
449,452,448,443,1646,451,434,1647,2281,429,1758,2460
447,1647,1758,2460,438,1646,2281,2193,2459,434,443,432
451,448,452,453,449,443,1646,434,2281,1647,429,454
6762,446,442,6845,7120,437,6846,6903,433,7275,431,7136
1660,1646,449,1647,443,453,454,2281,434,1758,452,2460
450,10023,441,445,440,436,444,10021,10210,439,10035,10045
452,453,1659,448,1660,451,449,455,457,443,1646,434
455,451,1659,448,452,459,453,449,1660,443,457,1646
457,1647,1646,454,1660,449,1758,443,2281,447,453,2460
457,1660,461,449,453,1646,459,443,1647,452,454,434
461,454,1647,457,1758,1646,447,462,1660,2460,2281,443
460,455,451,1659,448,452,459,453,449,1660,462,443
462,1499,1660,457,453,459,449,461,1646,452,443,1659
458,10138,450,444,440,10023,441,445,10020,436,439,10210
456,6742,6762,7011,446,6845,442,6866,6846,7120,437,6903
466,10025,458,10138,450,444,440,439,10023,10020,441,436
1897,464,1662,460,455,1661,1659,451,1498,452,459,448
465,1499,1498,462,1660,457,459,453,461,1661,449,452
6686,467,6687,6742,456,6847,7011,6762,446,6845,6866,442
468,466,10025,458,10165,10138,450,444,440,439,9970,10020
1663,469,1897,1662,1377,464,460,1661,455,1356,1498,1659
1356,470,1498,465,1377,1499,462,459,1660,1661,457,461
472,10008,468,10010,466,10025,458,10165,10138,444,450,9970
6428,471,6686,6431,467,6429,6687,6742,6847,456,8541,7011
1376,473,1663,1357,1377,469,1662,1897,1356,478,1661,1498
474,1357,1356,470,1376,1377,1498,465,1499,1663,1661,462
478,1357,1376,1356,474,1377,477,470,1663,1498,473,1661
479,1357,1376,478,477,1356,1377,1663,474,473,1498,470
480,477,1376,479,1357,1663,473,1377,478,1356,469,474
475,10009,472,10008,9917,468,10010,10025,9969,466,10165,458
476,6244,6428,471,6386,6686,6431,467,6429,6430,6687,6847
482,10055,475,10009,472,9917,10008,9700,468,10010,9969,10025
483,6190,476,6244,6428,471,6386,6216,6431,6686,467,6430
484,482,10055,9918,475,10009,472,9917,9700,10008,468,10010
485,5799,483,6190,6244,476,6216,6386,6428,471,6439,6430
486,10056,484,10066,10055,482,9997,9918,475,10009,10144,472
5264,487,5799,485,5815,483,6190,6244,476,6216,6126,6386
489,5798,5264,487,5661,5799,485,5815,483,6190,5816,6244
10067,488,10056,486,10213,10066,484,9997,10055,482,9918,9701
490,5555,489,5798,5661,5264,487,5799,6040,485,5815,6190
491,10044,10067,488,10028,10213,10056,486,9996,10066,484,9997
10170,493,10044,491,10028,10067,10042,488,10213,10056,9996,9955
5117,492,5270,5555,490,6038,489,5798,5661,5662,5264,487
494,10170,493,10029,10044,491,10028,10042,10067,9955,10213,488
495,5118,5117,492,5270,5271,5555,490,5272,6038,489,5662
10038,496,10054,494,10170,10043,493,10029,10044,9986,491,10042
497,4992,5118,495,5126,5117,5271,492,5270,5272,5555,490
498,10038,10047,496,10054,494,10043,10170,10053,493,10029,9986
499,4992,497,5126,5118,495,5117,5153,5271,492,5270,5272
501,4497,499,4992,497,4744,5126,5118,495,5152,5153,5117
500,498,10047,10038,496,10054,10043,494,10053,10170,493,10029
502,4311,501,4497,499,4992,4744,4743,497,5126,5118,495
503,9945,500,498,10047,9947,10038,496,10054,10053,10043,10052
504,4310,502,4311,501,4496,4497,499,4743,4992,4744,497
505,9944,503,9942,9945,500,9947,9946,10047,498,10038,10062
3942,506,4310,504,4711,502,4311,4496,501,4497,4742,499
507,9928,9927,505,9944,9942,503,9945,9943,500,9946,9947
6932,508,3942,4495,506,4711,4310,5280,504,5128,4311,502
9898,509,9928,507,9927,9899,9944,505,9942,9943,503,9945
6674,510,6932,4495,4493,508,3942,5280,4711,506,4494,4310
9919,511,9898,9879,509,9899,9927,9928,507,9876,9943,9942
9877,513,9919,9879,511,9898,9867,9899,9876,509,9807,9927
512,3953,6674,510,4493,4495,6932,5280,508,4494,3942,4711
9878,9877,514,9879,9867,9919,513,9808,9807,9876,511,9899
3906,515,3953,512,4183,6674,4493,510,4495,6932,4494,5280
9869,516,9878,9870,514,9877,9867,9808,9879,513,9919,9807
517,3906,4174,515,3953,4183,4394,512,6674,4493,4457,4494
519,4175,517,3906,4174,515,4366,3953,4183,4394,512,6674
9868,518,9835,9869,516,9809,9870,9878,514,9877,9810,9808
520,523,519,524,4175,4029,525,517,3906,4174,526,4366
524,522,520,525,519,4175,526,517,4029,527,3906,515
523,525,522,526,520,527,519,517,4175,528,4029,515
524,526,527,523,528,522,520,519,517,4175,515,3906
527,525,528,524,523,522,520,519,517,515,4175,3906
526,528,525,524,523,522,520,519,517,515,4175,3906
527,526,525,524,523,522,520,519,517,515,4175,512
9923,521,9868,9835,518,9869,9749,9809,516,9870,9810,9878
528,527,3294,526,525,524,523,522,520,519,4030,517
530,2759,528,527,3294,3105,526,525,3356,524,3582,523
9924,529,9923,9767,521,9868,9835,9749,9740,518,9869,9809
531,530,3175,2759,528,527,3105,3294,526,3356,525,524
532,9924,9854,529,9767,9923,9731,521,9740,9835,9868,9749
9853,534,9854,9685,9924,532,9731,9767,9673,529,9923,9740
533,2760,531,3175,530,2759,528,3105,527,3231,3294,526
9684,535,9853,9685,9854,534,9673,9924,9731,532,9597,9767
3027,536,3177,533,2760,531,3176,3175,530,2759,3019,528
537,9684,9671,535,9685,9853,9673,9597,9854,534,9731,9924
538,3027,536,3177,533,2760,3018,3176,531,3175,3019,530
9686,539,9672,537,9671,9684,9597,535,9685,9259,9673,9853
540,3108,538,3079,3027,3177,536,3018,2760,533,3176,2833
541,9475,9849,9686,9324,539,9672,9671,537,9259,9257,9684
542,2605,540,2862,3108,538,2834,3079,3027,3177,536,2832
544,2450,542,2863,2605,540,2862,3108,538,2834,3079,3027
545,544,2450,542,2605,2863,540,2656,2862,3108,538,3027
546,545,544,2450,542,2605,2863,540,2656,2862,538,3108
547,546,545,544,2450,542,540,2605,2863,538,2656,2862
543,9474,9475,9849,9325,541,9324,9686,9672,9257,539,9079
546,545,547,544,548,2450,542,2863,2605,540,2656,2862
550,545,546,544,2450,547,542,2863,2605,548,540,2656
548,547,546,550,551,545,544,2450,542,2605,540,2863
552,548,547,546,550,551,545,544,2450,542,2434,2605
9623,549,9474,9752,9475,543,9325,9463,9849,9324,541,9079
553,552,548,1750,547,546,550,2243,551,545,2242,544
555,553,1583,552,1749,548,1750,547,546,2244,550,2243
556,555,553,1583,552,1749,548,1750,547,546,2244,550
556,557,555,553,1583,552,1749,548,1750,547,546,2244
555,557,553,556,1583,558,552,1749,548,1750,547,546
554,9464,9623,9752,9474,549,9463,9475,9325,9437,543,9079
558,556,557,559,555,553,1583,552,1749,548,1750,547
561,558,556,557,559,555,1483,553,1583,552,1749,548
562,561,558,1422,556,557,559,555,1483,553,1583,1748
560,9464,9153,9623,554,9463,9752,9474,9437,549,8367,9079
563,562,1387,561,558,1422,556,1423,557,559,1850,555
564,9255,560,9464,9153,8674,9463,9623,554,8367,9437,9752
565,1388,563,562,1387,561,1389,558,1422,556,1423,557
8924,566,9255,8675,564,8674,9153,9464,560,8369,8367,9463
567,1348,565,1388,1311,563,562,1310,1387,561,1389,558
569,1347,567,1348,565,1311,1388,563,1310,562,1387,1312
8726,568,8924,8675,566,8673,9255,8674,564,8369,9153,9464
1200,570,569,1347,1210,567,1348,1270,1311,565,1388,1310
571,8726,8915,568,8675,8924,8673,8706,566,8369,8674,9255
1146,572,1208,1200,570,1210,1347,569,1270,1272,1348,567
573,8727,8915,571,8726,8914,8706,568,8675,8673,8782,8924
574,1209,1208,1146,572,1200,1210,1271,570,1272,1270,1347
8912,575,8727,573,8913,8914,8915,571,8829,8726,8706,8782
576,1209,1442,574,1208,1146,1271,572,1304,1272,1210,1200
577,8991,8912,575,8913,9188,8727,8914,8829,573,8949,8782
1427,578,1209,1442,576,1302,1208,1271,1304,574,1443,1146
579,8991,577,9188,8912,8913,8829,575,8949,8727,8914,8782
580,1413,1427,578,1302,1442,1405,1209,576,1443,1304,1522
9327,581,9326,8991,9188,579,8949,8948,8912,8913,577,8829
582,1207,1413,580,1406,1405,1427,1302,578,1442,1522,1443
583,9213,9327,9326,581,9188,8948,8991,8949,579,8844,8829
1206,584,1207,1406,582,1413,1405,1247,580,1522,1302,1427
585,9213,8842,9326,583,9327,8948,581,8844,9188,8949,8991
586,1206,1219,584,1406,1207,1247,582,1405,1240,1522,1413
587,8842,9213,585,8843,9326,8948,583,8844,8813,9327,8949
1217,588,1218,1219,586,1206,1406,1240,1247,584,1207,1522
9214,589,8814,587,8842,8843,9213,585,8813,8452,8948,8844
1222,590,1218,1217,1932,588,1219,1240,586,1206,1248,1247
591,9214,8814,589,8815,8843,8842,587,8452,9213,8813,8453
1222,592,1249,1932,1218,590,1217,1248,1240,1219,588,1246
593,8950,8855,591,8814,8815,8854,9214,589,8843,8453,8452
1221,594,1249,1222,592,1287,1932,1248,1218,590,1286,1217
595,8855,8716,8950,593,8854,8815,8966,8814,591,9214,8453
8856,8685,597,8716,8855,595,8686,8854,8950,8966,593,8815
596,1221,1287,594,1249,1222,592,1367,1286,1248,1932,590
598,8685,8524,8856,597,8686,8716,8525,8855,595,8966,8854
599,1220,596,1221,1652,1287,594,1249,1367,592,1222,1286
600,8524,8685,598,8525,8896,8686,8856,8716,597,7958,8679
601,2440,1321,599,1622,1220,1652,596,1221,1653,1287,594
602,8488,8524,600,8896,8525,8685,8686,598,7958,8856,8877
603,1621,1416,601,2440,1321,1622,599,1220,1717,1652,1653
8492,604,8488,7957,602,8896,8524,600,8525,7958,8877,8685
1280,605,1281,1416,1621,603,1458,1622,2440,601,1321,1508
606,8489,8492,604,7957,7956,8488,8896,602,8877,8524,7958
608,8489,8316,606,8492,7956,7957,604,7967,8488,8877,8896
1506,607,1281,1280,1457,605,1416,1458,1621,603,1508,1622
1408,610,1506,1729,607,1457,1281,1507,1280,605,1458,1416
8050,609,8048,8316,608,8489,9816,606,7956,7967,8492,7957
611,1408,610,1729,1506,607,1457,1281,1507,1280,605,1416
8049,612,8050,8048,609,8316,7761,9816,608,8489,7762,7967
613,611,1203,1408,610,1729,1506,607,1407,1281,1457,1507
614,7760,8049,612,7356,8048,8050,7761,609,9816,8316,7762
615,1205,613,1203,611,1408,610,1410,1729,1506,1407,607
617,1177,615,1205,613,1409,1203,611,1410,1408,610,1729
616,7634,7336,614,7760,8049,7335,7356,612,8048,8050,7355
619,7354,7634,616,7336,7335,7760,614,8049,7356,7199,7355
618,1204,1177,617,1383,1205,615,1409,613,1203,1449,1410
620,7354,619,7198,7634,616,7336,7335,7199,7760,614,7356
1264,621,1204,618,1383,1177,1365,617,1205,1409,615,1449
622,7201,620,7354,7198,619,7088,7634,7335,7336,616,7199
623,621,1264,1252,1204,618,1177,1383,617,1365,1205,615
625,623,1126,621,1264,1252,618,1204,1251,1177,1383,617
624,7200,622,7201,7087,620,7088,7354,7198,619,7038,7634
626,1106,625,623,1126,1189,621,1264,1252,618,1204,1251
627,7315,624,7200,7087,622,7201,7040,7088,620,7198,7354
628,1105,626,1106,1127,625,1126,623,1189,621,1264,1188
7314,629,7315,7086,627,7087,7200,624,7040,7041,7201,622
630,628,1105,1140,626,1106,1127,625,1141,1189,1126,623
7165,631,7314,7164,629,7086,7315,627,7087,6469,7041,7040
632,1104,630,1102,628,1105,1140,1108,626,1106,1127,1141
633,7164,7165,6998,631,7314,7086,6469,629,7315,7041,6326
6474,635,6998,633,7164,7165,6469,6327,631,7086,7314,6326
634,1098,1104,632,1101,1102,630,1107,1108,1105,628,1140
6424,636,6474,6331,6998,635,6200,6327,7164,633,6469,6277
637,1099,1098,634,1100,1104,1101,632,1223,1102,1107,630
6332,638,6424,6331,636,6200,6474,6998,6327,635,6176,6277
640,6332,6174,6200,638,6424,6331,6176,636,6277,6327,6998
1097,639,1099,1110,637,1100,1224,1098,634,1223,1101,1104
6174,641,6332,640,6176,6200,6331,638,6424,6277,6175,6327
6022,643,6021,641,6174,640,6332,6176,6200,6175,638,6331
642,1318,1097,639,1110,1099,1111,1224,637,1100,1098,1223
1061,645,1318,642,1097,1086,1110,639,1111,1099,1224,1109
644,5797,6022,643,6021,6020,641,6174,640,6332,6176,6175
646,1062,1061,645,1068,1318,642,1086,1097,1110,639,1112
5794,647,5797,644,5796,6022,6020,6021,643,6012,641,6174
649,5794,5793,647,5796,5797,5795,644,6022,6020,6012,6021
648,1066,1062,646,1061,1068,645,1073,1318,1087,1086,642
650,5793,5542,5794,649,5796,5795,647,5797,6012,6020,5930
1060,651,1063,648,1067,1066,1062,646,1072,1073,1061,1068
652,5542,5793,650,5795,5541,5794,5796,649,5930,6012,647
654,5542,5541,652,5793,5795,5133,650,5930,5796,5794,5694
655,5541,5542,5133,654,5795,652,5930,5694,5793,4959,650
653,1060,1069,1063,651,1067,1066,648,1072,1062,1084,1073
656,5133,5541,655,5694,5542,660,654,5930,4959,5795,5793
660,5133,4959,5694,658,5541,656,4916,6837,4205,5930,5695
4959,6837,5694,5133,4205,4916,658,4204,5695,5541,4336,5930
659,658,5133,660,656,5694,5541,4959,655,5930,5542,4916
660,4205,4959,6837,659,4916,4204,661,5694,5133,4186,4336
4205,662,6837,660,4204,4959,4186,659,4916,4336,4233,661
657,1069,1075,1060,653,1063,1067,1090,651,1072,1084,1066
663,4188,4205,662,4186,4204,4024,6837,660,4959,4020,659
1077,664,1080,657,1075,1069,1090,1060,653,1083,1067,1063
665,4187,4188,663,4024,4205,4186,4022,662,4204,4020,6837
667,4187,665,4188,4024,4022,663,4186,3950,4205,4020,3966
666,1077,1080,664,1075,1083,1090,657,1069,1117,1081,1060
668,4324,4187,667,4022,3950,4024,4188,665,3951,4186,3966
669,1076,666,1077,1080,1118,664,1083,1090,1075,1117,657
670,4324,4390,668,3950,4187,4022,667,3952,4024,3951,3773
672,4390,670,4324,4391,3950,3952,668,4187,4022,3773,667
1074,671,1091,669,1076,1118,666,1077,1080,1083,1239,664
661,659,658,660,656,665,662,667,663,5133,668,655
675,661,658,659,656,660,662,5133,655,665,667,663
675,676,667,665,661,659,668,662,663,660,658,670
674,1128,1074,671,1091,1131,1076,669,1118,1156,1239,666
676,675,677,681,661,658,656,659,655,660,5133,662
681,677,675,676,679,667,668,670,672,665,673,663
677,675,668,676,667,672,670,673,665,679,4187,4581
680,677,681,675,676,679,667,668,665,670,672,663
681,680,682,677,672,673,670,668,667,675,4581,4324
683,681,680,673,672,670,682,668,4581,667,4324,4390
679,676,675,677,682,680,681,683,658,656,661,655
4581,673,4580,672,4390,4737,684,4391,670,4324,3952,683
685,679,676,675,677,682,680,681,656,658,683,661
684,683,686,673,681,672,4581,4708,680,670,4390,4580
678,1093,1128,674,1132,1074,1131,1091,671,1156,1076,1118
687,685,679,676,675,677,682,680,4631,681,656,658
688,686,5950,684,673,4708,4581,683,672,4580,4631,681
690,687,685,6796,679,676,5752,675,677,4655,682,680
691,686,688,4708,673,4581,5950,684,4580,672,4737,4390
693,686,4708,691,4581,673,688,4580,4737,4390,5950,684
692,690,687,685,6796,679,676,5752,675,677,4655,682
1092,689,1093,678,1132,1128,1131,674,1155,1156,1074,1091
6423,695,692,690,6421,687,685,6796,679,676,5752,675
697,6423,695,692,690,6421,687,6340,685,6796,679,676
698,697,6423,695,6422,692,690,6421,687,6340,685,6796
696,1092,1133,1093,689,1132,1155,678,1128,1156,1131,1157
699,7374,698,697,6420,6423,695,6422,6352,692,6421,6917
1358,700,1133,1092,696,1158,1225,1132,1093,689,1155,1157
701,6688,699,7374,698,6420,697,6423,695,6422,6352,692
702,1227,1358,700,1158,1225,1133,1092,696,1226,1157,1155
703,6981,701,6688,7374,699,698,6420,6353,697,6423,6352
1235,704,1227,1233,702,1358,1225,1236,1158,700,1226,1133
705,6689,703,6981,6688,701,6472,7374,699,6420,698,6353
707,705,6689,703,6981,701,6688,6472,7374,699,6444,6420
1491,706,1235,1202,704,1233,1227,1236,1234,702,1358,1225
708,7158,707,705,6690,6689,703,6981,6648,701,6472,6688
1174,1173,709,1491,706,1202,1235,1201,704,1233,1234,1236
7410,710,7158,708,7093,707,7412,6690,705,6689,6648,703
1149,711,1173,1174,1183,709,1491,1202,1201,1184,706,1235
712,7092,7411,7410,710,7093,6746,7158,708,7412,707,6690
714,7092,712,7411,7410,710,6746,7093,7158,708,7412,6745
713,1153,1149,711,1161,1173,1174,1183,709,1491,1184,1475
715,7327,714,7094,7092,712,7411,6879,7410,6746,710,7093
1154,716,1152,713,1153,1149,1164,1161,711,1173,1183,1174
717,7326,715,7327,7106,714,7094,7092,7980,712,6879,7411
718,1154,716,1162,1152,713,1164,1153,1161,1149,711,1463
719,7231,7326,717,6930,715,7106,7327,714,7094,7980,7092
720,1163,718,1154,1162,716,1152,1164,1176,713,1153,1161
721,719,7231,717,7326,6930,715,7106,7327,6929,714,7094
723,6934,721,6931,719,7231,717,6930,7326,715,7106,7327
722,1167,720,1163,1166,718,1154,1162,716,1152,1176,1164
725,722,1167,720,1163,1165,718,1166,1154,1162,1175,716
724,6935,723,6934,721,6931,719,7231,6685,717,6930,7326
729,726,725,722,720,1167,718,1163,1154,1165,716,1166
726,725,722,720,718,1167,1163,1154,716,1165,1166,1162
728,729,726,731,725,722,720,1167,718,1163,1165,1154
729,728,726,725,722,720,718,1167,1163,1154,716,1165
731,729,728,730,726,725,722,720,718,1186,1167,1163
730,728,726,729,725,722,731,1186,1167,720,732,1163
732,731,729,728,730,726,725,722,720,718,1186,1167
733,726,1185,730,728,725,1186,722,729,1167,720,731
734,732,731,729,728,730,733,726,1185,725,722,720
736,734,732,731,729,728,730,733,726,1185,725,722
737,736,734,732,731,729,728,730,733,735,726,1185
738,737,740,736,734,732,731,729,728,730,733,735
737,738,736,734,732,731,729,728,730,733,735,726
727,6947,6697,724,6935,723,6934,6562,721,6931,6561,719
736,734,739,732,738,731,737,729,740,728,730,733
740,737,738,739,742,736,734,732,731,729,728,730
743,740,737,738,739,742,736,734,732,731,729,728
744,743,740,737,738,739,742,736,734,732,731,729
739,742,738,736,737,740,734,743,732,744,731,1419
746,742,739,736,1170,738,734,737,732,740,731,1419
745,744,743,740,1103,737,738,739,746,747,742,736
741,6698,727,6697,6947,6522,724,6935,6562,723,6523,6934
748,745,1070,744,1078,743,1079,740,1103,737,1120,738
1078,1070,1071,744,1079,745,748,743,750,740,1103,737
750,748,1071,1070,745,751,744,1078,743,1079,740,1103
751,1078,1079,1096,754,1070,743,1071,744,1103,740,745
1071,751,1064,1070,748,750,753,1078,745,744,752,1079
752,750,1064,748,1071,754,1070,745,751,744,1078,753
753,1096,1079,1078,751,1103,1120,743,740,754,1070,1121
1064,754,1071,750,752,748,751,1070,755,745,753,1078
749,6521,6698,6520,741,6522,6697,727,6947,6374,6523,6935
757,1064,1065,752,755,750,754,1071,748,751,1070,745
756,1119,1096,753,1121,1079,1120,1103,1078,751,1116,1300
1065,759,755,752,757,1064,750,754,1071,748,751,1070
6699,758,6521,6520,749,6698,7100,6522,6374,741,6697,6947
760,1119,1129,1121,1096,756,1120,1300,753,1116,1079,1103
762,6699,6375,758,6520,6521,7100,749,6374,6338,6522,6698
764,762,6699,758,6375,6520,6521,749,7100,6374,6522,6698
1545,763,1129,1119,760,1299,1121,1300,1096,756,1120,1116
765,764,762,758,6699,749,6521,6375,6520,7100,6698,741
767,765,762,764,758,7098,6699,749,6521,6375,6520,741
766,1147,1545,763,1129,1299,1119,760,1314,1121,1300,1370
768,7479,767,765,7675,758,762,764,7868,749,7098,6699
7479,768,7506,767,7675,765,7868,764,762,7098,758,6699
7804,770,771,768,7479,767,7506,765,7675,758,762,764
770,7804,772,771,768,7479,767,7506,765,7675,762,758
1125,769,1182,766,1147,1148,1545,763,1129,1299,1314,760
772,7804,770,773,771,768,7479,767,7506,765,7675,758
772,7804,775,770,773,771,768,7479,767,7506,765,7675
7804,772,776,770,773,775,771,768,7479,767,7506,765
7505,771,7479,768,7506,7749,767,7675,773,765,7868,7803
777,7803,776,7804,772,770,775,773,778,771,7505,768
7803,773,779,777,770,7804,776,772,775,778,771,7505
774,1179,1125,1182,1178,769,766,1148,1147,1265,1545,763
778,7505,771,7414,780,7479,768,7506,773,7803,7749,7416
779,8106,7803,777,776,780,772,7804,775,773,770,782
780,8106,7803,783,773,782,779,8014,777,778,770,7804
784,782,780,8014,8106,778,7803,773,7415,783,779,771
785,782,8014,784,778,7415,780,8106,7505,771,7803,773
781,1124,1181,1179,774,1180,1178,1125,1182,769,1191,1148
783,8106,779,7803,776,777,775,784,780,772,7804,773
1263,1359,1266,1190,1191,1362,1444,1267,1180,1363,1268,1265
789,1263,1190,1266,1191,1180,1359,1267,1362,1444,1181,1178
790,1190,792,1263,789,1180,793,1191,1266,1181,1359,1178
793,791,1190,1180,790,1181,1263,1191,789,1136,1178,1124
792,1180,1181,791,1136,1190,1124,790,787,1178,1191,1263
8107,788,8008,783,8106,779,8010,7803,784,776,775,777
793,1136,1181,792,1180,787,1124,791,1190,781,1178,1179
1136,787,795,1181,793,781,1124,1180,792,1179,774,1178
1136,796,795,787,1181,793,1124,792,781,1180,1179,1178
1282,789,790,1359,1263,1362,791,1266,1190,1363,792,1444
794,8225,8107,788,8008,783,8099,8106,8010,779,784,7803
798,1282,1361,789,1362,1359,790,1263,791,1363,1574,1266
799,8277,8113,794,8225,8275,8107,788,8008,8099,783,8100
1400,800,1360,798,1361,1282,1401,789,1362,790,1359,791
801,799,8277,8113,8275,794,8225,8107,8258,788,8099,8008
1399,802,1494,1360,1400,800,1398,798,1361,1401,1488,1282
803,8276,801,8277,8336,799,8113,8275,8337,794,8225,8107
804,802,1399,800,1400,798,1494,1360,791,790,789,792
806,804,802,1399,800,1400,798,791,792,790,1494,1360
804,806,1399,802,807,1494,1360,1400,1487,800,1398,798
806,808,807,804,802,1399,1494,1400,800,1360,798,1487
811,807,812,806,809,808,804,802,1399,792,791,793
812,810,807,806,809,808,804,793,795,792,802,797
811,810,807,806,809,795,797,793,808,792,796,791
805,8590,803,8276,8388,801,8336,8277,8978,799,8113,8337
812,811,810,807,1283,806,809,797,795,796,793,808
809,808,1472,1283,806,804,807,1489,1399,810,802,1494
814,812,811,810,807,1283,1333,806,809,797,796,795
813,8590,805,803,8388,8276,8669,801,8336,8978,8277,799
816,1279,814,1277,812,811,1278,810,1288,807,1283,1333
817,8621,813,8620,8590,805,8388,8669,803,8276,801,8978
819,8670,8671,817,8621,813,8620,8672,8590,805,8669,8388
818,1324,1279,816,814,1277,812,1328,1278,811,810,1485
820,819,8671,8670,817,8668,8621,8672,8620,813,8720,8590
821,1350,1450,818,1324,1279,816,1323,1277,814,1326,1328
823,821,1350,818,1450,1324,816,1279,1323,814,1277,812
824,823,821,1350,1450,818,1325,1324,1279,816,1323,814
822,9233,820,8671,819,8670,8668,817,8621,8597,8672,8620
825,823,824,1381,821,1350,1450,1325,818,1324,1323,1279
825,824,827,823,1381,821,1350,1450,818,1325,1324,1279
826,9206,822,9233,820,8789,8671,8668,819,8670,8596,8597
1339,828,825,827,824,823,1381,821,1354,1350,1450,1325
829,826,9334,9206,822,9233,8664,8789,820,8671,8668,8596
830,1338,1339,828,827,1379,825,824,1579,823,1381,1354
831,9396,829,8897,9334,826,9206,8664,8662,822,9233,8789
832,1355,830,1378,1338,1339,828,827,825,1379,824,1579
834,832,1355,830,1378,1338,828,1339,1382,825,827,1379
835,834,1571,832,1355,830,1378,1338,828,1339,1382,825
836,835,834,1571,832,1355,830,1378,1338,828,1339,824
9199,833,8909,9396,831,8897,8898,829,9334,8662,826,9206
837,1198,836,835,1259,834,1571,832,1355,830,1678,1378
838,9198,9199,8909,10228,833,8898,8908,9396,831,8897,829
839,1260,1198,837,836,1259,835,1570,834,1571,2105,832
841,1199,839,1260,1198,837,836,1641,1259,835,1751,1570
9089,840,9198,838,9306,10228,8909,9199,833,8908,8898,9396
9120,843,9660,9089,9090,840,9198,9306,838,10228,9043,8909
1322,842,1199,841,1386,839,1260,1385,1198,1641,837,836
844,9660,9120,843,9089,9090,9072,840,9198,9306,9043,838
1466,845,1322,1467,842,1386,1199,841,1385,1712,1260,839
846,9080,844,9073,9660,9120,843,9090,9089,9072,8952,840
847,1466,1476,1467,1322,845,1555,1386,1712,842,1385,1199
848,9071,846,9080,8951,9073,844,9660,9120,843,9072,8952
849,1476,1466,847,1555,1577,1467,1322,845,1712,1598,1386
8990,850,9070,848,9071,846,9080,8951,9073,844,8923,9660
851,1556,1476,849,1577,1578,1555,1466,847,1598,1467,1712
852,8990,850,9070,9071,848,8933,8951,846,9080,8923,9073
1576,853,1556,851,1578,1599,1577,1476,849,1555,1598,1600
854,9044,852,8990,850,9070,8933,8780,9071,848,8951,8777
855,1576,853,1599,1578,1556,1814,851,1577,1600,1476,1555
856,9045,854,9044,8778,852,8990,9070,850,8933,8780,9071
857,1601,855,1576,2072,1599,1814,853,1578,1556,1891,1600
9592,858,9045,856,8779,854,9044,8778,852,8990,8697,8780
859,1889,857,1601,2072,855,1576,1599,2071,1814,853,1891
860,9591,9592,858,9045,856,8779,854,8778,9044,8697,852
861,859,1889,1958,857,1601,2072,2070,855,2071,1599,1576
862,9395,860,9591,9592,9372,858,9045,8779,856,8699,8778
863,2028,861,1889,859,1958,857,1601,2072,2070,2071,2088
9603,864,9395,862,860,9591,9372,8998,9592,858,8779,9045
865,2029,863,2028,861,2073,2543,1889,1958,859,2087,2070
866,9603,9394,864,9395,862,9372,8998,9591,860,9592,8965
868,9262,866,9603,9394,864,9000,9395,8998,862,9372,9591
867,2057,2029,2211,865,2247,863,2543,2028,2073,861,2087
869,9262,868,866,9603,9394,9000,8999,864,9395,8998,862
2056,870,2057,2214,867,2211,2029,2247,865,2543,2213,2073
9380,871,9260,869,9262,868,9000,8999,9394,866,9603,9408
9379,873,9380,871,9261,9260,9262,869,8999,9408,9000,868
872,2112,2056,870,2214,2241,2057,867,2211,2247,2213,2029
874,9400,9379,873,9261,9380,9450,9260,871,9408,9410,8999
2240,875,2112,2486,872,2056,2241,2214,2518,870,2057,2246
876,9438,9400,874,9450,9379,9504,9261,873,9380,9410,9408
877,2240,2239,2452,875,2486,2112,2485,872,2241,2518,2056
9438,878,9400,9504,876,9450,9984,9379,874,9261,9410,9409
880,9438,9503,9504,878,9984,9400,9450,9788,876,9409,9410
879,2372,2489,2452,2239,877,2240,2483,2486,2485,875,2112
881,9503,880,9504,9438,9984,9788,878,9925,9409,9450,9637
883,9714,9503,881,9788,9984,9925,9504,880,9438,9637,9638
882,2489,2484,2372,879,2585,2452,2483,2239,877,2240,2538
884,9714,9806,883,9503,9925,9788,9789,881,9984,9720,9638
9806,886,9714,9789,884,9925,9788,9720,9787,9503,883,9638
887,9789,9806,886,9925,9787,9714,9720,884,9788,9722,9638
2584,885,2484,882,2489,2488,2585,2372,879,2483,2538,2452
888,9789,9787,887,9806,9720,9925,886,9843,9722,9714,9638
890,9787,9789,888,9843,9722,9720,887,9806,9925,9626,9627
891,9843,9787,890,9722,9789,9626,888,9627,9720,9806,887
892,9843,9626,891,9787,9627,9722,890,9350,9789,888,9720
893,9626,9843,892,9350,9627,891,9787,9722,9351,9670,890
889,2550,2487,2584,885,2488,2484,2549,2585,882,2489,2551
894,9626,9350,893,9843,9670,892,9627,9349,9351,9381,891
896,898,9350,9626,894,899,9670,893,9381,9349,9843,9627
897,899,9670,9350,896,9381,9626,9349,894,8871,8839,9351
898,9381,9670,897,8839,8871,9350,9349,896,9626,9054,8869
899,9381,8839,898,9670,8871,8840,897,8869,9349,9350,9054
900,8839,9381,899,8840,8871,9670,8869,898,8632,897,8870
2905,895,2902,2550,889,2487,2549,2584,2488,2646,885,2484
901,8630,8839,8840,900,9381,8632,899,8869,8871,8870,9670
8630,903,8838,901,8840,8632,8839,900,8623,8540,8870,9381
904,8838,8630,903,8632,8623,8840,901,8540,8839,8870,900
905,8838,8623,904,8630,8632,8540,903,8840,8539,8622,8870
2903,902,2902,2905,2613,895,2550,2780,2646,2549,2487,889
906,8631,8623,905,8838,904,8630,8632,8622,8540,8539,903
907,2901,2903,902,2613,2902,2905,895,2780,2550,2646,2549
908,8631,906,8623,8857,905,8838,8622,904,9733,8630,8632
909,2904,907,2901,2900,2903,902,2613,2902,2905,2780,2782
910,9161,908,9160,8631,8857,906,9163,8623,8622,905,8838
911,2904,909,2906,2901,907,2900,2866,2903,902,2613,2780
912,8920,9161,9160,9312,910,908,8631,8857,9163,9363,906
913,3024,911,2904,2982,2906,909,2901,2866,907,2900,2868
914,9086,8920,912,9312,9160,9361,9161,910,9163,9363,8857
915,3049,3024,913,2982,911,3050,2904,2906,909,2868,2866
9544,916,9362,9086,914,9688,9312,8920,9361,912,9624,9160
917,3596,3049,915,3051,3024,913,2982,3050,911,2906,2904
918,9544,9675,9362,916,9688,9815,9086,9361,914,9312,9624
919,3596,917,3428,3049,915,3051,3317,3024,913,3050,2982
920,9676,9675,9544,918,9815,9779,9688,9362,916,9624,9795
921,3464,919,3596,917,3428,3051,3049,915,3319,3317,3050
922,9676,920,9675,9779,9815,9619,9544,9688,918,9795,9362
923,3463,921,3464,3893,919,3428,3596,3465,917,3051,3319
9580,924,9676,922,9779,9619,9815,9675,920,9608,9795,9688
925,3463,923,3723,3893,921,3464,3465,3673,919,3428,3596
926,9579,9580,924,9619,9779,9676,9608,922,9815,9795,9527
927,3724,925,3463,3723,923,3893,3464,921,3673,3465,3428
928,9609,9579,926,9580,9608,9307,9619,924,9779,9250,9676
930,9609,9579,928,9307,9608,926,9580,9250,9138,9619,9251
929,3803,927,3891,3724,925,3723,3892,3463,923,3893,3673
9308,931,9301,9609,9307,930,9138,9579,9608,928,9250,9251
933,9300,9301,9308,931,9140,9307,9609,9138,930,9250,9122
4000,932,3803,4099,929,3891,4106,927,4333,3724,3892,925
9300,934,9203,9301,933,9140,9308,9122,9138,931,9307,9609
9203,936,9300,934,9124,9140,9122,9301,933,9308,9123,9138
935,4217,4000,932,4099,4596,3803,929,4333,4106,3891,4337
9353,937,9203,9124,936,9300,9122,9123,9140,934,9301,8837
9353,939,9202,9124,937,9203,9123,9122,936,9300,9140,8487
4433,938,4332,4217,935,4338,4000,4099,4596,932,3803,4333
940,9202,8929,9353,939,9124,9123,937,9203,8487,8483,9122
942,8929,8928,9202,940,8483,9353,9123,8487,939,9124,8418
5089,941,4433,938,4498,4332,4217,4338,935,4418,4596,4000
9229,943,8928,8929,942,8832,8483,9202,940,8487,8485,9123
945,8928,9229,8832,943,8483,8929,8784,8485,942,8487,9202
946,8832,8928,945,8784,9229,8483,8485,943,8929,8494,8487
947,8784,8832,946,8771,8485,8928,945,8483,8494,9229,8484
6185,944,4704,5089,4705,941,4433,4597,4498,938,4751,4332
948,8784,8771,947,8832,8783,8494,8485,946,8772,8928,8483
950,8771,8784,8783,948,8772,8494,947,8497,8832,8485,946
4868,949,6185,4869,944,4704,4705,5089,5050,941,4597,4433
951,8783,8771,950,8497,8772,8784,948,8494,8733,8468,8498
953,8783,8497,951,8771,8772,950,8733,8498,8784,8494,8468
954,8427,8497,8783,953,8498,8772,8733,8771,951,7767,950
952,4868,949,4869,6185,4704,944,5050,4705,5089,8119,4597
8427,955,8497,8498,954,8089,8783,953,8733,7767,8772,8771
957,8427,8089,955,8498,8497,7767,954,7750,7751,8733,8783
960,5071,5393,5072,961,4871,5073,5505,5159,4872,5531,5875
959,961,5072,5071,5159,5393,4871,4872,5531,5073,4824,5505
960,5159,5072,959,5531,5071,4824,4872,4825,4871,5393,4822
959,5393,5071,960,5505,5073,5072,5875,961,4871,5506,5115
961,5159,960,4824,4825,5072,5531,959,4822,4872,4764,5071
956,5544,952,4868,949,4869,5546,6185,4704,5050,944,4705
958,8089,957,8427,8044,8498,7751,7767,955,7750,8497,7599
962,5393,5505,959,5875,5071,5073,5874,5506,960,5115,4871
963,4825,5159,4824,961,4764,5531,960,4822,5072,4766,4765
966,5875,5505,5874,5393,962,5506,5839,5073,959,5071,5115
5874,968,5875,5839,966,5505,5506,5393,5602,962,5115,5073
965,8044,8089,958,7751,957,7750,7898,8427,7599,7767,8498
5874,969,5875,5839,968,5602,5506,6259,5505,966,5600,5393
971,5874,5602,5839,969,6259,5875,968,5601,5600,5506,5533
970,8044,965,7898,8089,7751,7599,958,7750,7601,7767,957
972,6259,5602,971,5601,5874,5839,5533,969,5992,5875,5600
967,4825,4823,963,4824,5159,961,4764,4765,5169,960,4766
964,5064,5273,956,5544,952,5545,4868,5546,4869,949,5881
974,6259,5601,972,5602,5992,5533,5441,971,5839,5874,5600
977,5601,5992,6259,974,5441,5602,5533,972,5324,5442,971
973,8044,7898,970,7854,7599,7751,965,8089,7601,7630,7731
981,5323,982,5233,5324,5992,5088,983,5299,5441,5085,5030
982,5323,5324,5992,983,5441,978,5233,5601,5088,5030,5442
981,983,5992,5324,978,5601,5441,5323,977,6259,5442,5030
978,982,5992,5601,977,981,5441,5324,6259,974,5323,5533
979,7898,7854,973,8044,7630,7601,7599,970,7731,7751,965
980,5323,5233,981,5299,982,5088,5324,5232,5085,5300,5992
985,5299,5233,980,5323,5300,5232,981,5085,5088,5620,5324
984,7854,7898,979,7731,7630,7601,973,8044,7599,7375,7378
989,5300,5620,990,5959,5299,5298,5232,5621,986,5233,5956
988,990,5300,5299,986,5620,5232,5298,5233,985,5959,5085
5299,986,989,5300,985,988,5233,5232,5620,980,5323,5298
975,4823,5448,4825,967,5449,5169,963,4765,4764,4824,961
993,5959,5620,988,5956,5621,989,5300,6739,5298,5958,5999
988,5620,5959,989,5300,5621,5956,5298,990,5299,5232,5575
991,5448,4823,975,5449,5169,4825,4765,967,5170,4764,963
5448,994,5449,5169,991,4823,5170,4765,975,4825,5450,4629
987,7854,7731,984,7739,7630,7898,979,7700,7601,7375,7738
992,5959,5956,993,6739,5620,5621,5999,988,5958,6590,5300
5449,995,5448,5170,5169,994,5450,4823,5214,991,4765,4629
997,6739,5956,992,5959,5999,6590,993,5958,5621,6203,5620
998,5449,5170,5450,995,5214,5169,5448,5792,994,5791,4629
6755,976,5543,5273,5064,964,5545,5544,956,6779,5546,4868
6739,999,6590,997,5956,5999,992,6203,5959,7353,5958,6000
1000,5450,5792,5170,998,5214,5449,5791,995,6779,5169,5859
996,7739,7731,7854,987,7700,7738,7630,984,7375,7898,7601
1002,6590,6739,999,5999,7353,6203,5956,997,7822,7701,5958
1003,5792,5450,5791,1000,6779,5214,5170,998,5859,5449,5881
5792,1006,6779,5791,1003,5450,5545,5543,5214,1000,5881,5859
1001,6755,5543,976,5273,5545,5064,6779,964,5544,5546,956
7739,1004,7738,7731,996,7700,7854,987,7701,7375,7630,7439
1005,6590,7353,1002,6739,6203,7822,7701,999,5999,7439,5956
1007,6779,5792,1006,5543,5545,5791,1008,5450,1003,5881,6755
1011,5543,6779,1008,1007,5545,6755,5792,5273,5791,1001,1006
1012,1008,5543,6755,1011,1001,6779,5545,5273,976,1007,5792
1010,7353,1005,7701,6590,7822,6203,7439,1002,6739,7738,5999
1009,7738,7739,1004,7701,7700,7731,7439,996,7228,7375,7854
1015,7738,7701,1017,1009,7739,7439,7700,1014,1004,7353,7731
1014,7701,7353,1010,7439,7738,7822,6590,1015,1005,6203,7700
1016,1017,7701,7738,1015,1014,7353,7439,7739,1009,1010,7700
7260,7016,7018,7486,7249,6920,7454,6922,7015,7559,7251,7367
1019,1021,7260,7016,7486,7018,7249,7454,6920,7557,6922,7559
1019,1020,7016,7260,7018,7486,7249,6922,6920,7454,7015,7557
1020,1019,1021,1023,7260,7016,7486,7018,7249,7454,7557,7559
1021,1019,1020,1022,7016,7260,7018,7486,6922,6920,7249,7454
1022,1020,1019,1021,1023,7558,1025,7260,7016,7486,6809,7018
1023,1021,1019,1020,1024,1022,7016,6809,7260,7558,7018,6922
1024,1022,1020,7558,1019,1021,1027,1023,1025,7260,7486,7016
1025,1023,1021,1024,1020,1019,1022,1026,7016,6809,7558,7260
1026,1024,7558,1022,1020,1029,1027,1019,1021,1023,1025,7260
1027,1025,1023,1021,1024,1020,1022,1026,1019,1028,6809,7016
1028,1026,7558,1024,1022,1020,1031,1029,7556,1027,1019,1021
1029,1027,1025,1023,1024,1021,1026,1022,1020,1028,1019,1030
1030,1028,1026,7558,1024,7556,1022,1033,1020,1031,1029,1027
1031,1029,1027,7261,1025,1024,1026,1023,1028,1022,1021,1030
1032,1030,1028,1026,7558,1024,1035,1033,1022,1031,7556,1029
1033,1031,1029,1027,7261,1025,1026,1024,1028,1034,1023,1030
1037,1034,1032,1030,1028,1038,1035,1026,1033,1024,7558,1031
1036,1034,1038,1032,1030,1028,1035,1033,1026,1031,1024,1029
1035,1033,1037,1031,1036,1029,1034,1027,1028,7261,1030,1026
1037,1040,1036,1038,1034,1035,1033,1032,1030,1028,1031,1026
1038,1039,1035,1033,1037,1036,1031,1029,1034,7261,1027,1028
1040,1039,1038,1037,1035,1036,1033,1034,1031,1030,1032,1029
8304,7937,7557,8101,8435,8303,7559,8434,7486,8738,7525,8430
1042,7894,8304,7937,7557,7556,8435,8101,8303,7559,8434,7486
1043,1042,7894,8304,7937,7557,8547,7556,8435,8101,8303,7559
1046,1044,1043,1042,7894,8304,7937,8547,7557,7556,8435,8101
1045,1044,1043,1042,7894,8304,7937,7557,7556,8547,8101,8435
1048,1045,1046,1044,1043,1042,7894,8304,7937,8547,7557,7556
1047,1046,1045,1044,1043,1042,7894,8304,7937,7557,7556,8547
1047,1050,1048,1045,1046,1044,1043,1042,7894,8304,8547,7937
1048,1049,1047,1046,1045,1044,1043,1042,7894,8304,7937,7557
1049,1052,1050,1047,1048,1045,1046,9207,1044,1043,1042,7894
1050,1051,1049,1048,1047,1046,1045,1044,9207,1043,1042,7894
1051,1052,1049,1054,1050,1047,1048,9207,1045,1046,1044,1043
1052,1053,1050,1051,1049,1048,1047,1046,7833,1045,1044,9207
1053,1051,1056,1052,1054,1049,1050,1047,1048,9207,1045,1046
1054,1055,1052,1053,1051,1050,1049,1048,1047,7833,1046,1045
1058,1055,1053,1056,1054,1051,1052,1049,1050,1047,9207,1048
1057,1055,1056,1053,1054,1052,1051,1050,1049,1048,1047,9207
1057,1058,1055,1056,1053,1054,1051,1052,1049,1050,9207,1047
1063,651,1067,1066,648,1062,1072,646,1073,1068,1061,1087
645,1318,642,1097,1110,1111,639,1099,1224,1109,1100,637
646,1061,1068,645,1318,1086,642,1097,1111,1110,639,1109
1066,651,648,1062,1073,646,1068,1061,1087,645,1086,1318
750,1071,748,752,1070,751,745,1078,744,743,1079,740
755,752,750,1064,757,748,754,1071,1070,751,745,1078
1062,1068,1073,648,1061,646,645,1086,1318,1112,642,1111
1063,1066,1073,1087,1062,651,1068,648,1061,646,1086,1112
1061,1086,1318,646,645,1111,1110,642,1097,1109,1224,1113
1060,1067,1063,653,1072,651,1066,1084,648,1073,1062,1087
745,744,748,743,740,1103,737,738,739,746,747,742
1070,748,745,750,1078,744,743,1079,740,1103,737,1120
1067,1087,1073,1066,1063,1089,1112,1068,1062,1086,651,1122
1068,1086,1112,1062,1061,1318,646,648,1109,1111,1122,645
671,1091,1076,669,1118,1080,1077,666,1083,1117,1134,1090
1069,1072,1067,1084,657,1060,1063,1087,653,1066,1073,1088
669,1080,1077,666,1083,1090,1117,1075,664,1085,1081,1069
664,1075,1090,1069,1083,657,1081,1060,1084,1067,1072,653
744,743,1070,745,740,1103,748,737,738,739,746,747
1078,1103,743,740,744,737,1070,738,745,739,748,746
1077,1083,1090,1075,1081,1085,664,1084,1069,1072,1088,1082
1088,1084,1082,1095,1089,1075,1072,1087,1067,1123,1122,1069
1095,1088,1089,1084,1123,1172,1087,1122,1072,1211,1150,1075
1085,1090,1081,1082,1075,1084,1088,1072,1095,1094,1089,1069
1072,1087,1089,1067,1073,1112,1095,1122,1066,1063,1123,1060
1082,1081,1088,1090,1094,1095,1084,1089,1075,1072,1123,1087
1111,1109,1318,1061,1110,1224,645,1097,1114,1115,642,1100
1073,1112,1122,1086,1068,1066,1113,1109,1062,1142,1111,1061
1089,1084,1095,1087,1123,1122,1072,1112,1172,1073,1067,1113
1122,1087,1112,1123,1113,1142,1073,1109,1086,1150,1115,1068
1081,1075,1084,1072,1088,1069,1067,1082,1087,1089,657,1073
1118,1076,671,1080,669,1083,1117,1134,1077,666,1085,1090
1093,1132,689,1128,1155,1131,1156,678,674,1091,1074,1239
1128,1131,678,1156,1091,674,1074,1239,1118,671,1076,1159
1082,1172,1095,1232,1211,1123,1088,1081,1216,1150,1171,1089
1123,1089,1172,1122,1150,1142,1087,1112,1113,1171,1072,1214
1120,1079,1103,740,1078,1116,737,743,738,751,739,744
1099,639,1100,637,1224,1098,1223,1101,634,1104,1107,1137
1104,634,1102,632,1108,630,1140,1105,628,1141,1127,1645
1100,637,1098,1101,634,1104,1102,1107,632,1137,1108,630
1101,1098,1107,637,1102,1104,1108,634,1139,632,1140,1645
1098,1108,1102,1104,1140,634,1645,632,1105,1141,1145,630
1140,1105,632,630,628,1127,1141,1106,626,1189,625,1187
740,737,738,743,739,744,746,745,747,742,736,1170
632,1102,630,1105,628,1140,626,1127,1106,1141,625,1189
628,1106,1127,626,625,1189,1126,623,1188,1264,621,1252
626,625,1126,623,1264,1252,621,1251,1204,1365,618,1383
1139,1101,1108,1645,1145,1102,1140,1098,1141,1104,1195,1187
1140,1645,1141,1102,1127,1105,1187,1104,1195,1189,1188,1106
1111,1114,1115,1224,1143,1110,1223,1318,1137,1138,1100,1097
1097,1224,1100,1099,1223,639,1098,1101,637,1107,1137,634
1224,1110,1114,1223,1100,1097,1099,1137,642,1107,1101,1143
1113,1086,1109,1111,1068,1142,1115,1114,1318,1224,1061,1062
1115,1109,1114,1151,1086,1143,1111,1224,1138,1273,1229,1137
1137,1224,1223,1138,1107,1139,1144,1100,1110,1101,1402,1145
1143,1114,1144,1138,1273,1111,1137,1224,1223,1428,1402,1139
746,739,747,738,1103,742,737,740,1079,736,1170,743
1085,1083,1135,1081,1082,1080,1090,1415,1094,1088,1095,1084
1117,1083,1134,1076,1080,1085,1135,1090,1615,1081,1077,669
1121,1096,1120,756,1116,1300,1103,1079,1130,753,739,746
1103,1116,738,739,737,1079,746,740,747,743,1078,744
1116,1120,1130,1096,746,739,747,1103,738,1079,737,1169
1113,1142,1112,1115,1109,1151,1086,1143,1111,1114,1214,1068
1122,1142,1150,1113,1151,1112,1214,1115,1087,1109,1229,1215
781,1179,1178,774,1182,1125,769,1191,1148,1265,1147,766
769,766,1147,1148,1545,763,1129,1299,1314,1119,760,1121
623,1252,1264,625,621,1365,1383,1204,1366,618,1177,1449
1106,1189,1126,626,625,628,623,1251,1252,1264,1196,621
1074,1091,674,1131,671,1076,1118,669,1239,1080,1134,1117
1300,1121,1119,1168,1130,1116,760,1120,1096,747,746,756
747,1116,746,742,739,1170,1120,736,738,734,1255,1103
1091,1239,1118,1074,1134,674,1076,1117,671,1238,1083,1615
1093,1156,1131,1128,1239,1159,1091,678,1074,1118,674,1134
1092,1132,1155,696,1093,1156,689,1131,1160,1128,1159,678
1615,1117,1135,1085,1415,1083,1082,1094,1081,1421,1080,1076
1085,1082,1094,1421,1083,1081,1095,1088,1232,1172,1090,1084
787,1181,1124,781,1180,1179,1178,774,1190,1182,1125,1191
1107,1139,1145,1101,1108,1100,1402,1645,1404,1195,1098,1102
1137,1402,1145,1139,1107,1404,1223,1645,1473,1195,1108,1101
1145,1645,1108,1195,1101,1404,1141,1187,1140,1102,1197,1403
1127,1141,1105,1106,1189,628,630,1188,1187,626,1126,625
1127,1188,1189,1105,1106,1196,1126,1251,626,625,628,1252
1113,1151,1115,1143,1109,1229,1273,1114,1228,1144,1086,1292
1144,1138,1114,1428,1402,1137,1145,1397,1139,1223,1473,1224
1428,1402,1138,1473,1145,1396,1404,1137,1139,1477,1195,1403
1404,1195,1645,1187,1403,1108,1197,1141,1188,1140,1196,1523
1200,572,1210,1347,570,1270,569,1272,1348,1311,567,1310
1545,766,1299,1129,763,1300,1119,1370,1121,1168,760,1371
1314,1147,1299,769,1370,1371,766,1129,1545,1168,1269,1300
711,1173,1174,1183,709,1491,1202,1201,706,1235,1234,1284
1214,1142,1151,1215,1229,1122,1228,1113,1115,1256,1273,1292
1229,1273,1115,1143,1292,1144,1428,1397,1114,1109,1138,1293
1153,1161,716,713,1149,1475,1183,1184,1173,711,1174,1201
1149,713,1183,1173,711,1174,1184,1201,1491,709,1202,1284
1152,716,1164,1153,713,1161,1149,1475,1463,711,1183,1173
1160,1156,1132,1159,1237,1131,1093,1239,1617,1238,1424,1128
1239,1159,1131,1134,1238,1128,1091,1617,1118,1615,1117,1074
1160,1426,1155,1237,1133,1159,1424,1156,1132,1459,1617,1092
1133,1155,1157,1132,1092,1160,700,1156,696,1093,1426,1159
1617,1239,1238,1134,1425,1131,1615,1414,1415,1118,1618,1117
1237,1159,1156,1617,1424,1425,1132,1238,1239,1616,1414,1131
1153,1184,1183,1149,1173,1201,1330,713,1284,711,1174,1202
1164,1154,1152,1463,1161,718,716,1475,1153,713,1184,1465
1154,720,1162,718,1152,1164,716,1176,1161,1153,1463,713
1475,1161,1152,1184,1153,1465,1183,1330,716,1486,1149,713
1166,1167,1175,1163,725,1176,1162,722,1439,720,1154,1164
1162,1163,1176,1164,1154,722,720,1463,1152,718,1446,1475
1163,722,1166,720,1162,1154,718,1176,1152,1164,1439,716
1300,1169,1130,747,1254,1121,1170,742,1116,746,1255,736
1170,742,1130,747,1255,736,734,746,732,1116,1419,739
736,734,742,732,731,1419,746,729,739,728,738,730
1215,1214,1213,1150,1256,1228,1229,1258,1123,1257,1151,1293
1150,1123,1171,1214,1142,1215,1122,1089,1151,1212,1213,1229
1174,1491,1202,709,1201,1235,1234,706,1284,1233,1236,1509
709,1491,1202,706,1235,1233,704,1234,1236,1227,1509,702
1439,1166,1176,1167,1445,1446,1162,1163,1463,1164,725,722
1463,1164,1162,1446,1475,1465,1152,1154,1161,1462,1464,720
617,1205,615,613,1409,1203,611,1410,1408,610,1729,1407
1179,1182,1265,1148,774,1125,1267,769,1314,1147,1429,1299
774,1182,1125,769,1148,1147,1265,766,1545,1314,1299,763
1191,1178,1124,1265,1179,1267,1266,781,1182,1148,774,1125
1124,1180,1178,781,1179,1191,774,1182,1125,1265,1148,769
1148,1125,769,1147,766,1314,1299,1545,1129,763,1429,1370
1173,1201,1202,1174,1491,1284,711,1234,709,1285,1236,1235
1201,1284,1183,1234,1329,1173,1285,1202,1563,1149,1491,1509
726,1186,725,733,1167,722,1165,730,1163,720,728,1166
1165,1167,725,726,1166,722,1163,1175,720,1162,1176,730
1188,1141,1196,1189,1251,1523,1127,1639,1364,1126,1106,1543
1189,1196,1251,1127,1126,1364,1252,1639,1106,1366,1365,1543
1126,1251,1106,1252,625,623,1264,1365,1364,626,1366,1383
1263,1180,1191,1266,1178,1181,1267,1265,1359,1124,1268,1179
1267,1265,1178,1429,1268,1148,1182,1179,1444,1314,1269,1371
733,730,735,728,729,726,1419,1185,731,725,732,1186
1185,1186,735,726,1253,725,733,1165,1192,1167,730,722
735,1185,1193,1192,733,726,730,1186,725,728,1167,722
1197,1187,1196,1141,1523,1188,1562,1639,1189,1140,1642,1251
1639,1364,1251,1543,1189,1366,1637,1544,1365,1252,1126,1625
1187,1196,1523,1639,1188,1364,1141,1642,1637,1251,1543,1189
836,837,1259,835,834,1571,832,1355,1678,830,1378,1338
841,1260,839,1198,837,1641,836,1259,835,1570,834,1571
1347,570,569,567,1348,1311,1270,565,1388,1310,563,1312
1234,1202,1285,1491,1509,1236,1329,1174,1233,1235,709,1549
1234,1236,1235,1233,1509,706,1285,1227,1226,1245,1225,704
611,1408,1729,613,1407,610,1506,1507,1457,1603,1281,607
1177,618,1205,617,1409,615,613,1203,1410,611,1408,1407
615,1203,613,1410,611,1408,1407,1729,610,1602,1506,1507
1406,1207,584,1405,1247,582,1522,1413,1302,1443,580,1317
1413,1405,582,1302,580,1522,1443,1427,1442,1304,1520,578
1146,1210,1272,1270,1200,572,1347,1312,1301,1311,1310,570
1208,1271,574,1146,1272,1210,1270,572,1303,1301,1200,1312
1347,1270,1200,1311,1348,569,1310,567,570,1388,1312,565
1171,1172,1212,1150,1215,1213,1214,1095,1123,1256,1228,1258
1213,1258,1171,1215,1256,1373,1257,1420,1214,1228,1293,1585
1256,1215,1257,1228,1293,1214,1420,1540,1468,1229,1292,1150
1229,1228,1151,1256,1292,1142,1273,1293,1257,1115,1143,1397
1256,1228,1214,1229,1293,1257,1292,1151,1291,1468,1273,1540
1211,1212,1171,1213,1309,1172,1215,1258,1256,1214,1150,1373
588,1219,586,1206,1406,584,1247,1207,1240,1522,582,1405
1219,1217,1240,588,1247,1206,1406,586,1250,1522,1275,1246
1247,1406,1206,586,1522,1250,1207,1405,584,1317,1275,1520
599,1221,1287,596,1367,1249,1286,594,1248,1222,1368,1655
1249,594,1222,1248,1286,1932,592,1218,1276,1240,590,1368
1932,1218,590,1240,1217,1219,588,1247,1246,1250,1206,1275
1107,1137,1100,1101,1139,1108,1098,1099,1145,1102,1645,1104
1223,1100,1137,1107,1099,1101,1098,1138,1139,639,1108,637
1158,1157,1358,1461,1133,1155,1160,1426,700,1092,1132,1460
1225,1461,1157,1158,1426,1460,1160,1358,1155,1133,1550,702
1225,1358,1158,702,1226,1133,1157,700,1155,1092,1461,1132
1229,1292,1293,1291,1273,1151,1397,1468,1540,1633,1428,1470
1292,1273,1397,1293,1143,1291,1144,1428,1115,1396,1470,1468
1309,1212,1216,1258,1546,1213,1211,1373,1171,1215,1585,1420
1230,1216,1232,1421,1211,1212,1307,1309,1171,1094,1172,1213
1211,1216,1172,1171,1230,1212,1095,1150,1082,1123,1215,1213
1227,1225,1226,1245,1158,704,1358,1157,1461,702,1133,1510
1509,1285,1236,1549,1245,1233,1719,1226,1235,1510,1225,1461
1233,1227,704,1236,1225,1358,702,1226,1158,1509,1245,1133
1233,1245,1226,1225,1549,1227,1461,1510,1157,1158,704,1460
1617,1425,1159,1238,1616,1414,1618,1156,1239,1615,1349,1415
1615,1134,1415,1414,1135,1117,1421,1296,1118,1094,1085,1295
1134,1238,1118,1615,1117,1091,1135,1415,1085,1083,1074,1414
1250,1247,1275,1219,1317,1384,1522,1316,1406,1315,1206,1520
1193,1289,1194,1290,1185,1186,1243,1253,735,726,1337,1165
1241,1244,1320,1193,1289,1243,1194,1262,1290,1185,1186,735
1194,1192,1417,735,733,730,1193,1185,728,726,1390,1419
1194,1241,1193,1243,1185,735,1289,1192,733,726,1186,1417
1226,1510,1461,1460,1225,1550,1157,1426,1227,1158,1747,1984
1275,1316,1274,1240,1250,1315,1539,1384,1412,1591,1247,1317
1522,1406,1317,1384,1405,1520,1207,1395,1443,1315,1394,1302
1246,1932,1240,1222,1275,1274,1218,1316,1250,1247,1219,1315
1222,1932,1248,592,1240,1218,1246,1276,590,1219,1217,1275
1247,1317,1384,1522,1315,1395,1406,1394,1520,1412,1405,1411
1252,1365,1364,1366,1126,1264,1383,1544,1543,1449,623,625
1365,1264,1383,623,1366,1204,621,1449,1409,1205,1177,1544
1165,1175,1186,1166,1167,1440,1185,1439,725,1447,1176,1163
1255,1390,1169,1170,1419,734,732,736,742,731,1417,1130
1170,734,732,1419,736,731,742,729,747,728,730,1192
1293,1228,1257,1292,1468,1229,1540,1291,1397,1564,1633,1273
1540,1293,1468,1228,1564,1452,1291,1292,1469,1633,1229,1568
1213,1420,1257,1256,1540,1215,1451,1293,1452,1468,1228,1564
835,836,1571,834,837,1355,832,1678,1378,830,1338,1382
1198,839,1259,837,836,835,1570,834,1571,1355,832,1678
1244,1262,1243,1242,1194,1241,1193,1392,1192,1417,1320,735
1243,1392,1417,1244,1192,1194,1390,735,733,1419,730,1241
1266,1191,1359,1267,1180,1444,1265,1268,1178,1363,1429,1181
1204,621,1383,1177,618,1205,1409,617,1449,615,1410,1203
1148,1429,1314,1182,1371,1269,1147,1299,1370,1125,769,774
1267,1444,1191,1268,1265,1429,1572,1471,1269,1573,1178,1314
1265,1268,1429,1269,1314,1148,1471,1572,1371,1182,1372,1391
1471,1572,1429,1269,1265,1391,1371,1551,1372,1314,1148,1393
1372,1371,1391,1314,1369,1298,1370,1393,1254,1392,1299,1168
1310,1311,1312,1347,1348,1389,1313,1388,1387,1518,567,565
1272,1301,1208,1270,1312,1210,2078,1146,1310,1518,574,1313
1270,1312,1310,1210,1311,1313,1518,1347,1389,1200,1348,1482
1144,1428,1397,1143,1396,1402,1291,1138,1473,1470,1477,1404
1316,1591,1539,1412,1275,1315,1614,1612,1593,1240,1384,1250
1250,1384,1315,1317,1412,1247,1394,1539,1395,1411,1522,1593
1274,1246,1248,1592,1316,1591,1275,1843,1539,1932,1240,1412
1278,814,812,811,816,810,1288,1283,807,1333,806,809
810,811,812,1283,807,814,1333,806,809,816,815,808
816,814,1277,812,1278,811,810,1288,807,1283,1333,806
605,1416,1621,603,1622,2440,1321,601,1717,1652,1220,599
1280,1416,1458,605,1621,1622,1717,603,1321,2440,601,1566
1362,1359,789,1363,790,1266,1263,1574,1444,791,1190,1573
807,809,806,810,808,811,1472,804,812,802,1399,1489
1201,1285,1329,1234,1509,1719,1202,1549,2556,1236,1245,1491
1509,1549,1719,1245,1236,1548,1510,2269,1226,1233,1550,1461
1276,1248,1249,1246,1592,1274,1932,1222,594,1240,1316,1275
1286,1221,1249,1248,1368,1276,594,1932,1222,1246,592,1240
1283,1333,1278,810,807,815,809,811,806,808,812,1536
1193,1253,1186,1185,1165,1194,1331,1167,1175,726,725,735
1289,1253,1331,1186,1193,1165,1558,1175,1440,1447,1185,1167
1633,1397,1470,1469,1559,1396,1428,1632,1500,1477,1569,1561
1397,1291,1273,1428,1470,1396,1633,1144,1143,1559,1469,1473
1468,1291,1292,1633,1397,1469,1564,1470,1273,1559,1396,1428
1297,1306,1231,1230,1307,1296,1305,1216,1342,1309,1232,1546
1296,1231,1294,1297,1421,1415,1232,1230,1216,1306,1615,1307
1421,1232,1231,1216,1094,1211,1135,1297,1230,1172,1171,1212
1230,1307,1231,1309,1305,1216,1212,1546,1232,1258,1373,1435
1254,1168,1169,1255,1390,1170,1130,1300,1392,742,747,736
1370,1129,1168,1300,1545,1121,1298,1130,1119,763,1169,1116
1130,1121,1116,747,746,1169,1120,739,742,1096,1170,738
1312,1272,1518,1270,1313,1310,1837,1482,1869,1389,1210,1311
1443,1442,1304,1427,1441,1271,1303,1209,578,1529,1301,1272
1301,2078,1271,1272,1530,1312,1518,1837,1270,1531,1208,1313
1303,1271,1301,1529,1209,1272,2078,1521,1208,1312,1530,1270
1546,1307,1547,1585,1699,1309,1373,1230,1584,1553,1258,1451
1307,1297,1305,1546,1230,1435,1309,1231,1547,1434,1585,1373
1309,1546,1230,1373,1212,1585,1547,1258,1216,1213,1420,1584
1306,1342,1294,1297,1305,1307,1433,1435,1295,1230,1231,1434
1258,1373,1212,1585,1213,1420,1257,1451,1256,1171,1584,1215
1389,1311,1313,1387,1388,1422,1423,1348,1482,561,562,558
1388,1348,1387,1389,565,563,562,567,561,1422,558,1423
1310,1313,1518,1389,1311,1482,1423,1387,1869,1422,1388,1347
1482,1389,1423,1422,1387,1850,1311,557,559,558,556,1388
1371,1370,1299,1147,1298,1372,1168,1129,1300,1545,1391,766
1384,1394,1411,1593,1395,1317,1480,2260,1845,1528,1917,1520
1412,1315,1275,1539,1384,1593,1250,1411,1394,1612,1317,2260
1520,1395,1394,1405,1521,1443,1441,1528,1480,1302,1529,1411
1097,1110,642,1111,1224,1099,639,1100,1223,637,1114,1098
1242,1335,1320,1241,1261,1334,1244,1289,1290,1193,1337,1243
1241,1290,1289,1337,1193,1244,1253,1186,2096,1331,1194,1185
2440,1652,1220,601,599,1653,1287,1367,1221,596,1654,1286
1199,1386,842,841,1260,1385,839,1641,1198,837,1819,1751
1324,1328,1277,1350,1279,1485,1278,818,821,1288,816,814
1279,818,1277,816,814,1328,1278,812,811,810,1288,1283
1450,1323,1350,1324,1326,821,823,1328,818,1279,1277,1484
1485,1323,1328,1519,1450,1478,1288,1324,1278,1277,1332,1279
1325,1326,1323,1450,1484,1381,1328,1324,1485,1350,1277,1519
1278,1277,1288,1478,810,811,1279,1283,1333,812,1332,814
1285,1719,2556,2269,1549,1234,1509,1548,1878,2038,1245,1236
1184,1563,1284,1329,1201,1285,2556,1183,1673,1234,1719,1509
1440,1253,1447,1175,1439,1165,1445,1511,1186,1166,1176,1167
1333,815,1288,1536,809,1283,808,1472,806,807,804,1278
815,1283,809,808,807,806,1472,810,804,811,1489,1399
1337,1346,1290,1320,2096,1289,1331,1241,1380,1242,1558,1253
1320,1334,1242,1290,1241,1337,1346,1289,2096,1244,1193,1261
1335,1344,1319,1375,1334,1320,1345,1374,1242,1720,1241,1346
2096,1290,1331,1558,1253,1289,1447,1440,1175,1557,1165,1186
1339,830,1379,827,828,825,824,823,1381,1354,821,1350
828,827,825,824,823,1381,821,1350,1450,1325,818,1324
1433,1342,1308,1434,1306,1696,1435,1305,1294,1699,1307,1297
1481,1343,1454,1340,1940,1308,2030,1695,1881,1349,1342,1433
1435,1305,1306,1434,1307,1547,1699,1546,1297,1552,1697,1585
2030,1481,1308,1349,1294,1340,1306,1342,1297,1618,1295,1433
1335,1345,1334,1319,1346,1320,1631,1337,1290,2096,1242,1241
1631,1346,1334,1335,1337,1790,2096,1380,1320,1290,1319,1558
2096,1380,1337,1558,1630,1290,1331,1557,1320,1447,1253,1904
1348,567,569,1311,565,1388,563,1310,1387,562,1389,561
565,567,1388,563,562,1387,1389,561,558,1422,556,1423
2030,1295,1294,1414,1231,1297,1308,1296,1306,1230,1415,1307
821,1324,818,1279,816,1277,814,1328,812,1278,811,1485
1353,1354,1327,1325,1352,1379,1381,1515,1450,1326,1323,1338
1484,1327,1326,1516,1485,1323,1325,1519,1328,1450,1478,1537
1352,1327,1515,1354,1484,1326,1325,1516,1323,1450,1485,1379
1325,1381,1327,1450,1350,1323,823,827,1352,1326,821,1324
832,1338,830,1339,1379,828,827,825,1579,824,1381,823
1498,470,1377,1499,465,1661,1663,459,462,1662,1659,453
1356,1377,474,1663,1498,470,1661,473,1662,1499,465,459
1133,1158,700,1092,696,1155,1132,1157,1093,689,1156,1160
1266,1363,1444,1268,1572,1573,1267,1191,1471,1502,1429,1265
1400,1401,1361,800,1282,798,1474,1362,1554,1574,1359,789
1362,1282,1474,1574,798,1363,1359,1505,789,1444,1502,1573
1363,1359,1574,1444,1573,1266,1505,1502,1572,1263,1268,1575
1444,1573,1572,1502,1266,1268,1575,1471,1551,1267,1496,1438
1366,1543,1544,1365,1625,1252,1449,1685,1623,1126,1383,1636
1383,1449,1264,1409,1685,1204,1410,1205,621,1602,1177,1623
1365,1544,1449,1685,1383,1623,1264,1409,1624,1410,1602,1204
1655,1286,1368,1287,1676,1276,1221,1248,1592,1249,1827,596
1286,1276,1592,1274,1248,1693,1843,1246,1591,1249,1316,1611
1392,1390,1254,1298,1255,1417,1262,1419,1169,1170,1168,1243
1168,1298,1300,1169,1254,1129,1130,1369,1170,1121,747,1255
1372,1370,1298,1369,1299,1168,1254,1169,1393,1390,1300,1392
1369,1298,1254,1370,1393,1392,1390,1168,1169,1255,1262,1417
1420,1258,1451,1584,1257,1452,1540,1213,1824,1635,1256,1564
1261,1242,1319,1244,1241,1262,1320,1243,1335,1393,1194,1193
1720,1319,1374,1242,1335,1418,1261,1320,1344,1241,1244,1334
1357,1663,1377,473,1356,1662,1498,1661,469,474,1897,470
1498,1661,1662,1659,459,1897,1499,470,469,452,455,465
1355,1338,832,1379,1579,830,1339,827,828,1354,825,1381
1354,1381,827,1339,823,830,825,828,1325,1350,1450,824
1558,2096,1557,1337,1447,1904,1331,1511,1590,1440,1290,1992
823,1350,1450,1325,821,825,1324,1323,818,824,1279,1326
1378,1579,1379,1338,1355,1351,1354,832,1339,830,827,1381
1409,1204,1205,1449,1177,1410,618,617,1203,615,1685,1602
1317,1394,1395,1411,1522,1520,1480,1528,1521,1593,2260,1845
1386,1641,1751,1260,1960,1570,1199,2105,1259,1198,841,839
1199,1260,1641,1198,841,1751,839,842,1259,1570,837,836
561,562,1422,558,563,556,557,559,555,1483,553,1583
563,565,562,1387,561,558,1422,556,1423,557,559,1850
1387,1422,1423,558,561,1388,556,562,557,563,559,1850
1419,1255,1417,731,732,729,1170,728,1192,734,1169,730
1393,1372,1369,1392,1371,1262,1298,1390,1254,1370,1417,1261
1390,1417,1243,1419,1254,1192,1255,728,729,730,1194,731
1392,1262,1369,1261,1390,1417,1243,1254,1298,1192,1244,1419
1395,1480,1528,1845,2260,1521,1771,1520,1531,1844,2322,1994
1528,1521,1480,1531,1441,1771,1529,1530,1443,1845,1844,1303
1477,1473,1500,1402,1404,1559,1403,1562,1145,1561,1560,1195
1396,1428,1470,1473,1144,1477,1633,1559,1402,1500,1404,1403
1490,1401,1360,1554,1400,1361,1525,802,1474,800,1726,1504
802,1360,1400,1398,800,1401,1361,1490,798,1282,1524,1474
800,1361,798,1282,1401,1362,789,1359,1474,790,1574,1363
1474,1554,1361,1504,1505,1574,1362,800,1726,1282,798,1363
1404,1145,1473,1195,1139,1403,1477,1645,1197,1107,1187,1562
1197,1562,1523,1195,1642,1187,1196,1639,1645,1560,1637,1188
1195,1403,1197,1645,1187,1562,1523,1196,1141,1188,1642,1108
1443,1302,1413,1520,1304,1441,1442,1427,1303,580,1271,1521
1522,1405,1207,1317,1443,1520,1302,1413,582,1441,1304,1384
1729,1603,1507,1408,611,1457,1567,1506,613,1644,1508,610
1729,1506,610,1457,1281,607,1507,1280,1458,1416,1508,605
1410,1205,1203,1407,1602,613,615,617,611,1729,1408,1603
1407,1203,1603,1729,1507,1408,1686,611,613,615,1567,1457
2260,1394,1845,1480,2322,1395,1528,1844,1994,2261,1771,1995
1315,1593,1411,1394,2260,1384,1917,1480,1845,1395,2322,1755
1302,1427,1442,580,1443,1304,578,1209,1271,576,1441,1520
1296,1415,1295,1615,1421,1231,1232,1135,1134,1094,1294,1216
1421,1296,1135,1094,1232,1082,1085,1231,1211,1172,1095,1216
1621,1622,1321,1717,603,2440,601,1653,1652,1566,1220,1722
1192,1419,728,730,733,729,735,1194,731,1255,732,726
1374,1261,1393,1262,1391,1392,1242,1243,1244,1319,1369,1417
731,729,732,728,730,734,733,736,735,742,726,1185
1540,1452,1257,1564,1468,1256,1824,1635,1568,1293,1469,1569
1232,1094,1211,1172,1216,1082,1095,1085,1171,1230,1123,1150
556,558,557,561,559,562,555,1483,553,1583,552,1749
1422,557,559,556,1483,558,555,1387,561,1583,553,1748
1425,1237,1616,1617,1618,1940,1414,1159,1349,1238,1295,1456
1618,1617,1414,1349,1295,1238,1940,1296,1415,1615,2030,1294
1424,1160,1237,1459,1425,1616,1159,1617,1155,1679,1618,1156
1442,578,1209,576,1271,1304,1208,574,1272,1146,1303,1441
1396,1402,1473,1477,1404,1470,1138,1145,1403,1500,1195,1562
1269,1314,1371,1471,1148,1372,1370,1391,1299,1298,1369,1147
1336,1432,1431,1344,1375,1335,1319,1345,1436,1586,1720,1334
1344,1345,1586,1336,1335,1631,1334,1792,1346,1319,1375,1320
1375,1436,1336,1720,1319,1374,1335,1431,1344,1418,1242,1261
1434,1342,1435,1697,1552,1699,1305,1306,1547,1698,1711,1945
1435,1552,1699,1547,1698,1711,1305,1553,1885,1546,1763,1584
1305,1699,1547,1552,1546,1553,1585,1307,1711,1584,1698,1373
1720,1375,1418,1374,1551,1319,1261,1336,1242,1393,1262,1335
1432,1430,1438,1587,1436,1336,1375,1575,1431,1720,1319,1344
1436,1432,1575,1720,1375,1430,1418,1374,1336,1551,1319,1572
1446,1176,1463,1166,1464,1448,1462,1164,1465,1162,1475,1163
1439,1175,1445,1176,1446,1165,1448,1166,1464,1463,1512,1462
1529,1303,1304,1521,2078,1530,1301,1271,1531,1528,1272,1837
1209,1304,1271,1208,1303,1272,576,1441,1301,574,1270,1146
1441,1304,1303,1442,1529,1521,1271,1427,1301,2078,1209,1530
1572,1268,1573,1471,1267,1551,1269,1429,1575,1391,1265,1371
1439,1448,1464,1446,1462,1176,1713,1463,1465,1674,1929,1166
1463,1462,1465,1475,1164,1486,1604,1674,1330,1162,1563,1161
1440,1511,1445,1439,1448,1175,1512,1446,1464,1176,1993,1165
1464,1713,1446,1462,1674,1770,1715,1604,1465,2054,1714,1463
1410,1409,1602,1624,1407,1205,1203,1204,1686,1603,1692,1177
1350,1324,1323,821,818,1279,1277,1328,816,814,1278,1485
1824,1452,1420,1635,1540,1568,1826,1564,1257,1733,1784,1468
1540,1564,1568,1635,1733,1468,1569,1469,1786,1784,1634,1293
1456,1679,1341,1940,1343,1455,1481,1616,2030,1454,1349,1709
1695,1340,1481,1433,1343,1308,1708,1342,1696,1434,2030,1306
1454,1341,1481,1881,1456,1340,1695,1343,1308,1433,1940,1708
1940,1343,1341,2030,1481,1616,1349,1308,1454,1294,1618,1340
1281,1458,1508,1416,1280,607,1717,1622,1566,1565,605,1621
1416,1717,1622,1280,1621,1566,1321,1653,605,1722,2440,1652
1424,1679,1616,1425,1237,1940,1456,1618,1453,1160,1349,1617
1459,1747,1426,1424,1679,1157,1237,1616,1746,1160,1425,1453
1460,1426,1157,1160,1459,1424,1747,1158,1237,1155,2351,1159
1604,1465,1674,1486,1672,1563,1330,1475,1673,1714,1715,2555
1475,1164,1465,1462,1161,1486,1330,1184,1152,1604,1563,1153
1462,1446,1674,1604,1465,1463,1715,1486,1672,1714,1770,1563
1486,1475,1330,1604,1563,1184,1161,1329,1673,1284,1672,2556
1467,1322,845,1386,1385,1199,1712,842,841,1260,1641,1819
1385,1386,1322,1819,845,1199,1641,1751,1260,842,841,1960
1469,1564,1291,1633,1569,1292,1632,1568,1559,1470,1397,1786
1633,1569,1632,1559,1734,1786,1470,1561,1876,1500,1397,1634
1396,1559,1500,1477,1561,1473,1632,1562,1560,1403,1402,1404
1269,1391,1551,1372,1393,1371,1369,1418,1392,1314,1298,1262
808,1489,804,1399,809,1494,802,806,1487,1360,807,1398
1404,1477,1403,1145,1562,1195,1500,1197,1523,1645,1139,1642
1505,1574,1504,1362,1496,1502,1363,1495,1282,1573,1438,1359
1184,1161,1330,1486,1183,1284,1201,1153,1563,1329,1604,1173
1466,1555,1467,847,1712,1322,1385,845,1386,1819,1199,1818
1500,1562,1403,1404,1560,1642,1561,1523,1195,1197,1145,1651
1332,1288,1333,815,1536,1283,809,1278,1472,808,807,810
1536,1478,1332,1535,815,1493,1472,1333,808,1288,1489,809
1528,1845,1771,1844,1531,1521,1994,2322,2005,1836,1530,2006
1340,1308,2030,1342,1433,1695,1306,1294,1349,1305,1435,1696
1423,1850,2310,1389,1483,559,1422,557,1748,555,556,1387
1583,555,559,553,1749,557,552,2142,556,1750,548,547
1519,1326,1485,1478,1537,1328,1479,1323,1288,1332,1538,1333
1478,1328,1288,1332,1278,1333,1479,1283,815,1277,810,809
1563,1330,1329,1673,2556,1184,1284,2555,1719,1285,1201,1878
1488,1494,1398,1399,1490,1524,1360,804,1401,1525,802,1400
1490,1398,1524,1494,1525,1401,1554,1360,1877,1399,1726,1474
1494,1487,1399,804,808,1398,1360,1488,802,1492,809,1400
1525,1554,1401,1726,1474,1360,1504,1361,1915,1505,1400,1514
1202,1235,706,1233,1236,1234,704,1227,1509,1225,1226,1358
1488,1524,1487,1526,1490,1398,1525,1494,1877,2036,1401,1554
1527,1489,1487,1472,1494,1492,1580,808,1399,815,804,1488
1399,1398,1360,802,1400,1401,1490,800,1361,1524,1554,1525
1503,1496,1437,1497,1438,1513,1502,1432,1430,1587,1574,1436
1438,1437,1502,1432,1436,1575,1497,1573,1430,1375,1720,1336
1587,1430,1437,1432,1431,1336,1588,1438,1344,1375,1586,1436
1499,1661,459,465,1659,453,452,462,1662,1660,451,448
459,453,1660,462,449,452,457,1659,448,461,1646,451
1560,1561,1562,1848,1642,1723,1403,1651,1876,1523,1404,1778
1534,1997,333,1533,1998,1999,1983,2129,1981,332,1900,2234
1438,1575,1573,1436,1437,1551,1572,1432,1444,1720,1418,1375
1497,1513,1437,1587,1496,1430,1594,3878,1432,1438,1588,1431
1495,1505,1496,1503,1437,1502,1574,1438,1497,1513,1362,1432
1496,1502,1574,1495,1438,1573,1363,1437,1575,1503,1436,1432
1281,1457,607,1280,1458,1416,605,1508,1621,1622,1717,603
1457,1567,1508,1506,1565,1458,1281,1628,1566,610,1717,1416
1458,1566,1565,1717,1281,1416,1626,1722,1622,1629,1627,1280
1245,1236,1549,1510,1226,1233,1461,1548,1225,1550,1460,1157
1550,1460,1461,2351,1226,1747,1426,1459,2010,1157,1225,1746
1448,1445,1512,1440,1464,1713,1439,1929,1446,1175,1462,2055
1448,1929,1713,1464,1445,1770,2054,1674,1715,1462,1446,1439
1594,1497,1587,1595,1430,1588,1437,1431,1432,1496,1597,1336
1495,1503,1504,1513,1496,1620,1497,1437,1505,1474,3878,1587
1352,1516,1484,1796,1519,1326,1327,1537,1485,1542,1478,1325
1484,1537,1519,1542,1485,1538,1479,1478,1326,1327,1332,1975
1515,1353,1352,1541,1351,1516,1484,1327,1681,1796,1326,1354
1482,1313,1869,1310,1423,1850,1389,1973,2310,1422,1483,1311
1478,1485,1479,1332,1288,1536,1333,1328,815,1535,1283,1472
1443,1441,1521,1395,1529,1302,1304,1528,1303,1531,1530,1442
1529,1531,1530,2078,1303,1771,1836,1837,1301,1844,1518,2005
1317,1520,1405,1443,1441,1302,1395,1521,1413,1304,1529,1394
1639,1637,1196,1543,1651,1364,1188,1625,1640,1251,1544,1366
1525,1490,1877,1554,1398,1726,1401,1915,2075,1504,1514,1474
1726,1554,1915,1504,1401,1514,1474,2074,1495,2345,1505,1360
1524,1877,1488,1525,1490,2075,1487,1726,1915,1398,1554,2118
1487,1492,1489,1488,1494,1398,1524,1526,1472,1399,2290,1490
1531,1521,1771,1530,1844,1529,1836,2005,2078,1837,1994,1303
2078,1530,1303,1531,1301,1837,1518,1271,1836,1771,1312,1272
2078,1837,1836,1518,1973,1869,1301,2005,1482,2309,1312,2310
1530,1771,1836,1837,2078,2005,1973,2309,1518,1869,2006,1301
1765,1730,2129,1732,1764,1767,1766,1900,1534,1998,1781,1911
332,2129,1534,1765,1532,1998,1900,1764,1730,1997,1999,2234
1998,2129,1997,1999,1900,2234,1765,1981,1936,1764,1899,2064
1493,2209,1536,1527,1489,1472,1332,1582,1487,1478,1580,815
1472,1493,815,1489,808,1333,804,809,1527,1399,1494,1487
1538,1519,1479,1535,1478,1975,1536,1485,1332,1581,1493,1326
1535,1479,1581,1519,1536,1493,2209,1478,1332,1527,1701,1472
1412,1593,1612,1315,1411,1917,2260,1613,1394,1755,1384,2261
1564,1468,1469,1293,1568,1569,1635,1633,1291,1733,1632,1786
1681,1796,1515,1516,1797,1542,1537,1484,1353,1352,1519,1974
1538,1975,1537,1535,1581,1479,1519,2424,1484,2209,1493,1536
1625,1544,1366,1623,1636,1685,1365,1638,1449,1624,1648,1252
1685,1623,1449,1365,1624,1638,1602,1692,1383,1410,1409,1686
1129,763,1119,1121,760,1300,1096,1120,1116,756,1168,1130
1585,1373,1309,1584,1258,1451,1420,1553,1212,1824,1213,1452
1585,1546,1584,1553,1373,1711,1451,1710,1824,1309,1761,1420
1984,1550,1510,2351,2010,2012,1245,1460,1747,2119,1461,1746
1510,1245,1548,1550,1461,1984,1226,1460,2351,1233,1747,2010
2351,1460,1747,2010,1461,1459,1746,2119,1679,1426,1453,1424
1391,1393,1418,1269,1720,1262,1372,1369,1392,1261,1374,1371
1699,1698,1711,1553,1763,1760,1547,1761,1584,1903,1305,1710
1584,1710,1761,1824,1585,1825,1451,1826,1762,1373,1635,1863
1504,1474,1505,1514,1495,1361,1496,1574,1503,1502,1362,2345
1712,1467,1466,1385,1819,1818,847,1386,1322,1751,1960,1641
1577,1476,1555,851,1598,849,1466,1712,1467,847,1816,1818
1590,1447,1511,1992,1440,1512,1445,1331,1448,1993,2095,1439
1447,1557,1331,1440,1511,1445,1590,1175,1253,1439,1448,1512
1561,1500,1477,1560,1876,1848,1562,1723,1473,1849,1642,2259
1723,1642,1651,1650,1778,1637,1523,1849,1640,1776,1649,1847
1848,1876,1560,1723,1849,1778,1562,1875,1651,1642,1650,1847
1642,1560,1523,1651,1197,1637,1723,1639,1650,1196,1640,1543
1329,1673,2556,1284,1719,2555,1878,2269,1285,1201,1879,1549
1469,1568,1569,1633,1786,1733,1632,1734,1291,1559,1634,1784
1566,1626,1627,1629,1717,1775,1722,1716,1458,1718,1653,1772
1629,1717,1722,1718,1716,1653,1622,1654,1721,1652,1675,1321
1565,1628,1508,1627,1566,1457,1626,1458,1717,1671,1629,1775
1733,1569,1786,1634,1469,1734,1632,1785,1805,1633,1806,2259
1786,1734,1632,1633,1876,2259,1805,1559,1561,1785,1875,1470
1571,1259,1678,835,834,1355,1378,1198,836,1741,832,1382
1355,834,1378,832,835,1338,1382,830,1379,1339,828,1579
1471,1551,1269,1391,1575,1429,1393,1372,1418,1371,1436,1369
1572,1575,1551,1471,1268,1438,1436,1418,1391,1269,1720,1393
1363,1502,1573,1359,1444,1496,1575,1572,1438,1551,1266,1436
1436,1551,1418,1720,1375,1432,1471,1374,1393,1391,1261,1262
1578,1556,853,1577,851,1600,1555,1598,1476,849,1816,2134
1555,1598,1476,1712,1816,1467,1818,1466,849,1819,1385,2014
1577,1598,1556,1555,1816,2134,1476,1712,851,1818,1467,2014
1354,1351,1379,1381,1338,1325,1327,1353,827,1339,1450,823
1492,2290,1526,1527,1524,1488,1487,2036,1877,1490,1525,1489
2209,1701,1535,1582,1493,1527,1580,1852,1700,1536,1479,1492
1700,1580,2209,2290,1527,1492,2035,1526,1493,2036,1487,1524
553,1749,555,552,548,1750,547,546,2244,550,2243,551
1824,1710,1451,1826,1635,1452,1420,1825,1258,1540,1784,1568
1584,1373,1451,1824,1420,1258,1710,1452,1635,1540,1826,1257
1631,1345,1792,1344,1346,1790,1683,1334,1336,1335,1380,1337
1588,1430,1431,1586,1336,1344,1597,1432,1345,1335,1631,1375
1586,1597,1431,1345,1792,1430,1631,1344,1605,1336,1683,1346
1517,1541,1515,1353,1681,1516,1798,1352,1796,1484,1797,1351
1511,1993,1512,1448,1447,1929,1445,2055,1713,1464,1440,2104
1539,1614,1612,1316,1412,1593,1613,1315,1917,1755,1275,1411
1843,1274,1591,1611,1539,1614,1246,1316,1248,1612,1412,1752
1917,2260,1411,1755,1845,2261,2322,1394,1480,1916,2019,1994
1587,1588,1595,1497,1431,1597,1430,1586,1596,1437,1345,1344
1588,1597,1596,1587,1586,1605,1609,1431,1792,1497,1607,1631
1609,1597,1605,1607,1665,1588,1792,1586,1683,1667,1587,1631
1605,1586,1792,1631,1683,1431,1665,1345,1790,1344,1346,1684
1816,1555,1712,1818,2014,1819,1476,1467,2015,1385,1960,1959
1578,1576,1600,1815,1577,1556,1598,2134,1817,853,1816,1555
2134,1578,1816,1598,1577,2015,2014,1892,1818,1556,1555,1712
1599,857,1576,1814,855,1578,1600,1891,853,1556,1815,1577
1410,1686,1603,1407,1203,1644,1507,1703,1729,1567,1408,1668
1567,1507,1644,1729,1628,1508,1565,1668,1457,1643,1408,1627
1486,1563,1673,1672,1330,2555,2556,1329,1952,1878,1879,1284
1792,1665,1683,1586,1684,1631,1790,1682,1791,1345,2025,1691
1610,1608,1596,1595,1607,3878,1609,1597,1594,1605,1588,1664
1609,1667,1665,1605,1691,1682,1597,1689,1683,1684,1792,2371
1607,1596,1609,1664,1595,1605,1667,1665,1597,1688,1594,1588
1605,1665,1597,1667,1683,1792,1682,1684,1691,1586,1588,1631
1595,3878,1596,1608,1594,1597,1588,1513,1609,1607,1587,1605
1843,1752,1614,1591,1613,1795,1754,1612,1539,1274,1753,2727
1593,1917,1755,1412,1753,2260,2261,1411,1918,2322,1315,1916
1753,1612,1755,1853,1918,1917,1593,2261,1916,2033,2260,1412
1613,1612,1539,1754,1753,1755,1593,1917,1412,2727,1316,1853
1415,1135,1117,1421,1094,1085,1296,1082,1083,1232,1081,1095
1940,1618,1425,1349,2030,1295,1414,1617,1343,1294,1296,1308
1238,1414,1618,1615,1415,1239,1134,1296,1295,1349,1421,1135
1349,1295,1414,1296,2030,1294,1231,1238,1415,1421,1297,1615
1620,3878,1610,1606,1595,1594,1513,1866,1596,1608,1588,1587
3878,1513,1594,1610,1503,1595,1497,1587,1606,1588,1495,1437
603,2440,1321,1622,601,1220,599,1652,1653,596,1221,1722
1321,1653,1652,2440,1722,1220,601,1367,1654,599,1287,1718
1638,1624,1685,1692,1742,1686,1602,1449,1704,1703,2003,1410
1692,1686,1602,1703,1603,1410,1704,1644,1407,1668,1409,1702
1636,1623,1544,1638,1648,1685,1941,1366,1624,1742,1692,1449
1629,1716,1566,1718,1722,1721,1772,1717,1654,1774,1653,1675
1626,1775,1716,1629,1566,1867,1772,1718,1722,1721,1717,1950
1627,1565,1671,1626,1775,1566,1508,1629,1716,1867,2052,1772
1722,1718,1716,1654,1721,1653,1675,1772,1655,1774,1773,1622
1380,1904,1557,1558,1590,2096,1992,2024,1447,1511,1337,1331
1790,1346,1380,1334,2096,1630,1791,1337,1558,1335,1557,1290
1559,1561,1734,1876,1848,1500,2259,1875,1849,1560,1805,1723
1559,1470,1632,1561,1500,1396,1734,1477,1876,1428,1848,1560
1785,1786,1805,1804,1734,1803,1808,1569,2259,1807,1884,2229
1733,1568,1784,1564,1634,1786,1863,1569,1806,1785,1469,1734
1638,1941,1623,1742,1692,1544,2003,1656,1624,1704,1685,1821
1639,1543,1625,1640,1636,1364,1544,1649,1623,1648,1638,1366
1742,1692,1704,1624,2003,1685,1703,1686,2235,1702,1821,1602
1543,1364,1625,1544,1366,1251,1640,1623,1365,1636,1189,1685
1636,1648,1625,1941,1543,1638,1657,1623,1656,1742,1544,2003
1260,1259,1570,1198,2105,835,836,1571,839,837,841,834
1651,1637,1523,1639,1640,1650,1543,1625,1196,1778,1649,1364
1628,1671,1627,1670,1567,1565,2052,1775,1626,1867,2223,1566
1643,1628,1567,1565,1669,1627,1507,1671,1508,1626,1670,1775
1195,1187,1141,1140,1188,1197,1189,1127,1196,1102,1105,1523
443,2281,434,1758,2460,429,2459,447,2193,438,422,2300
1758,1646,2281,2460,447,434,443,438,2459,429,2193,432
1941,1636,1656,1638,2003,1742,1658,1623,1821,1820,1704,1692
1648,1657,1640,1636,1941,1656,1658,1625,1638,1823,2003,1742
1649,1776,1640,1648,1657,1777,1637,1636,1625,1941,1656,1658
1650,1640,1637,1649,1776,1625,1636,1648,1639,1543,1657,1941
1220,1367,1287,599,1221,1286,1655,596,1368,1249,1248,1276
1652,1654,1367,1655,1718,1220,1287,1675,1286,1368,599,601
1655,1367,1675,1652,1368,1676,1827,1286,1773,1287,1220,1592
1368,1676,1827,1286,1592,1276,1693,1287,1843,1793,1274,1248
2003,1941,1821,1820,1742,2235,2382,1638,1704,2128,1829,1692
1658,1648,1656,1941,1820,1822,1636,2003,1821,1742,1638,1828
1820,1822,1656,1821,1829,2382,1941,2003,1861,1970,2128,2235
451,452,448,455,453,449,1660,443,1646,434,1647,2281
449,453,1646,443,452,1647,434,448,2281,451,454,1758
1659,459,452,451,455,448,1499,460,453,465,464,1660
1897,1661,460,455,1659,464,451,452,459,448,1499,453
1377,1662,469,1897,1661,460,464,1498,455,1659,451,459
1667,1607,1689,1691,1609,1665,2371,1682,1596,1976,1840,1799
1682,1684,1683,1792,1799,1791,1841,2025,2371,1790,1631,1586
1608,1664,1607,1606,1688,1596,1609,1667,1610,1689,1665,1691
1691,1682,1665,2371,1799,1684,1605,1840,1842,1841,1683,1851
1643,1669,1644,1628,1671,1670,1567,1627,2294,2052,1565,1775
1670,1643,2294,1671,2052,2223,1628,1627,1867,2293,2049,1775
2052,2223,1671,2049,1867,2222,1775,1627,1950,1628,2051,1772
1627,2052,1775,1867,1626,1772,2049,1565,1716,1950,1629,1566
2555,1673,1952,1879,1563,1878,1486,2556,1953,2009,2269,1329
2555,2556,1878,1879,1329,2269,1719,2009,2038,1953,1284,1285
1672,1714,1604,1673,1952,2555,1486,1465,1563,1769,1879,2556
1827,1655,1773,1676,1793,1693,1368,1367,2160,1592,1783,1286
1368,1693,1592,1843,1276,1611,1286,1783,1274,1591,1614,1752
1532,1732,1730,332,1765,1767,1533,333,1781,1764,2129,1766
1571,1378,1382,1355,1728,832,834,1338,1579,1379,835,830
1456,1940,1616,1424,1343,1341,1349,2030,1618,1425,1481,1455
1798,1541,1681,2076,1589,1797,1796,2258,1517,1515,1974,1516
1797,1796,1542,1516,1974,1537,1515,1538,1975,1484,1519,2077
1799,1684,1841,1683,2025,1842,1851,1791,2001,2024,1839,1792
1684,1791,1790,1631,2025,1630,1841,1380,1904,1346,1345,2024
2025,1791,1841,2024,1790,1904,1630,1851,2001,1631,1992,1380
1624,1449,1602,1692,1686,1410,1409,1603,1407,1742,1703,1704
1703,1603,1644,1668,1407,1567,1702,1643,1628,1507,1669,1565
1666,1664,1688,1607,1608,1689,1980,1667,1691,1606,1609,1976
1980,1689,1664,1667,1976,1691,1979,2371,1840,1607,1934,1682
2371,1691,1840,1976,1667,1799,1842,1682,1886,1839,1934,1665
2416,1687,1688,1980,1664,1666,1689,1979,1976,1667,1607,1608
2371,1682,1799,1840,1842,1665,1841,1684,1851,1839,1886,1887
1704,1703,1686,1702,1602,1668,1644,2235,1603,1643,1813,1669
1611,1843,1783,1592,1614,1591,1752,2500,1274,1276,1613,1539
395,2031,2032,1736,388,2004,393,385,1924,382,380,2472
1433,1696,1340,1434,2053,1342,1697,1435,1308,1552,1945,1699
1433,1697,1434,1552,1945,1342,1435,1699,1885,1698,1711,1763
1552,1885,1698,1434,1763,1699,1711,1903,1435,1760,1553,1901
1763,1711,1760,1699,1901,1761,1553,2125,1762,1947,1710,1547
1553,1547,1711,1584,1761,1585,1710,1546,1760,1763,1824,1451
2290,2035,1580,1526,2036,1492,2117,1527,1524,1877,1488,2075
1582,2209,1852,1700,1580,2290,1527,1535,2035,2439,1493,1492
1668,1813,1669,1643,2294,1644,1670,2564,1671,1628,2052,2223
1668,1702,1644,1643,1669,1603,1628,1813,1567,1671,1670,2294
1702,1703,2235,1668,1813,1686,1669,2128,1644,1643,2294,2564
1707,1706,1811,1680,1589,1830,1759,1541,1798,1838,1787,1517
1707,1759,1589,1517,1727,1680,1541,1353,1515,1798,1681,1351
1680,1589,1541,1798,1681,1759,1517,1515,2076,1796,1797,1516
2053,1696,1695,1945,1697,1433,1434,1340,1948,1885,1552,1902
1881,1455,1454,1695,1341,1939,1708,1481,1340,1433,1696,1456
1824,1826,1825,1635,1451,1762,1863,1784,2126,1452,1733,1806
1553,1761,1760,1710,1584,1762,1825,1901,2125,1824,1585,1826
1819,1385,1467,1818,1751,1960,1386,1641,1959,1322,2105,1570
1674,1715,1464,1770,1714,1462,1768,1672,1604,2604,1446,1769
1672,1952,1769,2555,1879,1673,1604,1953,2411,1954,1878,1563
1714,1674,1769,1672,1952,1955,2555,1604,1954,1879,1673,2411
1721,1718,1772,1774,1722,1675,1773,1654,1951,1827,2160,1655
1622,1722,1653,1629,1321,1652,1654,1621,1718,1367,2440,1716
1654,1721,1675,1655,1773,1774,1827,1676,1367,1368,1652,1793
2269,1549,1548,1509,2038,1510,1984,1245,1550,1236,2012,2351
1374,1418,1261,1319,1242,1262,1393,1244,1243,1241,1335,1320
1774,1773,1675,1827,2160,1654,1793,1655,2615,1676,1693,1794
1653,1654,1718,1675,1367,1655,1652,1721,1321,1676,1368,1773
1650,1778,1651,1642,1776,1649,1640,1847,1637,1648,1657,1777
1744,1846,1725,1982,1743,1983,2513,1756,2797,319,322,1991
1756,1846,1983,1744,1997,1982,1501,2797,1981,1743,319,2513
1514,1554,1504,1495,2345,1503,1474,1505,1496,1620,1513,2026
1728,1759,1351,1353,1517,1579,1589,1382,1354,1327,1515,1352
1579,1382,1351,1354,1378,1379,1353,1759,1327,1338,1517,1355
1507,1457,1506,610,1281,1508,1458,607,1567,1280,1416,605
1767,1766,1764,1911,1996,1900,1780,1779,1899,1998,1782,1913
1732,1868,1677,1781,1532,1730,339,1767,1920,332,1765,1780
1767,1781,1730,1780,1766,1765,1996,2110,1764,1782,1779,2017
1634,1786,1785,1569,1806,1805,1734,1803,1804,1469,2259,1632
2259,1876,1805,1875,1561,1849,1808,1884,1848,1559,1804,1874
1923,1745,1925,1743,337,1991,344,356,331,363,328,2513
2004,1924,2472,382,380,363,1735,1923,376,344,1925,1745
1811,1809,1705,1707,1680,1838,2022,1706,1738,1798,1589,2144
1830,1787,1706,1705,1759,1707,1727,1831,1589,1811,1517,1680
1705,1737,1738,1811,1706,1707,1809,1830,1680,1787,1589,1759
1739,1738,1705,1789,1737,1706,1787,1830,1811,1707,1835,1759
1678,1728,1382,1378,1579,1727,1571,1351,1355,1379,1338,1354
1704,2003,1692,2235,1703,1702,1624,1821,1686,1668,1813,2128
1991,2513,1744,328,331,324,1982,322,337,1846,319,2797
1982,2513,1846,322,1991,319,324,328,2797,1983,331,315
1743,1925,1991,1744,2513,331,328,337,1724,324,344,1982
1453,2011,1679,1456,1341,1882,1455,1459,1940,1343,1616,1481
1459,1679,1746,1453,1424,1616,1426,1456,1940,2011,1341,1425
1749,1583,1483,2142,553,1750,555,552,559,548,2244,547
1750,552,548,553,547,555,546,550,2243,551,545,2242
547,548,546,552,550,553,551,545,2242,544,2450,542
2105,1641,1570,1259,1832,1678,1260,1571,1198,835,1741,1199
1795,1754,1614,1613,2727,1753,1612,1802,1591,1853,1755,1918
1918,1755,1916,2033,2020,2261,1917,1593,2019,2151,2034,2306
1753,1613,1853,1918,1755,2350,2033,1612,1916,2020,1917,2261
1917,2261,1918,1916,2322,2019,2260,2020,2033,2034,1995,1411
1501,1997,1983,1846,1534,1981,338,1999,2797,1998,333,1533
1866,1606,1619,1610,1608,3878,1596,1666,1620,1595,1594,1607
2460,438,2281,2193,2459,432,434,429,2040,2300,443,422
1517,1589,1353,1515,1351,1541,1352,1327,1579,1516,1484,1681
1761,1762,2125,1825,1553,2163,1710,2127,2126,2177,1826,1584
1710,1825,1762,1826,1584,1824,2125,2126,1863,2127,1635,1451
1825,2126,2127,1863,2177,1826,2204,2098,2644,1806,1824,1784
1901,1760,1711,1947,2125,2163,1761,1762,1553,2177,2079,2127
1900,1899,1766,1911,2234,1898,1779,1910,1913,1996,1912,1936
1764,1730,1900,1766,1998,1899,1911,1767,2234,1996,1779,1999
1911,1996,1779,1913,1899,1782,1931,1898,2124,1914,2047,2017
1766,1996,1780,1782,1779,1764,1911,2017,2124,2047,1913,1931
1955,1715,1769,1714,1954,2043,1952,2411,2044,1674,1672,1953
1952,1954,2411,1953,1879,2044,1672,2555,2289,2008,2009,2109
1715,1768,2604,1714,1955,1769,1674,2041,1952,1672,1954,2043
1836,2005,1530,2006,2309,1837,1973,2311,2078,2263,2264,1869
1774,1951,1721,2615,1773,2160,1718,2050,1675,2162,1793,1827
1827,1793,2160,1693,1676,1794,1783,1655,2162,1611,2500,2161
1773,2160,2615,1793,1675,1827,2162,1794,1783,2161,1693,1676
1716,1772,1626,1629,1721,1950,1774,1718,1951,1566,1722,1773
1649,1777,1657,1648,1658,1640,1823,1656,1941,1860,1636,1822
1823,1657,1658,1649,1822,1656,1828,1648,1820,1941,1640,1829
1776,1650,1847,1649,1651,1777,1896,1657,1640,1648,1823,1658
1913,1931,2124,1914,1930,2165,1898,2166,2018,2463,1909,2016
1782,1996,2017,2047,2124,1766,2048,1779,2018,2045,1931,1911
1780,1767,2110,1996,2017,1782,1730,1766,2046,2048,2047,1779
2047,2124,2018,1779,2045,1931,2166,2338,2165,1913,1911,2093
2500,1611,1752,1843,1795,1800,1614,1754,1613,1592,1591,1802
1733,1806,1634,1785,1803,1786,1568,2098,1805,1804,1569,1864
1804,1805,1808,1807,1864,2229,2259,1734,1884,2099,2230,1875
1734,1805,1785,2259,1632,1876,1804,1808,1875,1884,1803,1633
1830,1831,1727,1759,1706,1728,1741,1351,1517,1589,1353,1707
1740,1789,1738,1787,1739,1961,1830,1705,1706,1831,1810,1737
1961,1787,1831,1738,1830,1832,1727,1741,1706,1728,1739,1759
1630,1380,1791,1346,2096,1904,1557,1558,2025,1337,1334,1447
2025,1630,1904,1380,2024,1557,1992,1346,1590,1558,2001,2096
1631,1683,1790,1345,1791,1346,1684,1630,1380,1344,2025,2096
1783,1794,1693,2500,1611,1676,1843,2161,1752,1800,1592,1795
2500,1783,1800,2312,1795,1752,1611,1693,1801,1802,2313,1843
2727,1802,1754,1853,1613,2314,2350,1753,1614,1918,2033,2349
1516,1542,1537,1538,1519,1484,1975,1479,1352,1535,1478,2002
1542,1796,1974,1537,1975,1516,1538,2002,1515,4754,1519,2424
1681,2076,1797,1541,1796,1974,1542,1516,1515,2077,1537,1517
1842,1851,1841,1684,1887,2001,2025,2000,2024,1888,1683,1791
2500,1801,1795,1802,2314,2727,1752,2367,1754,1611,2350,2366
2367,1802,2314,2366,1795,2670,2727,2349,2350,2505,1754,2506
2727,2314,2350,1754,1853,2349,2366,2402,2033,1753,2306,2505
1864,1785,1807,1804,2230,1808,2099,2229,1805,2172,2100,1884
1808,1807,2229,1805,2099,1884,2259,2230,1893,2172,2210,1875
1808,2259,1884,1875,2229,1876,1807,1874,1893,1849,2099,1894
1803,1785,1634,1864,1804,1807,1805,2097,1786,1808,2230,2229
2099,2230,2229,1808,2172,2210,1893,2173,1884,2178,2259,1870
1884,2229,2259,1893,2099,1875,1894,1874,2210,1870,1876,2172
2022,1811,1838,2144,2058,1680,1705,1798,1707,2076,2258,2206
1737,1835,1739,1740,1809,1705,1811,2023,1738,2022,1707,1680
1680,1707,1838,1798,1706,2076,1541,1681,1589,2144,2258,1797
1740,1739,1810,1737,1788,1705,1738,1835,1811,1706,1809,1789
2294,2564,1669,1670,1668,2293,2223,1643,2563,2052,1671,2565
1815,1599,1600,1817,1578,2134,1890,1576,1816,1598,1577,1892
1817,1600,2134,1892,2015,1816,2102,1578,1598,2013,1576,2014
2014,1818,1959,1712,1972,1819,1555,2013,1960,1961,2409,1385
2134,1892,2015,1600,1816,2013,2014,2101,1598,1578,1972,2111
1819,1960,1959,1751,1385,1972,2105,1832,1961,1467,1641,1570
1751,1385,1960,2105,1641,1959,1570,1386,1832,1260,1961,1259
1821,2382,1829,2128,2003,2413,1970,2562,2235,1742,2564,1813
2128,2235,2382,1813,1704,2562,2564,1702,2413,2294,1692,2563
1829,1820,1861,2382,1970,1656,2413,1858,1821,2279,2562,2128
1828,1822,1658,1657,1820,1861,1862,1829,1656,1858,2382,1970
1635,1826,1452,1825,1784,1733,1568,1863,1540,1564,1806,1634
1826,1863,2126,1784,2127,1806,2098,1635,2204,1733,1803,1785
1784,1635,1863,1733,1806,2126,1634,1568,1452,1785,2098,1803
1693,1676,1793,1783,1611,1592,1843,1368,1794,2500,1752,1614
1862,1822,1861,1858,1829,1658,1943,1970,1820,2279,1942,2382
1970,2382,2413,2562,1821,1969,2128,2379,1944,2564,2563,1971
1706,1759,1727,1589,1517,1707,1353,1728,1351,1741,1515,1541
1741,1728,1727,1830,1678,1382,1759,1579,1351,1706,1378,1353
2105,1741,1831,1678,1570,1728,1382,1787,1571,1378,1727,1355
1812,1810,1922,1834,1740,1739,1835,1737,1788,1856,1705,1738
1810,1835,1856,1812,1737,2023,1809,1739,2059,1922,1740,1811
1809,1737,2023,2022,1811,1739,1838,2058,1705,2208,2144,1680
1973,1837,2309,1869,2310,2308,2311,1518,1482,2552,1850,2263
1869,1973,1518,1482,2310,1850,2309,1313,1312,2308,1423,1748
2076,1798,1680,2258,1797,1681,1707,2257,1974,2077,1541,1796
1842,1888,1887,1851,2065,1799,2060,2339,2000,2390,2340,1841
2371,1839,1886,1842,1799,1888,1887,1977,1851,1682,2339,2065
2025,1851,2001,2024,1791,2000,1904,2145,2095,1992,1630,1790
1851,1887,1888,1841,2000,2060,2001,2065,1684,2339,2061,2145
1591,1614,1274,1752,1539,1612,1613,1316,1754,1412,1593,1795
1771,2006,2005,1531,2264,1836,2263,2311,2309,1530,2684,2147
1844,1994,1771,1995,1528,2006,2264,2019,2005,1531,2263,2147
1982,1983,2797,319,2513,322,1981,1997,2084,315,324,2420
1776,1896,1777,1650,1657,1823,1649,1860,1658,1648,1651,1828
1723,1778,1849,1560,1650,1651,1847,1776,1874,1642,1562,1649
1778,1847,1874,1723,1776,1896,1650,1894,1777,1649,1651,1657
1483,1423,559,1748,555,1583,557,553,1749,1422,556,552
2001,2000,2060,2145,2024,2025,2061,2159,2095,2065,2340,1992
1700,1582,2439,2035,2290,1580,2116,2209,2036,1526,2117,1492
1753,2033,1918,2020,1755,2306,1916,2151,2402,2021,2261,2635
1834,1871,1856,1835,2059,1833,1810,2253,2023,1809,1812,1737
1854,1834,1833,1856,1871,1810,1835,1921,1812,1922,2059,1737
1835,2059,2023,1809,2208,1810,2022,2205,1737,2058,1812,2291
1833,1855,1921,1922,1834,1812,1810,1854,1962,1740,1739,1835
1942,2279,1861,1970,1944,2280,1969,1829,2413,1967,1968,2218
1862,1828,1823,1943,1861,1858,1822,1777,1942,2279,1829,1658
1859,1823,1828,1862,1777,1895,1822,1658,1861,1858,1943,1657
1970,1829,2279,2413,1942,1969,1820,2382,1944,2280,2562,2379
1858,1943,1861,1942,2279,1822,1970,2220,1829,1944,2280,1969
1806,1784,2098,1803,1785,1733,2204,1634,1864,2097,1804,1807
1807,2230,1804,2099,2100,2172,2229,2173,1808,1805,2210,2180
1866,1666,1687,2068,1608,1757,1606,1690,1664,1607,1610,1688
1606,1608,1666,1610,1596,1607,1687,1664,1609,1595,3878,1690
1950,1775,1772,1951,1716,2051,1774,2050,1626,1721,2615,2376
1920,1781,1732,1677,2063,1767,2110,1780,1730,1532,2046,335
1482,2310,1850,1313,1423,1748,1483,2308,559,1583,555,1389
1859,2196,1860,1895,1862,1828,1896,1823,2194,1943,1858,1861
1856,2253,2059,1834,2023,2205,1835,2208,2251,1810,2058,1809
1873,2492,1933,1855,1854,2267,1857,2508,1871,1956,1834,1833
1854,2267,1871,1855,1856,1834,2253,2268,2059,1857,1833,1835
1847,1894,1896,1778,1860,1777,1776,1823,1870,1723,1859,1650
1849,1874,1847,1848,1778,1894,1896,1893,1776,1723,1777,1860
1875,1848,1849,1778,1874,1723,1884,1560,1847,1650,1776,1894
1525,1915,1726,2074,1490,1554,1514,2696,2345,1504,2026,1398
2269,2009,2038,2037,1719,1548,2012,2007,1984,1285,2082,1549
2009,1878,2007,2038,2037,2556,2269,2008,2082,2012,2412,1719
1939,1881,1709,2154,1708,1455,1695,1454,2191,2053,2157,1696
1695,1708,1454,1696,1433,2053,1340,2191,1481,1434,1697,1945
1455,1709,2011,1454,1341,1880,1453,1881,1481,1456,1695,1343
1882,1709,1880,1455,1881,2011,1938,1939,1454,1695,1341,1708
1875,1874,1893,1894,1849,1896,1870,1847,2210,1860,1778,1848
1763,1698,1903,1552,1901,1760,1946,1711,1947,2963,1699,2125
1839,1977,1888,1842,2339,2371,1887,2231,2065,1799,2390,2060
2060,1851,2000,2065,2061,2340,2001,2159,2145,1841,2066,2067
2065,1887,2060,2390,2340,2066,2233,1851,2000,2061,2392,2138
859,2072,1601,857,1599,2071,1814,1891,1576,855,1815,1578
1815,2102,1817,1892,2541,2134,2101,1600,2015,2111,2013,2250
1815,1814,1890,1817,1599,1600,2249,2134,1892,2102,1578,2015
2101,2015,2013,2134,1962,1816,2014,1972,2409,1921,1956,1922
1894,1870,2210,1874,2196,1860,1859,1896,1895,2195,2178,1847
1896,1860,1870,1859,1847,1823,1777,1828,2196,1895,1862,1776
1859,1862,1943,2194,1858,1828,2220,1861,1942,2279,1823,2479
1860,1777,1823,1776,1828,1859,1658,1657,1822,1649,1862,1650
460,464,455,1661,451,1659,452,448,459,1499,453,465
1912,1914,1909,1913,2090,1935,2463,1930,1931,2389,2016,1985
1910,1898,1911,1912,1936,1913,1935,1914,1909,1937,1779,2090
2234,1899,1910,1911,1936,1898,1766,1912,1937,2064,1935,1913
2125,2163,1760,1762,2177,2255,2127,1761,1825,2126,2254,2644
1903,1946,1885,1763,1947,2963,1697,1901,1698,1963,2163,2079
1763,1947,1901,2963,1698,2163,1760,2125,2079,1711,2255,1762
1992,1590,1557,2095,1993,1511,1558,1512,1447,2145,2055,1448
2068,1865,1687,1666,1690,1866,1664,1688,1608,2416,1757,1606
1865,1866,1757,1905,2027,1606,1666,1608,1619,2068,1610,1687
1905,1865,1906,2068,1866,2315,1666,1687,2395,1690,1757,1608
1907,1906,2315,1865,2292,2069,1905,1866,1757,2068,2027,2334
2463,2090,2389,2428,1930,2089,2016,1985,2387,2425,2167,2545
1912,1935,1937,1898,1986,2090,1909,1985,2323,1914,1913,2091
1898,1913,1779,1914,1931,1912,1910,1909,1930,2124,2463,1935
1935,1909,2090,1914,1985,1986,2463,2389,2089,2091,2428,1930
1914,1931,1930,1909,2463,2165,1912,2016,2545,2428,2090,2166
1909,2463,1930,2016,2428,2389,2090,2165,2545,2425,2089,2387
1726,2345,1514,2026,1620,1503,1504,1554,1495,1513,1619,2027
2019,2020,2034,2021,2322,1995,2147,2146,2151,2148,2307,1994
2260,2261,2322,1411,1916,1845,2019,1995,1994,1480,1394,2034
2020,1916,2261,2021,2034,2151,2019,1917,2306,2322,2307,2635
1920,1868,2063,340,1781,1731,2110,1732,335,2046,1780,1767
2063,1781,2110,2046,1780,1732,2017,1767,2048,330,2062,1782
1922,1962,1833,1812,1788,1740,2013,2409,1810,1834,1739,1738
1812,1740,1788,1739,2409,1810,1738,1789,1705,1737,1972,1787
344,1925,337,331,1745,1991,1743,328,2513,324,1744,322
2472,1735,1923,376,363,1925,344,1745,370,337,1743,1991
1991,331,337,1743,328,2513,324,1744,322,1982,1724,319
1928,1883,1882,1927,2011,1709,1455,1880,1746,2198,1453,1881
2198,1883,1880,1938,2153,1709,1882,1939,1881,2154,2155,1928
1882,2011,1746,1455,1453,1883,1709,1341,1456,1747,1679,1454
1770,2054,1713,1715,1448,2604,1768,1674,1464,1714,1955,1769
2016,2463,2545,2428,2284,2425,2389,2625,2228,2123,2387,2182
2165,1930,1914,2166,2284,2545,2016,2463,1909,2123,2338,2428
1240,1218,1246,1219,1250,1247,590,1275,1217,588,1406,1316
1956,1857,1855,1833,1873,1921,2111,1854,1834,1922,1812,1810
2270,1886,1977,1840,2231,1888,1839,2339,2232,2371,1842,2233
1986,1985,2090,2091,1909,2089,2389,2092,1914,2238,2463,2169
1937,2064,1910,2323,1935,1986,2083,1912,1898,2421,1985,2091
1986,2323,1935,1912,2091,1985,2421,2238,2090,1898,1909,3022
2154,1939,1880,2157,2191,1881,1708,2226,1709,2192,2298,2053
1708,1881,2191,2053,1695,1696,2192,1945,1454,1948,1697,2298
1349,2030,1343,1618,1294,1308,1295,1481,1306,1414,1297,1340
1742,1638,2003,1704,1692,1623,1821,2235,1820,1624,1703,1702
2280,1944,2279,1967,2218,1969,1970,1968,2654,1971,2221,2219
1858,1942,2220,2280,2279,1861,1944,2218,1970,1967,1969,1822
1968,1967,1969,1971,2221,2219,2327,2413,2379,2380,2325,2324
1885,1902,1697,1903,1698,1949,1763,1946,1552,1434,1901,1947
2963,1947,1963,1903,2079,1901,3078,2163,1763,2080,2255,1698
2163,1901,2079,2255,2125,2177,1760,2080,2254,1762,2127,2631
1902,1949,1945,1946,2053,1885,1965,1903,1964,1697,2963,1963
1965,1946,1902,1963,2963,1988,1903,1947,1885,3078,2079,1763
1951,2050,1772,2615,2376,1774,2160,2162,2375,1721,1716,2378
2615,1774,2160,2162,1721,1773,2375,1794,1793,2161,1827,2374
2555,1879,1953,2411,1673,1878,2009,2007,2008,2556,1563,2289
1879,2007,2009,2008,1878,2037,2412,2410,2589,2082,2038,2770
2044,2411,2289,2109,1953,2008,2410,1952,2567,2740,1879,2589
2043,1954,1769,2044,2042,2411,2109,2289,1714,1952,1953,2107
1857,1921,1833,1855,2101,1922,1962,1812,1834,1854,2013,1873
1891,1890,2249,1815,2072,1814,1817,2102,2248,1892,2541,1600
2071,1889,2072,1891,861,2086,1601,859,1957,1814,1599,1815
1960,1961,1832,2105,1751,1789,1831,1741,1678,1385,1570,1787
2105,1751,1832,1961,1570,1678,1641,1741,1831,1571,1386,1259
1832,1831,1787,1741,2105,1678,1728,1738,1830,1727,1751,1382
2409,1922,1788,1740,1972,1789,1812,1833,1738,1739,1961,2014
2963,3078,2079,2080,1947,2081,1903,2320,2163,2254,2255,2788
1965,1990,1988,1949,1963,2321,1946,2533,3078,2081,1902,2963
1963,1988,1946,2963,3078,1902,1947,2079,2081,1903,2321,2080
1949,1964,1948,1965,1902,1946,1990,1988,1945,1963,2963,1903
2219,2221,1968,2324,2407,2325,2327,1971,1969,2326,2466,2380
1971,2221,2327,2380,2325,2379,2326,2574,2324,2580,2381,2839
1971,2379,1968,2380,2327,2562,2381,2221,2563,2580,2219,2574
2413,1969,2382,1944,2379,2562,1971,1968,2380,2563,2128,1821
2380,2379,2327,2381,2580,2574,2326,2563,2325,2579,2565,2649
2409,1959,1961,1789,1788,1960,1832,1831,1787,1819,1738,2105
2310,1869,2308,1748,1850,1482,2552,1483,2142,1749,1583,1423
2002,1542,1975,4754,1796,2424,1538,2423,1581,1537,2431,1535
1581,1538,2424,1535,1701,2209,1493,1479,1582,2437,1536,1527
1840,1934,1886,2371,1839,1977,2270,1842,1691,1888,1799,1667
2339,2231,1888,1839,2233,2065,2390,2273,1887,1842,2066,2392
2270,2232,1934,2231,2274,1977,2271,2273,1886,2339,1976,2233
1980,2113,1934,1976,2270,1978,1886,1689,1840,1977,2371,2272
1976,1689,1934,1840,1664,2371,1886,1691,1667,2270,1839,1977
2084,1999,2064,2420,1936,2083,319,2234,315,2422,1937,2323
319,322,2797,324,315,2420,2084,306,1981,2422,303,2083
1981,1997,2797,2084,1982,1999,319,1534,2420,2064,315,322
2010,2351,1550,2119,1747,1510,1746,2164,1460,1928,1679,1459
2089,2091,2092,2389,2169,2167,2170,2168,2428,2387,2236,2388
2091,1985,2238,2090,2092,2169,2089,1909,2400,2389,2168,2237
1989,1964,1966,2534,1990,2569,2192,1949,1965,1988,2533,1948
1963,3078,2081,3779,2963,1946,2080,2320,2079,2554,1947,2559
1990,2569,1964,2533,2321,1988,1966,2593,1965,2553,1949,3779
2321,2533,1988,2081,2553,3779,1965,3078,1963,1949,2592,2554
328,331,2513,324,322,1982,319,1846,315,2797,306,1983
2095,1590,1993,1512,2055,1511,2104,1929,1448,2054,2159,1447
1512,1929,2055,2054,1511,1713,1448,1770,2103,2604,1464,1715
1844,2006,2264,2263,2005,2147,1771,2265,2311,2684,1836,2146
2264,1994,2147,2006,2263,2265,1844,2146,2262,2684,2005,2311
1779,1782,2124,1931,2047,1911,1913,2018,2165,2166,1930,1914
1999,1981,1998,2084,2064,2797,1936,2234,2129,1900,1982,2420
1900,2234,1999,1936,1899,1764,1910,1981,2064,1937,1911,1898
1936,2234,2064,1900,2084,1937,1910,1899,2083,2323,1764,2420
2145,2061,2159,2001,2135,2340,2104,2095,2332,2024,2067,2352
2024,2145,2095,2159,1992,2104,1904,2061,1993,2055,2332,2135
2424,2423,1975,1581,2437,1701,1542,1538,2583,2209,1535,1582
2235,1821,1704,1702,2128,1692,1813,1703,2382,1668,1624,2564
380,2472,363,1924,1923,382,344,1735,376,337,1925,1745
2309,1836,2311,2263,1973,2684,2308,1837,2552,2668,2310,2265
2263,2005,2311,2684,2265,2309,1836,2668,2614,2552,1973,2262
2082,2037,2412,2770,2589,2164,2038,2012,2197,1926,2525,2336
2589,2007,2412,2590,2009,2336,2082,2770,2037,2197,2566,2525
2037,2007,2038,2082,2269,2012,2164,2412,1984,2770,1548,2119
2119,2351,1746,1928,1747,2011,1453,1679,1926,1460,1882,1459
1453,1455,1341,1456,1709,1454,1679,1481,1343,1940,1881,1340
2010,2119,2164,1984,2351,1928,1746,1926,1550,1747,2770,2011
2409,1962,1972,2014,1788,1789,1922,1959,1961,1740,1818,1738
1959,1818,1972,1960,1961,1819,2409,1712,1832,1789,1751,2105
2014,2013,1816,1972,2409,1818,1959,1962,1961,1789,1960,1788
2428,2545,2425,2625,2389,2387,2228,2426,2683,2691,2182,2089
2047,1782,2045,2018,1996,2124,2094,2338,2141,2166,2093,1779
2338,2166,2123,2093,2181,2165,1931,2284,276,2333,271,2182
1995,2034,2147,2264,1994,2146,2021,2262,2265,2148,2006,2263
2021,2034,2151,2307,2019,2148,2146,2519,2147,2150,2199,1995
2307,2034,2148,2146,2199,2150,2152,2147,2149,2262,2203,3467
2144,1838,2258,2206,1811,2257,2076,1680,1798,2077,2317,2318
2022,2058,1809,2144,2291,1838,1737,2206,2207,1811,2258,2257
1992,1904,2095,2145,1590,1993,2104,1557,2159,2055,1512,1511
2024,1904,1630,2001,1992,2095,1557,1590,2145,1380,1993,2000
1620,1619,2345,3878,1757,1513,1610,1514,1503,1594,1606,1595
1757,1619,2026,1620,1610,1866,1606,3878,2345,1865,1608,1595
863,1889,1958,861,859,2070,2072,1601,2071,857,1891,1599
2028,865,2073,863,1958,861,1889,2070,2088,859,2071,2072
1294,1308,1306,1295,1297,1231,1340,1342,1307,1230,1305,1296
2004,1736,385,388,380,2472,1924,382,363,1923,1735,344
393,2031,385,2004,1736,380,395,388,2472,363,1924,382
2151,2306,2020,1918,2021,2635,1916,2307,2519,2034,2521,2148
2146,2147,2148,1995,2307,2152,2262,2264,2199,2265,2149,2150
2290,2117,2036,1526,1580,2464,2118,2075,1877,1492,1524,2692
1526,2075,1877,2118,1524,1915,1525,2696,2074,1726,2692,1488
2082,2012,2164,2119,2770,1926,1984,2010,1928,2525,1548,2351
2012,2037,1984,1548,2010,2164,2119,2351,1550,2082,1549,1928
2175,416,2176,409,2032,1694,401,414,393,2031,395,385
2183,2300,2301,2039,421,418,422,2175,414,416,401,2176
2043,2042,1955,2106,1768,2044,1954,2109,2107,1769,2185,2216
2043,2107,2109,2044,2216,1954,2184,2740,2289,2567,2356,2346
2044,1954,2109,2289,2107,2411,1769,2740,2567,2184,2410,2008
2109,2289,2411,2567,2410,2740,2008,1953,2590,2589,2356,2397
2141,2018,2338,2093,2333,2181,2166,2124,302,280,2123,276
2062,2048,2110,326,2094,2017,325,2140,1780,2045,2047,1782
2018,2045,2124,2338,2166,2093,1931,2141,1779,2165,2123,2181
2017,2094,2045,2047,2141,2140,1782,2139,2018,2338,2093,2560
2051,1950,1867,2050,2376,2377,1951,1772,1775,2615,2375,2378
2615,2375,1951,2162,2160,2374,1774,2161,2591,1794,2312,1773
2376,1950,2050,2378,2375,1951,2615,2618,2162,1772,2591,2679
1867,2049,1950,1775,2051,2222,1772,1627,1951,2050,1716,1626
1945,1696,1697,1885,1434,1902,1552,1433,1698,1763,1903,1699
2604,1770,1768,1715,2041,1955,1713,2108,1769,1714,2043,2217
2054,1929,2103,1770,2604,1512,1713,2120,1768,2041,1715,2108
2057,2214,870,2211,867,2247,2029,2543,2213,865,2073,2087
2211,2029,867,2543,865,2073,2028,2087,863,1958,861,2088
2022,2144,2206,2257,2317,1838,2258,2318,2256,2077,2076,2330
2208,2205,2023,2058,2207,2291,1835,2022,2252,1809,2206,2144
2061,2340,2000,2067,2159,2135,2145,2138,2001,2352,2136,2332
2135,2067,2159,2352,2332,2145,2136,2138,2120,2104,2122,2137
2048,2094,2140,2139,2017,2045,320,2560,2141,309,316,2047
2046,2110,330,2062,2048,1781,2017,1780,326,2094,1732,1782
2083,1937,2323,2421,2422,1986,1910,3022,1935,2238,306,2091
2340,2060,2066,2061,2138,2067,2392,2000,2467,2135,2136,2159
2138,2340,2467,2067,2353,2060,2137,2136,2680,2061,2352,2370
2136,2352,2135,2137,2159,2120,2370,2122,2332,2353,2359,2108
1690,1687,2416,1688,1666,2115,1664,1980,1866,1608,1689,1607
2068,1907,1905,2395,2394,1690,1865,1687,1906,2416,1666,2115
2071,1958,2086,1957,2072,1891,1889,2368,2143,1814,1890,861
1891,1957,2072,1814,1815,1890,2143,1601,1599,2249,1817,859
1814,1891,1601,1599,1815,1600,857,1576,1578,1890,1817,855
2070,1958,2088,2028,2071,1889,2086,865,2085,863,2072,861
1915,2026,2345,1620,1514,2027,1726,1619,1513,1503,3878,2315
2074,2696,1877,1915,2026,2334,1726,2345,1525,1514,1620,2027
1797,1974,1681,2077,1542,1796,1541,2002,1975,4754,2256,1537
4754,2002,1974,2431,2423,2424,1797,1975,2432,1542,2437,2583
1518,1301,1837,1312,1869,1482,1836,1313,1272,1973,1310,1270
2080,2255,2254,2163,2788,2177,1901,2631,2125,2695,2710,2632
2788,2254,2255,2695,2710,2558,2163,2631,2632,2787,2177,2690
3078,2320,2554,2080,2558,2788,2557,2079,2710,2963,2254,2688
2770,2164,1926,2525,2197,2012,2119,1928,1883,1927,1882,2010
2422,2421,3022,2323,2524,2400,1937,2238,303,2448,1986,2091
2420,2064,2083,2422,315,306,3022,1936,2421,2323,1937,2524
2086,2368,2070,2462,2143,1957,2071,2373,1958,2887,1891,2249
1957,2071,2143,1891,2373,1890,2249,2072,2248,1815,1814,1889
2543,2088,2913,2073,2070,2085,3073,2086,2029,1958,2071,2028
2070,2085,2086,2071,1958,2368,1957,2028,2143,1891,2462,2072
2167,2092,2170,2387,2428,2388,2168,2386,2169,2981,2425,2295
2089,1985,2389,2463,2092,2167,2428,2091,2387,2016,2170,2425
2169,2092,2089,2168,2237,2236,2170,2167,2449,2389,2296,2295
2170,2168,2167,2295,2236,2388,2981,2296,2387,2386,2495,2941
2181,280,276,283,2123,271,2166,2182,267,2284,2165,260
2139,2141,2045,2560,309,2333,302,2093,311,2047,2018,2338
2104,1993,2055,1590,2332,1929,2054,1512,2103,2135,1511,1770
1558,1331,1290,1447,1557,1440,1253,1175,1289,1511,1904,1445
1864,2100,2230,1803,1807,2180,2173,2099,2172,2174,1804,1785
1864,1806,1803,2097,1807,1785,2230,1804,2171,2100,1634,2099
2172,2229,2210,1893,2173,2178,2195,2196,1884,1870,1894,2179
2230,2173,2174,2172,2227,2099,1807,2179,2178,2707,2210,2530
2013,1962,1921,2409,2015,1922,1788,1972,1857,1833,2014,1740
1892,2111,2101,2250,1817,2013,1956,1921,2015,1962,2134,2409
2054,2604,2108,2041,1770,2217,1955,1929,1768,2043,2042,2121
2332,2055,2103,2054,1993,2120,1929,2604,2352,2108,1770,2041
1570,1678,1741,1571,1259,1378,1831,1382,1355,834,835,1728
2042,2216,2107,2184,2186,2109,2043,2740,2346,2044,2356,2347
2184,2109,2740,2356,2044,2567,2346,2289,2397,2357,1954,2410
2217,2041,2121,2106,2042,2604,2185,2043,2361,1955,2107,2216
2740,2289,2567,2410,2356,2411,2590,2397,2008,2589,2357,1953
2017,1780,2048,1782,2062,2047,1767,2045,1996,2094,2018,2124
2101,1956,1921,1962,1892,1857,2013,1922,1833,2409,2015,1788
2056,872,2241,2214,2057,870,2247,2213,2211,2246,867,2543
1978,1934,2270,2272,1976,2232,1977,1980,1886,2231,2274,1840
2602,1979,2113,2278,1980,2416,1978,2415,1934,1976,2270,2272
2416,2114,1979,1980,1690,1688,2113,2602,1976,1934,1687,1689
2464,2117,2035,2118,2481,2036,2692,2290,1700,2075,2696,2343
2118,2036,2075,2692,2696,1877,1526,2074,2334,1915,2342,1524
2692,2696,2075,2334,2074,2342,2026,1877,1915,2292,2027,2345
1928,1746,2351,2011,1926,1882,1453,1747,1455,1679,1883,2525
2108,2122,2103,2217,2121,2041,2359,2604,2054,2106,2042,2185
2185,2217,2106,2361,2216,2042,2186,2041,2107,2215,2184,2043
2359,2121,2108,2217,2361,2480,2185,2106,2103,2041,2042,2362
2182,2284,271,267,276,260,2228,2545,250,2691,2625,2016
1931,2018,2166,2165,2338,1913,1930,2284,2123,2181,1914,2545
1762,2127,2177,2126,2255,2644,1825,2204,2631,1863,2596,2254
1863,2098,2204,1806,2644,1803,2097,1784,1864,2596,1785,2171
2126,2644,2204,2098,2596,1863,2631,2171,2097,2595,1806,1864
2564,1813,2562,2294,2563,1702,2293,1669,2379,1670,2223,1668
1765,1900,1998,1764,2234,1730,1899,1999,1766,1911,1936,1910
2133,2132,2069,2436,2131,1908,1907,2532,2068,1905,2335,2395
2394,2395,2069,2068,2393,2115,1690,2416,1905,1907,1687,2114
2131,2069,2532,2133,2394,2395,2068,1907,2393,2542,1905,1908
1908,1907,2069,2335,1906,1905,1865,2131,2068,2315,2395,2292
1816,2015,2014,1598,2013,1818,1972,1577,1959,2101,1712,1555
2352,2332,2120,2136,2104,2122,2103,2108,2370,2137,2055,2359
2352,2370,2122,2359,2120,2369,2121,2108,2480,2332,2361,2362
2370,2136,2369,2359,2352,2122,2480,2362,2744,2121,2361,2120
2137,2136,2067,2353,2370,2352,2369,2135,2544,2122,2359,2120
309,2141,302,2333,2045,283,2093,280,2338,276,2181,2018
2560,2139,2094,309,316,311,2141,313,302,2045,2333,2093
2333,2093,302,283,280,2338,2181,2018,276,2123,2166,271
1749,2244,1750,547,1583,546,548,2243,550,552,553,551
2249,1957,2248,1890,2541,2102,1891,2658,1815,1892,2250,2316
2258,2257,1838,2076,2077,2256,2318,1974,1798,4754,1680,1797
2159,2095,2104,2332,2055,2135,1992,1993,2103,2120,2067,2054
2152,2262,2265,2201,2149,2737,2199,2264,2721,2263,2614,2287
2146,2264,2262,2265,2152,2263,2737,2006,2684,2201,2614,2149
2146,2152,2199,2149,2262,2721,2147,2201,2203,2737,2200,2202
2200,2201,2202,2276,2607,2277,2737,2275,2287,2288,2606,2265
2199,2203,2721,2548,2148,2149,2607,2202,2152,2816,2146,2729
2307,2021,2519,2150,2148,2633,2034,2199,3467,2203,2146,2152
2262,2149,2201,2737,2200,2721,2276,2265,2287,2202,2614,2288
2198,2155,1938,2158,2154,2157,2226,1880,1939,2224,2298,1883
2157,1939,2191,2192,1708,2298,2053,1948,1881,1945,2299,1966
2157,2154,1938,2226,2298,2192,1939,2191,2299,2616,1880,1966
2198,2153,1927,2225,1938,2525,2158,2155,1880,1883,2731,2154
2192,2298,2191,2299,1948,1966,1939,1945,1949,2053,1708,1987
2155,2224,2226,2157,1938,2616,2154,2298,2198,2297,2299,2192
2135,2332,2104,2120,2095,2352,2103,2055,2136,2108,2122,2054
1794,1793,2162,2161,1827,1783,2500,1693,1800,2374,2312,1611
2312,1794,1800,2313,1801,2500,1783,1795,1802,2367,2314,2671
2161,2374,1794,2312,1800,1793,2313,2762,2500,1801,1783,1827
2255,2177,2125,2127,2254,2631,1762,2644,2596,2126,2788,2204
2119,1926,1928,2010,1882,2525,1746,2011,1883,2351,1927,1455
2284,1930,2545,2123,2016,2182,2228,2463,2181,2625,2425,267
2123,2165,2284,2181,2182,271,2545,1930,276,267,2228,280
2170,2388,2386,2981,2476,2168,2426,2295,2427,2445,2941,2296
2296,2295,2170,2495,2981,2446,2494,2388,2941,2398,242,2514
2236,2168,2092,2296,2495,2170,2398,2295,2401,2494,2167,242
2981,2295,2388,2296,2941,2445,2386,2446,2476,2495,2494,2837
2097,2597,2180,2100,1864,2230,2629,2174,2848,2227,2173,1803
2178,2210,2195,2179,2196,1893,2478,1870,2194,1895,2707,2531
2172,2178,2179,2707,2210,2195,2478,2530,2531,2229,2196,2708
2173,2707,2179,2530,2178,2708,2172,2849,2531,2478,3134,2099
401,2032,2176,393,1694,2031,409,385,395,2004,1736,380
1694,2032,2031,395,393,401,385,2004,1736,388,380,2472
2127,2644,2631,2596,2204,2126,2595,2632,2171,2695,2098,1825
2195,2478,2196,2194,2531,2530,1895,1870,2681,2479,1943,3134
2530,2178,2531,2478,2195,3134,2681,2849,3133,2194,2210,2196
2174,2100,2227,2707,2173,2708,2230,2706,2179,2530,2172,2849
276,2123,271,2182,267,2284,260,2228,2545,250,1930,2691
267,260,2228,250,2691,2625,245,2425,2683,238,2428,2426
2301,2039,2175,414,418,401,416,2176,2032,393,409,1694
2356,2740,2357,2109,2397,2567,2358,3671,2396,2044,2581,2590
2106,2216,2186,2107,2184,2346,2042,2347,2356,2740,2109,2358
2347,2216,2346,2184,2358,2859,2107,2457,2356,2357,2740,2396
2132,2532,2131,2608,2130,2394,2542,2069,2393,2133,2809,2395
2187,2130,2132,2577,2133,2532,2131,2069,2608,2436,2394,1907
2436,2130,2133,2341,2188,1908,2343,2335,2132,1907,2069,2342
2188,2189,2130,2535,2133,2132,2187,2436,2344,2577,2069,1908
2053,1945,1948,1708,1902,1696,1697,1966,1885,1949,1695,1903
1948,1966,2191,1949,1945,1902,2053,1964,1965,1708,1946,1885
2040,2459,2300,425,2183,422,429,2301,418,2039,421,414
1943,2220,2479,1862,1942,1858,1859,2280,2218,3135,2653,1828
2196,2194,2478,1895,1870,1943,2531,1859,2479,2681,2220,1862
1895,2194,1859,1943,1862,2478,1860,1828,1858,2220,2479,1942
2525,1927,2156,2198,1926,1883,2153,1880,2225,1938,2164,1882
1938,1880,2155,1883,1939,2154,1881,1709,2157,1708,1882,2191
2721,2203,2149,2152,2202,2607,2548,2200,2201,2262,2729,2276
2276,2277,2275,2288,2287,2286,2404,2403,2606,2285,2657,2435
2276,2737,2287,2200,2288,2614,2285,2275,2202,2277,2669,2286
2200,2277,2606,2403,2275,2276,2404,2665,2728,2730,2288,2664
2721,2548,2607,2202,2149,2729,2816,2606,2200,2152,2277,2785
2098,2097,2171,1864,2595,1803,1806,2100,2230,2597,2180,1807
2208,2207,2252,2291,2319,2058,2023,2331,2317,2206,2996,2022
2257,2144,2318,2256,2258,2330,2077,2432,4754,2810,1838,2431
2291,2319,2317,2058,2206,2996,2330,2318,2144,2329,2022,2257
2291,2058,2207,2023,2206,2022,2317,2144,2319,1809,2257,2318
1527,1493,1580,1492,1700,1487,1489,2290,1536,1488,1526,1494
2196,2195,1870,2178,1895,1894,1859,2194,2478,1860,1862,1943
2543,2029,2073,2087,867,2028,865,2088,2070,1958,863,2913
2913,2087,2662,2088,2543,3073,2085,2461,2073,2211,2070,2086
2247,2212,2087,2543,2211,2913,2662,2088,2073,2057,3151,2085
2247,2211,2057,2213,2543,870,2087,2029,2073,867,2212,2245
2348,2186,2347,2859,2456,2185,2216,2346,2457,2458,2358,2106
2184,2107,2346,2356,2740,2109,2358,2357,2567,2043,2397,2396
2106,2042,2041,2185,2043,2107,2216,2109,1955,2044,2184,2186
2654,2280,1967,2408,2219,2407,1944,2221,2826,1968,2324,2674
2324,2221,2325,1968,2466,2673,2327,2326,2839,3770,1971,2574
2280,1942,2218,1858,2653,1944,1967,2279,2654,2408,1861,2219
2325,2324,2327,2326,1971,2466,2839,2574,2380,2573,2673,2580
2377,2051,2049,2376,2572,1950,2618,2378,2050,1867,2617,2375
2049,2052,2222,2051,1867,1671,1950,2571,2377,2376,1775,2050
2297,2226,2616,2299,3816,2155,2298,2672,2157,1987,2568,2192
2153,2158,2155,2198,2224,1938,2226,1927,2154,2157,1880,2297
2298,2299,2616,2157,2192,2154,1966,1987,3816,2191,1948,2568
2707,2708,2174,2706,2849,2530,2179,3227,2173,3134,2874,2531
260,2691,250,2625,245,2683,2425,238,2426,2474,228,2387
1893,1884,2210,2172,1894,1870,1874,2196,1875,2178,2195,1860
2099,2172,2173,2229,2178,2174,2210,2179,1808,1893,2195,2196
2233,2339,2273,2390,2468,1888,2392,2065,2587,2391,2066,1839
2271,2231,2273,2270,2233,1977,2587,2468,2339,2390,2598,1886
2390,2392,2468,2391,2066,2469,2065,2467,2502,2340,2680,2138
1936,1910,1899,1937,2064,1898,1912,1935,1911,1986,2323,1909
1813,1702,2128,2564,1703,1669,1668,2294,2562,1670,1643,2293
2495,2296,2168,2398,242,2494,2295,241,2446,2170,2514,230
2236,2169,2398,2401,2495,2168,2417,242,2296,241,2092,2418
2091,2169,2237,2449,2236,1985,2092,2168,2401,2398,2399,2495
877,2240,2486,2112,875,2241,2518,872,2056,2214,2246,2685
875,2112,2486,872,2056,2241,2214,870,2518,2057,2247,2246
2214,2213,2246,2247,2056,2211,2245,2212,2057,2543,2087,872
545,551,2450,2434,544,550,2863,542,546,2656,2605,2862
551,2242,550,545,546,544,1750,2450,547,2434,548,2863
2243,550,1750,546,551,547,1749,2242,545,548,552,544
2212,2662,3151,2213,2913,2087,2461,2247,3073,3405,2543,2085
2213,2245,2212,2247,2661,2214,2662,2087,3151,2913,2543,2211
2543,2211,2087,2212,2057,2073,2029,2088,2913,2070,2662,867
2541,2249,2316,2250,2102,2111,1890,1956,2490,2101,1933,1892
2102,2541,1890,2111,2250,1892,2316,2101,1817,1815,1956,1921
1956,2111,1933,1921,1857,2101,1962,1833,1855,1892,1922,1872
2205,2252,2337,2207,2059,2331,2208,2319,2851,2291,2328,1856
2331,2207,2319,2996,2208,2328,2291,2317,2330,2979,2058,2329
2059,2205,2251,2208,1856,2252,2207,2023,2337,2291,2058,1834
2255,2695,2631,2632,2177,2710,2787,2596,2595,2644,2694,2630
2177,2631,2644,2695,2596,2127,2632,2595,2204,1762,2630,2710
4754,2431,2077,2432,2423,2002,2583,1974,2763,2424,2437,2829
2256,2077,2258,4754,2431,2076,2432,1974,2002,2423,2810,1797
2076,2077,1974,1797,1798,2256,4754,2002,1681,1542,2431,1975
1875,1876,1884,1849,1874,1848,2229,1894,1561,1847,1893,1778
1845,2322,2261,1480,1994,1995,1844,2019,1916,1771,1528,2264
1916,2322,2019,1995,2034,2020,1845,1994,2147,2264,2021,2146
2737,2265,2201,2614,2287,2149,2684,2263,2276,2200,2669,2285
2684,2265,2311,2614,2668,2737,2309,2552,2669,2287,2451,2201
2263,2006,2265,2684,2262,2311,2005,2737,2614,2668,2152,2309
2737,2684,2614,2668,2287,2311,2201,2669,2285,2276,2451,2552
2251,2268,2337,2253,2443,2252,2205,2331,2851,1871,2059,3230
1871,2268,2253,1854,2059,1856,2251,2266,2205,1855,1834,2208
2253,2251,1871,2205,2059,2337,2252,1854,1856,2208,2207,2443
2038,1548,1984,1549,2012,2037,1550,2010,1510,2351,1509,2119
1977,2231,1886,2339,2273,2233,1888,2271,2390,1839,1840,2468
2273,2587,2468,2231,2598,2233,2588,2391,2502,2392,2339,1977
2274,1978,2232,2470,2271,2270,2600,2273,2231,2546,1934,2587
2468,2233,2587,2391,2392,2339,2390,2502,2469,2588,2066,2467
2271,2600,2232,2273,2587,2598,2231,2270,2771,2468,2233,2588
2286,2288,2404,2657,3114,2435,2285,2655,2666,2664,2746,3150
2288,2275,2285,2286,2277,2435,3150,2669,2404,2657,3114,2403
2403,2275,2404,2665,2664,2657,2286,2288,2728,2666,3114,2805
1978,2272,2113,2270,2232,2274,1979,1934,2231,2470,2271,1977
1970,1944,1969,2413,1829,1968,1971,1967,2379,2382,2562,2221
1967,1944,2654,2279,1968,2219,2221,1969,2408,2407,1970,1971
434,429,2459,2193,422,2300,432,2040,418,2301,2183,425
2225,2283,2731,2158,2303,2156,2153,2224,2155,2198,2226,2197
2225,2156,2153,2197,2731,2158,2198,1927,2155,1938,2525,2770
2182,2545,2228,267,260,271,2016,2625,250,2691,2425,245
3150,2435,2433,2434,2286,2656,3114,2242,2451,2863,2450,2657
3114,2435,2657,2655,2656,2834,2746,2434,2666,2863,2832,2862
2285,2276,2288,2669,3150,2435,2433,2286,2275,2434,2451,3114
2285,2286,2435,3150,3114,2657,2434,2656,2433,2404,2655,2863
2410,2567,2008,2589,2590,1953,2412,2007,2397,2336,2566,1879
1526,2036,1492,2117,1524,1877,2075,1488,1525,2118,1487,2464
2206,2058,2317,2144,2318,2257,2022,2330,2256,2258,2810,2329
2315,2027,1906,1757,2026,1619,1866,1865,1907,2074,1606,1610
2565,2223,2222,2571,1670,2049,2052,2579,2051,2377,2572,1867
1670,2223,2293,2052,2222,2049,1671,2565,1643,1867,2051,2571
2981,2446,2941,2494,2837,2445,2515,2514,2841,2838,2476,2916
2295,2494,2446,2514,242,2981,2941,2515,230,2837,2516,241
3816,2616,2672,2568,2226,2299,1987,2677,2298,2534,1989,2676
2192,1966,1948,1987,2191,1949,1964,1989,1945,1902,1965,2053
2298,1987,1966,2192,1964,1989,1948,1949,2534,1965,2191,1990
418,2301,422,2183,414,2175,2039,421,401,2176,416,2032
414,2175,401,2039,2032,2176,393,416,1694,2031,409,385
2282,2566,2305,2283,2731,2225,2336,2303,2354,2158,2156,2224
2297,2224,2477,2616,2158,2672,3816,2226,2225,2693,2299,2155
2305,2302,2282,2354,2303,2731,2566,2283,2225,2477,2385,2224
2303,2731,2282,2354,2224,2477,2225,2297,2158,2283,2385,2616
2635,2151,2521,2519,2633,2020,2307,2021,2667,2150,3467,1916
2150,2199,2148,2203,3467,2721,2149,2146,2152,2548,2607,2634
1748,2142,2552,1749,2244,1850,1583,1483,1750,2451,552,2243
1973,2308,2552,2310,2142,2668,1748,1869,2684,2244,2451,1850
1748,1850,2308,1483,1583,1749,2142,559,1423,555,2552,553
2684,2309,2668,2552,2614,2308,2451,1973,2669,2142,2737,2244
2313,1801,1800,2367,1802,2500,2671,2314,1795,2670,2366,1783
2367,1801,2671,2670,1800,2314,2366,1802,2736,2506,2349,2500
2349,2350,2727,2505,2402,2507,2306,1853,1754,2033,2521,2520
1906,2027,1757,1866,1865,1619,1606,2026,1610,1905,1608,1666
2250,2490,2541,1956,1933,2111,1857,1872,2102,1921,1855,2101
2330,2206,2318,2257,2329,2810,2256,2144,2824,2432,2829,2431
2256,2432,2810,2257,2431,4754,2077,2829,2763,2583,2258,2423
2996,2317,2330,2291,2329,2979,2206,2318,2824,2058,2810,2831
2788,2080,2558,2710,2254,2695,2557,2690,2079,2787,2709,2255
3779,2081,1988,2554,2559,3078,2320,2594,1963,2558,2080,2688
1995,1845,1994,2019,2264,1844,2147,2006,2034,2263,1771,2146
2421,1986,2238,2091,1935,2400,1985,2169,2237,1912,2092,2090
2466,2325,2673,2839,3770,2326,2713,2327,2827,2573,2878,2575
2326,2839,2466,2327,2573,2574,2713,2575,3770,2649,2580,2380
2574,2573,2839,2649,2575,2580,2627,2713,2617,2628,2652,2852
2326,2574,2380,2580,2573,2839,2649,2381,2579,2466,2617,2627
2979,2996,2977,2319,2329,2831,3028,2330,3044,2207,2824,2317
2824,2831,2330,2830,2810,2829,2980,2318,2758,2978,3396,2432
2824,2810,2318,2829,2831,2432,2830,2256,2763,2257,2431,2980
2328,2319,2996,2207,2979,2945,2329,2317,2330,2977,2291,2208
2120,2103,2055,2108,2054,2122,2604,2041,2217,1993,1929,2121
283,2093,280,276,2181,2338,271,2123,2166,267,2182,2284
2292,2027,2026,2315,2074,1619,1757,1906,1620,2345,1915,1610
1908,2292,2315,1906,1907,2334,2027,1865,1757,1866,1905,2696
2283,2197,2156,2770,2225,2282,1927,2525,2198,2153,2082,2731
2252,2331,2851,2328,2205,2319,2850,2207,2996,2945,2979,2208
2181,2093,2166,2123,276,271,280,2284,2182,2165,283,267
2390,1888,2233,2065,2066,2392,2340,1887,2468,2060,2467,2391
2067,2061,2138,2136,2135,2352,2137,2159,2353,2370,2332,2120
2436,2335,2342,1908,2292,2133,2315,2692,1906,2334,1907,2027
2292,2335,2334,2315,2027,2696,1908,1906,2026,1757,2133,2074
2341,2342,2436,2335,2692,2292,2334,1908,2315,2118,2133,2696
2341,2343,2436,2189,2342,2335,2481,1908,2133,2130,2292,2692
1620,1514,1513,1503,3878,1619,1495,1497,1594,1504,1587,1437
2184,2358,2356,2357,2396,2740,2570,3671,2397,2581,2364,2109
2358,2457,2346,2216,2570,2396,2184,2357,2764,2356,2865,2364
2859,2347,2186,2458,2457,2358,2346,2185,2865,2216,2570,2764
2402,2507,2350,2306,2521,2520,2522,2635,2033,1853,2667,2151
2402,2306,1853,2033,2507,2151,2635,1918,2521,1753,2020,2519
1747,1746,1460,1679,1459,1453,1928,2011,1456,1426,1616,1424
2120,2122,2370,2332,2108,2359,2121,2103,2217,2369,2480,2041
2137,2544,2369,2370,2136,2744,2745,2362,2359,2480,2352,2122
2477,2385,2303,2297,2693,2731,2455,2672,2224,2282,3816,2616
2354,2304,2305,2385,2303,2302,2477,2384,2282,2731,2455,2693
2357,2397,3671,2567,2396,2581,2302,2590,2304,2566,2364,2570
2396,3671,2581,2397,2364,2304,2302,2355,2567,2566,2365,2305
2396,2570,2357,2364,2581,2356,2764,2365,3671,2355,2304,2397
2480,2361,2121,2362,2185,2215,2108,2186,2106,2217,2216,2360
2456,2348,2215,2879,2859,2458,2347,2361,2186,3221,2457,2864
2185,2215,2186,2106,2216,2348,2347,2217,2346,2107,2184,2859
2480,2360,2215,2348,2361,2456,2186,2879,2859,2347,2185,2121
2384,2385,2355,2354,2455,2453,2477,2693,2304,2498,2305,2303
2581,2355,2304,2363,3671,2354,2305,2302,2385,2397,2384,2454
2364,2363,2355,2581,2454,2384,2354,2304,2385,3671,2305,2453
2505,2349,2314,2507,2402,2520,2350,2522,2521,2727,2306,3178
2366,2670,2314,2506,2349,1802,2505,2350,2507,2402,2727,1795
2373,2143,2086,1957,2887,2248,2249,2658,2071,1890,1891,2541
2370,2480,2362,2744,2359,2361,2215,2122,2360,2121,2886,2348
2359,2122,2480,2121,2361,2362,2120,2108,2744,2185,2215,2217
1842,1799,1839,1682,1851,1887,1841,1888,1684,1977,2000,2001
879,2452,2239,877,2240,2486,2485,2112,875,2518,2241,2540
2248,2658,2143,2249,2541,2316,1957,2807,2250,1890,2102,3006
2312,2762,2161,2313,1801,2705,1800,2671,1794,2367,2873,2500
2374,2591,2162,2615,2762,2161,2312,2761,2313,2705,2160,1794
2378,2375,2050,2591,2679,2615,2162,2374,1951,2650,2761,2762
2376,2618,2378,2051,2679,2619,2375,2650,2050,2591,1950,2761
2679,2591,2375,2761,2050,2374,3001,2762,2705,2162,2615,2835
2563,2380,2381,2565,2564,2580,2327,2579,2293,2574,2571,2294
2381,2580,2574,2579,2563,2565,2326,2649,2617,2573,2571,2572
2565,2579,2580,2571,2293,2617,2574,2572,2222,2649,2377,2619
2128,2562,2413,2564,2235,2379,2563,1813,1969,2294,2293,1704
2454,2365,2363,2384,2364,2496,2453,2355,2385,2455,2581,2354
2455,2385,2453,2498,2693,2354,2499,2699,2477,2677,2672,2748
2455,2477,2693,2498,2672,2303,2699,2297,2677,2499,3816,2224
2427,2388,2476,2445,2475,2474,2981,2473,2678,3144,2941,2295
2386,2426,2167,2427,2388,2683,2474,2476,2170,2475,2691,2981
2981,2476,2445,2295,2941,2427,2473,2678,2841,2446,2475,2837
2428,2089,2387,2167,2425,2386,2092,2426,2170,2388,2625,2427
2066,2392,2065,2467,2340,2138,2391,2469,2060,1887,2353,2067
2469,2392,2504,2467,2680,2503,2066,2501,2353,2720,2544,2138
2467,2469,2066,2680,2138,2353,2504,2340,2501,2137,2544,2503
2624,2114,2115,2395,2602,2416,2414,1979,2113,1980,1690,2278
2393,2395,2115,2416,2114,2068,1690,2624,1980,1979,1688,2602
2068,1690,2416,2115,1687,1905,1688,1980,2114,1979,1865,1664
2364,2581,3671,2365,2355,2304,2397,2302,2363,2383,2305,2354
3671,2566,2590,2302,2581,2304,2282,2283,2336,2589,2305,2355
242,2495,241,2417,243,230,2296,2494,2514,3165,232,216
2419,2401,2418,2417,2237,2398,3558,3165,243,241,3188,2236
2449,2238,2237,2399,2401,2169,2091,2236,2398,2419,2417,2495
2417,2398,2418,241,243,242,2236,3165,2495,232,230,3188
2306,2521,2635,2033,2522,2151,2633,2667,2519,3199,2020,2307
2665,2404,2664,2275,2666,2805,2657,2786,3055,2286,2746,2820
2657,2664,2666,2286,2746,2655,3114,3055,2820,2805,3017,2435
2443,2266,2337,3230,2251,2851,2268,2642,2252,2331,2850,2253
2517,2266,2405,2268,2508,2441,2251,2337,2443,2267,2253,2492
2219,2324,2673,2466,2221,2325,2827,3770,2839,2986,1968,2326
2654,2407,2674,2219,1967,2828,2324,2673,2825,2221,2827,2466
1788,1789,1961,1740,1959,1738,1787,1831,1812,1832,1830,1739
2589,2590,2008,2336,2412,2397,2566,2007,2283,2197,2770,2302
1953,2289,2008,2410,2007,1879,2589,2567,2009,2412,2555,2590
2770,2197,2082,2336,2525,2037,1926,2156,1927,2164,2283,1883
2562,2379,1969,2563,1971,2128,2564,2380,2381,1968,2293,2565
2415,2602,2278,2471,2114,2272,2113,1978,2714,2274,2470,1979
2278,2272,2471,1978,2274,2113,2470,2232,2547,2270,2271,2600
1980,1688,1687,1979,1689,1976,1664,2113,1666,1934,1840,1667
243,241,3165,242,232,230,2495,3188,3353,226,216,2514
2417,3165,3188,243,241,232,2398,3353,4229,242,3473,226
2418,3558,2401,2417,3165,3188,4229,3236,243,2398,2237,241
2422,306,2083,2524,3022,303,2064,2421,290,2448,2323,2400
2400,2238,2091,1986,2448,2449,2237,2169,1985,1935,2399,2401
3022,2524,303,2421,2448,2400,290,2323,2449,2238,288,2447
2437,2424,1701,2438,1852,1581,1975,1582,2582,2439,1700,2209
1701,1581,2437,1582,2209,1852,1535,1700,1538,2438,1580,1493
2625,2426,2387,2683,2691,2386,2474,238,245,2427,2167,250
2683,2474,2427,2386,2475,238,3144,228,2476,245,2473,2388
2475,2476,2473,3144,2682,2678,2445,228,2686,214,210,201
2425,2387,2426,2625,2167,2386,2683,2691,2228,2427,2474,2388
2343,2344,2481,2341,2342,2464,2436,2189,2692,2335,2116,2292
2344,2429,2189,2343,2341,2436,2190,2481,2133,2482,2342,2130
2423,2583,2437,2002,2763,2424,2438,2582,1701,1852,1975,2439
2431,2583,2763,4754,2423,2582,2437,2438,2758,2002,3781,2424
2242,2434,2243,2450,2435,545,551,544,2863,2656,2244,550
2450,2863,2656,544,545,2605,3114,2862,551,542,2834,2655
2656,3114,2434,2863,2834,2657,2655,2450,2862,2242,544,2605
1908,2133,2335,1907,2342,1906,2292,2315,2069,1865,2132,1905
1852,1701,2438,1582,2439,1700,1581,2035,2209,1580,2465,2290
2439,1852,2465,2035,2116,1700,1701,1582,2526,2290,2482,2117
2035,2116,1700,2117,2290,2482,2464,2036,1582,2118,1580,1526
601,599,1220,1652,596,1221,1653,1287,1367,594,1249,1286
2642,2443,3230,2405,3029,3147,2851,2337,2850,2266,3239,3030
2406,2405,2441,2266,2443,2517,2993,2337,3230,2642,2268,2251
3230,2337,2851,2850,2331,3029,2328,2251,2252,2945,3030,2996
2190,2430,2189,2344,2512,2188,2130,2436,2429,2133,2341,2343
2841,2678,2837,2473,2916,2940,2840,2838,2842,2475,2686,199
2941,2515,2837,2514,2838,2516,2767,2445,2916,2841,209,204
2419,2523,2399,2449,2418,3558,2401,3233,2400,2417,2237,3236
2449,2399,2400,2447,2401,2419,2237,2238,2523,2418,2398,2417
2399,2401,2237,2398,2419,2417,2418,2236,2169,2495,241,242
544,2863,542,2605,2862,540,3108,2834,3079,538,3177,2832
2243,2433,2242,2244,551,3150,550,545,2142,2434,2450,546
2485,2486,2239,2518,2540,877,2240,2112,2241,2685,875,2246
2498,2499,2455,2497,2699,2700,2385,2748,2693,3173,2703,2897
2384,2453,2363,2455,3517,2385,2498,2640,2499,2355,2354,2497
2498,2693,2699,2499,2477,2677,2672,2748,2703,2704,2700,2297
2348,2859,2458,2457,2347,2864,2865,2764,2186,2358,2570,2843
2570,2358,2764,2396,2364,2346,2365,2843,2357,2383,2581,2356
2865,2457,2764,2843,2347,2570,2358,2768,2383,2365,2396,2529
429,422,2300,2040,418,2301,2183,425,414,2039,2175,421
2281,2459,2193,429,432,434,2300,2040,422,425,418,2183
3072,3073,2462,2913,2888,2085,2368,2887,2373,2088,3257,2889
2887,2368,2373,2658,2823,2889,2143,2248,2086,2249,2807,3106
2016,2428,2389,2425,2545,2387,2089,2625,2167,2426,1985,2284
2118,2692,2481,2117,2696,2342,2343,2075,2334,2036,2292,2341
2439,2116,2482,2035,2527,2464,1852,2117,2481,2429,1700,2118
3770,2839,2713,2326,2878,2575,2573,2986,2711,2712,2574,2876
2353,2680,2138,2137,2544,2501,2340,2136,2369,2067,2370,2745
2391,2392,2502,2469,2390,2504,2467,2680,2066,2586,2503,2501
2680,2504,2467,2501,2353,2544,2066,2720,2138,3167,2745,2137
2274,2546,2600,2271,2598,2771,2232,2587,2273,1978,2774,2943
2470,2547,2272,2274,2278,2546,2600,2271,1978,2232,2599,2598
363,1923,344,1735,337,1925,1745,331,1991,370,1743,328
2682,2678,2686,2842,210,201,195,2841,2840,214,191,3092
2475,3144,228,2427,214,2682,2473,210,2476,201,2686,2678
3144,2473,2682,214,210,2686,201,2678,195,2842,191,2841
2445,2473,2678,2475,2841,2941,2682,2686,3144,2842,2840,2837
2297,2672,2693,3816,2224,2677,2616,2568,2699,2226,2676,1987
2681,2194,2479,2220,3133,3135,1895,1943,2653,2218,1942,1862
2220,2653,2218,2280,1943,3466,1942,2408,2654,1967,1858,1944
2361,2215,2360,2121,2185,2348,2186,2347,2456,2106,2216,2859
2343,2692,2342,2341,2118,2334,2292,2117,2335,2696,2436,2315
2481,2464,2116,2429,2343,2692,2117,2118,2342,2035,2344,2341
2485,2540,2452,2372,2486,2685,2518,2734,2239,879,2775,2241
2585,2489,2483,2538,882,2372,2452,879,2485,2539,2540,2623
2518,2486,2685,2246,2241,2239,2775,2663,2112,2213,877,2240
2518,2241,2112,2246,2214,875,2213,2056,872,2247,2663,2057
2584,889,2484,2488,885,2585,2489,2538,882,2483,2551,2372
2585,2538,2551,2484,2584,2483,2623,2489,885,2539,2660,2540
2372,2452,2483,879,2239,2485,2486,877,2240,2540,2539,2518
1933,1872,1956,2250,1855,1857,1873,2492,2111,1854,1921,1833
2490,2493,1872,2492,1933,2316,1873,2561,1855,1956,2508,2250
2508,1873,2267,1871,2517,2268,1854,1855,2253,1933,1856,2266
2492,2561,1872,2508,2490,1873,2267,2815,2517,1933,1855,2268
2514,2446,2515,230,2516,216,2715,209,2837,2767,2941,204
242,2296,2494,2514,230,241,2446,2295,243,216,2516,2515
2640,2454,3517,2453,2497,2384,3340,2499,2498,2700,2455,2363
2700,3173,3172,2499,3336,2897,3252,2748,2498,2896,3174,3337
2499,2699,2748,2693,2703,2677,2704,2896,2897,2747,2477,2672
2748,2699,2897,2703,2896,3172,2747,2693,2704,3171,2677,2701
1795,1752,1611,1802,1754,2727,1801,1614,1613,1843,2314,1853
2544,2745,2744,3955,2353,3168,2369,2886,3284,2137,2362,2360
2391,2503,2504,2469,2392,2680,2719,3167,2720,2501,2467,3955
3167,2504,2720,3955,3166,2501,2469,2680,3260,2745,3284,3168
2501,2680,2720,3167,2544,2745,3955,2467,2353,3166,3168,2744
2507,2349,2520,2402,2522,2521,3178,2350,2306,3199,3179,2667
2505,2366,2520,2507,3178,2349,2522,2314,2402,3179,3200,2521
2522,2402,2521,2667,2306,3199,2635,2633,3179,2881,2880,2519
2267,2268,1873,2253,1871,2266,2251,1854,2059,2205,2405,1856
2946,2716,2510,2444,2511,2512,2717,2536,2190,2430,2535,2622
2512,2444,2190,2536,2188,2189,2535,2430,2130,2537,2187,2344
2430,2444,2510,2344,2429,2189,2527,2190,2343,2512,2436,2341
2535,2190,2188,2537,2187,2577,2130,2189,2132,2576,2532,2133
324,322,328,1982,319,315,2797,1983,2420,306,2084,303
2516,216,2515,2715,209,212,206,204,2767,2912,2838,2837
2516,2767,2838,2837,204,209,197,198,2715,199,206,2916
209,2715,204,206,2767,212,197,203,2912,2838,198,2837
2508,2268,2266,2267,2251,2253,2405,1871,2337,1873,2205,2443
2246,2241,2663,2213,2112,2214,2245,2247,2212,3461,2661,2056
2150,2307,3467,2199,2203,2021,2634,2148,2548,2721,2607,2149
2522,2507,3179,3199,3200,2521,2667,2880,2402,3198,2881,3201
2635,2633,2667,2519,3199,2151,2634,3467,2881,2150,2880,2307
3199,2667,2521,2880,2881,2633,2635,2634,3348,3201,2306,3198
2419,3233,3558,2399,3236,2418,4229,3094,3188,2401,2449,3165
2448,3022,290,2400,288,2447,2421,2449,2399,284,2238,2419
1927,1883,1926,2198,1880,1882,1709,1928,1938,2153,1455,1881
2527,2482,2465,2116,2429,2481,2464,2439,2343,2117,2430,2035
2429,2482,2481,2430,2343,2344,2464,2116,2341,2342,2692,2439
2640,2638,2496,3340,2497,3517,3341,2454,2453,3320,3173,3336
2496,2383,2454,2528,2453,2640,2365,2384,2363,3517,2638,2497
2531,3134,3133,2681,2478,3136,3135,3229,2479,3228,2195,2194
2681,2478,3133,3135,2479,3136,3229,2194,2653,3466,2220,3228
2542,2131,2394,2393,2395,2808,2624,2069,2115,2114,2068,2416
2321,2553,3779,2592,1988,2081,2559,2594,2554,2732,2688,3078
2569,1989,1990,2702,2533,2593,1964,2321,2553,1988,2592,2733
2187,2188,2577,2132,2608,2532,2130,2610,2131,2189,2542,2809
2537,2512,2535,2576,2577,2188,2187,2190,2609,2608,2444,2610
2576,2535,2577,2187,2608,2610,2188,2532,2809,2190,2132,2899
2539,2483,2540,2698,2489,2734,2485,2452,2685,2793,2697,2372
2540,2734,2483,2485,2685,2793,2775,2452,2861,2518,2794,2663
2485,2685,2734,2775,2518,2663,2486,2246,2861,3461,2241,2239
2250,2111,2102,1956,2101,1921,1892,1933,2490,1857,1962,2013
2808,2393,2624,2394,2603,2114,2414,2131,2602,2115,2395,2821
2073,2088,2029,2070,2913,2028,1958,2085,865,2086,2071,863
2744,2745,2369,2137,2362,2886,2480,2370,3168,2360,2359,2136
2228,2625,2425,2428,2182,2691,2683,260,250,2426,267,245
2771,2600,2598,2274,2774,2943,2271,2587,2588,2883,2232,2273
2470,2546,2599,2600,2274,2771,2598,2773,2272,2774,2271,2943
2607,2729,2721,2785,2202,2606,2730,2149,3264,2728,2784,2277
2612,2488,2550,2551,2487,2538,2647,2585,2623,2660,2484,2584
2487,2488,889,2584,2484,2585,2551,885,2538,2612,2489,2483
2623,2538,2660,2585,2539,2698,2483,2484,2697,2540,2584,2734
2142,2451,2244,2243,1748,1750,1749,2669,2433,550,551,2242
3779,2559,2594,2321,2554,2688,2081,2557,2754,1988,2558,2320
2558,2320,2557,2690,2710,2788,2080,2687,2689,2709,2787,3063
1879,1878,2009,2556,1953,2269,2038,2007,1329,2037,1719,2008
2269,1719,1878,2038,1285,1548,1549,2009,1984,1509,1234,2037
2558,2690,2689,3063,2710,2709,2755,2788,2909,2787,3053,2080
2710,2690,2788,2709,2787,2689,3063,2695,2254,2929,3053,2694
2688,2554,2557,2558,2081,2687,2320,2690,2689,2710,2753,3078
311,309,2139,313,302,2141,2333,283,2045,2093,280,2338
2508,2815,2492,2517,2267,2268,2406,1872,1873,2266,2253,1871
2563,2564,2379,2293,1813,2381,2565,2294,1971,2380,2223,2579
2565,2293,2381,2579,2294,2571,2222,2223,2580,2572,1670,2377
2293,2294,2563,2223,2565,1670,1669,2381,2222,2052,2571,2049
2571,2579,2222,2572,2223,2377,2617,2051,2049,2618,2619,2649
2283,2282,2336,2225,2156,2305,2731,2197,2153,2412,2158,2198
2410,2590,2397,2589,2566,2008,2336,3671,2302,2412,2283,2282
2534,2676,1989,1987,2569,2299,2702,1990,1964,2533,2593,1966
2533,2593,1990,2553,2321,2592,2733,1964,3779,1988,2594,2081
2396,2364,2365,2581,2357,2383,2355,2363,3671,2304,2454,2529
2572,2377,2222,2618,2617,2051,2619,2376,2378,2049,2650,2679
2618,2619,2377,2650,2378,2652,2679,2651,2376,2051,3001,2675
2627,2575,2649,2628,2852,2652,2617,2712,2738,2711,2675,2619
2580,2573,2649,2627,2617,2575,2579,2652,2852,2628,2619,2572
2628,2627,2712,2852,2711,2649,2739,2738,2652,2877,2675,2857
2610,2577,2608,2535,2809,2187,2932,2532,2542,2188,3031,2808
2187,2608,2532,2132,2542,2809,2131,2394,2130,2808,2393,2932
2537,2536,2609,2576,2535,2577,2610,2512,2898,2608,2899,2187
2571,2572,2617,2649,2619,2377,2222,2618,2652,2650,2627,2378
2579,2649,2617,2573,2572,2565,2571,2627,2652,2619,2575,2852
2304,3671,2355,2302,2305,2354,2363,2282,2566,2303,2731,2385
2757,2438,2465,2439,2526,2621,2437,2116,1852,2482,2527,2035
2438,2437,2423,2582,1852,2439,3781,2465,2424,2757,1701,1582
885,2484,2489,2585,882,2372,2483,2538,2452,879,2239,2485
2538,2483,2489,2539,2623,2452,2540,2485,2372,882,2698,2734
2503,2719,2502,3167,2944,2504,3260,2391,3166,2720,2469,3955
2468,2588,2502,2391,2586,2233,2469,2392,2503,2789,2504,2390
2586,2789,2502,2503,2719,2468,2944,2391,2942,2504,3167,2469
2336,2412,2197,2566,2770,2283,2156,2082,2525,1927,2302,2282
2566,2589,2336,2283,2302,2412,2282,2197,2156,2225,2304,2770
2762,2761,2705,2374,2313,2671,2835,2873,2312,2162,2161,2367
2594,2732,2553,2559,2754,2688,2995,3779,2321,2915,2554,2557
2592,2533,2553,2594,2732,2321,1990,3779,2559,2975,2688,2754
2688,2559,2754,3779,2687,2557,2554,2915,2753,2558,2081,2689
2630,2597,2171,2848,2180,2629,3302,2100,2097,2227,2930,2174
2595,2171,2204,2597,2630,2097,2180,2848,2100,2629,2098,1864
2629,2180,3302,2227,2100,2174,2706,2097,2875,2708,2707,2173
2588,2943,2587,2789,2586,2502,2273,2468,2391,2503,2719,2942
2771,2546,2774,2470,2870,2598,2943,2600,2883,2274,2588,2936
2271,2598,2587,2273,2232,2588,2943,2468,2502,2231,2586,2233
2414,2415,2471,2714,2602,2272,2547,2278,2470,2779,2274,1978
2278,2415,2113,1978,2272,1979,2471,2270,1934,2232,2274,1980
2414,2601,2624,2415,2602,2962,2278,2471,2393,2114,2714,2272
1768,1955,2041,2043,1715,1769,1954,2217,2042,2044,1714,2411
542,540,3108,3079,538,3177,3027,536,3018,2760,533,3176
2728,2403,2277,2665,3477,2404,2664,2786,2275,2805,3499,2666
2202,2729,2606,2277,2730,2200,2728,2403,2665,2784,2275,3264
2809,2542,2532,2808,2822,2393,2624,2132,2394,2131,2603,2931
2576,2899,2610,2537,2932,2608,2577,3519,3031,2809,2535,3033
2932,2809,2608,3031,2577,2822,2808,2542,2931,3033,2532,2187
2612,2647,2783,2549,2551,2660,2885,2659,2623,2488,2550,3395
2551,2660,2623,2659,2538,2488,2698,2585,2539,2697,2795,3395
2902,2646,2549,2905,2550,902,2611,895,2488,2612,2487,2551
2669,2668,2287,2285,2451,3150,2433,2276,2288,2552,2435,2242
2162,2160,2161,1794,1773,2374,1793,2312,1800,1827,1783,2591
2299,3816,1987,2298,2568,1966,2157,1989,2192,2534,1964,2676
2572,2619,2652,2618,2627,2650,2651,2852,2377,2675,2679,3001
2650,2679,2378,2651,3001,2376,2761,2591,2375,2836,2675,2705
2650,2618,2651,2679,3001,2675,2378,2836,2761,2738,2591,2856
2621,2622,3091,2527,2526,2757,2511,2429,2430,2946,2482,2582
2526,2527,2757,2622,2482,2465,2429,2511,2430,2116,2481,2438
2527,2511,2430,2429,2526,2344,2444,2482,2343,2481,2189,2510
2539,2698,2538,2697,2734,2540,2483,2793,2794,2485,2775,2685
2414,2602,2114,2415,2278,2115,2601,2113,1979,2272,1978,2471
2691,2683,2426,245,238,250,2474,2387,228,2427,2386,2475
2620,3091,2622,2511,2621,2946,2527,2430,2429,2509,2526,2444
2852,2628,2652,2738,2675,2712,2619,2651,2739,2857,2856,2572
2852,2738,2739,2857,2675,2652,2877,2856,2858,3107,2651,2927
2227,2180,2706,2708,2174,2707,3597,2100,2849,2874,3227,2530
2848,2597,2629,3302,2930,2171,2180,2875,2227,2706,2100,3052
2596,2632,2595,2644,2630,2171,2597,2694,2204,2787,2848,2180
2630,2595,2694,2596,2848,2597,2644,2171,2930,2929,2629,3302
3467,2519,2634,2150,2881,2548,2203,2307,2816,2818,2199,3348
3467,2816,2818,2548,2203,2150,2785,2729,2817,2607,2721,2199
2519,2633,2151,3467,2307,2150,2667,2021,2634,2020,2203,2199
2637,2528,2529,2496,2639,2640,2638,2454,2383,3517,2453,3340
2528,2639,2638,2640,2496,2529,3122,3340,3341,2497,3517,3320
3340,3341,2640,3320,2497,3336,3173,2496,3351,3517,2700,3337
2638,2528,3122,3341,2640,3320,3340,3393,2496,2497,3336,3351
2497,3517,3340,3173,2700,2453,3336,2499,3172,2498,2897,3252
2643,2993,2441,2958,2442,2642,3218,3230,2405,3147,2443,2406
3230,3147,3029,2850,2443,3239,3126,3030,2851,2945,3042,3096
2442,2441,2993,2405,2406,2642,2443,3230,2958,2815,2266,3218
2596,2204,2171,2595,2097,2098,2597,2630,2100,2180,1864,1863
2800,2783,2611,2885,2647,2646,3315,2612,2659,3395,2549,2613
2549,2611,2612,2902,2647,2550,2551,2783,2488,2905,2660,2487
2612,2659,2660,2551,2623,3395,2697,2795,2698,2538,2488,3062
2646,2645,2611,2613,2783,2549,2612,2800,2647,2885,2902,2903
2617,2627,2652,2852,2619,2572,2628,2675,2651,2738,2650,2571
2679,3001,2761,2836,2378,2591,2835,2705,3002,2872,2856,2375
2650,3001,2836,2679,3002,2856,2761,2835,2872,2890,2378,2857
2852,2619,2651,2675,2650,2738,2836,2618,3001,2856,2679,3002
2218,2408,2654,2826,2280,2407,1967,2219,2674,1942,2828,1944
2219,2407,1967,2324,2221,2674,1944,1968,2325,2673,2466,2327
2746,2834,2832,3017,2862,3079,2833,2863,3018,2820,3020,2605
2863,2834,2862,2450,2655,2605,3079,544,2832,542,3108,2746
2655,2746,3114,2666,2834,2832,3017,2656,2820,3055,2862,2833
2248,2807,2316,2541,2490,2250,2249,2491,1956,1933,2111,2102
2795,2660,2697,3062,2796,2698,2623,2794,2551,2793,2854,2539
2623,2698,2697,2795,2538,2539,2793,2794,2734,2796,2585,2540
2742,3151,2245,3405,2743,2662,3152,2461,2212,3072,3080,2213
2913,2461,3073,2085,2087,3072,2462,2088,2368,2543,2086,3089
2661,2246,2245,3151,2742,2213,2212,2662,2241,2743,3405,2461
2666,3055,2805,2820,2657,2746,3057,2964,3017,2806,3722,2655
2664,2786,2805,2404,3055,2806,2666,2804,2964,2820,2657,2965
2746,2820,3055,3017,2655,3722,3057,2832,2833,3020,2834,2964
2881,2633,2634,3467,2818,3348,2519,2816,2548,2150,2817,2203
2451,2669,2552,2433,2243,2244,3150,2287,2242,2285,2308,2142
2433,3150,2285,2451,2242,2434,2435,2288,2243,2450,551,2244
2506,2366,2505,2735,2314,2349,2520,2507,3178,1802,2402,3212
2670,2367,2736,2366,2506,1801,2314,2505,2735,2845,2349,1800
3816,2677,2568,2616,2676,2534,1987,2704,1989,2299,2569,2226
3770,2466,2986,2878,2713,2325,2839,3184,2711,2876,3290,2326
2825,2407,2673,2827,2847,2324,2219,3770,2466,2986,3184,3277
2651,2856,2836,3002,2857,3001,2650,2890,2872,2927,2835,2858
2534,2702,2569,1989,2593,2533,1990,1987,2733,2592,3386,2553
2704,2676,2568,2534,3816,2702,2701,2569,1989,1987,2616,2747
2841,2840,2842,2686,2940,3092,2916,189,188,195,191,190
2761,3001,2591,2705,2835,2375,2762,2836,2374,2873,2872,2671
2501,2544,2353,2720,2745,2137,2369,2138,2744,3955,2370,3168
2479,3135,2653,2194,3229,2220,3466,2218,1943,2408,2280,3360
210,2686,201,195,2678,2842,191,189,3092,2840,2841,187
238,2474,245,228,2427,3144,2475,214,2386,2682,2473,210
2668,2614,2669,2552,2451,2287,2433,2285,3150,2308,2243,2244
2775,2518,2663,2246,3461,2486,2245,2241,2661,2213,2741,2212
2842,195,201,191,189,3092,2840,187,188,2940,190,194
2689,2755,2557,2690,3063,2907,2909,2558,2908,2709,3053,3120
2687,2557,2554,2753,2689,2558,2690,2755,3063,2320,2914,2907
3063,2690,2909,2709,3053,2908,3183,2710,3120,2929,2787,3149
2709,3063,2710,2787,3053,2929,2909,2695,2694,3052,3183,3082
245,2683,250,238,2474,228,2426,3144,214,2475,2427,2386
2334,2342,2696,2292,2075,2027,2026,2074,2335,2315,1915,1619
2677,2672,2699,2297,2704,2568,3816,2676,2703,2748,2534,2616
2630,2848,2930,3302,2595,2597,3052,2875,2629,2596,3084,2706
2632,2787,2694,2631,2630,2595,2709,2929,2596,2848,2930,2597
2334,2074,2026,2027,2292,1915,2345,1620,1619,2315,1757,1726
2794,2698,2793,2796,3410,3064,2734,2539,2861,2892,2860,2988
2793,2539,2734,2794,2540,3410,2861,2775,2685,2483,3064,3461
2703,2704,2748,2677,2896,2701,2747,2676,2672,2702,2568,3386
2897,2499,3172,2748,2896,2498,3252,3171,3174,2699,2703,2747
3386,2702,2733,2976,2676,2593,2592,2569,2975,2534,2732,3153
2593,2569,2733,2592,2533,2553,1989,2976,2732,1990,2975,2594
2704,2747,2701,3386,2702,2677,2676,3171,3539,2733,2976,2593
2676,2701,2702,2534,2568,3386,2569,2733,2593,3816,1989,3539
2762,2873,2671,2313,2844,2736,2670,2367,2312,2845,2871,1801
2708,2874,3227,2849,2707,3500,3579,3580,2530,2174,3134,3228
2530,2849,2179,3134,2531,3227,3133,2178,2478,3136,2681,3228
2849,2707,3227,2530,3134,3136,2179,2531,3228,3579,3133,3580
2929,2787,3053,2694,3052,2930,3183,3082,2632,3083,2848,2630
2787,2709,2695,2694,2929,3063,2632,3053,2631,2630,2930,3052
2712,2877,3202,2739,2628,3107,3154,3417,2627,2738,2858,3468
2628,2739,2877,2738,3107,2852,2857,3202,2858,3154,2675,2652
2711,2575,2712,2876,2628,2573,2877,2627,2739,3290,2852,3202
2547,2779,2471,2470,2599,2772,2415,2546,2274,2272,2773,2600
209,206,2912,203,204,208,2767,197,2838,198,199,2916
2536,2510,2512,2535,2578,2190,2537,2444,2188,2511,2577,2576
2536,2716,2578,2537,2512,2510,2535,2609,2576,2724,2577,2946
2578,2724,2717,2609,2536,2898,2537,2576,3048,2716,2899,2610
3167,3260,2503,3166,3955,2720,3532,3472,2504,3284,4131,2501
3955,2501,2745,3168,3284,2544,2744,2886,3285,3472,4014,2353
2202,2149,2607,2200,2277,2606,2729,2201,2276,2275,2403,2730
2724,2718,3048,2898,2609,2578,4056,2717,3263,3047,2899,2576
2717,2956,2718,2722,2716,2578,2536,2509,2724,2609,2537,2974
2898,3048,2609,2578,2899,3047,3263,2576,2610,3519,2537,2536
2722,2718,2723,2724,2974,2717,2578,2956,3146,2609,3048,2898
2779,2772,2714,2547,2599,2773,2776,2471,2546,2601,2470,2935
1853,1754,2350,1753,2033,1918,1613,2349,2306,2402,1755,2020
2665,3477,2786,2403,2805,2804,2664,2806,2404,3055,2965,3169
2730,2606,2728,2784,3264,2202,3477,2665,2403,2277,3499,2786
2784,2728,3477,2606,3499,2786,2665,2804,2403,3169,3119,2805
2158,2224,2303,2225,2226,2153,2297,2155,2616,2477,2157,2299
2995,2594,2754,2915,2688,2553,2559,2994,2753,2687,2914,3779
2592,2732,2593,2975,2594,2995,2553,3023,2533,2754,2559,2688
2775,2861,2685,3461,2663,3410,2485,2741,2518,2661,2246,2860
3178,2506,3212,2520,2505,3200,3179,2366,3197,2522,2507,3238
2670,2506,2735,2845,2366,2367,2505,2520,3212,3178,2349,2507
2287,2614,2684,2669,2276,2285,2288,2668,2200,3150,2433,2435
2857,2675,2856,2858,2927,3002,2651,2836,3107,2890,2937,3005
2857,3107,2738,2858,3005,2856,2937,2927,3154,2675,3415,3060
2567,2356,2397,2357,2590,2410,2289,3671,2566,2302,2589,2396
2743,2742,2661,3080,3152,2663,3151,3405,2987,2245,3088,3089
3405,3152,3151,2461,3089,3072,2245,2662,3090,3088,3073,2888
3080,2742,3152,3405,3088,3090,3089,3151,3347,3072,2461,3257
2362,2886,2360,2480,2215,2348,3286,2456,2879,2359,2361,2859
3168,2744,2886,2362,3286,2360,2369,3285,2879,2480,4014,2456
3017,2832,2820,2834,2833,3722,3020,3079,3018,2862,3057,3019
3386,2701,3539,2976,2704,3249,2733,2702,3153,2975,2676,2593
2896,2703,2747,3171,2704,2701,3386,3539,3174,2677,3249,2702
2973,2723,2955,2725,2956,3075,2717,2718,2751,2722,2509,2716
2973,2752,2749,2725,3071,2751,3101,2723,3100,2722,2955,2718
2722,2725,2974,3146,2724,2718,3048,4056,2723,3145,2898,2609
2751,3100,2973,2725,2722,2974,3110,3146,2749,2723,2718,2724
2755,2687,2907,2908,2689,3066,3207,2557,2909,3120,3063,3121
2688,2915,2753,2687,2559,2914,2557,2755,2689,2907,2554,3065
2908,2689,2909,3120,3063,3066,2690,3149,3121,3183,3053,2709
2620,2621,3781,2757,2626,2526,2622,2527,2582,3091,2465,2482
2526,2465,2527,2482,2438,2439,2116,2622,2429,2464,2481,2035
3781,2756,2763,2757,2582,2621,3025,2620,2526,2583,2465,2626
530,3294,527,528,526,525,524,3582,523,522,520,4030
533,3175,531,2759,530,3105,3231,3294,528,527,526,3356
2705,2835,2762,2873,2671,2872,2844,2374,2313,2736,2670,2871
2313,2671,2312,2873,2367,2670,1801,2161,2736,1800,2844,2366
2582,2583,3781,2757,2438,2756,2465,2423,2437,2621,2526,2439
2570,2383,2365,2364,2396,2529,2363,2454,2581,2355,2357,2384
2766,2493,2814,2561,2491,2492,2815,2508,1872,2911,2517,2807
2491,2493,2807,2561,1872,2490,2492,2814,2508,1873,1933,2316
197,204,198,199,2916,194,2940,203,190,2840,188,3092
2843,2636,2529,2637,3123,2383,2764,2496,2528,2454,2639,2991
3123,2768,2636,2637,2991,2529,2843,2528,2639,2865,2496,3525
2525,2197,1926,1927,2164,1883,2156,1928,1882,2198,2119,1880
2598,2943,2600,2588,2883,2789,2587,2271,2586,2942,2983,2502
2773,2779,2776,2599,2547,2870,2774,2884,2771,2546,2470,2936
2870,2774,2599,2771,2936,2883,2546,2943,2598,2983,2470,2882
2771,2943,2883,2598,2983,2789,2588,2942,2882,2600,2586,2985
3461,2663,2661,2741,2246,2518,2245,2742,3151,2743,2989,2213
2773,2884,2870,2774,2934,2599,2936,2771,2883,2970,2882,2933
2935,2776,2772,2884,2773,2726,2972,2779,2870,2599,2934,2774
2726,2777,2772,2779,2776,3035,2935,2714,2773,2962,2599,2547
2547,2599,2546,2773,2470,2771,2471,2776,2774,2600,2870,2598
2646,2613,2648,2611,2903,2549,2902,2645,2612,2550,2905,2783
2648,2645,2792,2780,2800,2611,2646,3693,2783,2802,2613,2885
2780,2781,2648,2900,2646,2613,2645,2901,2611,2792,2903,2549
2885,2647,2659,2612,3395,2660,2795,2853,2551,2697,2549,3062
3477,3499,2728,2804,2786,3169,3119,2665,2606,2806,2965,2805
3264,2729,2730,2784,2819,3499,3477,2607,2728,2606,3164,3119
2805,2806,2965,2664,2964,3055,2966,3170,3057,3056,2404,2666
2694,2929,2632,2930,2630,3053,2848,3052,2595,3302,2875,2597
2254,2695,2710,2787,2255,2632,2631,2690,2694,2709,2630,2929
2944,2586,2719,3379,3260,2503,2502,3125,3167,3166,3532,3376
2781,2792,2782,2645,3693,2648,2800,2813,2780,2802,2799,2900
2790,2866,2782,2781,2900,2906,2648,2780,2792,2645,2803,2904
2800,2645,2802,2799,2648,2783,3315,2885,2611,2812,3058,2780
3410,2861,2734,3064,2775,2860,3461,2741,2540,2685,2988,2989
3410,3064,2793,2860,2861,2988,2734,2990,2741,2989,2775,2949
2697,2796,2794,2854,3064,2892,2698,2793,3410,2623,2988,2891
2794,3064,2892,2988,3410,2793,2891,2860,2949,2698,2990,2861
319,2084,2420,1981,315,306,2422,2083,2064,1999,303,2524
3143,2894,2855,3081,3205,3093,3142,3232,2895,3104,3141,3328
2802,2812,3000,3058,3315,2800,2954,3059,2853,2885,3185,2645
2885,2783,3315,3395,3058,2647,2659,2611,2853,2795,2612,3062
2790,2803,2792,3693,2813,2781,2791,2799,2645,2802,2800,2782
3315,2800,3058,2812,2885,2853,2645,3395,2783,2954,2893,3059
2813,3693,2792,2799,2790,2811,2802,2781,2800,2812,2645,3000
2965,2806,2786,3170,2966,2805,3275,2964,3056,3592,3422,3055
3055,2806,2964,3057,2820,2666,2966,3056,3054,3722,3194,3017
2964,2966,3056,3055,3057,3366,3054,3592,3350,2820,3194,3647
2490,2491,2316,1933,2248,1872,2250,2493,2541,1956,2492,1857
2603,2624,2414,2393,2602,2601,2114,2415,2394,2962,2278,2115
2808,2822,2542,2603,2624,2532,2821,2393,2414,2394,2601,2602
2432,2829,2763,2431,2256,2758,2583,2582,3781,4754,3396,2423
2799,3000,2999,2812,3693,2802,3059,3185,3267,3058,2954,2792
3058,2954,3059,3315,2853,2893,3187,2953,2800,3186,3395,2885
2799,3693,2811,2802,2792,2812,3000,2999,2800,3058,3315,3059
2815,2561,2911,2517,2493,2406,2508,2910,2492,2442,2268,2266
2517,2406,2508,2442,2266,2268,2492,2405,2267,2251,2253,1873
2548,2785,2729,2607,2730,3264,3181,2606,2784,2721,2728,2202
3181,2785,2816,3264,3118,2819,2729,3164,2784,2730,2548,3499
2816,2817,2785,2548,3181,2729,3264,3128,2730,2203,2607,2819
3164,3264,3119,3499,2784,3274,3169,3477,2730,3406,2804,3204
3722,3017,3057,3194,3020,3067,2833,2832,3054,3193,3021,3019
2962,2603,2601,2414,2808,2714,2952,2415,2624,2471,2726,2602
2808,2603,2821,2414,2542,2624,2601,2962,2961,2415,2602,2393
3006,2658,2807,3007,2373,2491,2766,2316,2248,2490,2541,2493
2829,2830,2810,2758,2980,2763,2432,3396,2318,3781,3046,2756
2827,2847,2673,3277,3184,3276,2407,2986,3770,3549,2324,2466
2828,2408,2674,2825,2407,2654,2846,2827,2673,2219,2847,3750
2673,2986,3184,3770,3276,2878,3290,2466,2876,3291,2713,3292
2825,2846,2674,3750,2847,2827,3277,2407,3548,2673,3276,3184
2758,2763,3781,2432,3396,2582,2756,2583,2757,2431,2621,3025
2829,3396,2758,3046,2810,2756,2763,3781,3025,2432,2620,2582
2980,2830,2824,2978,2829,3396,3046,2758,2810,3039,2756,2763
2833,3079,3018,3020,3019,3108,3722,3176,3177,2605,3021,3067
3020,3019,3018,3021,3176,3067,3231,3177,3068,3108,2760,3175
2862,2832,3079,2605,3108,3018,2833,3017,3177,542,540,3019
2872,2873,2705,2844,2871,2671,2736,2762,2845,2670,2928,3087
3002,2872,2835,2890,2761,2844,2871,2927,2705,2873,2928,2591
2838,2916,2841,2767,199,198,2940,194,197,204,2840,2678
2767,198,199,2916,197,204,194,2940,190,2840,206,188
2575,2573,2713,2574,2627,2712,2628,2649,2878,2711,2852,2580
3092,2842,188,190,187,194,189,191,195,196,193,3570
2916,2940,2840,199,194,2838,190,2842,3092,198,188,2767
3092,189,191,187,195,188,190,194,196,193,3570,185
2529,2764,2383,2636,2454,2365,2570,2496,2363,2637,2364,2528
2845,2736,3087,2671,2735,2670,3212,2506,3069,3085,3178,2367
2735,3212,3178,3085,2506,2670,3200,3197,2520,3086,2505,2366
2825,2847,3277,2827,3276,2674,3547,3549,3184,3292,2673,2986
3276,2827,3184,2986,3549,3292,3291,2673,3290,3770,3435,3416
3302,2629,2597,2875,2706,2180,2227,3597,3084,2708,2174,2874
3134,2530,3136,2531,3133,3228,3579,2681,3229,3135,3226,2478
3030,2945,2851,2328,3028,2977,3042,2979,2331,2996,3038,3044
2328,2331,2945,2979,2252,3030,2996,2977,2319,3028,2329,2207
2738,2675,2651,2856,2857,2739,2619,2836,3002,2650,2858,3001
3395,2893,3062,2795,2854,2953,2659,2948,2796,2697,2892,2647
2892,2891,2796,2949,3064,2947,2988,2794,2950,2697,3364,3365
3093,2894,2895,3232,3143,3205,3094,2939,3234,3081,3142,3328
3002,2890,2927,2836,2872,2928,2937,3001,2871,2835,2926,2844
2858,2856,2927,2937,3002,2890,3005,2836,3415,2926,2928,2872
2937,3005,2927,3415,2856,2926,3004,3060,2890,3003,2928,3002
2457,2458,2347,2358,2865,2764,2570,2346,2396,2843,2216,2364
2989,2990,2741,2743,2987,3080,3461,3346,2742,2775,3152,3088
3461,2741,2775,2860,2661,2989,2663,2743,2685,2742,2990,3080
2605,3079,3108,542,540,2832,3177,3018,538,3027,2833,536
2605,2862,544,542,2834,3108,540,3079,2832,538,3177,3018
2865,2458,2768,2843,2764,2769,2859,2457,2529,2636,2383,2570
2843,2764,2457,2768,2383,2529,2570,2365,2358,2636,2454,2364
2782,2900,2904,2780,2781,2901,2790,2648,2613,911,909,2646
2868,2869,2791,2866,2790,3266,2982,2801,2782,2781,2906,2918
2866,2791,2906,2869,2782,3024,2790,2900,2781,2904,2801,2780
2801,2790,2791,2918,2803,2781,2792,2866,2782,3693,2813,2917
2936,2774,2883,2882,2983,2771,2970,2943,2985,2942,2546,2984
3087,2844,2845,3069,2873,2736,3212,3085,2735,3086,3009,3197
2871,2844,2873,2928,2845,3087,2705,2736,3069,2926,2671,2735
2844,2736,2671,2670,2845,2506,2313,2367,2735,2366,3087,2505
3227,3580,3579,2708,3228,2849,3357,3497,3136,2707,3134,3734
3597,2706,3500,2629,2874,3501,2708,2227,3227,3580,3523,3579
2711,3202,2877,3417,2712,3468,3154,3107,2739,3471,2575,3695
3107,2739,3154,2858,3468,3005,2857,2738,3060,2937,3210,2852
2711,2876,2713,3290,2712,2877,3202,2575,3417,2628,2739,2573
2456,3221,2458,2864,2859,2348,2865,3131,2457,2215,2347,2843
3201,3348,2881,3129,2667,2818,2817,3162,2634,3128,2633,2816
3348,2818,2634,2817,2816,3129,3467,2548,2785,3128,3181,2519
2985,2984,2983,3378,2883,3125,3573,2942,3377,3379,2943,3536
2983,2943,2942,2789,2985,2944,3125,2588,2598,3379,2586,2719
2934,2870,2936,2970,2773,2882,2774,2883,2983,2968,2984,2599
3395,2659,2647,2853,2795,3062,2660,2612,2697,2893,2796,2854
3286,2360,2879,2362,2456,3221,2348,3219,2215,2480,2859,2458
2373,2658,2823,2248,2807,3006,2143,2316,2541,2249,2490,2491
2889,2887,2462,2823,3106,2373,2658,3006,2368,2807,2248,3007
2823,3106,2887,3006,3007,2658,2807,3008,2373,2766,2491,2248
2928,2872,2871,2926,2844,3087,3069,2835,2845,2873,3009,3085
2949,2892,2950,3364,2988,3365,3064,3533,3972,2990,3656,3346
2988,2949,3064,2794,2990,3365,2860,3410,2950,3364,3346,2793
2948,3062,2854,3045,2891,2795,2796,2947,2892,2659,3409,2949
3093,3205,3232,3142,3328,3234,3094,3339,3329,3141,3374,3235
3093,2939,3094,2894,3232,3258,3233,3234,3236,3205,3143,2523
2747,3171,2703,3539,3386,2701,3249,2704,2976,3251,2733,3153
2896,3171,2748,3174,2747,2703,3249,3539,3338,3251,3386,2699
2899,2609,3047,3519,2610,3031,2576,2932,3033,3156,2537,2931
3031,3519,2610,2932,3033,2576,2931,2809,2822,2608,3032,2808
2901,2780,2613,2903,909,2646,2648,907,2902,2781,902,2549
2903,907,2613,2902,902,2780,2905,2646,2550,895,2549,2648
2905,2550,2549,895,2487,2488,889,2584,2551,2611,2612,2484
2902,902,2613,2905,2550,895,2646,2549,2487,889,2488,2584
909,2901,2900,907,2903,2613,2780,2782,902,2902,2905,2646
895,2550,2487,889,2584,2549,2488,2484,885,2585,2551,2489
2904,2866,2900,2901,911,2782,909,2780,907,2613,2903,2648
3066,3207,2908,2755,3121,3120,3287,2909,2689,3289,3616,3149
3120,3121,2909,3149,3289,3183,3288,3484,3063,4001,3053,3675
3183,3120,3149,3053,3082,3675,2709,3289,3484,3052,2929,3083
2643,2442,2911,2641,2406,2441,2815,2405,2993,3148,2517,2266
2815,2406,2442,2517,2643,2561,2405,2266,2508,2441,2268,2641
208,203,206,209,204,197,2767,207,198,202,2838,4093
2085,2088,3073,2086,2368,2070,2073,2462,3072,2071,2143,1957
3065,2907,2753,3207,3224,3326,3066,2755,2908,2687,3327,3287
2914,2753,2907,2687,3065,2688,2755,3207,3224,2908,2689,3066
199,2940,194,198,2840,190,197,188,3092,204,2842,187
2813,2919,2803,2811,2799,3693,2801,2999,2998,3000,2812,2792
2803,2801,2917,2813,3693,2790,2792,2799,2811,2919,2997,2791
2811,2999,2813,3000,3267,2799,3185,2812,2803,3693,3059,3215
2921,2814,2911,4455,2815,2910,2765,2561,2406,2442,2992,2517
2910,2911,2992,2814,2442,2643,2815,2406,2641,2957,2517,2561
2750,3071,2749,2973,2955,2752,2723,2725,2751,3077,2956,2722
2750,2752,2922,3101,2973,2751,3100,2725,2749,3071,3103,3110
2923,3101,2752,2750,3100,3103,3110,2751,2973,2922,3146,2725
2923,2750,2922,3015,3071,2924,2973,2752,2749,3076,2725,3101
2928,3009,3003,3069,3086,3011,3087,3425,2871,3010,3085,3213
2890,2926,2928,3415,2871,2872,3069,3003,3009,3087,3004,2844
3069,2871,3087,3009,3086,3085,2845,2844,3212,3425,3011,3213
3052,2930,2694,2848,3084,3082,3083,2875,3302,2630,3183,3597
2875,3302,2848,3084,3597,3083,2629,2706,2597,3500,3501,2874
2821,2822,2961,2962,2603,2809,2808,2601,2952,2951,2414,2714
2822,2809,2931,2808,2821,2608,2603,2542,2961,2624,2962,2414
2934,2971,2970,2968,2884,2984,2936,3309,3310,2882,3641,3573
2970,2936,2882,2870,2968,2984,2971,2983,2773,2985,2883,2774
2884,2776,2934,2772,2870,2773,2936,2933,2970,2774,2599,2779
2882,2983,2883,2985,2984,2774,2942,3125,2943,3378,2771,3573
3415,2927,2926,3003,3004,2928,2890,3009,3069,3010,3011,3061
293,2939,287,3258,2895,284,3233,3094,2523,3093,288,2855
3258,3233,3094,3093,2523,3236,3232,3558,3234,2894,4229,2447
2840,194,190,199,188,3092,2842,187,198,189,197,191
2837,2445,2841,2916,2838,2515,2678,2940,199,2767,198,2840
2944,3379,3125,2789,3376,2719,3260,2586,3532,3377,3762,3166
2789,2588,2586,2942,2983,2944,2587,2719,2502,2503,3379,3125
3379,2719,3260,3532,3166,3376,3167,2503,3472,4131,3955,3593
2328,2977,2979,3028,3044,2996,2831,2329,3038,2319,3036,2978
2511,2510,2444,2430,2716,2622,2190,2512,2189,2344,2536,2429
3408,2891,2950,3820,3656,3533,2949,3364,2892,3972,3828,3983
2891,2947,2854,2892,2950,3408,2949,2796,2795,3364,3820,2988
3365,3364,2988,2990,3346,3636,3972,2860,3637,2987,2989,3410
3364,3533,3972,2949,3365,3636,3983,3982,3971,3346,2988,2990
2952,2778,2726,3034,2962,2777,2714,2772,2779,2821,3035,2601
2726,2962,2714,2778,2779,2772,2601,2547,2777,2471,2599,2773
2948,3045,2893,2947,2854,2891,3409,3062,3408,3395,2892,2950
2953,3187,2893,2853,2948,3045,3062,3074,2854,3395,2947,3409
3075,2956,2723,3192,2509,3237,2717,2716,2725,3026,2946,2718
2509,2716,2717,2510,2536,2946,2718,2512,2578,3091,2444,2537
2992,2641,3148,2959,2643,2993,3139,2910,3218,2958,2441,2442
3147,2642,3126,3530,3029,3239,2441,3230,3096,2850,3030,3127
3148,3218,3217,2958,2993,3530,2641,3330,3270,3126,3147,2642
3139,2957,2959,3148,2641,3217,2992,3218,2993,2958,2643,3330
2962,2952,2951,2821,2714,2726,2601,2778,2603,2779,2414,2772
2714,2601,2726,2471,2779,2547,2414,2415,2772,2470,2599,2272
1947,2079,2163,3078,2080,1901,2255,2254,1763,2125,2177,2788
3056,3057,3054,3194,3350,2820,3366,3722,3349,3193,3067,3592
2806,2966,2964,3056,3592,2805,3366,3591,3647,3350,3055,3054
3056,3366,3592,2964,3350,3647,3054,3367,3057,3645,3732,3349
2969,2972,2933,3765,2934,3736,2971,2935,2884,2970,2968,3641
2984,3310,3573,2882,2985,3378,3576,2936,3578,2983,3536,3125
3736,2933,2971,3641,3837,3309,2968,2934,2970,3310,3735,2884
2882,2968,2984,2936,2985,2983,3573,3310,3378,2883,3125,2942
3309,2968,3310,3735,2970,3576,3573,2984,3794,3578,2882,3619
2935,2934,2884,2933,2776,2969,2970,2936,2870,2971,2968,2773
2725,2723,2751,2722,2718,2955,3100,2717,2956,2974,2724,2578
2722,3048,4056,2724,3263,2898,2718,3047,3261,2609,3391,2899
3023,2732,2995,2994,3223,2592,2915,2754,2594,3355,2914,2688
2975,3153,2733,3023,2732,2995,2592,3223,3354,2994,2593,2594
3044,2831,2329,2980,2978,3036,2824,2830,3046,3039,2330,3041
2980,3039,3046,3037,3396,2830,3325,3025,2824,2756,3026,2758
2977,2329,2831,3044,2824,2330,2980,2830,2978,2317,3036,2810
2830,3046,3396,3039,2758,3025,2829,3037,2756,3325,3781,2810
2941,2445,2446,2476,2837,2841,2678,2494,2916,2515,2427,2838
2906,3024,2868,2866,2904,913,2900,2791,911,2782,2901,909
2985,2942,3125,3378,3379,2789,2944,3377,3376,3260,2719,3762
2985,3573,3378,2983,3125,3377,3536,3578,2942,2883,3376,3379
3378,3125,2942,3377,3379,3376,3536,2944,3762,3578,2789,3535
2878,3290,2876,2711,2713,3291,3202,3417,2877,2712,2839,2575
3347,3088,3080,3637,2743,5141,3475,3090,3476,3152,4619,2742
2990,2860,3365,3346,2989,2987,3364,2861,3637,2741,3636,3080
2743,3080,2987,2741,3088,3152,2742,3347,3637,3090,2661,3405
3346,2987,2989,3637,3080,3347,3636,3088,2743,2741,3476,5141
3321,2639,2637,3122,3462,2638,2528,2636,3320,3393,3341,2640
2643,2641,2910,3148,2442,2993,2441,2911,2959,2406,2958,2642
2642,2958,2441,3147,3230,3029,2443,3126,2405,3239,2850,3530
2915,2914,3206,3065,2753,2754,3224,2907,3222,3207,3326,2687
2915,2994,2754,2914,2594,2753,2688,3206,2687,3065,2907,2559
2329,2979,2330,2317,2831,2824,2977,2810,2291,2318,2830,3044
3324,2919,2998,2917,2999,2811,2813,3267,3000,3215,2803,2799
3267,2999,2919,3215,3185,3000,2811,3216,3397,3059,2813,2812
3000,3267,3185,3059,2812,3216,2799,3186,2954,3187,3190,3058
3059,2812,3185,2954,3187,3186,3058,2802,2953,2893,3190,3315
2761,2836,2835,2705,2872,3002,2591,2873,2844,2762,2890,2871
2890,2872,2927,2871,2835,2928,2844,2761,2937,2926,2873,3087
3011,3009,3208,3425,3069,3086,3307,2928,3240,3411,3487,3213
3415,3010,3003,3211,3011,2926,3208,3009,3487,3307,3425,3411
3060,3415,2937,3004,3003,3061,2927,2926,3010,3009,3011,3211
2766,2807,2491,2490,2493,2765,2658,1872,2316,1933,2492,2561
2766,3006,2765,2491,2493,2807,2814,2561,2490,1872,2492,2658
3007,3332,2765,2766,3006,2493,2814,2491,2823,2920,2561,2807
3086,3425,3069,3011,3085,3213,3240,3307,3087,3197,3308,3411
3208,3003,3011,3487,3411,3307,3009,3425,3412,3488,3240,3485
3425,3307,3240,3411,3086,3308,3069,3213,3485,3488,3486,3085
2923,2924,2925,2750,3102,2752,3101,2922,3015,2973,3100,3103
3015,3070,2925,2922,3012,3076,3071,2750,2923,3304,2749,2973
3741,3016,3303,3013,3756,3070,2925,3012,3015,3305,3095,2923
3071,2922,3076,2749,2750,2955,2973,2923,3077,2723,2752,2725
3012,3013,2925,2923,3015,3440,2750,2924,2922,3070,3071,2752
2833,3722,3020,2832,3067,3019,3018,3194,3021,3079,3068,3176
3176,3019,3177,2760,3231,3175,3021,3027,538,536,533,3067
3021,3176,3231,3175,3068,3196,2760,3177,3105,3356,2759,3195
3067,3021,3019,3068,3018,3231,3193,3176,3196,3195,3175,3356
3068,3196,3231,3195,3176,3356,3105,3582,3175,3581,3503,3504
2421,2400,2448,2449,2238,2323,2237,2399,2447,288,2091,2401
3223,2995,2994,2915,2732,3355,3206,2914,2754,2592,2753,3451
913,2906,2904,911,2866,909,2900,2901,907,2782,2903,2791
2620,2626,2756,3026,3091,2621,2622,3237,3781,2511,2527,2757
2626,3237,3091,2620,2946,2622,2511,2756,2509,2621,2444,2430
536,533,2760,531,3176,3175,530,2759,528,3105,3231,527
3038,2977,3044,3036,2979,2978,3041,2831,2980,3043,3039,2329
2850,3030,3239,2945,3042,2851,3028,3096,2328,2977,3038,3040
3028,3042,2945,3038,2977,2328,3040,3044,2979,3036,3041,2331
2932,2931,2822,3032,2809,2821,2961,2808,3158,2603,2608,2962
3158,2961,2931,2951,2821,2952,2962,2932,2822,3492,2778,2726
3032,3031,2931,2961,2932,3158,2821,2822,2951,2962,3155,2809
3035,2777,2778,2935,3099,2772,2776,2972,2726,2952,2884,2773
2935,2777,2972,2776,2884,2967,2934,2772,2933,2773,2870,2969
3043,2978,3039,3046,3325,3692,2980,3037,2831,3396,3304,3192
3026,3025,3192,2626,3396,3237,2620,3091,2756,3075,2622,2946
3036,3041,3044,3043,2978,2977,3097,3039,3692,2980,3325,2831
3037,3046,3325,3025,3192,3396,3026,3077,2830,2626,2756,3237
3095,3041,3097,3038,3305,3036,3028,3043,3692,3304,3044,3303
3043,3036,3692,3039,3325,3304,2978,3044,3077,3037,3046,3070
3040,3038,3028,3041,3095,2945,3036,3044,2977,3097,3043,2978
3039,3325,2978,3037,3077,3046,3192,2980,3026,3025,3076,3396
2978,3036,2980,2831,3039,3046,3043,2830,2329,3396,2824,3037
2947,3409,2948,3408,2891,3820,3655,2854,2950,3656,3533,3062
3396,3037,3025,2756,3026,2758,2620,2626,3192,2829,3781,2621
3519,3156,2899,3033,3031,3372,2609,3032,2932,3157,2931,2610
2898,3263,3047,2899,3391,3519,2609,3156,3031,3033,2610,3531
915,3024,2982,913,2906,2904,911,2868,2866,909,2900,2867
2868,2982,2867,3049,2866,3244,3024,2906,2791,2869,915,2904
3050,3049,2982,3024,4490,917,2868,915,2906,2866,2867,913
3083,3082,3084,2930,2875,3890,3501,3597,3302,3675,3500,2848
3183,3052,3082,2929,3083,3149,3675,2930,3084,3890,2694,3501
3194,3350,3349,3193,3067,3367,3503,3068,3622,3195,3020,3021
2820,3057,2964,3722,3017,3194,2746,3054,3056,3067,3020,2966
3350,3366,3054,3349,3367,3647,3194,3193,3732,3622,3722,3645
3194,3722,3054,3067,3056,3017,3193,3020,3350,3349,3068,3366
2853,3315,2954,2893,3395,2953,2885,3062,3187,2948,2854,2795
3187,2954,3186,2953,3058,3045,3074,2893,3190,2948,3191,2853
3004,3061,3415,3010,3209,2937,3211,3003,3208,2926,3011,3297
3211,3004,3010,3208,3297,3003,3415,3487,3011,3411,3412,3307
2854,2795,2796,2892,2948,2697,2794,2891,3064,2988,2660,2949
3053,2709,2909,3183,2929,2787,3052,3082,3149,3120,3083,2694
2988,3410,2860,2990,2949,2861,2989,3365,2741,3346,2987,2734
3207,3326,2907,3066,3327,2753,3287,3616,2908,3121,2755,3480
3121,2908,3287,3120,3288,3289,3149,3615,2909,3614,3418,4001
3068,3021,3193,3195,3019,3196,3349,3503,3231,3504,3581,3176
3195,3196,3503,3504,3581,3231,3582,3356,3502,3622,3879,3105
3086,3087,3085,3425,3213,3212,3197,2845,3240,3307,3214,3200
3015,3304,3076,3071,2925,2922,3692,3077,2955,2749,2750,3325
2749,2955,2973,3077,2723,3075,2956,2725,2752,3192,2717,2509
2888,2462,2887,3073,3257,2889,2368,2373,2823,2085,3106,2658
2085,2368,2462,2088,2086,2373,2887,2143,2888,2070,1957,2071
3409,3045,3655,3820,2953,2947,3408,2948,3819,3656,3828,3801
3237,2509,2956,3026,2946,2716,3091,2723,2510,2717,2626,2511
3071,3077,2955,2749,2922,3075,3325,3192,2973,2750,2723,2956
3192,3075,2955,3037,3237,3026,2749,2956,2509,2723,3046,3091
2080,2320,2079,2788,2254,2554,1947,2255,2558,2710,2163,2695
3018,3108,3177,2833,3176,540,538,3019,3027,2760,536,3020
3088,3152,3090,3347,2742,3089,3475,3405,3257,5141,3072,3413
3143,3104,3142,3141,3205,2894,3124,3374,3339,3520,3757,3232
3083,3890,3675,3084,3501,3524,3677,3484,3726,2930,3500,2875
3084,3890,3501,3500,3726,2875,3597,3524,3523,3677,3580,3302
2875,3597,3501,3500,2874,2706,3523,3580,3726,2629,3524,3579
3197,3212,3213,3200,3238,3214,3240,3178,2735,3486,3198,4559
3085,3425,3213,3240,3197,3214,3212,3307,3486,3238,3308,3200
3085,2845,3212,3086,3197,2735,3213,2736,3178,3200,3425,3238
3090,3475,5141,3152,3089,3413,3257,3935,4619,3642,3405,2889
3072,3257,2888,2889,2461,2462,3413,2887,3106,2823,3073,3935
3257,3089,3413,3935,2889,2888,3072,3106,3642,3414,2823,3008
2511,2946,2622,2509,2444,2430,2510,2621,2527,2429,2344,2716
187,188,189,190,191,185,183,175,176,172,169,181
3232,3094,3234,3205,3328,3233,3236,3235,3329,3142,3339,4229
3236,3234,3232,3235,4229,3328,3329,3558,3205,3473,3541,3511
3097,3305,3041,3303,3304,3692,3070,3038,3043,3036,3076,3013
3098,3042,3040,3095,3272,3030,3038,3538,3028,3097,3041,3305
3041,3692,3304,3043,3070,3036,3325,3076,3077,3039,3015,2978
3095,3538,3040,3305,3097,3042,3469,3303,3041,3038,3304,3070
2967,3035,2972,2935,3761,2969,2933,2777,2934,2884,2776,3765
2751,3146,2974,2722,4056,3145,2725,3048,2724,3263,3262,3261
3100,3110,2752,3146,2751,3111,2974,3145,2725,4056,2722,2973
3103,2924,3101,3112,3110,2923,3100,2752,3111,3146,2750,2751
3110,3101,3111,3100,3145,3146,3335,3262,2752,2751,4056,2974
3141,3124,3757,3142,3143,3520,275,3759,3374,3758,273,3205
3294,3356,2759,526,525,527,524,530,3582,528,523,522
3007,3006,3008,2823,2766,2807,2887,2491,2765,2658,3332,2493
2858,3005,2857,2937,3060,3415,3004,2927,3210,2856,3061,2926
540,538,3177,3027,536,3018,2760,3176,533,3019,3175,531
3112,3494,3335,3103,3111,3778,3493,3102,3453,3110,3262,3452
3146,3100,3145,4056,2974,3262,2751,3261,3048,3263,3452,2722
3110,3145,3262,3146,3452,3261,4056,3100,3446,3453,2974,3588
3111,3103,3335,3110,3262,3145,3101,3452,3493,3453,3146,3100
3112,3103,3109,3102,3111,3101,3110,3494,3335,2924,3100,3145
2655,2656,2834,2746,2862,2863,2832,3079,2666,2450,2605,3017
3440,3756,3116,3102,3012,2924,3113,3016,3117,2923,3101,3103
3113,3102,3440,3103,2924,3109,3112,3101,3012,3242,3110,2923
3109,3113,3242,3116,3494,3112,3102,3103,4203,3778,3335,3440
3164,3182,2819,3181,3119,3274,3264,3204,3203,3499,2785,2784
3169,3499,3406,2804,3170,3407,3477,3422,3275,2965,2786,3404
3149,3289,3484,3183,4001,3675,3288,3614,3677,3082,3053,3786
3289,3120,3288,3614,3149,4001,3615,3484,2909,3786,3617,3931
3320,3341,3393,2638,3351,3340,3336,3394,2528,2640,3337,3173
2637,2991,2639,2636,2528,3321,2638,3122,2529,2640,2496,3462
3759,3141,3520,3758,3811,3374,3575,3142,270,3522,3978,3810
3379,3376,3377,3762,2944,3532,3260,3536,3535,3593,3534,2719
3147,3239,3096,3127,3029,3042,3098,3030,3040,3272,3230,2850
3272,3098,3096,3271,3538,3239,3095,3469,3040,3740,3042,3537
3118,2817,3181,2819,3180,3164,3182,2785,3264,3279,3119,2816
3128,2817,3181,2818,3163,3118,2785,2819,2816,2634,3180,3278
3253,3123,2769,2991,2637,3525,2636,2639,2768,3321,2528,3609
2769,2768,2864,3130,2843,2865,2636,3123,2458,2529,2637,3253
3130,2769,3131,3123,3253,2768,2991,2636,2864,2637,3518,3525
3135,2681,3229,3466,2479,2653,3360,3226,2218,2826,2408,3361
3133,2531,3136,2681,3229,3135,3228,2478,2479,3226,3466,2653
2653,3466,2479,2218,2408,3360,2826,2220,2654,2280,3361,2828
3133,3229,3226,3135,3360,2681,3466,3361,3358,3359,2653,2479
2960,2957,3138,3139,2992,2959,3148,4455,2641,3635,2643,3217
3139,2960,3635,2959,2957,3217,3148,3560,3330,3218,2992,2641
2959,3217,3148,3218,3330,3530,2958,3270,2641,2993,3561,3528
3137,4455,2957,2992,2960,2910,2641,2921,2643,3138,3148,3139
3142,3374,3520,3339,3205,3522,3758,3759,3521,3575,4190,3328
3205,3339,3374,3328,3521,3520,3232,3424,3522,3234,3329,4190
2894,3142,3205,3141,3232,3093,3339,3328,3374,3234,3124,3520
214,2682,210,2473,201,2686,195,2678,2842,191,189,3092
3146,4056,3261,3263,3446,2974,3048,3531,3391,3047,3588,3456
4056,2974,3048,3263,3261,2722,2724,3391,3047,2898,3446,3531
3029,3239,3230,3030,2850,3096,3042,3127,2443,2945,2851,3028
2993,2641,2958,3218,2642,2643,2441,3147,3530,3126,3230,3029
3183,3484,3675,3082,4001,3677,3890,3524,3676,3614,3786,3083
2433,2434,2435,2242,2656,2450,2863,2286,3114,2243,544,545
2662,3405,2461,3072,2212,3073,2913,3089,2462,2085,2888,2087
3089,3405,3090,3072,3151,3257,2461,2888,3475,2889,3413,2462
3023,3354,3223,2975,3355,2994,2995,3225,2733,2732,3206,2915
3107,3060,3005,3210,2858,3004,3061,3415,2937,3296,3209,2857
3492,3158,2951,3312,3032,3034,2778,2961,2952,3256,2777,2726
3033,3519,3157,3032,3031,3158,2931,2899,3155,2961,2932,2951
3158,3032,3155,3033,2951,2961,3492,3314,2931,3031,2952,3312
2951,2961,3492,2952,2931,2778,2962,2821,2726,3034,3312,2714
3131,3221,3132,2769,2864,3130,2768,2879,3423,3123,2865,2843
3423,3132,3130,3514,3159,3253,3518,2769,3131,3123,3730,2991
3159,3160,3132,3219,3131,3221,3423,3130,3385,2769,3253,2864
3129,3163,3128,3278,3348,3118,2817,3180,3279,3181,3590,2818
3180,3279,3128,3118,3182,3403,3164,3181,3203,2817,2819,3204
3119,3274,3204,3499,3406,3169,3407,2784,3422,3404,2804,3477
243,232,3353,226,241,215,3189,3473,242,230,216,213
3955,3472,3284,2720,4014,4131,3168,3285,3345,3220,2501,2745
3166,3955,2720,3284,2501,3472,3168,2745,4014,2680,3285,4131
3285,2886,3286,2744,3219,3220,2879,2360,3221,3345,2362,3159
2804,3406,3170,2965,3275,3422,2806,2786,2966,3592,3591,3546
2965,3275,2966,3592,2806,3591,3366,3056,2964,3647,3646,2805
3539,3249,2747,3386,3251,2976,3153,3458,2701,3894,2733,2975
2897,3174,2896,3171,2748,3338,3249,3251,2747,3539,2703,3459
3172,2700,3252,2897,3174,3250,2499,2896,2748,3338,3171,3550
3171,3251,3249,2896,3539,3458,3459,2747,3894,3153,3386,2976
2759,3105,531,3294,530,527,3356,526,528,525,524,3582
3175,2760,3231,533,3105,531,2759,536,3294,530,3356,3196
2760,3027,536,3176,533,3175,531,3231,2759,530,3105,3021
3200,2520,3179,3198,2522,3238,3199,2880,2507,3201,4559,3214
3199,2880,3198,2522,3201,2881,3348,3259,2667,4559,3129,2521
3182,3118,3203,3164,3204,3274,2819,3402,3181,3119,3404,3401
2819,3264,2785,3164,2784,3499,3119,2730,3182,2729,3274,3477
3164,3204,3274,3119,2819,3407,3404,3406,3401,3169,3499,3422
3082,3675,3052,3890,3083,3484,3677,3524,3501,3084,4001,3726
2986,3290,3291,2876,2878,3770,3417,3416,3695,3202,2711,2713
3059,3186,3187,3190,2812,2954,3074,3191,3371,2953,3370,3045
3187,3074,3191,3370,3045,2954,2953,3409,3655,3796,2948,2947
2953,3045,3074,2948,3409,2893,3191,2947,3655,2853,3408,2854
3165,3353,3473,3189,232,226,243,3511,215,213,3352,3420
3352,3420,213,215,226,207,4093,3419,3474,202,3956,196
3370,3191,3186,3074,3796,3400,3655,3187,3409,3045,3801,3802
3074,3655,3796,3409,3820,3801,3045,3819,3802,3408,3828,2947
3026,3237,3075,3091,2626,3025,2509,2946,2956,2620,2511,2622
3068,3503,3195,3021,3504,3622,3196,3502,3581,3019,3879,4092
3067,3193,3068,3020,3349,3021,3503,3195,2833,3019,3367,3196
3504,3196,3581,3582,3502,3879,3356,4030,522,3231,4032,523
3582,3356,3581,3504,3105,523,524,522,525,4030,3294,3879
3238,3200,3214,3198,4559,3178,3486,3505,3179,3259,4098,3201
3259,3201,4559,2880,4098,3162,3129,3199,3348,3565,2881,3128
2880,2667,2881,3348,3201,2634,2633,2818,3129,2817,2635,3259
3238,3198,3179,4559,3214,3201,3259,2880,3199,2522,3505,4098
3129,3348,3162,2881,3128,2817,3565,2818,3163,2667,3181,2634
3468,2877,3154,3471,3107,3470,3210,3060,2739,3005,3644,2858
3204,3182,3404,3401,3274,3407,3164,3436,3448,3544,3447,3119
3274,3404,3407,3406,3544,3119,3422,3546,3448,3169,3275,3545
3328,3339,3234,3374,3329,3424,3521,3540,3235,3541,3520,4189
3224,3065,3222,2914,3326,2915,3327,3207,2907,3449,2753,3616
3066,3287,3121,3616,2908,3288,3120,3418,3615,2755,3289,3614
3411,3011,3307,3488,3485,3412,3425,3308,3009,3240,3623,3490
3061,3211,3297,3487,3010,3557,3004,3412,3208,3553,3411,3488
3060,3296,3061,3209,3004,3005,3211,3298,3010,3297,3415,3555
3487,3010,3208,3297,3412,3411,3011,3488,3553,3003,3307,3485
3178,3200,3197,3238,3213,2520,3179,3198,2506,3214,4559,2505
3214,3197,3486,3238,3308,4559,3505,3200,3306,3198,3506,3623
3238,4559,3505,3198,4098,3259,3506,3306,3566,3565,3201,3162
3267,3397,3216,3185,3399,2999,3371,3190,3398,3186,3000,4130
3190,3185,3371,3186,3370,3191,3059,3000,3074,3187,3400,3796
3218,3530,3270,3528,3148,2958,3126,3273,3127,3147,3529,2993
2958,3530,3126,3147,2993,3270,2642,3239,3127,3029,3096,2441
3159,3221,3131,3132,2879,2864,3160,2769,2768,3130,2456,2458
3219,3161,3159,3286,3221,3160,3132,3131,2886,2879,3130,3423
2864,3131,2458,2456,2865,2768,3132,2769,2843,2859,2348,3130
3224,3327,3449,3326,3065,3480,3616,3483,3664,3207,2914,3287
3355,2994,3206,2995,3451,2914,2915,3224,3222,3065,2732,2754
3326,3065,3327,3207,3616,3480,3287,2907,3066,3418,3664,2753
3355,3451,3510,3223,3450,3206,3222,3880,3023,2994,3224,3482
3361,3359,3229,3360,3516,3466,3498,2828,2826,3515,3135,3750
2849,3228,3579,3136,3134,3357,2530,3133,3226,3229,3497,2531
3136,3357,3226,3358,3229,3133,3359,3360,3361,3496,3135,3498
3360,3466,3135,3361,2653,2826,2408,2828,3359,2479,3516,2218
2850,3029,2851,3030,2337,2945,3239,2328,2331,3028,3042,2979
3105,3356,3175,3196,3294,2759,3582,525,526,524,531,527
3234,3205,3328,3329,3339,3235,3236,3541,3424,3540,4229,3374
3236,3558,3094,4229,2419,3235,3234,3188,3473,2418,3232,2399
3329,3235,3328,3541,3540,4229,3511,3424,3339,3473,3474,4463
3541,3473,3511,3329,3474,3188,3540,3189,3420,3424,3419,3353
4229,3235,3558,3473,3234,3188,3511,3541,3329,2418,3189,3165
3091,2509,2946,2626,2511,2956,2510,2716,2444,2622,2620,2430
4559,3198,3259,3505,4098,3179,3201,3162,2880,3565,3506,3129
3096,3042,3030,2850,3028,3040,3098,3038,2945,3095,2851,2977
3308,3486,3213,3306,3214,3623,3505,3506,3197,3238,3669,4559
4148,3117,3242,4203,3439,4197,3109,3494,3113,3778,3116,3112
3494,3109,3778,3493,3335,3112,3113,3777,3883,3453,3111,3103
3439,3241,3117,3574,3116,4148,3115,3113,3242,3109,3440,3102
2867,2869,3266,2868,2791,3269,2801,2790,2918,2866,2982,2803
3248,3389,3246,4051,3138,3137,4362,3247,3659,4434,3140,2960
3389,3247,4434,3138,3248,3635,3560,3747,3139,3137,2960,3330
3635,3138,3560,3139,3330,3217,2960,2959,3561,3137,3748,4284
3137,3138,2960,3140,3247,3139,2957,3635,3478,2959,4434,2992
3539,3458,3153,2976,3354,3386,3460,2975,3023,3223,3225,2701
3338,3459,3174,3251,3172,3604,3800,3894,2897,3249,3171,3767
3894,3249,3458,3767,3460,3539,3354,3153,3766,3225,3798,3911
3250,3172,3338,3174,2897,3550,3251,3171,3459,2896,3249,3604
2991,3525,3123,3321,2639,3609,2637,2769,3462,3122,2636,2528
3255,3764,3313,3761,3099,3806,3256,2967,3932,3765,2969,3312
3761,3099,2967,3806,2969,3765,2972,3035,2933,3736,4166,2935
3035,3099,3034,3255,2777,2935,2972,2967,2778,3761,2776,2951
2889,3413,2888,3106,2823,2887,3008,3006,3007,2462,3414,2658
3233,2523,2447,3558,3236,2419,3094,4229,3093,2399,2418,3235
3162,4098,3201,3565,3129,2880,3163,3128,3348,3566,3278,2817
3532,3166,3472,3167,4131,3955,3284,3593,4014,3382,3345,2720
3531,3263,3391,3372,3048,3456,3047,3381,3156,3519,3373,2898
3145,3446,3261,3588,3531,4056,3146,3456,3263,3391,3381,3912
3391,3047,3156,2898,3519,3372,2899,3033,3031,3157,3381,2609
2784,3499,2730,3477,3119,3164,2728,3169,2804,2786,2606,3274
3244,3266,3269,2869,2867,2918,2801,3268,2790,2803,2791,2868
2918,2869,2801,2803,2790,2917,2791,2813,2792,3693,2781,2868
3185,3216,3000,3397,3186,3059,3190,3371,2812,3187,3370,3191
3300,2918,2917,3266,2997,2803,2813,2919,2801,2811,3301,2869
3266,3268,2918,2801,2869,3300,2917,2803,2813,2790,2867,2997
3530,3273,3127,3529,3126,3527,3271,2958,3272,3096,3147,3098
3272,3469,3537,3538,3098,3014,3303,3784,3095,4313,3096,3305
3538,3098,3469,3095,3303,3305,3040,3014,3097,3070,3042,3013
3271,3127,3272,3740,3098,3469,3537,3126,3760,3096,3538,3784
3119,3406,3407,3169,3422,3404,3499,3275,3546,3170,3544,2804
3591,3592,2965,2966,3646,3749,3366,3645,3647,2806,3545,3056
3292,3184,3291,3416,3435,3290,2986,3695,3417,3434,3433,3586
3549,3276,2847,3292,3587,3184,3435,2827,3291,3416,2986,3586
3590,3279,3163,3403,3180,3437,3203,3128,3118,3182,3402,3696
3180,3403,3203,3182,3402,3118,3204,3164,3401,3818,3274,3404
3282,3283,3265,3369,3269,3244,3293,3266,3442,4490,3268,2869
3283,3293,3280,3265,3244,4490,3282,3317,3368,2867,3050,3269
3269,3369,3265,3268,3266,2918,3444,3244,2869,3300,2801,2917
3244,3265,4490,2867,3282,2869,3266,3269,3050,2868,3369,2791
4014,3285,3168,3220,3345,3286,3219,2745,2886,3161,3344,3221
3220,3286,3219,2886,3221,3161,3159,2879,3131,3132,2744,2360
3219,3221,2879,3159,2360,2456,2864,3131,3161,2458,2348,2859
3288,3615,3121,3418,3614,3289,3617,3479,2908,3120,4001,3931
3614,3289,3617,4001,3931,3786,3484,3729,3861,3676,3930,3716
4001,3484,3614,3149,3786,3676,3677,3675,3931,3183,3617,3861
2876,3417,3202,3695,2711,3471,2877,3468,3154,2712,3433,3644
3290,3416,3695,3417,3433,3471,2876,3202,3434,3644,3468,3661
3416,3291,3184,3695,3434,3433,3290,3417,3661,2986,3471,3973
3317,4490,3283,3244,3050,2867,3265,3051,2868,2869,2982,3282
526,527,525,528,524,523,522,520,4030,519,517,4175
3281,3280,3283,3559,3293,3282,3368,3319,3265,3244,4490,3317
3209,3298,3061,3297,3211,3060,3557,3556,3004,3487,3010,3553
3412,3553,3487,3488,3562,3489,3208,3780,3411,3010,3607,3490
3557,3209,3297,3556,3780,3553,3211,3412,3061,3562,3487,3699
3301,3300,2997,3324,3268,2919,3316,2917,2998,3564,3269,2918
2997,2917,2919,2918,3324,2813,2998,2811,2803,2999,3266,3316
3324,3316,2997,2998,3300,2919,3633,3215,2999,3267,2917,3634
2875,2629,2706,3597,3084,2227,2708,2874,2180,3500,3227,2707
3013,3305,3070,3015,3016,3304,3097,2925,3076,3071,2922,3692
3692,3076,3077,3015,3325,3043,3071,2955,3192,3039,3075,2922
3097,3070,3304,3692,3076,3013,3041,3015,3077,3043,3071,3325
3506,3669,3505,3624,3566,3670,3681,4559,4098,3668,3793,3238
3308,3240,3485,3623,3306,3486,3213,3660,3490,3669,3214,3506
3306,3623,3486,3506,3669,3660,3505,3214,3624,3681,3738,3670
3310,3735,3576,2968,3619,3578,3573,3577,2984,2970,3621,3536
3573,3576,3578,2984,3577,3378,3536,2882,2985,3620,3618,3377
3313,3312,3256,3254,3099,3034,3492,3255,3035,3155,3764,2967
3256,3034,3492,3035,3313,3099,2777,2778,2951,2935,3255,2972
3255,3256,3099,3035,3764,2967,3761,3034,2972,3806,2935,3492
3312,3155,3492,3311,3256,3034,2951,3313,3158,3035,2778,3099
2885,2853,3395,2783,3062,2659,2893,2795,2954,2647,2953,2854
3324,3633,2998,3215,3267,2997,3507,2919,2999,3397,3216,3185
3050,3051,4490,3596,2868,2982,3283,3049,3244,2867,3024,919
3281,3295,3293,3319,3283,3317,3280,4490,3428,3244,3559,3265
3317,3293,3428,3281,4490,3051,3050,3283,3464,3596,3244,3280
3341,3351,3394,3336,3340,3337,3392,3173,3552,3252,2640,3250
3122,2639,3320,2638,3393,2637,3341,2528,3351,3568,3340,3394
3564,3301,3316,3324,3633,3299,3634,2997,2998,3215,3507,3300
3567,3444,3299,3301,3300,3369,3322,3268,2997,3324,3563,3282
2998,2919,2999,3267,3215,3633,2917,2811,3185,3000,3216,3507
3192,3037,3077,3026,3046,3075,3025,3237,2955,2626,3091,3396
3207,3616,3287,3066,3480,3418,2907,3121,3615,3288,3719,2908
3616,3326,3480,3664,3418,3207,3287,3719,3615,3066,3666,3718
3329,3339,3424,3540,3541,3235,3521,3374,3843,4189,4463,3474
3541,3540,3424,3474,3511,4463,3843,3473,3569,3420,3521,4189
3217,3528,3270,3530,3529,3694,3273,3218,3127,3527,3126,3148
3334,3333,2920,3628,3332,2921,2814,3478,4455,3008,2911,2765
2765,2814,2920,3007,2766,2561,2493,2815,2911,2921,3006,2491
3332,2920,3008,3334,2814,2765,3628,3007,2921,3106,2766,2911
3628,2920,3478,2921,4455,3332,3140,2911,2910,2814,2992,2815
3452,3453,3111,3262,3588,3446,3145,3110,3589,3261,3456,3146
3173,3337,3252,3250,3172,3338,2700,3550,3174,2897,3551,3251
3250,3252,3550,3338,3173,3172,3604,3459,3174,3251,3800,2897
3251,3459,3174,3894,3249,3800,3458,3171,3767,3460,2896,3798
3521,3424,3329,4189,3540,4190,3522,3843,3541,4463,4470,3969
2497,3173,3336,2700,3517,3172,3252,3337,2897,2499,3250,2453
3340,3336,3351,3173,3337,2640,2497,3252,3392,3172,3250,2700
3318,3319,3465,3293,3295,3281,3893,3317,3428,3375,3283,3463
3295,3318,3375,3342,3281,3280,3559,3293,3319,3283,3465,3368
3384,3160,3161,3220,3385,3132,3423,3512,3219,3159,3285,3514
3220,3344,3161,3285,3219,3384,3160,3159,3132,3286,3385,3513
3637,2987,3347,3476,5141,2989,3088,3080,4044,4619,3971,3475
3088,5141,3475,3090,4619,3935,3642,3413,3152,3257,3934,3089
3129,2817,2818,3128,2634,3181,2816,2785,3118,3163,2548,3264
3503,3193,3622,3195,3502,3504,4112,3068,4092,4211,4032,4091
3349,3367,3622,3193,3194,3732,3503,4112,3067,4092,3502,3195
3337,3392,3336,3250,3252,3340,3550,3551,3173,3338,3172,2497
213,207,4093,202,3419,196,3956,3569,3570,193,5638,208
226,232,215,3189,213,3352,3420,207,2912,208,212,230
3225,3355,3223,3023,3451,3510,3206,2994,2975,3222,2995,3450
3451,3206,2994,3222,3224,3450,2914,3065,2995,2915,3327,3449
3582,524,525,3294,523,526,522,2759,527,520,4030,530
3358,3226,3359,3496,3136,3498,3361,3229,3495,3360,3515,3516
3498,3359,3226,3495,3361,3515,3516,3652,3678,3360,3229,3750
3361,3516,3515,3750,3360,2828,3548,3652,2846,3653,2826,3277
3361,2826,3466,2828,3516,2408,2674,2653,2846,2825,3750,3515
3516,2828,2826,3750,2846,3515,3466,2825,3548,2674,3277,2408
3311,3363,3314,3312,3491,3256,3313,3155,3492,3254,3034,3603
3314,3155,3312,3311,3492,3157,3158,3256,3034,2951,3491,3313
3365,3972,3636,3346,3971,2990,3637,3476,3982,4044,2987,4016
3346,2990,3636,3637,2987,3476,3347,3971,2989,2860,4044,5141
3647,3350,3367,3732,3645,3054,3349,4112,3622,4110,3194,3193
3622,3349,4112,4092,4110,3503,4211,3193,3502,3831,4108,4091
3369,3282,3442,3280,3444,3269,3268,3265,3323,3283,3300,3266
3444,3268,3269,3300,2918,3265,3299,3266,2917,2997,3567,2803
3796,3191,3655,3802,3801,3074,3819,3409,4003,3820,3187,4005
3370,3190,3400,3191,3796,3186,4128,3802,3655,3074,3801,3187
3373,3157,3156,3155,3032,3363,3158,3033,3519,3314,2951,3031
3363,3157,3155,3314,3158,3156,3362,3492,3032,2951,3312,3033
3521,3339,3522,4190,3424,3575,4189,3969,3987,4470,3843,3978
3295,3559,3280,3281,3368,3318,3763,3282,3283,3293,3265,3442
3762,3532,3593,3534,3260,3535,4131,3382,3594,3472,3383,4162
3762,3535,3376,3534,3379,3593,3707,4162,3594,3532,4027,2944
3377,3125,3536,3376,3535,3762,2942,3379,3707,3620,3534,4162
3376,3260,3532,2719,3762,3593,3166,4131,3472,3534,3167,3535
3363,3373,3362,3372,3314,3155,3157,3311,3663,3312,3492,3156
3380,3373,3372,3363,3426,3391,3157,3155,3156,3362,3457,3314
3344,3345,3384,4014,3220,3161,3160,3513,3385,3284,3285,3219
3382,3384,3513,3344,3345,4026,3385,3160,3512,3881,3161,4014
3385,3160,3512,3423,3161,3514,3881,3730,3132,3220,3518,3130
3514,3160,3423,3730,3518,3253,3132,3130,3613,3731,3525,3609
2976,2733,2975,2702,3153,2732,2592,2593,3023,2995,2569,3223
3245,3388,3390,3431,3248,3790,3389,4051,3246,4362,3659,4126
3245,4051,3248,3659,3389,3137,3140,3138,3246,3478,3639,2960
3248,3138,3247,4434,3137,3635,3139,2960,3560,2959,3140,2957
3245,3246,4362,3389,3388,3248,3247,4434,4277,3138,4051,3137
3372,3156,3047,3519,3157,3033,3373,3032,2898,3031,2899,3380
3551,3337,3550,3250,3604,3336,3605,3252,3338,3459,3800,3799
3320,3394,3351,3341,3552,3392,3336,3337,2638,3768,3340,3551
3552,3392,3351,3551,3337,3341,4019,3336,3550,3250,3605,3604
2795,3062,2659,2893,2796,2697,2854,2660,2794,2948,2892,3064
2756,2758,3025,3781,2620,2621,2626,3026,2763,2757,2582,2622
3371,3398,3216,3190,3370,3400,3421,3185,3186,3191,3796,4128
3371,3421,3400,3370,4128,3190,3216,3796,4129,3802,3191,4005
3398,4130,3397,3371,3421,3400,3821,3216,3370,3190,4128,4129
3370,3796,3802,4005,3801,3191,4003,3655,4006,4002,4219,3186
3404,3447,3448,3204,3544,4618,3875,3543,3407,3542,3545,3546
3401,3436,3203,3447,3404,3204,3448,3875,3182,4618,5308,3544
3402,3203,3180,3818,3401,3182,3436,3204,3404,3118,3838,3447
3544,3407,3448,3546,3422,3545,3542,3406,3543,4618,3749,3591
3072,2461,3089,2662,2888,2462,3090,3073,3257,2889,2887,2913
3422,3275,3170,3591,2804,3546,2965,3592,3544,2966,3749,2806
3422,3546,3406,3544,3275,3591,3545,3749,3169,3170,3542,3703
3656,3533,2950,3828,3983,3972,2891,3364,3982,2949,3827,4015
3820,3408,2947,3656,3828,3819,2948,2950,3533,2891,3983,3827
2860,2861,2988,2741,2989,3461,2990,2775,2743,2987,2661,2742
3485,3488,3307,3308,3490,3623,3660,3240,3489,3425,3306,3738
3488,3489,3411,3490,3485,3608,3737,3927,3307,3660,3738,3623
3106,3414,3008,2889,3007,3006,2888,2823,3333,3332,2766,2765
3008,3333,3332,3007,3106,3331,2765,2920,2766,3006,2814,2889
3003,2926,3010,3009,3011,2928,3069,3208,2890,3425,3211,3086
3433,3695,3434,3661,3417,3662,3644,3471,4325,3290,3643,3997
3471,3202,3468,3644,3470,3154,2877,3210,3662,3554,3107,3296
3615,3479,3481,3617,3288,3728,3716,3614,3121,3720,3931,3729
4093,3956,3569,5638,202,196,3570,207,3941,193,213,3842
3352,3419,4093,207,213,3569,3956,202,215,196,4463,5638
4128,4129,3400,4005,3802,3371,4219,3370,3796,4116,4006,4003
3275,3546,3591,3170,3749,3592,3545,3646,2965,3703,2966,3832
3253,3130,3518,3132,2991,3525,3123,2769,3613,3609,3321,3131
3540,3843,4189,4463,3541,4190,4150,3474,3842,4470,3569,3969
3240,3213,3307,3308,3486,3085,3214,3197,3306,3485,3623,3238
3380,3362,3363,3663,3373,3314,3311,3155,3312,3372,3491,3602
3380,3426,3381,3457,3363,3373,3362,3849,3372,3663,3314,3155
3317,3051,3596,3050,3049,3293,919,917,4490,2982,915,2868
3387,3789,3390,3790,3245,4579,3388,4126,4101,4362,3389,3246
4579,3387,3429,3388,3863,3431,3245,3390,3789,3658,3790,4051
3388,3659,4051,3248,3245,3639,3478,3140,3137,3640,3389,3390
3430,3792,3429,3824,3387,4579,3791,3789,3865,3390,3388,3863
3695,3662,3644,4325,3471,3643,3997,3417,3470,3554,4327,3468
3661,3433,4325,3662,3695,4018,3997,3644,4301,3643,3471,3417
3292,3416,3434,3433,3661,3973,3291,3695,4325,3662,3184,4105
3447,3875,3401,4618,3448,3543,3404,3649,4241,3544,3542,3204
3403,3818,3402,3817,3279,3436,3203,3838,3401,3180,3447,3875
3756,3741,3574,3115,3440,3016,3012,3014,3439,3116,2924,3102
3116,3115,3117,3113,3440,3102,3756,3109,3103,3242,3112,2924
3102,2924,3012,2923,3101,3113,3103,2925,2752,2750,3100,3110
3606,3567,3323,3322,3299,3563,3301,3442,3444,3564,3300,3324
3444,3369,3323,3282,3299,3268,3300,3269,3567,3301,2997,3265
3445,3441,3323,3606,3442,3567,4319,3444,3299,3322,3368,3563
3300,3299,3268,2997,3269,3301,2917,2918,3324,2919,3322,3266
3442,3323,3441,3444,3368,3369,3567,3299,3606,3300,3282,3268
3531,3456,3261,3381,3391,3427,3372,3263,4056,3380,3373,3426
4618,3448,3543,3649,3542,3404,3544,3650,3651,3545,4242,4240
3544,3542,3543,3545,3650,3704,3546,3407,3651,3703,3702,3749
3483,3327,3480,3664,3616,3224,3666,3326,3719,3418,3718,3667
3222,3482,3449,3483,3327,3224,3665,3206,3480,3664,3326,3666
3222,3450,3206,3224,3449,3327,3482,2994,3065,3326,2914,3483
3262,3446,3588,3456,3261,3145,3531,3912,3381,3427,4056,3771
3452,3588,3589,3446,3262,3912,3456,3771,3454,3531,3145,3427
3455,3849,3427,3851,3457,3426,3456,3908,3601,3380,4376,3663
3849,3457,3427,3426,3380,3663,3362,3601,3381,3363,4376,3602
3427,3381,3531,3380,3426,3455,3372,3373,3391,3363,3457,3362
3426,3663,3362,3380,3311,3363,3602,3491,3314,3373,3710,3313
3354,3460,3153,3225,3223,3355,3766,3023,2976,3510,3451,2975
3894,3767,3251,3798,3458,3460,3911,3766,3249,4967,3909,3354
3225,3354,3510,3355,3451,3996,3223,3153,3450,3880,3206,3023
2661,2741,2663,2742,2743,3151,2245,2246,2989,3405,3152,2662
3393,3321,3122,3568,3320,3394,2639,3351,3341,2638,3769,3552
3893,923,3464,921,3428,3465,3596,919,3319,917,3051,3317
921,3596,919,3428,917,3051,3049,3317,915,3050,2982,3024
3893,3319,3428,3317,3318,3464,3293,3051,3596,923,3281,921
2826,2653,2408,2828,2218,2674,2654,2407,2825,3516,2219,2280
2150,2203,2548,2199,2816,2721,2607,2818,2729,2148,2149,2202
3154,3470,3210,3060,3296,3107,3554,3005,3061,3209,3004,3643
3538,3303,3014,3305,3013,3095,3070,3741,3016,3097,3015,3040
3296,3554,3210,3209,3154,3298,3060,3555,3061,4327,3211,3297
3468,3470,3644,3554,3210,3296,3154,3643,3060,2877,3209,3555
4131,4014,3284,3345,3382,3955,3220,3285,3344,3168,3161,3219
3511,3189,3420,3353,3541,3352,3474,215,213,226,3419,232
3419,3569,4463,3420,3956,4093,5638,3352,3843,3842,207,3570
3935,3413,3090,3642,3257,3414,3106,3089,3008,3672,2889,3333
4619,5141,3347,3934,3642,3475,4082,3088,3935,3657,3672,4083
2786,2804,2665,3169,2806,2805,2965,3170,2403,2664,3406,2964
3140,4455,3628,2992,2921,3137,2957,2910,2920,2643,2911,2641
3716,3728,3617,3815,3729,3288,3717,3931,3614,3813,3930,3948
3616,3719,3418,3718,3287,3615,3481,3479,3207,3711,3288,3728
3728,3720,3479,3717,3716,3815,3615,3617,4153,3959,3729,3948
3483,3665,3449,3666,3664,3222,3667,3327,3480,3224,3718,3714
3664,3666,3480,3667,3718,3327,3711,3719,3715,3616,3713,3418
3677,3675,3676,3786,3524,3727,3890,3861,3785,3931,3725,3726
3623,3660,3308,3490,3306,3669,3738,3240,3681,3486,3737,3506
3306,3214,3505,3506,4559,3238,3669,4098,3566,3624,3259,3198
3412,3411,3488,3208,3485,3489,3307,3490,3011,3562,3308,3660
3490,3485,3489,3660,3738,3307,3623,3737,3608,3308,3681,3669
3608,3490,3737,3738,4080,3485,4164,3660,3961,4025,3681,3623
3738,3660,3737,3681,3623,3961,3669,4025,4080,3308,3306,3670
3254,3313,3311,3255,3764,3256,3099,3312,3708,3314,3761,2967
3034,2951,2778,3256,2777,3035,2952,2726,2961,2772,2935,3099
3453,3335,3589,3452,3588,3882,3262,3771,3446,3111,3912,3456
3493,3335,3112,3453,3777,3452,3111,3589,3262,3103,3588,3882
3652,3498,3680,3515,3653,3359,3679,3548,3516,3750,4253,5237
3495,3498,3358,3678,3652,3359,3515,3680,3805,3226,3653,3679
3496,3357,3358,3654,3228,3495,3498,3226,3678,3359,3746,3652
3515,3359,3652,3653,3516,3548,3361,3750,3679,3680,3547,3933
3169,3477,2804,3406,2786,2728,3170,2965,2806,3275,2665,2805
3580,2874,3523,3579,3497,3227,3734,2708,3357,3228,3725,3654
3500,3726,3523,3597,3580,3734,2874,3725,3497,3579,2706,3727
4032,3504,4091,3879,4031,4161,3581,4108,4030,4029,4160,4366
3504,3195,3502,3879,3581,4092,4032,3196,4091,4030,4031,3582
3879,3581,4032,4030,4031,3582,522,4029,4091,520,523,4161
4559,4098,3566,3259,3565,3624,3198,3278,3162,3793,3590,3201
3505,3624,3566,4098,3670,3793,4559,3668,3565,3278,3590,3259
3399,3397,3215,4130,3398,3508,3371,3216,3267,2998,3421,3821
4130,3821,3399,3421,3744,3398,4129,3397,4128,4218,3400,4297
3399,3508,4130,3507,3398,3397,3821,3421,3215,3371,3400,4129
3451,3450,3880,3355,3222,3482,3775,3449,3206,3223,3224,3483
3420,3474,3189,3352,3419,3540,4093,3569,213,3353,4463,207
3730,3385,3514,3613,3731,3423,3518,3160,3611,3609,3253,3525
3512,3384,3385,3881,3730,3514,3344,3160,3423,3731,3613,3518
3518,3613,3423,3253,3609,3525,3611,3130,2991,3526,3132,3321
3548,3750,3653,3516,3547,2846,3277,3679,3933,2828,3549,3947
3750,2846,2828,3548,3277,2825,2826,2847,3653,3547,2674,2827
2497,2453,2499,2700,2498,3173,2748,2455,2384,3172,2897,2699
3525,3609,3253,2991,3321,3130,3462,3526,3123,2639,3122,3612
3033,3031,3032,2931,2932,3157,2610,2822,3158,2961,2821,2809
3374,3522,3575,3521,3978,3987,4190,3339,4461,3969,3810,4189
4190,4189,3424,3522,3843,4470,3969,4150,3540,3987,4463,4472
4190,3969,3987,4189,4470,4461,4460,5329,4472,3424,4150,3843
3580,3734,3497,3579,2874,3654,3745,3357,3496,3227,3358,3228
3726,3725,3727,3501,3860,3734,3523,3745,3785,3500,3812,3654
3321,2991,3462,2639,3122,3123,3393,2637,3320,2638,3568,3341
3610,3462,3568,3525,3769,3899,3393,3321,3900,3394,3122,3768
3740,3273,3271,3760,3537,3784,3272,3469,3127,3783,4313,3014
3529,3270,3273,3527,3530,3127,3271,3739,3740,3218,3272,3126
3527,3273,3271,3740,3127,3760,3272,3530,3537,3469,3784,3098
3126,3127,3273,3147,3096,3239,3098,2642,3272,3029,3271,3527
3381,3372,3391,3373,3263,3380,3427,3156,3157,3047,3363,3426
4131,3593,3472,3166,3382,3534,3345,4014,3284,3383,3167,3955
3972,3982,3364,3971,4015,4016,3636,4107,2949,3365,4045,4044
3594,3593,3383,3595,3382,4028,4131,3513,3384,3344,4026,3345
4162,3762,3534,3594,4027,4028,3593,3595,3383,4008,3532,3382
3707,3535,3377,3620,4162,3762,4027,3705,3534,3376,3594,3706
4313,3469,3014,3741,3272,3303,3538,3438,3016,3013,3756,3797
3095,3305,3303,3097,3070,3040,3014,3304,3013,3041,3692,3015
2976,3386,3153,2975,2701,3458,2733,3023,3354,3223,2732,2702
4463,3474,3843,3569,3842,4189,3419,5638,3420,4150,3956,4088
3474,3511,3540,3420,4463,3419,3569,3843,3189,3352,4093,3842
3704,3650,3545,3702,3703,3841,4243,3749,3915,3832,3988,3990
3650,3542,3651,4243,4242,3702,3704,3544,3545,4448,3988,3703
3545,3546,3542,3422,3749,3704,3703,3591,3650,3275,3702,3832
3703,3704,3749,3841,3832,3591,3702,3646,3833,3915,3990,3733
3749,3545,3591,3275,3703,3646,3704,3542,3832,3592,3170,3841
3549,3587,3277,3962,3435,3276,3292,3965,3586,2847,3416,2825
3547,3277,3933,2846,3549,3587,2847,3276,3962,2825,3292,3435
3292,3435,3276,3416,3586,3291,3184,3434,3433,3695,2827,3974
3250,3604,3459,3338,3800,3251,3799,3894,3174,3767,3798,3172
3605,3604,3550,3337,3799,4287,3250,3800,3459,3338,3825,3798
4019,3551,3392,3605,3351,3337,3550,3604,4261,4287,3250,3336
3412,3562,3489,3487,3488,3608,3927,3490,3411,3737,3208,3926
3296,3555,3298,3209,3210,3556,3700,3557,3297,3061,3060,3211
3556,3298,3296,3557,3701,3780,3209,3699,3297,3553,3809,3607
3780,3557,3699,3607,3809,3562,3553,3297,3808,3927,3807,3209
3780,3553,3297,3562,3412,3607,3489,3927,3487,3211,3608,3808
4229,2418,3188,3165,3473,3235,2417,3353,2401,243,3189,232
3368,3280,3282,3442,3369,3445,3281,3265,3269,3444,3283,3323
3561,3330,3635,3748,3528,3217,3139,3694,3270,3981,3529,3826
3528,3330,3694,3529,3270,3826,3273,3217,3527,3739,3530,3979
3927,3489,3608,3412,3926,4164,3737,3488,4080,3490,3925,4077
3322,3753,3564,3567,3634,3688,3316,3301,3633,3572,3324,3299
3634,3633,3316,3301,3572,3507,3215,3324,2998,3509,3397,3399
3278,3162,3163,3590,3279,3128,3180,3129,3793,3118,3403,3437
3278,3565,3590,3793,3668,3279,3163,3162,3437,3403,3696,3180
3322,3301,3299,3324,3444,3316,3564,2997,3300,2998,3633,3753
3394,3393,3552,3768,3320,3351,3392,4019,4140,3122,3551,4139
5638,3956,3842,3941,4088,4093,3570,193,196,3874,202,4151
193,185,3874,183,4087,4516,3873,181,4528,4383,4693,179
3508,3509,3627,4130,3821,3399,3507,3742,3744,3421,3398,3633
3634,3509,3571,3507,3633,3508,3399,4130,3397,3627,3215,3316
3378,3578,3536,2985,3377,3577,3125,3620,3707,3535,2983,3762
3115,3439,3116,3756,3440,3741,3102,3117,3012,3113,3016,2924
3987,3522,4461,3969,5329,4190,4169,4460,5330,3521,4470,4468
3577,3578,3573,3621,3618,3620,3536,2984,3648,3378,3822,3707
3618,3578,3620,3648,3706,3536,3707,3705,3823,3867,4027,3970
3536,3620,3618,3707,3378,3377,3535,3706,3705,3648,4162,4027
3228,3357,3497,3358,3136,3226,3496,3134,3359,3654,3229,3498
3579,3497,3357,3227,3734,3228,3358,3654,3496,3136,3226,2849
3582,522,4030,3879,523,520,3356,524,4029,4175,4032,4031
523,522,524,525,520,4030,3294,3879,526,519,4175,4029
3585,3584,3631,3343,3375,3674,3772,3342,3295,4323,3318,3559
3343,3342,3318,3673,3585,3295,3375,3465,3319,3281,3723,3293
3375,3772,3343,3295,3559,4908,3280,3318,3763,3281,3368,3342
3435,3434,3973,4105,3661,3416,4325,3292,3433,4018,3662,4104
3435,3586,3549,3965,3292,3974,3434,4090,3416,3276,3973,4105
3456,3912,3446,3427,3531,3454,3381,3455,3261,3380,3426,3372
3588,3771,3912,3452,3454,3456,3446,3427,3455,3850,3262,3381
3403,3279,3437,3163,3402,3180,3203,3818,3817,3182,3401,3436
3749,3646,3592,3645,3832,3703,3647,3733,2966,3366,3704,3732
3647,3366,3645,3646,3732,3056,3367,3350,3733,4110,3832,4112
4131,3382,3383,3594,3472,3345,3344,3595,3384,4014,3166,3513
3595,4028,3383,4026,3513,3984,3382,3384,4131,3344,3881,3512
3513,4026,3383,3384,3881,3512,3382,3385,3344,3977,3730,3160
3049,3051,917,915,3050,2982,3024,913,4490,2906,2868,2904
3500,2874,2706,3580,3227,2708,3523,3579,2227,2849,3726,3228
3241,3243,4147,4148,3117,3600,3439,3242,4197,4203,4443,3574
3243,3600,3598,3241,3439,4292,3574,3797,3117,4147,4148,3115
3574,3439,3243,3115,3438,3116,3117,3241,3756,3440,3113,4313
3602,3710,3663,3457,3491,3603,3709,3362,3426,3254,3311,3708
3491,3603,3254,3709,3313,3311,3708,3764,3362,3255,3788,3256
3254,3708,3491,3764,3313,3255,3932,3848,3806,3761,3311,3099
3800,3799,3459,3798,3338,3767,4967,3825,3894,3911,3251,3909
4287,3799,3604,3825,4354,3800,3550,4967,3798,3459,4415,4260
3563,3567,3322,3323,3564,3301,3753,3299,3316,4293,3324,3634
3927,3926,3562,4164,3925,3608,3553,3489,4163,3928,4080,4077
3737,4164,4080,4077,3490,4025,3738,3961,4163,4081,4071,4208
3525,3526,3462,3321,2991,3610,3568,3393,3122,2639,3320,3123
3769,3568,3900,3768,3462,4140,3393,3552,3394,4139,4216,4019
3612,3526,4179,3609,3610,3899,3518,3462,4177,3525,3769,3568
3610,3899,3526,3769,3900,3609,3568,4215,4230,3462,4140,3768
3611,3609,3518,3526,3612,3525,3462,3610,3253,4179,3321,2991
3786,4001,3931,3861,3676,3484,3930,3729,3716,3677,3862,3785
3617,3288,3479,3614,3931,3716,3729,3728,3289,3786,4001,3930
3418,3287,3615,3719,3288,3066,3479,3121,3481,3617,3718,3614
3931,3729,3614,3716,3930,3786,3861,4001,3813,3815,3814,3862
3648,3620,3706,3705,3867,3707,3970,3536,4027,4334,4008,3886
3577,3576,3621,3822,3618,3578,3310,3648,3620,3823,3866,3706
3707,3705,3706,4027,4162,3535,3970,4008,3867,3377,4028,3594
3618,3648,3577,3823,3706,3620,3867,3578,3869,4334,3705,3970
4092,3503,3502,4211,3504,4091,4032,4108,3195,3879,4109,4031
3306,3660,3669,3506,3681,3486,3738,3624,3670,3505,3961,3668
3668,3793,3566,3590,3682,3696,3278,3437,4098,3565,3698,3403
3571,3743,3627,3508,3742,3572,3509,3821,3870,3744,4130,3634
3571,3625,3572,3509,3508,3634,3627,3743,3507,4130,3399,3564
3508,3821,3742,3744,4130,3509,4297,4129,4218,4412,3421,4298
2921,4455,2920,2910,3140,2992,2911,2814,2643,3332,2957,2442
3630,3631,4574,3583,4323,3585,3632,4577,3772,3584,3343,4908
3583,3632,3584,3631,3585,3674,4075,4574,3343,4323,3342,3772
3585,4323,3772,4908,3375,3343,3559,4613,3584,3763,3295,4907
3584,3674,3583,3892,3343,3342,3673,3585,3631,3318,3891,3465
3507,3215,3397,2998,3399,3267,3509,3216,3398,3371,2999,4130
3633,3507,3509,3316,3215,3399,3571,3397,3508,4130,3324,2998
3139,3330,3217,2959,2960,3561,3270,3218,3528,3530,3148,3748
3476,3346,3637,3971,4044,4619,5141,3347,2987,4016,4082,3934
3347,3476,5141,3088,4619,4044,3475,3080,3642,3090,3934,3935
3639,3640,3659,3431,3478,3334,3331,3628,3672,4051,3140,3388
3478,3334,3628,3331,4455,3140,2921,4051,2920,3333,2992,2910
3334,3639,3331,3628,3333,3659,3478,2920,2921,4455,3332,3414
3735,3309,2971,3794,3576,3310,3619,2968,3998,3577,3578,3795
3935,3672,3414,3333,3413,3331,3008,3640,3332,3334,3106,2920
4327,3554,3555,3700,3914,3470,3296,3298,3556,3913,3701,3210
3643,3470,3554,3468,3296,3997,4327,3555,3210,3298,3700,3914
3647,3732,3733,4110,3367,4112,3831,3830,3833,3350,4211,3622
3645,3832,3733,3647,4110,3732,3833,3366,3841,3830,3831,3990
3732,3367,3350,4110,4112,3733,3349,3622,3831,3054,4211,4092
3706,3867,3620,3970,4334,3705,3868,3886,3707,3887,4027,4008
4242,4240,3651,3543,3650,4649,4448,4243,4449,3448,3542,3702
4243,3702,3704,3988,4448,3915,3545,3841,3703,3989,4830,3990
3650,4243,4448,4649,3702,3988,3542,4793,4830,3704,3915,4651
3653,3679,3515,3548,3933,4253,3947,3547,3750,3516,3962,3277
3548,3933,3547,3750,3947,3277,3962,3587,3549,2846,3965,3964
3496,3746,3678,3495,3804,3358,3498,3652,3805,3889,3357,3680
3820,3819,3409,3801,3828,3656,3829,3408,3827,4002,2947,3983
3533,3983,3982,3827,2950,4015,3972,3364,4107,3971,4123,4016
3672,3640,3331,3638,3642,3334,3333,3639,3414,3628,3935,2920
4083,3863,3638,3657,3640,3934,3431,3659,4579,3639,3672,4619
4051,3639,3478,3140,3628,3334,4455,3137,3248,2992,2957,3331
3738,3681,3669,3306,3670,3961,3683,3624,3506,3668,4025,3682
3662,3433,4325,3997,3644,3695,3643,4301,4327,3471,3914,3554
3997,3643,3644,4327,3554,4301,3914,3471,3555,3470,3700,3296
3602,3491,3362,3311,3603,3313,3254,3363,3314,3312,3256,3709
3480,3719,3718,3711,3418,3481,3616,3479,3720,3713,3326,3615
3483,3667,3666,3714,3664,3715,3449,3711,3713,3718,3480,3954
3664,3711,3718,3713,3719,3480,3481,3720,3752,3751,3418,3616
3715,3666,3713,3711,3954,3751,3718,3664,3752,4021,3720,3966
3793,3682,3696,3698,3437,3590,3817,3697,3818,3403,3839,3278
3624,3670,3681,3506,3668,3683,3566,3793,3682,3505,3696,3590
3668,3682,3624,3683,3793,3696,3698,3697,3566,3437,3590,3817
2302,2304,2566,2305,2355,2282,2590,2283,2354,2731,2225,2303
3331,3333,3640,3334,3414,3332,2920,3639,3628,3008,3413,3478
3465,3723,3342,3319,3893,3318,3463,3428,3343,3317,3293,3464
3673,3584,3342,3465,3723,3343,3318,3319,3893,3724,3585,3295
3890,3677,3524,3083,3726,3727,3676,3501,3725,3084,3786,3523
3727,3861,3785,3524,3860,3930,3862,3725,3859,3858,3890,3726
3524,3727,3676,3890,3725,3726,3860,3785,3861,3501,3745,3734
3495,3805,3680,3652,3498,3679,5237,3975,3653,4253,3515,3947
3947,3653,3933,3962,3547,3548,3964,3587,3965,3750,3549,4012
3679,4253,3652,3947,3653,3963,3933,3964,3962,3515,5121,3548
3670,3683,3682,3668,3624,4072,3697,3506,3698,3793,4071,3696
3698,3696,3697,3817,3793,3839,4078,3437,4013,3818,3838,3590
3682,3697,3698,3668,4078,3696,3624,3839,4013,4079,3817,3793
3685,3687,3897,3599,3686,4136,3600,3797,3243,3598,4138,3783
4136,3599,3687,3598,4292,3600,3243,3686,4617,3241,3797,4147
3797,3787,3600,3574,3438,3784,3599,3115,4313,3439,3243,3741
3600,3686,3599,3797,3574,3243,3787,3439,3598,3438,3115,3241
3626,3572,3634,3571,3564,3625,3509,3507,3633,3872,3508,3322
3688,3691,3626,3753,3625,3572,3872,3571,3634,3563,3509,3743
3689,3691,4036,3872,3626,4293,3688,3625,4171,3871,3571,3743
3872,3626,3625,3688,3571,3871,3743,3572,3627,3508,3753,3870
3043,3325,3077,3039,3076,3192,3037,2978,3075,2955,3071,3046
2799,2792,2802,2800,2812,3315,2645,3058,2885,3000,2783,2853
3529,3528,3739,3527,3273,3760,3740,3270,3782,3271,3127,3537
3471,3417,3644,3662,3468,3470,3202,3643,3554,4325,3997,3210
3817,3437,3818,3839,3590,3838,3402,3403,3436,4013,3840,3279
3698,4013,3839,3817,4447,3696,3840,4476,3838,3818,4832,3793
3817,3839,3696,4013,3818,3838,3840,3437,4476,5308,3436,3402
3808,3780,3607,3807,3926,3557,3562,3925,3927,3928,3553,3939
3701,3555,3556,3699,4154,3809,3780,3298,3557,3607,3940,3807
3809,3699,3556,3780,3807,3940,3808,3607,3557,3298,3939,3925
3915,3841,3988,3703,3990,3989,3916,3832,3833,4807,4830,3967
3832,3841,3833,3646,3990,3733,3915,3916,3645,3853,3830,3592
3703,3841,3702,3915,3749,3832,3990,3833,3916,3988,3646,3989
4027,3970,4008,4162,4028,4004,3984,3886,3986,3535,3594,4026
3705,3970,3867,4027,3707,4008,3886,4004,3868,4162,3986,4028
4162,4027,3705,3535,4028,3594,4008,3534,3762,3970,3984,3595
3848,3932,3764,3806,3254,4165,4166,3761,3255,4409,3765,4168
3708,3788,3603,3848,3764,3932,3254,3844,3491,3806,4165,3255
3709,3602,3603,3708,3788,3663,3491,3254,3764,3848,3932,3846
3718,3752,3720,3751,3481,3719,4153,4654,3728,3717,3479,3959
3714,3665,3667,3715,3951,3482,3666,3483,3954,3713,3711,3664
3751,3711,3752,4021,4654,3718,3720,4153,4231,4023,4445,3481
3715,3667,3954,3713,3966,3751,3666,3711,4021,3752,3483,4024
3713,3954,3751,3711,3666,4021,3752,4654,3718,4023,3720,4231
3729,3815,3813,3931,3930,3948,3814,3949,3957,3959,3786,3861
3959,3815,3948,3958,4152,3716,3813,3960,3957,4675,3729,4965
3481,3719,3720,3752,3728,3479,3418,3717,4153,3615,3716,3815
3481,3418,3479,3615,3728,3720,3716,3617,3287,3717,3815,3288
3717,3728,4153,3959,3815,3479,3716,3948,4152,4738,3958,4445
3443,3441,4319,3606,3445,3323,3567,3563,3755,3322,3442,4085
3194,3020,3067,2833,3054,3021,3193,3068,3019,3018,3349,3195
3893,3465,3463,925,3428,3342,3464,3319,923,921,3317,3596
927,3723,3463,925,3893,923,3673,3465,3464,921,3428,3319
3745,3860,3734,3812,3523,3654,3746,3858,3497,3889,3580,3804
3523,3725,3734,3500,3745,3580,3497,3860,3654,3812,2874,3746
3860,3725,3785,3745,3726,3812,3858,3734,3859,3862,3746,3904
3815,3717,3716,3948,3959,3813,3729,3617,3958,3957,4152,3931
3930,3814,3813,3861,3862,3949,3786,3957,3948,3929,3859,3785
3514,3613,3611,3518,3609,4041,3423,3526,3612,3525,3253,4179
3730,3611,4041,3613,3514,3612,4179,4042,3526,3609,3518,3610
4112,4110,3367,3831,4211,3622,4092,3349,3830,4109,4108,3854
4110,3833,3830,3831,3732,3853,3854,4112,3855,4211,4109,3916
3654,3745,3497,3746,3496,3812,3678,3579,3495,3357,3358,3804
3576,3619,3310,3577,3578,3795,3621,2968,3573,3618,3822,3620
3641,2971,3309,3735,2933,3794,3310,2968,3999,3576,3619,2970
3738,4080,4025,3961,3660,3681,4071,4077,4072,4081,3683,3623
3681,3961,3683,4025,3670,3669,4072,4071,3682,3306,3668,3624
3760,3782,3527,3529,3740,3783,3784,4010,3273,3537,3271,3787
3537,3271,3784,3469,4313,3272,3014,3787,3538,3741,3303,3098
3016,3756,3012,3013,3115,3440,2925,3303,2923,2924,3015,3070
4297,3744,4298,4364,4218,3821,3508,4129,4226,4341,4219,4130
3742,3627,3870,4412,3744,3571,4297,3508,3821,4519,4298,4364
4218,3821,4298,4129,4219,4226,3421,4130,4341,4128,4005,4227
3812,3746,3654,3889,3804,3678,3496,3497,3904,3805,3495,3924
3804,3678,3805,3496,3495,3975,3680,3924,5237,3652,3498,4182
4284,3560,3748,3561,3981,3247,3635,3330,3826,3995,3694,3528
3561,3826,3694,3528,3330,3529,3739,3980,3979,3527,3270,3273
3703,3646,3832,3841,3733,3645,3833,3592,3990,3702,3647,4110
3548,2846,3277,3547,2847,2825,3549,3276,3933,3587,2827,3292
3752,4654,4231,4445,4153,3720,4738,4232,3718,4446,4152,3717
3720,4654,4153,3717,4738,4445,3481,4231,3959,3728,4152,4446
3688,3634,3564,3572,3322,3626,3633,3507,3316,3509,3571,3301
3689,4293,3690,3688,3755,3691,3626,3753,4036,3563,3872,3572
4293,3563,3753,3606,3688,3564,3689,3322,3634,3441,3572,3567
3012,3440,3016,2924,2923,2925,3116,3102,3013,2750,3101,2752
3759,3124,273,3758,3811,270,3520,3141,3810,263,3575,3978
3575,3978,3520,3810,4461,3522,3987,3936,4169,3374,261,5329
3811,3758,270,3810,3520,263,3978,3575,3936,261,4461,3522
3784,3740,3537,3783,3787,4313,3271,3469,3686,3014,3438,3741
3765,2967,2969,3736,2933,3837,2972,2971,3641,4167,3035,2934
3534,3593,3594,3532,4162,3383,4131,3382,3595,3260,4028,4027
3445,3559,3442,3368,3443,3369,3323,3444,3282,3280,3441,3295
3806,3255,3932,3761,3765,4166,2967,3099,2969,4165,3736,4168
3736,2969,3837,3641,4167,2971,2933,3309,3999,3794,3735,4291
3460,3510,3996,3225,3880,3354,3451,3450,3776,3355,3482,3775
3911,3894,3766,3460,3909,3996,3458,3510,3225,3354,3910,4318
3552,4019,4139,3394,3551,4261,3605,3392,4285,4287,3351,3604
3768,4140,3568,4139,3552,4520,4019,4216,3394,3393,4489,4285
2878,2986,2713,2711,2839,2876,2575,2712,3290,2326,2877,2573
3454,3912,3850,3455,3588,4396,3849,3851,3427,3908,3456,3457
3559,3375,3763,3368,4907,3295,3343,3280,3445,3442,3282,3369
3714,3712,3951,3715,4022,3667,3954,3665,3966,3713,4187,4024
3773,3712,3775,3950,3714,3665,3880,3951,3482,3667,3715,4324
3712,3665,3482,3483,3773,3667,3450,3714,3666,3449,3715,3664
3775,3774,3880,3712,3482,3665,3510,3952,3773,3450,3483,3714
3493,3882,3589,3453,3771,3588,3335,3902,3452,3912,3454,4234
3493,3494,3777,3453,3335,3589,3882,3452,3112,3588,3884,3771
2554,2559,2081,2320,2558,2557,2688,3078,2080,2690,2710,2788
3607,3562,3553,3808,3927,3926,3608,3412,3489,3807,4164,3925
2757,2582,2621,2526,2465,2620,2527,2438,2482,2626,2439,2622
3783,4010,3760,3784,3897,3787,3686,3527,3740,3537,4313,3797
3787,3784,3686,3797,4313,3687,3438,3537,3740,3574,3600,3741
4313,3787,3537,3438,3741,3797,3014,3469,3756,3574,3016,3115
3859,3860,3858,3812,3904,3905,3725,3929,3745,3889,3924,3746
3861,3676,3930,3785,3862,3677,3727,3814,3859,3860,3524,3858
3797,3438,4313,3574,3741,3537,3600,3756,3115,3014,3016,3439
3848,3844,3708,4312,3932,4409,3603,4165,3764,4408,3806,4410
3790,4126,3390,4362,3387,4125,3246,3245,4277,3389,4434,3388
4362,3390,3246,4277,3245,3389,4434,3247,3248,3388,3747,3138
3789,4101,3429,3790,4126,3390,3387,4124,3430,4362,4125,3245
3429,3791,3430,3789,3387,4101,3790,3390,4579,3824,4126,3245
3590,3437,3696,3278,3403,3279,3818,3698,3817,3402,3163,3203
3735,3619,3795,3309,3576,3621,3577,3822,4073,3310,3578,3866
3822,3619,3621,3866,3823,3577,3648,3618,3869,3576,4272,4334
3801,3655,3819,4003,3829,4002,3074,3820,3409,3828,4006,3827
3574,3438,3600,3115,3439,4313,3756,3741,3243,3116,3440,3016
3911,3909,3767,3910,3766,3996,4318,3894,3460,4414,3510,3776
3800,4967,3825,3798,4415,3909,3910,3459,3767,3911,4260,4414
3798,3459,3767,4967,3911,3894,3909,3766,3251,3910,3460,4415
3829,4002,3819,3827,4115,4063,3828,3820,4123,3656,3409,4114
4003,3801,3796,4006,4002,4115,4116,3829,3819,4114,3655,4063
3891,929,3724,927,3723,3892,925,3463,3673,3893,3674,3465
3805,3975,3678,3680,5237,3495,4009,3652,4253,3496,3679,3963
3680,5237,4253,3679,3652,4009,3963,3495,3947,5121,3653,3498
3765,3761,4166,2969,3736,3837,4167,4168,2967,3641,3099,2971
3808,3928,3925,3926,3607,3945,4306,3943,4163,3927,4164,4307
3607,3926,3925,3927,3928,4164,4163,3562,4306,3608,3945,4077
3807,3699,3808,3939,3928,3607,3780,3925,3926,3943,3945,3927
3978,3936,4169,4461,3575,4441,5330,6342,3987,5329,4532,4680
3810,263,3758,3978,3936,261,3575,4169,3520,4461,258,4441
3889,3746,3904,3804,3924,3654,3975,3905,3678,3805,4182,3496
3957,3949,3814,3930,3960,4053,4259,3862,3929,3861,4373,4965
3949,3862,3929,3957,3859,4053,3785,4052,3905,4135,4259,3858
3948,3813,3729,3957,3958,3960,3949,3814,3930,3931,4259,4965
2568,1987,2299,2534,1989,2676,2298,1966,2569,1964,1990,2157
3818,3838,3840,3436,5308,3402,3875,4476,3403,5119,4241,3401
3402,3436,3838,3401,3875,5308,3447,3840,3203,4618,4241,3404
3828,3829,3820,3827,3656,3983,4063,4015,3408,4123,3533,4045
3656,3828,3408,3983,3533,3827,3829,2950,4015,3982,3972,4123
4129,3421,4218,4128,3398,4219,4005,4298,3400,4226,3397,3802
3823,3621,3648,3869,3618,4334,3577,3867,4272,3706,3921,3887
3648,4334,3867,3618,3868,3706,3887,3921,3970,3886,3885,3620
4579,3430,3863,3431,3658,3387,3388,3638,3429,3659,3245,4083
4415,4967,4260,3910,3798,4414,3909,4973,3800,4318,3911,4737
3979,3739,3694,3782,3529,3527,3993,3760,3528,4010,3740,3783
4123,4015,3983,4045,3982,4173,4046,4107,3533,3864,4016,3856
3656,3983,3827,4015,3533,3982,4123,4045,4063,4107,3972,2950
3827,4063,3828,4123,4015,3983,4173,3656,4045,4122,4046,3408
3854,3831,3855,4109,3852,4211,4097,4112,3968,4096,4111,4108
4211,4109,3854,4108,4097,4092,4111,3855,3852,3622,4091,4160
3833,3733,3990,3645,3830,4110,3853,3915,3916,3732,3647,3831
3830,3853,3916,3855,4110,3967,3854,3831,3989,3968,3732,3852
3792,3791,4100,3432,3429,4638,3789,4101,4127,3430,3790,4126
3792,3432,3834,3791,3429,3857,3430,4100,3789,3864,3824,3387
3835,4049,3834,3792,3856,4145,4100,3432,3791,4638,4046,3429
3641,3736,3999,3794,3735,3309,2971,3998,3619,4212,3576,3795
5308,3436,3875,4241,5119,3402,3447,4618,3401,3649,4650,3543
3817,3840,3838,4476,5308,3818,5119,5120,3436,3875,4241,3437
5308,5119,3838,5120,4241,3875,4994,4650,3436,5101,4993,4240
3990,3915,3832,3833,3916,3853,3733,3989,3967,3830,3855,4196
5638,4088,4151,4087,3941,3956,5223,3874,3570,4528,4475,4516
4463,3842,4150,3569,4470,5638,4151,4088,5223,3419,3956,4087
3848,4409,4165,4408,3708,3932,4741,4740,4168,4411,4166,3806
4059,3847,3846,3788,3709,4304,3844,4312,3710,3848,3708,4302
4312,3844,3788,4409,3848,4410,4408,3709,4165,3708,4741,4411
3709,3710,3788,3708,3846,3603,3602,3601,3848,3844,4312,3932
3932,4165,4409,4166,3764,3806,4168,4740,4741,4167,3254,3765
3457,3601,3663,3426,3602,3362,3710,3491,3380,3311,3603,3363
3454,3851,3908,3849,3455,4376,3601,3912,3457,3876,3427,3663
4376,3849,3601,3455,3710,3457,3602,3663,3426,3847,3491,3603
4095,4097,4094,4191,4398,4111,4413,4465,4108,4399,4160,4395
3855,3968,3830,3854,4096,4196,3852,4347,5377,3831,4097,4109
4109,4097,3852,4111,4095,4096,4108,4191,4094,4160,4092,4398
3852,3854,4096,4097,4094,4095,4109,5377,4413,4111,4191,4398
3835,3857,3432,3864,3792,3430,3824,3834,3865,3429,4107,4579
3824,3432,3430,3865,4579,3863,3792,4017,3429,3387,3658,3431
3904,3812,3889,3905,3924,3745,3746,3804,4135,3975,4182,3805
3858,3905,3929,3904,4135,3860,3924,3812,3889,4052,4182,4113
3812,3858,3745,3889,3746,3904,3734,3654,3804,3905,3924,3678
3862,3785,3859,3814,3727,3860,3858,3929,3949,3905,3524,3904
3859,3785,3929,3949,3858,3905,3904,4135,3860,4053,4052,3812
3431,3638,4579,3659,3388,4083,3639,4051,3387,3640,3478,3657
3857,3865,4017,3824,4016,3432,3658,3430,3863,4579,4082,3971
3824,3658,3863,4579,4082,3430,3638,4083,3431,3659,3387,3388
3822,3869,3823,4272,4334,3621,3921,3648,4039,3887,3867,3618
3868,3886,3970,3705,3885,3888,4004,4007,4008,3918,4027,3919
3885,3886,3888,3918,3970,4007,3920,4004,3917,4065,4055,3705
4334,3921,3823,3887,3868,3867,3648,3919,3885,3922,3618,3886
4412,3742,4519,4297,4364,3627,3744,4298,4518,4218,3821,3571
3743,3870,4170,3625,3742,4412,3627,4519,4297,3626,3571,3744
3871,3625,3743,3626,3627,3870,3571,3742,4170,3508,4412,3572
181,4693,179,4517,178,4529,4537,176,4149,4928,4515,4695
4516,185,183,3873,4528,181,4383,4693,179,4382,4529,4517
4618,3447,4241,3649,3543,4240,3448,3651,4242,4650,3650,3542
4376,3847,3710,3851,3601,3709,3845,3602,3788,3849,3603,3708
3876,3845,3847,4376,3710,3788,4059,3709,3846,3851,3601,4057
1594,1595,1513,1587,1588,1497,1596,1597,1431,1608,1430,1586
4030,4031,4029,522,4175,520,4161,4366,519,523,4174,3906
3482,3450,3775,3665,3451,3449,3483,3222,3712,3355,3666,3327
3512,3730,3731,3514,3385,3613,3976,3611,4041,3518,3423,3160
3771,3902,3589,3454,4234,3912,3453,3850,4396,3588,3455,3452
3777,3778,3882,3884,3493,3589,3494,3902,3771,3453,4236,4234
3882,3902,4234,3777,3771,4396,4397,3589,3850,4353,3454,3493
3918,3888,3917,3920,3886,4055,3923,4007,4065,4054,4064,3970
4004,3888,4007,4008,4065,3986,3985,3920,3918,4239,3984,4043
3885,3868,3919,3918,3888,3867,3917,3886,3923,3920,4055,4007
3920,4007,4065,4055,4239,4004,4064,3985,4176,4043,4066,4054
3804,3924,3746,3975,3805,4182,3678,5237,4009,3680,4134,3495
3501,3524,3726,3084,3523,3725,3500,3727,3734,3597,3580,2875
3892,3724,3723,929,3673,927,3674,3463,3465,3893,925,3342
3673,3674,3723,3465,3342,3724,3584,3893,3463,929,3319,927
3428,3464,923,3319,3596,921,3317,3051,919,917,3293,3318
3460,3458,3766,3249,3354,3911,3225,3510,3153,3909,3355,3996
4137,3685,3684,4136,4138,3599,3687,3897,4314,4010,4292,3598
3897,4010,3684,3895,3687,3685,3686,3783,3782,4137,3599,3600
3686,3687,3783,3797,3600,3787,3685,3599,3574,3784,3438,3760
3895,3896,3684,4315,4137,3685,3993,3897,4010,3687,4136,4534
3900,3610,4215,3769,4140,4216,3768,3568,4694,4520,4139,3462
4140,3769,4216,3768,4520,4139,3568,4489,4019,3552,4521,4285
3856,3835,3836,4046,3432,3834,3792,3857,4049,4045,3864,3430
3771,4396,3850,3454,3908,3589,4353,3851,3907,3912,3455,3849
4235,3883,3884,3882,4236,3777,4234,3902,3778,4397,3589,3771
3924,3889,4182,3975,4135,3804,3746,3805,4009,4113,4134,5237
3904,4135,3924,4182,3889,4052,4113,3975,4134,3804,4009,4181
3953,4183,515,4493,6674,512,4457,4494,4495,5280,510,6932
3908,4300,3876,4376,3877,3851,3850,3938,3847,3710,3601,3849
3851,4376,3876,3601,3849,3710,3877,3847,3455,3602,3457,3663
3911,4318,3996,3766,3776,4317,3880,3510,3460,3775,3774,4391
3909,4318,4317,3911,3996,3776,4737,3766,4391,3774,3880,4580
3766,3996,3460,4318,3510,3880,3776,3225,4317,3458,3450,3354
3454,3427,3455,3456,3426,3446,3381,3380,3849,3457,3531,3851
3701,4154,3700,3809,5034,3556,3699,3555,3940,3807,3780,3808
3913,4327,3700,3701,4154,3555,3556,3809,4067,3554,3699,5034
3916,3989,3990,3967,3853,3833,4807,4196,3968,6980,4347,3855
3967,3853,4196,3968,3855,4347,3830,4096,5377,4348,3854,3852
3918,4055,4054,3920,4784,4785,4066,3888,4064,5130,4065,4850
3920,4055,3888,4065,4054,4064,4066,4007,4239,4785,4784,5130
3885,3917,3918,3923,3868,4055,3888,4054,3920,4784,4785,3886
4065,4055,4064,4007,4239,4066,4176,5023,4043,3985,5130,4785
3887,3919,4334,3922,3885,3868,4038,3923,3918,3917,3867,4040
3919,4040,3923,4456,3887,3917,3885,4784,3918,4709,4054,3868
3917,4784,4054,3918,4785,4055,4851,4850,3920,5130,4066,3888
4182,3975,3804,4009,4134,3805,4113,5237,4269,5121,3680,3963
3926,4163,4306,4164,3927,4255,4077,4809,4307,4208,3608,4080
3927,4164,4163,4077,3608,4080,4306,4208,4255,3489,4081,3737
3608,4164,4080,3489,4077,4163,3737,4025,3490,4208,4081,3488
3945,3925,4306,4307,4163,3926,4225,4809,4255,4164,3927,4388
4135,4052,3905,4308,3858,3904,4113,4182,4373,3924,4181,4309
3814,3861,3862,3949,3785,3859,3929,3957,3858,4053,3727,3905
3930,3786,3729,3861,3862,3814,3676,3785,3813,3949,3859,3677
3806,4166,4165,4168,3765,3761,4167,3255,4740,3837,3736,4291
3962,3547,3587,3965,3549,3964,3277,3586,3435,4090,3974,3292
3657,4083,3672,3642,3640,3331,3333,3638,3935,3414,3475,3334
3413,3414,3008,3333,3672,3106,3257,3332,3007,2889,3331,2765
4441,4169,4532,3978,6342,4533,4461,4680,5330,4504,4402,3575
4059,3845,4057,3877,3846,4304,4302,4303,3847,3788,4312,3876
3877,3937,3845,4479,4059,3876,3847,4057,3846,3908,3788,4376
3943,3928,3945,3807,4225,3925,4306,4307,3808,4389,4960,4388
3939,3809,3807,3928,3943,3946,3699,3945,3808,3925,4225,4306
3570,3874,193,185,4087,4516,183,3873,4528,181,4383,4693
4310,506,504,4311,502,4496,501,4742,4497,4743,499,4744
3945,4225,3928,4307,4960,4306,4388,3925,4809,5166,5001,5263
4068,3946,3940,3939,3943,4352,3809,3807,4389,3945,4225,3928
4307,4306,4809,3925,4388,4255,4960,5166,4163,3926,4254,5162
3943,4225,4389,3939,3945,4960,3928,4307,4388,5001,3807,4306
3962,3933,3964,3965,3587,3547,4090,4012,4011,3548,3586,3974
3958,3960,3957,3813,4965,4259,3949,4675,4426,3814,4053,4373
4053,3929,4259,4052,4373,4308,3859,4135,3905,4427,4426,3785
3773,4022,3951,3714,4187,3966,4024,3712,3954,3715,4020,3667
3714,3954,3966,3715,4024,4021,3667,4020,3713,3751,4023,4186
3773,3950,3774,4324,3712,3951,3714,4022,3775,670,3715,4187
4493,6674,512,4495,5280,4494,6932,510,5128,4711,4728,3942
3751,4021,3713,4023,3752,4654,3711,4020,4231,3666,4445,4232
3284,3168,2745,3285,4014,2886,3286,3220,3345,2544,2744,3219
3570,3941,196,193,202,4088,185,3874,4087,183,4516,4151
3949,4259,4053,4373,4426,4427,3929,4308,4052,4375,3862,5018
4965,3960,4675,4426,5018,3957,4829,4259,3813,4427,4429,5076
3958,3948,3815,4675,3960,4965,4499,3957,3813,4829,4426,4259
4259,3957,4426,4427,4373,5018,4053,3949,4429,4375,5076,4428
3683,3681,4072,4071,3670,3697,3682,4078,4079,3669,3668,3698
3965,3587,4090,3586,3974,3435,3549,4011,4089,3973,4105,3434
4253,4012,3964,3947,4424,4011,3679,3962,4422,4090,3933,4270
3962,4090,3965,4011,3974,4089,3587,4542,4102,3586,4105,3547
4090,3974,3586,4089,3973,3435,4105,3434,3549,4542,4104,4018
4020,3954,4023,4021,4186,3751,3715,4231,4233,4232,3713,4654
3968,4196,3853,4347,3855,5377,4096,4348,3830,4663,3852,3854
4096,5377,4347,3855,4413,3852,4663,4094,4620,3854,4095,4097
4470,4460,4472,5329,5223,4471,4468,4150,4469,5330,3843,4802
3886,4004,4008,4027,3986,4007,3984,3888,3985,4028,4162,3977
4016,4044,4082,3476,4017,4619,3934,3637,3658,4083,5141,3865
3971,3636,3982,3365,4016,4044,3346,3476,4082,3637,4107,4017
4325,3434,4018,3661,4104,4301,3662,3433,3997,4193,3416,4609
4105,3973,3586,4104,4018,3434,4325,3435,4103,3661,4609,4301
3805,5237,4009,3680,4134,3963,5121,4253,4269,3679,4424,4012
4041,3731,4042,4179,3611,3730,3612,4178,3613,4177,3512,3899
3881,3976,3731,3730,4043,3512,4041,3513,3611,4042,3613,3514
4461,3575,4169,3987,5329,5330,4441,3522,4680,6342,4460,3969
3782,3739,4010,3760,3694,3783,3527,3784,3896,3897,3529,3740
3979,3826,3993,3782,3739,4141,4010,3694,3896,3783,3760,3897
3826,3980,3748,3979,3694,3739,3561,3994,3993,3782,3529,3528
4016,3971,4107,4017,4045,4082,3636,3864,4044,3865,3658,4046
4015,3982,3533,4107,4045,3972,4123,4016,3971,3864,4017,3364
3986,4026,3977,3881,3595,3985,3513,3976,3731,3512,3730,3383
4239,4043,3976,3977,4042,4176,3731,4041,3881,4064,4178,3730
3985,3977,4026,3976,4239,3881,4043,3731,3595,4065,3513,3730
3969,5329,4460,5330,4472,4468,4470,4471,4802,4189,4680,5223
3989,4830,3915,4807,3916,6980,4196,3967,3990,3841,5485,4348
3916,4807,3967,4196,3968,3853,4347,6980,4348,5377,3855,4663
3916,3833,3853,3967,3989,3830,3733,3855,3968,4196,4807,3854
4156,5814,3995,3992,4157,3980,4184,3994,3981,4284,4436,4141
4284,3995,3981,3747,3748,3980,3826,5814,3979,3994,3560,3561
4010,3979,3782,3896,3897,3783,3739,3760,3684,3686,3687,3895
4141,3993,3980,3979,3896,4010,3898,3782,3826,3897,3739,3783
5814,3981,3980,3994,3826,3979,4157,3748,3993,4141,3739,3782
3880,3776,3510,3775,3450,3225,3482,3774,3451,3665,3712,3355
4327,3914,3643,3700,3555,3913,4326,3554,3701,3556,3470,4154
3795,3794,4073,3619,3822,3866,3735,3621,4213,3576,3823,3577
3998,3794,3795,3641,3735,4073,3619,4221,3309,3822,3576,3621
932,3803,3891,929,4106,3724,927,3892,3723,4075,925,3463
3786,3484,3676,3677,3861,3931,3727,3675,3785,3930,3524,3862
3829,4115,4063,3819,3827,4122,4123,4173,3828,4117,4015,3820
4002,4115,3801,3829,4114,4063,3819,4122,4228,3827,4117,4123
3986,4007,3985,3984,4239,3977,4065,4043,3976,4026,3920,3881
4116,4006,3802,4003,4227,4228,4114,4115,4002,4344,3801,3796
4003,4114,4115,4228,4002,4117,4122,3801,4063,4288,3829,4119
4239,4065,3985,3986,4043,4064,4176,3976,3977,4055,3984,4042
3984,3986,4004,4028,4026,3977,3985,4007,3595,3594,3881,3976
5121,5237,4269,3963,4424,4012,4253,4270,3680,3964,4422,3947
3897,3783,3686,3684,3687,3787,3760,3784,3797,3600,3685,3599
4102,4542,4090,4089,4673,4103,4423,3974,3965,4105,4104,4281
4011,3964,4422,4102,4090,4542,4423,3962,4089,3965,4673,4425
3839,4476,3840,4832,5120,3817,5119,3838,5308,5101,4994,3818
3220,3345,3285,3219,3161,3168,3344,3286,3159,3221,3160,2886
4045,4107,3982,3864,4016,4046,4017,3865,3971,3972,3857,3856
4017,4082,4044,3865,3658,4083,3934,3476,4619,3824,3863,3857
3865,3658,4082,4083,3863,3824,4044,3638,3934,3657,4579,3640
4193,4301,4609,4325,3997,4523,3661,4192,4326,3914,3662,4327
3605,3551,4261,4287,3392,3604,3799,4354,3550,3825,4286,3800
4023,4233,4204,4021,4232,4231,4335,4336,3751,6837,4445,4654
3751,4231,4654,4445,4232,3752,4233,4738,4446,4153,3711,4335
4024,3951,3966,4020,3954,4186,4188,3714,4023,4021,3715,665
4021,4231,4232,4233,4445,4335,3751,4654,4446,4336,4738,4501
4020,4186,3966,4023,4204,4233,4205,663,4021,3954,4232,6837
4071,3961,4081,4072,4079,3683,4078,3681,4076,3697,3682,4206
3881,3513,3977,3512,3730,3731,3384,3385,3985,3976,3514,3613
4028,4008,3984,3594,3595,3986,4026,4004,3534,3977,3886,3383
3984,3595,4026,3986,3513,3977,3383,3881,4004,3512,3384,3985
4175,4366,4174,519,520,3906,4394,517,4365,4183,3953,515
522,520,4029,4175,519,523,4174,4366,517,3906,524,525
4029,4366,4030,4175,4174,4365,4394,520,519,522,3906,4183
4031,3879,4161,4029,4366,4030,4160,4365,4175,4174,522,520
4379,4402,4453,4142,4377,240,4533,4050,4504,4378,4199,4144
3690,4036,4132,3691,3754,4171,3689,3872,3871,4487,4172,3626
3754,3690,4034,3689,4085,4036,4293,3691,4132,3688,3626,3755
3872,4171,3691,3871,3625,3743,3689,4172,4170,3626,3870,3571
4038,4039,4847,3922,4456,4845,4040,3921,5028,3923,3919,4709
4456,3922,4040,3923,5028,4709,4784,3919,3917,4851,5472,3887
3921,3922,4038,3869,3919,3887,4847,4040,4334,3923,4456,3885
3923,4784,4709,4851,3917,3919,4054,4785,4946,4850,4852,3918
4179,3611,3612,4177,3613,3899,3526,3610,3609,4230,3900,4263
4178,4179,4041,4177,4263,3612,4262,4230,3899,3611,4215,4626
3976,4042,4176,4178,4041,4179,3731,4262,4177,5023,3611,4263
3476,4619,4082,3934,5141,4083,3657,3642,3347,3658,3672,3475
3864,4046,4107,3857,3865,3856,4017,4016,3824,3432,3658,3971
3864,3856,3857,4107,3865,3432,3835,3824,3430,4017,3792,4016
3901,3836,4118,4173,3835,3856,4049,3834,4146,4046,3792,3432
4118,4047,3836,4146,3901,4049,3835,3834,4145,4271,4173,3856
3834,4145,4100,4638,3791,3835,3792,4265,4127,4101,3432,3789
4202,4144,4143,4200,4199,4198,225,4453,4201,223,4237,4238
3248,3137,3140,3478,2957,3138,3389,2960,4455,2992,3628,3139
4135,4308,4181,4113,4309,4182,4375,4134,4180,4268,3924,3904
4373,4308,4052,3929,4375,4427,4135,4309,4181,4113,3859,3905
4785,4055,4066,5130,4850,3920,4064,5132,5354,5376,5023,4852
4066,4064,4065,4785,5130,5023,5132,4176,4239,4850,5376,5354
3263,3048,3261,3391,3047,2724,2898,3531,3519,3156,3372,2899
4302,4059,4304,4407,3846,3845,4385,4410,4312,4480,4481,4408
4479,3938,3937,4305,4057,4059,4300,3877,3845,4386,4303,4302
3846,4304,4312,3788,3844,4410,4407,3847,4408,4409,3848,3709
4133,4035,4034,3690,4062,4345,4132,3754,4036,3689,3691,4085
4060,4062,4035,4084,3754,4034,4328,4133,4085,3690,3689,4346
4085,3754,4035,4293,4346,3690,3755,3689,4034,3688,4319,4133
4123,4173,4122,3827,4046,4045,4015,3901,4047,3856,3983,3864
5023,4176,4239,5132,4262,4043,5022,4178,4042,5376,4263,5158
4239,4064,4176,4043,3985,5023,4066,4042,3976,4178,4262,5132
4064,5132,5023,5376,5022,4176,5354,4262,5158,5532,4239,4957
5034,4154,4069,3944,3940,3913,3809,4068,4070,3939,3701,3946
3946,4352,4389,3943,3939,4225,5002,3940,4960,3945,5001,3928
4070,3944,5034,4068,4350,4352,3946,3940,4154,4349,3939,3943
4068,4352,4349,3944,3946,4389,5002,5187,5034,3943,3939,3940
4079,4072,4078,4076,4206,3683,4447,3697,4210,4013,3682,4207
4078,3683,3697,4079,3682,4447,4013,3698,4206,3670,3839,3668
4213,3866,3795,3822,4600,4272,3869,3823,3621,3619,4273,4334
4340,3630,3632,4075,3629,3583,3584,3674,4333,4106,3631,3892
4106,3674,3892,3632,3891,3673,3584,3342,3723,3803,3583,3465
4210,4207,4079,4206,4543,4646,4447,4256,4078,4072,4832,4864
4208,4080,4081,4025,4071,4076,4209,4079,4072,3961,4207,4254
4447,3697,4013,4476,3839,3698,4832,3840,3817,5120,4543,3696
4078,4206,4447,4210,3697,4013,4543,4832,4476,4646,3839,3698
4025,4081,4071,3961,4208,3738,4072,4079,4076,3683,4209,3681
4071,4076,4079,4072,4206,3961,4078,4210,4207,4447,3683,3697
4083,3658,3934,3657,4619,3638,3640,3863,3672,5141,3642,3824
3657,3638,3640,3672,3639,3331,3334,3659,3642,3333,3431,3478
4346,4062,4085,3755,3754,4361,4319,4035,4293,3721,4060,3563
3755,3754,4293,4319,3689,3563,3753,3688,3690,3606,3626,3691
4062,4084,4061,4085,4035,3754,4346,4060,4293,3755,3690,4034
4528,4516,3874,4383,3873,4382,183,185,4529,4693,181,4531
4087,3941,3874,4516,4528,3570,185,193,4475,3873,183,4383
4105,4104,3974,4103,3973,4018,4194,4609,3586,4281,4192,4193
3974,4089,4542,4105,3586,3973,4104,4103,4673,4018,3435,3434
4032,4161,4160,4031,4111,3879,4366,4365,4029,4395,4191,4030
4091,4108,3502,4032,4109,4161,4160,4111,3504,3879,4031,4097
202,207,3956,196,3570,193,5638,3941,185,4088,3874,183
4095,4465,4398,4191,4621,4464,4399,4691,4395,4584,4662,4692
4398,4191,4399,4465,4395,4464,4160,4393,4583,4584,4621,4691
4094,3852,4413,4095,4465,4620,4097,4398,4621,4191,4111,4664
4111,4095,4191,4094,4160,4398,4395,4399,4091,4465,4413,4161
3565,3162,3566,3278,3163,3201,3590,3129,3128,3279,3793,3180
4000,4106,3803,3891,932,3892,4075,929,3724,3723,3674,927
3791,4101,4127,4124,3792,3789,4126,4279,3429,4125,3790,4278
4124,4126,3789,4125,3790,4278,4277,4362,3390,4280,4582,3246
4542,4673,4423,4103,4089,4281,4514,4090,4104,4194,3974,4105
4194,4104,4609,4282,4105,4192,4283,4018,4610,4193,4551,4550
4609,4194,4018,4192,4193,4523,4283,4301,4610,4325,4326,4522
4104,4018,3973,4609,4325,4193,4301,3434,4194,3661,4192,3997
3892,3891,3803,3674,3673,3723,3724,932,3632,929,3465,3342
3864,4016,4017,3865,4082,3971,3857,3658,3824,3863,4044,4083
4091,4111,4160,4161,4097,4032,4191,4395,4031,4365,4095,4366
4111,4108,4097,4160,3852,4191,4091,4095,4395,4161,4094,4096
3831,4112,3830,4211,4109,3854,4092,4108,3622,3855,3853,4097
4160,4191,4395,4095,4161,4365,4398,4399,4094,4393,4032,4031
4211,4092,3831,3622,4108,4109,4091,3502,3854,3503,4111,4032
4134,4182,4180,4269,4268,4009,3975,4270,4267,5121,4374,4424
4115,4117,4122,4047,4119,4002,4063,4048,4173,3901,3829,4120
4122,4063,3829,4117,4173,4047,4123,3827,3901,3819,4048,4119
4006,4228,4344,4114,4003,4288,4115,4117,4290,4119,4002,4122
4047,4048,4122,4120,3901,4118,3836,4121,4173,4063,4146,4049
4146,4049,3836,4145,3834,4271,3901,3835,4100,4638,3792,4265
4117,4121,4048,4120,4118,4047,4264,4146,4122,3836,4049,3901
4118,4146,4048,4264,4271,4049,3836,4047,4145,4295,3834,4265
4120,4264,4146,4048,4118,4359,4271,4295,4145,4049,4047,3836
4047,4173,3901,4048,4123,3836,3856,4046,3835,4118,3827,4045
4045,4046,4173,4015,3864,4107,3856,3901,3857,3982,3865,4016
4125,4278,4126,4582,4524,4277,4280,3789,4761,3790,4362,4155
4277,4280,4362,4524,3790,3747,4434,4158,4284,3246,3992,3390
3790,4362,4125,4277,3390,3246,4434,4280,3747,3389,3247,3245
4124,4279,4101,4278,4641,4125,4582,3791,4126,3789,4761,4524
4005,3802,3400,4219,4006,4003,4116,3796,3370,3801,4227,4002
4219,4128,4005,4116,4226,3802,3400,4227,4006,4003,4289,4344
3421,3398,3821,3397,4129,4128,3400,3371,3370,4005,4218,3802
3382,3345,4014,3344,3383,3284,3220,3384,3161,3285,3955,3160
4171,4036,4172,3871,4170,3872,3690,4763,3691,4608,3870,3743
4034,4132,4035,4036,4487,3690,4171,4172,3691,3754,3871,3872
4269,4180,4009,5121,4270,4424,3963,5237,4267,4012,4422,4425
4113,4182,3924,4181,4134,4180,3975,3889,4309,4009,4269,4268
3598,4292,3599,3243,3241,4147,3687,4444,3600,4148,3439,3117
3685,4138,4136,3684,3599,4292,4617,3598,3687,4444,4616,3243
4617,4136,4292,3685,4616,3598,4444,3599,4147,5763,4677,3241
4019,4285,4261,3605,3552,4287,4488,4286,3551,4354,3825,3799
4520,4139,3768,4489,4285,4019,4261,3552,4562,4488,3605,3394
3896,3898,3993,4010,3895,3897,3684,3979,4316,3782,3783,3685
4050,4144,4453,4199,4202,4143,4201,4378,4200,4377,4442,4198
4202,4198,4237,4200,4238,4144,4266,221,5406,4201,4251,220
4201,4199,4200,4198,4247,4251,4442,4248,4378,4266,4238,4237
4638,4265,4100,4127,3834,4296,4101,3791,4124,4279,3792,3835
4271,4145,4049,4638,4265,3836,4100,3834,4294,4127,3835,3791
4148,3241,4197,4443,4203,3242,4274,3243,3117,3778,3883,3494
3242,4203,3117,3778,3494,3109,3883,4274,3493,3113,3777,3112
4611,175,4544,172,4612,4690,4674,4689,169,4797,4731,4811
5223,4151,3842,4472,4088,4475,5638,4087,4469,3569,4528,3941
4087,4088,4475,4528,4469,4516,3874,4382,3941,4531,4383,3873
3959,3958,4675,4499,4965,4829,3948,3960,5018,4910,3815,4426
3959,3717,4152,4738,3958,3728,3948,4499,3815,4675,4965,3960
5034,3809,3940,3701,3944,3807,3699,3939,3556,3808,3928,4068
4159,4524,3991,4158,4156,4246,3995,3992,4280,5814,4184,4185
4184,5814,4157,4436,3994,3995,4224,4141,3980,4438,3992,4404
4224,3994,4141,4404,3898,3993,3980,3896,4316,4010,3979,4406
3992,3991,3995,4284,3981,5814,4156,3980,3747,3748,3994,3826
4246,4156,3991,4184,4185,4158,5814,4157,3995,4245,4436,3992
4161,4395,4365,4191,4393,4366,4031,4399,4392,4394,4398,4029
4031,4366,4365,4029,4395,4394,4174,4030,4175,4392,4393,519
4027,3594,4028,3534,3595,4008,3984,4026,3383,3593,3986,3513
4077,4255,4208,4209,4080,4809,4081,4076,4254,4025,4207,4071
4077,4080,4163,4208,4081,3737,4025,4255,4071,4209,3961,4076
4168,4740,4166,4741,4167,4291,3806,4252,4684,3837,3765,3999
4168,4167,3765,3837,4291,3761,3736,3999,3641,2969,3794,4212
3999,3837,3794,4212,3998,3641,3736,3735,2969,3795,3309,3619
4167,4291,3999,3837,4252,4212,3765,3998,3794,3736,3641,3761
4461,6342,5330,4680,5329,4533,4802,4587,3987,4504,4468,4588
3870,4519,4412,3743,3742,4606,4297,4364,3625,4518,3627,4735
3871,4170,3872,3870,3743,4608,3691,3625,4519,3742,4412,4752
4171,4170,4608,3871,4752,3870,4519,4786,4606,3872,3743,4412
4046,3901,3856,4045,3864,3835,3857,3836,4015,3432,4107,3792
3906,4394,4183,517,3953,4457,515,4493,4392,4494,6674,4728
519,4174,3906,517,4183,3953,4394,515,4365,4493,4457,512
4178,5023,4262,4042,4263,3976,5022,4177,5132,4179,4041,4626
4230,3899,4215,3900,4694,3612,3610,4216,3769,4140,4560,3526
4263,4177,4230,4179,4626,4041,4694,4215,3899,3612,4957,4560
4177,3612,3899,4230,3610,4215,3900,4263,3526,3769,4694,4140
4269,4270,4267,4473,4424,4009,5121,4425,4887,4422,4474,4012
4113,4268,4180,4374,4134,5375,4182,4473,4267,4269,4270,4439
4134,3975,4009,4269,4180,5237,5121,3804,3805,3963,4424,4270
3953,4493,4457,4494,5280,4728,6674,515,4495,5128,512,5104
4436,4157,4438,4224,5814,4404,3994,4141,3898,4406,3995,4316
4245,4184,4436,4156,4438,4437,4157,4224,4404,3991,5814,4406
4020,4204,4233,4023,6837,4336,4232,4335,4021,4231,4916,4959
4024,4022,4188,665,4186,4020,3966,3951,663,4205,4204,4023
4186,4205,663,4024,4204,4020,662,6837,4233,3966,4336,660
3843,4150,4470,3969,3842,5223,4463,4472,4151,4460,3569,4088
3969,4189,4470,3987,4150,4472,4460,3843,5223,5329,3842,4469
4395,4399,4398,4393,4365,4583,4464,4161,4465,4584,4392,4459
4610,4523,4193,4522,4549,4326,4067,4301,4069,4717,4351,3914
4301,4523,4326,3914,4610,3913,3997,4067,4522,4154,4327,3700
4192,4283,4609,4610,4550,4523,4551,4193,4018,4549,4522,4718
4074,3630,3629,4322,4340,3632,3583,4574,3631,4337,4578,4075
4347,3968,4348,5377,4663,4096,4808,3855,4806,4620,4413,4664
4203,4274,4148,3883,3778,3242,3903,4275,3777,3494,3493,4235
4238,4200,4266,5406,4251,4201,5404,4713,6657,5403,5317,5203
4442,4201,4247,4250,4200,4248,4503,4502,4251,4249,4369,4564
4251,4201,4266,4238,4248,5317,4247,4713,5406,5404,4541,4368
4247,4248,4251,5317,4250,4368,4266,4249,4713,4541,4369,4503
4144,4198,4200,4201,4237,4238,4199,4266,4251,5406,4247,4248
3778,3242,3883,3494,3777,3493,3903,3109,3882,3335,3453,3589
6837,4233,4336,4916,4959,4335,4023,4232,5475,5171,4231,5695
6837,4204,4186,4959,4336,4916,4233,4020,5475,5694,4335,4023
4543,4447,4832,4078,4863,4864,4476,4013,5120,5101,3697,4870
4210,4256,4646,4647,4543,4206,4864,4870,4079,5379,5164,4863
4209,4081,4076,4207,4254,4071,4079,4210,4025,4206,4256,4072
4207,4076,4256,4210,4081,4646,4206,4079,4645,4071,4647,4543
4206,4543,4646,4864,4832,4447,4863,4870,4078,5379,5462,4476
4108,4109,4092,4091,4111,3854,4097,4160,3502,4032,4161,4191
4221,3998,4073,3999,4214,3795,3794,4213,3866,3822,3619,4600
3866,4272,3869,4273,3822,3795,4039,3921,3823,4334,3621,4037
4213,4600,4220,4073,4272,3866,4273,4558,3998,3795,3869,4039
3900,4216,4140,3769,4520,4521,3610,4489,3768,4139,4562,4285
4520,4489,4140,4562,4285,4139,4488,4561,3768,4639,4261,4286
935,4000,4099,932,3803,4333,4106,3891,929,4337,3724,3892
4219,4226,4129,4227,4005,4341,4116,4289,4128,3421,4344,4006
4116,4227,4005,4006,4344,4289,4228,3802,4288,4003,4114,4290
4558,4600,4273,4401,4213,4557,4272,4039,4037,4073,4601,4400
4073,4214,4213,3998,4600,3866,3795,4220,4272,3822,3794,3869
4381,4223,4214,4220,4221,4380,4600,4558,4213,4212,4073,4273
4221,4214,4212,4073,4213,4220,4381,3998,4600,3999,3866,3795
4141,3898,3994,3896,4316,3895,3993,4010,3684,3980,4315,4405
4960,4307,4388,3945,5263,5166,4306,4809,5162,3925,4255,5262
4227,4219,4289,4344,4116,4342,4290,4005,4228,4288,4006,4128
4344,4116,4228,4288,4290,4006,4342,4114,4372,4119,4117,4454
4288,4114,4117,4119,4115,4372,4122,4048,4047,4121,4120,4002
3473,3188,3235,3511,3189,3353,3165,3541,3420,3329,3352,232
4215,4694,3899,4216,3900,4560,4140,4521,3769,4520,4814,4489
4445,4232,4654,4446,4738,4335,4501,4500,4153,4499,4152,5171
4335,4446,4445,4501,4654,4500,5171,4738,4499,4909,5475,4910
4232,4335,4336,4231,4446,5171,4501,5475,4445,4916,4654,4500
4396,3902,4353,3907,3908,3850,3771,4300,4299,3851,3454,3876
3884,4236,4234,3883,4397,3882,3902,4505,3777,4396,4353,4767
4397,4234,3884,4767,4353,3902,4396,4942,3882,5900,3907,4299
4238,4198,5406,4266,6657,4200,5203,5404,5403,4667,5964,4251
4266,5406,5404,4251,5403,5203,4713,5405,4714,4201,5964,5317
4043,4176,3976,4042,4178,5023,3977,4262,4041,3731,4179,4177
4242,4449,4649,3651,4651,4995,4448,3543,4793,4243,4648,3650
4240,4650,3649,4618,4242,4449,3447,3651,4649,4996,3543,4995
3651,4649,4448,4243,3650,4793,4651,4830,3988,3702,4648,3542
3988,3702,3915,4830,3704,3989,4807,4793,3841,3916,3990,6980
4482,4245,4437,4185,4467,4438,4246,4184,4535,4436,4406,4553
4438,4184,4437,4436,4404,4406,4156,4157,4224,4535,4316,3898
4185,4184,4156,4245,3991,4436,4157,5814,4438,4224,4437,4158
4250,4248,4249,4369,4368,4251,5317,4564,4370,5348,4371,4661
4368,5317,4249,4540,4541,4371,4713,4369,5348,4370,4702,4703
4368,5348,4370,4371,4661,4540,4937,4877,4702,4541,4876,4917
4369,4249,4564,4248,4370,4661,4585,4368,5348,4660,4371,5317
5317,4248,4713,4541,4368,5404,4540,4703,4249,4714,4250,4371
4223,4291,4212,4221,3999,4222,4167,3998,4214,4073,4602,3837
3947,3679,3964,3962,3933,4012,3653,3965,4090,4011,4424,3587
4256,4209,4207,4645,4647,4646,4076,4210,5165,5164,5379,4081
4209,4208,4254,4077,4207,4076,4081,4256,4210,4645,4080,4646
4647,4646,4210,5164,5379,4870,4864,4543,5728,4206,5381,5380
4246,4159,4435,4185,4155,4156,4184,4245,4244,3991,4436,4157
4257,4159,4155,4582,4246,3991,4435,4156,4524,4185,4158,4184
4373,4427,4053,4375,4308,4429,4428,4052,4309,4440,3929,4374
4415,4973,4414,3910,4967,4737,4707,3909,4318,4317,3798,4708
4287,4354,3605,4286,3825,3799,3551,4526,4260,3604,4415,4967
4178,4263,4626,4957,4230,4177,4694,4814,4560,4179,4958,4215
4230,4626,4177,4694,4215,4560,4814,3899,4216,3900,4521,4563
4271,4146,4295,4145,4118,4265,4294,4049,4048,4638,4431,3836
4638,4296,4127,4358,4100,4279,4432,4641,4124,4101,3834,4642
4251,5404,4713,5317,5403,4541,4714,4248,5405,4703,4368,4540
4887,4474,4270,4425,4671,4758,4424,4759,4422,4423,4514,4670
4473,5375,4180,4267,4887,4548,4270,4134,4474,4269,4425,4546
4424,5121,4270,4422,4012,3963,4267,4425,4102,4011,4253,4423
4424,4425,4422,4423,4012,4474,4102,4671,4514,4011,4673,4542
4265,4145,4638,4294,4049,4296,4127,4100,4431,4358,3834,3836
3869,4039,3921,4334,4037,3922,3887,3823,3919,4038,3868,3885
4039,4037,4272,4400,3921,3922,4038,4847,3869,3866,4845,4456
3903,4275,3883,4235,4203,4506,3884,3778,3777,3882,4236,4276
4506,4235,3903,4276,4236,3884,3883,4234,3882,4505,4397,4203
4506,4505,4236,4235,4397,4943,4942,4767,4234,3903,3884,5900
4434,3747,4280,3246,4284,3560,3247,3992,3748,4158,3389,3981
4524,4125,4280,4158,4155,4277,4126,3992,4284,3747,3991,4362
4124,4582,4278,4761,4125,4524,4101,4155,4280,4258,4126,4158
3992,4284,4158,3747,3981,3995,4434,3748,3991,3560,3246,3826
4282,4103,4194,4672,4551,4283,4104,4550,4192,4719,4609,4718
4551,4283,4550,4194,4192,4718,4610,4549,4717,4609,4104,5019
4610,4550,4192,4549,4522,4523,4717,4351,4069,4193,4067,4720
3981,3748,3995,3826,3560,3561,3980,3694,3979,5814,3330,3739
4261,4286,4354,4019,4527,4287,4526,3605,4525,3825,4260,3799
4354,4526,4525,4260,4287,5678,3825,4973,5113,4415,3605,4707
3825,4354,3799,4967,4260,4415,3604,4526,3800,3798,3910,4973
4372,4119,4121,4117,4114,4430,4120,4048,4264,4047,4590,4118
4342,4344,4290,4227,4288,4821,4454,4372,4116,4228,4119,4699
4288,4372,4454,4119,4228,4430,4121,4590,4699,4120,4117,4264
3999,4167,4212,3998,3837,4221,4223,3794,4073,3795,3641,4214
4444,3598,4147,3241,5763,4148,4443,3243,4197,4678,4203,3117
3688,3689,3753,3563,3626,3572,3691,3634,3564,3571,3322,3625
4358,4265,4296,4432,4638,4127,4642,4641,4145,4279,4643,4100
4294,4271,4265,4431,4358,4146,4145,4296,4638,4432,4640,4127
4432,4641,4279,4127,4643,4124,4582,4761,4278,4100,4101,4258
4298,4364,3744,4218,4341,4226,4363,3821,4129,4219,4289,4343
4218,4226,4341,4219,4289,4129,4227,4343,4344,4116,4342,4005
4300,3938,3907,4058,3877,3876,3937,4396,4478,3908,4479,3845
3877,3938,3876,3908,3847,4376,3845,3937,3710,3851,4479,4059
3914,3997,4326,4327,3913,4523,3700,3643,4154,3701,3555,4067
4407,4304,4480,4410,4059,4481,4312,4507,3846,4408,4508,4411
4302,4057,4385,4407,4304,4480,4059,4539,4507,4410,7763,4481
4410,4312,4407,3846,4408,4481,3844,4480,4409,4411,3788,4741
4479,4303,4057,4384,4302,3937,4059,4385,4304,5149,3938,4407
4809,4255,4307,4163,4208,4254,5166,4209,4077,4388,4164,4207
4809,4388,5166,4255,4254,5162,4163,4645,4209,5163,4208,4256
4309,4181,4375,4374,4113,4135,4268,4440,4428,4180,5375,4134
4374,4181,4268,5375,4113,4473,4180,4439,4267,4548,4545,4134
4311,504,502,4496,501,4497,4743,499,4744,4992,5896,497
502,501,4497,499,4744,4992,497,5126,5152,5118,495,5153
4408,4409,3844,4411,4741,4165,3848,4481,4740,4684,4510,4168
3741,3438,3014,3756,3016,3469,3574,3115,3013,3303,3012,3440
4138,4617,4676,4616,4137,4292,4136,4444,4677,5168,5763,3685
4137,4138,4314,3895,3685,4136,4617,4292,4676,3684,4616,3599
4315,3898,3895,4137,4534,3685,4138,4314,3896,3684,4594,4136
4391,3774,3776,3952,3775,3996,4390,3773,3712,3880,3950,3665
4317,3776,3996,3774,3880,4391,3775,3766,3510,4580,3952,3712
3606,3755,3563,3441,3322,4293,3567,3753,3564,3323,3754,3445
4086,4061,5004,4321,4062,4084,4060,4035,5003,4328,4331,4085
4060,4328,4061,4133,4086,4035,4483,4034,4062,4345,4485,3690
4574,4575,3629,4577,3631,4614,4323,3630,3583,4613,4615,4669
4908,4613,3772,4907,3763,3585,3559,3375,4360,3445,3443,3368
3950,4022,4187,668,3951,4024,667,3773,3966,4188,3714,665
3997,3662,4301,3914,4193,3643,4327,3644,4326,3700,3913,3555
3913,3914,4154,4067,5034,3700,3701,4327,3809,3940,4069,3944
3700,3555,3913,3554,3556,3701,3298,4154,3296,3699,3809,3557
4133,4060,4345,4034,4132,4644,4035,4487,4036,3690,4171,4062
4331,4321,4486,4328,4483,4320,4060,4061,4485,4880,4133,4345
4329,4321,4320,4911,4061,4331,4086,4060,4328,5004,6097,4486
4328,4483,4321,4485,4345,4060,4133,4644,4790,4061,4034,4132
4217,4596,4099,938,4000,935,4333,4337,4106,932,3803,3891
4106,4099,4075,4340,3892,3891,4000,3803,3674,3632,3673,932
3887,3868,3867,3885,3919,3886,3888,3918,3706,3970,3922,3917
4501,5171,4446,4500,4909,4445,5283,5474,4499,4738,4910,5536
5475,4335,5171,4232,5474,4501,5695,5283,4446,5637,4231,4909
4333,4340,4075,4106,4074,4099,3632,3892,3674,3891,3630,4000
4596,4332,4339,4337,4333,4217,4099,5157,938,4106,4000,4340
4337,5157,4596,4333,4340,4416,4332,4075,4074,4099,4106,4217
4075,3632,3630,3674,4106,3892,3584,3583,4099,3673,3891,3629
4226,4289,4343,4342,4227,4344,4219,4290,5319,5127,4821,4116
4821,4290,4454,4344,4372,4699,4288,4820,4590,4430,4121,4228
5127,4342,4821,4289,4820,4290,4975,4454,4226,4699,4344,4227
4288,4290,4228,4372,4119,4454,4114,4117,4006,4121,4430,4120
4133,4487,4132,4034,4172,4791,4171,4036,4763,4035,4787,4789
4319,4085,3755,3721,4293,3563,3606,3754,3441,3753,3443,4035
5377,4663,4620,4808,4096,4413,4664,3855,5124,4621,4662,4094
4347,4806,4663,4808,5377,5125,5511,4664,3968,5124,4620,4413
5187,4352,5002,4686,4068,4389,5186,5001,5477,3946,5769,4960
4349,4687,4070,5187,4352,4068,5002,5186,4686,5188,3944,4389
4069,4350,4070,4349,4068,3944,4352,4067,4687,5034,5187,5189
4389,5002,3946,5001,4960,4225,3943,4686,5477,3939,5263,4388
3907,4299,4300,4396,3908,3876,3938,3877,4376,3850,3851,4058
3825,4260,4526,4415,3799,4973,4967,5678,4414,3910,4707,3798
5157,4416,4420,4339,4337,4074,4340,4195,4831,4338,4596,4333
4339,4355,4338,5157,4337,4416,4596,4498,4420,4340,4333,4332
5425,4431,4295,4294,4640,4358,4264,5155,4271,4265,4642,4432
4432,4296,4642,4641,4643,4279,4761,4127,4665,4638,5040,4582
4357,4295,4264,4271,4431,4294,5425,4146,4120,4265,5901,4145
4907,3443,3721,4361,3445,4908,3441,4319,3763,3606,3323,4346
3721,4346,4319,3443,3606,3441,3755,4085,4907,3563,3445,4062
3246,4434,4277,3389,3247,3747,3560,4280,3138,3635,3248,4284
4341,4343,5319,4298,5127,4289,4342,4226,4821,4975,4218,4290
4363,4298,4341,4604,4226,4343,3744,4218,4289,5319,4342,4219
4392,4394,4393,4174,4457,4459,4399,4583,4458,4183,4728,3906
4174,4394,4365,4175,4392,4183,3906,519,4457,4393,517,3953
4322,4195,3629,4578,4574,3630,4575,4074,3631,4668,3583,4577
4371,4540,4541,5348,4702,4701,4370,4877,4876,4703,4937,4902
4370,4661,4249,4660,5348,4937,4917,4756,4368,4371,4685,4877
5348,4937,4917,4877,4371,4756,4935,5849,4816,4876,4936,4702
4702,4877,4876,4937,4701,4902,5849,4962,4901,4715,4917,4716
4121,4430,4119,4120,4590,4264,4048,4117,4359,4146,4118,4114
4308,4375,4309,4052,4428,4440,4374,4181,4268,4135,4113,4545
5375,4439,4268,4473,4548,4546,4887,4547,4267,4180,4885,4758
4440,4309,4374,4181,4439,4545,5375,4268,4473,4547,4113,4548
3601,3710,3849,3602,3847,3709,3663,3603,3457,3491,3845,3788
4378,4502,4442,4587,4199,4503,4586,4250,4680,4585,4247,4144
4442,4502,4199,4503,4250,4247,4586,4585,4564,4369,4201,4249
4142,4453,4050,4199,4144,236,4377,4202,4378,229,4504,4143
4557,4558,4220,4401,4688,4601,4273,4600,5060,4214,4400,4037
4380,4220,4558,4557,4214,4555,4600,4273,4401,4221,4688,4213
4529,4530,4695,4383,4696,4515,4517,3873,4865,4697,4693,4928
4529,3873,4693,4517,4695,4515,181,179,4928,4537,178,4697
5149,4303,4385,4539,4302,7763,4057,4407,4480,4507,5355,4304
4539,4480,4302,4407,4507,4481,4508,5355,4304,4410,4652,4059
4305,4384,4303,5149,4479,4057,4385,4302,4539,4407,3937,4768
4386,4724,4384,5149,4303,4305,4768,4770,4385,7763,4539,4302
5162,5166,4809,5163,5262,4645,4254,5165,4255,5275,5274,4256
4960,5001,4225,3943,5263,4388,5477,3945,4307,5315,5162,5262
3952,3950,4324,670,3773,4022,3774,3951,4187,668,3714,3712
3952,3774,4390,3773,3950,3776,4324,3712,672,3775,3951,3714
4457,4459,4458,4728,4183,4634,5193,4494,4656,5092,4584,5104
4583,4459,4392,4458,4656,4584,4394,4634,4457,5193,4728,6016
4457,4392,4183,3906,4494,4458,4728,3953,4493,4459,517,4583
4393,4365,4399,4583,4392,4459,4366,4394,4584,4464,4656,4458
3908,3907,3850,3851,4300,4376,3876,3454,3849,3601,3455,3877
4767,4234,4353,4396,4299,5900,3907,4300,3902,3908,4477,3938
4399,4464,4584,4395,4583,4691,4393,5055,5054,4656,6016,4459
4583,4584,4393,4464,4459,4656,5055,6016,4392,4634,4691,5054
4847,4845,4037,5028,4038,4456,5099,5100,4039,3922,4040,4709
4400,4273,4037,4847,4039,4845,4846,4038,4456,4272,3922,5028
4533,4377,4453,4504,4379,4378,6342,4502,4142,4587,4199,4442
140,4452,4451,133,4842,4838,4839,131,4450,5146,4879,130
4224,4316,3898,3895,4141,4405,4315,3896,4137,3994,4534,3684
4534,4316,4315,4536,4594,4314,4137,3895,4138,3898,4595,4676
4405,4404,4466,4316,4534,4315,4536,4224,3898,4573,3895,4594
4480,4410,4481,4508,4312,4411,4408,4510,3846,4409,4509,4652
4409,4411,4741,4684,4740,4165,4510,4252,3848,4168,4739,4291
4741,4165,4740,4411,4168,4684,3932,4252,4291,4166,4167,4510
4408,4312,4481,4411,4409,4741,4510,4684,3844,4508,4509,4165
4684,4510,4741,4739,4252,4509,4740,4683,4165,4223,4291,4168
4297,4364,3742,4298,3744,4518,4363,4341,4218,4226,3821,4604
4094,4621,4465,4662,4398,4691,4095,4692,4464,5106,4191,4399
3910,4737,4317,4318,3909,4391,4580,4708,3776,3774,3996,4581
3910,4967,4414,3909,4318,3798,4737,4317,3911,4707,3996,3776
5157,4074,4195,4340,3630,4337,4367,3632,3629,4075,4333,3583
4356,4421,4418,4339,4355,4338,4419,4498,5157,4596,4337,4420
4338,4356,4498,4339,4596,4332,4355,4433,4337,5157,4333,4217
6829,4420,4355,4835,4356,4831,4416,5157,4339,4195,4622,4418
4416,4831,4195,5157,4074,4367,3630,4339,4340,3629,4337,4576
4356,4419,4355,4418,4339,4420,6829,5157,4416,4338,4835,4831
4102,4423,4011,4673,4542,4514,4671,3964,4281,4090,4103,4089
4673,4514,4281,4542,4103,4670,4672,4282,4089,4194,4090,4104
4422,4012,4102,4011,4425,4423,3964,4542,4673,4090,4514,4671
4671,4423,4514,4422,4102,4670,4759,4673,4281,4542,4672,4011
4427,4429,4259,4373,4428,5076,4375,4860,5077,4053,4440,5784
4373,4428,4375,4440,4308,4860,4309,4545,4374,5077,4439,4052
4440,4545,4860,4375,4374,4439,5033,4547,4309,5032,5375,4546
4428,4860,5077,4427,4545,5032,4440,4375,5033,4373,5891,5893
4121,4264,4359,4120,4119,4295,4271,4146,4357,4118,4048,4145
4358,4294,4640,4642,4432,4296,4666,4265,4643,4641,5040,4665
4643,4641,4761,4279,4665,4258,4582,4127,4155,4124,4257,4278
4332,938,4217,4338,935,4596,4099,4000,4339,4333,932,4337
3247,3747,3560,3635,4284,3748,3138,3561,3330,3139,3992,3217
4185,4244,4246,4245,4184,4159,4482,4437,4156,4436,4438,4157
4224,4404,4157,3898,4141,4406,4316,3994,5814,3896,3895,4405
4438,4535,4406,4436,4466,4404,4552,4184,4405,4316,4224,4573
4436,4404,4406,4224,4316,3898,4157,4405,4466,4141,3895,4315
4546,5375,4547,4548,4473,4885,4898,4268,4887,4899,4758,4900
4374,4439,4545,5375,4309,4547,4546,4268,4548,5033,4473,4181
4533,6342,4169,4504,4402,4680,4587,5330,4461,4377,4502,4033
4250,4247,4503,4369,4201,4564,4249,4248,4585,4586,4661,4370
4274,4197,4462,4275,4203,3903,4148,3883,5012,3241,4235,3778
4147,4443,4678,4197,3598,4148,3241,4274,4462,4203,3242,3243
4738,4446,4499,4153,4152,4500,4501,3959,4675,4910,4829,4909
4500,4501,4738,4499,4910,4909,4152,5171,4829,4675,4153,5283
4013,4832,4476,5120,3839,3840,4863,5101,5119,3698,4864,4994
4243,4830,4793,3988,5485,3702,4807,6980,4727,3915,3989,4805
4995,4649,4651,4242,4648,8108,4793,4448,4792,4727,3651,4726
127,4879,4878,123,5147,5079,120,5078,5145,5151,5281,114
4838,4450,4879,131,4839,5147,130,127,4878,5079,5145,123
4451,4839,4838,133,5146,4450,4879,5147,131,5144,5145,130
4377,4378,4199,4442,4144,4504,4502,4247,4201,4503,4202,4250
4372,4590,4430,4121,4288,4359,4589,4119,4264,4120,4228,4357
2992,2921,2910,2957,2643,2911,2641,2442,2960,3148,2441,2814
4040,4709,5472,4784,4851,3923,4946,4785,4852,3919,5473,3917
4728,4494,4458,4493,5104,5092,5280,5193,3953,5128,4634,4495
5193,4728,5092,4634,4762,5104,5094,4494,5091,5090,5243,5093
4458,4634,4656,5193,4457,5094,4728,6016,5092,5243,4762,5093
4472,4468,4471,4469,4802,5075,5223,4794,4150,4588,4755,4475
5329,3987,5330,4460,4468,4680,3969,4802,6342,4472,4471,4190
4275,5012,4274,4506,3903,5374,4235,4197,4276,3883,4236,3884
3569,3842,5638,3419,4150,3956,4088,3941,4151,4093,3570,4087
4584,5055,5054,6016,4583,4656,5107,5231,5339,4393,4459,5243
4398,4691,4464,4692,5054,4399,4584,5055,5107,4583,5106,5231
4405,4536,4534,5016,4594,4316,4315,4595,4404,4314,4945,4676
4535,4437,4552,4466,4406,4799,4573,4438,4245,4405,4571,4536
4802,4471,5075,4588,4472,4794,4755,4469,4633,5074,5223,4586
4531,4475,4794,4966,4382,4530,4528,5074,4755,4087,4865,4695
4472,4150,5223,4460,4469,4151,4471,4475,3842,4468,4531,4088
4794,4469,5075,4755,4531,4966,5074,4475,4633,4757,4530,4151
5223,4469,4471,4475,4794,4531,4151,5075,4802,4966,4755,4528
4887,4267,4548,4474,4758,4885,4270,4425,4759,4671,4772,4269
4671,4759,4425,4670,4514,4772,4423,4771,4422,4672,4886,5871
4531,4528,4382,4087,4530,4794,4966,4383,4516,4529,4695,3874
5120,3840,5119,5101,4994,5308,4993,3838,4650,4241,5103,5014
4058,4299,3938,4478,4479,4300,3937,4353,3877,4305,3907,3845
4479,4058,4305,3937,4057,4386,3938,4303,4059,4387,4384,4302
3937,4057,4059,4303,4302,3845,4304,4384,3877,3846,4407,4385
4481,4508,4410,4652,4653,4510,4411,4509,4408,4312,4753,4684
4411,4508,4510,4408,4509,4684,4653,4741,4409,4683,4739,4753
4467,4437,4535,4245,4553,4438,4185,4552,4406,4466,4436,4184
4345,4328,4644,4133,4487,4060,4132,4791,4788,4034,4172,4789
4486,4329,4331,4880,4483,4485,4321,4328,4330,4950,4790,4833
4790,4483,4644,4345,4788,4791,4328,4487,4789,4133,6409,4132
4485,4331,4483,4790,4644,4328,4833,4345,4321,4788,4133,4791
4172,4763,4132,4171,4787,4608,4170,4752,4786,4036,3871,5021
4285,4527,4286,4525,4261,4526,4354,4569,5678,5113,4287,4260
4562,4520,4488,4285,4639,4139,4286,4527,4261,4570,3768,4525
3050,3244,2867,2868,2869,3265,2982,2791,2866,3266,3049,2906
4492,4386,4387,4305,4478,4384,4303,4479,4724,4058,5149,4057
4478,4305,4386,4479,4058,4477,4387,4303,4057,3937,4384,3938
5280,4495,6674,4494,5128,6932,4711,4728,510,5104,3942,4742
5280,5128,5104,4495,5092,4711,4742,5090,6932,5193,5896,4762
5280,6932,4711,5128,3942,508,4310,4742,5104,4496,506,4311
4311,4497,4743,4744,501,502,4992,499,504,5152,5126,5153
499,501,4992,4744,497,5126,5118,5153,495,5271,5117,5270
4338,4433,4332,4596,941,4339,4217,938,4099,4333,4337,935
4829,4675,4910,3958,5018,4965,5507,4909,5508,5076,3960,4426
4910,4499,4909,4829,5508,5507,4675,5283,5633,4152,5018,5742
4500,4909,5283,4910,4499,5633,5508,4829,5742,5536,5507,4152
4503,4586,4585,4442,4588,4564,4250,4632,4369,4633,4660,4247
4564,4585,4250,4369,4660,4247,4661,4632,4249,4370,4633,4685
4377,4502,4587,4378,4680,4586,4503,4588,4442,5330,4802,4585
4942,4397,4767,4236,5900,4353,5500,4234,4299,4477,3884,4396
4235,4236,3903,4505,3884,4397,4234,3883,4767,4942,3902,3882
4480,4652,4508,4653,4481,4407,4927,4509,4926,4510,4410,4753
4653,4509,4510,4753,4411,4926,4683,4684,4739,4408,4603,6636
4510,4753,4683,4603,4739,4602,4684,6636,4222,4556,4904,4381
4684,4739,4683,4753,4741,4252,4602,4222,4603,4223,4740,6636
4492,4491,4538,4512,4478,5500,4305,4386,4566,4477,4058,4387
4491,4387,4386,4724,4492,4721,4305,4384,5149,4478,4303,4770
4512,4511,4491,4566,4492,4387,5131,4386,4723,4538,4721,4724
4670,4281,4672,4673,4282,4771,4551,4103,4542,4719,4194,4849
4928,4697,4706,4537,4612,4777,4778,4779,4811,4611,4149,178
3873,4383,183,4693,181,4529,4382,4517,179,178,4537,4695
4928,4515,4537,179,4706,4612,4697,178,4149,4611,176,4811
4363,4604,4364,4607,4341,5319,4658,4343,4659,4297,4298,5127
4412,4364,4518,4297,3742,4605,4363,4298,4341,4607,4604,3744
4139,4285,4488,4562,4261,3768,4019,4286,4639,4527,4354,4287
4562,4489,4216,4561,4639,4520,4488,4679,4285,4140,4570,4527
4067,4069,4351,5034,4326,3944,4154,4070,4068,4952,3940,3913
4522,4326,4067,4549,4069,4154,5034,3913,3914,3944,4351,3997
4158,4280,3992,3991,3995,4284,4159,4277,3747,3981,5814,4156
5678,4526,5113,5114,4973,4707,4354,4260,4896,694,4745,5112
4260,5678,4973,4707,3825,4415,5114,4414,4737,694,4708,4967
4525,4569,4286,5113,4526,5678,4896,5114,4354,4261,4973,4707
4382,4516,4383,4529,3873,4530,4695,4693,4517,183,181,4966
4695,4517,4515,4693,4928,4697,4696,4537,4706,179,181,4778
4695,4696,4865,4529,4697,4778,4515,4817,7163,4383,4517,4777
4966,4530,4382,4528,5074,4695,4865,4696,4529,4383,4817,4515
4533,4441,4402,4504,6342,4033,4377,4169,4453,4587,4379,4680
4504,6342,4377,4587,4502,4680,4453,4378,5330,4588,4586,4802
4594,4314,4315,4138,4676,4137,4617,4595,3895,4616,4136,5168
4466,4406,4438,4405,4573,4536,4404,4316,4534,4571,5016,4436
4594,4534,4595,4314,4676,4315,5168,4316,5167,4617,4138,4616
4928,4149,4612,4611,4706,4544,175,4689,4811,4690,172,4779
4478,4492,4477,4058,4479,4305,4491,4299,3938,3937,4386,4057
4507,5355,4480,4652,4508,4407,4302,5051,4927,4481,4653,4926
4702,4701,4371,4716,4876,4902,4715,5348,4877,4712,4901,4903
4703,4540,4701,4716,4702,4712,4371,4715,4902,5080,4876,5671
4673,4089,4103,4104,4281,4194,4105,3974,4609,4282,4018,4192
4864,4863,4832,4870,4447,5462,5101,5103,5120,4476,5182,5728
4690,4674,169,4731,4797,163,4689,4840,4841,4812,155,5995
4547,4439,5033,4546,4899,4374,4898,5375,5411,4548,4885,4900
4885,4898,4548,4900,4758,4886,4473,4887,4985,5409,4772,4474
4546,4899,4898,4885,4900,4548,4985,5375,5407,4886,5409,4758
4887,4885,4758,4474,4267,4886,4772,4759,4900,4671,5871,4425
4522,4351,4069,4952,4067,4070,4350,3944,5034,4951,4068,4326
4717,4549,4610,4720,4192,4952,4351,4522,4069,4523,6194,4951
4550,4718,4283,4717,5019,4720,4549,4610,4192,4952,6194,4351
4573,4535,4466,4571,5016,4536,4406,4405,4945,4534,5017,4595
4467,4552,4799,4535,4573,4571,4801,4466,4437,4406,5016,5210
4482,4467,4553,4244,4572,4437,4535,4552,4799,4245,4466,6074
4688,4557,4380,4601,5060,4558,5172,4401,4220,5174,4400,4846
4380,4381,4555,4557,4222,4220,4558,4688,4905,4401,4601,4214
4601,4558,4401,5060,4400,4273,5172,4846,4037,4845,4600,4847
4401,4273,4600,4601,4037,4400,4039,5060,4272,4213,4847,4846
3259,4098,3162,3565,3201,3566,3129,3278,2880,3163,3624,3128
4563,4521,4216,4561,4562,4813,4215,4489,4679,4520,4639,4140
4679,4562,4639,4570,4681,4488,4489,4527,4569,4682,4893,4285
4639,4488,4527,4285,4570,4286,4525,4569,4681,4139,4261,4526
4813,4561,4521,4679,4562,4639,5183,4489,4216,4570,4681,4488
4369,4660,4661,4370,4756,4685,4249,4917,5348,4937,4757,5111
4567,4593,4513,4511,5131,4568,5476,4512,4491,4492,4538,4566
4512,4721,4724,4387,4491,4770,4769,4386,5149,4768,4384,4492
4568,4513,4722,4511,4566,4512,4593,5190,4491,4723,5131,4492
4722,4513,4566,4512,4723,4781,4721,4511,4491,4387,4724,4769
5113,4896,4525,5114,5678,5112,5005,4745,4895,4286,4526,694
4569,4527,4682,4525,4488,4896,5113,4286,4895,5678,5114,4894
4573,5016,4945,5017,4536,4595,4466,5204,5167,5520,4594,4534
6074,4553,4799,4801,4552,4467,5210,4571,4573,4482,4535,5017
5016,4536,4466,4945,4595,4405,4594,4534,5167,4314,4676,5168
4323,3631,4577,4613,4908,3772,3585,3583,4615,4907,3763,3375
4614,4577,4574,4615,4323,4613,3629,3631,4736,4908,4749,4746
4578,4367,4322,4575,4668,4574,4195,3629,4614,4577,4748,4669
4613,4323,4615,4908,4907,4360,3631,4746,3772,3763,3443,5097
4575,4668,4322,4614,4574,4577,4669,3629,4615,4323,4613,3631
3431,3388,3387,3245,4051,3659,3248,3638,3390,3389,3639,3137
4391,4390,673,3952,4317,672,3774,3950,4324,3773,670,3776
4580,673,4390,672,4391,3952,4324,3950,670,4317,3774,3773
4524,4278,4155,4158,4280,4125,4159,3991,3992,4257,3995,4277
4459,4584,4656,4634,6016,4392,5055,4458,5193,5243,5094,5054
4656,5055,6016,4459,5054,4634,5243,5339,5094,5231,5193,4458
4564,4660,4632,4661,4685,4369,4756,4757,4370,5111,4755,4917
4585,4632,4633,4503,4564,4660,4685,5075,4757,4755,4369,4661
4502,4588,4586,4802,4633,4585,4503,4378,4632,5075,4468,4564
4633,4586,5075,4632,4755,4585,4757,4471,4685,4660,4794,4503
4700,4359,4357,5427,4430,5425,5901,4295,4264,4431,5426,4121
4430,4359,4589,4264,4121,4357,4700,4295,4120,4271,4119,4146
5416,4592,4565,4567,4593,4624,5417,4625,4513,5476,4511,4568
4593,4625,4565,5476,5131,4511,4567,4943,4513,5500,5417,4538
5131,5476,4511,5500,4538,4943,4513,4492,4942,4491,5900,4478
4676,4314,4617,5168,4315,4616,4138,4677,4137,5763,4444,4292
4594,5168,5167,4676,4677,5208,4314,5206,4616,4617,5207,5287
4333,4337,4099,4106,4217,4075,4000,4340,3891,935,3803,3892
4498,4418,4417,4338,4704,5089,4433,4356,4332,4339,944,4421
4599,4421,4419,4627,4417,6829,4356,4355,4751,4835,4420,4837
4417,4421,4751,4356,4418,4419,4597,4355,4339,4627,4498,4338
4213,4273,4272,4039,3866,4401,3869,4037,3921,3822,3922,4400
4400,4401,4846,4845,4847,4037,5178,4273,5100,5099,5028,4038
4381,4556,4222,4380,4220,4555,4223,4558,4214,4557,4906,4600
4602,4556,4904,4381,4380,4222,4555,4906,4739,4220,4557,5173
5319,4363,4658,4343,5127,4975,4341,4954,4821,4342,4820,4289
4607,4518,4659,4604,4658,4363,4733,4364,5319,4940,4412,4954
4605,4519,4518,4607,4364,4412,4657,3870,4363,4604,4659,4297
4604,4658,5319,4940,4363,4954,4975,4364,4343,5127,4955,4976
4170,4519,4606,3870,4735,4412,3871,4605,4518,4364,3742,3743
4192,4193,4523,4610,4301,4283,4326,4522,4325,4067,4549,3914
4522,4549,4523,4067,4069,4717,4351,4326,5034,4952,3944,4154
4690,4544,4689,172,4797,4674,4811,4731,169,4812,4810,4840
4811,4611,4689,4810,4779,4690,4544,4812,5241,4797,5224,4674
4908,4907,4360,3763,3443,3445,3772,3721,4361,3559,3442,3441
4615,4577,4736,4613,4574,4746,4323,4360,5097,4855,4908,4907
4746,4613,4360,5097,4907,4361,4323,4908,3443,3721,5003,3445
5763,4444,4678,4292,4443,4147,5010,4136,4462,4197,3598,4274
4616,4292,4444,5763,4677,4136,4147,3598,4443,4678,5206,3241
3543,3649,3651,3448,3650,4242,4240,3542,4243,3544,3702,4448
3934,3642,3657,3672,3475,3935,4083,3414,3333,3640,3413,3331
4621,4662,4413,4692,4465,5259,5106,4094,4691,5105,5260,5107
4692,4465,4691,5106,5107,4464,5105,5054,4398,5055,5215,5231
4576,4831,4367,5540,4578,4420,4322,4195,4862,4416,4668,4575
4983,4981,4591,5644,4592,5416,5343,4624,4565,5443,4625,4567
4625,5445,4592,4593,5476,4943,4944,4565,5131,5374,5500,5416
5476,4593,4943,5131,5500,4944,4565,4942,4511,4538,4505,5900
4560,4814,4694,4230,4958,4563,4521,4177,4815,4215,4216,5289
6829,4835,4837,4419,4421,4420,4831,4622,4836,4355,4416,4417
4598,4627,4766,4419,4837,6829,4599,4421,4835,4822,4750,4417
4628,4630,4598,4764,4599,8119,4750,4627,4421,4766,4419,4417
4599,4750,4598,4751,4417,4421,4628,5050,4419,4597,4356,4418
681,680,683,682,684,688,677,675,676,672,686,673
4685,4660,4757,4564,4756,5111,4661,5074,4817,4816,4369,4917
4632,4755,4757,4685,4585,5074,4660,4794,5111,4817,4564,4756
5193,5094,5243,4762,5092,5093,5338,4728,5091,5337,5339,5641
4636,4484,4637,5043,4486,4329,4774,4880,4950,4331,4485,5322
4774,4484,4329,4331,4330,4637,4486,4321,4912,4880,4483,4328
4880,4950,4484,4486,4485,4833,4790,4331,5044,4483,4329,4881
4127,4100,4296,4101,4124,4279,3791,4641,4125,4278,4432,3789
4527,4488,4570,4569,4525,4286,4285,4682,5113,4526,5678,4896
4666,4642,4358,5040,4432,5156,4294,4643,4665,4296,5248,4641
4761,4279,4582,4258,4278,4155,4124,4524,4159,4257,4125,4158
4432,4643,5040,4665,4641,4296,4258,4761,5041,4710,4257,4934
4761,4641,4665,4258,4582,4257,4155,4279,4710,4159,5041,4524
4791,4487,4345,4789,4787,4763,4132,4172,4133,6409,5021,4786
5165,4256,4647,5164,5380,5379,4207,4646,5395,5378,5381,4870
4864,4870,4543,5379,4206,4863,5728,5462,5182,4832,5381,5103
5379,4646,4870,5728,5381,4864,4210,5378,5182,4543,5464,5462
4792,4727,4726,4793,4913,4915,4931,5485,4930,4448,4971,4929
4651,4793,4448,4648,4727,4830,4243,5485,3988,3650,4792,4726
4240,4449,4996,4995,3649,4649,4725,4242,4651,5013,4618,4648
4648,4793,4727,4792,4448,4726,5485,4830,4915,4930,4913,4931
4653,4926,4508,4509,4753,5052,6636,4481,5140,4510,4603,4683
4509,4753,4926,6636,4510,4683,4603,5140,4602,4904,4411,4739
4445,4738,4153,4446,4152,3720,4499,3959,3717,4500,4335,4501
682,677,680,675,4631,676,681,679,683,685,684,687
4634,6016,5243,5094,5193,4458,5339,4762,5337,5338,5093,5092
4659,4605,4733,4607,4940,4658,4938,4518,4941,4604,4955,4954
4954,5319,4975,5127,4976,4974,4363,4343,4820,4819,4821,5284
4607,4940,4658,4954,4941,4604,4955,5319,4976,4975,5222,4974
4685,4661,4756,4917,5111,4757,4370,4816,4937,4817,4936,4935
4370,4756,4917,4937,5348,4816,4935,5111,4936,4877,5849,4371
5106,4692,4621,5105,4691,5217,5107,6381,4465,5215,5216,5054
4620,5377,4664,5124,4662,4413,5125,4621,4096,5259,5260,5106
4662,4620,5259,5106,5260,4621,4692,4413,6381,5217,5105,4691
4710,4257,4258,4761,4853,4435,4641,4159,4246,4933,4155,4185
5156,5040,4642,4934,4665,5041,4358,4643,4432,4710,5247,4933
5964,4729,6657,5203,5402,5917,5403,5406,6023,5405,5904,4238
4614,4669,4575,4577,4749,4747,4615,4322,4736,4574,4613,4855
4749,4614,4736,4615,4855,4746,4575,5097,4577,4613,4360,6097
4672,4771,4849,4281,4719,4551,4282,4848,4673,4718,5019,4550
4670,4514,4423,4672,4771,4281,4673,4102,4849,5871,4282,4551
4551,4719,4282,4849,4718,4550,5019,4283,4194,5566,4103,4717
4103,4281,4194,4089,4282,4104,4672,4105,4283,4609,4192,4551
4731,163,4797,4840,4841,155,4403,5995,4842,4812,4452,140
4965,4829,5018,3960,4426,5507,5076,4429,4259,5784,4427,5508
4616,4677,4617,5763,5206,4444,4138,4678,4292,4443,5287,4137
4616,5206,5763,4678,4444,5010,5287,4443,4462,4292,5227,5011
4462,4443,5011,4274,4275,5012,4197,4147,5235,5374,4506,3903
4681,4570,4639,4893,4682,4562,4569,4527,4488,5196,4896,4489
4802,4587,4588,4468,4586,5075,4502,4633,4460,4471,4755,4632
4682,4570,4569,4639,4896,4894,4895,4527,5113,5005,4525,4488
4896,4895,4569,5005,5113,5112,4884,4828,4527,5951,4525,5114
4602,4739,4603,4222,4381,4556,4223,4904,4252,4380,4220,4214
4739,4252,4740,4223,4683,4291,4222,4212,4168,4221,4602,4214
4756,5111,4816,4817,4661,4917,4978,4936,7163,4370,4865,4935
5477,5769,5002,5480,5001,5315,5528,4389,5479,5478,4960,5263
5187,5186,4349,5188,4686,5002,6610,5769,4070,4352,5477,5800
5060,4557,4601,5172,4846,4401,4400,4558,5178,5177,4845,5100
4812,4797,4690,4810,5224,5995,4731,4674,4840,5241,4925,5225
4797,4674,4731,4840,4812,5995,163,4841,4810,4842,4925,155
5054,4464,5107,5055,5231,5105,4584,5215,5230,6016,5339,5418
5107,5105,4691,5215,5054,5217,5231,5230,5216,4464,5429,5055
179,4517,4537,178,4928,4149,4515,176,4612,4611,175,4706
4560,4216,4215,4521,4563,4489,3900,4140,4520,4562,4561,4815
4696,4515,4697,4517,4778,4928,4706,4777,4693,7163,4537,4779
4778,4697,7163,4515,4777,4706,5160,4517,4928,4978,4779,5242
4777,4706,4928,4779,5160,5242,4811,4612,4537,5241,5612,5701
4699,4818,4589,4590,4700,5427,4454,4359,5332,4357,4430,5901
4590,4454,4589,4430,4359,4818,4372,4700,4357,4121,4264,5427
5901,4357,5425,5426,5155,4359,4431,4640,4295,5774,4294,4666
4702,4715,4902,4903,4876,5080,4901,5039,4963,4877,5084,5083
4876,4902,4877,4901,4715,4962,4903,4963,5849,4964,5080,5039
4716,4701,4712,4540,4715,5080,4702,4902,5253,4371,4903,5039
5089,944,941,4433,4498,938,4332,4418,4338,4217,4417,935
4704,4597,5089,4498,4433,944,941,4418,4338,4332,4417,938
4779,4811,4612,4777,5241,5242,4810,4689,4611,5225,5612,5674
4708,694,4737,686,693,4580,4581,4414,691,673,4391,4317
4581,686,4580,4737,673,4391,4390,672,4317,3952,4324,3950
4851,4946,4784,4852,4850,3923,5719,4785,4948,4054,4947,3917
4257,4853,4435,4246,4258,4185,4244,4159,4843,4245,4761,4184
4310,3942,4496,4742,4311,4743,504,506,502,4497,5896,501
4716,5080,5253,4715,5083,4701,5251,5039,5764,4903,5082,5252
4541,5317,4703,4714,4540,4712,4716,4368,4701,5671,4702,4371
4712,5671,4703,4541,4716,5253,5080,4701,5765,4540,4715,5083
4903,5039,4902,4963,5084,5083,4901,5082,5081,5455,5251,4964
4715,5080,4701,5039,4903,4902,5253,5083,4702,5082,5251,4963
4952,4549,4351,4350,4951,4069,4522,4070,4687,4349,5189,5282
4720,4550,4717,6194,4952,4549,4283,4951,4351,5327,4610,4350
4551,4718,5019,4550,5566,4282,4720,4717,6194,5327,4283,4952
4952,4717,4951,4351,5282,4350,5189,4549,4687,5570,4070,4349
4770,4724,4768,4387,4782,5149,4780,7763,4384,5148,4491,4386
4723,4781,4566,4721,4769,4513,4512,4724,4783,4770,4387,4491
4721,4769,4566,4770,4724,4512,4387,4768,4782,4780,5149,4803
4768,5149,4384,7763,4386,4782,4539,5148,4385,4303,4305,4987
8108,5102,4995,4648,4449,4914,4792,4651,4913,4726,4649,4240
4915,4931,4727,4929,4971,4930,4932,4969,5485,4972,5213,4970
4915,4930,5485,4931,4932,4929,4830,4805,6980,5150,4971,4970
4494,5092,5104,5193,5128,5090,5280,4762,5091,4742,4495,5094
5964,5917,5402,5203,6023,6094,6231,5403,5904,5406,5405,5547
5917,4729,6231,5306,6094,4667,5964,6023,5547,5402,5307,5219
4840,4841,5995,4842,155,4403,4812,4452,140,5146,4925,4839
4939,4657,4733,4735,5703,4938,4659,4605,4607,4941,4752,4940
4659,4941,4940,4955,5222,4607,4658,5134,4954,4976,5277,5135
4735,4732,4657,4752,4605,4939,4606,4733,4607,4659,4608,4518
4605,4606,4657,4607,4518,4519,4659,4939,4733,4604,4658,4364
5097,4746,4615,5003,4361,4360,4577,4613,3721,4346,5004,4907
4580,4391,4317,4581,4390,4318,3952,673,3774,3776,3909,672
4152,4499,3959,4500,4675,3958,4829,4501,3717,4910,4965,3948
4223,4222,4252,4602,4221,4214,4212,4381,4291,4220,4556,4073
4168,4291,4252,4167,4212,4166,3999,4223,4739,3837,3998,4221
4740,4684,4252,4168,4291,4739,4167,4223,4212,4166,3999,4221
4743,5896,4496,5152,4744,5446,4310,4497,4311,5153,4992,5126
4744,5152,4497,5153,5126,4992,4311,5447,499,501,5271,5118
5126,4992,5153,499,5118,5271,497,501,5447,495,5270,5456
693,694,691,4826,686,688,4707,4708,5950,4581,673,684
4360,4361,4613,3721,4907,3443,4346,4319,4908,3441,4084,3445
4749,4669,4855,4736,6097,5122,5097,4614,4615,4746,5003,4911
4747,4669,4668,4749,4854,4614,4736,4855,4578,4575,4615,5097
4736,4855,5097,4746,4615,4614,6097,5003,4361,4577,4360,5004
4751,4599,5050,4417,4597,4418,4421,4598,4705,4356,4498,6185
4417,4597,4418,4356,4705,4421,4498,4338,4339,4704,4355,4433
4608,4606,4735,4605,4519,4170,4518,4657,3870,4607,4412,4364
4603,6636,4683,4602,4904,4556,5184,4739,4381,4222,4906,4684
2431,2423,2002,2424,2583,2437,1975,1701,1581,2438,2763,1542
5074,4757,4632,4966,4817,4685,4865,5111,4531,4660,4530,4756
4816,4917,5111,4936,4935,4978,4937,4817,4979,5161,5348,7163
4685,5111,4817,4756,4865,4966,4816,4978,7163,4661,4917,4530
4772,4759,4474,4886,5871,4671,4771,4670,6329,4425,5409,4848
4670,4671,4771,4514,5871,4672,4849,4848,4423,4719,4281,5686
5009,5916,5306,5008,5219,222,4730,6231,5307,5037,5522,217
4258,4582,4155,4159,4524,4257,4278,4158,3991,4246,4156,4280
5091,5093,5090,5643,5338,5641,5446,5896,5642,5897,5739,4742
4752,4172,4608,4786,4170,4606,4735,4171,4734,4519,3870,3871
4766,4628,4824,4627,4822,4837,4598,5531,4835,4836,6829,4419
4764,4628,4629,4766,4627,4598,4824,4630,4822,4837,4419,4599
4822,4837,4627,4836,4835,5531,6829,4622,4598,4419,4874,4834
5900,4299,4353,4477,4300,4234,3907,4396,3938,4058,4538,3877
7763,5148,5149,4539,4987,5355,4384,5051,4986,4385,4507,5137
4770,4721,4780,4782,4724,4768,4986,4857,4889,5148,4987,7763
4768,4782,4724,5148,5149,7763,4987,4986,4539,4384,5355,4889
4849,4848,4672,4719,5686,5566,4551,5019,5608,4718,4281,4282
5871,4759,4771,4670,4848,6329,5686,4671,4849,4672,4514,5608
4774,4636,5318,4329,4330,4635,4484,4912,5123,4867,4331,4321
4330,4329,4912,4484,4321,4331,4320,4911,4486,4328,4061,4637
4776,5595,4773,4636,4866,4774,5755,5318,4635,4867,4329,4484
4635,4636,4773,4867,4774,4484,4329,4637,5318,5043,4330,4486
4779,5242,5241,5612,4811,5611,5701,5674,4612,4810,5225,5673
4697,4777,5160,4706,5242,4779,5612,5161,5701,4928,5611,5241
5241,4811,5242,4810,5225,5674,5612,5611,4689,5224,5559,4812
4889,4782,4986,4770,4888,4892,4987,4891,4768,5148,5137,5191
4723,4783,4769,4721,4770,4566,4780,4803,4724,4782,4857,4768
4986,4987,4768,5148,7763,5051,4892,5137,5149,5355,4539,4891
4803,4769,4780,4857,4723,4859,4721,4770,4782,4889,4986,4888
4785,4851,4054,4850,4852,5130,5354,4055,4066,4947,4948,5376
4850,5130,5354,4066,5376,5132,4947,5532,4064,5023,5158,5353
4752,4735,4734,4606,4608,4605,4732,4657,4519,4170,4518,4607
4786,4763,5021,4752,4734,4735,5269,4608,4172,4606,4732,4170
4789,6409,4791,5020,4644,4787,5021,5255,4487,4763,5258,4786
4787,4791,5021,5255,4786,4763,5269,4487,4734,4752,5576,4735
4788,4644,4791,4483,4789,6409,5020,4345,4487,4787,4328,4763
4787,4487,4763,4786,5021,4172,4752,4608,4132,5255,4734,4171
4726,4913,4727,4931,4915,4971,5024,4929,4793,4930,4969,4932
5485,4830,4727,4930,6980,3988,4915,4805,4726,4807,4932,5150
4966,5074,4755,4531,4530,4865,4757,4817,4382,4696,4695,4632
4631,5950,4796,683,681,684,4826,680,688,682,4655,691
4631,4655,680,682,681,677,683,5752,5950,684,675,676
4840,4812,5995,4731,4925,4842,4841,5224,5146,4403,4452,5557
4572,4554,4553,4799,4467,6074,4482,4552,5056,4801,4535,4244
4801,4552,4571,4573,5017,5016,4535,4466,4945,4536,5366,4437
4572,5056,6074,4798,4799,5211,4553,5210,4801,5209,4554,5294
4571,5017,5366,4945,4552,4573,5016,5520,5204,5632,5167,4466
4588,5075,4633,4471,4755,4586,4794,4632,4757,5074,4502,4469
4857,4859,4780,4889,4888,4769,4923,4986,4782,4891,4892,4922
4858,5063,4783,5062,4781,4803,4890,5190,4769,4780,4859,4723
4806,5150,4348,5511,4808,5125,4970,5415,4196,4663,4347,5261
5511,4808,5125,5124,4663,5415,5261,4664,5260,4347,5510,5259
6980,4196,4348,3967,4805,4347,3916,4806,3968,4663,4808,5377
4663,5125,5124,4664,4620,5260,5259,4662,5377,5261,6381,5106
4255,5166,4254,4209,4208,4645,4256,4207,5162,4077,4076,5163
5224,4812,5225,5559,4925,4797,5557,5995,5674,5560,5556,4840
4810,5241,4689,5225,4812,5224,4797,4690,5674,5559,4925,5995
5224,5995,4925,4840,5557,5146,5559,4842,5584,4841,5558,5556
4679,5183,4561,4681,4570,5197,4521,4639,4562,4893,4682,5196
4560,4563,4815,4813,4694,4521,4561,5015,4679,4562,4216,5183
4813,4563,5015,4560,5183,4679,4561,4521,5197,5290,4681,4562
4936,4978,5161,4935,4979,4977,7163,4937,5701,4999,5160,5000
5111,4865,7163,4978,4778,4816,4696,5160,5161,4936,4697,4695
5427,5332,4700,4589,5901,5426,4357,5425,4590,5762,4359,5155
4698,4818,5331,4699,4589,5332,5427,4700,4590,5316,4454,5901
4699,4698,4819,4454,4590,4589,4818,5331,4430,4290,4700,4359
4820,4454,4699,4290,4590,4698,4372,4430,4819,4589,4344,4288
4836,4837,4874,4835,4627,4872,4834,4622,6829,5027,4861,4831
4825,5169,4765,4764,967,4824,4628,963,4766,4629,5159,4822
4822,4766,5531,4837,4836,4627,4872,4628,4874,4835,4834,4622
4824,4764,4765,5159,4766,4822,4628,5531,4627,4837,4629,5072
688,691,5950,693,684,683,694,686,4631,681,673,4708
4795,4796,4882,4631,5951,4655,5950,680,681,683,682,4826
5951,4827,4795,5950,4826,5112,4631,4796,688,4882,684,683
5018,5507,4965,5076,5508,5784,4426,4429,5785,5077,3960,5891
6980,5485,4807,4805,3989,4930,4348,4196,3915,4806,3916,5150
4367,4195,4416,4576,4322,3629,4074,3630,4578,5157,5540,4574
4863,5120,4476,5101,5103,4994,4993,5119,5462,3840,5014,3839
4881,4790,4788,4485,5256,5020,4644,6409,4789,4791,4483,5257
5540,4622,4576,4862,4578,4668,4367,4831,4322,4873,4748,4575
6829,4622,4831,4420,4367,4834,4576,4195,4416,4355,5540,4322
4834,4622,4835,5027,4576,5540,4861,4831,6829,4862,4367,4578
4835,4836,4622,6829,4834,4831,4874,4419,4576,4420,4367,5027
5147,4879,5145,4450,5079,5151,4878,5538,127,123,130,5078
4838,5144,5145,5147,5538,4879,5151,5604,5079,4450,5539,131
5995,4842,4841,5146,4403,4452,4925,4839,140,5144,5584,4838
4403,4842,4452,140,5995,4839,4451,5146,133,4838,4925,5144
5146,4452,4839,5144,4838,4451,5584,5145,133,5147,5538,5557
4482,4554,4244,4467,4435,4437,4798,4553,4245,4185,4535,4257
4554,4843,4798,4482,4553,4467,4853,4244,4572,4800,4437,4535
5028,4847,5099,4456,5472,4038,4709,5367,5473,4040,4946,3922
4845,5100,4400,5099,4847,5028,5928,5367,5472,4456,4037,5473
4456,4038,5028,4040,4709,3922,5099,5472,3923,4784,4851,4946
4849,5566,5608,4719,5019,5564,5610,4672,5327,5572,4718,4551
4719,5566,5019,4551,4718,5608,5327,4720,5564,6194,4282,4550
5354,5130,4947,5376,5532,5353,4066,5132,5436,5615,5158,5352
4852,4850,4785,4948,5354,4947,4054,5130,5440,5376,5532,5352
4948,4850,4947,5354,4785,5352,5353,5532,5436,5130,5376,5438
4435,4244,4843,4482,4257,4185,4245,4246,4554,4437,4258,4184
5122,4747,4855,6097,4749,4911,4736,4669,5097,5003,5004,4912
5097,4736,5003,4746,5004,4361,4615,4084,4346,4360,4086,4320
4747,4748,4854,5645,4749,5122,4669,4855,6097,4668,4736,5123
4889,4888,4780,4891,4986,4892,4922,4782,5191,4987,4924,5137
4890,4803,4783,4859,4997,4857,4780,4781,4769,4923,4888,4889
4857,4923,4888,4889,4922,4780,4891,5239,4892,4986,4924,5733
4545,5033,5893,4547,4440,4899,4439,5411,7786,4375,4546,4374
5027,4873,4862,4834,4949,5540,4748,4856,5116,4668,4622,4576
4748,5540,4668,4578,4669,4856,4747,4576,4614,4575,4749,4322
5103,5101,5462,5120,5014,4993,5047,5182,4476,4994,5463,5013
4863,5462,5182,5103,5728,4832,5101,5463,5047,5464,5014,5120
4696,7163,4778,4695,4697,4978,5111,5160,4777,4529,4515,5161
4919,4867,4776,4635,5321,5043,4636,4637,4773,4484,5320,4950
4635,5043,4637,4950,4484,4636,5322,4880,4486,5044,4833,4329
6185,4869,949,4704,944,4705,5050,5089,4597,941,4433,4498
5050,6185,4705,4704,949,4597,4750,4751,944,5089,4498,4433
4864,5728,5182,5462,5464,4863,5463,5103,5047,5727,6292,5729
4872,4861,4875,4874,5115,4873,5027,5116,4949,4836,4862,4822
4874,4861,5027,4836,4875,4834,4873,4862,4837,5540,4622,4949
4862,4748,4856,4747,5540,4668,5129,4669,5645,4854,4749,4578
4836,5027,4861,4834,5540,4862,4622,4873,4576,4835,4578,4748
4861,4949,5116,4873,4856,5129,5027,4874,4862,5838,4748,5645
4901,4962,4902,5849,4963,4964,4903,6070,5864,4715,5550,4999
4876,5849,4962,4901,6070,4935,4999,4902,5864,4964,4979,4963
123,5079,120,5078,114,5281,5151,5098,110,5653,5652,5622
4878,5147,5079,127,123,5078,120,5151,5145,5281,114,5098
4485,4790,4486,4833,4483,4788,4644,4881,4331,4791,4345,4328
5256,5020,4788,4790,6409,5257,4789,5258,5255,4485,4644,4791
4655,4796,5752,682,5913,4631,4795,680,677,681,675,6796
5753,4827,4882,6341,4828,4796,4795,5668,4655,4631,5951,5005
4828,4883,4827,5005,5753,5951,4795,4882,4896,4796,5950,4631
4886,4900,4758,4772,5409,4887,5871,6329,4759,4474,5481,4771
4772,5871,6329,5686,5481,4759,4771,4848,6260,4670,5608,4849
4474,4758,4759,4671,4425,4772,4670,4270,4886,4514,4771,5871
4891,4889,4922,4892,4924,5191,4986,5733,5309,5137,5192,5311
4892,4986,4891,5191,4987,5137,4782,4924,5309,5192,5148,5051
4859,4803,4857,4923,4783,4888,4998,4780,4889,5239,4922,4891
5191,4892,4924,5309,4986,5192,5137,5311,5310,5639,4987,5138
5191,5137,4987,5192,5309,4924,5138,5051,5053,5310,5311,5148
4681,4682,4894,4895,4570,5202,4896,4569,4884,5006,5005,4828
4895,4884,5006,4682,4828,5005,4883,4896,4827,5951,5360,5753
5005,4884,4828,4896,5951,5112,4827,4826,4883,4795,5113,4745
5005,5112,5113,4745,5114,5951,4828,4826,693,691,694,5678
391,390,5226,394,387,4991,4953,383,4989,4988,373,5336
4900,4885,4985,5409,4886,4548,4758,5410,5408,6329,5481,4772
4898,4985,5407,4900,4546,4885,5408,5409,5410,4886,4548,5484
5409,4886,6329,5410,5481,4758,5871,4772,5686,6260,5482,6314
4963,4964,5864,5550,5455,6070,5084,5549,5537,5833,5630,4999
4901,4903,4963,4962,4964,5084,5039,5455,5864,5550,5081,5849
4963,5084,5039,4901,5455,5081,4964,5082,5454,4962,5630,5229
4556,4906,4555,4602,4380,4381,4905,4688,4557,5176,4222,4558
5174,4688,4555,5172,5060,5391,5177,4557,5390,4601,5178,4380
4905,4555,4688,4556,5175,4557,4380,5174,5172,5060,4381,4601
3445,3443,3763,3442,3721,3323,3441,3559,3368,3444,3606,3567
4907,3763,3772,3445,3559,3443,3442,3368,3375,3323,3721,3441
5633,4910,5508,5742,5507,4829,5636,5869,5785,5635,5784,4675
4829,5507,5508,4675,5633,5018,5785,5784,5076,4965,5869,5077
5004,6097,4320,4086,5003,4855,4084,4061,4062,4321,5097,4346
4911,4330,4320,5004,4321,4086,6097,4329,4061,4084,4062,5003
4971,4931,4726,4915,4969,4929,5213,4727,5212,4932,4968,4972
4913,4792,5024,4726,4971,5195,4648,4931,5213,4727,4915,5212
4929,4932,4930,4972,5485,4970,4969,5150,4805,4968,5415,5512
5475,5695,4336,5474,5637,5171,5930,5812,4335,5634,5536,5283
4935,4937,4816,4936,4979,5849,4999,4877,4978,5161,5000,4977
4775,4776,4866,4773,4635,5595,4919,4867,4636,5594,4774,5321
4867,5043,4635,5320,4637,5322,4776,4950,5341,4484,4636,5684
4866,4918,4921,4919,4776,4867,4775,5321,4635,5340,5043,5596
4919,5340,5321,4866,6803,4867,5043,4918,5650,5320,4635,4776
4891,4924,5733,5191,4889,5309,6295,5639,4892,5311,8259,5192
5239,4888,4922,4857,4891,5698,5733,4889,4924,6295,4892,4780
5309,5311,5639,5191,5310,5192,5640,8259,6088,5137,5870,5312
5557,5146,5584,5558,4842,5144,5556,5604,4839,5538,5583,5562
5140,6636,4753,4603,4509,5184,4904,5139,4683,4602,4556,4906
4926,4652,5052,4653,5140,5136,6636,4753,4508,5139,4509,5184
4612,4706,4811,4611,4149,4779,4689,4777,4810,5241,4544,4690
4972,4932,4968,4970,4930,6144,5512,5150,5328,5415,6121,4805
4932,5150,4805,4970,6980,4806,5511,5415,4972,4348,4807,5512
4929,4915,4969,4932,4972,5213,4968,4930,4970,5328,6144,5150
4970,5150,4972,5415,5512,4805,5511,4968,6144,4806,5510,5261
4853,4843,4710,4844,4244,4435,4482,4554,4257,4185,4245,4798
4933,5041,4956,5040,4853,4710,4843,4665,4844,5718,4435,4244
4979,4999,5849,5000,6070,4977,5574,5161,4962,5787,5537,5701
4979,5161,4935,4977,5000,5701,4999,5160,5787,5849,5673,5612
5849,4877,4935,4999,4979,4876,4962,6070,4936,4702,5000,4901
4941,5134,4733,5222,4955,4940,5135,4659,5221,5279,5277,4976
4733,4938,4657,4941,4659,5220,4940,5134,4955,5222,4607,4605
4955,4954,4976,4658,5277,4974,4975,5284,5319,4604,5135,4819
5222,4955,4940,4976,5135,5277,4954,5221,4658,5276,5284,4974
5900,4767,5500,4397,4477,4299,4353,4538,4058,4300,4234,3938
4942,5476,5500,4505,5900,5131,4767,4477,4397,4538,4299,4236
4276,4943,4505,4942,4506,5476,4236,4767,4397,5500,5900,4235
5167,5204,4595,5168,5207,4536,5208,4594,5521,4676,5206,5205
4851,4852,4948,4850,5440,4784,4947,4785,5352,5354,5438,5436
5353,5354,5436,5532,5615,5712,5376,5439,5437,5158,6036,6867
5352,4947,5436,5438,4850,5353,5354,5437,5439,5532,4785,5712
4856,5129,4873,5645,4854,4748,4747,5679,5122,4862,5123,4749
4880,4833,5044,4881,4790,4486,5469,4485,4788,5256,4644,4483
5189,4350,4687,5570,4351,4349,5188,5187,5186,4070,6232,4686
4350,4351,4951,4687,4070,5189,4349,4069,5187,5570,4068,4352
383,387,4988,390,373,5069,5026,352,5070,5401,5398,5349
4976,4975,4974,5319,5284,4819,5127,4820,5331,4698,5285,4821
4976,5277,4954,5284,4974,5276,4658,5285,4975,5278,5331,4819
4933,4844,5718,4843,4853,5041,4554,4798,4482,5058,4244,4710
4958,4814,4626,4560,4815,5289,4563,4263,4694,6036,4813,4230
4814,4815,5289,4563,4560,5015,4813,5288,4694,4521,5183,4561
4916,6837,5694,5695,5475,4336,5930,5541,5812,5637,5474,4233
5263,4388,5162,4307,5262,5315,5166,5163,4809,5478,5274,4306
5031,4920,4921,5607,5086,4918,4866,5535,6453,4919,5340,5321
4901,6070,5864,4964,5537,5550,4963,4999,5574,5833,5549,5455
4964,5455,5084,5550,5549,5454,5864,5630,5081,5833,7313,6070
5550,5864,5455,5549,5833,5537,5630,7313,5865,5454,5573,5835
4426,3960,5018,4259,4429,4427,5076,3957,5507,4373,4428,5077
4530,4865,4696,4817,4382,4695,7163,4778,4529,4697,5111,4515
3798,3910,3909,3911,4414,4318,3767,3996,3766,4317,3776,4737
6144,4972,6032,6121,5512,4970,5616,6123,5734,5415,6031,5510
4968,4929,4972,5328,6144,5585,4932,4970,5512,6032,6121,5616
5415,5512,5511,5510,6144,5261,6121,4806,5734,6120,5125,6032
4931,4969,5213,4929,4968,4915,5328,4972,5585,4932,6144,5586
4970,6144,5512,6121,5415,5150,6032,5510,5734,5511,6123,5261
4707,4737,4414,4415,4708,694,3910,4580,4317,4581,686,4391
4819,5331,4820,4698,5285,4818,5127,5332,5316,4699,4821,5303
5127,4820,4974,4819,4821,4698,4699,5284,5331,4818,4342,4454
5284,4974,4975,5285,5331,4819,5276,5319,4820,5127,5303,5316
5000,5787,5673,5612,5788,5574,5834,5611,5786,5779,6070,5242
5161,4936,5160,5701,4778,4977,4979,5612,4935,5673,4777,5000
5000,4999,4977,5787,5574,5701,6070,5673,5834,5788,5537,5786
5644,4983,4623,4624,5443,4591,4592,4981,5234,5445,4625,5373
5343,4591,5416,5417,4983,5342,4567,4592,4565,6767,4624,5825
4623,4984,4980,4981,4983,4591,5644,5108,5444,5343,4624,5416
4624,4592,4591,4625,4593,4565,5416,5445,5476,5343,5373,4567
4981,5108,4623,5343,5344,4591,5416,4980,4983,5342,5417,4592
4900,5409,5410,5484,5481,4885,4886,6314,6329,6205,5482,6260
4987,4892,5137,5148,5191,5051,5192,5138,5053,7763,5309,5355
5148,5051,5137,7763,5053,5355,5138,4927,5191,5192,4539,4652
383,5069,373,5070,352,5398,5401,5400,5349,5689,336,5690
4953,4988,383,387,5026,373,390,5069,5070,391,5398,5397
5226,4897,4991,390,391,387,4953,4989,383,394,4988,5336
4953,5226,4989,387,383,390,4988,5336,391,373,5026,394
5126,497,5118,495,5271,5117,5270,492,5272,5456,5555,6038
5014,4996,5013,4650,4725,4449,4995,5102,5046,8108,4241,4240
4993,4650,4996,5014,4241,4449,5013,4725,4240,4995,5102,8108
4648,8108,4651,4792,4649,4727,4914,4793,4726,4242,4913,4448
4725,4995,4449,8108,5102,4240,4648,4651,4649,5045,4792,4914
4998,4890,4859,4923,5239,4803,5250,4888,4857,4922,5698,4889
4923,5239,5698,4859,4922,5699,4888,5733,6802,4857,6295,4803
5000,6070,5574,5537,4977,5787,5834,5864,5573,5786,5673,5701
5787,5574,5834,5673,5786,5788,5537,5573,5837,5864,5612,5997
4960,5263,5315,5262,4388,5478,4225,5162,5274,5479,5163,4307
5001,5477,4389,4960,5315,5769,5263,3946,5480,4225,4388,5478
4084,4346,4361,4746,4086,4085,4319,4062,3721,4360,3755,4061
4086,4084,5003,4062,4061,4346,5097,4085,4361,4035,4321,3754
5951,4828,5112,4826,4745,5950,4795,691,688,4827,693,5114
4884,4883,5360,5753,4827,4895,4828,4882,5962,6341,5668,5005
5035,5036,5008,5037,5143,5142,5219,5009,4760,5522,5246,5218
5219,5009,5037,5036,5522,5306,5142,5916,5307,5218,5524,5143
5306,5219,5916,5307,6231,5522,5037,4730,5036,5547,5524,6094
5011,4678,4462,5235,5012,5374,4443,4275,4274,4506,5373,4276
5012,5374,4462,5373,4276,4275,4506,4944,4274,4235,4443,5445
4506,4275,4276,4235,4236,4944,4274,3903,4505,3884,4397,3883
4725,5102,5045,4996,8108,4995,4914,5181,4449,4648,4792,5180
5013,4996,4725,5046,5102,5045,4650,4995,8108,4449,5179,4914
5183,5197,4813,5290,4679,4893,4681,5823,4563,5196,4561,5710
4945,4595,4536,4594,5167,4534,5168,5204,4676,4405,4314,5208
4945,5204,5520,5016,5167,5521,5207,4573,5735,4595,5208,4536
5076,4426,4429,5784,5077,4427,4860,4428,4259,5785,5891,5032
4718,6194,4720,5327,4717,5282,4951,4550,4952,5565,5189,4549
6409,5255,5258,4789,5576,5021,5577,5467,5269,4787,4791,6644
5269,4786,4734,6644,4735,4763,4732,4752,4657,6072,5702,4608
4957,4262,4626,4958,4814,4263,4178,6867,4560,4694,4230,4815
4262,5022,4178,4957,4626,5158,4263,4042,4958,4177,4814,4230
4971,4913,5213,5212,4931,4969,4726,5681,5585,4929,5328,4968
5336,5399,5026,399,4989,5397,4988,397,4991,5398,4953,5069
5398,5069,4988,5400,5693,5401,5070,5691,383,373,384,5690
4862,4834,5540,4873,4748,4668,4576,4578,4622,4856,4949,4669
4456,5472,4709,4040,4946,5473,4851,5719,4784,3922,4852,3923
4961,5086,4921,4920,6453,5031,6454,5340,5607,4919,4866,4918
5607,5031,4961,5535,4920,5029,4918,5534,4921,5596,4775,4866
4920,4918,5535,4866,4921,4775,4776,5596,4919,4867,4635,6453
5893,5033,7786,4860,5411,5766,4545,4899,4547,5890,5407,6206
4899,4547,5411,4898,5766,4546,5407,4439,4985,4900,4885,5408
3940,3944,3809,3939,4068,3807,3701,3946,3943,3928,3699,3945
5036,5143,5142,5037,5599,5008,5246,5245,5218,5219,5525,5522
5037,5142,5218,5219,5522,5246,5525,5599,5524,5245,5306,5307
5522,5142,5218,5524,5307,5523,5525,5246,5526,5548,5852,6231
5035,5049,5007,239,5143,5036,5244,233,5008,5599,5142,5037
5082,5084,5081,4963,5252,5228,5454,5229,5455,4901,4964,5630
5041,4665,4710,4933,4643,4853,4257,4432,4258,4956,4435,4761
4710,4933,4853,4665,4257,4435,4843,4244,4258,4246,4185,4844
394,400,4897,391,4990,390,5226,387,4991,4953,399,383
5322,4950,4637,5044,4880,5684,4833,4484,4486,5469,4881,5509
5469,4881,4833,5256,5466,4880,5020,4790,4788,5257,5468,4485
5102,5181,5180,4914,4725,8108,5371,5024,4913,5195,5194,4792
5179,5045,5181,5013,5687,5102,5180,5371,4725,4914,4996,8108
5046,5014,5013,5045,5179,4993,5102,4725,5181,4996,4994,5687
5049,5038,5244,244,5035,5143,5364,5007,5599,239,5036,5618
5035,5244,5143,5599,5007,5036,5246,5142,5618,5245,5037,5008
4751,4597,4705,6185,4599,4704,4417,4418,4498,5089,949,4433
5053,4927,5355,5138,5052,4652,5136,4926,5192,4507,5870,5140
5140,4926,5139,5184,6636,5268,4653,5173,4753,4904,5185,4906
5052,4927,5136,5870,5140,4926,5139,5268,4652,5312,6636,5184
5055,5231,5339,6016,5418,5230,5215,4656,5243,5767,5337,5647
6016,5339,4656,5231,5243,5418,5337,4634,5647,4459,5767,5094
6074,5211,5210,5294,4801,4572,4799,5295,5366,5017,7440,4553
5058,5059,4800,5056,5297,4798,5718,5209,4572,6074,5211,5451
4798,4800,4572,4844,5059,4554,6074,5056,4553,4799,4843,4467
5056,5209,5211,4800,6074,5296,5210,5295,5294,4572,5656,4801
4601,4846,4400,5178,4845,4401,5100,5099,4847,5368,5928,5028
4804,4858,5062,5063,4890,5240,4783,4803,4997,5190,4781,4859
4890,4858,4997,4859,4803,5238,4998,4783,4923,4857,4888,6585
4781,4783,4858,4722,4723,4769,4803,5062,4721,4890,4780,4568
964,5544,956,4868,952,5546,4869,949,6185,5050,8119,4704
5057,5058,5718,4800,5068,4798,5059,4844,4572,5056,4956,6074
5068,5453,5057,5065,5297,5059,5452,5356,5058,4800,5451,5209
5065,5066,5356,5057,5058,5068,5503,5718,5453,4800,5059,4798
5297,5057,5059,5209,5451,4800,5056,5296,5211,5058,5656,5657
5070,5401,5400,373,352,5689,5349,5690,336,5688,5940,329
352,5349,5689,336,5690,329,5940,5708,323,5688,5804,5939
4871,5073,5072,4872,4875,5115,4861,5531,5506,4874,5116,4873
4872,4871,5531,5073,4861,4874,4824,4822,4875,4836,5027,5115
4871,5115,4875,4861,5116,4872,5810,4949,4873,4874,5531,5129
4966,4757,4817,4865,4530,5111,7163,4685,4696,4978,4778,4695
4755,4633,4794,5074,4757,4632,4469,4966,4531,4685,4817,4585
5784,5077,4429,5891,4860,5032,4428,4427,7786,5033,5893,4545
5032,4860,5033,5893,7786,4428,4545,5411,5766,4547,4440,4899
5098,114,5281,110,5652,5622,6741,5653,105,5857,5748,5717
5078,5151,5281,120,5098,5653,5652,114,5539,6741,5622,110
5083,4715,5039,5251,5082,4903,5252,5081,4902,5084,5254,5228
5229,5454,5228,5789,5665,5455,6055,5664,5630,6057,6054,6500
5081,5228,5229,5084,5666,5664,5454,5665,5789,4963,5455,5663
5082,5252,5039,5254,5081,5228,4903,5666,5084,5229,5664,5912
5081,5455,5454,5630,5229,4964,6055,5549,5228,5789,5550,6500
5029,5088,5087,4961,5086,5030,5575,4921,5031,6454,6453,4920
6453,4921,5340,5650,5321,4920,6803,4919,5651,5031,4866,5320
5086,5029,6454,6453,6110,4961,4921,5340,5650,6449,5651,4920
5030,4961,5029,5031,5607,5442,5087,4920,5086,4921,4918,5535
4433,941,4498,938,4332,4338,4217,4418,935,4596,4000,4099
5896,4742,5446,4743,5152,5643,5447,4496,4744,5897,5153,5641
5090,5446,5643,5896,5641,5897,5152,4742,5447,5739,4743,5642
4762,5104,5090,5091,5093,5128,5896,4742,5446,5643,5641,5338
5641,5643,5091,5642,5446,5739,5090,5897,5646,5741,5896,5740
4762,5093,5338,5091,5337,5641,5092,5643,5642,5646,5090,5647
259,5096,248,5048,5293,5291,5038,244,5365,5049,5347,5244
259,5291,5048,5365,248,5038,5049,5244,5363,5364,244,5884
4746,5003,4361,4360,4346,4084,3721,4319,4613,4086,3443,4085
5622,110,6741,5748,105,5857,5717,5716,5746,100,6725,5858
5028,5367,5472,5473,6013,4456,5719,4709,4946,6015,5705,4038
5099,5928,5367,4845,5473,5929,5028,6015,6013,5472,4847,5719
4993,5103,4994,5014,4996,5119,5047,5013,4650,4725,5046,5463
8108,4914,4995,4792,5180,4648,4913,5024,4726,4449,4651,5195
5014,5047,4993,5013,5046,5463,4994,4996,5045,4725,5179,5102
5128,5090,4742,5896,5091,4711,4762,4743,5446,4496,5152,5093
5215,5216,5107,5429,5230,5326,5231,5430,5775,5054,5553,5418
5105,4692,5217,5215,5107,5216,5326,4691,5325,5429,5230,5775
5231,5215,5054,5230,5418,5429,5055,5339,5216,5430,5434,5767
5343,4981,5342,5416,5417,4623,6767,4591,5898,4567,5825,4983
5344,5108,4984,4981,5342,5757,5343,4982,5756,4623,5416,6767
5345,4982,5334,4984,4980,4623,6181,5109,4981,5108,4983,5644
4816,4978,7163,4936,4917,5161,5160,4935,4778,4979,5701,4977
4745,4826,691,693,5114,5951,694,688,5950,686,4707,684
5114,5678,5112,4745,694,4707,693,5005,4526,691,4826,4973
4745,694,693,4707,691,4708,686,4973,4826,688,4581,4737
5116,5810,4875,4949,5838,5129,5811,4861,4873,4872,4856,5645
5129,4949,5838,5645,5679,4856,4873,5755,5594,4854,5123,5122
492,5555,490,6038,5661,5798,489,5662,5264,6040,487,7248
5117,495,5270,492,5272,5555,6038,490,5662,5661,5798,489
4994,5308,4241,4650,4993,4240,4996,3875,4449,3649,5014,4618
5101,4994,5119,4993,4650,5103,5014,4996,5308,4241,5013,5047
4424,3963,4012,4422,4270,4253,3964,4011,4102,3947,4425,4090
6097,4911,4855,4912,5004,4749,4320,5003,5097,4086,4736,4330
5122,4912,4911,6097,4854,4320,4330,5004,4774,4855,4086,4747
4664,5260,5259,4662,6381,5106,4620,5217,5362,5325,4692,4621
5124,5261,5260,4664,5259,6381,5510,5362,4662,6120,4620,5106
5271,5118,5270,497,5272,5117,495,5456,492,6038,5662,5555
4821,4820,4342,4699,4819,4698,4454,4289,4290,4590,4589,4818
4742,4711,5090,4496,5896,4743,4310,3942,4311,5091,5152,4744
5645,5679,4856,5755,5123,5122,4854,4747,5318,4911,6097,4748
5376,5354,4066,5132,5532,5158,5023,4064,4947,5022,5615,5353
4538,4511,5500,4492,4477,4478,5900,4942,4491,4058,4305,4512
5022,5023,5158,4957,4262,5532,6867,4958,4626,5615,4814,5353
5694,5541,4959,5930,5542,5695,4916,5795,5812,6837,654,6012
5222,5221,5135,4941,4955,5277,5278,5754,5276,4940,5514,4976
5276,5278,5277,4955,5302,5285,4976,5301,5284,5303,5513,4974
5052,5268,5139,5140,5185,5266,5184,4926,5173,6636,5488,5176
5138,5192,5053,5051,5309,5870,5136,4927,5310,5052,5355,5311
5053,5870,5136,5052,5268,5312,4927,5139,5140,5266,5314,4926
5173,5184,5185,5176,4906,6636,4904,5265,5488,4905,5175,5267
5184,6636,5139,4904,5173,4753,4906,4603,4556,5176,5185,4555
4619,3475,3642,3935,3934,3413,3090,3672,3414,3657,3333,3257
5246,5218,5525,5522,5809,5627,5526,5523,5524,5808,5619,5629
5599,5246,5142,5036,5245,5525,5037,5618,5627,5218,5619,5809
5538,5145,5604,4838,5147,5539,5151,5867,5583,5653,5079,4879
5147,5151,5538,5539,5079,5653,5281,5867,5652,4878,5078,5717
5144,5584,4839,5538,5145,5604,4838,5558,5147,4451,5583,5151
5079,5151,4878,5281,5078,5653,5539,123,120,5652,5098,114
7763,5051,5355,4539,5137,4927,4507,5053,4652,4385,5138,5052
7763,4539,4385,4303,5148,4507,5355,4480,4302,4407,4987,5051
5511,4970,5415,4806,5125,5261,5512,5510,4808,4348,5124,5260
5653,5281,5539,5652,5078,5717,5098,6741,5832,120,114,5622
5153,5447,4744,5126,5271,5897,4992,5932,5456,4497,5118,5272
5126,5271,5456,5272,5118,5932,4992,5270,5662,5117,5931,497
5156,4666,5248,5040,4640,4934,5247,4642,5041,5504,4933,4665
5154,4640,4666,5249,5156,4431,4642,5248,5040,4358,5773,4934
5040,4934,5041,5247,4933,4642,4665,4956,4710,4853,4643,5503
4340,4337,4074,4075,4333,4195,4596,3632,3630,4106,3674,4099
6867,4957,4958,5022,6036,5289,4814,4626,4815,4262,5288,5738
5531,4824,5072,4822,4872,4766,4874,4764,5071,4836,4871,4837
5612,5701,4777,5242,5611,5673,4977,4779,5674,5779,4706,5241
5701,4977,5160,5612,4979,5673,5000,5787,5611,5242,4777,5788
5163,5166,4645,5165,5275,5274,4254,5380,4256,5164,5395,4647
5165,5275,4645,5380,5395,5164,5945,5394,4256,4647,4254,5902
5379,4647,5378,5381,5728,4870,5902,5903,5727,4646,5464,5182
5380,5164,5395,5378,4647,5902,5379,5394,4256,5381,5903,5728
4254,4645,5163,4255,4256,5165,4209,4207,4647,5164,5275,4208
5208,5168,5207,5206,5205,5287,4677,4676,4594,5286,5227,5010
4677,5206,5208,4676,5287,4616,4678,5763,5010,5205,4617,5227
4765,4629,4628,4764,5214,4825,5859,4598,4630,4766,967,4824
5214,5169,4629,4765,5859,4823,4628,4630,4764,5881,4598,8119
4501,5283,5474,4909,5536,4500,5742,5633,5634,5637,4910,5508
5060,5177,5178,4846,4601,5100,5368,5389,4400,5928,4845,5099
5176,4906,4905,5175,5265,4904,4555,5174,5391,4688,4556,5172
5177,5390,5172,5178,5389,4688,5060,5368,5392,4846,4601,5100
5174,5391,4905,5390,5461,5172,5177,4688,4555,5389,5872,5060
5175,5265,4905,5391,4906,5174,5460,5390,5461,4555,5172,4688
5178,5368,5389,5928,5100,5060,6396,4846,5929,5492,5367,4601
5100,5368,5928,4846,5367,5099,5929,4845,6396,6015,4400,5473
5181,5687,5045,5371,5180,5760,5013,5102,5194,4914,5369,5195
5195,4914,5194,5024,5372,4913,4971,5212,8108,5370,4792,5213
5371,5180,5194,4914,5102,5195,5369,5024,5372,8108,4913,5370
5462,5463,5464,6292,5047,5046,5103,5729,5179,5687,5014,5977
4681,4679,4893,5196,4570,4682,4561,4894,4639,4569,4562,4895
4906,5173,4904,5176,4603,4555,4905,4556,5175,4602,4688,5265
5176,5265,5267,5173,5175,5460,5391,5184,4906,4905,5490,5174
4686,5187,5769,6610,5477,5002,5480,5528,5969,5001,5315,4352
4686,5002,5477,5769,4352,6610,5001,4389,5480,5315,4068,5528
5186,5800,6610,5187,5769,4686,5969,6018,5528,4349,5477,5002
4687,5188,5186,6232,5187,4350,4349,5800,6610,4686,5769,5002
4781,5063,4722,4723,4568,4783,4769,4721,4566,4858,4770,4513
5309,5192,5137,5310,5311,5138,5870,5639,5053,5312,5640,5051
5138,5870,5310,5312,5136,5053,5268,5640,5314,5266,5052,5139
4762,5092,5094,5093,5091,5090,5104,5338,5643,5641,5337,5446
5372,5195,5370,5681,5212,5024,5680,5586,4914,5213,5683,4971
5024,5372,5212,5213,5681,4971,4913,5586,5585,4969,4931,5683
4893,4894,5202,5006,4681,4682,4895,4884,5361,4896,4883,4828
5183,5196,5823,4893,4681,4894,5202,4679,5715,4682,4570,5840
5345,5109,5110,4984,5199,5344,5108,4982,4981,5334,4623,5757
5344,5756,5757,5109,5108,5342,5750,5751,5898,4984,5343,6767
5198,5199,5109,5344,5345,5756,5108,5757,4984,5759,5110,5342
5198,5110,5345,5335,5109,5200,4982,4984,5334,5519,5108,5199
5006,5361,4894,4884,5667,5360,4883,4895,6210,5753,4682,5962
5403,5402,5405,5404,5904,5917,4266,6023,4714,5671,4713,6225
5207,5167,5521,5208,5286,5205,4595,5168,5383,5287,5206,5236
5287,5236,5227,6243,5206,5235,5010,5234,5011,5444,4677,4678
5287,5010,4678,5227,5763,4616,5011,4462,5236,4443,5235,4444
5205,5208,5286,5287,5236,5168,5206,5227,6243,5382,5010,4677
5287,5205,5206,5227,5010,4677,5236,4678,4676,5011,5235,6243
5211,5295,5056,5294,5676,5210,7440,5631,6074,5366,5947,4801
4801,5366,5017,7440,4799,4571,5632,5520,4945,5204,5771,4552
5294,5210,5295,6074,7440,5366,4801,5631,5017,5632,4572,4799
5213,5585,5586,4971,5328,4969,5617,5692,4968,5616,4931,4929
4969,5585,5328,4968,4929,6144,4972,5616,5617,6032,4915,5692
5859,4629,4630,5881,8119,4765,4750,4628,4598,4599,5546,4764
5230,5429,5430,5231,5418,5433,5434,5553,5775,5767,5435,5552
5429,5215,5775,5553,5433,5230,5430,5591,5776,5552,5551,5434
5326,5216,5105,5215,5775,5428,5429,5553,5107,5776,7931,5591
5523,5524,5525,5526,5852,5807,5809,5808,5548,5851,5850,5629
5522,5306,5037,5307,5524,6231,5218,5548,5547,5142,5523,5852
5134,4938,5279,5221,4941,5222,5135,5655,4733,5754,4955,5514
5135,5754,5278,5222,5276,5301,5277,5302,5515,4955,5285,5516
4955,5135,5277,4976,5276,4940,5278,5284,5285,4954,4974,5302
4469,4475,4151,4471,4531,4528,4087,4794,4088,4382,4966,5638
5559,5557,4925,5556,5995,5558,5560,5584,5146,4840,5561,5562
5559,5224,5560,5556,5557,5672,4812,5563,4925,5561,5558,6184
390,387,4953,391,383,4989,4988,373,5026,5069,352,5070
5235,5010,5011,5234,5374,5373,4678,5012,4462,5443,4944,4276
5664,5229,5665,5663,5789,6501,5454,6057,6129,6055,6350,6054
5789,5665,5454,6057,6055,6054,5663,5630,6129,6350,6500,6279
5418,5430,5434,5767,5433,5605,5339,5435,5553,5647,5552,5922
5418,5230,5339,5767,5434,6016,5647,5430,5429,5337,5605,5243
5085,5298,5087,5029,5575,5088,5086,6454,4961,6110,5957,6453
5085,5232,5088,5029,5324,5087,5030,5298,4961,5086,5031,5575
5443,5235,5373,5644,5445,5374,4624,5011,4944,5010,4983,4625
5373,5011,5374,5443,5012,4944,5445,4276,4462,4506,4624,4275
5227,5234,5235,5444,5373,5011,5443,5010,5374,5644,5445,5012
4253,3963,3680,5121,3679,3947,3964,4012,4269,3652,4424,3933
4998,4997,5250,5700,4923,5239,4890,5699,4859,5698,6626,4858
5698,4922,5733,6295,4888,6802,4924,4891,8259,5639,6294,4857
5062,5238,4997,4890,4998,6585,4858,4859,5250,4923,4804,4803
5225,4810,5674,5224,5559,5560,4812,5672,5779,5557,5556,4925
5611,5241,5674,5779,5225,5673,4811,5672,4810,5560,5788,5559
5094,5337,5338,5193,5093,5647,4762,5646,5641,5767,5642,5091
5599,5143,5618,5035,5245,5246,5886,5619,5036,5142,5007,5627
5619,5246,5627,5626,5628,5809,5525,5629,5142,5724,5808,5625
5627,5525,5809,5619,5218,5629,5808,5626,5526,5628,5523,5522
5503,4934,4956,4933,5718,5356,4844,5041,5040,4843,4853,5065
5156,5247,4934,4666,5040,4956,4933,5503,5041,5357,4642,4853
5154,5248,5156,5247,4666,4934,5504,5040,4640,5503,5386,4956
4998,5699,5698,5239,6802,4923,6484,6295,5733,4922,6480,4859
5254,5083,5252,5082,5666,5912,5228,5039,5081,5664,6017,5911
5082,5228,5666,5664,5081,5229,5665,6501,5663,5911,5084,5454
5251,5764,5083,5080,5254,5252,5743,5082,5039,4715,5912,6795
5912,5252,5666,5228,5911,5082,5664,6501,5039,5663,5081,6761
5576,5269,5021,6644,6072,4734,4787,4786,4732,5702,5936,4735
5257,5020,5258,6409,4788,5255,5467,5577,5576,4789,4790,5021
5258,5467,5020,5577,5255,5576,6409,5660,5936,6072,4788,5269
5577,5576,5255,6409,6072,5269,6644,5936,5021,4789,5702,5781
5106,6381,4662,5217,5105,4692,5325,5326,4621,5216,5215,5107
6381,5259,5362,5325,5217,5106,4662,5326,6122,6220,5428,5105
5260,5362,6120,5124,6381,5259,6122,5325,4664,6220,5217,5106
5274,5163,5162,5275,5530,5945,5165,5395,5394,5380,5166,4645
5262,5162,4388,5163,5478,5274,5166,5275,4307,5530,5165,4645
487,5799,485,6190,483,6244,476,6216,6126,6386,6428,471
5391,5175,5460,5461,5174,5390,4905,6892,5872,4906,5392,5177
5488,5185,5267,5489,5265,5139,5490,5176,5460,5173,5704,5175
5460,5265,5490,6892,5391,5176,5461,5175,5872,5598,5173,5597
5266,5185,5139,5488,5173,5313,5267,5176,5140,5265,5184,5489
6644,4734,4732,5702,4786,4735,4939,4657,5781,4752,5703,4763
5117,6038,5555,492,5662,5661,490,6040,5798,7248,489,5264
5272,5270,5118,5117,5662,6038,495,5555,7248,492,5931,6040
5662,5270,6038,7248,5117,5555,6040,5661,6039,492,495,5798
5064,5544,5546,964,956,5881,4868,4869,952,8119,5050,6185
5945,5275,5944,5394,5163,5395,6198,5165,5380,5902,6240,6238
5395,5165,5380,5394,5902,6198,5164,4645,5378,6238,5903,5955
5302,5285,5303,5284,6008,6274,5513,5316,5331,4974,5516,6662
5276,5284,4976,5285,4974,5302,4954,5303,5331,5316,4819,4975
5276,5301,5302,5277,5513,5285,5303,5516,6008,5284,6274,5587
5221,5514,5754,5134,5135,5278,5714,5515,5222,5301,5276,4941
5128,4711,5104,6932,4742,3942,4310,4496,5090,508,5092,4743
5652,5098,6741,5717,5622,114,110,5748,5716,5745,5857,5832
5570,5189,5569,4951,5188,6232,4687,5571,4952,4350,5186,5567
5536,5742,4909,5633,5635,5636,5508,4910,5869,5919,5918,6470
4974,5285,5331,4819,5316,5303,5332,4818,6274,4698,4820,5427
5303,5316,5331,6274,6008,5332,6047,6662,4819,5762,4818,5427
6243,5205,5382,5236,5208,5234,5227,5287,5444,6181,5235,5206
5227,5010,5236,5011,4678,5235,4462,5234,5763,5374,5012,4616
5290,5015,5197,4815,5710,5823,5183,4813,5824,5196,5715,4893
4815,5288,5015,4813,4814,5290,4563,5183,5197,5711,4679,4560
5197,5823,5710,5196,5715,5183,4893,5202,5822,4813,5840,4681
5048,5364,5244,5363,5049,6215,5038,5599,5618,5143,5035,5886
5293,5096,269,5095,5347,259,5365,5291,5048,5424,5884,248
5096,5365,5291,5363,5884,259,5048,5364,6215,5244,248,5049
7440,5366,5210,5632,5631,5017,5771,4801,5520,5735,5204,5770
5294,7440,5631,5947,5366,5210,5771,5632,5770,5520,5854,6074
5209,5295,5676,5211,5294,5631,5947,7440,5709,5056,5210,5818
5451,5209,5296,5059,5656,5211,5295,5056,5676,5677,5294,4800
5575,5087,5957,5085,6110,6454,5086,5029,6449,5958,6453,5651
5300,5232,5233,5085,5298,5620,5323,5087,5088,5029,5575,5621
5620,5232,5298,5233,5087,5621,5085,5575,5957,5029,5088,5323
5516,5513,5302,5276,6008,5588,6009,5303,5285,5589,6274,5277
5303,6008,5513,5285,6274,6009,6662,5316,5284,6047,5588,5579
6274,5316,6008,6662,6047,5331,5332,6009,5762,5582,5579,5772
4804,5063,5396,5061,5190,4858,4783,4781,5825,5457,5062,4722
5304,5470,5061,4804,5396,5457,5063,4858,6767,5062,5471,5190
6231,5307,5522,5547,6094,5037,5524,5548,5917,7741,4729,5218
5547,5548,5524,7741,6094,5852,5218,5523,6398,6095,6023,5850
4241,3875,3436,3649,4650,4618,4240,4994,3447,3543,4242,4449
5311,5310,5192,5640,5870,5312,5138,5314,6088,5136,5268,5431
5312,5870,5640,5314,5138,5266,5268,5431,5136,5313,5488,5053
5310,5640,5192,5312,6088,5314,5870,5431,5138,5266,5313,5783
5314,5266,5268,5313,5488,5136,5185,5489,5432,5139,5267,5052
5489,5488,5266,5267,5704,5490,5185,5460,7537,5265,5598,6892
5313,5266,5488,5432,5489,5268,5267,5185,5704,5490,5782,5136
5478,5479,5262,5263,5274,5530,5529,5945,5162,5275,5967,5944
5332,6047,5762,6662,5426,5427,4818,5772,5582,5497,5774,5901
4541,4368,4540,4703,4371,4249,4701,4702,4714,4716,5348,4712
4912,4774,5123,4330,4911,4636,4320,4329,5122,4321,5004,6097
5127,4975,4343,4820,4821,4342,4974,4819,4699,4289,4698,4454
5322,5684,5043,5044,4950,5649,5509,4867,5469,4637,4833,6865
4919,5320,5043,5322,4867,5341,5684,4950,4637,4635,5044,5649
5044,4950,5469,4833,5509,4637,4881,4880,5256,5466,4790,6865
5233,5324,5088,5030,5085,5441,5232,5442,4961,5029,5601,5031
5441,5030,5442,5088,5607,5031,5533,4961,5534,5085,5535,5029
5428,5326,5217,7931,5775,5216,5776,6412,5105,6414,5591,5553
5775,5216,5776,5553,7931,5591,5429,5215,6412,5433,5593,6460
6194,5282,5565,4720,5569,4951,5570,5189,5568,4952,5571,4717
4968,6144,6032,5616,4972,6121,6031,6123,5512,6030,4970,6042
4460,5330,4468,4802,4471,4472,4680,5075,4588,4470,4469,4794
4680,4802,4468,4460,4588,5075,4587,4471,4472,4633,4586,4755
5332,5316,4818,5427,4698,6274,5762,5426,6047,4700,4589,5901
5427,5426,5762,5901,6047,4700,5774,5497,5155,5772,4589,5425
5201,5335,5110,5345,5334,5519,5198,4982,5518,6181,4984,5109
4982,6181,4980,4623,5444,5644,4984,4983,6243,4981,5443,4624
5519,5110,5334,5518,6181,4982,5345,4980,5382,5198,4984,5444
4989,5026,4988,4953,5069,383,5397,5398,387,5226,373,5070
5647,5338,5646,5922,5642,5641,5093,6958,5741,5605,4762,6171
5641,5093,5646,5642,5643,5741,5739,5091,6958,5922,5740,5897
5418,5337,5647,5767,5243,5434,5646,5338,5922,5605,5094,5430
6803,5321,5320,4919,5341,5043,5322,5648,5684,4867,4866,5649
5649,5684,5320,5322,5509,6187,6865,5044,5043,5469,6740,4950
6767,5343,5417,5898,5825,5396,5416,5190,4567,4568,5304,5305
5417,5416,6767,4567,4591,5825,4568,4565,5898,5396,4592,5190
5108,5757,5342,5343,6767,5898,4981,5750,5417,5416,5396,5825
4984,4982,5109,5108,5334,4623,4981,5344,4980,5199,5343,4591
5347,5293,5424,5292,5365,5884,5096,5363,5885,5883,5291,269
5884,5293,5365,5363,5291,5883,6215,5096,6214,5364,5927,5048
4371,4877,4937,4876,5849,4702,4917,4935,4962,4999,4901,4902
336,5689,329,5708,5940,323,5804,318,6425,5939,314,5855
5198,5201,5351,5200,5345,5333,5109,5110,5199,5841,4984,5335
5200,5841,5198,5199,5109,5201,5980,5756,5759,5345,5344,5333
5436,5437,5439,4947,5353,5487,5712,5532,6037,5354,6067,6159
5712,5615,6036,5439,6867,5738,6037,5158,5289,5288,4958,5711
5532,5376,5353,5615,5132,5158,5436,6867,5712,5022,6036,5023
4652,4507,4927,4653,5053,4926,4508,4480,5052,4509,4753,5138
5065,5718,5058,5057,4798,4844,4956,4800,4572,4554,5068,4843
5356,5503,5067,5065,5718,5247,5058,4956,5057,5066,4844,4798
5387,5359,5067,5386,5066,5357,5938,5065,5356,5057,5504,5068
5066,5938,5067,5453,5068,5057,5065,6071,5357,5356,5452,5297
5753,4883,5668,6341,4882,5914,4884,4827,5913,5915,4796,4655
5667,5006,5360,5962,4883,5753,4884,4894,5668,5963,6341,5914
6381,5325,6220,6246,5428,5259,5217,5326,7931,6414,6412,6706
6215,5364,5927,5886,5244,5618,5993,5048,5888,5599,5049,5889
5244,5618,5886,5927,5599,5049,5245,5888,5143,5619,5628,5726
5363,5291,5364,6215,5244,5048,6214,5927,5886,5049,5618,5993
5632,5520,5017,5204,5771,5735,5521,4945,4571,5854,5207,5383
5473,6013,6015,5472,5842,5705,5719,5846,5028,4946,5440,5707
5928,5929,6396,5100,6015,5367,6014,5941,4846,6013,5099,5846
5194,5370,5682,5372,5680,5195,5681,5180,6087,5683,5212,5024
5681,5372,5680,5683,5586,5212,5195,6588,5692,6406,5585,5024
5194,5369,5180,5195,5372,5370,5682,5024,4914,5681,5212,5102
5681,5212,5586,5024,5683,5213,5585,4971,5692,5617,4913,5328
5445,5374,4944,4624,4943,4276,4625,5012,4505,4506,5476,4942
5012,4944,4276,4506,5445,4505,4275,4943,4236,4235,4942,4397
4473,4548,4887,4546,4267,4758,4885,4474,4180,4898,4759,4270
5532,5132,5158,5615,5022,5353,6867,4957,5023,4958,6036,5712
4413,4620,4096,4621,4094,4664,4465,4662,3852,5124,4095,4692
5903,5381,5727,5379,5955,5954,5728,5464,5977,5729,6343,4870
5728,5381,4870,5182,5464,4864,5727,5462,5729,5903,5463,4543
5378,5902,5164,5903,5381,5955,5379,5727,4647,6238,5728,5954
5728,5727,5464,5182,5729,4870,5977,6292,5954,5463,5462,4864
6243,6181,5444,5236,5234,5334,5205,4980,5644,5443,5235,5227
5518,5382,5286,6243,5519,5207,6181,5205,5236,5444,5335,5334
5385,5358,5388,5895,5387,5359,5882,5412,5386,5067,6908,5938
5882,5359,5358,5938,6289,5066,5387,5067,5453,6071,6288,5386
5387,5357,5504,5503,5067,5356,5247,5065,5359,5248,5718,4956
5357,5067,5356,5359,5504,5065,5503,5066,5057,5058,5718,5247
5386,5387,5358,6049,5357,5385,5067,5504,5359,5773,5356,5503
5368,5492,6396,5929,5493,5178,5928,5941,6014,5100,6015,5367
5389,5177,5392,5368,5492,5172,5178,6396,5493,5929,5928,5060
5461,5390,5174,5872,5177,5392,5389,5172,5491,5368,5492,5178
5492,5389,5493,6396,5974,5368,5177,5941,5943,5929,6150,6014
5505,5071,5073,4871,5115,5506,5072,4875,4872,5839,4861,5810
5395,5902,6238,5380,5955,6237,5903,5378,6239,6343,5164,5954
5380,5902,5378,6238,5903,5955,5164,5381,6343,5727,6237,5954
5190,5063,5825,4781,4722,4804,4568,4783,5061,4723,4858,4567
5693,5398,5026,5691,384,5400,5069,379,4988,5401,5688,5690
5400,5691,5069,5401,5688,5690,5070,379,5689,5899,5349,5984
5397,5026,5336,5398,5693,392,4988,5069,4989,5691,5400,384
5401,5690,5688,5689,5070,5939,5984,5940,5349,5899,352,336
5070,5689,5690,5349,5940,352,336,5688,5939,329,5708,5804
5904,6023,5403,5405,6225,6094,5671,5404,5765,6095,4714,5880
5405,5404,5904,4714,5671,4713,6023,4712,5765,6225,4703,4251
4714,4713,5405,5671,4703,4541,4712,5904,5317,4716,4540,5765
5671,5904,4714,5765,4712,6225,4713,5253,4703,4716,5764,4541
5203,5403,5404,4266,5405,5402,4713,4714,4251,5904,5671,4541
5408,4985,6204,5484,5410,6205,4898,6316,4900,5409,6314,6315
5484,4985,5410,6205,6314,6315,5409,5923,4900,5481,5482,5483
5481,6329,4886,5482,6260,5871,5686,6314,4772,5483,4848,5685
6314,5481,5409,5482,5483,6329,5923,6260,5924,4886,5685,5925
4899,5407,4985,5408,4898,4547,6206,4900,6204,5484,4546,5410
6049,5386,5388,5387,5504,5773,5357,5358,5247,5503,5249,5067
5412,5414,5578,5388,6049,5386,5772,5384,5773,5387,5504,5358
5388,5384,5412,5358,5419,5386,5387,5385,5578,6049,5895,5359
5511,5510,5261,5125,6120,5734,5260,5362,6121,5124,4808,6122
4567,5417,4565,4568,4592,5825,4513,4593,4511,4722,4625,5396
5825,4567,4568,5396,4722,5190,4565,4513,4566,4723,5063,4781
5767,5434,5647,5605,5430,5922,5337,5435,5606,5433,5646,5243
5895,5385,5384,5882,6908,5358,5359,6909,5388,6289,5938,5387
5414,5384,5419,5385,5388,5895,5413,5894,5358,5412,5882,5387
5419,5420,5894,5895,5384,5385,7042,5414,6908,6909,5882,5358
5424,5346,5885,5347,5883,5884,5293,5292,6824,5365,6214,5363
5422,5937,5346,5424,5499,281,5347,5292,277,5885,5293,274
5347,5883,5884,6214,5365,6824,5293,5363,6226,6215,5927,5993
4640,4431,5155,4666,4358,4642,4295,4294,5154,4432,5156,5040
5901,5774,5155,5497,5425,5154,5249,4640,4666,4357,5248,5773
5901,5426,4700,5425,5155,5774,4357,4640,5497,5154,4431,5249
7931,5326,5776,5775,6412,5591,6460,5216,5593,5553,6413,5551
5430,5433,5553,5230,5434,5552,5435,5418,5591,5551,5554,5605
5434,5433,5435,5605,5552,5767,5554,5606,6371,6058,5922,5551
5314,5432,5313,5312,5489,5782,5266,5704,5488,5490,5267,5268
5704,5313,5489,7537,5490,6130,5488,5266,5598,5267,6892,6868
5552,5435,5554,5434,5551,5605,5590,6058,6371,5805,5606,5767
5605,5767,5435,5606,5922,5647,6371,5552,5554,6058,6171,5337
5554,5605,6371,6058,5606,5805,6061,5922,6432,5590,6171,6059
5353,5439,5712,5532,6037,5615,5487,5738,6036,6067,5376,6867
5487,5439,5436,6159,6067,5965,6037,5712,5353,6330,6161,5821
5437,5352,5486,5487,5439,5436,6159,5844,5965,4947,6067,5353
6037,6067,5712,5821,5738,6142,5615,5711,6036,6330,5824,5288
5438,4948,5352,5437,4852,4947,5436,5486,5439,5487,5353,4850
5442,5533,5534,5030,5607,5535,5603,5088,5600,5031,5596,4961
5607,5534,5030,5535,5031,5603,5596,4918,4961,4775,5600,4920
5373,4624,5445,4625,4983,4944,5374,4592,4943,5476,5011,4593
5644,5234,5443,4980,4624,4983,5373,5235,5445,4623,5227,4625
4625,4944,4943,5476,4592,4942,4505,4593,4276,5500,5131,5012
5152,5447,5897,4743,5153,5932,5739,4744,5909,5456,5126,5271
5153,5932,5456,5271,5909,5126,5931,5272,5662,7248,5118,5270
4823,5169,4765,5170,975,4825,4764,4629,967,4628,5214,4824
5169,5448,5170,4823,4765,5214,4629,4825,4764,4628,975,5859
5214,5170,5791,5859,5449,4629,5881,5169,4630,5545,5448,8119
5656,5296,5209,5677,5676,5295,5059,5211,5709,5947,5631,5818
5451,5657,5297,5656,5296,5068,5209,5677,5675,5059,5676,5295
5452,5068,5297,5451,5059,5057,5209,5657,5296,5656,5817,5065
6055,5630,5789,6500,6054,7313,5549,5665,6056,6057,7991,5865
5630,5549,5454,5550,7313,6055,6500,5833,5865,5229,5789,7991
5272,5662,5271,5931,7248,5270,6038,6040,6026,5118,6039,6154
5240,5062,5061,6397,4858,4997,4890,4804,5238,5458,4803,4859
6872,6585,5238,5240,5700,6584,5250,4998,4997,6625,5062,5699
6397,5721,5458,5471,6872,5240,5238,7252,6585,5457,6584,5062
5461,5872,5391,5597,5390,5392,5175,5491,5174,5389,6565,5873
5390,5392,5389,5491,5174,5177,5492,5493,5368,6396,5873,5974
5103,5463,5047,5046,5014,5101,5179,6292,5013,4993,5045,5120
5046,5179,6292,5047,5687,5045,5181,5013,5014,5761,5371,5102
5729,6292,5463,5977,5761,5179,5462,5687,5046,5047,5978,5181
5467,5659,5257,5660,5256,5258,5577,5990,5989,5936,5020,6463
5256,5257,5465,4881,5020,5467,5258,5659,5577,4833,5255,5660
5577,5660,5258,5936,5576,6463,6072,5255,6079,5781,6644,5269
5465,5466,5658,5257,5469,5659,5256,5467,5990,5660,5258,4881
5256,5466,4881,5257,4833,5020,5465,4788,5258,6409,4790,4880
5457,5061,5471,5062,5304,5240,4804,6397,4858,5459,4890,5063
5457,6397,5240,5458,5062,5061,5238,4997,6585,6872,4858,4890
4946,5719,4709,4851,4948,4852,5705,5440,4040,4784,4850,5842
5719,5472,5705,4946,5440,5842,4948,4709,5707,5438,4852,4851
5536,5634,5283,5742,5635,5813,5918,4909,5633,4501,5636,5919
5474,5171,5637,4335,5283,5536,5634,5812,4501,5742,4909,5813
5131,5500,4942,4538,4511,5900,4477,4505,4492,4767,4478,4058
5315,5001,5480,5479,5478,5263,4960,5262,5529,5527,5274,5530
5530,5274,5529,5262,5945,5944,5275,6335,5163,5394,6198,5162
5529,5478,5967,5530,6335,5944,5274,5968,6301,5945,5262,6240
5479,5527,5315,5478,5529,5967,5530,5001,6335,5968,5274,5970
5482,6329,6260,5686,5685,5924,5610,5483,5871,5608,4848,6324
5924,5685,6260,5925,6324,5610,5686,5609,6252,6100,5608,6099
5924,5925,5482,6324,6099,6100,5685,7280,6252,6080,6260,6251
6205,6314,5410,5923,5483,5482,5481,5409,6775,5926,5924,4900
4930,6980,4805,5150,4807,4932,4806,4348,5511,4929,4970,3989
5437,5965,5487,6159,6161,5352,5439,6067,6160,6330,5436,6791
6159,6067,5439,6330,6161,6037,5821,6142,5712,6791,7555,5353
5267,5489,5185,5490,5265,5460,5704,5176,6892,5391,5175,5173
5490,5267,5704,6892,5598,5460,7537,5265,5185,5872,5597,6868
6892,5598,5460,5872,5597,5265,5461,6565,6868,5391,5491,5873
5493,5974,5392,5492,6150,5943,5389,5942,5941,5390,6396,5971
6396,5941,5368,5929,6014,5943,6117,5928,6015,5942,6053,6083
5492,5941,5943,6396,5942,6014,6117,6053,5929,5972,5368,5975
5495,5351,5350,6068,5200,5496,5198,5201,5841,5979,5333,5199
5350,5496,5201,5351,5198,5333,5200,6068,5744,5345,5110,5109
5333,5201,5744,5350,5335,5110,5198,8637,5345,5351,5200,5519
5249,5774,5773,5154,5248,6049,5155,5156,5247,5504,5412,4666
5499,5422,5423,5906,291,5424,5885,6359,5937,5346,285,5347
5885,5422,6359,5424,5883,6824,5346,5347,7202,5937,5884,6226
5900,4538,4477,4767,4299,4058,4478,4492,3938,4397,4353,4479
6102,5736,5494,5495,5737,5502,6607,5496,5350,5981,5351,6068
6102,5496,5948,5495,5744,5333,5517,5494,5350,5201,5854,5335
5718,5356,4956,4844,5065,5058,4934,4933,4798,4843,4554,5057
5247,5503,5357,5248,5356,4956,5718,4934,5067,5065,5156,4844
5506,5073,5115,5071,5810,4871,4875,5116,5072,5600,4872,4861
5115,5810,5073,5600,5116,5811,4875,5838,5603,4871,5129,4949
5784,5076,5785,5018,5077,5891,4429,5869,5032,4426,5892,4860
5785,5507,5869,5784,5636,5891,5076,5892,5982,6470,5018,5077
5469,5466,5468,5044,5256,6104,5465,5257,4881,5658,4950,4833
6120,5261,5734,5362,6122,5260,6119,6381,6246,6220,5124,5325
5125,5261,4808,5510,5260,5124,5362,6120,4664,4663,5259,6381
6121,5510,5415,5734,6120,5261,6123,5511,6122,6119,5362,5125
6009,6008,5588,5579,5303,6662,5581,6274,5778,5285,5582,6047
5754,5515,5221,5713,5301,5278,5516,5587,5135,5802,5513,5302
5516,5587,5301,5513,5278,5588,5589,5302,5803,6009,5135,5276
5513,5588,6009,5589,5302,6008,5581,5778,5579,5303,5801,6662
8637,5744,5768,5335,5518,5519,5333,5735,5496,5383,5110,5334
5519,5382,6181,5334,5286,6243,5444,4980,5110,5236,4982,5234
6181,5334,5382,5110,4980,4982,5444,6243,5644,5286,5345,4623
5204,5521,5735,5207,5383,4945,5167,5768,5286,5208,5205,5518
5383,5207,5286,5205,5382,5167,5518,5208,6243,5236,5287,6181
5524,5307,5218,5523,5548,5852,5547,5526,5525,7741,5807,6398
5852,5526,5807,5850,5808,5851,6398,5853,5806,6747,7741,6620
5523,5548,5852,5547,5526,6398,5807,7741,5850,6620,5853,6095
5809,5526,5808,5629,5523,5851,5807,5905,5626,5524,5852,5806
5808,5807,5851,5806,5852,5905,5850,5853,5920,5921,6113,6747
5967,5970,5968,5479,5529,6335,6301,6224,6456,5478,5530,5944
5527,5480,5966,5479,5970,5967,5477,5968,5529,5315,6091,5478
5530,6335,5944,5945,5274,6301,6240,6198,5262,5394,5275,6334
5274,5945,5944,6335,6198,5275,5394,6240,5395,5163,6237,6238
4822,4872,4874,4836,4837,4871,4861,4834,5027,4622,4835,4627
5615,5353,5158,6867,5712,6036,4958,5738,4957,5289,5022,5439
5534,5600,5603,5442,5535,5596,5607,5811,5594,5030,5810,5506
5603,5535,5596,5607,5594,4775,5811,4918,5031,5595,5755,5810
5596,4918,4775,5594,5595,4920,4776,4773,4866,5811,5755,4636
5742,5635,5918,5636,5633,5919,4909,6623,6470,5869,6050,5508
5573,5833,5550,5834,5835,5837,5549,5836,5865,5786,5996,6554
5539,5867,5151,5653,5147,5832,5987,5614,5717,5079,5652,5281
5653,5832,5717,5652,5281,5987,5745,5868,6741,5866,5078,5098
4578,4576,4668,4748,4575,4322,4614,4367,4669,4577,4574,4747
5542,5930,5795,5694,5793,5812,6012,5695,652,5796,4916,5637
5795,5793,5796,5930,650,5794,6012,649,5812,6020,5797,6051
6755,5545,5273,976,5064,5881,5546,5791,5544,964,8119,956
4868,4869,956,952,6185,5050,949,8119,4704,4705,944,4750
5881,5546,5273,8119,5544,5859,5064,5214,4869,5050,4750,964
5544,8119,4869,5050,4868,4750,956,6185,952,4751,4705,4597
7741,5548,6095,6398,6023,6621,5852,6225,6959,5880,5523,5850
7741,5852,6398,5523,5850,6095,6621,6959,6620,5807,5526,6747
7313,5630,5833,5865,6500,5835,7991,6554,6055,6557,5573,6056
5549,5833,5865,7313,5630,5835,5573,6554,6500,5454,7991,6557
5590,5552,5592,5554,6149,5805,6147,6060,6145,5435,6058,6146
5554,5590,5435,5805,6058,6149,5592,6371,6060,5605,6059,6209
5433,5552,5551,5430,5593,5554,5590,5435,5434,5592,6148,5805
6058,5805,6371,6059,6060,6209,6061,6149,5606,6207,6432,6197
490,5661,5798,489,5264,6040,487,5815,5799,5816,485,6039
5561,5563,5562,5558,5613,5583,6140,5584,5604,5614,6078,6183
5558,5556,5584,5562,5604,5146,5561,5583,5144,5563,5538,5613
5562,5583,5604,5538,5614,5867,5144,5613,5987,6140,5145,6078
5556,5557,5560,5558,5561,5563,4925,5562,5584,6184,5613,5583
5563,5556,6184,5561,6140,5557,5562,5613,5558,6183,6269,4925
5562,5613,6140,5558,5583,5614,6078,6141,6183,5604,5988,5867
5583,5613,5614,5604,6078,5867,5988,5987,6141,5538,6077,5985
5561,6140,5613,5562,6183,6141,5558,6078,5614,5583,6182,6579
5327,5565,5019,5282,6194,5568,5569,4720,5570,5669,5567,4951
5569,5282,5571,5567,5570,6232,6194,5189,5670,5696,5188,4951
5019,5564,5327,6194,5572,4718,4720,5282,5565,4551,5609,4951
5571,5696,5697,5569,6232,6018,5570,5863,5800,5860,5862,6019
5567,5565,5670,5571,5569,5696,5697,5861,5282,6232,5570,6002
5570,5571,6232,5189,5188,5800,6018,5696,4951,4687,5186,6610
5189,5188,6232,4687,5800,5186,6610,6018,5187,5696,4686,4350
6232,5696,6018,5570,5800,5697,5188,5969,5189,5863,6019,6610
5564,5568,5565,5327,5669,5567,5569,5282,5670,5571,6194,5019
5837,5835,5836,5996,5786,6263,5865,5997,6554,6262,6836,6261
5834,5537,5787,5573,5837,5786,5833,5788,5550,5835,5997,5836
6110,6454,5087,6449,5086,5651,6453,5998,5650,6111,5029,5340
6644,6072,5269,5702,5021,4732,5781,4734,4939,5703,4786,4787
5576,6072,5936,6644,5255,5781,5269,5702,6079,4732,5021,5703
6049,5412,5773,5497,5386,5504,5249,5388,5248,5774,5247,5387
5582,5413,5580,5578,6047,5414,5412,5772,5420,5388,6049,5497
5414,5413,5420,5388,5384,5412,5421,5582,5419,5578,5386,5358
5580,5579,5777,5420,5413,5414,6662,5582,6076,5421,5384,5412
5578,5772,5413,5412,5497,6049,5762,5773,5414,5249,5388,5386
5614,5867,5538,5987,5988,6078,5539,5832,5868,5985,5145,6077
5604,5144,5558,5538,5583,4839,5145,5562,5867,5539,5561,4838
5328,5617,5616,4968,6032,6042,6030,6144,6031,7306,4972,6121
5585,5617,5692,6042,5616,5213,7306,5328,6030,6032,6041,6407
5589,5516,5588,5301,5778,5513,5801,6009,5581,6065,6063,5302
6009,5581,5778,5579,6008,5777,5580,6063,6662,5413,5420,6076
5778,5801,5588,6065,6063,5581,5777,6009,5513,6066,6076,5580
6149,5805,5554,6060,6147,6209,6058,6195,6059,6196,6146,6416
5551,5593,5553,5552,6148,5592,5433,5590,5554,6459,6149,5430
6147,6149,6146,5590,6416,6060,6195,6583,6582,5805,7187,5554
6148,5551,5592,6145,5590,5552,6149,6147,6146,5433,6583,5554
5755,5595,5838,4775,5679,5318,4773,5129,5123,4776,4774,5645
4773,5318,4774,4776,5679,4636,5123,4912,4330,4329,4635,5645
5594,4775,5595,5755,4918,4773,4776,5318,5838,5679,4774,4636
5872,5873,5491,5974,5392,5461,6150,5973,5493,5492,5942,5391
6892,5597,6565,5872,5873,6655,5460,6893,5491,5973,5461,6945
5245,5246,5619,5627,5142,5525,5628,5809,5626,5629,5037,5218
5603,5810,5811,5534,5594,5838,5596,5115,5116,5755,5535,5595
6259,5441,5533,5602,5324,5442,5534,5600,5839,5603,5030,5607
5839,5600,5533,5875,5506,5603,5441,5810,5534,5811,5442,5505
5811,5594,5596,5535,5755,5595,5838,4775,4918,5679,4773,5116
5583,5538,5867,5614,5539,5145,5987,5832,5151,5988,5653,5868
5606,5922,6371,6171,6958,6432,6058,5646,5554,6061,6445,5741
6371,6171,6432,6958,6061,6058,6445,6028,6447,6446,5741,6207
5031,5535,4918,4920,5596,4775,5603,4866,4776,5594,5595,4921
5566,5564,5572,5327,5609,5019,5565,5568,6194,4719,5282,5669
5669,5572,5568,5564,5670,5565,6003,5567,5327,5571,6081,5569
5609,5572,5608,5564,6252,5568,5669,5566,5565,5327,6080,5670
5779,5674,5672,5788,5241,6268,5560,5225,6184,5786,5559,6269
5611,5242,5673,5779,5674,5788,5241,5672,5787,6268,5225,5786
6078,6141,5614,5583,5988,6077,6163,6182,7264,5987,5604,5867
5988,5987,6078,5867,6077,5985,5868,6127,5832,6163,6377,5539
6867,6036,5712,5158,5738,5289,4958,5288,6037,4957,4815,5022
6032,6031,6030,6029,6144,6123,6121,6245,6253,6041,6043,6363
6042,5616,6030,5328,6031,6041,6032,6029,6407,6043,4968,6144
5599,5245,5619,5628,5246,5627,5726,5626,5625,5724,5809,5142
5626,5627,5724,5629,5809,5625,5830,5525,5831,5808,5829,5905
5298,5621,5232,5575,5957,5087,5958,6110,5085,5233,6454,6449
5957,5575,5298,5958,6110,6449,5998,5087,5232,6454,6111,6000
5748,5857,105,5746,5716,5858,100,6725,92,6426,5749,5747
5470,5722,5471,5624,5457,5459,5305,5720,6397,5061,5750,5240
5305,5470,5061,5304,5898,5457,5471,4804,5396,5062,5240,5063
5831,5724,5725,5626,5829,5935,5934,5830,5933,6558,5629,6106
5724,5629,5830,5809,5831,5829,5905,5808,6558,6179,5725,5934
5809,5629,5626,5525,5808,5830,5724,5905,5526,5218,5851,5625
5619,5625,5626,5724,5627,5831,5723,5629,5725,5830,5829,5809
5905,5808,5830,5851,6179,5920,5526,6558,5829,5831,5921,5806
7313,6500,6055,5865,7991,6056,5789,6054,6557,6665,6554,5835
5771,7440,5770,5632,5854,5366,5735,5949,5517,5768,5520,5948
5520,5735,5521,5854,5017,5768,5204,5383,5517,5207,5518,5286
5508,5636,5869,5785,6470,5919,5507,5982,5784,5892,6623,4829
5536,5918,5635,5742,6623,5283,6050,5919,5636,6051,5633,6719
5919,5636,6623,6470,6719,5633,5869,6278,5982,6624,6471,5508
5919,6470,5869,5982,6719,6471,5785,5892,6624,6400,6278,5891
5634,5474,5813,5536,5918,5635,5283,6051,5742,6050,6623,5919
4088,3941,3956,3570,3874,4087,193,4151,196,185,4516,202
5311,5640,6088,5309,5310,6157,5431,5314,5783,5312,5192,6158
5314,5431,5312,5313,5783,5266,5870,5432,6158,5488,5268,5489
5642,5643,5739,5897,5741,5740,5446,5909,5910,6958,5932,5447
5741,5739,5740,6958,5910,6028,5897,5909,6027,6171,6025,5446
5897,5446,5739,5642,5447,5909,5932,5152,5740,5910,5741,5153
4624,5443,4983,5445,4592,4625,5373,4591,5235,4593,5476,4981
5122,4854,5123,4747,6097,4911,4855,4749,4912,4748,5318,5004
6958,5741,5642,5641,5740,6171,6028,5739,5606,5643,6445,5910
5646,5922,5605,6958,5338,5741,5642,5606,6171,5641,6028,5093
5341,7192,5649,6187,6803,5684,6865,5320,6189,6740,5509,5321
6865,5684,5509,6740,5468,6104,5322,5466,5469,5044,6103,5658
6803,5340,5341,5648,5320,5321,5649,5684,7192,5322,4919,5043
5648,5650,6112,5341,7192,6453,6803,5340,5649,6242,6187,5320
6741,5717,5098,5716,5622,5745,5748,110,114,5747,5746,5857
5652,5717,5281,6741,5832,5098,5745,5716,5622,5748,5866,5868
6007,6006,5655,5279,5220,6987,5514,5221,5134,5714,5754,4938
5514,5279,5714,5754,5515,5221,5713,6272,5278,5134,5301,5587
5677,5296,5676,5295,5709,5209,5947,5818,5631,5211,5946,7440
5451,5656,5675,5677,5296,5297,5676,5818,5709,5819,5209,5295
5659,5990,5465,7321,5989,5660,5467,5466,5257,6385,6463,6384
5660,5989,5467,6463,5936,5577,5257,6385,6401,5258,6079,6072
6463,5936,5577,6079,6401,6072,5258,5781,5576,6004,6402,6410
5798,5815,5264,5816,489,5799,6126,487,6190,6216,485,6125
6038,6040,6039,5661,5555,5816,6154,6125,5798,5815,492,490
6129,6304,5665,6305,6057,6350,6348,6759,6859,5789,6279,6280
5663,6501,5665,6129,5229,6304,6057,7899,5789,6350,6305,6348
6057,6129,5789,6350,6054,6279,6304,6348,6055,6305,6280,6664
5664,6501,5228,5911,5663,5665,7899,6304,5229,6129,5081,6547
5962,5360,5668,5006,5914,5753,4883,6341,6213,5915,4884,4882
6341,5915,5913,5753,4882,6340,5752,6796,6917,4655,6421,4827
5568,5670,6003,5567,5861,5565,6002,5697,5571,5696,5569,6001
5567,5861,5697,5696,5571,5862,5860,6001,5569,6018,5863,6232
5765,4712,5253,5764,5080,4716,5251,4703,5880,5083,5743,5254
6184,5560,6268,5563,6269,6140,6183,5559,5556,5997,5561,6579
5788,5611,5779,5787,5786,6268,5672,5674,5834,5997,5574,5837
5672,5225,5560,5779,5559,6184,6268,5563,5556,5224,5561,5557
5677,5819,5818,5656,5709,5451,5676,5828,5946,6044,5296,5947
5947,5631,5709,5295,5770,7440,5771,5946,5294,5211,5949,5854
5818,5709,5676,5947,5296,5946,5631,5295,5770,5828,5949,5209
4707,5114,4973,694,4745,4260,4708,693,4737,5112,686,4414
5123,5645,5318,5122,4912,4911,4854,4856,6097,4773,4330,4774
5683,6588,5681,6406,5372,5692,5586,6979,7306,5212,7307,5195
5586,5683,5212,5585,5692,5617,5213,6406,6042,5328,5616,7306
5680,5370,6087,5683,6588,5194,5681,5372,6587,6406,5586,5195
5692,5586,6406,7306,5617,6042,5212,6979,5585,7307,6407,6030
5509,5322,5044,5469,6865,4950,5466,5468,5256,4881,4833,6104
5610,5609,6324,6252,5669,5572,6080,6100,5608,5568,6003,5564
4848,5608,5610,5566,4849,5564,5572,5685,5609,5019,5327,4719
5371,5181,5760,5369,5180,5194,5045,5790,5195,5682,5370,5372
5984,5690,5939,6639,6672,5983,5940,5689,6425,6638,6673,6708
5940,336,329,5708,5804,323,5939,6425,318,5855,314,6639
5689,5940,5939,5349,5984,6425,5804,336,6639,329,5708,323
5688,5400,379,5899,5690,378,5984,5401,5069,5939,375,5983
6042,7306,5617,6407,6030,5585,6041,7307,5616,6440,6043,6029
5691,384,5398,5400,379,5688,378,5069,5899,5401,5690,5984
5930,5695,4916,5812,5637,5475,5795,5542,6012,5474,4336,5813
5637,5812,5475,5474,5634,5813,5536,6012,5171,5918,5283,5635
6018,5863,6232,6019,5860,5800,5969,6092,6089,6610,5188,6069
5696,5860,5862,5863,6018,6089,6234,6019,6108,6092,6232,6069
6802,6295,5733,4922,6480,6294,8259,4924,6293,5639,4888,6481
6484,6802,5698,6480,5239,6295,6481,6294,6293,5733,4923,6531
6626,5699,5250,6484,7215,5698,4998,6802,5239,6480,6481,6696
5612,5673,4977,5611,5242,5787,5788,5779,5000,5674,5786,6268
5703,4939,4732,4938,5780,4733,5220,4734,4657,4941,6007,5134
4938,5220,4939,6007,5134,4733,4941,5654,5279,5222,4657,5221
7537,5598,5490,6868,6892,5267,5597,6565,7148,5460,6893,5872
5440,5719,5707,5438,4948,5706,5352,4946,5437,5486,4852,5848
5844,5486,5965,5438,6084,6162,5437,6159,5440,5487,6160,6161
5706,5438,5486,5440,5844,5437,5352,5965,5487,4948,6084,6159
323,5804,318,314,6425,5855,308,5856,305,6455,6638,291
5947,5946,5770,5949,5631,6073,5771,5295,5854,5948,7440,5517
5715,5823,5822,5840,5202,5197,5196,5960,6048,5361,4893,4894
5710,5290,5288,5824,5823,5715,5822,5197,5015,6143,5196,5840
5738,6037,6036,6867,5288,5711,5821,6067,5289,5158,4958,5290
5802,5587,5515,5589,5803,5516,6062,5754,5301,5588,5801,5513
5713,5514,6272,5515,5802,5754,5587,6273,5516,5301,5803,5221
5840,5202,5361,5196,5960,5006,5667,4894,4893,6210,5961,5360
5747,5748,5746,5749,5877,5876,6426,5857,5879,5858,5878,6010
5745,6741,5716,5866,5747,5877,5748,5622,5746,5749,5879,5986
4844,5058,4798,4554,4843,4800,4933,4572,4553,4482,4467,4853
5440,4946,4948,4852,5438,4851,5352,5707,4947,4850,5437,5436
5721,6165,5459,7252,5458,5471,6397,6254,6872,6716,6584,6585
7252,6872,5458,6397,6584,6585,6716,5471,5700,5238,7837,5240
5459,5720,5471,5721,6397,5470,5458,6165,5457,5240,5624,7252
5625,5725,5935,5831,5724,7097,5933,5934,6167,5829,5626,7072
5831,5829,5830,5725,5629,6558,5934,5905,6106,6179,5935,5933
5831,5934,5933,5829,6167,6106,6105,6558,5830,6166,6564,6229
5625,5628,5723,5724,5619,6193,5725,5831,5626,5935,5245,6550
5977,5729,5954,5464,5978,5761,6292,5182,6435,5463,5687,5976
5182,5464,5462,5463,5727,5729,6292,5977,4863,5046,5179,5047
6292,5761,5978,5687,5463,5179,5760,5976,5046,5181,5371,6434
5731,5732,5623,5722,5624,5751,6151,5470,5471,5720,5750,5459
5722,5623,5732,5720,5471,5459,6164,5624,5470,5721,5751,6165
5624,5623,5470,5750,5305,5722,5471,5457,5061,5898,5757,5304
4924,5639,8259,5311,6294,4891,5309,6088,6157,5191,5640,5310
6120,6122,6119,6246,6706,5362,6245,5261,6220,6248,6840,6247
5768,5383,5521,5518,8637,5204,5286,5382,5207,5519,5744,6181
5737,6607,5494,5981,6102,6068,6135,5495,5351,5350,5979,5502
5981,6068,5494,5351,5979,5495,5350,5841,5200,5980,5198,6136
5288,5711,5821,5289,5290,5015,5710,5824,6142,4958,5197,5823
5897,5909,5740,5910,5932,6026,6025,5447,6027,5931,6028,6156
5910,6028,6027,6025,5909,6026,6448,6445,6169,6156,6270,5932
5740,6028,5739,5910,6027,6445,6448,6025,5909,6432,5897,6026
5636,5633,5635,5919,5869,6470,5508,6623,6719,5982,5785,4910
5912,5254,6017,5251,5666,5911,6650,5252,6761,5083,6501,5664
5333,5335,8637,5519,5110,5201,5768,5518,5334,5350,5345,6181
5877,5747,5716,5879,6317,5876,5749,5746,5748,5907,5622,6826
6426,5749,5858,6010,6319,5876,92,5878,86,6725,100,6011
5876,5879,5749,5746,5907,5878,6426,6485,6010,5908,5858,6486
5746,5857,5858,6426,5749,6725,100,92,5747,6319,86,6010
5876,6426,6010,5878,5907,6319,6011,5908,6320,6427,86,6485
5898,5305,5624,5304,5396,5342,5470,6767,5061,5063,4804,5190
5750,5732,5624,5305,5757,5623,5898,5470,5304,5344,5061,5342
4655,676,677,675,679,682,685,680,687,4631,681,690
6341,4882,4827,4796,4655,5913,5752,4828,4795,5915,4631,682
5278,5301,5515,5135,5516,5302,5276,5513,5587,5222,5277,5588
5679,5595,5318,5123,4773,5645,4912,4774,5122,4330,4911,4776
5757,5751,5750,5344,5898,5624,5732,5342,5305,5108,6767,5304
5750,5342,5898,6767,5108,5343,5396,5305,5624,5304,5417,5825
5732,5751,5730,5624,5756,5623,5750,5731,5470,5305,5757,5199
5756,5751,5758,5750,5199,5732,5757,5624,5730,5344,5898,5305
5369,5371,5790,5194,5682,5181,5370,6086,5180,5372,5680,5195
5760,5687,5976,5790,5371,5179,5369,5181,6679,5046,5194,5682
5426,5497,5774,5772,5427,5249,5901,5155,5154,5578,5773,4700
4678,4444,4443,4462,5010,4147,4274,4197,4275,5011,4148,5012
5743,5251,5254,5912,5252,5083,6017,5666,6652,5080,5082,5911
5764,5880,5253,5743,5251,6795,4712,5254,6621,5083,5080,6652
5407,5411,6206,5408,4899,6204,4985,6316,5484,4547,4898,6205
5647,5605,5922,5337,5646,5606,6958,5435,6171,6371,5338,5741
8637,5518,5383,5519,5382,5521,5335,6181,5286,5334,5333,6243
5480,5477,5528,5479,5315,5527,5001,5478,5966,5967,5529,5970
5854,5771,5948,5517,5768,5735,5744,5632,5502,8637,5496,5366
5854,5632,5735,5768,5517,5520,5383,5948,5521,8637,5518,5744
5497,5578,5773,5249,5774,6049,5412,5426,5248,5154,5504,5386
5249,5248,5504,5247,5154,5386,5156,5503,4934,5357,4956,5387
5249,5154,5155,5248,5773,4666,5156,5425,4640,5247,5040,6049
5591,5553,5776,5593,5429,5551,5433,6460,5552,5430,6148,5590
5591,6460,5593,5551,6148,5553,6459,5592,5552,6145,5429,5433
5420,5421,5580,5414,5419,6075,5384,5579,5894,5413,5895,5388
5777,5581,6063,6076,5580,6009,5420,5421,7043,5579,5414,6075
5672,6268,6184,5786,5560,6269,5997,5225,5563,6183,5559,6140
6007,5220,5703,5654,5279,4938,6006,5134,5655,4939,5221,4941
5703,5702,5780,5220,4939,6007,4938,4732,5654,6496,5134,4733
6132,5432,6130,5704,7537,6357,5489,5313,6356,6868,7148,5598
5431,5432,5782,5313,5704,5314,5489,6132,6130,7537,5312,5266
5891,5077,5032,5892,4429,7786,4860,5893,5033,5982,4428,5766
5784,5891,5892,5076,5077,5982,7786,5032,6400,5890,5893,4429
5997,5837,6268,5996,6269,6836,5836,5672,6579,6184,6262,6408
5834,5786,5788,5837,5997,5779,6268,5573,5611,5537,5996,5672
5786,5779,6268,5997,5672,6269,5837,5674,6184,5996,6836,5560
6054,6055,6057,6056,6279,6500,6664,6350,6129,7313,6280,7991
5682,6086,5369,6087,5370,5680,5371,6586,5194,5372,6588,5683
5881,5859,5214,5545,8119,5170,5546,4630,4629,4750,5273,5050
5791,5450,6779,5214,5881,5545,5859,5170,5543,8119,5449,4629
5794,5796,5795,649,5797,6012,647,6020,5930,644,6051,5812
5796,5797,647,644,6020,6022,6021,6012,643,6051,6174,6175
6012,5796,5812,5794,6020,6051,5813,5797,649,5695,5637,647
6020,5797,6012,6051,647,6021,644,6022,5813,6175,6050,643
644,6022,6021,6020,643,6174,6175,6051,641,6176,6332,6200
5264,489,5799,487,5815,485,6190,483,6126,6216,6244,476
485,6190,483,6244,476,6216,6386,6428,471,6439,6430,6431
6610,5969,5186,5528,6019,5769,5966,4686,5480,6092,5187,5527
6065,6063,5778,6066,6076,5588,5777,7043,7801,5581,5421,6075
5803,6062,5587,5589,5801,5515,5516,5588,6065,6064,5778,6063
5801,5589,5587,6065,5778,6063,5588,6066,5516,5777,5581,6138
318,323,5855,314,5856,308,6638,6455,305,6318,5498,5906
6209,6060,6059,6061,6197,6196,6371,6207,6208,6195,6446,6432
6113,5853,5921,6034,5920,6747,6114,6548,6033,6549,6620,6035
5853,5806,5850,5851,6747,6113,6398,6620,5921,6114,5905,5920
5851,5905,5807,5806,5920,5830,5921,6179,5853,6113,5852,6558
5808,5629,5526,5905,5851,5830,5523,5807,5724,5920,5806,6179
5811,5116,5838,5603,5129,5594,5755,4875,4949,5679,5596,5645
5594,5838,5755,5596,5679,5595,5116,5129,5318,4775,5645,5123
5637,5813,6012,5634,6051,5918,5474,6050,5536,5796,6020,5635
5918,6051,5634,6050,6623,5635,6020,5536,6175,5919,6278,5742
3994,4157,3980,4141,3993,3981,4224,3979,3826,4010,3896,3898
6126,5799,6190,6216,5264,6124,487,6244,6439,6386,485,483
6126,6124,5815,6216,6439,7386,8250,5798,6190,5799,6430,5264
5657,5675,5452,5677,5451,5656,5819,5818,5296,5827,5297,5676
5709,5946,5828,5947,5676,5949,6073,5770,6046,5631,6045,5948
5818,6044,5828,5677,6118,6046,5946,5709,6283,5656,6073,6045
5817,5826,5675,5819,5657,5827,5818,5677,6044,5656,5452,6336
6142,5824,5711,5710,7555,6143,5822,5290,5288,5715,6792,5823
5840,5715,6048,5960,5823,5361,5961,5202,5667,6210,5196,5006
5196,5715,5202,5840,4893,4894,5183,5361,5006,5960,4681,4682
5710,5822,6143,5715,6048,5840,5290,5823,5960,6312,5202,5961
5190,4722,4568,4567,4781,5063,4723,4566,4513,4721,4804,4783
5827,5819,6336,5675,6044,5817,6118,6967,5818,5828,5657,6283
6118,6044,5819,6283,6046,5828,6307,5675,5818,6101,6281,5946
6046,5946,6073,6045,5949,5709,6101,5502,5770,5948,5947,5501
6558,5934,6106,6179,6177,5933,6105,5905,7511,6178,5920,6035
6558,5829,5905,6179,5920,6177,6106,5934,5851,6035,5921,6178
5829,5934,5830,6558,5933,6106,6105,6179,6177,6167,5905,7511
5868,5866,5717,5745,5986,5877,5652,5985,5716,5747,6741,6317
5835,5573,5865,7313,6554,5836,6263,5630,5837,6557,7991,6500
5837,5786,5573,5997,5788,5996,5836,5833,6268,5835,6836,6269
6554,6263,5836,5865,6557,6438,6261,5996,6262,7991,6437,6555
6263,6262,6261,6554,6836,6408,6438,6437,6557,6436,6579,6895
5996,5997,5836,6836,6262,5835,6268,6269,6263,6408,6579,6261
5129,5679,5755,5645,4949,5123,5595,5318,5122,4856,4854,4912
5506,5600,5810,5505,5533,5115,5603,5811,5073,5116,5534,5838
5361,5960,5202,5667,5006,6210,5196,5360,5962,4894,5963,4883
5759,5199,5756,5200,5751,5757,5758,5344,5109,5198,5750,5732
5843,5707,5705,5706,5438,5848,5440,5719,5486,5844,5437,5847
5848,5706,5707,5844,5847,5705,6084,5486,5438,6162,6082,5965
5965,6162,5486,6160,6161,6159,6576,5487,5437,7303,7234,6791
5847,5848,5843,6085,6084,6082,5706,5842,5844,5707,6222,6487
5842,5843,6013,5845,5707,5848,5706,5705,5473,5847,6052,5844
6082,6084,5848,6487,5844,6266,6162,5706,6576,6488,5707,5965
6084,5706,5844,6162,6082,5707,6487,5965,5486,6160,6576,5438
4999,6070,4962,4979,5574,5864,5000,5537,4901,4964,4977,5550
6747,6620,5853,6959,5806,6651,6114,6650,6113,6652,6548,6738
5806,5920,5921,6113,5853,6179,6034,5850,6035,6033,6747,6114
5850,6398,5807,6620,5853,6747,6959,5806,6621,5851,6651,6650
6747,6113,6114,6620,6651,6548,5921,6034,6737,6650,6738,6549
5517,5768,5735,8637,5744,5383,5518,5335,5519,5520,5521,5333
5856,6455,314,6318,308,5498,5906,305,6828,6358,7431,5499
308,6455,5498,305,5906,5423,291,5499,5422,6358,285,6359
100,6725,5858,92,5746,6426,86,6319,5749,6010,79,5747
92,6426,86,6319,5749,6010,79,6427,6011,5878,5876,77
4630,8119,4629,4750,4599,5546,4598,5050,4751,4628,4765,4417
6089,5863,6234,6069,6780,6092,6019,6093,6235,6018,6090,6091
5697,5862,6001,5860,6108,5567,5696,6234,5863,6089,6782,5571
5860,6108,6234,6089,6780,5863,8200,5696,6235,6069,6093,6939
6019,6092,6089,6069,5969,5966,6091,5800,6093,6090,5970,6235
5550,5537,5833,5549,5574,5573,5455,5835,5865,5834,7313,5630
6554,6557,7991,6500,6263,6438,6555,5836,6665,6056,6261,6437
5877,5986,5745,6317,6826,5879,5747,5716,8170,5876,6485,6695
5987,5539,5832,5868,5988,5653,5985,5717,5151,5866,5745,5986
5866,5986,5745,5877,6826,6128,6317,5717,8170,5879,5747,6376
5785,5982,6470,5892,5891,5784,6400,6471,7786,5890,6751,5077
5312,5268,5136,5266,5314,5139,5052,5185,5488,5313,5431,5140
5686,4848,4771,4849,5608,6260,5566,4670,5610,4719,4672,5019
5461,5491,5392,5390,5873,5493,5492,5974,5389,6150,5174,5177
6150,5974,5491,5493,5942,5971,5943,5392,6654,5492,5975,5941
5875,5839,5506,5602,5505,5600,5810,5393,5115,5073,5533,5071
5506,5505,5839,5393,5115,5810,5073,5600,5071,5116,4875,4871
5907,5878,5908,6010,6485,6426,6486,6320,6011,7081,6319,6695
5879,5747,6317,5876,6485,5907,5749,8170,6695,5878,5746,6486
6010,5908,6320,6011,7081,6486,6319,7082,6427,6777,6667,6692
5876,5907,6485,5878,5749,6486,6695,5908,6694,6010,7081,6426
6795,5743,5764,6652,6959,6017,5254,5253,5912,5251,6650,6620
8119,5859,5546,4750,4630,5050,5544,4869,4629,4599,4751,5064
5938,6289,5359,6071,5066,5358,5453,6096,5067,5452,5068,5387
6214,6226,5884,5993,6215,6462,5363,6461,5927,5994,5365,5889
5363,6214,5365,6215,5927,5364,5993,6226,5291,5886,5888,5994
6824,5883,5424,6226,5884,6214,6461,5347,6462,5993,5363,6805
5618,5726,5628,5619,5245,5599,5887,5625,5723,5626,5724,5627
5723,6192,5726,6193,5625,6550,6551,5935,5725,5628,7097,5831
5726,5886,5887,6249,5723,5628,5625,6192,5618,6193,5619,6287
5888,6249,5887,6192,5726,5886,6287,5723,6193,6551,6550,5625
5766,6399,6206,5893,5407,6316,5411,6204,6539,6567,5408,5033
7786,5032,5077,5893,5890,4860,5766,5033,6400,5411,5407,4545
7786,5891,6400,5890,5766,5032,5893,6751,6399,5077,6206,5411
5411,5766,5033,5407,4899,4547,6206,4545,4985,5408,4898,6204
5895,6908,6909,5419,5882,5385,6289,6288,7242,5384,5938,5359
5882,6908,5385,6289,5359,5938,6288,5358,6071,5066,5453,5388
4743,5152,5446,4744,5447,4496,5153,5643,5897,5126,4497,4992
5932,5447,5909,5456,5910,5931,5153,6026,5740,5271,6025,7248
5396,6767,5304,5305,5825,5190,5063,5417,4804,5061,5470,4722
5984,5983,6672,5688,6639,6673,5939,6191,5690,6708,7245,6638
4477,4299,4538,4058,4353,3938,4300,4478,3907,4492,3877,4479
5425,5155,5774,4640,4357,5154,4431,4666,5497,5249,4642,5156
5955,5903,5378,6343,5954,5727,5381,6239,5977,6435,5379,6346
5954,5727,6343,5977,5381,5729,6435,5978,5464,5728,6346,5761
6225,5765,5671,5880,6095,5253,4714,5764,4712,6621,6795,5743
5920,6179,5851,5921,6558,5806,6035,6177,6113,6033,6034,6106
5499,6359,5885,6938,5422,5423,6824,5424,7202,291,5883,5346
5908,6486,5878,7081,6694,6320,6010,6692,7082,6011,6693,7584
7081,6320,7082,6692,6011,7584,6667,6777,6693,7996,7585,6427
5932,6026,5931,6025,5456,6156,7248,6154,6027,5662,6169,5272
6025,5909,6026,6027,6156,5931,6169,5932,6154,6448,6270,6155
7899,6501,6547,6758,5664,6304,6759,5663,6760,6757,5228,6859
5666,5911,6501,5252,6761,5664,7899,6547,5228,5663,6758,5082
6796,6340,5752,679,685,4655,676,687,6421,675,677,690
5915,5668,6354,6917,5913,6341,6340,6352,5753,6421,6796,6422
6340,5913,6917,6796,6421,6341,687,5752,685,6422,690,679
5306,4730,6231,5219,5307,5917,6094,4729,5547,5522,5037,5548
6094,6023,5402,5547,6095,5904,6225,5307,7741,5403,5405,5548
6623,6050,5635,5919,6278,6719,5742,5636,6175,6470,6624,6199
6470,6719,6471,6624,5982,6278,5869,6611,6400,6275,5892,6751
5921,6035,6033,6034,6177,6113,6178,6180,7044,5853,6549,6548
6034,6113,6033,6035,6548,6549,7109,6180,6114,7044,6178,6737
6958,6171,5606,5646,5741,6028,6371,6432,6445,5642,5740,6061
5926,5483,6314,6098,5925,5924,6099,5482,7280,6100,6324,6743
6324,5685,6100,6252,6099,6080,6260,5609,5610,6251,5669,6003
6100,5924,6099,6324,6080,6251,5685,6271,6252,6081,6744,5609
6099,5925,7280,5483,6100,6271,5924,6324,6251,6542,5482,6080
5888,5886,5889,5726,5887,5618,6249,5628,6250,5244,5723,5625
5367,5929,6015,6013,5099,5473,6014,5846,5842,4845,5472,5705
6015,6014,5846,5367,6013,6083,5842,6117,5473,5843,5099,5845
5812,5795,6012,5695,5637,5813,5796,6051,5634,5474,5475,6020
7248,6154,5662,6156,6039,5272,6040,6155,6038,6125,6169,6153
5456,5931,6026,7248,5662,5272,5271,6154,6025,5126,6156,5270
5934,6105,6166,6106,6229,6227,6653,7511,6230,6558,6228,6177
6106,6105,6558,7511,6177,6166,6653,6179,6227,6178,6229,6712
5725,6167,5933,5934,5831,6564,6229,6563,6166,6105,5829,6106
6072,6079,5781,5576,6644,5702,5780,6004,5703,5269,6402,4732
5346,5292,277,5422,5293,274,5347,5424,5096,269,5095,5365
5453,6071,5066,5452,5068,5297,6024,5067,5057,5451,5059,5065
6425,6639,5940,6638,5804,5855,6708,323,318,5708,329,6828
5804,6425,5708,323,329,318,5855,314,6638,5856,308,6455
6117,6014,6053,6083,5929,5972,5846,5845,6015,6052,5928,6221
5943,5972,5975,6053,6267,5941,6221,6721,6117,6052,6264,7212
5941,6053,5972,6117,6014,6396,6221,6052,6083,6267,5845,5929
6198,5945,6240,5394,6237,6333,6238,5275,6334,5395,5902,6345
5394,6198,5275,5395,6238,5902,6240,5380,6237,5165,5955,6239
5949,6073,5770,5947,5948,6045,5502,5631,5854,5517,5771,5744
5631,5770,5771,5949,7440,5854,5948,5632,5294,6073,5517,5735
5517,5744,5854,5496,8637,5333,5768,5335,5495,5201,5519,5735
5948,5770,5502,5854,5517,5744,5771,5496,6102,8637,5768,5333
684,688,683,4631,681,680,686,682,673,672,4655,4581
4826,5950,4795,688,691,684,4745,683,4631,693,681,4796
5817,6024,5820,5953,5657,5675,5826,5452,5819,5451,5677,5656
5826,5820,6172,5817,5827,5819,6966,5675,6336,6024,5657,6044
5977,6435,5978,5729,6434,6678,5761,5976,5464,6292,6591,6643
6343,5903,5954,6435,5727,6346,5977,5978,5381,6678,6344,5729
5958,5999,5621,5957,5620,6000,5998,6203,5298,5575,6449,5300
6449,6110,5575,5998,6111,5651,6454,6202,5087,6112,5650,5648
5998,5957,6000,6449,6111,6110,6202,5575,6201,6989,5651,6112
5620,5621,5956,5958,5298,5300,5957,5575,5999,5232,5998,5299
6210,5667,5361,5962,5963,5202,5360,5006,5914,5668,6211,6213
6210,5960,5963,5667,6211,5962,6311,5840,6213,5361,5914,6355
5914,5668,5360,6213,5915,6341,5753,5913,6354,4883,4882,6917
6213,5962,5914,5667,6355,6354,5668,5915,5360,6353,6917,6352
5203,5402,5403,5917,5406,5405,6023,5904,5404,6094,6231,6225
6161,6160,6159,7303,5487,6791,6330,7234,6067,9183,7116,7153
5970,5527,6091,5968,6224,5967,5480,6090,5479,6223,6456,6301
6335,5529,6301,5944,5530,6240,6456,5478,6334,5945,6198,5274
6301,5967,6456,6335,6334,5529,6310,6240,6889,5944,6890,6333
5528,5966,6092,5527,5769,5970,5480,6091,6069,5479,4686,5968
5968,6224,5967,6456,6301,6223,6310,6335,5479,6334,5529,6889
6722,5942,5975,5972,6721,5943,6267,5493,7212,6053,6221,6953
6053,6221,6267,6052,6117,6264,6085,6222,5845,7212,5847,6083
6150,5971,5873,6654,5974,5942,6722,5975,5491,5943,5493,6954
5493,5942,5943,5971,5941,5492,5972,5975,6053,6396,6117,5389
6267,5972,6721,6221,5943,7212,6264,6053,6953,6052,6337,6222
5790,5760,6679,6086,5369,5682,5687,5371,6907,6087,6586,5370
5729,5978,5761,6292,5976,6434,5687,5760,6678,5790,5463,5179
5976,6434,5761,5760,6679,5790,6292,6643,5687,6086,5369,6907
5980,6116,5841,5759,5758,5351,6372,6115,5756,5200,5751,5199
5759,5758,5841,5756,5751,6115,5732,5199,5730,5750,5200,5757
6068,5979,5351,5494,5841,5980,6136,6116,5200,5759,5350,5495
6400,5892,6471,6751,5890,7786,6611,5891,6399,6567,5766,6275
6672,6673,6191,5984,6707,6639,6708,6800,7245,5939,6799,6797
6639,6672,5939,6708,6673,6638,6425,5940,7245,5689,5804,6828
5868,5986,6128,6826,5866,6133,6376,6317,6299,8170,5877,5745
6826,6317,8170,5877,6376,5745,5879,6695,6299,6485,5747,7299
5868,5985,5832,5986,5866,6127,6128,5745,5717,6826,6377,5877
6077,5985,6127,5987,5868,6377,6128,5986,6133,5832,6826,5866
6463,5660,6401,5936,6410,6079,5467,6402,6004,5577,5781,6494
5989,5659,6385,5660,6463,6401,6411,5467,6410,5936,6079,6402
7321,5990,5658,6384,5659,6385,5989,5468,5465,6411,5660,6410
5441,5601,5324,5442,6259,5323,5533,5030,5088,5534,5602,5607
5927,5994,5889,5888,6249,5886,6250,5887,5726,5364,6192,6287
5889,6250,6249,5888,5927,5887,6287,6284,6192,5726,5886,6551
4925,5146,4842,5584,4839,5557,5144,4452,4403,5558,5559,4838
6836,5836,6262,6408,6579,6269,6261,6263,6723,6436,6554,6183
6836,5996,6269,6579,6262,6408,5836,6183,6184,6182,6723,6261
6449,6111,6202,6110,6112,5651,6201,6241,6242,6454,5648,7192
6203,5958,6000,5998,6989,5621,5957,6201,6202,6449,6111,7223
5998,6201,6202,6111,6241,5957,6449,6720,6466,6112,6242,6110
6108,5862,8200,5860,6234,6780,5697,6781,6089,7241,7276,6235
5861,6001,5862,5670,5697,6108,6782,5860,5567,6234,8200,5696
6002,5670,5861,5568,6107,5697,6001,5567,5862,5696,5860,6109
6496,5780,5654,6007,6006,5781,6005,5220,5703,5655,5279,6987
6006,7494,6987,6988,5655,5654,7027,5714,5514,6007,6948,6272
5655,6987,6007,5714,5514,5279,6988,5754,5220,6272,5221,5515
5220,5279,5134,5655,5221,4938,5514,5754,5135,5222,4941,5278
6662,6274,5579,6047,5582,5316,5581,5772,5413,5762,5580,5578
5579,5581,6008,6662,5580,5582,6274,5413,5777,6047,5414,5578
6011,6319,6320,6427,5908,6777,79,77,6667,7081,7082,6668
6427,6777,6320,79,77,6667,6668,75,7082,7081,70,6891
6051,5813,6020,5637,6050,5918,6175,5797,5634,6021,6623,5474
5842,5473,5705,5719,5707,5472,5440,5843,5438,5706,4946,4948
5846,6083,6117,6015,5845,5842,5843,6053,6013,5367,6052,5848
6013,5846,5842,6083,5473,5843,5705,5707,5845,5719,5706,5472
5243,5339,4634,5337,5094,5647,5338,5193,5418,5767,4762,5093
5912,6761,5911,5254,6758,5666,6547,6501,6738,7899,5252,6760
5800,6019,5969,5863,6610,6092,5966,5528,5186,6089,6069,5769
6092,5969,5966,6069,5528,6091,5970,6610,5527,6090,6224,5769
6051,6021,6175,6050,6022,6176,644,643,6174,5918,6199,6278
643,6174,6176,6175,641,6200,6332,6199,6277,6050,640,6331
643,6021,641,6174,6332,640,6176,6200,6175,6331,638,6424
6225,5904,6095,5765,5880,7741,5405,6621,5671,5548,6795,5764
5817,5452,5657,5451,5820,5453,5675,5656,5297,5677,5296,5826
6156,6026,6169,6155,6270,6154,6604,5931,6168,6170,6153,7077
6156,5931,6154,6169,6155,7248,6039,6153,5662,6125,6168,6270
6025,6270,6169,6156,6604,6026,7609,6155,7077,6168,6603,6154
6445,6027,6448,5910,6270,6025,6447,6169,7609,6604,6446,6026
6253,6363,6245,6361,6322,6248,6321,6123,6379,6365,6362,6119
6029,6031,6043,6253,6363,6032,6245,6361,6389,6123,6322,6248
6245,6029,6253,6123,6248,6363,6121,6119,6322,6706,5734,6247
6123,6121,6031,6245,5734,5512,6119,6029,6253,6248,6706,5510
7109,6180,6549,7044,6548,6849,6851,6709,6850,6737,6559,7108
6033,6549,6548,7109,6850,6737,6180,6851,6849,7044,6918,6738
6033,7044,6178,6180,6034,7109,6559,6709,6549,7511,6849,6548
5738,5289,5288,4958,5711,5015,4815,5290,5821,4814,5197,4813
5821,5738,5711,6142,6036,5824,5288,5710,5290,7555,5289,6867
5661,5555,6040,5798,490,6039,492,5815,5816,5264,489,5799
6125,6040,5816,6124,6153,6126,5661,7386,5815,6439,6170,6216
5661,5816,5815,6125,6126,5798,6124,5264,5799,6216,490,6190
6043,6030,6389,6029,6361,6363,6718,6031,6253,6390,6365,6321
6030,6041,6407,6043,5616,6029,6440,6031,6389,6363,6361,6253
6029,6361,6363,6389,6253,6321,6031,6365,6322,6390,6245,6360
6046,5828,6283,6101,5818,6045,5946,6073,6281,6393,5501,5709
6073,5502,5501,6102,5949,5495,5496,5948,5736,5494,5744,5737
6101,6045,6073,5501,6393,5946,5502,6102,5949,5736,6282,5709
5762,5772,5582,5497,5578,5426,5774,5249,5773,5413,5427,6049
5961,5960,6210,5840,6212,5667,5715,5963,5361,5962,6311,6211
5504,5386,5773,5357,5247,5387,5249,5503,5248,5356,5358,5154
6623,6175,6278,5635,6719,6199,5919,6176,6624,6275,6470,5636
6050,6175,5918,6021,6623,6278,6176,6199,5635,5919,6022,6719
5847,5845,6085,6082,6222,5848,6084,5843,6266,6487,6265,5844
6117,6052,5845,6221,6083,5847,6085,5846,6222,5843,5848,6264
6664,6279,6056,6350,6663,6351,6818,6665,6280,7991,6348,6680
6500,6056,6054,7313,7991,6664,6057,6665,6279,6663,5865,6557
6665,6664,6663,6818,6279,8352,6555,6557,6351,6817,6680,7121
6350,6279,6054,6280,6348,6664,6056,6351,6305,6349,6818,6347
6371,5805,6061,6059,6209,6207,6432,6060,6446,6208,6197,6171
6207,6208,6197,6446,6714,6196,6713,6640,6447,6933,7185,7078
6209,6195,6196,6197,6059,6208,6640,6580,6581,6207,6061,6713
6207,6432,6059,6446,6208,6447,6445,6714,6197,6933,6713,6448
5803,6064,5801,6065,5589,6066,5587,6063,6138,5778,7801,5588
6076,7043,5777,5421,6075,6602,5581,5420,6306,5580,5894,5419
6065,6138,6066,5801,5803,7801,6063,6606,6605,7043,5589,5778
6066,6063,7043,7801,5778,6076,5777,6606,6306,6075,6602,5421
7801,7043,6063,6076,6306,6602,6075,5778,5777,5421,7296,7042
5821,6142,6330,6037,7555,5824,5711,6791,5738,6143,6792,5710
5351,5841,5979,5200,5980,5350,5199,5759,5198,5756,6116,5109
6092,6090,6091,6093,6223,5966,5970,6224,6236,6233,6538,6310
5537,5864,5574,5000,5550,4964,5573,5833,5834,5787,5549,5837
6024,5452,5453,5952,5817,5657,5451,5297,5066,5068,5656,5820
6644,5781,5702,5269,5703,4732,4939,5780,4734,4938,6004,5220
5949,5502,5948,6102,5770,5496,5501,5744,5517,5495,5854,5333
4801,4799,5210,4553,4571,5017,5294,4552,5366,4573,4467,4945
5894,5421,7042,5419,6909,5895,6908,5420,7242,5385,5882,5384
5421,6075,5777,5420,6602,5894,5419,7042,5895,5580,5384,7296
6377,6127,5985,6133,6258,6128,5987,6299,5868,5986,6303,6826
6077,5988,6163,6377,6127,5985,5987,6302,6133,6258,6128,5867
6004,5781,5780,6072,6496,5703,5654,6007,5702,5220,6464,6644
6081,6252,6003,6744,5669,6002,5609,5670,6107,5861,6473,5568
6002,6003,6107,5861,6001,6109,5669,5670,5862,6782,5697,6108
6487,6084,6266,6162,6488,6576,6489,5844,7153,6160,5706,7105
5846,5845,5843,5842,5848,6052,5847,5706,5707,6013,6084,5844
6162,6487,5844,6576,5965,6160,6488,5486,7234,7153,6161,6489
6082,5847,6266,6084,6487,5848,6490,6489,6488,6162,6576,5843
6087,5682,6586,5680,6587,5369,6588,5370,6641,5683,6979,5194
5680,6588,6587,5683,6979,5370,6406,6814,5681,5692,5372,7307
5783,5431,6158,5640,5314,5432,5782,5313,5310,6131,5312,5489
6069,6093,6092,6235,6090,6091,6019,6233,5966,6223,6236,5970
6223,6091,6236,6538,6224,6310,5970,6942,6537,6536,7091,6456
5970,6224,6223,5968,6310,6456,6538,5527,6236,5967,6301,6889
6091,5966,5970,6090,6224,6093,6223,5528,5527,5968,6310,6236
6090,6233,6236,6223,6091,6942,6538,6537,6940,6224,6310,6536
5547,6023,6095,7741,6225,5548,5904,6621,5880,6398,5524,5765
7741,6225,6621,5880,6398,6795,6959,5765,6652,5743,5764,6620
5952,6024,6071,7243,5817,5452,5820,5938,5657,5453,5953,5451
4855,5004,5003,5097,4084,4736,4086,4320,4746,4361,4346,4062
7280,5926,6743,6099,6542,6271,5925,7689,5483,7281,6100,6251
6100,6271,6251,6324,6080,6542,6541,6744,6081,6252,6473,7004
6080,6324,6251,6252,6081,6744,6003,6541,5669,6002,6473,5609
6393,5501,6045,5736,6282,6102,6073,5502,5494,6607,5737,5495
5495,5496,5494,5350,5737,5948,5201,5333,5351,5744,5198,6068
6104,5991,5658,6323,5990,5468,7321,5659,5465,6384,7930,5509
5658,5468,5465,5991,5659,5466,5990,7321,5467,5257,6323,5469
6653,6227,7511,6712,6177,6228,7150,6178,7151,6559,6230,6710
6177,7511,6105,6178,6653,6712,6035,6559,6227,7044,6166,5920
6001,6002,6782,5861,6108,5862,7000,8200,6781,7241,5670,6780
8200,6780,6234,5860,6939,6235,7276,6089,6093,7427,6233,5863
6107,6782,7000,6001,7241,6002,6781,6108,8200,7205,5861,5862
6449,6454,5651,6111,5650,6453,5086,6112,5648,5340,6202,6803
6112,5651,5648,6242,7192,6241,5650,6187,6467,5341,5649,6450
7192,6242,5648,6187,6189,6467,5649,5650,5341,6450,6740,6865
6034,6548,6114,6549,6033,6737,6850,6651,7109,6738,6035,6851
6737,6548,6738,6034,6850,6549,6918,6758,6761,6760,6033,6851
5730,5758,6152,5732,5731,5759,5751,5623,6151,5624,5722,5756
5980,6115,5758,5759,5730,5732,5751,6152,5841,5756,5731,5624
6083,5845,5846,6052,5843,5847,6015,5848,6221,5842,6085,5706
6283,6044,6307,6046,6281,6101,6309,5828,6393,6308,6045,5818
6706,6246,6122,6248,6247,6840,6414,6379,6378,6220,5362,6380
6122,5362,6246,6220,6119,5260,5325,6381,6706,6414,6840,5428
6123,5734,6119,5510,6245,6120,6122,6706,6246,6248,5261,6253
6246,6220,5362,6706,6414,6840,5325,6412,7931,6247,6381,5428
6245,6119,5734,6248,6706,6253,6122,6246,6120,6247,5510,6840
6126,6439,8250,6216,6660,6661,6430,7579,6386,6190,7194,8541
6124,5816,7386,6126,8250,6439,6749,6660,5815,6216,6661,7194
6216,6439,6190,6430,8250,6386,5799,6661,6244,6429,6660,8541
6128,5985,6133,6299,5986,6826,6376,5868,6257,6256,8170,5866
6826,6376,6299,5986,8170,6256,6317,7299,5866,6257,7298,6695
6350,6348,6305,6057,6280,6279,6617,6349,6859,7452,6054,6618
7537,6868,7148,5704,6893,5598,6442,6655,6565,6945,5490,5489
6132,6218,5782,5783,6356,6130,6357,7329,5432,5431,5704,7537
6357,6356,6130,7148,7537,6442,5704,7146,6868,5432,6893,5598
6299,6128,6257,6256,6376,6826,7298,5986,6300,6297,8170,7299
6135,6136,5979,5981,6373,6116,5980,6372,5737,6068,6627,5841
5981,5979,5737,6068,6136,5980,6116,5494,5841,5351,6373,6372
6116,6372,5979,5980,6115,6627,5758,5759,6152,6068,6728,5841
6950,6139,6064,6956,6062,6138,6605,6065,6066,7289,5803,6606
6606,7801,6066,6065,6306,6881,7043,5801,6063,6602,6880,7380
6138,6605,6064,6606,7290,6066,7801,6065,6881,6062,7291,6306
5613,6141,6182,6078,5562,6579,7264,6163,5614,6077,6723,5583
6078,7264,6163,6077,6302,6377,5988,6724,5614,6258,6127,6303
7555,5824,6143,6792,5822,5711,5710,6048,6312,5715,6858,5840
6048,5822,6312,5960,5961,5710,5840,5715,6212,6210,6313,5667
6121,6032,5512,6123,5734,6031,5510,5415,6119,6245,6120,6122
6583,6146,5592,6582,6147,6785,6770,6416,7187,6149,6804,6195
6147,6582,6416,7187,6149,6785,6195,6581,6804,6060,6827,6784
6416,6195,6060,7187,6581,6196,6209,5805,6580,6827,6804,6197
6145,5592,6146,5551,6583,6457,6147,6149,5590,6582,6416,6770
6147,6060,6195,6416,5805,6209,6196,7187,6581,6059,6197,6058
5974,5942,5971,5943,5975,5493,6722,5972,5941,5492,6053,6267
5731,6164,5720,5722,6165,5459,5623,5721,6255,5471,5732,7252
5731,5730,6151,6515,5758,5732,5722,5623,6164,5720,6516,5751
7386,6125,6749,6124,6660,6748,8250,5816,7194,6126,6439,7446
6039,6155,6125,6153,5816,6170,6040,7386,6168,6124,6749,6038
6168,6153,6170,6125,6603,6749,7386,6748,6039,7802,6124,6660
6155,6154,6168,6153,6604,6170,7248,6125,6039,6603,7077,7386
6217,6088,6158,5783,6219,6131,5431,5640,5782,5311,5432,6218
5783,6131,5782,5431,5432,6132,6218,6130,5704,5313,5314,6357
6161,6330,6067,6791,5439,6142,7303,7555,6792,5821,9183,6037
7303,7234,6161,6791,7116,7153,6159,9183,7154,6330,9182,7175
6791,7303,6330,9183,6792,7555,7116,6067,6142,9182,6858,7154
6160,6576,5965,7234,6161,7303,7153,5486,6159,7116,6791,7154
6377,6077,6302,6258,6127,6133,6303,5988,6544,6128,5985,6896
6165,5720,6255,6254,5721,5722,7252,5459,6715,6716,7636,6872
7252,6254,5721,6716,5459,6872,7636,6584,5458,7837,6397,7800
6227,6228,6105,6230,6653,7237,7151,7178,7177,7150,7238,7511
5933,6229,6166,6230,6774,6105,5934,6227,6228,7177,6106,6653
6170,6603,6748,6153,7802,6749,7386,7033,6125,7273,7446,6660
6604,6156,6155,6168,6603,7077,6170,6154,6153,6748,7802,7034
6153,6749,6748,7386,6660,6125,7194,7446,8250,6124,7273,7579
6445,6432,6028,5741,6448,6447,6061,5740,6027,6446,6270,7609
6336,5826,5827,6967,6118,5820,5819,6044,6822,6307,6283,5675
5953,6172,5826,6966,6336,5820,5827,6965,5952,5819,6967,6118
6200,6332,6176,640,6331,6277,6424,6327,6199,638,6276,6507
6176,6199,6278,6623,6174,6277,6200,6507,6275,6719,6624,641
6277,6200,6199,6507,6332,6278,6331,6327,6276,6275,6424,6326
6178,7511,6035,7044,6559,6712,6180,6653,6033,5921,6709,6710
7044,6559,6180,6712,6709,6710,6033,6711,7109,7150,6849,6902
5920,6177,6035,5921,6178,6106,6033,7044,7511,6180,6034,5806
7109,6709,6849,6559,6851,6902,7108,6711,6850,7110,6710,6900
5444,4980,6243,5644,4982,5234,5443,4983,4623,5236,4624,5205
7264,6723,6141,6724,6163,6302,6078,6436,6303,6077,6896,6377
6182,6140,6579,6141,7264,6723,5613,6408,6078,6163,6724,6302
6140,5563,6183,6269,5561,6579,5613,6182,6141,5556,6836,5562
4704,4705,944,5089,4597,941,4433,4498,4751,4418,938,4332
6451,6188,6189,6103,6383,6740,5991,6577,6323,6187,6104,6382
6740,6865,5649,6104,6103,5468,5509,5684,5658,5466,6188,5991
6323,6103,5991,7321,7930,6384,5658,5990,6104,6763,6385,6411
6740,6187,6103,6104,6865,6188,5649,6451,5991,5658,5468,6383
6244,6386,483,476,6428,6430,471,6429,6431,6686,8541,6661
6800,6707,6673,7245,6799,6672,6797,6708,6961,5984,6639,6801
6551,6550,6193,5723,7072,7097,5935,5726,6984,6563,5725,5625
5723,5935,7097,5725,7072,6167,5625,5933,6564,6563,5831,5934
4720,5282,4951,4952,5189,4717,5570,5569,4350,4687,4351,5188
6196,6581,6580,6209,6197,6640,7227,6827,7054,6059,7308,6208
6197,6640,6580,7227,6208,6713,7185,6960,6207,7308,7225,6714
6208,6713,6640,6207,7185,6714,6580,7227,7111,6960,6446,7078
6237,5394,6238,5395,6239,6333,5902,6345,5955,6343,5380,6703
6507,6277,6275,6276,6624,6200,6325,6719,6327,6505,6611,6328
6277,6331,6327,6424,6276,6998,6507,6326,6469,6474,6328,636
6241,6466,6202,6468,6450,6242,6111,6452,6112,7325,6467,6637
6111,6241,6112,6242,6466,6450,7192,5651,6467,5648,6189,6468
6989,6000,7223,6201,5958,6720,5998,6772,6202,7228,6241,6466
6205,5484,5408,6315,5923,6314,5410,6540,6775,4985,5483,5926
5923,6314,6775,5483,5410,5926,5482,6098,5925,5924,6916,5481
6204,5407,6316,5408,5484,6315,6205,4985,6540,5410,4899,6314
6208,6446,6714,6713,6447,6933,7078,7111,7609,7185,6640,7851
6713,6714,6640,7185,7111,7078,6933,6447,6960,7184,7998,7227
6197,6059,6196,6208,6207,6640,6713,6061,6580,6714,6446,7185
5667,5963,5962,5361,5914,5360,6213,6211,5668,6355,5006,5915
6213,6355,5963,5914,6354,6353,5962,6472,6352,5915,5667,6917
5961,6311,6211,5963,6210,6213,6444,5960,6355,5962,5914,5667
5914,6354,5915,6353,6352,6917,5668,6340,5913,6422,6420,6421
5993,5927,6215,5363,5994,5888,5889,6462,5886,5364,6249,6250
5927,5364,5886,5993,5888,5618,5244,5889,5726,5994,5628,5599
6190,6386,6430,6244,6429,6428,6661,476,6431,483,8541,471
6158,6131,5783,6088,6218,5782,6132,5431,5432,6492,6356,7329
7329,6132,6356,6357,6491,7146,5782,6130,6442,7148,7534,5783
6217,6131,6479,6218,6158,6492,6132,7329,5782,5783,6356,6882
7931,6412,5428,6414,5325,5776,5326,6460,6413,5775,6380,5217
6052,6085,6222,6264,5847,5845,6082,6265,6266,6337,6083,6490
6085,6265,6266,6490,6082,5847,6489,6339,6487,8003,6488,6084
6538,6310,6224,7091,6456,6536,6889,5968,6537,7137,7138,6334
6456,6310,5968,6301,6889,6538,6334,7091,5967,6335,6890,6905
5880,5765,6621,5764,6795,5671,5743,6652,5253,6959,6398,5251
6462,6214,5994,5993,6286,6250,5927,5889,6215,6249,5888,5363
6653,6228,7151,7150,6712,7238,7237,7272,6710,7661,6901,6559
7237,7151,7238,8038,7150,6653,7277,7661,7272,7657,6712,7691
6230,6166,7177,6228,7178,7237,6997,6227,6105,7278,7277,7238
7178,6228,7237,7278,7277,6227,7238,8038,7151,7279,9146,7691
6094,5547,5917,5307,6023,5548,6095,7741,5522,5524,5402,6225
5800,5188,6018,6610,5969,5186,6019,4687,5769,5528,5863,5187
6942,6940,6236,6537,6622,6090,6963,6538,6223,6536,6608,6915
6089,6235,6093,6069,6939,5863,6233,6090,6092,6091,6236,6941
6093,6233,6090,6069,6236,6942,6940,6223,6537,6092,6091,6622
6538,6537,6223,6536,6622,7091,6310,6608,6224,7138,6609,6915
6345,6239,6238,6703,6344,6704,6343,5955,6346,5902,7542,6433
5955,6239,5902,6343,5903,6345,6346,5954,6344,5378,6435,6704
6344,6343,6346,5955,6704,6591,6435,6433,6678,5954,5903,6923
6333,6237,6198,6345,6890,6703,6238,5394,6239,6704,6906,6905
6242,6450,6467,6112,6452,6189,7192,6186,6637,6578,6187,6451
6467,7192,6450,6189,6187,6186,5648,6740,6452,5649,6103,6865
5236,5234,5444,5235,5443,5227,5644,5373,4980,5287,4624,5011
476,6428,6386,471,6431,6686,6429,467,6687,6847,8541,6742
6248,6253,6119,6706,6247,6322,6379,6840,6246,6378,6122,6362
6840,6414,6220,6247,6412,6380,6378,7931,6413,5428,5325,6379
6378,6840,6379,6380,6395,6414,6394,6362,6413,6771,6415,6412
6247,6706,6379,6322,6840,6378,6246,6395,6362,6380,6414,6122
6192,5887,6287,6551,6193,6550,7049,5723,5726,6919,7072,7097
6249,6284,6287,5889,6192,6551,5887,6919,7049,5888,6550,6193
6744,6081,6080,6541,6473,6107,6003,6002,6252,7003,6109,5669
5669,5609,6003,5568,5670,6081,5572,6002,5861,5567,6744,5565
6322,6248,6379,6321,6247,6706,6119,6362,6378,6395,6364,6840
7636,6716,7252,7800,5721,6584,7560,7837,6872,7740,6625,7347
6254,6165,6715,7636,7252,5720,6716,5721,7483,7800,6584,7560
7298,6300,7299,6499,8170,7406,7395,6497,6498,6952,6695,7297
6299,6256,6300,6298,7298,6376,6543,6498,6499,7299,6497,6635
6544,6133,6257,6299,6127,6546,6297,6128,6256,6298,6376,6300
5602,5533,5441,5839,5600,5874,5442,5534,5603,5324,5875,5506
5610,5686,5685,5608,5609,5572,4848,5564,5566,6324,6252,5669
6437,6895,6436,6408,6556,6553,6723,6733,6702,6896,6555,6724
6408,6261,6436,6579,6723,6895,6437,6438,6724,6182,6896,6556
6261,6438,6437,6262,6557,6553,6895,6555,6556,6436,6408,7121
6222,6337,6265,6085,6338,6490,6266,6052,6339,6082,7100,5847
6490,6339,6266,8003,6489,6085,6374,6523,6082,6560,6561,6488
6489,6487,6488,8003,6084,6560,6684,6576,7105,6162,7153,6561
6264,6221,7212,6222,6337,6053,6052,6085,6265,7099,6338,6266
6269,5997,6184,6836,6183,6579,5996,5560,6140,5563,6182,6408
6579,6183,6836,6182,6140,6408,6723,6262,6141,5563,7264,5613
6604,6169,7077,6603,6168,7034,6156,6933,6155,7802,6170,6748
6541,6251,6100,6744,7004,6473,6081,6080,7003,6324,6107,6109
5713,6273,5802,6062,5803,5587,5515,6950,5514,5589,5801,5516
6950,6062,5802,5803,5713,6064,6137,5801,5589,5587,6065,5515
6662,6047,5316,5582,5762,5772,5579,5332,5497,5578,5426,5413
6505,6611,6325,6276,6471,6328,6751,6506,6567,6326,6508,6327
6326,6328,6325,7039,6469,6508,6505,6506,6611,7041,6659,7164
6507,6276,6327,6331,6326,6275,6325,6328,6998,6469,7039,6624
6199,6624,6719,6275,6507,6611,6471,6277,6470,6505,6325,6276
6280,6664,6351,6818,6347,6349,6663,6680,6681,6617,6665,6817
6349,6347,6351,6681,6619,6618,6818,6717,6680,6663,6787,6928
6308,6393,6101,6282,6291,6046,5736,5501,6607,6045,6290,6666
6393,6607,5736,6290,5737,5501,6135,5981,5494,6752,6134,6068
6046,6101,6281,6393,6045,5828,6308,5501,6282,5736,6073,6291
6287,6919,7049,6249,6551,6921,6192,7050,6984,5889,6550,7072
6284,6387,6250,6919,6287,6921,6920,5994,6249,7049,7050,6551
6285,6250,6284,5994,6287,6387,6249,5889,5993,6919,6192,7049
6551,7049,6192,6550,7072,6984,5887,6193,7050,7097,7048,6563
6096,6289,6705,6071,5882,5952,6024,5938,7243,5452,5453,5817
6071,5938,6096,5453,5359,6024,5452,5066,5952,5068,5358,5297
6135,6607,6752,6134,5981,5736,5737,6552,5979,6754,6136,6068
6666,6290,6282,6607,6752,7057,6393,6135,5736,6134,5981,5737
5687,5179,5761,5046,5181,5760,5371,5047,5045,5976,5369,5180
6483,6296,6294,6157,6465,6217,6219,8259,8680,6158,6088,5733
8259,6296,6157,6483,6217,6088,5639,6158,6219,6465,5783,6131
5733,8259,6294,5639,6157,6293,4924,6296,6088,5311,6483,6217
6217,6157,6219,6158,6131,6088,6479,5783,6218,5639,5782,6132
6543,6298,6257,6635,6300,7006,6498,6862,6256,6299,7298,7005
6498,6300,6635,6862,6497,6671,6256,7298,6861,6499,7406,7005
6256,6376,7298,6826,7299,6300,8170,6499,6298,6695,6317,6952
7298,6498,6499,6497,7406,7299,6862,6671,7297,6670,7395,6669
6335,6334,6240,5944,6333,6890,6889,6198,5530,6237,6703,5945
6303,6258,6377,6544,6546,6077,6133,6257,6127,6702,6297,6299
6544,6546,6258,6297,6377,6257,6545,6133,6701,6543,6298,6299
6305,6859,6129,6348,7452,6617,6350,7337,7268,6057,6349,6860
6348,7452,6617,6349,6350,7337,6618,6860,6280,6619,7270,6279
6602,6880,7296,7043,7042,7295,6075,7625,7242,6076,6909,5894
6309,6281,6283,6308,6101,6820,6044,6393,6046,6282,6291,5501
6291,6282,6393,6666,6290,6607,6101,5736,6752,6135,5501,7759
6308,6820,6281,6291,6282,6283,6393,7504,6666,6101,6290,6607
6889,7091,6456,7137,6905,6334,6536,6890,7138,6301,6906,6854
6211,6444,6648,6355,5963,6213,6353,6472,6210,6354,5914,6690
6048,5961,6212,6313,6311,5960,5822,6210,5963,6211,6443,5840
6311,6443,6212,5961,6211,6444,6648,6048,5963,7412,6210,6355
5483,5482,5924,5481,5926,5925,5685,6324,6260,6099,6098,6100
6205,6775,5923,5484,6314,6916,5926,6098,5483,5410,7280,5925
6204,6315,6540,6205,6775,5408,5484,5923,6778,6916,6314,6098
5879,8170,6485,6695,5907,5747,5876,6694,7299,6952,6486,5878
6455,6358,7431,5906,5856,6937,5498,6938,6359,308,6936,5499
6427,79,6011,77,6777,6320,75,6668,6667,5908,7082,70
7082,6667,6777,7081,6668,7584,7585,77,6891,6692,75,70
6364,6360,6322,6362,6366,6369,6379,6368,6509,6395,6248,6367
6379,6362,6247,6364,6395,6378,6360,6366,6706,6509,6840,6771
7321,6384,7930,5991,5990,6385,6411,6417,5658,5989,6410,5659
6252,6080,5609,6251,5669,6003,6081,5610,6744,5568,5670,6002
6328,6505,6506,6508,7039,6567,6568,6566,6659,6469,6751,6658
6328,6469,7039,6325,6508,7041,6659,7164,6506,6505,7086,6658
6326,6276,6998,6469,6328,7039,6474,7164,6325,7041,6508,635
7039,6508,6506,6659,7041,6568,6658,6567,6566,7037,7038,6894
5686,5871,6260,4848,5608,5482,5610,4771,5685,5566,4849,5924
7555,6791,6142,6792,9183,6143,5821,5824,6858,6037,6312,9182
6327,6998,6474,636,6469,6326,6276,7164,635,6507,6328,7039
6331,6200,6424,638,6327,6998,6277,636,6474,6276,6326,6469
6703,6345,6237,6704,6906,7542,6239,6344,6238,6923,6943,6433
6890,6333,6240,6703,6905,6906,6237,6345,6198,7137,7542,6704
5944,6240,6198,6334,5945,6333,6237,5274,5394,6890,6238,6345
6967,6118,5827,6822,6307,6044,6283,5819,6821,6309,6046,6281
6338,6265,6339,6222,7100,6375,6490,6374,6266,8003,6085,6520
7100,6339,6265,6374,6520,6490,6523,8003,6699,6222,6522,6266
6374,8003,6490,6523,6561,6522,6489,6560,6562,6266,6697,6521
6796,6421,687,685,690,679,692,5752,676,695,675,6423
4882,5913,5752,4655,4796,6796,4827,6340,682,677,676,679
4680,4504,4587,5330,4502,4588,4802,4377,4586,5329,4468,4378
6346,6435,5954,6344,6678,5978,6591,5977,6434,5727,6433,6643
6433,6346,6591,6683,6678,6924,6435,6677,6643,6978,6944,5954
6704,6239,6344,7542,6433,6923,6346,6343,6591,6943,6924,5955
6678,6435,6591,6433,5954,6434,6643,6677,6683,5978,5977,6924
6681,6717,6619,6928,6680,7507,6788,7009,6816,6787,6819,6925
6349,6280,6617,7452,6618,6279,6347,6619,6351,6860,7337,6787
6618,6347,6619,6717,6787,6351,6681,6788,7009,7010,6928,7507
6348,6279,6280,6349,6351,6664,6617,6347,7452,6618,6818,6619
6818,6681,6347,6680,6816,6817,6717,6928,6819,6619,8352,7507
6422,6917,6420,6421,695,692,6423,5915,697,690,6340,7374
6352,6420,6354,6688,6422,6917,7374,5914,6423,697,695,6421
6917,6352,5915,6422,6340,6421,6420,5668,5913,692,690,6796
6353,6213,6354,6352,5914,6917,6420,5915,6422,5962,6688,6421
6357,7146,6442,7148,6130,7328,7534,6893,7147,6868,7145,7537
7148,6130,6442,6893,6868,7537,7147,6945,6655,5704,7328,7145
5906,6938,6359,5499,7202,5885,5498,6955,6824,5422,6805,6461
5885,6824,7202,5883,6461,5424,5422,6805,6226,6462,6806,6214
6364,6369,6368,6366,6367,6362,6391,6405,6509,6510,6404,6379
6363,6365,6321,6360,6322,6364,6253,6370,6369,6362,6366,6368
6366,6395,6509,6771,6378,6510,6368,7224,6394,6404,6458,6380
6253,6321,6322,6365,6362,6248,6245,6364,6360,6379,6247,6366
6366,6362,6368,6509,6510,6395,6367,6404,6405,6771,7224,7204
6360,6370,6369,6321,6364,6391,6368,6367,6589,6322,6366,6362
6509,6510,6404,7224,6395,6771,7204,7480,6405,8021,7629,7035
6405,6368,6403,6594,6404,8021,6366,7388,6593,6510,7578,7629
6366,6404,6405,6510,8021,6509,7204,6594,6403,7629,7224,7480
6367,6391,6368,6364,6405,6366,6403,6756,6404,6362,8021,6510
6369,6589,6391,6360,6367,6756,6475,6368,6403,6364,6321,6405
6061,6432,6171,6059,6207,6446,6445,6447,6958,6208,6209,6028
6115,6116,6152,6728,5758,5730,5980,6615,5731,5732,5759,6151
6372,6627,6136,6116,6728,6115,6152,5979,5980,6614,5758,6615
6523,6522,8003,6521,6561,6562,6697,6490,6560,6698,6935,6947
7100,6520,6338,6699,6374,762,6339,6521,6522,6523,758,6265
8170,6256,7299,7298,6695,6317,6952,6499,6300,7395,6485,6694
6133,6127,6258,6128,6299,5985,6544,6257,6376,6256,6826,5986
6380,6394,6395,6771,6415,6414,6413,6509,6458,6412,7224,6459
6395,6378,6362,6840,6394,6509,6771,6380,6364,6366,6414,6415
6413,6394,6415,6412,6459,6460,6771,6458,7931,6457,6148,5776
5325,5217,5326,5106,5428,6220,5216,5105,5775,7931,4692,5776
6763,7930,6323,6571,6417,6188,6384,6572,7321,6411,5991,6502
6382,6188,6323,7930,6763,6384,5991,7321,6103,6417,6411,6571
6411,6385,6417,6410,6418,5990,6419,5989,6494,6401,6502,6495
6410,5989,6401,6463,6402,6418,6494,5660,6079,6464,6004,6495
6428,6429,6431,476,471,6686,8541,6847,6687,467,6848,6742
6921,6284,6919,7050,7017,6287,7015,6250,7049,6984,7048,6551
6808,6806,6922,6285,6387,6286,6461,6920,6284,7016,6462,6921
6361,6390,6365,6363,6321,6370,6029,6360,6392,6369,6253,6364
6370,6392,6365,6361,6589,6369,6360,6478,6391,6321,6475,6363
6367,6756,6403,6405,6592,6368,6594,6593,7388,8021,6404,6364
6589,6478,6370,6475,6391,6365,6756,6369,6656,6823,6367,6360
5736,5501,6607,6045,5737,6102,5494,6290,5981,5495,6135,5502
6771,6415,6458,6413,7224,6457,6459,7035,6783,6460,7480,6510
6771,6394,6509,7224,6380,6458,6415,6510,7035,7480,6413,6457
5929,6014,5941,5928,6015,6117,5846,6083,5367,6053,5100,6013
5458,5240,5238,6585,6872,5062,4997,4998,5250,5700,5061,4890
6959,6620,5850,6621,6652,6747,6650,5853,6795,6651,5880,6017
6539,6316,6206,6566,5766,6204,6540,6315,5407,5408,6205,5484
6751,5890,6399,7786,6567,6206,5766,6539,6505,6316,5893,5407
6402,6079,6004,6494,6464,6496,5936,5780,5781,6493,5654,6005
6464,6496,6004,6493,6005,6079,6006,5654,5780,7494,6727,6987
6593,6594,6405,7388,8021,7476,6982,6983,7578,6404,7389,7629
8021,7204,7629,7578,6594,7480,7062,7224,7203,7476,7496,7388
8021,6594,6404,7578,7629,7388,6510,7204,7476,7496,7203,7480
7306,5692,7307,6407,6042,5586,6675,6041,6441,5617,6440,6030
6440,6041,6389,6043,6718,6030,6361,6029,6390,6363,6514,6477
6723,6436,6182,6724,7264,6896,6895,6302,6437,6141,6702,6303
4789,5255,5021,4787,4791,5269,5576,4786,4734,4763,6644,5577
6494,6402,6401,6464,6495,6493,6004,6463,6496,6503,6079,6005
6418,6410,6385,6419,6494,6495,6401,6503,6402,5989,6464,6504
7931,6413,6460,5776,6459,5593,6148,6415,5591,5775,6394,6145
6460,6459,6415,6148,5776,5593,6457,6145,6458,5591,5592,6583
6412,6380,6413,7931,6460,6415,5428,5776,6394,6459,6148,5593
6459,6457,6458,6460,6145,6148,6783,6583,7035,6770,5593,6785
7187,6195,6581,6827,6580,6196,6060,6804,7054,6209,6640,7227
6419,6411,6502,6418,6504,6503,6410,6385,6495,6494,6570,6726
6495,6494,6503,6410,6493,6727,6402,6464,7026,6401,6726,7028
6504,6418,6503,6495,7026,6726,6494,6410,6727,6493,8155,7028
7374,6422,697,6423,698,695,699,692,6917,6421,690,6340
690,692,687,695,685,6796,679,676,5752,675,4655,677
695,692,6423,6421,697,690,698,687,6340,685,6796,5913
695,692,690,6421,687,685,6796,679,676,5752,675,4655
6331,636,6474,6998,6327,635,7164,6469,6326,6277,633,6276
5804,5855,6638,318,323,314,5856,6318,6455,308,6828,5498
6319,6010,6011,86,5878,6427,79,6320,6777,77,5908,5907
77,6777,75,6668,6320,6667,70,6891,7082,65,7081,7585
471,6431,6686,467,6687,6847,6742,7011,456,6866,6762,6848
6431,8541,6847,6428,6687,6848,6686,6866,7220,7011,471,6742
6429,6386,8541,6431,6847,6428,7220,6244,6848,6687,6686,476
6687,6686,6847,471,467,7011,6742,6866,6848,456,6762,6846
6445,6447,6446,6207,6448,6028,6059,7609,6933,6208,6714,6270
6924,6683,6591,6978,6677,7455,6678,6682,6643,6975,6642,6435
6679,5976,6643,5790,6907,6086,5761,5760,6586,6642,5682,6087
6678,5978,6434,5977,6591,6643,5976,6679,5761,5729,6677,5790
6895,6896,6724,6702,6303,6556,7264,6733,6546,6302,6701,6544
6556,6895,6553,6733,6436,7045,7121,6702,6732,6701,6896,8352
6437,6553,6555,6261,6556,7121,6895,7045,8352,6733,6436,6962
6430,6216,6661,6386,6429,8541,7579,6190,7220,6244,6431,6847
6389,6718,6041,6043,6390,6361,6477,6365,6030,6029,6363,6392
6440,6718,6407,6514,6389,6041,6477,6390,6511,6043,6042,6476
7148,7147,7145,6893,6945,7130,7449,6868,7186,6655,7012,7129
6311,6648,6444,6212,6211,6690,6472,6355,6353,5963,6213,5961
6355,6211,6472,6353,6213,6354,5963,6352,6689,6688,6420,5914
6448,6447,6446,6027,7609,6270,6933,6207,7077,6169,6025,6604
6447,6933,6714,6208,7609,7078,6448,6713,7034,7851,6270,7111
7609,6448,6933,6270,6714,7077,7034,6027,7078,6604,7851,6169
6270,6027,7609,6169,6604,7077,6025,6933,7034,6603,6168,6156
6111,5651,6112,6454,6202,5648,5650,7192,6242,6453,6241,5086
6467,6452,6186,6189,6451,6578,7192,6188,6103,6187,6740,6577
6383,6188,6382,6323,6103,7930,6776,5991,6763,6740,7321,6384
6578,6451,6186,6467,6577,6188,6383,6189,7334,6382,6103,6776
5340,5650,4921,6803,5321,4919,5320,5341,5648,4920,5043,4866
6453,5086,5650,5651,5340,6803,4921,5648,6111,5341,5321,6112
5906,5498,6358,5499,305,7431,6359,5422,5423,291,5885,6938
6334,6301,6889,6890,6335,6240,6905,7091,6333,7137,6703,6906
6583,6770,6783,6145,6785,6582,6146,6786,6784,7293,5592,6804
7035,6783,6457,6770,7480,7293,6459,6786,6583,6145,6785,6784
6148,6145,6457,5593,6583,5592,6146,6770,6783,6582,6785,5551
6148,5593,6459,5591,6145,5592,5551,6457,5553,6583,6146,5590
6462,6806,6286,6226,6285,5994,6250,6808,6284,5993,6214,6249
6286,5994,6250,5993,6285,6249,5889,6284,6287,5927,5888,5887
6079,6401,5936,6004,5781,6402,5577,6072,5780,6496,5576,6464
6493,6005,6496,7494,6006,6004,6987,5654,7027,5655,6988,7028
6219,6479,6296,6217,6218,6492,6131,6882,6157,6158,7329,6132
6241,6450,6452,6637,6467,6242,6578,6186,6451,7323,6189,6112
6189,6186,7192,6740,6103,6187,6451,6188,6104,6865,6383,5991
6637,6466,6452,6578,6450,7230,6241,7323,6451,6467,6186,7324
7039,7041,7164,6328,7086,6659,7165,7040,6508,7038,7314,7087
5982,6471,6624,6400,5892,6751,6611,5785,6275,5890,5891,6399
6751,6611,6400,6505,5892,6567,6399,5890,6325,6539,6506,7786
6688,6353,6981,6420,6355,7374,6352,705,703,701,6354,6213
6109,6107,6825,6081,6782,6002,6001,7000,7002,6003,5861,6108
6998,635,7164,633,6469,7165,7086,631,6326,7041,7314,7039
6823,6756,6592,6750,6391,6595,6403,6593,6876,6367,6369,6983
6477,6478,6392,6513,6589,6390,6475,6656,6370,6526,6823,6756
6392,6390,6478,6370,6589,6389,6365,6513,6475,6391,6361,6369
6475,6589,6656,6823,6756,6370,6391,6750,6632,6592,6369,6403
6492,6218,6882,7329,6491,6131,6217,7103,6356,6132,7146,7102
6293,6294,6295,6483,6296,6482,8259,6157,6465,5733,6217,6219
6480,6293,6482,6483,6802,6294,6296,6465,8680,6530,6295,6219
6483,8680,6465,6530,6293,6612,6296,6219,6479,6856,6294,6217
6465,6296,6219,8680,6217,6157,6479,6131,6612,6158,6218,8259
6480,6802,6481,6293,5698,6294,6295,6483,6482,6296,6528,5239
5907,6486,6694,5908,6952,6692,5878,7081,6693,7633,7395,6320
5908,6692,7081,6693,7584,6320,7082,7996,7633,7632,6667,6011
6576,6488,6162,7153,6160,5844,7105,7234,6684,5965,6560,7175
7105,7153,6684,6576,7175,7234,6929,6162,7154,6685,6160,7980
6560,6684,6488,7105,6561,6685,6487,6929,7153,6576,7175,6562
8003,6489,6266,6560,6523,6561,6488,6684,6082,6487,6685,7105
7329,7534,7102,7146,9479,6356,7328,7448,7174,6442,7319,6357
7329,6491,6218,6356,7146,7534,7102,6132,6131,6357,6442,7328
6005,7494,6496,7027,7028,6987,6006,6988,6004,7047,6951,5654
6495,6464,6493,6402,6727,6005,6496,7494,6004,7026,6006,7028
6493,6727,6464,7026,7028,7494,6402,6005,7027,7047,6496,8155
6006,6005,5654,6987,5655,5780,6007,7494,5279,6988,5220,5514
7406,6670,6671,6669,7297,6731,7405,6730,7395,6729,6971,7407
6862,6497,6671,6861,7406,6499,6669,6670,6730,7297,6885,6863
7406,7297,7395,6497,6670,6952,7405,7619,7633,6671,6669,6731
7991,6056,6665,6557,6054,6663,6555,6664,6554,8352,6438,6279
5663,7899,6304,6129,6759,5665,6305,6859,6348,6757,6057,6350
6419,6504,6570,6726,6503,6418,7026,7171,6411,7170,6495,8155
6495,7026,6727,6494,6493,7028,7047,8155,6464,7494,7027,6402
6726,6503,7026,8155,7170,6418,6495,6727,7047,7028,7222,6494
6506,6567,6751,6328,6508,6566,6539,6568,6399,7039,6658,6778
6508,6566,6568,6539,6658,6778,6894,6659,6540,6399,6316,7037
6276,6275,6325,6328,6505,6327,6326,6611,6506,6508,7039,6469
6568,6659,6658,6566,6894,7037,6778,7038,6910,6539,7040,6911
6771,7224,6510,7480,6394,6458,7035,7204,6404,6415,6783,7293
7204,6404,7224,7480,7629,6771,8021,7035,7062,7293,6458,7578
6514,6512,6476,6477,6513,6518,6718,6392,6478,6390,6525,6440
6518,6476,6513,6478,6525,6526,6477,6392,6656,6475,6718,6524
6478,6656,6526,6475,6632,6392,6823,6589,6750,6532,6756,6370
6477,6718,6476,6512,6392,6390,6440,6478,6513,6389,6370,6518
6164,6516,6151,5720,6255,6165,5731,7423,5722,6254,5721,5730
6255,6164,7423,6165,6151,6715,6254,5720,7422,7252,7636,5721
6574,6519,6527,6512,6518,6511,6525,6573,6535,6513,6476,6514
6513,6526,6524,6476,6656,6478,6632,6532,6533,6475,6477,6392
6511,6574,6512,6514,6518,6527,6476,6575,6513,6477,6525,6718
6374,6521,6522,6523,6339,6697,6698,749,6562,8003,6561,6947
6698,749,6522,6697,741,6947,727,6523,6562,6935,724,6561
6697,6523,6562,6698,6561,6947,6935,8003,727,741,6931,6934
6561,8003,6562,6560,6697,6685,6489,6935,6931,6684,6947,6698
6533,6532,6526,6634,6632,7115,6631,6513,6736,6633,6656,6735
6518,6524,6526,6513,6532,6533,6632,6656,6634,6630,6476,6478
6632,6532,6656,6633,6478,6750,6634,6475,6823,6631,6876,6589
6574,6525,6518,6535,6512,6524,6526,6534,6513,6601,6511,6533
6530,6482,8680,6481,6856,6465,6483,6612,6293,6974,6480,6479
6528,6857,6531,6530,6482,6973,6856,6481,8680,6974,6484,6612
8680,6612,6465,6972,6479,6483,6882,6219,6293,6492,7104,7032
6528,6481,6482,6484,6857,6530,6483,6480,6293,8680,6465,6856
6631,6632,6633,6736,6735,6734,6656,6750,6876,6875,6913,6823
6634,7115,6532,6736,6631,6526,6735,6632,6913,7067,6633,6734
6533,6524,6630,6525,6634,7115,6532,7498,6526,6736,6518,6631
6534,6525,6524,6533,6518,6630,6526,6574,6532,6634,7115,6512
7138,7091,6609,6852,7137,6853,6854,6889,6855,6905,7441,7294
6536,6608,6538,6915,6609,7138,7091,6853,6887,6852,6310,7137
7091,6536,6310,7138,6889,7137,6608,6456,6609,6905,6852,6854
6316,6566,6540,6315,6778,6206,6568,6204,6775,6916,6205,6894
6315,6778,6775,6916,6098,5923,6205,6911,6894,5926,6743,5484
6473,6744,7003,6109,6081,6107,6825,7001,6080,6002,6782,7002
6271,7004,6541,6251,7003,7772,6473,6744,7001,6100,6109,6081
6635,6298,7006,6498,6862,7005,6861,6300,6671,7235,6497,6885
6297,6257,6298,6133,6545,6543,6299,6300,6256,6498,6635,7298
6543,6297,6700,7006,6298,6635,7365,7005,7235,6257,6498,6862
6544,6297,6545,6543,6257,6298,6700,7006,6635,6133,6300,6498
7899,6760,6757,6759,6501,6304,6859,7189,7268,5663,6305,7190
6737,6549,6850,6738,7109,6918,6851,7152,6180,6760,6758,6849
7109,6850,6851,6737,6180,6849,6918,7152,7110,7108,6709,6902
7097,6193,7072,5935,6563,6564,5723,6167,6773,5725,5933,6229
6550,7072,6193,6984,7097,6563,6773,5935,7071,6564,5723,7048
6373,6136,6134,6753,6372,6627,6135,6116,5979,6629,5981,6115
7121,6556,7045,6733,6895,6962,6732,6999,6701,6702,6817,6436
6263,6557,6438,7991,6261,6555,6437,6553,6262,6665,6556,7121
7121,6553,8352,6663,6437,6962,7045,6556,6817,6818,6895,6733
6733,7045,6732,6702,6701,6962,6999,6896,6700,7365,6545,6546
6555,6438,6665,6553,6437,7121,8352,6261,6663,6556,7045,6895
6179,6177,6106,6035,6178,7511,5920,6105,7044,5921,6653,6559
6710,6709,6711,7150,6901,6902,6900,6849,6899,7109,7707,7272
6684,6685,7105,6929,6562,6488,6931,6930,7175,7153,7980,6935
6560,6562,6685,6931,6684,6935,6930,6934,6929,7231,7105,6947
6935,6931,6685,6934,6947,723,721,7231,6930,724,727,6684
6564,6774,6229,6167,6986,7177,6230,6997,6166,6996,5933,7135
6229,6167,6774,6230,6166,7177,5933,6986,6997,7178,6228,6105
5873,5597,5973,6150,5491,7186,5974,5872,5971,6654,5942,5493
6568,6778,6540,6894,6316,6658,6916,6315,6911,6775,6910,6204
6539,6506,6566,6399,6316,6568,6540,6508,6778,6206,6315,6894
6658,6894,6778,7037,6540,6910,6911,6916,7038,6316,7117,7689
7172,6570,6502,7171,6504,7182,6726,6419,7170,6417,7401,6503
6726,7171,6504,7170,6419,7401,8155,7026,7402,6503,7222,7047
6502,6569,6417,6419,6570,6504,7172,6384,6418,6411,6503,6726
6569,6571,6763,6502,8040,7172,6570,6417,7181,6419,6504,7171
6575,6511,6514,6519,6441,6718,6512,6477,6476,6574,7307,6440
6512,6518,6511,6525,6513,6476,6526,6514,6524,6478,6477,6656
6441,6514,6718,6511,6440,6477,6407,6476,6390,6389,6512,6392
7153,7234,6160,7105,7154,7303,7175,5965,7116,6161,6877,6791
6382,6776,6451,6383,6763,7930,6765,6188,6323,7022,6571,6572
6577,6451,7334,6383,6186,6382,6776,6188,6467,7735,6763,7930
6182,6408,6723,7264,6141,6724,6436,6302,6163,6261,6896,5613
7227,6640,7308,7054,7225,6960,7185,8571,7436,6713,7437,7155
6580,6827,7054,6196,7308,7436,7227,6811,6640,7155,7225,6197
7187,6804,6416,6784,6827,6147,6581,6812,6195,6811,6149,7436
6582,6785,6146,7187,6804,6784,6416,6147,6786,6827,6812,6581
7837,6625,5700,6585,7347,6626,7215,5699,5250,7346,5238,6484
5700,5238,5250,5699,4998,6626,6625,4997,5698,5239,6484,4923
6087,6641,6587,6588,5682,6814,5680,6813,6979,6834,6406,5683
6588,6979,6814,5680,6406,6675,6676,7307,5683,6834,7306,5692
6406,6979,5683,5692,7307,7306,5681,6675,5586,6407,6042,6441
6475,6391,6756,6823,6369,6592,6367,6403,6750,6360,6593,6405
6203,5999,7822,6989,6000,5956,5958,7439,7223,6201,5998,5959
6678,6677,6683,6643,6642,6434,6978,6682,6907,6679,5978,7455
6595,6593,6403,6983,7388,6982,7124,6367,6594,7807,6405,7390
7388,6983,6982,6594,7389,7390,7807,7476,6405,7387,8021,7578
8021,7476,7578,7496,7629,7389,6982,7595,7203,7204,7403,7390
6983,7124,6593,6982,7807,7123,7388,6403,7390,7389,7806,6594
6597,6273,6950,6272,6137,6062,5802,6064,6957,5803,5713,6139
6137,6950,6957,6273,6139,6062,6064,6956,6272,5802,6138,5803
6957,6597,6137,6956,6139,6950,6596,7674,7289,6605,6064,6273
6601,8115,6535,6534,6527,7708,8056,6630,6525,6524,6533,6517
6599,6527,6535,6517,6525,6601,6574,8115,6534,6518,6524,6519
6534,6630,7708,6535,6533,7498,6524,7115,7908,6525,6634,7497
7042,6075,7296,5894,6909,7242,7295,5421,6908,5895,5419,6288
7802,6748,6170,7033,7273,6749,6153,7446,7852,7274,7194,7386
7077,6168,6603,6155,7802,6170,7034,6748,7033,6153,6749,7851
7290,6606,6138,6881,7380,7801,6306,6066,7292,6880,7512,6065
6881,7801,6306,6880,6066,7043,6602,7292,7296,7625,7295,6075
5737,6135,5981,6068,6134,5494,5979,5351,6136,6102,5495,5841
6609,6536,6853,7138,6852,6855,7841,6886,7091,6854,7137,7441
6852,7138,6855,6854,7841,7441,7137,7474,8282,7055,7294,7051
5769,5528,5969,4686,5480,5477,5966,5527,5479,5002,6092,5315
6505,6751,6567,6325,6400,6506,6399,6539,6566,6328,5890,6508
6882,6479,6465,6492,7104,7103,6219,6491,6218,7329,7320,7173
6516,7423,7399,6515,6255,6164,7422,6715,7396,6615,6165,6254
6728,6615,7481,6838,6515,6152,6613,6516,6151,7371,6372,6164
6515,6152,6151,5731,6164,6516,5730,6115,5720,5722,6255,6165
6838,6614,7481,7371,6613,6615,6728,6515,6516,6627,7399,7368
6618,6349,6860,6619,6787,6280,6347,7141,6788,7010,6717,6351
6787,6619,6788,6347,7010,7141,6717,7009,7140,6681,7007,6351
6717,6788,7009,7010,6681,7507,7007,6928,7140,7447,6680,6946
6747,6650,6651,6652,6114,6795,6761,6017,6738,6113,6737,6758
6959,6652,6795,5880,6620,6650,5743,6017,5850,5764,6651,6747
6915,6537,6608,6887,6536,6853,6609,7053,6538,6886,7138,7091
5919,6719,6278,6624,6470,5636,6471,6199,6275,5982,6611,5869
6275,6611,6471,6505,6751,6507,6325,5982,6400,6567,6276,6506
6626,5700,7215,6484,6696,5699,6531,5250,6481,6802,6480,7118
6484,5699,7215,6802,5250,6480,6481,6531,5698,6293,6295,6294
6728,6372,6152,6614,6115,6615,6116,5730,5731,7481,5758,6151
6616,6614,6629,6839,6838,6728,7481,6627,6615,7083,7371,6613
6728,6614,6627,6616,6373,6615,6372,6152,7481,6838,6515,6115
7115,7498,6533,6634,6736,6524,7497,7067,6532,6631,6913,7500
6735,6734,6633,6912,6875,7107,7122,6876,6914,6750,7123,7068
6633,6750,6876,6823,6631,6475,6875,6595,6592,6734,7124,6756
6876,6875,6734,6750,7124,7122,6595,7123,6823,7107,6983,6592
6631,6736,6532,6735,6913,6633,6734,6632,6912,6914,6875,7107
6862,6498,6861,7005,6671,6885,6497,6730,6300,6863,7236,6669
4603,4904,5184,4556,4906,4602,4683,5173,4555,4381,4380,4905
7323,6578,6452,7324,7334,6577,6451,6450,6186,6776,7735,6467
6828,5855,6318,6455,5856,7431,6801,318,6937,6358,314,5906
6708,6638,6425,6828,7245,5855,5940,6801,6318,5804,6797,6455
7227,7185,6713,6960,7225,7184,7111,7308,6714,7226,8571,7078
6587,6814,6834,6087,6979,6676,6588,6675,6794,6793,6768,5680
6907,6815,6976,6586,6641,6813,6977,6679,6833,6086,6587,6087
6907,6642,6679,6586,6815,6682,6086,5976,6976,5790,6641,6087
5702,4732,4939,4734,5781,5703,4657,4938,4786,4733,4735,5780
6517,6769,6600,6527,6574,6519,6768,6535,6599,6518,6525,6512
7412,6443,6648,7093,6690,6313,6311,6444,7158,7411,6472,7410
6646,6443,6313,7412,6311,6648,6212,6312,7093,6444,6690,6211
6690,6444,6472,6689,6211,6353,6355,707,6688,6981,705,708
6647,6313,6443,6646,6312,6311,6212,6746,7412,6648,5961,6444
6651,6017,6761,6738,6758,6114,5911,5912,6547,6737,6760,5254
6738,6114,6761,6758,6737,6017,6548,6760,6918,6547,5911,6850
6650,6017,5743,6761,6651,5912,5911,5254,6758,6738,6114,5666
6712,7150,6710,7151,6559,6178,6901,7272,7044,7238,6711,7567
6722,5971,6954,5975,6721,6150,5942,6953,7132,6267,7013,5974
6565,5973,7186,5873,6150,6654,5597,5971,7012,5974,5491,6722
6475,6823,6632,6750,6589,6756,6592,6633,6876,6595,6391,6593
5203,5964,5406,5403,4729,5402,4238,5404,5405,4266,5917,5904
7037,6894,6910,7038,6778,6911,7117,7343,7689,6916,7088,6540
6658,7037,7038,7040,6568,6894,7117,6910,7088,7087,6778,7343
8250,7194,7579,6661,7400,6439,7220,7218,6430,8541,7678,7463
8541,6430,7220,6429,6848,7218,6847,6386,7219,6431,6866,7678
5582,6047,5579,5772,5578,5762,5413,5497,5580,5412,5332,6049
6818,8352,6817,6680,6351,7121,6962,6819,6926,6681,6816,6553
6818,6663,6351,6665,6680,6280,6817,8352,6681,6347,6819,6555
6663,6555,8352,7121,6818,6817,6553,6962,6438,6680,6351,7045
7057,6752,6290,7058,6754,6282,6134,6135,6552,6607,7059,5981
6668,6891,7585,75,70,65,8137,7584,60,7470,7743,54
70,6891,65,7585,60,8137,54,7470,49,7743,48,51
6731,6729,6971,73,6864,7405,7407,71,6970,68,69,6969
6731,7405,6669,7407,73,6971,7566,7619,6729,69,7428,71
6730,6669,6670,6729,7406,6863,6731,6864,6971,7297,7405,6970
6639,6673,6708,7245,5939,6707,6638,6801,6828,6425,6797,6799
7245,6707,6708,6639,6797,6801,6799,6828,6638,5939,6842,6798
4495,6932,510,5280,508,3942,4711,4494,5128,4310,506,5104
6441,6575,7307,6573,6440,6514,6407,6718,7306,6511,6519,6477
6768,6675,6573,6575,6519,6441,6511,6514,7307,6718,6517,6440
6642,6643,6682,6907,6976,6815,6975,6434,6679,6977,6586,6641
6434,6643,6677,5978,6679,6907,5976,6642,6086,6682,5790,6586
6086,6907,5790,6586,6087,5682,6815,5760,5369,5680,6587,6641
6816,6819,6681,6928,6926,6925,6927,6717,6962,8094,7507,7979
6928,6816,6717,7507,6819,6925,7009,6946,6927,8094,6788,6926
6642,6976,6977,6815,6833,7176,6907,6813,6835,6641,6794,6586
6677,6978,6682,6642,6975,6643,6678,6976,6977,6907,7025,6815
7105,6929,6685,7175,7153,6930,7980,6931,6576,7106,7154,6877
6930,6931,6929,7231,6934,7105,7106,721,7980,7326,7175,723
467,6687,6742,456,7011,6762,6866,6845,446,6846,442,7120
7011,6742,467,6866,456,6845,6762,6846,446,6904,7120,442
7374,6420,701,699,698,697,6423,6352,6422,695,6354,692
6981,705,6688,6472,703,701,7374,6420,6353,699,698,6355
6689,707,6472,708,705,6981,6688,6444,703,6353,701,7374
7197,7243,6705,5953,5952,7214,6173,6096,6288,5820,6990,5826
6693,7996,7584,7082,7632,7997,7743,7585,6667,7619,7723,7742
7632,7996,7584,7619,7997,7723,7724,7743,7082,7566,7742,7565
6486,6693,7633,6692,7081,5908,7996,7632,7619,7584,7082,7723
6485,6952,6694,6486,7395,7633,5907,6693,6692,6499,5908,7619
6529,6531,7215,6528,7119,6481,6857,6626,6484,6482,7030,6530
6947,6935,6562,727,724,6934,723,6931,6561,721,6685,7231
741,6947,6697,727,6935,724,6562,723,6934,6931,721,6561
6520,6521,758,7100,6374,6522,749,6698,6697,6523,6339,741
7006,7235,6543,7005,7978,6635,6297,7364,7236,7366,6298,6885
6545,6700,6546,7365,7006,6543,6297,7235,6544,7978,6635,7005
6701,6546,6545,6303,6732,6297,6544,6700,6543,7006,6258,7365
7542,6704,6345,6923,6943,6344,6433,6239,6944,6924,7024,6238
6923,6433,6344,6924,6944,6591,6683,6346,6978,7455,7024,6343
6096,7243,5952,7197,6024,6071,6289,5953,5817,5820,6173,5452
6247,6840,6246,6378,6414,6379,6380,6220,6412,6395,6413,6394
7245,6797,6801,6708,6798,6842,6639,7179,6843,6828,6844,6937
6828,6801,6638,6797,6937,6318,6425,7179,7431,6842,5855,6455
6902,6711,6849,6900,7108,7968,7413,6899,6851,6901,7110,7885
6901,6711,7707,7272,6899,6709,7567,6900,6902,7211,8184,7661
6900,6899,6902,7707,7968,7812,7211,7567,7108,7413,7210,8184
6710,6559,7150,6901,6711,7044,7151,7272,6709,7567,7707,6899
7185,6714,7111,7078,6960,7184,7227,7998,6933,7183,7225,7851
7078,6933,7111,7851,7185,7998,7609,7034,7184,7183,7274,6960
7483,7636,6254,7800,6716,6165,7635,7560,7252,7740,7837,7586
7837,6584,7560,6872,6625,7347,7740,7346,5700,6626,5458,6585
7507,7009,6928,6788,7447,7007,6946,6816,6925,7140,7073,6819
6477,6390,6389,6392,6476,6365,6361,6370,6043,6478,6589,6369
6624,6470,6471,6611,6275,5982,6751,6400,5869,6505,6507,5892
6468,6466,6201,7325,6637,6241,6452,6450,7230,6202,6578,7323
7212,6267,6953,6264,6337,5972,7099,6221,7213,6222,6338,6265
6721,5975,6267,5942,6953,7212,5972,7013,6264,6221,5943,6337
6724,7264,6436,6302,6896,6303,6141,6163,6895,6702,6258,6546
6896,6302,6303,6546,6702,6163,6258,6544,6377,6297,6545,6733
92,5858,86,6426,6319,79,6427,5749,6010,6011,77,5878
8155,7026,6503,7222,7047,7402,7028,7046,6727,6495,7544,7221
7028,6493,7027,7494,7047,6005,6464,6951,6988,6987,6948,7046
6615,6152,7481,6515,6115,6151,5731,5730,6116,6516,6164,6613
6971,6970,71,6731,6969,68,73,64,7065,7407,6968,69
6729,6864,6669,6971,6883,6970,6969,6731,6670,71,73,6968
7407,73,6971,71,69,7428,7566,68,62,6970,7563,7565
7365,6701,6700,7978,6545,7235,7006,7979,7364,6546,6543,9531
6701,6732,6702,6700,6545,7365,6546,6999,7006,6303,6543,6297
7107,7122,6875,7123,7540,6876,7068,7541,7124,7066,7637,7806
6912,6734,7107,6633,7122,7068,7066,6875,7541,7069,7540,6876
6913,6735,6631,6912,6914,6734,7070,7107,6633,7066,7069,7068
6850,6918,6760,6758,6851,7152,7189,7109,6757,6547,7110,8194
6758,6737,6760,6918,6547,6850,6757,7189,5911,7152,6549,7899
5999,6590,5956,6203,5958,5959,6000,5621,7822,6989,5998,5957
6104,6103,6865,5468,5658,5991,6188,5509,5465,5466,5990,5659
5622,5716,5748,5746,5745,110,5857,5747,105,5749,5858,6426
456,6762,6845,446,442,6846,7120,437,6903,6904,433,7275
7280,6542,7281,6271,7482,5926,6099,7004,6541,7772,6251,5925
6473,6081,6107,6109,6002,6003,6001,6825,6782,5861,7000,6108
6746,6647,6646,6649,7412,7092,7093,6443,6313,6648,6858,7411
7093,7412,6646,7411,6647,7158,7410,6648,6690,712,6443,710
6114,6651,6650,6113,6738,6548,6737,6652,6761,6034,6758,5921
6749,7446,7273,7194,6660,7852,7386,7444,7400,7463,7579,7464
6660,7194,7386,7446,8250,7579,7400,6124,7273,6661,6439,7463
6876,6595,6592,7124,6875,6756,6983,6593,7123,6403,7807,6982
6567,6399,5890,6539,6506,6316,6566,6206,7786,5766,6540,6568
6134,6552,6754,6135,6136,6373,6753,6607,5981,5979,6372,6116
6373,6629,6627,6372,6728,6136,6628,6614,6134,6152,6116,6115
6552,6753,6373,6134,7080,6136,6627,6629,6372,6135,7157,6116
976,5273,5064,964,5545,5544,5546,956,5881,4868,952,5791
6592,6403,6593,6367,6595,6405,7388,6983,6594,6876,6982,6368
6759,7189,7268,6859,7190,7337,8194,6304,7270,7452,6305,7338
6547,6760,6757,6918,7899,6759,7189,6850,6501,7268,6304,7152
6859,7268,6304,6305,7337,7452,7190,7270,6617,6129,6860,6348
6757,7189,6759,7268,7152,7899,8194,7190,6859,6304,7337,7188
6758,6738,6547,5911,6760,7899,6737,6757,6918,6501,6759,5666
446,6845,442,7120,437,6903,433,431,7275,7136,428,7490
6571,7930,6417,6502,6384,6323,6419,6569,6411,6418,7321,6504
6572,8040,6569,7172,7181,6571,7182,6570,6502,7171,6763,7312
6572,6763,6571,6382,6764,6569,6502,7930,6417,8042,6383,8040
6764,6572,6765,8042,6569,6571,8040,6763,7181,7172,6502,6382
5825,5396,5417,5190,5304,4568,4722,5063,5416,4567,4781,4804
6573,6519,6517,6511,6675,6575,6574,6514,6512,6441,6527,6476
6517,6768,6519,6574,6527,6573,6676,6511,6512,6600,6518,6514
6785,6583,6784,6786,6582,6804,6810,6812,6146,7187,7036,6811
7224,6458,7035,6415,7480,6783,6457,7204,7293,6413,6459,6770
7325,6720,7322,6468,7230,6637,6466,6201,7378,7377,6452,7323
6563,6985,6986,6774,6564,6996,6997,7135,6229,7177,7134,6167
7177,6229,6997,6230,7178,7278,7135,6166,9146,7237,6228,7277
6098,5923,5926,7280,6743,5483,6314,6099,5925,6271,6542,5924
6765,6382,6763,6571,6383,6572,6766,7930,6417,6764,6323,6569
6668,6667,75,70,6891,7082,65,7585,8137,60,7584,54
6894,6916,6911,6910,6775,6098,6743,6315,7689,7343,7280,5923
5545,5791,5543,5881,5450,5273,6755,5546,5859,5214,8119,5544
6235,6234,6939,6093,6089,6233,6941,6069,6090,6940,6942,5863
8200,7276,7427,6939,6108,6780,6941,7597,7561,6235,6234,6233
6781,8200,7241,6108,6001,7276,6780,7427,5862,7206,6939,6234
6770,6786,7293,6784,6785,6583,7036,6810,6582,6145,6804,6812
6812,6804,6810,6811,7424,7187,6827,7064,7113,7436,7114,6416
6582,6784,6804,7187,6812,6827,6810,6811,6416,6581,6147,7424
6784,6810,7036,6785,6812,7064,7424,6804,7061,6582,6811,7113
7010,6788,6619,7140,7009,6717,7139,7007,7125,7008,7507,7447
7009,7007,7140,7507,7008,7447,7125,7128,7139,6928,6946,7126
6645,6600,6790,6769,6517,6527,6599,6793,7372,6535,6574,6519
7372,6600,6599,7286,8115,6645,6535,6601,6527,8056,6517,9144
9183,6792,7555,9182,6858,6142,6143,6649,6312,6878,5821,6313
6858,6143,6312,6048,6649,6313,5824,5822,5961,6212,6647,5960
6769,6768,6676,6519,6517,6645,6573,6814,6574,6511,6675,6527
6793,6832,6834,6769,6768,6676,6814,6645,6789,6517,6519,6573
6652,5743,6017,6650,5764,5912,5254,6761,5911,5251,6651,5666
685,679,687,5752,676,690,675,4655,677,682,680,4631
6842,6801,7179,6841,6991,6844,6937,6828,7180,6992,6994,7431
6844,6797,6842,6841,6994,6991,6992,6801,7179,6993,7021,7019
6707,6797,6798,7245,6843,6842,6844,6801,6841,6708,7179,7020
6799,6707,6961,6673,6797,7245,6798,6843,6672,6842,6801,6708
7179,6937,6828,6842,7431,6991,7180,6936,6318,6841,6358,6938
6480,6295,6294,6293,5733,8259,6296,6157,6483,5639,4922,6482
5320,5341,5321,5684,5322,5043,4919,5649,5044,5509,4867,4950
6827,6811,6812,7436,6581,7113,7424,7054,7114,7155,6195,6580
6388,6806,6461,6808,6286,6285,6824,6922,6462,6809,6387,6226
6285,6286,6808,6462,6284,6922,6387,6250,6226,5994,6920,6287
6388,6809,6805,6922,6808,6806,1025,7016,1027,1023,6285,1021
6285,6387,6286,6284,6920,6921,6919,6250,6462,6287,7018,7050
7016,6922,1023,1021,1019,1020,6388,1022,6920,6808,7018,7260
7424,6812,7064,7113,6804,6811,7623,7144,7114,6827,7143,7156
7436,7113,7114,7155,7054,7156,7435,7623,7437,7308,7438,7628
6811,7424,7113,7114,6827,7436,7623,7156,7155,7144,7054,7435
6834,6641,6794,6814,6793,6676,6587,6768,6832,6769,6675,6979
6676,6979,6675,6768,6573,6588,7307,6575,6441,6406,6769,6519
6641,6813,6586,6587,6814,6833,6834,6087,6086,6794,6676,6979
6925,6928,6927,8094,6926,6946,7507,7074,7979,7726,9531,7009
6819,6680,6926,6962,6816,6927,7979,6999,6681,7045,6925,6928
6680,6817,6819,8352,6681,6816,6347,6926,6962,6928,7121,6927
6816,6926,6927,6925,7979,8094,6928,9531,6999,7726,7074,7978
7504,6308,6291,6666,7759,6281,6282,6290,7057,6752,7209,6393
6309,6820,6307,6871,6308,6281,7504,6291,6118,6283,6666,6873
6967,6821,6307,6309,6118,6888,6283,6281,6820,6308,5827,6871
6592,6750,6756,6595,6876,6593,6391,6403,6983,7124,6982,7388
6461,5883,6226,6462,6214,6806,6286,5994,5884,5993,6250,6388
7000,6109,6782,7205,7241,6107,8944,6781,7206,6001,8200,7239
8170,6376,6317,6695,7299,5877,6256,6485,5879,6952,7298,6694
7436,6811,7054,6580,7114,7155,7308,7113,7437,7227,7435,6196
7431,6937,6318,7179,6358,6936,6455,6938,5906,7180,5856,6359
4420,4831,4622,4355,4416,4195,4367,4356,5157,4576,4834,4074
6831,6789,6790,7373,6832,6600,6645,7266,7372,6599,6794,6769
6832,6789,6645,6794,6793,6790,6769,6600,6517,7373,6834,6768
6793,6769,6645,6789,6517,6768,6834,6600,6519,6527,6574,6790
6794,6813,6834,6793,6832,6831,6641,6768,6769,6814,6676,6789
6793,6676,6768,6814,6769,6573,6675,6519,6979,6575,6517,6511
6831,6833,6794,6832,6830,6793,6789,6813,6834,6769,6645,6898
6579,6408,6262,6723,6183,6182,6436,6261,7264,6724,6263,6140
4916,4336,5475,4233,5694,5695,4335,5171,5474,4232,5637,4023
6613,7481,6516,7399,6515,7423,6615,6728,6164,6255,7396,6151
6616,6838,7371,6614,7481,6613,7368,6629,7399,6516,6615,6728
6414,6380,6378,6413,6412,6394,6220,6395,6415,7931,6460,6459
6992,6991,6993,7021,7179,7216,7382,7180,7217,8018,7331,6937
7179,6991,6841,6937,7180,6992,7216,6993,6828,6936,7382,7431
6844,7020,6798,6994,6841,7333,6797,7019,6992,6842,7021,7330
6994,6841,6992,7019,6842,7021,6993,6991,7331,7179,7330,7332
7120,6903,442,437,446,433,7275,7136,431,428,7490,427
6903,6845,7275,7120,7136,6762,7384,437,433,442,431,7490
6687,6866,6848,7011,6686,6742,6846,6904,7219,6845,467,6762
6866,7219,6904,7385,7011,6846,6687,7681,7384,7275,6742,6845
7108,6902,7110,7885,7413,6711,6900,7152,7968,7784,7188,7779
6851,6918,7152,7110,6760,7189,6849,8194,7188,7108,6757,7885
7110,6849,7152,7108,7885,7188,6902,8194,7784,7413,7189,6760
6854,6855,7441,7474,7055,7294,7056,8282,7475,6905,7024,7847
7841,6609,6855,7051,6852,8282,8189,8332,7138,7474,7441,8190
7294,7055,7441,7056,7024,6906,6943,7474,7456,7475,7569,7542
7474,8282,7441,6854,7475,8189,7847,8045,7056,7055,7569,8190
6530,6972,6612,8680,7032,6882,7104,6479,6465,7103,7173,6492
6528,6530,6856,6974,6482,6612,8680,6972,6465,6481,7032,6483
6649,6312,6313,6647,6212,6143,6048,6311,6443,5961,6646,6211
7452,7337,6305,6617,6860,7270,6348,7190,6618,6349,7453,6787
6618,6787,7141,7010,7453,6619,6349,6788,7253,7139,7140,7677
6885,6730,6863,6671,6864,6669,6884,6729,6883,6497,6670,6969
6671,6861,6730,6497,6669,6885,6863,7406,6670,6729,6864,6499
6883,6864,6730,6729,6969,6968,7090,6970,6669,7283,6971,7095
6729,6969,6970,6968,6971,7065,7095,68,71,64,7096,6731
6104,5468,5509,5466,5658,6103,5465,5469,5044,5991,5256,5257
7011,6846,6904,6845,7275,6742,6903,7385,7384,6762,7120,456
4958,6036,5289,4957,4815,5288,5738,4814,5015,4626,4813,4563
6893,6565,6655,5598,6945,5597,5973,5873,7186,7147,6892,6150
6888,7282,6821,6822,6874,6871,6965,6820,6309,6967,7581,6307
6822,6869,6965,6821,6967,6888,6307,6336,6309,7282,6820,6118
7504,6873,6820,7759,6666,7209,6309,6291,6308,7503,7057,7058
6584,6585,5700,6625,7837,5238,6626,5250,5699,5240,7347,4998
7209,7504,7759,7503,7058,7057,6666,6820,7060,7208,6291,6754
6871,7501,6873,7504,7502,6820,7503,7759,7209,6821,7583,7582
7123,7122,7124,7540,7107,6595,7807,7806,6983,7541,7637,7068
7124,6875,6595,6983,7123,6592,7807,7122,6593,6982,7540,7806
6879,6878,6745,7094,6746,9182,6647,6649,6646,7092,7327,9183
9182,6649,6745,6647,6858,6646,6313,6746,6443,7094,6792,7412
7094,6745,6746,7092,7327,6878,6646,7093,6647,714,7412,7411
7625,7296,7295,6602,7626,7893,7042,7242,7244,7954,7195,6075
6880,7292,6306,7801,7625,7296,7624,7626,7295,6602,6066,7043
7103,6492,6491,7102,7320,7329,6218,7534,7146,9479,6356,7174
6968,6969,6864,7090,7095,7089,6970,6729,7065,7096,7149,7284
6883,7090,6863,7283,6968,6864,7089,6969,7284,6730,8199,7095
6863,6884,6883,6730,7285,6864,6671,7090,7283,6968,6729,6969
7051,8332,7841,6853,8189,8190,8261,8242,6855,8282,6609,8045
6886,6853,7052,6608,7841,7051,8332,6609,7986,6855,8261,6536
6871,6874,6821,6820,7504,6873,6309,7501,6308,7759,6307,6666
6905,6890,7137,6334,6906,7294,6333,7138,6703,6854,7542,6240
6905,6703,6906,6333,7542,6345,7294,6704,6943,6237,6923,6854
65,60,8137,54,7470,49,48,7743,51,7742,47,7997
5872,5597,5460,5461,5491,6565,5873,5392,5391,5390,6655,5974
6945,6655,7147,7186,6565,5973,7012,6654,7130,5873,5597,6150
6910,6911,6916,7689,7343,7117,6743,6098,6775,7482,7613,7281
6556,6733,6702,6896,6701,7045,6724,6732,6546,6545,6303,6700
6702,6303,6546,6302,6544,6545,6701,6733,6258,6297,6543,6257
7169,7269,6898,6830,6831,7167,7373,6835,6789,6790,7265,6832
6830,7373,6790,7266,6789,7168,6831,7372,6600,6599,7288,7286
7211,7812,7210,8184,7968,7645,7643,7642,7644,7413,7658,7871
6899,7968,7812,7413,7643,7210,7211,7813,7644,7885,7645,8184
7707,7567,6899,6711,7211,8184,6900,7568,7210,7645,7812,6902
6900,7108,7968,7413,7885,6899,7812,7110,7813,7643,7779,7210
7120,7136,433,437,431,442,428,7490,427,426,7510,7722
6846,7384,7275,6903,7442,7489,6845,7490,7136,7120,7722,6762
6906,7294,6703,6854,7542,6943,6333,7055,7024,6704,6923,6345
7542,6703,6943,7294,6923,6704,7024,6345,6944,7055,6433,6924
6586,6815,6086,6641,6976,6087,6587,6813,5790,5682,6814,6588
6289,5882,6288,5938,5385,6071,6096,5359,6705,5453,6024,5358
6908,6288,5895,6289,5882,6705,6096,6071,5385,5938,6691,5952
7343,6911,7689,7613,7482,6743,6916,7199,7281,7688,7355,6098
7689,6743,7343,6098,7281,6775,7482,7280,6542,7613,5926,6271
7107,7066,7068,6734,7122,7545,7541,7420,8574,6875,7540,7546
6914,6735,6912,7066,6631,6734,7069,7107,7068,8574,7420,7122
7069,7066,6912,6735,8574,7420,7068,7107,7545,7417,6734,7419
6887,6608,6853,6886,7053,6609,6536,7841,6855,7052,7051,6852
6098,6911,6775,6743,7280,5926,7689,5923,6542,7281,6099,6271
6421,6340,6422,690,692,687,6796,5913,695,685,6423,697
6760,7189,7152,6757,6851,8194,6547,7190,7110,7268,7188,6759
7049,7050,6984,6287,6551,7048,7072,7071,7191,6192,6550,6773
6921,7015,6387,7017,7249,7050,6919,7251,7250,6284,7191,7048
7017,7050,6919,7191,7048,7250,6984,7049,7193,7071,6287,7232
6808,6920,6387,6285,7018,6921,7015,6284,6286,6919,7017,7249
6924,6944,6433,7455,6683,6344,6978,7023,6591,7025,6975,7456
6978,7455,6683,6975,6682,7025,6677,6591,7023,6977,6642,7176
8094,6946,7074,6927,7726,7075,7073,9531,7979,7447,7532,7907
7979,6927,6999,9531,7978,8094,6925,7365,7726,6732,7364,7907
8094,7979,9531,7726,7074,7907,7978,7364,6946,7727,7906,7532
7507,6925,6946,7009,8094,7447,7074,6927,7073,7075,7007,7726
7980,6930,7175,7106,6877,6879,7231,7326,7154,7094,7327,721
7231,7106,7326,7980,719,7327,717,7094,7175,6879,715,6877
6934,7231,721,6930,723,719,7326,6929,7106,717,7327,7980
3942,508,4711,4310,506,504,5128,4311,4496,502,4742,5104
7078,7034,7851,7077,7998,7111,7033,7802,7274,6604,6603,7185
721,723,7231,719,6930,7326,717,7106,6929,715,7327,7980
6934,723,724,6931,721,7231,719,6685,6930,7326,717,6929
6938,6955,6358,7271,7202,7216,6359,6805,6807,5906,7383,7382
7431,6936,7180,6938,6358,6991,6955,7216,7271,5906,6359,7202
7202,6359,6955,6805,6824,7271,6461,5885,5499,6807,6806,6388
6235,6941,6233,6093,6940,6942,7562,6089,6236,6090,6622,6069
6942,6622,6963,6537,7533,6915,6236,6608,6964,6887,6536,8123
6940,7562,6233,6942,6235,7533,6963,7631,6622,6093,6537,6236
6537,6622,6236,6608,6536,6963,6915,6538,6223,6609,6887,6853
7024,6923,6944,6704,6924,7023,7456,7455,6433,7056,6978,7025
7455,6924,7023,7025,6978,6433,6975,6683,7394,7457,6682,7176
7186,6655,5973,7012,6654,6565,7130,5971,5873,6150,6722,7014
7073,7074,7075,8094,7509,7508,7726,7532,7128,7531,7493,9531
727,6935,724,723,6934,721,6931,7231,719,6685,6930,717
6596,6272,6273,6950,6597,5714,5802,5713,6062,5803,6137,5655
6596,6597,6948,6598,6950,6273,6137,6957,6988,6272,7112,6062
6062,6064,6139,5803,5802,5801,6065,6138,6066,6956,5589,5713
6949,6948,6596,6995,6597,6988,6273,6272,6950,6598,6987,6137
7395,6694,7633,6693,7619,7297,6486,6692,7632,7406,7405,7723
7212,7099,6337,7101,6267,6264,6338,6375,6265,7098,7100,7868
6722,7013,6953,6721,7212,7213,5971,5975,7162,6267,7099,6337
6805,7202,6807,6388,7383,6806,6461,6359,6809,6824,6808,6922
7289,6139,6605,7290,7291,6138,6606,7380,6881,6064,7381,7754
6956,6137,6139,6605,7289,6950,6138,6064,7290,7291,6606,7363
5741,6171,6028,5740,6445,6432,6027,6448,5739,5910,6447,6025
6652,6620,6650,6795,6651,6747,6017,6761,5743,5853,6114,6738
7225,7184,7226,8571,7111,7351,7430,7183,8096,7451,7437,7998
6799,6843,6798,6844,6707,6797,7020,6842,6841,7245,6994,6673
6926,6999,7045,7979,6819,6732,7978,6927,7365,6733,9531,6816
6964,6622,6915,6887,7053,6608,6537,7246,6853,6886,7247,7052
7053,6887,7247,6915,7052,7985,6886,6622,7986,6853,6608,8332
6822,6967,6336,6172,6307,6118,6821,5827,6309,6283,5826,6888
6965,6172,6336,6967,6822,5827,6118,5826,6870,6307,6821,6044
6118,6307,6283,5827,6821,6309,6044,6281,6046,6308,6101,6820
7095,6969,7089,7096,7149,7065,6970,7836,61,58,7791,59
7065,7095,6970,7096,64,7089,58,59,61,68,7149,71
68,7065,64,71,59,7095,73,58,7096,61,69,7149
71,73,6970,68,69,7407,64,6969,7065,7428,62,59
7104,6612,6882,7103,7173,7320,6479,6492,6491,7102,6465,7317
6974,6857,6856,7031,6530,7032,6972,6528,7461,6612,8680,7104
6856,7032,6972,7104,6612,6530,7359,7173,6882,8680,7103,7320
6977,7176,6682,6976,6833,6835,7550,6642,7269,6794,6815,6813
6833,6815,6813,6641,6794,6835,6834,6586,6814,6793,6587,6832
6833,6976,6835,6794,6813,6815,7269,6831,6832,6793,6834,6641
6975,6682,7025,6677,6977,6642,7176,6976,7394,6833,6643,6815
6406,6675,7307,6676,6441,7306,6407,6575,5692,6440,6573,6042
4805,4348,4806,4196,5150,4347,4808,5511,4663,3967,4932,5125
703,6688,701,7374,699,698,6420,697,6423,6352,695,6422
7390,7389,7387,7476,7702,7592,7595,7806,7594,7496,7578,7638
6982,7807,7390,7388,7123,7389,7806,7387,7702,7476,6594,7540
7071,7072,6773,6985,7076,6563,6550,6986,7097,6996,7233,6564
6996,6986,7134,7135,6774,6563,6997,7133,7177,8072,6564,7549
6997,7135,6774,7177,7133,9146,7278,7549,6229,7178,6230,7548
6988,5655,5714,5514,6272,6948,5713,5279,5515,6007,5754,6273
6948,6272,5714,5713,6273,5655,6596,5802,5514,5515,6950,5587
6201,6720,6000,6772,6466,6241,6202,6468,7325,5998,7229,6450
6966,6173,6172,6965,6336,7309,5953,5826,5827,6967,6870,6822
7216,7180,6993,7382,7271,6936,7383,7217,6955,7431,8018,7261
6993,7021,6991,8018,7382,7217,7834,7216,1041,1040,1039,1038
7382,7217,7216,8018,1041,1040,7383,1038,1039,1035,7261,1033
6992,7021,6841,7331,6993,7834,7332,6991,8018,6842,7710,7382
6949,6598,6597,6596,6957,7112,6137,6950,6948,6956,6273,6139
7135,6986,7133,6997,7549,8057,9146,7548,6774,7177,7278,7547
7177,7278,9146,7178,7549,7279,6230,7277,7547,7237,7548,8001
6469,7164,6326,7041,7039,6276,7165,633,7086,6328,7314,631
7979,7365,7978,6732,9531,6700,7364,6927,7235,6701,7907,7906
7241,7205,6782,6781,7206,7427,7239,8200,7276,7597,6108,6001
7002,7965,7003,6825,8944,7000,6109,7205,6473,7966,7240,7241
7205,7000,6825,8944,7241,7239,7206,7240,6109,6782,6781,7597
6473,6825,6109,6744,7002,7000,6107,6782,7965,6081,7205,7241
7003,7001,6541,6473,6825,7773,6109,6744,7002,7965,6251,7000
6885,7236,6861,6862,6863,7366,6884,6671,6730,6498,7285,6883
7005,6635,7235,6862,6861,6298,7236,6885,6498,7366,6671,7364
7008,7447,7128,7126,7125,7509,7127,7073,6946,7342,7493,7341
7126,7127,7128,7341,7342,7447,7509,7340,7339,7493,7426,7473
7507,7007,7447,6946,7128,7008,7073,7509,6925,7126,7125,7075
7140,6788,7139,7125,7007,7008,7009,7256,7255,6717,7254,7127
6742,6846,6845,6762,456,6904,6903,7120,442,446,7275,437
6654,7014,6954,6722,7132,5973,5971,7013,6721,7131,6953,5975
7213,6953,7310,7099,7101,6721,7212,7868,6337,7749,6375,7098
7132,7131,6954,7013,7162,6654,6953,6722,7159,7213,6721,7310
7017,7251,7250,6921,7361,7050,7191,7232,7193,7048,6919,7523
7018,7260,6920,6922,7249,7015,6808,6921,6387,7454,7251,7017
7250,7050,7191,7048,7193,7232,6919,7361,6984,7233,7076,7071
7015,7249,6920,7251,6921,7017,7250,7367,6387,7361,7050,7232
7331,6994,7332,7021,7710,6992,7834,7712,7814,6841,7711,8018
6844,7019,6994,7330,6798,6992,7331,7021,6841,7332,8124,7710
7834,8018,6993,7710,1041,7217,7711,7835,1039,1040,7382,1037
6766,6765,8041,6572,6764,6776,8042,6571,6569,6763,8068,8040
7025,7455,7394,7457,6975,7176,6978,7357,7550,7477,6977,6683
6944,7456,7023,6923,7455,7569,6924,7457,7025,7394,6978,6433
7394,6975,7176,7550,6977,7357,6682,6835,7269,6833,6976,6897
7047,8155,7028,6727,7046,7222,6951,7027,6493,7494,6949,7221
6951,6988,6948,6987,6596,6272,6949,6273,5714,6006,6597,6995
7027,6951,7494,7046,6948,6949,6988,6596,6005,6995,6987,7221
8073,7031,7360,6973,7461,6974,7119,7460,7458,7032,6857,6856
8073,7119,6973,7029,6857,7031,6529,6974,6856,6528,7360,6530
7461,6974,7032,7460,7359,6856,6972,6857,7173,7104,7607,7608
7359,7173,6972,7104,7880,7320,6612,7103,7317,6882,7608,7882
7274,7852,7273,7445,6748,7350,7464,7444,7446,7466,6170,7516
7851,7033,7802,6603,7274,7998,7852,7273,6748,6168,7445,7350
6783,7293,6786,7062,6770,6457,7036,6784,6810,7063,6785,6583
7061,6810,7064,7424,7142,6784,7144,7143,6812,7623,7113,6785
7117,6910,6894,7343,7088,7199,6911,7613,7689,6778,7198,7482
7037,7088,7117,7199,6910,7198,7200,7343,6894,7201,7613,7335
6659,7041,6508,6658,7038,7040,7037,6506,6568,7086,6894,7087
7087,7038,7088,7200,7037,7117,7201,7198,7199,627,6658,624
7040,7086,6659,7038,7087,7037,7088,6508,7315,6658,7200,7117
6909,5894,7242,6908,5895,6288,5419,7244,6289,5882,6705,5385
6602,6075,6076,7042,5421,7296,5894,5777,6880,6909,5419,5420
6180,6709,6559,7109,6849,6711,6710,6902,6549,7108,6851,6900
6732,6733,6999,7365,6701,6926,6700,7979,7978,6702,6545,6819
6949,6995,6951,6597,6596,7571,7027,6598,6948,7961,6950,6137
7028,7046,6951,6949,7027,7221,6995,6948,6596,7494,6597,6988
7071,6984,7076,6985,7233,6773,6996,7072,7134,6986,7789,6563
6551,6984,7072,6550,6192,7071,7048,6773,6563,7097,6193,6985
7048,7191,6984,7071,7049,7076,7193,7233,6985,7072,6773,6551
8189,7841,8190,8242,8282,8045,8046,8188,6855,8239,7474,7846
8332,8261,6886,7051,8242,8260,8190,7841,8239,6853,8189,8188
6887,7052,6886,7986,8332,6853,8261,7051,7987,7841,8242,8260
7308,7155,7437,7227,7225,8571,7438,7435,7451,6640,6960,7666
7056,7024,7456,6943,7475,7569,7023,6944,7457,7478,7542,6923
7569,7456,7024,7478,7457,7023,7847,7477,6944,7817,7394,7357
6752,6754,6552,7059,6290,6134,6753,6373,6135,6136,7079,7080
7057,6754,7059,6752,7079,6753,6552,7080,6373,6134,6290,7157
6754,7080,6753,7157,6552,6629,6373,6752,6628,6627,7085,6728
7058,7059,7079,6754,7057,7080,7157,7302,6753,6752,6552,6666
7143,7064,7144,7620,6810,7971,7424,7623,7622,7621,7970,6812
7063,7293,7203,7036,7142,7061,6786,6783,7403,6810,7064,7143
7061,7142,7036,7143,7064,7404,7144,6810,6786,7971,7620,7424
7424,7144,7623,6812,7113,7622,7620,7156,6811,8125,7971,7621
58,59,7096,64,61,53,7149,7791,41,7872,45,44
7420,7068,7545,7932,7418,7107,7419,7546,7719,7541,7718,8270
7070,6913,6914,6736,7069,6735,7421,6634,6912,7066,6631,8574
7545,7541,7546,7932,7540,7721,7718,7637,7418,7719,7936,7821
8574,7066,7417,7419,7420,7418,6912,8422,8270,7932,7545,7068
6914,7069,7421,6913,8574,7066,7417,6912,7419,7420,6735,7418
6985,6773,7076,6986,6996,6563,7233,7134,6774,7135,6997,6564
6563,6773,7097,7071,6564,6985,6774,6167,6986,5935,6229,7076
7509,7075,7508,7493,7531,7532,7554,7342,7126,7491,7648,7726
7075,7726,7532,7073,7727,7531,7907,7508,7509,7827,7646,7906
7508,7531,7532,7493,7646,7648,7727,7647,7554,7827,7491,7342
6985,6996,7134,6773,6986,8072,7133,7135,8057,7884,6997,6563
7034,6603,7802,6168,7033,7851,6748,6170,6155,7273,7274,7852
7851,7111,7998,7034,7274,7183,7033,7350,7184,7077,7802,7852
7157,7302,7059,7080,7085,6628,6753,6754,7379,6629,7084,6839
6629,6753,6628,6614,6627,6728,6616,6373,6552,6839,6372,6615
7082,6692,7584,6667,7996,7585,6693,7743,6777,6891,6668,7997
6667,7584,7585,6891,6668,7743,7996,8137,7470,65,75,60
7371,6839,7368,6838,7397,6616,7399,6613,7398,7396,7481,7488
7083,6839,7370,6628,7371,6616,6838,7368,7397,7528,7080,6614
7084,6628,6839,6616,7080,7083,6838,6614,6629,7371,7370,7481
7087,7040,7315,7200,629,7038,7088,627,7201,6659,624,7198
7200,7088,7201,7038,624,7198,622,7199,7117,7354,7037,620
7198,7201,7199,7117,7335,7354,622,7613,7355,7336,620,7343
7149,7095,7836,7096,7791,7872,7876,61,7877,7065,53,58
6968,7089,7284,7095,6969,7149,7836,6864,7096,7876,7065,7839
7137,7138,6889,6905,6854,6609,6852,7294,6890,6906,6334,7441
7411,6746,7093,712,7410,7412,7158,710,6646,708,6690,707
7412,7158,7410,6690,708,710,6648,707,6689,6443,705,6472
7092,6746,714,6745,7411,715,7093,712,7412,6646,7410,7158
7096,7149,7065,61,58,7791,53,59,7836,64,7872,41
61,58,7791,53,59,41,7872,64,45,44,7877,52
6564,6563,6167,5935,6229,5933,6773,6774,5725,6166,6230,5934
764,6375,6699,765,762,767,6520,7100,758,6338,6521,6374
6338,6337,6375,7100,7098,6264,6265,6339,6520,6374,6699,764
6374,6520,6339,6523,6522,6265,8003,6521,6490,6561,6697,6562
7098,6375,7099,764,7675,6699,765,6338,7100,762,6520,6337
9479,7534,7174,7448,7319,7146,7328,7329,7316,7318,7259,7449
7102,7320,6491,6492,7534,9479,7174,7317,7329,7146,7448,7319
7103,7320,6882,7102,7317,6491,7174,6492,6479,9479,7951,7534
7175,7153,6929,7980,7154,7234,6877,6930,7106,6879,7116,6878
7094,7327,7326,6879,6877,7092,715,717,714,6746,6745,7411
7122,7068,7541,7540,7545,7123,7546,7637,7721,7420,7806,7932
7885,7413,7110,7968,7784,7779,6900,7813,7188,7643,7812,8194
6849,6851,6850,6709,7108,7110,6902,7152,7885,6918,7413,6711
7885,7188,7784,7413,8194,7779,8195,7968,7813,7338,7785,7190
7998,7184,7183,7851,7350,7351,7274,7516,7226,7034,7033,7445
7674,6957,6598,6956,7289,7362,6137,6139,7363,6597,6605,7291
7114,7156,7623,7436,7435,7155,7628,8125,8331,7622,7054,7438
7435,7155,7156,7628,7438,7054,7437,8428,8331,8125,7666,7308
6736,6634,7067,6913,6735,6631,6532,6914,7070,6912,7499,6734
9182,9183,6878,6649,6791,6877,6858,6792,6745,6647,6313,6879
7199,7343,6910,7613,7198,7355,7335,7689,7482,6911,7688,7354
6529,7119,6696,7030,6857,6531,6528,6973,7215,8073,6530,6856
6529,6857,6973,8073,6528,6856,6530,6531,6974,7031,6482,6612
437,433,442,431,7136,428,427,7490,426,7510,424,7722
6962,7045,6556,6817,6999,6926,6732,6733,6895,6819,7979,7365
7540,7123,7541,7637,7806,7068,7124,7721,7807,7805,7546,7545
7540,7806,7807,7637,7805,7541,7702,7390,6982,8319,7989,7721
6983,7123,7807,6982,7806,6593,7390,7540,7702,7805,7388,7637
7008,7341,7127,7126,7425,7426,7339,7128,7340,7342,7717,7447
7342,7340,7493,7339,7473,7509,7491,7426,7472,7471,7492,7554
7126,7339,7340,7426,7342,7128,7473,7716,7471,7717,7493,7491
7509,7126,7342,7493,7073,7508,7491,7340,7473,7554,7075,7339
7014,7131,7130,7160,7132,7012,7159,7162,7257,6954,7013,7186
7012,7014,7186,7132,6954,7131,6654,7160,7013,6722,5973,7162
7132,7162,7159,7013,7416,7310,6954,7213,7392,6953,7749,7101
7013,7162,6954,7213,6953,7310,7416,6721,6722,7101,7099,7212
7549,7135,7548,9146,7782,6997,8142,7547,7278,7279,7736,7177
6996,7133,8057,7135,6986,7548,7549,8299,8142,6997,9146,7782
6997,7549,9146,7278,7548,7177,7547,7279,7178,7782,7277,8001
428,431,427,433,426,7510,424,420,7919,8102,417,7920
6905,6854,7294,6906,6852,6890,7055,6943,7441,7542,7024,6703
6852,7137,6854,6905,7294,6855,7441,7055,6906,7474,7056,6890
7256,7125,7255,7140,7341,7008,7425,7127,7432,7007,7426,7126
7125,7008,7007,7009,7256,7127,7128,7126,7341,7447,7255,7507
7010,7253,6787,7139,7140,6788,7254,7125,6619,7255,7256,7007
7143,7404,7061,7971,7144,7620,7596,7064,7495,7970,7901,7621
7971,7620,7144,7970,7596,7064,7621,7622,7623,7901,7972,7424
7620,7622,7623,7424,7621,8125,7970,7113,7156,7976,7972,8331
7130,7147,7129,7012,7014,7161,6945,7186,6893,7131,7160,7132
7328,6442,6357,7145,7448,7148,7449,7147,6893,7130,7319,6130
6945,7186,7130,7012,6655,6654,5973,7014,7129,6565,6954,5971
6893,6868,6945,7147,6655,7186,6565,5598,7145,5973,7130,7012
7791,7096,7872,61,53,7877,41,45,58,44,52,56
6710,7272,6901,7567,7707,7661,6711,7568,6899,8184,7211,6709
7238,7272,7150,7661,7567,8038,7657,6901,7568,6710,7707,8184
8194,7110,7188,7189,7784,7190,7885,7108,7338,6757,8195,7268
7234,7175,7154,7116,6877,6929,7980,7303,6878,9182,6879,9183
7116,6877,6878,7980,9182,6745,6879,9183,6649,6647,7106,6791
7437,7435,7438,7308,7666,8428,7628,7451,8571,7627,7225,8331
7628,8331,7435,8125,8428,7687,7155,8127,7438,7976,7627,7964
7085,7080,6628,6629,6839,7084,6616,6753,6614,6838,6728,6627
708,6690,707,6689,705,6648,6981,703,6472,6688,6444,701
7416,7162,7310,7749,7414,7132,7013,7213,7868,7415,7506,7505
7159,7131,7257,7392,7162,7416,7132,7014,8151,7013,7310,7414
7160,7129,7131,7257,7159,7014,7130,7348,7132,7392,7162,7416
7310,7013,7213,7749,7101,7868,6953,7414,7099,7098,7506,7675
4778,4978,5160,5161,4777,4697,5701,5612,4936,5242,4977,4779
7165,7086,7041,7314,631,7040,7315,7087,7039,629,7038,6659
7314,631,7086,7315,629,7087,7041,7040,627,7200,624,7088
7169,7167,7265,6898,7168,6897,7373,7573,6830,7287,7266,7288
7373,7168,6898,7266,6790,6830,7288,7287,7372,7286,6789,7553
7288,7266,7373,7286,7553,7372,9144,6790,7552,8056,8115,6830
6898,7167,7373,6830,7265,7269,7168,6790,7266,6831,6789,7288
7402,6726,8155,7222,7544,7543,7026,7047,7046,7221,7570,6503
7401,7170,7402,6726,7311,7543,7222,8155,6504,7544,7026,7776
7171,6570,7182,7401,7170,6502,6726,8140,6504,7402,7311,7543
7880,7104,7317,7320,7951,7103,7882,7174,7102,7316,6882,8183
9479,7319,7318,7448,7349,7534,7774,7259,7391,7449,7328,7258
7980,7154,6877,6879,7106,6878,7116,6745,7094,9182,7303,6746
7550,6977,6835,7269,6833,6897,6831,6976,6794,6832,6830,6813
7178,7278,6230,7237,7277,9146,7279,6228,8038,7549,7238,7691
7237,7277,8038,7279,6228,7238,7691,8001,7657,7151,6227,7547
6937,6991,7180,6936,7216,7431,7271,6955,6938,6993,7382,6992
6936,7271,7216,6955,6938,7382,7383,6807,6805,7202,6358,7217
8040,7312,7182,8140,7172,8139,7171,6569,7787,7401,7311,6570
7171,7401,7311,7787,6570,7170,7543,7402,7788,8397,7776,6726
7350,7351,7516,7274,7758,7445,7466,7826,8096,7852,7033,7430
7183,7351,7226,7998,7516,8096,7350,7758,7430,7274,7826,7429
6960,7184,7111,7183,7225,7226,7078,7998,7351,8571,7350,7516
6654,7012,5973,5971,6722,6150,6954,5873,7014,5975,5942,6721
6581,6827,6804,6195,6811,6580,7054,7436,6812,6196,7308,7227
7784,8195,7338,7190,7779,7785,7677,7434,7453,7270,7781,7813
8194,7190,7268,7188,7338,6759,7270,7337,6859,7110,8195,7784
7338,7270,7337,7453,7677,8195,6860,7452,7784,7141,7253,7434
7193,7048,7233,7076,7071,7789,6984,6985,7134,6996,8072,6773
6187,6189,5649,6740,6865,5341,6104,6103,6186,5509,5684,5468
7233,7789,7076,7048,8072,7883,7134,7884,7071,6985,6996,6984
7400,7579,8250,7463,7678,7218,6661,7220,7444,6439,7443,8541
7196,7244,6691,8132,7197,6705,7214,7243,8169,6173,5953,5952
7214,6691,7197,6173,7243,7262,6990,5953,6705,6172,7263,5952
6173,5953,7243,6990,5826,6172,5952,5820,6966,7263,6096,5817
7335,7199,7354,7336,620,7634,7355,7356,619,7613,7760,616
7335,7613,7355,7343,7336,7354,7356,7688,7482,7634,7762,7760
7201,624,7088,622,7198,7354,620,7199,7335,619,7117,7336
7198,622,7354,620,7335,619,7199,7336,7634,616,7117,7355
6805,6461,6824,6806,5885,6388,6807,6226,6462,6286,5883,6808
7063,7142,7403,7061,7404,7143,7036,7293,7495,7971,7592,7064
7629,7480,7062,7578,7203,7293,7035,7063,7036,7496,6783,6458
7206,7241,7239,7597,7427,6781,7897,6782,7276,7561,7656,8200
7597,7427,6781,7897,7561,7656,7276,8200,6941,7895,7631,6939
7301,7302,7079,7060,7157,7379,7409,7085,7059,7080,7058,7084
7060,7207,7079,7209,7059,7058,7302,7301,7157,7080,7759,6754
7759,7058,7060,7057,7059,6754,6666,7079,6752,7207,6552,6753
7642,7644,7643,7871,7869,7733,7864,7734,7813,7870,7732,8053
7645,7210,7812,7642,7658,7871,7644,7643,7968,7869,7870,8076
6337,6264,7099,6338,6265,6222,6221,6375,7100,6339,6490,6085
7101,6953,7099,7868,7098,6375,7212,6337,6338,7675,764,7100
6990,7262,7197,6173,7263,6966,5953,6172,7243,8081,5826,7309
6531,6484,6481,6529,6480,5699,6528,6482,6802,6293,6483,6857
7382,7271,7383,7217,7261,6955,6807,1040,6809,1035,1038,1041
1040,1041,1038,1035,7261,1033,1039,1031,1037,1029,7383,1036
7443,7219,7681,6848,7385,7680,8092,7442,6904,7886,6866,7679
7385,7681,6904,6866,7442,7384,7680,6846,7275,7489,7011,7679
7218,6848,7219,7681,6847,6866,6904,7385,7443,6431,7011,7680
6995,7046,7571,7961,6949,6598,6597,7728,6951,7112,6596,6957
7544,7221,7046,7047,7570,6995,6949,7571,7777,7961,7028,6951
6772,6989,6720,7229,7325,6201,6468,6466,7322,6000,6637,7230
7035,7480,6458,7204,7293,6783,7062,6415,7629,6457,6786,6770
8571,7226,7430,7184,7451,8096,7351,8436,7429,7666,7111,7183
7430,8096,7351,7429,7451,8436,7183,7758,7516,8095,7450,7664
7225,6960,7308,7185,8571,7226,7184,7437,7430,7451,7111,7351
7229,6772,7223,7375,7322,7325,6720,7378,6989,7230,6468,7377
7322,6772,7325,7378,7230,6720,7377,6468,6637,7376,7324,7323
6637,7324,7323,7697,7334,6578,7735,6452,6577,7598,6466,6776
719,7326,717,7106,7327,715,7980,7094,714,6879,7092,6877
7193,7720,7789,7233,7191,7883,7737,7884,8072,7076,8075,7048
7076,7134,8072,6996,7884,6985,8057,7133,8299,6986,7135,8221
7303,7116,7154,7175,9183,6161,9182,6878,6791,6877,7980,6649
7366,7236,7005,7906,6885,7285,7907,6635,7745,6861,6884,7727
6885,7285,6884,6863,6861,7745,7283,6883,7090,8082,6862,6730
8038,7238,7277,7151,7657,7691,7279,7661,8000,8001,7272,7150
7661,7657,7272,7691,7150,7568,7659,8000,7567,6901,8036,8184
7897,7206,7597,7895,7241,7656,8877,7427,7561,8895,6781,7958
7959,7239,7897,7205,7956,8877,7206,7895,7597,7000,7241,8489
6781,7206,7427,7276,8200,7597,7561,6108,6939,6941,6780,7897
6909,7244,6288,6705,6908,6096,6691,7195,6289,5895,6071,7243
5952,5953,5820,6173,5817,5826,6024,6172,5675,6990,6071,5657
6691,6705,7196,6288,7243,6909,7197,6096,5952,6908,7214,5953
6797,6801,6708,6842,6828,7179,6798,6937,6638,7431,6991,6841
7247,7985,6964,7053,7986,7052,7987,8121,6887,6886,8261,6915
7053,7986,7052,7987,8261,6886,6887,8332,8260,8390,8242,7051
5662,6039,6154,6040,6038,6125,5816,5661,6153,6155,5555,5815
7251,7367,7015,7361,7250,7017,7523,7524,7525,7232,6921,7720
7232,7193,7191,7720,7789,7233,7050,7048,7076,7883,7737,7071
7361,7250,7232,7523,7017,7720,7193,7524,7191,6921,7522,7737
6716,6584,6872,7837,5458,5700,6625,6585,7560,7347,6397,6626
7254,7139,7255,7433,7010,7256,7432,7125,7140,6787,8333,7793
7255,7432,7139,8333,7256,7425,8022,8334,7125,7341,7794,8335
7256,7432,7425,7341,7125,8334,7426,8022,7717,8059,8335,7127
7125,7341,7425,7127,7426,7008,7339,8334,7717,7126,8059,7716
7392,7159,8151,7416,7131,7414,7162,7415,7749,7649,7310,7132
7257,7161,7160,7348,7159,7392,7129,7131,7393,8151,7416,7162
7161,7449,7258,7160,7129,7257,7145,7131,7348,7159,7130,7014
7018,7249,7454,7559,7015,7251,6920,7367,6922,8101,7525,7361
1031,1029,1027,1025,1023,6809,1021,1024,1020,1019,1022,1026
7263,6990,8081,7309,6966,6173,6965,7197,6172,8080,6336,6870
7309,6966,6990,6965,6870,6172,6336,6173,6967,6822,6869,5827
6302,6163,6724,6303,6258,6377,6896,6077,6078,6544,6546,6133
7168,7167,7287,7373,7288,7266,6898,7905,7553,7552,7286,6790
7372,7286,6790,8115,6599,9144,8056,6601,6600,7708,6789,8105
7166,7910,7265,7169,7167,7573,7168,6897,6898,7551,7287,7373
7190,7337,6859,7270,7452,7338,6860,7453,6305,6617,7188,7141
6831,6830,6835,6898,6789,6832,6794,6833,6790,7167,7373,6645
7453,6860,7141,7677,7253,6787,8195,6617,6618,7010,7434,7139
6955,7383,6807,6805,6809,6388,7261,7202,6922,1031,1025,1029
7567,7661,6901,7568,7707,8184,7211,6899,7659,7658,6711,7645
7446,7444,7464,7463,7194,7462,7400,7465,7466,7468,7678,6660
7852,7445,7350,7464,7273,7466,7516,7468,7444,7826,6748,7462
6903,7136,7490,7489,7120,428,431,433,427,437,7722,426
6939,6941,6780,6235,7561,6233,7562,6940,6234,6093,6942,7631
8038,7691,8001,7238,7657,8000,8039,7661,8322,7151,8002,7659
7178,7279,7277,7237,8001,7691,8038,7547,8322,6228,7238,8039
8001,7277,7691,8322,8039,8038,8000,8323,7657,8544,7736,8002
6271,6099,6542,6251,6541,5925,6100,7281,7004,6744,6080,6324
6542,7004,7772,7688,6541,6271,7001,7003,7773,6473,6099,7965
6874,6888,7581,6871,7501,6873,6821,7502,7692,7504,6820,6822
7090,8199,7284,7089,6968,6883,7839,7836,7876,7095,7149,6969
7836,7089,7876,7149,7877,6968,7872,7095,7838,8461,7791,7096
7283,6884,8082,7090,8199,6883,7284,7828,6863,6968,7089,7839
8056,7372,8115,9144,7708,8105,6599,6601,8529,7908,6630,6600
7553,7288,7552,7168,9144,9674,7266,7902,7286,8529,7373,7945
7286,9144,7553,7266,8056,7372,8529,8115,9674,8105,6790,7708
7291,7290,6605,7380,7381,6139,6881,6606,7512,6138,7292,7755
7380,6881,6606,7512,7292,6138,6880,6306,7801,7624,7690,7625
7290,7381,7380,7512,6605,6881,7690,7292,7624,6606,7988,6880
7625,7624,7626,6880,7954,7893,7295,8034,6306,7296,8005,8006
6786,7036,7063,6810,6770,6784,7061,7064,6785,6812,7142,7424
6943,7055,7024,7542,7441,6944,7056,6703,7456,6923,7023,6704
7893,7244,7242,7195,7042,6909,6705,6691,8005,6288,7196,5894
7295,7042,7242,6909,6075,7244,7893,5894,6908,6288,6705,7195
7405,6670,7619,7566,6731,7633,7407,6669,7723,7428,73,7632
6499,7299,7406,7395,6497,7297,6952,6498,6670,6695,7633,7405
6952,7395,6499,6695,7297,7633,6694,7406,6485,7619,6497,6693
7583,7604,7208,7207,7503,7301,7060,7953,7079,7302,7209,6873
7302,7379,7409,7514,7085,7079,7157,7084,7369,7513,7060,7080
7157,7379,7085,7084,7080,6628,7059,6839,7369,6629,6616,7083
6791,7116,9183,9182,7154,6330,6792,6858,6878,7555,6649,6877
7169,7166,7267,6897,7167,6898,7265,7550,7910,7269,6830,7373
7267,7816,7304,7166,7910,7169,7357,7265,7811,7167,7573,6897
6407,6042,6041,6440,5617,6030,6441,6043,6389,6029,6718,5616
6407,6441,7306,6440,6041,6575,6042,6718,6389,6043,6514,6030
7225,8571,7437,6960,7451,7226,7430,7666,7438,7185,7184,8436
6870,6965,6966,6822,6869,6967,6336,6821,6172,6307,6888,6173
7868,7101,7213,7098,7675,7506,764,7099,765,6375,6953,7479
7401,7543,7788,7776,7402,7777,7544,8020,7170,8019,7570,7222
8139,8140,7182,7787,8141,8040,8397,7311,7172,7401,7171,7788
6500,5865,7991,6557,6554,6056,5835,6665,6555,6438,6263,6054
7315,629,7086,7087,627,7200,7040,624,7041,7201,7088,622
7200,7087,627,624,7040,7201,7088,622,7198,7038,7354,620
7318,7774,7174,7319,8583,7349,7391,9479,7783,7857,7259,7448
7320,7316,7174,7855,7102,7318,9479,7774,7319,8583,7349,7856
7349,7319,7391,7259,7783,7258,7448,7161,7348,7857,7449,7526
7349,7259,7448,7391,7449,7258,7161,7328,7160,7783,7129,7145
7102,7174,9479,7316,6491,7534,7319,7318,7448,6492,7855,7774
5990,6384,6385,6411,5989,6410,5659,6401,6417,5660,6463,6418
7377,7230,7325,7376,7324,6637,7697,6468,7323,6720,7598,7334
7334,6578,6577,6452,7735,6776,6451,6382,6383,6765,7022,6186
7323,7334,7735,6578,6776,7696,6577,7022,6765,9494,6452,7694
6468,7230,6637,6466,7377,7323,6452,6578,7324,6450,7334,6241
7327,717,715,7094,714,7092,6879,712,7411,6746,6877,7093
7094,715,714,7092,7411,6746,712,7093,7410,6745,710,7158
7145,7449,6442,7130,7147,7129,7259,7161,7148,6893,6945,7012
6356,7146,6132,7534,6357,6442,7328,7148,9479,6130,7448,7145
7332,7814,7019,7331,7712,7710,7815,6994,7757,7021,7834,7756
7710,7834,7021,7711,7712,8018,6992,7756,7835,6993,1041,7833
7331,7712,7710,7834,7756,7711,7757,7021,1059,1058,1056,1057
7330,7020,7019,8124,7332,6994,7814,7331,6844,7844,7712,7021
6776,6577,6765,6382,7022,6451,6763,6383,6766,6572,7930,6571
7336,7355,7356,7634,7760,7613,7762,616,7761,7688,8049,8048
7356,7760,616,7355,8049,7761,614,7762,8048,7688,8050,612
7452,7270,6860,6617,7453,7141,6618,7338,6787,7677,6349,7010
7677,8195,7453,7270,7434,7253,7785,7141,6860,7254,7433,7781
7340,7716,7471,7473,7472,8004,7342,7730,7670,7520,7491,7492
7473,7472,7471,7491,7716,7492,7520,8004,7518,7670,7519,7554
7426,7127,7339,7717,7126,7340,7716,8059,7471,7342,7128,7730
7493,7473,7491,7340,7554,7492,7472,7518,7508,7471,7521,7651
7613,7689,7482,7688,7355,7281,6743,7772,7335,7762,7773,6542
7030,7118,7119,8073,6529,6973,6696,6857,7029,6528,7031,7358
7344,7346,7118,7119,6696,7517,7030,7347,6529,8073,6857,6973
7347,7118,6696,7344,6529,7215,6625,7119,6531,7030,6528,6626
6696,6625,7215,6626,7118,6531,6529,5700,6484,6481,6528,7119
7393,7257,8151,7392,7849,7649,7160,7159,7415,7414,8014,7416
7391,7259,7258,7161,7348,7257,7160,7449,7129,7526,7393,7159
7445,7516,7466,7852,7826,7464,7468,7758,7825,7273,8096,7462
8096,7516,7758,7826,7350,7429,8095,7824,7466,8436,7825,7445
7020,6843,7333,8405,6844,7019,6961,6994,7330,8124,6798,8210
7822,6590,6203,7439,7223,6989,6739,5999,7228,7700,6000,6772
7634,619,7336,7335,616,7760,7356,7355,614,8049,7613,7761
7356,7688,7762,7482,7761,7760,7773,7772,7966,8048,9816,8049
7760,7761,7762,8048,7688,8049,9816,7966,7773,614,8050,612
7550,7304,6897,7169,7269,7176,7166,7267,6898,6830,6835,7167
7029,7459,7360,8073,7031,7458,7461,7460,7030,8104,6973,7607
7880,7173,7608,7882,7317,7104,7951,7879,7320,6972,8183,7103
7461,7460,7031,7607,7359,7032,6974,6973,7608,8173,7880,7173
7232,7523,7720,7250,7193,7737,7522,7789,7883,7191,7233,8075
8135,7674,7363,7754,7289,8148,7291,6956,7381,7755,7290,6957
7291,7754,7289,7381,7290,7380,6956,7755,7512,6605,7690,6881
7906,7907,7366,7235,7745,7727,7236,7285,7827,8082,7005,7532
7978,6700,7235,7364,7006,9531,7366,7005,7236,7907,7906,6543
7236,7285,7745,8082,6884,6885,7283,7827,8199,7090,6863,7828
7524,7251,7523,7361,7522,7720,8354,7250,7232,7737,7015,8353
7371,7399,7398,7396,6613,6838,7422,7487,7529,7423,7484,6516
7084,7515,7083,7370,7085,6839,7528,7397,7371,7368,7157,6838
7083,7397,7368,7371,7398,7488,6839,7399,7396,6838,7529,6613
6838,6613,7399,7481,7423,6516,7396,7398,7422,6515,6255,6615
6599,8115,6601,8056,6600,7708,6535,6534,6630,8105,7908,6527
7266,6790,7372,7288,7286,6599,6789,8115,6600,9144,8056,7553
698,699,697,6423,695,6422,692,6421,6917,690,687,6340
7229,7378,7322,7601,6772,7377,7325,7376,7223,7230,7599,6720
7377,7600,7697,7598,7324,7750,9494,7230,7695,7696,7735,7325
7697,7230,7324,7598,7323,7600,6637,7735,7334,7696,9494,6468
7322,7376,7377,7230,7697,7325,7600,7324,7751,7598,6637,7323
7084,7085,7369,7157,6839,7083,6628,7515,7370,7080,6616,7371
7512,7292,6881,7624,7690,6606,6880,7625,7626,8034,7954,6306
7512,7690,7380,7290,7988,7624,7292,7955,8034,6881,6605,7954
7217,7383,7261,1040,7271,1035,1038,1041,1033,1031,1039,1029
7261,6809,6807,1031,1029,1035,1025,1033,1027,1038,1023,1021
7489,7275,7490,7722,7136,7682,6903,7510,427,428,426,8505
7384,6904,7442,7489,7275,7682,6846,7490,7679,7722,6903,7136
6660,6124,8250,6439,7194,6126,7579,6661,6430,7446,6216,7400
7592,7594,7638,7595,7495,7676,7593,7989,8852,7496,7403,7798
6594,7476,6982,7389,7578,7390,8021,7595,7496,7387,7592,7807
7387,7592,7595,7496,7594,7702,7495,7403,7638,7203,7593,7404
7387,7389,7702,7592,7594,7638,7595,7805,7476,7989,7676,7495
7258,7348,7526,7259,7257,7393,7161,7160,7392,8151,7849,7449
7414,7159,7416,7415,7749,7505,7162,8014,7310,7506,778,7868
8151,7649,7415,8014,7392,8015,7257,786,782,8009,7414,778
7357,7550,7176,6975,6897,7269,6977,6835,7304,7169,6831,6682
7297,7633,7619,7405,6694,6670,6693,7566,7632,7723,7407,6731
7422,7484,7485,7423,7483,7591,6715,7586,7655,7635,7800,6516
7398,7368,7529,7396,7487,7371,7530,7399,7590,7484,7422,6613
7396,7487,7484,7399,7590,7422,7591,7485,7655,7423,6613,7653
7423,7396,7422,6516,6715,6255,7483,7484,7485,7487,6515,6254
7678,7463,7218,7443,7220,8092,7465,6661,7681,7219,7680,8541
7402,7543,7170,7544,7222,7776,7777,6726,8155,7570,7221,7961
7544,7222,8155,7570,7221,7777,7046,7961,7047,7571,7026,8846
7404,7142,7495,7596,7143,7063,7971,7061,7641,7620,7593,7901
7971,7596,7143,7970,7620,7901,7641,7061,7144,7593,7621,7912
7407,7566,6731,7428,73,69,7723,7565,62,6971,7563,71
6670,7297,7405,7395,6669,6731,7619,7407,7566,7633,6730,73
7428,69,73,7566,62,7563,71,7565,7723,55,7564,68
7953,7603,7604,7301,7514,7409,7923,8051,7300,7207,7379,7513
7379,7513,7369,7084,7302,7515,7085,8027,7083,7370,7157,6839
710,7158,708,707,6690,705,6689,6648,703,6981,6472,6688
712,7410,7093,7158,710,708,7412,6690,707,6648,705,6689
6648,6690,7158,6443,7410,6689,707,708,6472,6444,710,6311
7968,7813,7779,7643,7784,7812,7734,7781,7188,7785,7644,8195
7505,7749,7506,778,7479,771,7868,7310,7675,768,767,765
778,7505,7414,782,771,7506,7479,7749,7416,768,7868,7675
7749,7310,7414,7162,7868,7506,7505,7675,7213,7101,7479,7013
7419,8422,8574,7862,8270,7418,8237,8238,7420,7066,9545,8236
7932,7719,9545,7545,8238,7718,7820,7933,8420,7546,7819,7821
8270,7418,7420,8238,9545,8237,7932,7719,8420,7545,8421,7820
7932,7418,7545,7719,7068,8270,7718,7546,9545,7820,7541,8238
7069,7417,8574,7419,6914,7863,8422,7066,7862,7420,6913,7418
7483,7485,6715,7800,7635,7586,6255,7636,6254,7655,7740,7575
6255,6715,7422,6254,7483,6164,7636,6165,7485,7800,7484,6716
7113,7623,6811,7114,7156,7622,7436,8125,7435,7620,6827,8331
8334,7426,7717,7341,8059,7716,7339,8061,7127,7730,8459,8004
7717,7339,7716,8059,7471,7730,7340,8004,8459,7670,7472,7473
7276,7561,6941,6939,7562,7656,7631,6780,6940,6233,6235,7533
7563,62,69,7565,55,7564,7725,39,7724,7771,7769,68
8095,7664,7758,7753,7662,7915,7824,7826,7729,7889,7665,7823
8436,7429,8096,7450,7351,8095,7664,7758,7662,7663,7824,7516
6358,6936,6938,5906,7180,6359,6955,7202,5499,7271,5498,5885
8334,8022,8335,7425,7256,8059,8061,8024,7717,8128,7341,7426
7793,8333,7254,7432,7794,8022,7255,8131,8335,8334,7139,7256
7433,7254,7253,7793,8333,7255,7432,7139,7141,7780,7794,8022
7628,7438,8428,8331,7627,7687,7437,7666,7686,8127,7663,7451
7155,7054,7114,7437,7435,7308,7438,7156,7628,8571,7227,7666
8571,7451,7438,7666,7225,7430,7450,8436,7627,7663,8428,7226
7666,8428,7627,7451,7663,7450,7687,7686,7684,8571,8436,7665
7228,7822,7223,7700,6772,7229,6989,7375,6203,6720,7325,7322
5632,5771,5366,5520,5735,5854,5770,5017,5768,5521,4801,5204
7474,7056,7055,7475,7569,7456,7847,7024,7478,7457,8045,6943
7489,7682,7384,7722,8505,7747,7490,7275,7510,8102,7790,6846
7681,7680,7219,7886,7442,7679,7385,7748,7682,6848,7384,6904
7463,7465,7462,7469,7400,7468,7678,8092,7535,8515,7467,7443
7464,7466,7468,7273,7462,7444,7826,7825,7467,7758,7465,7469
7194,7400,7463,7444,6660,7678,7579,7464,7465,7218,8250,8092
7073,7509,7128,6946,7075,7493,7508,7126,7074,7342,7127,8094
7449,7259,7328,7161,7349,7145,7129,7258,6442,7160,7130,7391
7161,7129,7145,7130,7160,7258,7014,7131,7147,7012,7257,7132
7662,7663,7664,7429,7665,7684,7729,7915,8096,8095,8546,7753
7666,8436,7450,7430,7429,7663,7662,7664,8096,7627,7665,8095
6617,6860,6618,7270,6349,6787,7141,6619,7453,6280,7010,6347
7677,7253,7141,7434,7139,7254,7010,6787,7433,7255,6618,7140
7367,7249,7525,7251,7524,7018,7361,7523,7015,7522,8354,7250
7025,6978,6975,6683,7176,7394,6682,6977,6677,7550,6976,6642
7569,7023,7457,6944,7478,7394,7025,7455,7477,7357,6924,7817
7394,7357,7477,7025,7550,7304,7176,7305,7455,6897,6975,7169
7607,8173,7460,7360,7461,7881,7608,8589,8172,7359,7031,7879
7458,7360,8104,7029,7460,7607,7461,8173,7031,8073,8308,7359
7607,7461,7359,7608,7881,7032,7880,7882,7879,7173,6974,8172
7359,7032,6974,7608,7173,7880,6972,7104,6856,7882,7881,7317
7469,7465,8515,7467,7535,7463,7617,8092,7744,7536,7886,7618
7678,7465,8092,7443,7218,7469,7535,7680,7886,7681,8515,7220
7444,7462,7468,7465,7469,7467,7463,7825,8515,7535,7744,8092
7469,8092,7535,7678,8515,7886,7443,7680,7618,7536,7218,7617
7468,7826,7825,7464,7467,7462,7824,7744,7444,8515,7823,7469
8515,7744,7617,7469,7536,7615,7535,7614,7465,7618,7874,7616
7467,7462,7825,8515,7469,7744,7617,7465,7823,7535,7536,7615
8515,7535,8092,7536,7886,7618,7617,7748,7680,7443,7614,7616
48,51,49,54,7742,60,47,42,7792,38,7769,37
7472,8004,7670,7520,7672,7492,7519,7673,7938,7671,7939,7518
7492,7520,7519,7673,7670,7518,7521,7671,7672,7995,7867,7651
7491,7472,7492,7518,7471,7519,7554,7520,7521,7651,7673,7670
7475,7847,7056,8045,7569,7478,7055,7846,7817,7456,7457,8046
7056,7569,7847,7478,7456,7817,7457,7477,7846,7024,7023,7818
7496,7578,7389,7595,7403,7592,7203,7629,7387,7495,7142,7404
7305,7304,7357,7267,7394,7166,6897,7169,7816,7550,7910,7167
7817,7477,7457,7305,7357,7818,7304,7394,7023,7267,7816,7166
768,767,7675,765,764,762,7098,758,6699,7101,6375,749
7035,7293,7062,6783,7036,7063,6786,7203,6770,7061,6810,6457
6515,6516,6615,6613,6164,6151,7423,6255,7399,6152,5720,6165
7688,7281,7772,7773,7004,7762,6542,7001,7356,7965,7003,7280
7800,7635,7636,7740,6254,7560,7577,7575,6716,7346,7345,7837
7485,7586,7655,7422,7483,7635,7588,7575,7611,6715,7800,7577
7483,7586,7635,7800,6715,7575,7577,7740,7588,7636,7560,6254
7454,7559,7260,7249,8101,7367,7525,7018,7016,7251,8434,7524
7484,7591,7396,7655,7485,7422,7586,7653,7611,7588,7483,7635
7529,7397,7530,7398,7590,7487,7368,7941,7396,7591,7484,7653
7722,7490,7510,8505,8102,426,424,7136,427,7919,7969,7790
7510,7136,427,426,428,424,431,8102,7919,420,433,7920
7518,7554,7492,7472,7651,7521,7648,7519,7471,7520,7995,7652
7518,7519,7521,7651,7673,7520,7995,7867,7775,7671,7652,7891
7491,7508,7554,7473,7518,7340,7492,7648,7531,7651,7472,7521
7027,6988,6987,6006,6948,6951,5714,6272,5655,5654,6596,5514
7596,7641,7404,7593,7901,7971,7676,7639,7970,7143,7640,7900
7403,7595,7203,7142,7592,7404,7495,7063,7062,7143,7061,7596
7500,7067,7499,7952,7115,7070,6736,7924,6913,7421,6914,6533
7497,7115,7067,7500,6736,6533,6634,6913,7499,7070,7952,6914
7070,7421,7067,7069,7861,6914,7417,6913,8574,7863,7066,6736
7499,7952,7067,7924,7070,7421,7861,7115,6914,7069,8556,6913
6873,7503,7209,6871,7583,7759,7504,7060,7208,7058,7300,6820
7501,7583,7503,6873,7209,7300,7208,7060,7759,6871,7058,7207
7209,7060,7208,7058,7759,7504,7057,7079,7207,7059,6754,6666
7759,6666,7057,6291,7209,7058,6308,6752,6290,6754,7060,6282
771,7479,7506,7749,768,767,7675,7868,765,7310,764,7098
7479,7675,7868,767,765,768,764,7098,762,7101,6699,758
6946,7447,7073,6925,7007,7509,7074,7128,7075,8094,7008,6927
7531,7554,7648,7491,7647,7518,7651,7646,7650,7473,7492,7652
7493,7508,7342,7075,7554,7491,7531,7473,7648,7518,7340,7532
424,426,7919,420,427,7920,417,428,8321,431,7918,408
6712,6178,6653,6559,7044,6710,7150,6227,6709,6711,6180,6901
7624,7292,8034,7626,6881,7954,7955,7625,6880,8006,8035,7893
7369,7515,7379,8940,7370,7084,7528,7083,8295,7085,7397,8817
7409,7513,8027,7369,7379,7515,7084,8940,8152,7302,7370,7085
7528,7370,7397,8295,7083,7084,7488,7368,7398,7527,7371,6839
7826,7758,7466,7445,7825,7824,7468,8095,7464,7852,7429,7467
7030,7344,8073,7029,7358,7119,6973,7118,7031,7360,7459,6857
7651,7521,7519,7995,7775,7652,7673,7650,7520,7647,7867,7890
7673,7521,7995,7867,7671,7775,7891,7866,7999,7865,7652,8206
7673,7671,7672,7519,7867,7865,7866,7939,7995,7521,8355,8187
7995,7775,7652,7673,7867,7891,7890,7892,7650,7671,7999,8156
7737,8353,7720,8075,8513,8074,7883,7232,8222,8937,9017,7789
7522,7737,7720,7232,8353,7883,8075,7250,7789,7193,8074,7884
7522,7523,8354,7737,7361,8353,7720,8466,7232,8075,8513,7883
7524,8354,7367,8433,7522,7523,8466,7361,8353,7251,7737,8467
7849,7393,7850,7348,7649,8015,8151,8009,8014,7258,786,7257
8366,7530,7488,8086,7529,7941,7590,7397,7398,8083,7487,7653
7397,7370,7488,7398,7527,7368,7529,7083,7530,7396,7487,8366
7487,7590,7398,7591,7396,7484,7653,7655,7611,7422,7485,7399
7529,7590,7941,7487,7653,7398,7591,7940,7654,7484,7396,7655
7647,7646,7648,7554,7650,7827,7829,7828,7651,7652,7518,7491
7727,7531,7646,7827,7647,7508,7745,7828,7648,8082,7829,7650
6964,8123,6963,7246,6887,7053,6622,6915,7247,8120,7985,6942
7328,7448,7146,7319,7449,6442,7145,7259,7161,7349,7318,6357
7886,7618,7536,7748,7680,7746,7679,7616,7443,7614,7747,7668
7618,7616,7614,7746,7886,7748,7667,7668,7874,7669,7875,7830
5598,6868,5490,6565,7148,6893,6892,5597,6655,6945,5873,5872
7706,7705,7517,7709,7344,7029,7358,8683,7030,8073,7345,7459
7538,7345,7344,7517,7030,7706,7118,7346,7119,7705,8073,7029
7637,7806,7805,7721,8319,7807,7702,7546,7989,8599,7936,7390
7540,7637,7721,7546,7806,8319,7936,7805,8599,7718,7821,7989
6923,6943,6704,6944,6433,6924,7024,6344,7455,6683,6239,7023
7402,7777,7544,7570,7222,7961,8846,7221,8019,8155,7571,7728
7570,7221,7777,7961,7571,7046,8846,6995,7728,8019,7047,6949
7932,7546,7718,7719,7541,7821,7721,7936,7820,9545,7819,7637
7721,7936,7718,7821,7637,8599,8319,7819,7934,7820,7935,7805
8322,8001,7736,7279,8544,8323,8039,7691,7277,8826,8342,8822
7782,7549,7547,7736,9146,8301,8298,8322,8342,7279,8544,8001
9146,7547,7782,7279,7278,7736,8001,8322,8301,7277,7178,8544
7269,6897,6835,6831,6830,6977,7169,6898,6833,6832,6794,6789
7573,7905,7572,7287,7552,7265,7810,7553,7168,7902,7288,9674
7902,9674,7553,8529,7945,7904,7288,7946,9144,8192,8530,8193
9144,9674,8529,7945,7286,8105,8056,7266,8193,7946,8192,8115
7518,7648,7651,7492,7521,7647,7652,7650,7775,7472,7519,7646
6792,6143,5824,6312,6048,6858,5822,5710,5711,5961,6649,5960
7557,7558,7894,7486,1028,1026,1024,1022,7559,1042,1020,7937
7559,7486,7937,8101,7454,8434,7525,7260,8303,7367,1019,7249
1022,7486,1020,7260,1019,1021,1023,7557,7454,7559,7016,7249
8101,7454,7525,8434,7367,7524,7249,8303,8433,8354,7251,7523
7837,7346,7347,6584,6625,7345,6696,7118,7215,6872,6626,5700
7562,7631,6941,7533,7896,6940,8122,8123,6939,6963,6964,6233
7533,6940,6963,6964,8123,6622,6942,6233,6915,6887,7246,7053
7564,55,7725,39,7771,7769,7770,33,34,37,30,29
55,7725,39,7771,7769,7770,34,33,37,30,38,29
7563,7564,7724,7725,55,62,7769,39,7771,7792,37,38
7428,7723,7565,7563,62,69,7564,73,7724,55,7725,71
7707,8184,7568,7211,6899,7658,7645,7210,7659,7660,7871,6900
8184,7658,7660,7707,7645,7211,7871,8076,8036,8252,8165,6899
7478,7457,7477,7023,7817,7394,7357,7305,7025,7304,6944,7818
7961,7221,7571,7728,6995,7046,7112,6598,7778,8149,6949,6597
7112,6995,6598,6957,8149,6597,6949,7674,6956,6137,7362,6596
7905,7810,7552,7902,7287,7903,7904,9674,7553,7265,7946,8214
7265,7287,7905,7168,7572,7167,7552,7288,7553,7810,7169,7373
7572,7551,7808,7905,7573,7810,7809,7910,7287,7552,7903,7265
7577,7576,7539,7740,7345,7538,7587,7344,7517,7346,7560,7118
7538,7587,7539,7705,7577,7517,7706,7853,7345,7344,7709,7740
7345,7740,7539,7346,7344,7118,7560,7538,7517,7347,7030,6696
7496,7629,7203,7595,7403,7062,7389,7142,7063,7480,7592,7404
6661,7400,7220,7218,8541,7678,7219,6430,7463,6848,7443,7681
7582,7300,7583,7502,7604,7602,7208,7503,7501,7207,7408,7060
7501,7502,6874,7692,6873,7582,7503,6871,7583,7580,6888,7209
7583,7502,7300,7503,7208,7501,7604,7207,7060,7209,6873,7079
7503,7208,7060,7209,7207,6873,7079,7058,7759,7059,7301,7302
7996,7743,7585,7997,7470,7742,8137,7632,6891,51,48,7792
8137,7470,6891,7743,60,54,65,48,49,7742,51,70
7575,7635,7588,7577,7483,7576,7800,7740,7539,7589,7345,7538
7705,7538,7853,8683,7706,7709,7539,8694,7517,7358,7840,7029
7576,7575,7589,7587,7539,7635,7577,7538,7610,7705,7740,7345
7587,7610,7576,7853,8454,7538,7705,7575,8455,7539,8683,7706
7591,7653,7487,7655,7611,7484,7654,7396,7588,7586,7612,7485
7655,7611,7484,7588,7586,7485,7589,7612,7575,7422,7576,7635
7594,7495,7403,7593,7638,7676,7404,7641,7596,8852,7142,7640
7641,7639,7640,7798,7596,7900,8064,7901,7797,7796,7912,7911
7676,7593,7495,8852,7640,7641,7798,7639,7596,7403,8317,8058
7592,7403,7495,7404,7203,7594,7142,7596,7593,7641,7971,7063
7901,7971,7641,7970,7912,7900,7620,7639,7972,7621,7914,7913
7656,7561,7427,7631,8895,7896,7276,6941,7562,8122,7533,7958
7696,9494,7735,7694,7324,7022,8041,8067,7334,6766,7323,6765
7751,7376,7600,7750,7378,7697,7377,7695,7767,7598,9494,7322
9494,7598,7695,7697,7696,7694,8067,7768,7324,7735,7022,8041
7599,7378,7376,7751,7377,7600,7322,7697,7750,7229,7598,7230
7408,7604,7953,7300,7606,7603,7301,7582,7207,7583,7409,7921
7514,7953,8051,7409,7513,7922,7301,8027,7379,7369,7515,8152
7953,7207,7301,7208,7583,7603,7409,7302,7379,7514,7079,7060
7602,7606,7408,7921,7693,7603,7604,7953,7923,8281,7514,7580
7408,7603,7923,7953,8051,8281,7514,7922,7993,7409,7604,7513
7881,7608,8172,7879,7359,7461,8174,7882,8171,7880,8183,7928
7882,7879,7880,8183,8174,7951,7173,7928,7317,7855,8377,7856
7077,6270,6933,7034,6604,7851,6603,7802,6169,7078,7033,6168
7853,7587,8455,7705,8683,8694,7576,8875,7538,7709,7706,7840
7588,7655,7589,7612,8758,7576,7586,7587,7575,7610,8411,8454
8758,7589,7610,8454,8834,7588,7587,8455,7655,7576,7853,8707
7355,7482,7688,7762,7356,7772,7281,7773,7336,7761,6743,7760
7667,7616,7875,7669,7618,7873,7668,7887,7715,7746,7748,7714
7874,7617,7614,7875,7667,7887,7536,7616,7888,7873,7618,7669
7668,7669,7746,7667,7830,7748,7713,7715,7714,7747,7873,7790
7614,7536,7874,7616,7535,7618,7667,7875,7746,7886,7669,7668
7748,7746,7616,7668,7747,7679,7830,7669,7790,7667,7713,7682
7566,7723,7405,7632,7407,7428,7565,7724,6731,7563,7996,69
7621,7622,7970,7972,7623,7976,8125,7912,7973,7913,7156,7975
7972,7976,7973,8125,7975,7913,8126,8127,8331,7977,7914,7974
7621,8125,7976,7972,7156,8331,8127,7973,7975,7628,8126,7687
7622,7156,8125,8331,7114,7621,7628,7435,7976,8127,7436,7687
7954,8034,7626,8006,7625,8005,8035,7893,6880,8007,9215,7295
7295,7893,7296,7244,8005,7195,7242,6602,8006,7042,7196,6691
7625,7893,8005,8006,7295,7195,8007,7244,8132,7196,7296,9215
7663,7684,7686,7665,7450,7685,7662,8546,7964,8436,7699,7729
8428,7687,7438,8127,7627,7686,7964,8608,7666,7684,8126,7437
7203,7062,7480,7496,7063,7142,7403,7293,7036,7595,7035,7061
7601,7378,7375,7599,7376,7322,7229,7377,7228,8044,7751,7600
7533,8122,8123,7562,6964,8267,7246,6963,8120,6940,7053,7985
7723,7996,7997,7724,7565,7566,7792,7769,7743,7742,7428,7725
6693,7619,7632,7723,6692,7996,7566,7405,7997,7724,7565,7584
7336,616,7760,614,8049,7356,8048,7761,7355,612,8050,7762
7577,7800,7740,7575,7345,7560,7636,7539,7346,7576,6716,7344
6716,7560,7837,7252,7740,6584,7347,7346,6625,7577,6872,5721
7805,8319,7721,7989,8599,8317,7936,7702,7638,8852,7821,8318
7676,8852,7594,7798,7593,8317,7640,8058,7796,7495,7639,7641
7900,7797,8064,7901,7911,8065,7914,7799,7912,8066,8955,7913
7639,8064,7796,7797,7799,7641,7900,8955,8065,7911,7901,8198
7901,7639,7900,7912,7970,7797,7971,7914,8064,7911,7913,7972
7869,7733,7644,7870,8053,7864,8054,8063,7732,8052,8062,7734
7734,7644,7732,7864,7781,7642,7780,7733,7795,7785,7793,8131
7864,7734,7732,7733,7795,7869,7780,8062,8053,8063,8131,7781
7871,7210,7642,7869,7870,8076,7644,7733,8054,8053,8052,7643
7647,7828,7829,7650,7648,8082,7839,8199,7838,7652,7909,7651
7650,7829,7652,7828,7909,7651,7839,7838,7890,8199,7775,7521
7647,7651,7650,7652,7518,7829,7521,7775,7909,7890,7492,7828
8014,786,7415,8151,782,778,785,7414,7392,7505,784,771
7652,7829,7909,7890,7838,7775,7839,8153,8154,7892,8461,7876
7652,7521,7775,7650,7995,7890,7519,7909,7891,7892,7829,7867
7890,7775,7909,7892,8154,7995,7838,8153,7891,8339,8460,7839
7654,7611,7591,7612,7655,8112,7588,7589,7484,8758,7586,8411
7612,7611,8758,8411,7589,7591,7655,7588,7610,8454,8834,8794
7586,7588,7575,7485,7576,7589,7635,7483,7577,7539,7587,8758
7896,7631,7561,8122,7960,8267,7562,8123,7533,6941,8120,7276
8000,7661,7659,8036,7568,8002,7272,7660,7567,8037,8165,7658
7871,7645,8076,7870,8252,7642,7869,7210,8052,8165,8054,8493
8036,7660,7568,8165,7658,8037,8252,8184,8076,8164,8527,8251
7658,8252,8076,8165,7871,8527,7870,7645,8493,8052,8251,8164
7568,7659,7567,8184,8000,7660,6901,7658,7707,8036,7211,7645
7665,7664,7729,7915,8546,7683,7752,8095,7753,7685,7917,7889
7665,7662,7684,8546,7729,7664,7685,7683,7429,7915,7698,7699
7915,8095,7753,7729,7889,7752,7824,8546,7823,7917,7683,7888
8546,7729,7683,7664,7915,7698,7917,7752,7765,7889,8098,7916
7663,7450,7627,8436,7662,7684,7665,7430,7686,7664,7429,8546
7669,7715,7873,7668,7714,8055,8157,8160,7713,7746,7831,7830
7830,7669,7713,7714,7790,7832,7831,7715,8835,7969,8380,8505
7714,7715,7713,7831,7830,8157,8380,8835,8055,7832,8320,7790
7672,7520,7938,7939,7671,7673,7865,7519,8138,7492,8262,8355
7865,7866,7867,8187,8206,7999,8836,7995,8355,7891,8262,8205
7939,7865,7671,7673,8355,7866,8262,8187,7519,7867,8836,8356
7671,7867,7995,7866,7865,7999,7891,8206,7775,8187,8836,8156
7289,6956,7363,7291,6957,7290,7754,6605,7381,6139,7380,6137
765,764,767,7098,762,768,6699,6375,758,6520,6521,7099
7798,7640,7593,7639,7796,8058,8064,7641,8197,7799,8955,7797
7434,7253,7254,7433,7141,7139,7781,7255,7793,8333,7010,7432
7443,7218,8092,7681,7680,7220,7219,7886,7535,7469,7385,7442
7682,7747,7442,8505,7746,7489,7790,7722,7830,7384,8102,7969
7679,7442,7748,7682,7385,7747,7489,7618,7384,8505,7746,7722
7385,7680,7442,7679,7384,6904,7489,7682,7886,6866,7748,7275
8505,7722,7489,8102,7790,7969,7510,7490,7830,7919,7920,424
7765,7917,8098,7766,7752,8147,7916,7983,8146,8145,8016,7889
7665,7685,8546,7662,7683,7699,7729,7698,7664,7765,7917,7764
8546,7698,7665,7683,7764,7765,7983,7962,7729,7766,7917,7984
7684,7685,7699,7663,8546,7963,7665,7698,7962,7764,7662,7683
7964,7686,8608,7627,7963,7699,7684,7685,8097,7663,7666,7962
7762,7773,7772,7761,7965,7966,7001,7004,7760,9816,7002,8944
7482,7281,6743,7613,6542,7772,7688,7280,7004,7355,6271,7773
7512,7955,8034,7624,8035,7954,8033,7292,8006,7626,9215,7625
8000,8039,7657,8002,8036,7659,8323,7661,8266,8037,8544,7568
7582,7502,7580,7583,7501,7300,7503,6874,7208,6873,7209,7604
7580,7602,7300,7604,7582,7692,7408,7583,7502,7207,7953,7208
8041,7022,8068,8289,8042,6766,7735,6764,8176,7181,6765,8175
9494,7768,8067,7694,7598,8289,7696,8290,8733,7697,8041,8068
7694,7022,8041,7735,6766,6765,6764,8042,7334,8068,6572,6776
7598,7324,7735,7696,9494,7334,7022,7323,7694,6637,8041,6776
7766,7983,7765,7683,8147,8017,8098,7917,8016,8031,7984,8145
7685,7962,7764,7698,7983,8546,7984,8028,7766,7683,7665,8031
7228,7375,7229,7630,6772,7223,7322,7378,7822,7325,7601,6720
7439,7738,7353,7822,7700,7739,7228,7223,6590,6203,6772,7731
7638,7387,7989,7594,8852,7676,7592,8319,8317,7593,7798,7595
396,8254,7858,8012,386,7704,8256,7859,8013,377,8255,7860
377,7859,7860,361,8011,8210,8013,8405,341,8904,8026,8124
7706,7709,8683,7358,7517,7459,7840,7029,7360,8073,7458,7030
7358,7029,7517,7709,8073,7459,7360,7030,7344,7031,7840,6973
7211,6899,8184,7645,7210,6900,7812,7658,7871,7642,7968,7660
7908,7498,6630,7497,8114,7115,6534,6533,7500,7067,6535,6634
7358,7459,7840,7029,7360,7458,8104,7517,8073,7031,7460,7461
7711,7834,7756,7833,1058,7835,1059,1056,1057,1054,1055,8018
7833,7835,1056,1054,1058,1059,1057,1052,1055,7556,1053,1050
7710,7757,7756,7711,1059,7843,1058,1057,1056,7834,1055,1054
7831,8835,7714,7832,8380,8320,8186,8616,8157,8321,7969,8609
7831,8380,8157,8320,8835,8370,8609,8158,7832,8616,8858,8876
8157,7714,8055,8380,8158,7831,7713,8370,8372,8320,8609,8835
8004,7471,7730,7670,7472,7938,7520,8060,7473,7672,7492,7939
7716,7730,8459,7339,8004,7471,8060,7670,7340,7938,8218,8629
7821,7820,7819,7936,7935,7721,7990,7933,7934,8091,8599,8568
7820,7718,7933,7819,7821,7546,7990,8568,8569,7935,7936,8091
7737,7883,7789,7193,8075,7884,7233,8221,8072,7191,8222,8074
7936,8319,8599,7805,7821,8317,7989,7934,8318,7935,8852,8058
7510,8102,7490,7919,424,7969,426,7920,420,7790,427,7136
7565,7724,7428,7563,7564,7997,7725,7769,62,7792,55,69
7769,7792,7725,7564,38,7563,37,42,7742,7771,55,47
7769,7771,39,37,34,38,7770,30,33,42,29,47
7907,7727,7532,7906,7364,7075,7827,7745,7531,7646,7366,8082
7827,7745,7646,8082,7366,7828,7285,7531,8199,7647,7283,7236
8149,7571,7112,7674,7362,8136,6598,6956,6995,6957,8135,7363
7915,7752,7683,7917,7889,7916,7765,7753,8098,7888,7698,8146
8004,8060,7938,7670,7471,8629,8522,7672,8138,7939,7520,8521
7854,7630,7700,7375,7898,7378,7601,7228,7229,7322,7439,7599
7864,7795,7780,8131,8062,7794,8023,7793,8063,8379,8024,8333
7864,8053,8063,8062,7795,7732,8054,8753,8552,8325,8023,8379
7732,7780,7781,7864,7795,7793,8131,7794,7733,8062,7433,8023
7022,7334,6776,6765,6766,8041,6577,6572,6382,6764,6763,6571
8544,8826,8342,8322,8323,8822,8545,8001,8722,8340,8039,8804
8075,7883,8074,7789,8221,8222,7884,8513,7193,9017,8381,8072
7700,7739,7439,7228,7731,7375,7353,7822,7223,7229,6772,7630
7700,7731,7375,7854,7228,7439,7630,987,7229,7378,7898,7223
7560,7346,7345,7347,7118,7539,7837,7344,6696,6625,6584,6529
6398,6621,6959,5852,6225,6620,5880,6652,5850,6795,6650,6747
47,51,7792,42,48,38,7769,49,37,54,7725,60
7742,7470,51,47,48,8137,7792,42,49,54,7724,60
7617,7615,8515,7614,7878,7874,7536,7469,7875,7535,7667,7616
8082,7285,7827,7283,7828,8199,7646,6884,7090,7284,7839,6885
7668,7830,7747,7790,7713,7669,7832,8505,7682,7969,7714,8835
7790,8505,7830,7682,7969,7832,7668,7722,8102,7489,7713,8321
7746,7747,7679,7830,7682,7790,7668,8505,7442,7969,7832,7713
7506,7868,7310,7675,7479,765,7098,7101,764,767,771,7213
7767,7695,7600,9494,8498,7768,7598,8067,7694,7697,8733,7696
7750,7600,7767,7695,7376,9494,8498,7598,7768,7697,8427,7377
7916,7917,7888,8077,8146,7878,8098,7765,7887,8145,8330,8147
7889,7823,7878,7752,7888,7615,7744,7874,7916,7887,7917,7617
7755,7381,7291,7690,7988,7289,7512,7380,8284,7290,7955,7624
7988,7381,8284,7690,7955,7512,7291,8033,8648,8034,7380,8385
1059,1058,1057,1056,1055,1054,7711,7843,1053,7833,1052,1051
7845,7843,7756,1059,1057,1058,1055,7710,1056,1053,1054,7943
7826,7824,8095,7825,7466,7753,7823,7664,7744,7468,7467,7915
7057,7058,6666,6752,6754,7060,6291,7059,6290,6552,6134,6753
8049,8048,7761,614,8050,612,9816,7762,8316,7966,609,7967
8048,9816,7966,7967,8050,7773,8316,7240,7965,612,8944,7956
7761,7773,7966,9816,7965,7772,8048,7967,7001,8944,7240,8049
4539,5355,4507,4385,5051,4652,4927,4480,4508,5053,5137,4407
7983,7984,7698,8031,7766,8017,8029,7765,8016,8133,8088,7683
8098,7766,8147,7917,8145,8016,8146,7916,8438,8017,8329,8328
8147,8016,8017,8098,8438,8145,8087,8088,8146,8328,8399,8133
7695,7768,8733,7600,9494,8290,8067,8289,7694,7598,8772,8271
8290,8289,8067,8271,9494,7694,8468,8068,8175,8272,8041,7696
38,37,42,7771,34,47,39,7770,30,51,33,29
33,30,29,34,26,32,19,28,17,8429,22,14
34,7770,30,33,29,26,32,19,28,17,8429,22
7773,7004,7001,7965,7003,7002,6541,7966,6825,8944,6473,7761
7965,7966,7001,8944,7002,7240,9816,7003,6825,7967,7205,7000
7318,7783,7391,7857,7349,7319,7526,7348,7258,7848,7259,7393
7890,7891,7892,8339,7909,7867,8156,8154,7999,8338,8153,8861
7777,7543,8019,8846,9533,7544,7961,7570,7402,7778,8069,7728
8846,7961,7570,8019,7728,7778,7571,7221,8149,8464,7112,6995
8136,8149,7728,7362,8150,8135,7674,7112,9096,7571,7363,8148
7813,7781,7785,7734,8195,7643,7780,7793,7434,7433,7732,7677
7793,8131,7794,7795,8333,7433,8023,8022,8024,8062,7432,8335
7793,7780,7433,7732,7434,7794,8333,8131,7795,7864,8022,7254
7736,8301,7547,8342,8322,8544,8826,8001,8340,8545,8323,7279
7391,7526,7348,7848,7393,7349,7849,7258,7850,7257,8100,8151
7779,8195,7785,7813,7338,7781,7677,7434,7433,7734,7643,7793
7781,7434,7433,7793,7677,7780,7734,8333,7254,7253,7453,7794
5893,5766,5890,5411,5033,6206,5407,6399,4899,5408,4985,4545
7788,7311,8071,7776,8020,7401,7543,8070,7171,7777,8019,7402
7776,8020,8070,7543,8019,9533,7777,8069,7401,8846,8495,7402
7233,7884,7883,8072,7134,8221,7076,8299,8057,6996,8222,7133
7969,7832,8321,8102,7713,7920,8186,8835,7919,7918,7510,7831
53,41,45,44,52,56,46,8093,36,8417,32,8460
42,7769,38,47,37,51,7725,34,7771,48,39,30
8333,7794,8131,8022,7432,7254,7795,8024,8335,8023,7255,8334
8022,8024,8023,8335,7432,8128,8130,8334,8379,8061,8129,7255
8131,8062,8023,8379,7794,8552,8063,8024,8130,8022,8441,8333
8955,7799,8064,8198,8868,8065,7639,9019,7797,8943,8479,8956
7911,8065,8066,7914,8025,8143,9019,8144,7912,7913,8457,7977
7640,7796,8064,8197,8955,7639,7799,7797,8868,8198,8065,7641
8198,9019,8065,8479,7797,8457,8143,8943,8066,7911,8824,8651
7636,7740,7560,6716,7577,7346,7837,7345,7347,7575,7252,6584
6306,7043,6602,6063,6880,7296,6075,6076,7042,7292,7295,5421
7033,6748,7273,7852,7274,6170,7446,6749,7445,7464,7444,7194
773,777,770,7804,776,772,775,771,7505,768,7479,7506
770,771,768,7479,767,7506,765,7675,758,762,764,7868
7989,8319,7702,7638,8317,8852,8599,7387,7676,7594,8058,7798
7805,7637,7702,7989,8319,7390,7638,7721,7387,8317,8852,7594
7390,7806,6982,7702,7387,7805,7389,7637,7638,7989,7592,7594
7809,7572,7810,7903,8531,7551,7905,7904,7552,7902,7573,8214
7903,8531,7810,7572,7904,8214,7902,7905,8310,8530,7552,7551
7902,7905,7904,7552,9674,7946,8530,8214,7287,7553,7945,8529
7910,7574,7573,7551,7572,7267,7265,7905,7808,7287,7166,7810
7210,7643,7644,7813,7642,7734,7645,7732,7864,7779,7733,7871
7643,7734,7781,7785,7644,7780,7732,7793,8195,7864,7433,7795
7712,7332,7815,7757,7710,7756,7842,7331,7944,7845,7843,1059
7842,7757,7942,7712,7845,7943,7843,7948,7332,7756,1059,7710
7910,7267,7811,7573,7265,7166,7304,7551,7574,7167,7169,7287
7818,7305,7477,7816,7304,7267,9435,7457,7357,7910,7166,7811
7816,9435,7305,7267,7910,7811,7477,7925,7304,7166,7926,7573
7935,8091,7990,8117,7934,8090,8118,8297,8599,8116,8577,8600
7819,7990,8568,7821,8091,7935,8569,8117,8297,8577,7936,7934
7936,7819,7935,7934,8599,8091,8090,7990,8318,8319,8600,8317
7223,6203,6989,7228,6772,6720,6000,6201,5999,7229,7325,6466
7744,7615,7878,7617,7889,7874,7467,7614,7888,7887,7875,8515
7823,7825,7753,7744,7878,7615,7889,7467,7468,7915,7617,7874
7744,7467,7823,7617,7615,7462,8515,7753,7469,7878,7614,7536
7825,7824,7468,7823,7744,7467,7753,7464,7462,7615,7617,8515
7646,7828,8082,8199,7647,7829,7285,7839,7283,7650,7284,7648
8199,7839,7829,7838,7284,7283,7876,7650,7909,8461,7090,7836
7838,7839,7909,7652,7876,8153,8461,7890,7284,8154,8093,7877
7790,7832,7713,7969,8505,8835,8321,7831,8186,7714,8102,7920
8380,8835,8320,8609,8616,8370,8186,8876,8253,8321,9543,8858
8835,8321,7969,8186,7831,8616,7920,7918,8320,8102,8185,7919
1052,1050,1048,7894,1046,1051,1049,1047,1045,7556,1044,1043
7711,8018,7835,1041,1036,1039,1037,1034,7833,7756,1040,1032
1034,1032,1036,1037,7556,1030,1039,1041,1028,7833,1040,7558
7877,7149,7872,7791,52,56,8461,44,7096,45,53,61
7347,6625,7346,5700,6626,7215,6696,6585,7118,7345,6484,5699
8461,8153,7876,8093,7877,8460,56,8154,7836,7890,46,8417
7876,7838,7284,8461,7836,7877,7909,8153,7089,56,8093,7872
8104,7459,7458,7358,8308,8173,7360,8307,7607,7029,7460,8589
8282,8189,6855,7474,8045,8190,6852,7847,8046,7441,8242,7846
7845,7943,7757,7843,8201,8203,8202,1059,7756,1057,1058,1055
1059,1057,1055,1058,1053,9207,1056,1051,1054,1052,1049,8201
7814,7815,7330,7757,7944,7712,7332,7842,7942,7845,7710,8386
7843,8201,1059,1057,8203,9207,1055,1058,1053,7756,1051,1056
8047,7818,7817,9435,8219,7478,7305,7816,7477,7925,7569,7267
7846,7817,7478,7569,7818,8047,7477,7305,7457,7456,9435,7816
8100,7850,7526,7849,8015,8099,7393,8275,7649,8009,7348,7391
7393,7649,8015,8009,786,8014,8151,782,7415,8010,785,778
7849,8015,8099,8009,8010,7649,7393,786,785,8014,784,7348
7998,7274,7033,7802,7852,7350,7445,7183,6603,7273,7464,7516
7445,7273,7464,7444,7466,7468,7446,7462,7463,7465,7826,7469
8683,7705,8694,7709,7840,7706,7538,7358,7459,8103,8693,8104
7630,7898,7601,7375,7378,7599,7700,8044,7376,973,7322,7751
8583,7316,7774,7318,7857,7929,7783,7174,7391,7349,7848,7319
8583,7855,7929,7857,7774,8389,8257,7316,7848,7783,7318,7526
7848,7783,7526,7850,8100,7391,7849,7393,7348,8258,8015,7349
7704,386,7859,8012,377,8013,7860,8011,8255,361,8904,8210
8013,8011,7860,377,8904,8210,361,8211,8026,8343,8405,8345
8210,361,8405,8011,341,8026,8124,7333,8211,8904,342,7844
7863,7421,7417,7862,7069,8422,7419,7070,7981,8574,8237,8270
8237,8422,8236,8238,7419,8270,8421,8518,8574,8519,8420,7418
7862,7981,7417,8422,8237,8236,7419,8439,8270,8238,7069,8574
7795,8062,8063,8131,8053,7780,8023,8552,8379,7794,8753,8054
8187,8355,7866,8836,8407,8206,7867,8356,8512,7999,10308,8643
8206,8836,8187,7999,8205,10308,8512,9687,8407,7891,8156,9113
7999,7866,7891,8206,8156,8205,8836,9687,8187,8339,7892,10308
7675,7098,7101,764,765,767,7479,6375,762,6699,768,7099
8053,8054,7733,8052,8753,8063,8327,7864,8062,8326,8552,8325
8052,8054,7869,8053,8327,8326,8493,8753,7733,8063,8565,8324
7870,7869,7642,8076,8054,8052,8053,7733,7644,8493,8327,8753
7791,44,52,45,41,56,53,61,46,8093,58,36
7715,8055,8159,8157,7669,8372,7714,8158,8886,7668,8380,8370
7875,7614,7887,7667,7873,7616,8160,7715,8077,7669,8055,7668
7873,7667,8160,7715,8055,7669,7616,8159,8157,7714,8330,7668
8461,7877,7836,56,7872,8093,8153,52,7149,46,44,7791
56,7872,52,44,46,8093,45,7791,41,36,53,8417
7615,7888,7874,7887,7875,8077,7614,7916,7617,7873,7667,8160
7882,8183,7928,7951,7880,8377,7856,7855,7927,7317,8719,7316
7882,7951,7317,8183,7320,7316,7104,7855,7174,7928,7103,7856
8174,7879,8171,7608,7882,7928,8377,8183,7880,7359,8548,8598
7951,8183,7317,7855,7928,7316,7856,7320,8583,7774,7174,7927
7884,8221,8222,8072,8299,7233,8382,7134,8057,8381,9017,8300
8072,8221,8299,8057,7134,8382,8300,8142,7133,6996,7548,8381
7413,7784,7779,7813,7188,7968,7785,8195,7781,7643,7734,7338
7748,7680,7679,7618,7746,7747,7442,7682,7616,7830,8505,7668
7875,8160,8077,7873,7667,8159,8330,8055,7715,8886,8372,8329
7916,8077,7887,8146,8160,7874,7875,8330,7873,8098,8329,8159
7888,7752,7878,7916,7887,8077,7917,7615,7874,8146,7875,7744
7892,8154,8153,7891,8339,8460,8338,8619,8156,8093,8862,8461
8156,7999,8339,7892,9687,8861,8205,8206,8862,8338,8154,9018
8339,8154,8338,8156,8862,8861,8619,8460,7999,9687,8650,8559
7195,7244,8005,7196,6691,7242,8132,6705,7197,7042,7214,6909
1042,7557,7937,8304,7559,8101,7486,7558,8434,8303,1028,8435
8895,7958,7656,7896,7960,7597,8267,7631,8122,8525,7561,8679
8122,8267,7631,8123,8120,8679,7533,7246,7562,8274,6964,7985
7895,7597,7656,8895,7958,7896,7561,7427,7960,7631,8896,8122
7601,7599,8044,7630,7751,7378,7376,7375,7600,7750,8089,965
6304,6759,6757,6859,5663,6305,6129,7268,7452,7337,7189,6348
7914,7911,7797,7912,7913,8066,8025,8065,7972,7977,7973,8144
7912,7900,7970,7914,7972,7913,7911,7797,7621,7620,7973,7977
9674,7946,7945,8530,7553,8529,8192,8224,8223,8193,8230,9144
7904,8214,7810,8530,7902,7946,8230,7905,7552,8229,8224,9674
8530,7902,7946,8224,9674,8230,7945,8223,8192,8265,7553,8263
7552,7287,7902,7553,9674,7904,7288,7168,8529,7946,7945,9144
7745,7366,7727,7285,7827,8082,7236,7532,7283,7828,7646,8199
7906,7727,7745,7366,7532,7827,7285,8082,7646,7236,7075,7828
7497,8114,7498,7500,6630,8196,7067,7115,7952,7499,6534,6736
7890,8153,7838,8154,8460,7892,8461,8093,7876,8619,8338,8417
7573,7265,7166,7551,7287,7167,7168,7169,7905,7572,7373,7288
7914,8066,8025,7913,8144,7977,8143,8178,8163,7973,7972,8161
7914,7913,7972,7973,7911,7977,7621,8025,7976,7974,7975,8066
7977,7973,8025,7974,8178,7975,7976,8066,8376,8163,8374,8144
7913,8025,7977,8066,7973,8178,8144,7974,8163,7975,8143,8161
7889,7752,7753,7888,7917,7916,7878,7683,7823,8077,7887,8146
8146,8077,8098,7887,8330,8329,8145,8160,8147,8159,7875,8400
8098,7916,8146,8147,7888,8145,8077,7766,8329,8330,8016,8438
8185,7703,417,408,396,8254,8253,7858,8256,8012,386,8876
420,7920,417,7918,408,8186,7703,396,8185,8254,8616,7858
7918,417,420,8186,408,8185,7703,396,8616,8254,8253,7858
8281,7923,7606,7993,7603,7922,8051,8226,7408,7514,8227,7953
8051,8027,8152,7514,7513,8940,7515,8817,8732,7409,8295,7369
7922,8051,7993,7603,7514,8027,8152,7513,8227,7409,7953,8940
7861,7421,7499,7863,7417,7070,7069,7982,7067,7862,8574,7419
7926,9435,7811,8480,7574,7816,8542,7910,7551,7808,7573,7572
8480,7574,7811,7808,7572,7551,7816,7573,7910,8482,7905,7809
8387,7856,7929,8389,8257,8978,8583,8669,8337,7855,7857,7848
8183,7856,7927,8719,7855,7929,7951,8583,8387,8389,8681,7857
8257,7857,8583,7848,8100,8258,7783,7526,8337,7850,7774,7849
6384,6417,6411,7321,6571,5991,6385,6419,6418,6502,5990,6410
5776,6460,6413,5775,5591,5593,6148,6459,5553,5551,5216,6415
7719,7718,7546,7820,9545,7821,7819,7933,7936,7541,7721,7990
8568,7820,8569,7990,8577,8297,7819,8575,8117,8091,9335,8684
8318,8600,8090,8091,8197,8757,8058,8956,8868,8118,8756,8117
8091,7934,8090,8118,8117,8600,8318,8757,8756,8116,8956,8197
8599,7934,8319,7935,8318,7819,8317,8600,8090,8091,7989,8058
8101,8434,7559,8303,7525,7486,8433,7454,8430,8432,7524,8354
7939,8138,7672,8262,7865,7520,8355,8628,8357,7671,8356,7673
8262,8355,7865,8356,8357,8187,7671,8407,7866,7673,8406,8836
7654,8112,8085,7653,7612,8110,7590,7611,8411,7591,8758,8463
7653,7590,7940,7654,7529,7591,7611,7487,8112,7612,8085,7655
7842,7943,7845,8202,8203,7757,8201,7843,8472,8204,9062,1059
8203,7845,8201,9062,8204,7843,8472,8547,9207,1059,1057,8291
7942,7842,7815,7948,7943,7845,7757,8248,8202,8203,7843,8201
8192,8529,8193,8223,8528,8105,8114,8196,8676,8056,8264,7908
8192,7945,8223,8224,8529,8193,8528,8264,8265,8676,8196,8555
8386,8247,7949,8246,7944,7948,8248,7950,8602,7942,8603,7815
7942,8202,7943,7842,8472,8203,7845,8204,8682,8201,7757,9062
7950,7944,8386,7815,8247,7844,7948,7942,7842,8248,8246,7814
7844,7815,7944,7814,7842,8386,7942,7757,7948,7712,7330,7845
7317,7855,7316,7774,7174,7856,7320,8583,7318,7319,7102,9479
7924,7499,7421,8556,7861,7070,7067,7863,7417,7069,7982,6914
7301,7409,7514,7379,7207,7302,8051,7513,7369,7208,7084,7085
8006,7626,8005,8007,7893,7625,9215,8132,7195,9863,7196,7295
8034,8035,8006,7624,7954,9215,8078,8384,8007,7626,7292,8005
8877,7959,7957,8492,7958,7895,7897,8896,606,7239,8488,8895
8896,7958,8877,8488,8525,604,7895,8895,7960,8524,602,7897
7960,8895,8525,7896,8267,8679,7656,8524,8686,8122,7631,8120
8877,7897,7239,7895,7957,7597,7958,8895,7205,7656,7206,8896
8267,8679,7896,8122,8120,8686,8274,8966,7631,8123,8685,8716
7728,7571,7778,8149,7112,6995,6598,8136,7674,7362,6957,6956
8028,7764,7984,8030,7983,8031,7698,8029,8286,7766,8017,8773
7962,8032,7699,8028,7764,7984,8287,7685,7698,8030,7983,7684
7963,7686,7699,8097,7685,7962,8032,7684,7764,7698,8028,8375
8944,7002,7240,7205,6825,7000,7239,7967,7959,7206,7241,6109
7240,7965,8944,7967,7959,7002,7239,8316,7205,7956,7897,8877
7240,7959,7956,8877,8944,8489,7239,7897,7957,7895,7205,7002
7643,7812,7813,7779,7734,7210,7644,7784,7781,7732,7642,7785
8321,7920,7919,8186,7918,7510,420,8835,417,424,8185,8616
7912,7972,7621,7913,7900,7622,7914,7973,7976,7977,7911,7975
7970,7620,7901,7621,7144,7912,7972,7622,7900,7913,7976,7914
7973,7913,7976,7975,7977,7914,7974,8126,8125,8025,8376,8178
7975,7974,7977,8376,8126,8178,8025,8374,8097,8127,8608,8375
8376,8374,8178,8375,8126,8097,8465,8163,8511,8608,8032,8287
8126,8376,7974,8097,8608,8127,8374,8375,8178,8032,7963,7964
7975,8126,7973,8127,8331,8608,8376,7974,7977,8097,7687,7628
7974,8178,7975,8374,8376,8163,8465,8144,8126,8375,8161,8097
7364,9531,7235,7907,7906,7366,7726,7727,7236,7745,7006,7005
9531,7978,7364,7907,7365,8094,7726,7906,7235,7727,7366,7074
7106,6879,6877,7094,6745,7327,6878,7326,6746,7092,7116,6647
7862,8236,8439,8237,8519,8422,8518,7417,8994,8421,8238,7419
8440,7981,7863,7861,8439,7862,9130,8236,7417,8237,7421,8994
7766,8017,8031,8016,7765,8147,8088,8133,8087,8438,8029,8098
8031,8029,7983,8133,8773,8017,9848,8088,8134,7766,8766,8763
7247,7987,7986,7052,7053,8390,8260,8261,8332,8451,6887,6886
7052,8261,8260,8332,8242,8451,6886,8239,8523,7051,8190,8188
7986,8390,8260,8261,8451,7052,8452,8523,8332,8239,8242,8816
7955,7690,8033,8034,8035,8385,7512,7624,8384,8006,8078,7954
8852,7638,8317,7676,8058,7798,8599,7594,8318,7640,7796,7593
8117,8091,8297,8577,7935,8116,8118,8684,8090,9335,8696,8786
6557,6665,6555,6056,6663,6438,8352,6553,7121,6263,6664,6437
7921,8281,8279,8226,7923,7606,7993,8478,7605,8227,7922,8228
7922,8227,8152,8051,8027,8732,8940,8817,7603,7514,7513,8768
7921,7992,7606,7605,8281,7923,7408,8279,7603,7602,7993,8226
7867,7891,7775,7999,8156,7892,7890,7866,8339,8206,9687,8205
7997,7743,7742,7724,7792,7585,7723,7470,47,51,7769,42
7742,7792,7724,7743,7769,47,42,51,38,7470,7565,7725
7274,7183,7350,7445,7033,7516,7852,7351,7466,7802,7464,7826
8206,8156,8205,9687,8836,8861,10308,8339,9113,9018,8862,8512
8036,8002,7659,8037,8165,8266,7660,7568,8166,8164,8252,8251
8322,8039,7691,8323,8544,8000,8002,8038,8266,8822,7657,8826
8037,8036,8266,8166,8165,7659,8164,8802,8804,8803,8251,7660
6560,6561,6489,6684,6685,6562,6488,7105,6931,6929,6697,6935
7670,7938,7672,7520,7472,7939,8522,8138,7671,7673,7865,7519
7195,8132,7196,9863,8169,7244,6691,7214,7197,8079,7262,6705
8007,9215,8005,9863,8132,8749,8169,7893,7195,7196,8079,8957
9863,8132,8005,8169,8749,8079,7196,7195,7214,7262,7893,8561
8106,788,784,783,780,785,779,7803,8009,777,786,773
785,786,784,782,7649,8014,780,8106,778,7415,7803,8151
8009,784,785,8008,786,8106,780,782,7649,783,8014,7803
8210,8026,8211,8767,8405,8124,7950,7844,7949,8249,341,7814
8013,7859,8255,7704,8343,8904,8011,386,7860,8579,8345,377
8904,8343,8011,8345,8211,8767,7860,8026,8582,8210,8249,377
782,7415,778,7505,7414,771,7479,780,7506,768,7749,7416
8009,8010,786,785,7649,8014,784,782,8008,7415,8151,778
8438,8087,8145,8088,8399,8328,8477,8329,8614,8412,8146,8766
8016,8088,8087,8133,8147,8438,8766,8477,8399,8614,8145,8098
1041,1039,1040,1037,1036,7217,1038,7835,1034,1035,1032,1033
8846,7778,8464,7961,7728,8624,8136,8149,7570,9096,8150,7571
9533,8069,8019,7776,8624,8464,7777,8846,8496,7778,7543,9532
7578,7629,7204,7476,7496,7203,7062,7480,7595,7403,7389,7063
8335,8024,8334,8128,8061,8059,7425,8130,8129,8218,8459,7717
8379,8130,8024,8552,8216,8442,8129,8441,8022,8128,8335,8642
8130,8128,8335,8129,8216,8061,8334,8218,8442,8642,8217,8459
7977,8178,8144,8163,7974,8161,8465,8374,8162,8168,7975,8458
7844,7950,8124,7814,7815,7949,7330,7944,7333,7332,7712,7757
8940,7513,7515,7528,8817,7369,8295,7370,7397,8296,7527,7488
8030,7984,8286,8029,7764,8773,8031,8747,7983,8133,8134,8763
8133,9848,8134,8031,8766,8761,8088,8759,8017,8760,8762,8641
8773,8029,7984,8134,8763,8031,8133,9848,7764,8760,8761,8394
8133,8017,8088,7766,8016,9848,8766,8087,8134,8147,8759,8614
8028,8287,7962,8030,7984,8286,8511,7764,7699,8773,8029,8031
7955,8035,8384,8078,8034,9215,8610,8006,8749,8612,7624,7954
7954,8006,8035,7626,9215,8007,8005,8078,7625,9863,7893,8132
9215,8006,8078,8007,7954,8749,9863,8957,8005,8610,7626,8132
8037,8165,7660,8164,8166,8252,8251,8527,7658,8076,8803,8802
8166,8164,8165,8251,8803,8802,8527,8848,8252,7660,8867,8653
7657,7238,7691,8000,7661,7659,8039,8036,7272,8002,7568,7150
8002,8323,8000,8266,8037,8036,8822,7657,8166,8804,7659,8802
7172,6569,7182,7171,6570,8140,7401,6571,6502,7170,7311,8139
8042,6766,6764,8068,7181,8040,6572,8176,6765,6569,8175,7172
7181,6764,8040,8176,7172,7312,6572,6569,7182,8140,7171,8177
7602,7693,7605,7408,7580,8363,7604,7606,7994,7300,7582,7953
7751,7599,8089,7750,7601,7600,7767,958,7376,7695,8498,7378
7846,7847,8046,8047,7817,7818,7475,8219,7478,8191,9435,7305
8047,8191,8219,7846,9435,7818,7847,7925,8220,7817,7816,7926
9435,7818,7925,7816,7817,7305,7811,7926,8220,7910,7267,7478
8050,9816,8316,7967,7966,609,8489,7956,7240,608,7959,7965
8048,612,8050,7761,609,8316,9816,8489,7967,608,7966,7956
8316,609,9816,8489,608,7967,7956,8492,606,7966,7957,7959
7514,7513,8027,7409,8152,7515,8940,7369,7379,7301,8817,7528
8326,8054,8327,8655,8565,8753,8053,8324,8564,9111,8063,7733
8063,8753,8327,8062,8552,8325,8324,8326,7795,8441,9382,8379
8053,8327,8753,8326,8063,8324,8565,8325,8655,8552,9382,8062
8372,8158,8157,8371,8886,8370,7714,8508,8373,8380,8701,7831
7708,8105,8115,7908,6601,8114,7498,6630,8193,7497,6534,7500
7133,7548,8142,7549,7782,7135,8300,8301,8298,7547,9146,7736
8197,7798,7796,8955,7640,8868,7799,8600,8064,8198,8956,7593
7717,8459,7730,7716,8060,8218,8004,7339,8629,7938,7471,7670
8522,7938,8138,8004,8521,8628,7670,7939,7672,8262,8215,8357
8459,8059,8218,7717,7730,8060,8129,8629,8217,7426,7716,8004
8552,8023,8379,8441,8325,8130,8442,8024,7794,8216,8550,8551
8552,8062,8753,8325,8441,8379,8324,8023,9382,8551,8442,8550
7799,7797,8065,9019,8066,7900,7911,8198,8143,7914,8457,8479
9019,8066,8143,7911,8457,8144,8479,8162,8448,8025,7914,8651
8144,8143,8025,8162,8163,8161,8457,7977,8448,8178,8458,8362
7694,8289,8068,8041,7696,8042,8271,8175,8176,7022,6766,7181
8176,8042,8175,7181,7312,6764,8040,8177,6766,7182,8140,8139
9533,8624,8496,9532,8019,8464,8656,9096,9136,7778,9352,8846
8069,8495,8020,9533,8496,8624,8231,8019,7776,9532,8656,8464
8070,7788,8020,8069,8495,7776,9533,7311,8019,8496,8624,8231
7134,8057,8299,7133,6996,8142,7548,7135,8300,7549,8382,7782
6973,7031,6974,7360,6857,7461,6856,7032,6529,7460,6972,6528
9017,8222,8381,8938,8221,8382,7883,8383,9302,9190,7884,8687
8074,8222,7883,8221,7884,8381,9017,8382,7789,8299,8383,8072
7870,8052,8493,8054,7869,8326,8527,8327,7642,8053,8655,8564
8160,8330,8159,8329,7873,7875,8145,8886,8400,8055,8372,8328
9215,8749,8957,8731,8006,9863,8007,8561,8730,8079,8445,7954
8169,7262,8081,8401,7263,7214,7309,6990,8080,7196,8402,6966
7309,8393,6870,6869,7263,6965,8391,6822,7282,6821,6888,6966
7309,7263,8080,6990,6965,6870,6966,8393,6869,6822,6173,6172
8199,7283,7828,7284,7839,7090,6884,7829,7876,7089,7838,7647
8084,8086,7940,8111,8085,7941,8112,7654,7653,7530,8450,8449
8085,7940,8112,8450,8110,7941,7654,7653,8463,8411,7612,8462
8110,8112,8463,8411,7654,8794,7612,8462,8834,7653,8758,8499
7941,7940,8084,7530,7653,7590,7654,8085,8111,8112,7529,7488
8477,8399,8614,8412,8473,8328,8919,8398,8641,8640,8475,8414
8766,8087,8614,8477,8641,8759,8438,8399,8473,8640,8919,8412
7750,7767,7751,8498,8427,7695,7599,7600,7768,955,8497,8733
8757,8118,8600,8756,8956,8798,8786,8942,8797,8868,8197,8943
8117,8118,8090,8116,8756,8786,8757,8600,8684,8696,8797,8318
7443,7886,7680,7535,7681,7679,7748,7618,7442,7536,7219,7385
46,8460,8417,56,36,52,8619,32,8429,44,28,8338
7726,7074,9531,7907,7532,7075,7727,7073,7906,7364,7978,7531
7753,7824,7915,7826,7823,7889,7825,7878,7744,7752,7729,7615
7429,7758,8095,7516,7824,7664,7826,7753,7915,7825,7662,7823
8032,7963,8375,7962,8287,8028,7699,8511,8030,7984,8286,7764
8147,8145,8146,8329,8438,8016,8328,8077,8330,8400,8399,8087
8010,8225,8015,8008,8009,8107,784,785,7849,786,8106,788
7850,8099,8015,7849,7526,8010,8009,8225,7393,7649,8008,786
8434,7525,7454,8433,7524,8354,7367,8432,7522,8430,7523,7249
7919,7969,7920,7510,424,420,8321,417,426,7918,8186,427
8307,8104,8308,7840,8416,8878,8588,8589,8173,7458,7459,7709
8308,7458,8173,8589,7607,8416,8172,7460,7360,7881,8549,8665
7908,8114,8193,7708,7497,7498,8196,7500,8528,6630,6601,7952
7803,780,779,777,773,776,7804,770,772,775,782,778
788,8008,783,8106,8010,779,784,7803,780,777,785,8009
4792,4648,4914,4913,4726,4651,4727,4931,5024,4915,4649,4971
8083,8084,8111,8086,8085,8449,7940,8450,8366,7941,8112,8110
8463,8794,8411,8112,8834,8499,7612,8833,8454,8758,7654,8707
8084,8085,8450,8110,8426,7940,8463,8112,8462,8471,8794,8411
7654,8411,7612,8758,8794,8834,8454,7611,7589,7610,8833,8707
799,8225,794,8107,788,8008,8099,783,8010,8106,784,779
8196,7497,7500,7952,7498,7499,8285,7067,7924,6630,7070,7115
6601,7708,6630,6534,8105,7908,6535,7498,6533,7115,7497,8114
8696,8786,8118,8788,8787,8756,8785,8797,9173,9009,8090,9148
8116,8118,8684,8786,8696,8090,8756,8787,8788,8797,8757,8785
8756,8786,8797,8696,8757,8788,8798,9173,8600,9172,8956,9009
4750,5050,4630,4751,4599,4869,4597,4417,4598,4705,4868,4418
7985,8274,8121,7246,7247,7987,7986,8453,6964,8390,7053,7052
7987,7985,8390,7986,7247,8260,8451,8815,8452,8261,7052,7053
8123,8120,7246,7533,7985,6964,8274,7562,7247,8121,7053,6963
7246,6964,8120,7985,7247,7053,6963,6887,8121,7986,8274,7052
7330,7844,7814,7332,7950,7815,7019,7712,7757,7331,7710,7944
8331,7976,8127,7628,7687,8126,7435,7975,8608,8428,7964,7973
8608,8097,8376,7963,7964,8375,8032,7687,8374,7962,8178,7699
8608,8126,7687,7964,8097,7963,8428,7686,8376,7699,7974,8032
8061,8129,8218,8459,8217,8216,8059,8629,8642,8060,7730,7717
8217,8642,8218,8629,8215,9011,8459,8521,8841,8060,8059,8522
8216,8129,8442,8642,8128,9011,8217,8550,8218,8061,8841,8215
7794,8023,8024,8062,8022,8333,8130,8379,8335,8552,8128,7432
8169,7196,7214,7262,8079,7197,6691,6990,6173,8081,7263,7244
9848,8088,8766,8759,8761,8087,8641,8614,8016,8764,8477,8640
8761,9848,8760,8762,8759,8133,9074,8766,8764,9035,8641,9020
7754,8148,7363,7674,7755,8283,7381,7291,7289,8558,6956,8284
7362,8135,8150,8149,8148,7674,7363,7754,7112,8557,8283,7289
54,60,7470,49,48,51,7742,47,42,7792,38,7769
8262,8357,7939,8356,8355,9107,7672,8627,7865,8626,8407,8406
7787,8140,8397,8212,7788,7311,7182,8071,7776,7401,8020,8070
7787,7182,7311,8397,7401,7788,7171,7543,7776,8071,7402,8020
8212,8139,8397,7787,8071,8213,8140,7788,8070,7311,8020,7182
7782,8298,8301,7548,8853,7736,8342,7549,7547,8340,8341,8826
8162,8144,8448,8161,8651,8362,8458,8025,8163,8446,8168,8714
8161,8162,8163,8458,8178,8448,8168,8362,8465,8167,8374,7974
8329,8328,8438,8400,8399,8330,8398,8087,8412,8886,8477,8413
8329,8145,8077,8330,8328,8400,8160,8438,7887,8159,8886,8398
8016,8145,8438,8328,8146,8329,8087,8399,8088,8400,8477,8398
8283,7754,7755,8558,7363,8284,7381,7988,8649,7291,7690,8648
7362,7674,7112,8135,7363,7289,6956,6957,7754,6598,7291,8148
8135,8148,8557,7362,8283,7754,8149,8558,7363,7755,8887,7674
7392,7415,7414,8014,7505,778,782,7416,7159,786,7749,7506
8817,8027,8940,8296,8295,7515,7513,7528,7527,8572,8294,7488
8460,8093,8461,8154,8417,8619,56,46,7877,36,7892,8338
8460,8619,8338,8093,8339,8417,8862,8429,8559,36,46,32
7222,7047,7046,7028,7221,7544,6951,6727,6949,6995,7570,7027
9687,8339,8861,8205,9018,8862,9316,9113,8338,10308,9112,8650
8158,8370,8380,7831,8373,8609,8371,8858,8320,8835,8701,9543
8371,8370,8373,8701,8380,8858,8702,8609,8725,8646,7831,8553
8372,8886,8055,8508,8158,8371,8413,7715,8157,8702,8553,8373
8159,7873,8330,8055,8886,8372,7715,8400,8158,8157,8508,8371
8458,8168,8362,8465,8167,8360,8361,8358,8374,8446,8511,8359
8161,8458,8362,8163,8168,8167,8446,8358,8465,8178,8447,8361
8161,8465,8168,8458,8374,8360,8511,8167,8362,8361,8375,8376
8251,8803,8848,8527,8653,8866,8252,8703,8564,9149,8493,8652
8252,8251,8527,8164,8076,8493,8653,8848,8803,8564,8052,7870
8164,8803,8867,8251,8848,8165,8866,8527,8653,8969,8960,9149
8361,8359,8607,8360,8395,8517,8516,8394,8747,8606,8396,8511
8360,8167,8361,8511,8747,8359,8358,8394,8286,8395,8763,8375
7262,7214,7196,8081,6990,7263,7197,6173,8401,6966,7309,6691
6695,7299,6952,6485,6694,7298,5879,7395,6499,6486,5907,7633
8174,8377,8598,7879,7928,8719,8720,8597,7927,7608,8681,8183
8171,7881,8174,8548,8377,7879,7608,8598,7928,7882,8596,8719
7607,8172,7881,7460,8171,8549,7608,8174,7879,7461,7359,7882
7879,8377,7928,8183,7882,8719,8598,7927,7856,7951,7880,8681
8176,8177,7312,7181,8273,8139,8042,8141,8140,8469,8040,7182
7181,7312,8177,8040,8139,8140,7182,6764,8141,7172,7787,8397
8139,8141,7312,8397,8140,8233,7787,7181,8212,7182,8071,7788
8163,8374,8465,8376,8161,8511,8375,8168,8360,8458,8097,8287
8182,8351,8349,8449,8109,8425,8111,8423,8426,8084,8450,8180
8083,8086,8109,8366,8084,7940,7941,7527,8111,8182,7530,8085
8180,8351,8109,8083,8294,8086,8182,8179,8084,8111,8366,7940
8449,8111,8109,8084,8426,8450,8083,8423,8085,8462,8471,8110
7855,7951,7856,8583,7316,7927,7317,7774,7929,7857,7318,7174
7211,7645,7658,7871,7210,7660,7642,8076,7812,7870,7869,8252
8253,8254,7703,8256,408,7858,8876,8012,396,8255,8615,386
8616,8185,7918,8253,8320,7703,8254,8876,417,8256,408,420
8836,8407,8512,8206,10308,8643,8644,8406,9241,8205,7999,9058
8191,8241,8046,8219,8269,8047,8220,8045,7846,7925,8409,9435
8045,8282,8046,7846,7847,8188,7474,8047,8191,8219,7475,7817
8189,8188,8046,8045,8191,8282,8241,8047,7846,8219,8240,7847
8219,8220,8047,7925,9435,7926,8268,7846,8480,7818,8542,7811
8223,8528,8193,8676,8196,8264,8114,8105,8285,8555,7952,8554
8114,8528,8196,7908,7500,7952,7497,8285,8676,7708,7498,7499
7188,7190,7338,8195,7784,7268,7270,7677,7453,7885,7337,7785
7785,7677,7434,7453,7433,7781,7253,7254,7793,7141,8333,7780
7952,8285,7500,7497,7924,7499,8556,8554,7421,7498,7861,7067
8955,8868,7796,8198,8956,7799,8943,8064,7640,8757,8479,9019
8479,8943,9019,8457,8824,8065,8651,8942,8143,8823,8448,7797
7284,7839,7876,7090,7829,7836,7089,7838,7877,8461,6968,7149
6780,7276,6939,6235,6234,7427,6941,6233,6093,5860,6089,7561
8547,9062,9207,1055,1053,1051,1049,1047,1052,8304,1045,1050
8472,8203,7943,8204,9062,8293,8201,7845,8291,8292,8977,8547
9062,8204,8201,8291,8547,8738,8292,9207,8293,8902,8435,8737
8291,8292,9062,8902,8738,9027,8737,8547,8903,9033,8431,8901
9687,10308,9113,9018,9059,8861,9241,9112,9150,9316,8862,9060
8205,10308,9687,8512,9113,8156,9241,9059,9018,8861,8644,8339
8209,8043,8208,8812,7605,9480,7693,7602,8363,8526,7994,7580
8363,8043,7693,7580,8209,7602,7692,8364,7582,7605,7300,8812
8812,8043,7605,7994,7602,7606,7693,7408,8280,7921,7992,7604
8405,8026,8124,7844,8211,7333,7330,7950,7814,7815,7332,7949
8026,7950,7949,7844,7947,7944,7815,8124,8386,7814,8344,7842
8071,8397,8213,8070,7788,7787,8495,8020,8069,8232,8140,7311
8495,8070,8232,8071,8397,8231,8069,8020,8496,8302,7788,7787
8530,8230,7904,8229,8224,8263,7946,7902,8265,8314,8311,8223
8851,8521,8892,8627,8628,9105,9095,8522,9145,9106,9107,8138
8642,8129,9011,8217,8841,8215,8550,8218,9010,8629,8521,8061
8629,8521,8215,8851,8522,8060,8841,8628,8892,8627,8138,7730
8629,8459,8217,8060,8521,8522,7730,8215,7938,8628,8138,8851
7925,8047,9435,8220,7926,7818,7811,7816,8480,7574,8268,8542
7925,7926,8480,8542,8926,9435,7574,7811,7808,8482,7572,8543
8382,8299,8072,8300,8381,8383,8057,8687,8142,7134,8853,8298
8221,8381,8382,8383,7884,8299,8687,9302,8300,9031,8072,8774
8264,8528,8676,8555,8193,8992,8285,8196,8554,8805,8114,7952
8223,8264,8265,8192,8992,8676,8555,8678,8528,7945,8193,8708
8107,8008,794,788,8010,783,8106,784,8009,8015,785,779
8227,8228,7993,8688,8732,8152,7922,7923,8768,8051,8817,8027
8152,8732,7922,8817,8768,8296,8027,8940,8051,8572,8295,7527
8227,8768,8732,7993,8941,8152,8572,8573,8296,8817,7922,8294
8263,8230,8311,8265,8530,8368,8678,8224,8378,7904,8437,8264
8263,8224,8265,8678,8264,8311,7946,8223,8992,8437,8192,8555
8656,8496,8657,9136,9134,8069,9532,8624,9135,9455,9352,9537
8231,8302,8495,8657,8656,8496,8070,9137,8069,8071,9136,9134
8212,8141,8213,8397,8071,8234,8139,8070,8232,8495,7787,8563
8232,8213,8562,8302,8495,8231,8212,8070,8657,9137,8071,9121
8233,8234,8213,8563,8212,8232,8141,8562,8495,8071,8070,8837
8237,8518,8519,8421,8422,8238,8520,8905,8570,8906,8420,8270
8238,8421,8270,8420,8518,8570,9545,8520,7418,8569,7933,8905
8420,9545,8421,7933,8570,8569,7719,7820,8520,8568,7932,8575
8240,8188,8241,8190,8408,8191,8269,8409,8046,8189,8220,8219
8409,8241,8269,8188,8872,8410,8191,8268,8220,8873,8219,8926
8191,8269,8220,8219,8268,8046,8410,7925,8047,7926,8542,8480
8190,8239,8188,8241,8189,8046,8191,8240,8045,8219,8269,8408
8743,8207,8244,8741,8209,8812,8208,8043,8713,8526,8865,7605
8207,8208,9480,8743,8043,9357,8209,8363,8365,7693,8741,7580
8243,8244,8207,8743,8713,8208,8209,8491,8741,8043,9480,8812
8247,8603,8602,8248,8963,8975,8386,8682,7948,8976,8472,9287
8386,8602,8248,8603,7948,7944,8975,8682,7942,8202,8472,8963
7948,8472,8202,8682,7942,7943,8204,8203,8293,8976,7842,8977
7947,8344,7949,8211,8386,8247,8601,7950,8246,7944,8026,7948
6661,6439,7579,6430,8541,7220,6216,7400,6429,7218,6386,6848
8527,8653,8848,8564,8493,8703,8652,8866,9149,8655,8654,8326
8076,8527,8493,8052,8251,7870,8564,8326,7871,8653,8655,8054
8256,8254,8615,8012,7703,8255,7858,9543,8013,8850,396,8579
8012,8256,7858,396,8255,7859,8013,7704,386,8615,8343,8904
8343,8013,8579,8904,8345,8582,7859,8346,8767,8011,8249,8211
8255,8615,8012,8013,8343,8579,8850,7858,7859,8904,8345,396
7848,8100,8258,7857,7850,8275,8099,7526,7849,8015,7783,8277
8100,8275,8099,7848,7850,8277,8225,8015,8010,8113,8008,7849
5639,6157,6088,5311,6296,5640,6158,6217,5783,5431,5309,5310
8261,8523,8239,8242,8816,8332,8240,8408,8188,8190,8241,8813
8242,8332,8239,8190,8523,7051,8188,8240,8241,8189,8816,7841
8356,8355,8407,7865,8626,8406,9107,8187,9003,8643,8512,9004
8265,8678,8224,8437,8992,8378,8264,8708,8507,8223,8555,8506
8555,8992,8676,8528,8805,8554,8708,8285,8993,8193,8712,8196
8264,8678,8992,8223,8555,8708,8437,8676,8805,8192,8712,8993
8166,8802,8037,8804,8164,8803,8925,8036,8867,8165,8723,8251
8122,8120,8679,8274,8123,7246,7985,8121,8966,7533,7247,8453
8926,8542,8220,8480,8543,8482,7926,7925,7808,7574,9104,8481
8268,8410,8220,8191,8926,8542,8874,8219,8480,7925,7926,8543
7418,8238,9545,7719,8420,7932,7933,7820,8421,7718,7545,8569
8272,8175,8288,8177,8068,8176,8273,7312,8469,7181,8484,8141
8273,8175,8177,8469,8141,8176,7312,8139,8233,8068,8456,7181
8177,8141,8233,8139,8212,8397,8235,7312,8176,8213,7787,8071
8121,8453,8854,7985,7987,8390,8815,7246,7986,7247,8452,8260
8225,8099,8113,8100,799,8107,8008,794,8010,7850,788,8015
801,803,8336,8277,8113,799,8275,8337,8225,8258,794,8107
8113,8275,799,8225,794,8107,8099,8008,788,8100,8010,783
8279,8692,7992,8281,8478,7994,8226,7921,8689,7993,8690,7923
8226,8281,8478,7921,7993,8228,8227,8688,8690,7923,7922,7606
7992,8278,7994,8812,7921,8279,8281,8692,7606,7605,8226,7923
7993,8226,7923,8227,7922,8228,8051,8152,7603,8027,8732,7514
7474,8045,7847,7475,7846,7441,8046,7478,7817,7056,8047,7569
7755,8284,7754,8649,7988,8648,7381,8385,7690,7363,8033,7955
8648,7988,8385,8033,7955,7690,8613,8384,8035,7381,8034,8078
7952,8554,8556,7924,7861,7500,7499,7982,7421,7863,7497,7070
8747,8773,8030,8763,8029,8134,8394,7984,8760,9848,8396,8133
8286,8028,8030,8773,8747,7984,7962,8029,8763,8134,7764,8031
8469,8272,8484,8273,8456,8177,8233,8175,8419,8141,8235,8139
8271,8068,8175,8176,8272,8041,8042,7181,8177,7312,8288,8273
8271,8289,8468,8272,8067,8175,8288,8068,8176,7694,8177,8273
8902,8738,8737,8431,8903,8901,8435,9027,8430,8736,8746,9028
8902,8291,9027,8903,8737,8901,9026,8738,9034,9028,8431,8746
8292,8204,9027,9033,9088,8291,8903,8902,9034,9062,9026,9119
8366,8180,8086,7527,8083,7530,7941,8295,8109,7940,7488,8084
7527,7528,7488,7530,7397,8366,7529,7370,7398,7590,7941,7368
8294,7527,8295,8366,8180,8940,8086,7530,8181,7488,7528,8083
8117,8684,8116,8696,8091,8118,8787,8907,8786,8788,8785,7935
8301,8340,8342,8341,7782,7736,8545,8775,8826,8776,8544,8997
8057,8300,8142,8298,7548,8687,7133,8853,7782,8301,8383,7549
8298,8853,8142,8301,8774,8341,7782,8340,9031,7548,8342,8775
8342,7736,8340,8826,8545,8544,8341,7547,8322,8775,8722,8822
8657,8231,9137,8656,9135,8495,9134,8496,9136,9193,9537,8070
8434,8430,8432,8433,8101,7525,8467,8354,8736,8466,7524,8937
7937,8435,8303,8434,8738,8101,7557,8430,8431,7559,8432,8433
8245,8244,8713,8491,8243,8625,8207,9480,9357,8208,8743,8533
10163,8243,8245,8533,8305,8743,8244,8207,8742,8741,8748,8713
8588,8308,8416,8589,8665,8104,8663,8173,8549,8172,8587,7458
8589,8416,8173,8172,7458,8665,8549,7607,7881,8171,8587,7460
8314,8229,8312,8368,8311,8263,8214,8230,8367,8378,9152,8678
8309,8214,8229,8314,7903,8230,8530,8263,8312,7904,8311,8368
8263,8378,8678,8437,8265,8506,8507,8708,8992,8677,8224,8711
8367,8368,8314,9152,9153,9437,8311,8378,8229,9463,8263,8506
8315,8309,8310,8312,8314,8229,8531,8214,8368,8311,8674,8367
8368,8311,8229,8378,8263,9152,8230,8678,8437,8506,9437,8265
8312,8309,8314,8310,8674,8368,8367,8229,8311,9152,9153,8378
8489,7956,7967,608,7959,7957,8492,8877,7240,606,8896,7958
8058,8852,8318,7798,8197,7796,7934,7676,8600,8955,7640,8868
8197,8058,8600,8868,8955,7796,7798,8956,8090,8757,8198,8943
8317,7989,8599,8852,8318,8058,7638,7934,7798,7676,8197,7796
8616,8609,8876,8253,9543,8185,8615,8256,8858,8850,8254,8859
8186,7920,7918,8185,7919,8616,417,7703,420,408,8253,8254
8544,8323,8039,8822,8826,8266,7691,8002,8000,8804,8722,8545
8822,8266,8002,8804,8722,8802,8166,8037,8000,8036,8925,8723
9382,8325,8754,8755,8551,9111,8441,8552,8793,9014,8790,8936
9382,8441,8551,8550,8755,8379,8936,8442,8754,9014,9011,9010
8655,8327,8565,9111,8324,8753,8654,8754,9382,8790,8325,8652
8324,8753,8565,8655,9382,8325,9111,8063,8754,8755,8654,8552
8399,8398,8400,8412,8413,8414,8477,8886,8415,8475,8473,8476
8400,8328,8330,8886,8398,8413,8399,8159,8160,8412,8415,8508
8159,8886,8400,8372,8328,8413,8055,8508,7873,8398,8371,8415
7628,8127,7687,8428,7964,8608,8126,7686,7438,7627,7975,7963
7051,8242,8190,8189,7841,8188,8239,8046,8282,8045,8523,8241
8022,7794,7432,8335,8024,8334,7255,7425,8128,8061,8023,7256
8059,8061,7717,8459,8128,7426,7730,8218,7341,7716,8060,8129
8334,8061,8128,8059,8218,8459,8129,7425,7717,8130,7730,8216
8277,8275,801,8258,8113,803,8225,799,8257,8099,8100,8107
8258,8336,8275,8257,8277,8100,8099,8225,8113,7848,801,7850
8862,8619,8559,8650,8861,8429,9316,8417,8560,8796,9018,32
8861,8862,8338,9687,9316,9018,8650,8619,8559,8205,8460,9113
8545,8775,8342,8997,8721,8826,9237,8722,8544,9075,9029,8996
8775,8340,9237,8997,9029,8342,8545,9030,8721,9075,9076,9166
8826,8545,8544,8722,8822,8721,8322,8775,8323,8997,8804,8723
8345,8904,8582,8767,8249,8211,8011,8578,8344,7949,7947,8026
7947,8246,8247,8386,7949,8770,8602,8603,8248,7944,7948,7950
8767,8249,8211,7949,8344,7947,8011,7950,8026,8601,8386,8247
8578,8582,8715,8343,8345,8344,8601,8249,8860,8767,8769,8904
8179,8350,8424,8349,8425,8351,8182,8348,8667,8423,8449,8595
8181,8351,8179,8109,8180,8572,8182,8083,8294,8349,8111,8084
8423,8449,8182,8426,8595,8470,8111,8471,8450,8109,8462,9013
8348,8179,8351,8181,8182,8349,8109,8424,8180,8449,8111,8425
8109,8182,8180,8111,8349,8083,8449,8084,8086,8085,8294,8450
7121,6817,6962,6553,6926,7045,6819,6680,6999,6556,7979,6816
8513,7737,8074,8075,9017,8222,7883,7720,8514,8381,8221,8938
7522,8466,8353,7523,7737,8513,8937,8074,8075,7720,7361,9017
8407,8187,8356,8406,8512,8836,7866,8643,8626,8206,8644,9003
8406,8407,8626,9003,8643,8187,9236,8512,9002,8644,9216,8836
8262,9107,8356,8626,8355,8406,9004,9003,8407,9002,9184,7865
8607,8167,8359,8517,8606,8361,8516,8882,8395,8635,8659,8847
8517,8516,8395,8659,9021,8882,8394,8396,8658,8660,8661,8747
8747,8361,8394,8286,8763,8773,8287,8395,8396,8359,8760,8030
8359,8394,8395,8747,8396,8516,8763,8517,8658,9021,8760,8286
8458,8358,8167,8447,8168,8359,8607,8361,8606,8605,8517,8360
7580,7692,8364,7693,7582,7502,7581,7300,7583,7602,7501,7604
7692,7581,7502,7580,7582,7501,7282,6874,7583,7693,7503,7300
8364,8392,8363,7692,7581,8208,7580,7502,7582,7282,7501,7693
8086,7530,7941,7590,8083,7488,7529,7940,7653,8084,7654,7591
9437,8368,9152,9463,8378,8314,9079,9464,8506,8311,9752,8791
8378,9152,8311,9437,8506,8437,8263,8507,9079,8678,9463,8791
8315,8312,8674,8367,8313,8309,8314,8368,9153,9255,9437,566
8373,8858,8609,9543,8320,8701,8725,8859,8876,8850,8702,8646
8701,8373,8702,8646,8553,8370,8725,8858,8645,9535,8724,8380
8371,8508,8158,8702,8373,8701,8157,8553,8370,8646,8415,8858
8701,8858,8725,8646,8859,8609,9543,8724,8821,9535,8850,8645
8375,8465,8511,8287,8097,8032,8286,8360,8168,8747,8028,8030
8287,8032,8511,8028,8286,7963,8030,7962,8747,7984,8360,8773
8097,8375,8374,8032,8608,8287,7963,8511,8465,8028,7964,7962
8719,7928,7927,8681,8387,7856,8183,8669,8389,8672,7882,7929
8506,8437,8507,8678,8711,8791,9079,8677,8708,8265,8712,8710
8130,8442,8441,8216,8550,8024,9011,8129,8642,8551,8128,8936
8370,8609,8320,8835,8858,8876,9543,8373,8616,8186,8859,8253
8383,9302,8382,8687,9031,9493,9568,8300,8774,8299,9032,8853
8687,8383,8300,8299,8853,9031,8774,8298,8142,8057,8341,9568
8687,9031,8774,9568,8300,8853,9032,8776,8341,9492,8298,9365
8610,8078,8035,8730,8957,8731,9215,8749,8728,8034,8006,8592
8033,8613,8384,8078,7955,8612,8035,8610,7690,8034,9215,8730
7948,7944,8248,7942,8602,8202,7842,7943,7815,8472,8682,7845
8978,8389,8337,8388,8336,7929,8257,8258,7856,8275,8276,8590
8276,8590,8336,8978,8337,803,8277,805,801,8275,8389,8113
8257,8337,8258,7929,8100,8336,7848,8275,7857,8583,7850,8099
8451,8260,8452,7986,8816,8523,8261,8813,8843,8239,7052,8408
8392,7282,7581,6869,8365,8364,6874,6888,7501,7692,6870,6871
7581,8364,7282,7692,6874,7501,7502,8363,6888,6869,7582,7580
8391,6869,7282,6870,8392,6888,7309,6874,7581,6821,6822,6871
8396,8763,8395,8760,9074,8773,8658,8134,8516,9021,8762,8761
8396,8658,9021,9074,8659,8760,9038,8763,8661,9020,8762,9218
9074,8658,8760,9021,9020,8762,9038,8134,8761,9035,8661,9036
7787,8071,7788,8070,8020,7311,7776,8069,8495,7543,9533,8019
8414,8412,8415,8413,8475,8476,8553,8886,8473,8647,8508,8474
8412,8477,8398,8473,8414,8475,8400,8415,8919,8413,8476,8504
8413,8886,8398,8415,8508,8159,8414,8553,8372,8412,8476,8702
8402,8081,8080,7309,8393,7262,7263,8404,6870,6869,8391,6965
8393,8080,8404,8081,8391,7309,6869,6870,7282,8490,7263,8392
8402,8404,8401,8532,8393,8391,8080,8490,8081,8392,7282,6869
8391,8490,8393,8392,7282,8080,9357,8365,6869,8364,7581,8081
7333,8124,7330,8026,7020,7844,7019,7814,7332,8211,7950,6843
9003,8643,9236,9216,9058,9002,8644,8512,9067,9227,9069,8836
8643,8406,8512,8644,8836,9236,9003,9058,9241,10308,8206,9069
8409,8240,8872,8269,8410,9049,8873,8241,8268,8874,8188,8831
8269,8410,8268,8241,8873,8874,8926,8220,8191,8542,8830,8831
8874,8268,8926,8543,8830,8542,8638,8220,9104,8482,8480,8481
8834,8454,8758,7612,8707,7610,8833,8455,7589,7853,8875,8884
8414,8475,8473,8476,8504,8415,8919,8474,8413,8501,8647,8917
8415,8508,8553,8414,8702,8647,8372,8476,8371,8645,8475,8701
8476,8415,8475,8474,8647,8501,8553,8504,8502,8508,8645,8750
8553,8476,8647,8501,8645,8702,8474,8750,8751,8502,8371,8800
8589,8665,8549,8172,8173,8587,8171,8548,7881,8596,7607,7458
36,32,8429,28,8559,8560,22,19,8650,17,8666,8862
8563,8486,8837,8234,8562,9122,8235,9121,8232,8302,9140,9137
8456,8486,8487,8235,8469,8418,8233,8563,8234,9123,8273,8213
8569,7933,8570,8568,8575,7820,8577,7719,8576,7990,8297,9335
8570,8420,8520,8569,8576,8575,9545,7933,8617,8568,8577,8618
7419,8270,8237,8238,7418,9545,8421,8420,7420,7719,7932,8518
8470,8426,8471,8449,9013,8808,9012,8462,8450,8500,8777,8111
8425,8667,8349,8595,8423,8179,8700,8698,8470,8182,8426,9013
8423,8595,8349,8470,8698,8426,9013,8449,8471,8182,9012,8808
8471,8462,8450,8808,8500,8463,9012,8499,8110,8633,8085,8794
8498,8497,954,8733,7767,8783,8772,7768,953,7750,8290,8771
7627,7687,7686,7666,7684,7964,7663,7685,8608,7665,7450,7699
28,32,8560,8559,22,19,8650,8666,17,8796,14,8795
8432,8736,8467,8433,8434,8744,8466,8937,8746,8354,8745,7525
8430,8736,8432,8303,8901,8467,8433,8746,8434,8744,8745,9028
8467,8433,8466,8744,8937,8354,7525,8939,8745,8513,8746,7524
8354,8466,8467,7524,7522,8937,8353,8513,8744,7523,7367,7737
8433,7525,8354,8432,7524,8466,8467,7454,7367,7522,7523,8353
8303,8430,8431,8432,8737,7937,8434,8433,8736,8101,8467,8901
7450,7429,7664,7662,8096,8095,7663,7915,7665,7729,7758,7753
8507,8677,8708,8711,8712,8992,8791,8710,8993,8709,9196,8805
8399,8328,8087,8477,8329,8398,8412,8400,8614,8473,8414,8330
8519,8994,8236,8518,8906,7862,9154,8237,8905,8421,8520,9497
8439,7981,8236,8994,7863,8519,7862,9155,8237,8518,7861,9154
8550,8442,8551,9011,8936,8130,8216,9010,8755,8642,9014,8841
8216,9011,8550,8642,8129,9010,8841,8936,8215,8217,8128,9095
8403,8444,8445,8593,8402,8404,8561,8401,8532,8625,8393,8490
8403,8532,8404,8402,8625,8490,8391,9357,8393,8401,8491,8392
8403,8561,8401,8402,8444,8081,8079,8404,8080,8393,7309,7262
8604,8362,8447,8358,8605,8458,8607,8636,8167,8606,8359,8635
8358,8606,8607,8635,8882,8517,8359,8167,8847,8879,8516,8883
8162,8362,8446,8458,8714,8161,8358,8604,8447,8167,8168,8163
8426,8111,8450,8462,8471,8085,8084,8463,8470,8110,8808,8500
8463,8462,8110,8085,8794,8499,8112,8500,8411,8808,8834,7940
8816,8523,8260,8408,8813,8239,8261,8845,8240,8242,8844,8409
8451,8843,8813,8816,8523,8260,8845,8844,8842,8408,7986,8948
8815,8390,8121,8452,7987,8451,8814,7985,8260,8843,7986,8816
8455,8707,7610,7853,8875,8694,7587,8884,8683,8693,7705,8103
7853,8694,8875,8683,8693,7587,7705,8103,7840,7709,8695,8104
8235,8233,8486,8273,8141,8234,8212,8213,8418,8563,8177,8232
8448,8651,8143,8162,8446,8823,8714,8362,8144,8458,8161,8604
8167,8168,8358,8361,8465,8360,8359,8447,8607,8511,8394,8395
8060,7730,8629,8004,7938,8522,7716,8217,8521,7670,8138,7471
8417,8619,36,46,8429,8338,32,8559,28,52,8560,8862
8093,56,7877,46,52,8460,8417,7872,36,44,8154,8619
8463,8500,8499,8794,8110,8807,8633,8833,8806,8834,8411,8921
8794,8499,8833,8834,8411,8112,8806,8807,8707,8454,8884,8758
7778,8136,9096,8150,8149,8135,7362,7728,9352,8557,8148,7961
8511,8168,8360,8375,8747,8286,8287,8361,8167,8394,8032,8773
8937,8513,8353,7522,8514,8074,8939,9017,7737,8075,7523,8938
8937,8744,8466,8939,8354,8513,8514,8745,9101,8353,9176,7522
8271,8288,8272,8289,8175,8484,8273,8469,8177,8485,8067,8456
8456,8273,8233,8235,8141,8177,8212,8486,8213,8139,8397,8234
8808,8471,9012,8426,8777,8500,8633,8462,8922,8780,8450,8807
8808,8462,8500,8633,8450,8499,8463,8807,8922,8794,8921,8110
8293,8204,8203,8977,8292,9062,8291,9033,9027,8201,9087,8902
8919,8504,8475,8917,8414,8474,8476,8503,8594,8765,8502,8415
8502,8501,8503,8800,9133,8647,8750,9219,8799,9371,9246,9131
8474,8504,8476,8501,8415,8502,8503,8647,8917,8800,8553,8750
8501,8647,8474,8502,8553,8750,8800,8645,8503,8751,9133,8702
8473,8412,8919,8475,8504,8414,8398,8640,8917,8474,8476,8415
8688,8226,8228,8691,8227,8281,8768,8941,7993,8732,8718,7921
8457,8824,8651,8823,8448,8143,8714,8825,8954,8446,8162,8604
7574,7808,7572,8482,7811,7809,7551,7810,7905,7573,8531,7903
8531,8310,8313,7809,7903,8214,8309,7808,8229,8315,7904,7810
7809,8481,8531,7808,7903,8310,7810,8509,7572,7574,8214,7904
8487,8419,8929,8484,8486,8418,8456,9123,9202,8235,8469,8563
8469,8456,8419,8273,8233,8235,8272,8486,8487,8141,8177,8212
8484,8483,8419,8456,8288,8469,8487,8929,8486,8235,8273,8233
8563,8235,8234,8837,8562,8232,8233,8213,8302,9122,8212,9121
8418,8486,9123,8563,8837,8235,8456,9124,8234,9122,8562,8469
8896,8524,602,8525,7958,600,8686,8685,7960,8679,598,8716
8492,7956,7957,606,8877,8488,8896,604,7959,7958,7895,602
8392,8391,8365,8364,7282,9480,7581,8393,8363,7692,6874,7502
8713,9357,9480,8532,8244,8365,8490,8208,8363,8364,8392,8207
7957,604,8488,8896,602,7958,8524,8525,8877,600,7895,7960
8326,8052,8655,8564,8327,8565,8653,8054,8654,9111,8652,8324
8288,8484,8485,8468,8469,8272,8456,8271,8273,8419,8290,8483
8231,8069,8496,8656,8624,8020,9532,9533,9136,8657,9134,9096
9532,8624,9136,9533,9352,9096,9134,9455,8464,8019,9195,8888
8783,8733,8772,8771,8290,8468,7768,7767,8494,8271,8784,950
7767,8497,8733,7768,7695,8290,8783,8772,8468,8289,8067,8271
8833,8806,8794,8807,8834,8864,8884,8707,8863,8921,8411,8454
8807,8633,8499,8463,8806,8921,8864,8794,8833,8923,8110,8863
8800,8502,8750,8799,9133,8751,8645,8801,9131,9132,8819,9219
8800,9133,9219,8799,8750,9371,9246,9131,8801,9602,9248,8751
9219,8502,9133,9371,9292,8800,8501,9246,9433,9602,9131,8799
8474,8503,8502,8594,8476,9219,8501,9133,8800,9292,8415,9371
8102,7790,7969,7722,7920,7510,7919,7832,8321,424,7490,420
8507,8791,8711,8437,8677,9257,9196,8710,8678,9325,8708,8712
8711,8677,8710,8708,8712,9196,8709,9205,9257,8993,8992,9204
8702,8371,8553,8701,8415,8158,8645,8646,8373,8647,9535,8725
8313,8481,8310,8315,8309,8531,8369,8229,8312,8314,8214,7809
8639,8509,9104,8313,8673,8315,8369,8481,8310,8309,8675,8312
8286,8287,8747,8360,8030,8773,8028,8763,8394,8361,7984,8029
8644,9241,8643,10308,9069,9058,9059,8205,9060,9236,9113,9061
9017,8514,8074,8938,8075,8381,8222,9176,9190,9302,7883,8221
9017,8938,9176,9190,8074,8381,9174,9302,9177,9493,8222,8075
7536,7617,7535,7618,7614,7886,7615,7616,8092,7748,7746,7874
9021,8395,8659,8658,8661,8396,8660,9038,8995,9074,9218,8883
8516,8882,8659,8660,9021,8395,8661,8995,8883,8658,9125,8396
8520,8905,8421,8570,8576,8617,8238,9147,8420,8575,8569,9230
8518,8906,8905,8520,8421,9497,9147,8237,8617,8570,8576,9272
8576,8570,8617,8575,9230,8420,8618,8569,9270,9560,9335,8577
8628,8851,8522,8627,8138,8892,9107,8357,9105,9106,7938,8262
8138,8628,7938,8357,8262,7939,8851,8627,9107,7672,8356,7670
8239,8408,8240,8409,8845,8242,8241,8872,8188,8269,8410,8191
8685,8686,8525,598,8716,8856,8679,8966,597,7960,8855,8854
8686,7960,8679,8685,8267,8966,8716,8274,7896,8856,598,8120
8812,8280,7994,8209,7992,7605,8278,7921,7606,8043,8281,8279
8493,8564,8653,8655,8848,8326,8052,8652,8654,8703,7870,8565
8676,8196,8285,7952,8114,8555,8554,7500,7924,8556,7908,7497
8105,8193,8192,8056,8114,7908,8528,8196,7708,8223,8115,7497
8224,8230,7946,8223,8265,8263,8264,8192,7945,9674,8678,8992
7903,8310,8214,7904,7810,8530,8229,8230,8309,7572,7902,7946
8490,9357,8404,8391,8365,8392,9480,8713,8402,8393,8364,7282
8243,8742,8743,8741,8245,8865,8207,8209,8526,9057,8812,8244
8535,8536,8306,10163,9221,8533,8245,8243,8305,9085,8742,8743
8306,9221,8533,8243,10163,8742,8245,8743,8979,8741,8305,8207
10163,9085,8306,8305,8245,8535,8748,8243,9024,8244,8533,8713
8534,8989,8536,8538,9085,8306,10163,8535,9022,8305,9221,8245
8535,9221,8534,8306,8533,8979,8742,8536,8869,10163,8243,8245
8540,8534,8537,8538,8535,8870,8536,9221,8306,8989,10163,8840
8538,8870,8840,8534,9221,8535,8537,8869,8979,8306,8839,8533
6848,7220,6847,6431,6866,7219,6687,7218,7011,6904,6428,6686
8480,8482,7808,7926,7574,7809,7572,8481,8531,9104,7811,7810
9104,8481,8482,8509,8542,8531,8510,8310,7809,7808,8313,8480
8826,8323,8822,8722,8039,8266,8545,8804,8002,8802,8723,8721
8722,8721,8997,8822,8723,8804,8959,8996,8323,8925,8958,9075
7683,7698,7729,7765,7917,7766,7752,8098,7915,7983,7764,8147
8304,8435,8738,1043,1042,8431,8291,8303,8430,7937,8737,7894
8598,8597,8720,8171,8377,8681,8719,8668,8174,8672,8387,7928
8172,8171,8548,8596,7881,8598,8377,8174,8597,8720,7607,8789
9011,8936,9010,8841,9014,9094,8642,9095,8215,8892,9005,8793
8936,8755,8550,9014,9010,8793,9094,9011,8442,9005,9095,8841
8379,8441,8325,8442,8551,8550,8130,9382,8216,9011,8936,8755
8702,8647,8645,8646,8701,8751,8750,9535,8501,8373,8819,8474
8556,7982,8927,7924,7863,7952,7861,8440,7981,7421,7499,7862
8805,8554,8993,8285,7982,8927,8556,8712,8196,8440,8709,7924
7861,7924,7863,7982,7421,7981,7417,7862,7499,8440,8422,7070
8558,8283,8148,8887,8649,8135,9574,8284,7755,7754,8827,8648
8283,8649,8284,8648,8827,7755,8611,8385,7988,7754,8033,8613
8560,8650,8796,22,28,8666,9316,9315,19,8795,17,14
22,8666,8796,17,19,14,8795,12,9315,10,9525,6
8079,8401,8081,8402,8169,7262,8403,8080,7309,7263,8132,7214
8302,8232,9137,8657,8231,9139,9135,8656,8495,8213,9138,9193
8234,8562,8232,8302,9121,8213,9137,8231,8657,8495,9139,8656
8655,8652,8654,8326,9111,8703,8565,8705,8704,8790,8327,8754
9111,8324,8754,9382,8790,8755,8325,8792,8793,8551,8705,9329
8717,8567,8347,8350,8971,8740,8424,8179,8348,8349,8585,8351
8971,8424,8347,8585,8717,8425,8667,8350,8179,8349,8700,8965
8577,8297,7990,8117,8684,9335,8116,8091,7819,8618,8907,8118
8568,8575,8577,9335,8297,7990,8618,8684,8117,8907,9230,8116
8575,8569,8576,8577,8618,7933,8568,9335,9230,8617,8297,9264
7451,7430,7226,8436,7666,7450,8096,7429,7184,7351,7663,7664
8296,8294,8180,8181,8817,7527,8086,8366,8083,8109,8351,8295
8348,8181,8572,8180,8351,8350,8732,8296,8294,8109,8179,8083
7419,7420,7418,7066,8270,7932,8422,7545,7719,9545,7068,8238
9335,8618,8577,8568,9230,8907,8684,9264,8297,8787,9041,9560
9230,8575,8618,9335,9264,8569,9560,8577,8907,8568,9041,8684
9335,8297,8684,8907,8117,8116,8787,8696,9264,9148,9041,8091
8601,8715,8344,8249,8246,8770,8769,8345,7947,8247,8767,8603
8346,8343,8582,8345,8578,8581,8013,8904,8249,8767,8344,8715
8346,8581,8579,8578,8820,8582,8715,8343,8255,8860,8345,8601
8346,8715,8578,8860,8769,8601,8582,8344,8962,8770,9431,8246
8345,8249,8578,8344,8767,8904,8601,7947,8715,7949,8211,8246
7857,7774,7783,7848,7526,7391,8257,7318,8100,7850,7349,7348
8971,8964,8567,8585,8566,8424,8965,8347,8667,8700,8717,8425
8700,8667,8424,8698,8425,8699,8595,8998,8347,8423,9013,8349
8584,8567,8566,8971,8739,8717,8964,8347,8424,8585,8350,8740
8596,8664,8549,8548,8597,8789,8720,9334,8171,8668,8598,8172
8416,8665,8663,8308,8587,8589,8549,8662,8172,8104,8596,8173
8172,8173,8549,8171,7881,7607,8587,8548,8174,8377,7879,7608
805,8276,803,801,8336,8277,8337,799,8113,8275,8225,8389
8593,9025,9024,8625,8444,8532,8443,8748,9085,8491,8403,9357
9025,8443,8591,8731,8444,8593,8403,9024,8445,8957,8532,8625
8625,8532,8444,8491,8748,9357,8404,8490,8403,8713,8365,8391
9292,9219,8503,9433,9289,9371,9290,8502,8474,9133,9682,9246
9013,8423,8470,9012,8777,8697,8426,8808,8471,8780,8449,8922
8597,8789,8548,8720,8668,9233,8598,8672,9206,8171,8681,8671
8720,8668,8598,8672,9233,8681,8671,8719,8377,8669,8620,8670
8719,8681,8377,8387,8672,7927,8669,7928,8978,8620,8389,8671
8317,8318,7934,8058,8197,8852,8600,7935,7798,8090,7638,8868
8956,8868,8197,8757,8943,8955,8942,8756,8198,7796,8798,8824
8246,8344,8770,8247,8603,7947,8602,8961,8963,8386,8975,8248
8248,8975,8682,8472,8976,7948,8202,9287,8977,8293,7942,9087
8602,8963,8975,8682,9287,8976,8248,8386,8472,9586,8977,9087
8605,8447,8606,8635,8634,8358,8607,8362,8847,8879,8882,8167
8635,8606,8447,8847,8879,8607,8882,8358,8890,8881,8883,8517
8607,8882,8847,8517,8883,8879,8660,8881,8359,8659,8516,9125
8517,8359,8882,8516,8659,8847,8660,8395,8361,8883,9021,8995
7964,8097,7963,8032,7699,7962,7686,8375,8028,7685,8287,8374
9543,8858,8876,8859,8615,8850,8616,8253,8725,8256,8580,8579
8731,8730,8957,8078,8749,8443,8445,8592,9215,8561,9025,8403
8648,8613,8385,9006,8384,8284,8612,9228,8033,8752,8610,7988
8730,8610,8728,8384,8592,8731,9141,8078,8957,8443,8729,9025
8384,8612,8610,8033,8752,8078,8730,8728,8731,8035,8957,7955
8477,8919,8640,8473,8918,8399,8412,8917,8504,8475,8765,8414
8850,8255,8579,8343,8580,8012,8346,8013,8582,8345,8821,8904
8253,8185,8876,8256,8254,7918,8615,7703,9543,8012,8255,7858
9230,9270,8576,9560,8618,9985,9264,8575,9263,9091,9335,9772
9335,9264,8907,8577,9041,8684,9091,8787,9148,8297,9042,9263
8429,8417,8559,32,36,8560,28,8650,8862,22,8796,8861
8621,8669,8388,8590,817,813,8978,8276,805,8336,8387,803
817,813,8590,805,8388,8669,8276,803,8978,8336,801,8387
8539,8988,8537,8623,8540,8534,8989,8838,8538,9082,8632,8536
8838,8540,8539,8632,8630,8538,8870,8537,8840,8534,903,8988
9532,8464,9096,9352,8150,7778,8136,8557,9455,8846,8888,8135
8491,8532,9357,8713,8490,9480,8365,8404,8244,8392,8391,8403
9003,8406,9002,9236,9216,9186,8407,8643,9185,9227,9058,9067
9106,9107,9184,9004,8357,8626,9313,9186,9187,8262,9002,8356
8627,8357,9107,8138,9106,8262,8626,9105,8356,9004,7939,9184
8521,8522,8060,8628,8215,8138,8851,7938,8627,8357,8004,8262
8840,8632,901,8839,8540,8870,8869,900,9381,8538,8539,8871
8622,8623,906,9733,8838,8539,905,8540,8988,8632,8537,8630
8540,8840,8870,8538,8539,8869,8839,9221,8979,8535,8534,9381
8921,8807,8923,8864,8952,8499,8806,8984,8951,8463,8863,8983
8635,8879,8605,8890,8847,8606,9231,8881,8447,9491,8883,8882
8847,8879,8606,8881,8882,8883,9231,8607,8660,8517,8880,8946
8604,8605,8634,8635,8447,8606,8890,8879,8847,8607,8358,8932
5519,5335,5518,5333,5334,6181,5383,5110,5382,5201,4982,4980
9104,8510,8543,8509,8481,8639,8313,8482,8310,8531,8315,8673
8315,8313,8369,8509,8309,8312,8675,8310,8674,8481,8314,8367
8919,8917,8765,8473,8504,8594,9383,9384,9220,8503,8475,8412
8918,8640,8614,8919,8765,9383,9385,8917,9384,8473,8477,8504
8215,8841,8217,9010,8892,8521,8218,8851,8629,9095,8627,9105
8644,9058,9236,9069,9241,9067,9061,9216,10308,9060,9066,9059
9241,9069,9058,9060,9061,9059,9066,9067,9065,9224,9151,9068
8751,9535,8646,8750,8819,8801,8724,8818,8800,8725,8799,9413
9535,8724,8725,8751,8818,8819,8821,8820,8859,8750,8801,9240
8645,8501,8750,8751,8800,8502,9535,8801,8646,8819,8799,8701
8385,8613,8033,8384,7988,9006,7955,8612,8078,8035,8610,7690
8648,8611,8284,8385,8613,8828,7988,8033,7755,9006,8384,7955
8796,9315,8560,8666,9112,8795,9525,22,9314,28,12,14
8714,8448,8446,8825,8604,8362,8162,8636,8447,8889,8605,8358
8654,8704,8705,8849,9111,8790,8809,8810,8811,8565,9329,9063
8564,8652,8703,8654,9149,8655,8704,8705,8849,8326,9111,9589
9111,8705,8790,8565,8704,8811,8754,9329,8809,8792,8324,8810
9111,8565,8654,8652,8790,8754,8324,8705,9382,8753,8704,8792
9136,9134,8496,9532,9455,9352,9195,8624,9537,9096,9457,8888
8656,9134,9135,9136,9537,8496,9195,9455,9194,9532,9352,9456
9074,9038,9020,8661,8762,9036,9218,9846,9035,9037,8995,9126
8660,8661,9021,8995,9125,9126,9218,9038,8658,9838,8396,9846
8995,9125,8661,8880,9838,9126,9100,9021,9218,9156,9038,8945
9218,9126,9038,9846,9838,9217,9305,9036,9020,9156,9304,9100
8664,8897,8587,8665,8596,9334,8789,9396,8597,8416,8549,8548
8665,8662,8587,8416,8664,8549,8596,8897,8589,8308,8548,8789
8596,8789,9334,8597,9233,9206,8668,8548,829,8720,826,8549
8587,8549,8589,8596,8548,8172,8664,8171,8597,8173,8789,8598
14,12,17,8795,10,6,9525,3,9546,2,9593,0
8425,8595,8698,8423,9013,8349,8470,8697,8777,8426,9012,8779
8672,8720,8671,8681,8620,8670,820,8598,8669,8621,819,817
8388,8978,8387,8336,8590,8337,8389,8276,813,8277,803,805
819,8621,817,8620,813,8590,805,8388,8669,803,8276,8978
8670,819,8621,8672,8620,817,813,8669,8590,8681,8388,805
8620,8669,8681,8621,8670,8388,8387,8978,8719,8590,819,817
8675,8369,8639,8315,8674,8924,8312,8313,8509,568,8309,8367
8367,9153,9255,8312,9437,9464,9463,8368,564,9152,8314,8309
8924,8369,8674,9255,566,8315,8312,9153,8367,564,8313,9464
8555,8554,8285,8805,8196,8556,7952,7982,7924,8993,8114,7500
8712,8710,8709,8993,9205,9196,9204,9346,8805,8927,9348,9130
8437,8992,8708,8507,8264,8677,8712,8555,8993,8805,8711,8223
8274,8966,8120,8716,8121,8122,8854,8453,7985,8123,8855,7246
6465,6612,6479,6219,6882,6492,6972,6296,6218,6217,6131,7104
8669,8719,8387,8978,8620,7927,8388,8389,8621,8337,8336,8590
8472,8977,8293,8202,9087,8204,9033,9088,8292,9027,8203,9771
7709,7840,7459,7358,7706,8103,8104,7458,7029,7360,7517,8308
8787,8696,8116,9148,8785,8788,9041,8786,8118,9008,9009,9042
8856,8716,8686,597,8855,8966,8854,8679,595,8950,8274,8815
8716,8966,8679,8856,8854,8274,8855,597,8267,8453,8815,8120
8774,8853,8300,9031,8341,8298,8776,9032,8142,8775,8340,8301
8228,8941,8768,8718,8573,8227,8732,8740,8572,8348,7993,8296
8690,8478,8735,8691,8688,8279,9108,8226,8228,8718,8894,8941
8691,8735,8688,8478,8718,8941,8894,8228,8768,8226,8740,8573
8941,8688,8718,8768,8740,8573,8228,8739,8348,8717,8226,8572
8689,8279,8478,8690,7992,8226,8688,8281,8228,8691,8735,7921
8695,8103,8307,8694,8878,8900,8308,8588,7840,8104,8683,8416
8683,7840,8103,7709,8104,7705,7459,8695,8308,8307,7358,7458
8307,8878,8103,8588,8308,8416,8104,8663,9436,8665,8589,7840
8788,8785,8786,9009,9173,9008,9374,8797,9007,8756,9197,9172
8777,8780,9013,8778,9012,9045,8922,8933,9044,8470,8808,8923
9013,8595,8697,8777,8779,8470,8423,9012,8780,8778,8808,8922
8698,8779,8697,8667,9591,9013,8595,8778,8777,9045,8780,8425
8699,8667,8698,8595,8697,9372,8425,9013,8779,8423,8777,8470
8646,8725,8724,8858,9535,8645,8859,8821,8751,8818,8819,8820
8701,8646,8645,9535,8373,8647,8725,8751,8724,8750,8819,8818
8652,8849,8704,9589,8705,8810,8654,9063,9064,8809,9200,8655
8705,8810,8809,9063,8811,8911,8910,8790,8916,9329,9111,8981
8809,8811,8790,9329,8810,8916,8792,8911,8935,8754,8910,9178
8673,8510,8915,8639,8675,8369,8638,8509,8726,8315,8313,9104
8875,8455,8884,8693,8694,7610,7853,8885,8103,8863,8695,8683
8712,8993,8677,8805,8555,8709,8927,8710,8554,9205,8676,7982
9205,9346,8927,9130,9348,9155,8440,8994,7982,8439,9449,9496
9205,9204,8709,9346,9348,9258,8993,9449,9130,9155,8927,9496
8710,8677,9196,9204,9205,8712,8709,8708,9259,9258,8993,9348
8993,8709,8710,8805,8927,9205,9346,9130,9204,8440,7982,9348
8244,9480,9357,8208,8365,8363,8207,8490,8364,8043,7693,7580
8604,8446,8636,8605,8447,8634,8362,9839,8358,8606,8635,8162
8769,8601,8770,8962,8246,8344,8961,8603,8963,8985,8247,8249
8854,8966,8855,8815,8950,8453,595,8274,8814,593,8121,8452
8350,8347,8348,8179,8351,8573,8424,8181,8349,8182,8971,8425
8740,8941,8739,8717,8573,8348,8350,8768,8566,8181,8228,8351
8387,7927,8669,8389,8978,7856,7929,8337,8388,8620,8257,8183
8598,8681,8672,8719,8669,8377,8671,8387,8620,8978,8621,8670
8959,8722,8723,8996,8958,8804,9430,8925,8987,8960,9309,8968
8804,8723,8925,8959,8802,8266,8958,8960,8867,8996,8166,8803
8925,8958,8960,8867,8802,8968,8969,8987,8967,8803,8866,8166
8818,8820,8821,8819,9240,8581,9413,8860,8580,8801,9431,8850
8724,8859,8821,9535,8820,9543,8580,8818,8850,8581,8819,9240
8675,568,8924,8673,566,8674,8369,9255,564,8639,9153,8315
8915,573,8706,8726,8673,571,8675,8781,8510,8639,568,8369
8592,8730,8729,9025,8443,8591,8731,8610,8593,8444,9022,9024
8591,9025,8592,9024,8593,8443,8444,9085,8625,8748,8532,8731
8731,8592,8443,9025,8957,8445,8729,8403,8444,8591,8749,8561
8957,8443,8445,8561,8403,8749,9025,8444,8401,8402,8079,9863
8296,8817,8152,8572,8294,8940,7527,8295,8027,8180,8181,8366
8290,8772,7768,8468,8271,8289,8494,8272,8067,8288,8175,8784
8735,9108,8689,8690,8894,8691,9110,8718,8893,8692,8478,8688
8691,8894,8718,8893,8941,8688,8739,8740,8478,8974,8768,8573
8744,8432,8746,8467,8745,8937,9101,8939,8433,9103,8466,9102
8431,8901,8736,8430,8746,8432,9028,8303,8745,8467,8744,9026
8431,8435,8737,8430,8902,8303,8736,8901,8432,8903,7937,8434
8717,8566,8740,8350,8347,8941,8567,8348,8573,8584,8179,8351
8348,8717,8350,8573,8181,8351,8768,8347,8179,8572,8109,8180
8526,8812,8209,8280,8207,7994,9084,7605,8043,7992,8278,7921
8865,9057,8741,8743,8526,9084,8243,9056,8280,8812,8209,8245
8741,8209,8207,8812,8526,8043,8865,7605,8208,7994,8280,7602
8939,8937,9101,8514,9176,8466,9102,9174,9175,8513,9017,8938
9102,9101,8744,9175,8939,9238,9174,9937,8937,9176,8514,9192
8745,9103,9102,8744,9101,9238,9614,9175,8467,8939,9937,9174
8763,8773,8394,8030,8134,8760,8396,8029,8395,9074,8761,9848
8491,8305,8625,8713,9357,8244,8245,9480,8532,8365,8208,8490
9863,8561,8079,8169,8445,8132,8401,8081,7262,8005,8443,7214
8751,8801,8800,8799,8819,9132,9535,9133,9523,9413,9131,8818
8819,9535,8801,8818,9132,9413,8799,8724,9240,9523,9286,8820
8728,9141,8612,8730,8592,9023,8729,8610,8384,9025,8591,8731
8325,8324,9382,8552,8565,8441,8062,8551,8754,8755,8379,9111
8755,8793,8792,9014,9329,8551,8934,9005,8811,8936,8935,9094
9014,8793,8936,9005,8792,9094,8550,8934,9010,9329,9411,9015
8797,8757,8798,8942,9172,8956,9173,9171,8788,8954,8943,9009
8956,8942,8798,8868,8943,8797,8954,8824,9171,9172,8198,8955
7610,8454,7589,8455,7587,7853,8707,7588,7576,7705,8694,8875
8641,8764,8918,9035,8614,8640,9385,9383,8765,8919,9037,8087
9074,8762,8761,8658,9020,9035,9848,8759,8764,9038,9037,9385
8762,8759,8764,9035,8766,8641,9385,9020,8918,9037,9383,8088
9035,9020,8764,9385,9037,8759,9036,9383,8641,9386,8918,8766
8760,8134,8396,9074,8761,8762,8029,9848,8658,9020,8759,9035
9385,8918,8641,9383,9037,9386,8640,9384,8765,9387,8614,9505
9384,9220,8917,8594,9387,9292,9290,8504,8503,9219,9289,9291
8759,8641,8614,8640,8087,8764,8918,8477,8919,8473,9383,8765
8211,8249,7949,7950,7947,8026,8344,8386,7944,7844,8210,8247
8573,8572,8732,8296,8181,8348,8294,8817,8180,8152,7527,8351
8770,8961,8601,8985,8963,8603,8246,8986,8344,9321,8975,8602
8603,8961,8246,8963,8602,8975,8247,8986,9287,7947,8248,8682
8772,8784,8494,8468,8485,8733,8832,8288,8484,947,8290,8271
8468,8494,8290,8288,8271,7768,8272,8484,8485,8289,8469,8273
8763,8134,8029,8760,9848,8761,8133,8396,8031,8762,9074,8759
8341,8853,8776,9032,8775,8298,8340,9237,9029,9030,8997,8301
9237,8997,9029,9075,8721,8545,8996,9166,9076,9430,8959,8722
8341,9237,9029,8775,9030,9076,8997,9075,8340,9166,9078,9165
8780,9012,8922,8933,8808,8633,8923,8471,9044,8921,9070,8500
8780,9044,8933,8777,9070,856,8990,8922,854,8923,852,9012
8697,8778,9045,8780,9592,858,9044,8777,9013,856,8933,854
8933,8922,9012,9044,8923,9070,8633,8951,8990,8808,8921,8952
8510,8638,8706,8639,8509,9104,8673,8543,8313,8915,8481,8315
8781,8914,8830,8706,8510,8638,8727,8639,8673,8874,8915,8509
8771,8772,8733,8494,8784,8468,8290,948,8288,7768,8485,8271
8832,8485,8494,8772,8484,8483,8928,8288,8468,8419,945,8469
9009,9008,8788,9007,9374,9173,9092,8786,9039,9050,9197,9118
8788,8797,9173,8756,9009,9172,8798,9374,9197,8757,9171,9007
9148,8785,8696,9008,8788,9009,9007,9042,8786,9092,9173,9374
9009,9173,9374,8797,9007,9197,9172,9050,9520,9039,9092,8798
8597,9233,8668,9206,8720,8671,8672,8548,826,822,820,8598
9329,8792,8811,8754,8935,8793,8809,8934,8916,8755,9178,9014
8711,9257,9196,8507,8710,9259,9324,8677,9204,9258,9205,9672
8793,8934,8935,9005,9014,9328,8916,9015,9178,9411,9094,8936
9014,9005,8934,8936,9094,8935,9411,9015,9328,9010,9016,9359
8834,8833,8411,8707,8454,8806,8884,8758,8807,8455,7612,8875
10,6,12,3,14,9546,2,9593,0,9256,1,5
8795,8666,9525,12,10,14,6,17,3,9546,9314,19
9172,9173,8798,9171,9197,9520,9374,8930,8942,8954,8953,9235
9171,8942,8954,9172,8953,8930,8824,8889,9520,8823,8825,9197
9131,9523,9132,8801,9284,9246,9286,8819,9248,9413,9247,9249
8799,9133,9131,8801,9246,8751,9132,9523,9371,9248,9284,8819
9132,8819,9413,9523,9286,8818,9813,9131,9240,9431,9247,9284
8166,8925,8803,8867,8164,8866,8960,8969,8848,8251,8958,9149
8848,8866,8251,8969,9149,8653,8703,9047,8527,9589,8967,8849
8925,8802,8723,8867,8166,8960,8803,8958,8959,8969,8037,8866
8993,8554,8927,7982,8709,8440,8556,8285,9130,7981,7863,9346
8863,8864,8884,8983,8899,8885,8707,8984,8693,8875,8900,8695
8864,8806,8921,8863,8984,8833,8983,8952,8884,8899,8834,8885
8633,8500,8462,8922,8807,8921,8499,8923,8463,8864,8806,8933
8811,8911,8916,9329,8910,8981,8935,8982,9282,9178,8792,101
8809,8910,8911,8981,9201,8916,8811,9282,101,104,107,8982
9329,8916,8935,8792,8911,9178,8934,8982,8793,9328,9282,9179
7994,7605,8043,7606,7921,7992,7602,7408,8278,7923,8281,7693
8844,8816,8845,8948,8408,9049,9213,8872,8523,8949,9326,8409
8843,9214,8452,8813,8842,589,8816,8844,8390,8451,587,9213
8814,8452,8843,9214,8390,591,8813,8451,8816,8842,7987,589
8408,8845,8523,8844,8240,8872,8409,8239,9049,8948,8873,8269
8296,8295,8940,7527,8294,7528,7488,8366,7515,7530,7397,8180
9240,8820,9413,9431,8860,9813,9132,8581,9286,8962,9320,8769
8818,9413,9132,9240,8820,9431,9286,9813,9523,8860,8821,9320
9240,8860,8581,9431,8715,9413,8769,8962,8346,8578,9813,9320
8820,8580,8581,8818,8346,8860,9240,8579,8715,8578,9431,8582
8804,8722,8266,8802,8925,8723,8166,8002,8721,8867,8037,8803
8825,8714,8651,8889,8636,8604,8953,8446,8448,9839,8605,8447
8823,8954,8651,8825,8714,8457,8889,8953,9171,8448,8636,8446
8889,8714,8636,8604,9839,8605,8634,8446,8447,8891,8448,8635
8545,8822,8722,8323,8804,8721,8723,8266,8925,8039,8802,8997
8649,8611,8828,8648,9006,8613,8385,9482,8284,9228,8283,8384
9006,9228,8611,8613,9481,9303,8752,8648,8612,8385,9378,8384
8782,8831,8913,8914,8830,8781,8912,8873,8706,8727,8510,8638
8781,8638,8874,8510,9104,8543,8706,8914,8509,8926,8639,8481
8830,8873,8782,8781,8874,8913,8638,8914,8410,8510,8706,9104
8485,8928,8483,9229,8929,8419,8484,8494,943,8487,8456,942
8707,8806,8884,8454,8863,8875,8693,8455,8864,8885,8758,8899
8707,8454,8833,8455,8758,8884,8875,7610,8806,8693,7853,8694
8616,8320,8186,8321,8185,8876,8253,8609,7918,7920,8256,8254
8206,8512,10308,8205,9241,8644,8643,9113,9059,9687,9069,8156
8563,8562,9121,9140,8234,9137,8302,9139,8232,9138,8657,9301
8632,8630,8540,8840,903,8870,8539,8538,901,8839,8869,9221
9381,8869,8871,9670,8870,8980,9054,9349,8979,9350,9243,9221
8839,8869,8870,9381,8871,8979,8538,9221,8980,9670,9054,9057
8892,8215,9095,8851,9145,9105,8521,9016,8627,8629,9360,8628
9213,8948,8844,8813,9326,585,8845,8949,9049,9327,8816,583
8813,8842,8844,8816,8845,8948,9213,8451,587,9049,8408,9326
8948,8845,9049,8949,8872,9326,8408,8831,8873,9188,8829,8409
8408,8872,9049,8409,8873,8240,8949,8831,8410,8269,8830,8874
7961,7778,7728,7570,8149,8464,7571,8136,7112,7362,7221,7674
8883,8881,8882,8660,8880,9125,8517,8946,8659,8995,9100,8516
8653,8703,9149,8652,8564,9589,9047,8849,8704,8654,8493,9200
8704,9063,9064,8810,8910,8809,9201,9276,8705,8911,8981,8654
8580,8579,8346,8821,8255,8581,8343,8582,8578,8820,8345,8012
8627,9105,8628,9106,9107,9145,9184,8357,9313,9004,8138,8626
7798,8058,7676,7640,7796,8318,8197,7593,8955,8064,7639,7799
8298,8341,8340,8775,8301,8776,8342,9237,8545,8997,7782,7736
8815,8453,8950,8814,8452,8121,8390,593,8843,9214,7987,8451
8950,8854,8815,593,8814,8453,9214,591,8452,8274,8843,8390
597,8716,8855,595,8854,8966,8950,8815,593,8453,8814,8679
9733,8631,8622,9081,8988,908,9484,8623,8537,8539,9082,9142
8859,9543,8725,8850,8821,8876,8580,8615,8724,8646,8579,8820
8850,8821,8580,8615,8724,8579,8581,8346,8820,8818,8255,8578
8769,8715,8962,9431,8770,8961,9320,8578,8601,8985,9813,8246
8862,9018,9316,8650,9112,9113,9315,8559,9150,8796,9314,9059
8650,9316,8559,9018,9315,8796,9112,8560,8429,9113,9314,9525
8899,8983,8885,8884,8900,8693,9333,8695,9043,8878,8875,8908
8984,8983,8863,8899,9043,8884,9072,9333,8885,8900,9306,8693
8526,9084,8741,8280,8812,8278,7994,9083,7992,8209,7921,7605
9149,8848,9047,9589,8703,8967,8849,9200,8653,9048,9064,8652
8969,8866,8803,9047,8967,8848,9149,8164,8968,9589,9048,8251
8956,8943,8198,8942,7799,8479,8824,9019,8064,8457,8823,8065
8979,8871,8980,9054,9057,9221,9056,9349,8742,9055,9243,8535
9221,8538,8979,8869,8535,8742,8980,9057,8534,8871,8533,8306
9054,9349,8980,9243,9055,8979,9056,9351,9057,9280,9083,9221
8409,8873,8410,8874,8831,8269,8830,8268,8926,8241,8638,8829
8830,8874,8410,8638,8781,8782,8926,8543,8268,8269,9104,8510
8543,8638,8926,9104,8268,8781,8481,8482,8509,8510,8542,8220
8693,8694,8103,8695,8885,7853,8683,7840,8307,8104,8308,8878
8253,8615,9543,8256,8850,8255,8254,8579,8859,8012,8580,8343
7895,7958,7897,8895,8896,7656,7960,7896,8525,7597,8488,8267
8588,8307,8663,9436,8416,8665,8662,8308,8587,8898,8589,8549
9231,8881,8847,8883,8946,8947,8880,8882,8660,9125,9099,9319
9125,9100,8945,9838,9099,9098,8995,9097,9156,9157,9126,9443
8946,8880,8883,9125,8947,8945,8660,9099,9100,8995,9097,9838
8660,8883,8659,8516,8995,9125,8881,9021,8661,8880,8395,9838
8660,9125,8880,8995,8659,9100,8946,9838,8945,8661,9126,9156
8693,8875,8885,8695,8899,8455,8103,8983,8900,8694,8878,8307
8695,8693,8900,8878,9333,8307,8103,8588,9436,8663,8908,8308
8508,8413,8372,8371,8553,8415,8702,8158,8701,8414,8373,8647
8558,8649,8827,8283,8648,8611,8284,8148,8828,8385,7755,9515
8887,9574,8557,8558,10024,8827,8649,9358,8283,8150,8148,8648
9839,8636,8714,8634,8891,8604,8605,8890,8931,8635,8446,8447
8879,9491,9231,8635,9490,8881,8947,8847,9319,8946,8606,9518
8932,8890,8634,9489,9491,8636,9490,8879,9451,9231,8635,8605
9105,8851,9145,8627,9106,9313,9016,9184,9422,9360,8628,9107
8894,8974,8739,8718,8566,8586,8973,8717,8740,8691,8584,8567
8718,8739,8691,8974,8740,8941,8717,8566,8688,8586,8350,8573
7896,7960,7656,8267,8122,7631,8525,8679,8120,7561,8123,8686
8525,7958,7960,8524,8895,8686,7895,8679,8267,8685,600,7896
9396,8664,9334,831,8789,829,9206,8596,8587,9233,826,8597
8662,8897,8909,8663,8664,9396,9199,833,9334,8587,831,8588
8900,9333,8885,8878,9436,8695,8908,8693,9306,8307,8588,8663
8878,9436,8695,8908,8663,8588,8307,8898,8662,8665,10228,8416
8746,9028,8736,8745,9103,8430,8744,9127,8432,9102,8467,9101
8737,8903,8901,8431,9028,8746,8736,9026,8430,8435,8745,9103
9026,8901,9028,8737,8746,9129,9127,9103,8736,8431,8745,9128
8767,8345,8211,8011,8249,8026,7949,7950,8210,7947,7844,8344
8520,9147,8617,8576,9270,8421,9272,8570,9230,9271,9560,8575
9497,8905,9147,8518,9272,9452,8520,8617,9270,9271,9453,8421
9041,8787,9148,8684,8785,9091,9042,9008,8696,8116,8788,9092
10228,9436,8898,9198,8662,8909,8663,8878,8897,838,8588,8664
9199,833,9396,8897,831,8662,9334,829,8664,9206,826,8789
8981,8911,104,101,107,9282,95,102,9275,8982,8916,9180
8981,9282,8916,8982,101,104,95,9180,9178,9179,89,8935
8913,8727,575,8914,573,8915,8782,8706,8726,571,8673,8781
8914,8782,8727,8706,8781,575,8915,8830,573,8673,8510,8873
8706,8727,8781,8915,8673,8510,8639,573,8726,8675,8638,8369
8726,8673,8675,571,8924,8369,568,8639,8674,8510,8315,566
9178,8982,8935,9282,9179,9317,9328,9180,8934,9181,101,95
8594,8504,8503,9219,9220,9292,8474,8502,9371,9133,9433,9290
9383,8640,8765,9384,8917,8919,9387,9220,9386,8594,9290,8473
8917,8504,8475,8765,8503,8594,8474,8414,9384,8502,9219,8476
9160,912,9161,910,9163,8857,8631,908,9162,9733,9487,8622
8952,8864,8984,8951,8983,9072,8806,8863,9043,9073,8899,9071
8923,8633,8921,8952,8951,9070,8807,8500,8984,8864,8990,9071
8952,8951,8921,8984,9072,9071,9073,8864,8807,9080,8983,9043
566,9255,8674,564,9153,8369,9464,8367,560,8312,9463,9437
8867,8960,8969,8958,8803,8866,8166,8967,8968,9047,8848,8164
8543,8542,8482,9104,8481,8638,8480,7808,7809,8531,8509,7926
8440,9130,7982,8439,9346,7981,8994,8556,7863,9155,8236,8519
8483,8929,8487,942,8485,9202,8419,9123,940,8418,8484,8486
9202,8487,9123,940,8418,9124,9353,8419,8486,939,8837,9122
8931,8891,9839,8889,9234,8932,8825,8890,8636,8634,9489,9331
9234,8891,8932,9489,9839,9451,9331,8890,9490,9491,9518,9332
9489,8890,9491,9490,9518,9319,9231,8634,8879,8947,9698,9460
9070,8923,8922,8951,8990,9071,8952,852,8921,850,8633,9073
9005,9015,9328,9411,9178,9570,9094,9412,9317,9359,9016,9561
9178,8934,9328,9317,9179,8982,9015,9570,9005,9274,9318,9412
9010,9094,9011,9095,9005,8841,9411,9016,8642,8892,8934,9145
8939,8514,8513,9017,9176,8353,9101,8938,8074,9190,9174,8381
9190,9302,8381,9493,9177,8383,8222,9191,9568,9031,9492,8382
9176,8514,9174,8513,8938,9190,9017,9175,9177,8074,9192,8353
8295,7528,7515,7527,7488,7370,7397,7369,7530,8294,7398,8366
8573,8768,8740,8348,8572,8181,8717,8350,8732,8351,8227,8180
8824,8954,8823,9171,8479,8825,8953,8889,8651,9172,8714,8930
8824,8479,8942,8823,9019,8651,8954,8457,8798,8825,8714,8065
7240,7205,7239,7959,7206,7000,7897,7241,7597,7956,8877,7427
9097,9100,9157,9098,9443,9356,9156,9158,9355,9838,9159,9590
9099,8880,8945,9097,9232,9100,9443,9125,9157,9098,8660,9356
9099,8946,9232,9442,9443,9097,8945,9444,8880,9441,9477,9590
8949,9326,9049,9188,8845,8831,9327,8829,8872,8873,8991,8913
8829,9188,8831,9049,8782,8913,8873,8991,8830,8872,8914,8781
8814,593,8815,9214,591,8843,8452,8453,589,8842,8813,8390
8952,9073,9072,9080,8984,848,9660,846,9090,9043,844,9120
8984,9072,9073,8864,9043,8983,9090,9080,9306,9660,8863,9333
8889,8930,9839,8825,8891,8636,8931,8634,8714,8890,8932,8604
8825,8953,8823,8889,8714,8930,8636,9839,8651,8604,8891,9520
8198,8868,7799,8943,9019,8064,8479,8956,8065,8824,8457,8942
8943,8942,8824,8198,8798,8479,8954,8823,7799,9019,9171,8651
8749,8561,8445,8079,8443,9863,8401,8403,8081,8402,8007,8169
8960,8968,8987,8967,8969,9222,9311,8867,9517,9048,9047,8866
8958,8723,8987,8960,8968,9309,8925,9222,8967,9517,8969,8867
8969,8967,8867,8968,8866,9047,9311,9048,8803,9222,9149,9200
8963,8986,8603,8975,8246,9287,9322,9586,8602,8976,8247,9771
8769,8985,8961,8770,9321,8986,8963,8601,8603,9322,8246,9587
8975,9287,8602,8976,9586,8682,9771,9087,9770,8248,8977,9584
8971,8585,8965,8567,8700,8424,8667,9000,8998,8699,8566,8698
8998,8700,8585,8699,9394,9372,8667,8698,8424,9395,9603,8779
8854,8274,8453,8855,8121,8815,8120,8950,8390,7985,7987,595
9048,9047,9311,9200,9046,9310,9589,9149,9691,9276,9064,9439
8967,9311,9222,9048,8969,9310,9691,9047,9693,9046,9200,8866
9047,8866,8967,9149,9048,9589,9200,9311,8848,9046,8703,8849
9001,8584,8964,8999,8586,8971,8965,8585,8567,8974,9260,9000
8585,8424,8667,8700,8347,8965,8425,8698,8595,8349,8699,8179
8970,8973,9408,8584,9109,9001,8586,8964,8974,9261,8999,8971
8586,8584,8974,8970,8567,8566,8964,8971,9001,8739,8894,8585
8586,8566,8739,8584,8567,8717,8718,8971,8347,8740,8350,8964
8976,8682,9287,8977,9087,8248,8472,9771,8293,9088,9770,8202
8977,9087,8682,9771,9088,8293,9033,8472,9288,9694,9119,9027
9033,8293,9088,9027,9119,9034,8292,9288,8204,8903,9026,9340
8337,8336,8389,8276,8258,8275,8277,8257,8590,7929,801,8100
9057,8742,8980,9056,8865,8533,9054,9084,8741,9055,9083,8526
9056,9057,9055,9243,9084,9083,8742,8865,9242,9280,9351,8278
101,9282,104,95,8982,102,9180,89,8916,9273,97,83
9179,9180,9178,9181,9317,9274,89,9273,83,81,9502,78
8899,9043,9333,8900,8885,8908,9306,9436,8878,9090,8695,8693
8983,9072,9043,8863,8899,9333,9306,9090,8908,8900,9660,8885
8961,9321,8986,8963,9322,8770,9587,9586,9287,8603,9585,8975
9586,8963,9322,9287,9770,8975,8603,9584,9771,9585,8976,9087
8968,9222,9517,9311,8960,8967,9693,9691,9692,9048,8969,9310
8537,9082,8989,8539,9022,8536,8534,9023,9085,10163,8540,8538
9085,9022,8536,8534,9024,10163,8305,8748,8306,8729,8591,8535
9070,850,9071,848,8951,9080,846,9073,8923,8952,9660,844
8912,8913,577,8829,8914,8727,575,8782,8831,8706,573,8915
8708,8555,8805,8993,8712,8676,8554,8677,8927,8709,8528,7982
8927,8709,9130,7982,8440,8554,9346,9205,8439,7981,8556,9348
9154,8519,8906,9347,9497,8905,8518,8236,9147,9500,9452,9272
8661,9126,9838,9218,9100,9156,9305,9038,9217,9846,9098,9390
8959,8987,9309,8958,8723,9517,8968,9222,9418,8960,9168,8925
8721,9075,8996,8959,9430,9166,8722,8723,9309,9167,8987,8958
9372,8699,8700,9395,8779,9591,8698,864,8697,862,8667,860
9001,9000,8965,8964,9262,8998,9394,8585,8584,8700,869,8971
8998,9394,8965,9603,9372,868,9395,8699,866,8700,864,8585
8964,8965,8584,9000,8585,8971,8998,8700,8586,8567,9262,9394
9003,9185,9227,9216,9236,9253,9509,9208,9067,8643,9508,9426
9216,9236,9227,8643,9067,9058,9185,9208,9509,8644,9210,9061
9186,9002,8626,9187,9003,9185,9227,9254,9216,8406,8356,9253
9411,9094,9015,9016,9359,9328,9095,9412,9360,9570,9420,9145
8613,8612,8752,8384,8385,8728,8730,8610,9141,9143,8592,8033
9039,9374,9050,9118,9051,9197,9173,9114,9053,9052,9235,9116
9092,9007,9039,9009,9040,9374,8788,9053,9050,9051,9118,9173
9374,9007,9173,9197,9050,9039,8797,9172,9118,9235,9520,9114
9095,8841,9094,8892,9016,8215,9145,9411,9005,9360,8851,9105
8841,9010,8642,8215,9095,8892,9094,8217,8851,9016,9145,8521
8808,8922,8633,8471,8500,8923,8921,8933,8807,8462,8952,8499
8777,9012,8470,8780,8808,8922,8471,8633,8778,8426,8933,8500
8936,9005,9094,9010,9411,8934,9016,9095,9015,9011,8841,9359
9359,9412,9570,9016,9420,9561,9360,9317,9421,9569,9419,9318
9360,9145,9359,9422,9419,9420,9313,9105,9412,9281,9470,9421
8938,8381,8222,9190,9302,8383,8382,9493,8221,9177,9568,9031
9112,9316,9150,9315,8650,9314,9059,9151,9226,8796,9525,8559
8457,8479,8143,8651,8448,8066,8824,8162,8144,8823,7911,8446
9035,9036,9037,9846,9385,9505,9218,8764,9386,9304,9217,9383
8658,8661,9038,9218,8995,9074,9020,9126,9846,9036,9217,8760
9024,9085,8729,8591,8748,8536,8593,8625,9025,8305,8592,10163
9022,8729,8591,8989,9024,8728,8592,9085,9025,8593,8730,8537
8593,8625,8748,8491,8532,8305,8444,9357,8713,10163,8443,8490
8593,8444,8443,9024,8403,8532,8625,8404,8445,8402,8748,8490
9129,9028,9127,8901,9212,9103,8746,9614,9211,9616,8745,9238
8903,9034,9026,8902,9028,9129,8901,9128,9127,8737,8746,9212
8746,9103,9127,8745,9614,9102,9238,8736,9211,9212,9269,8744
9237,9076,9166,9075,8997,9077,9167,9430,8996,9168,9309,8721
9076,9029,9165,9166,9237,9077,9244,9075,8775,9164,9167,8997
8774,9032,8776,8341,8853,9365,9030,8775,9029,9237,9078,8298
9030,8776,9078,9029,9076,8341,9245,9237,9165,8775,8853,9244
9027,9034,9119,9026,8292,8903,9129,9128,9340,8902,9028,9341
9129,9026,9128,8903,9127,9212,9028,9341,9616,9211,8902,8901
9385,9037,8764,9386,9036,9383,9505,8918,8641,9846,9387,9384
9037,9505,9304,9217,9386,9506,9385,9599,9465,9600,9305,9383
9385,9505,9386,9383,9304,9465,9506,9387,8918,9384,9291,9600
9218,9846,9036,9020,9126,9217,9037,9304,9035,8762,9505,9305
9051,9118,9050,9052,9398,9116,9374,9114,9818,9397,9197,9117
9053,9092,9399,9540,9039,9398,9051,9397,9007,9416,9116,9542
9148,9042,9008,8787,9093,8785,9092,9040,9007,8696,9009,9039
9040,9008,9092,9053,8785,9007,9399,9039,9417,9051,9009,9540
9306,9333,8908,8899,10228,8900,9436,9198,9089,8898,8885,8878
8990,854,9070,8933,852,850,9071,8951,8923,8922,848,9080
856,8778,9044,854,8780,8990,852,8933,9070,8777,850,8922
9294,9276,9439,9278,9293,9064,9201,9467,9277,9466,9063,9295
9589,9200,9149,9048,9064,9046,8849,9276,8703,9310,9063,9294
9046,9200,9310,9276,9589,9294,9439,9064,9149,9278,9467,9293
8831,8872,8873,8829,8830,9188,8409,8410,8782,8874,8781,8913
9118,9114,9197,9235,9052,9331,9520,9117,9234,9116,8931,9818
9116,9398,9118,9052,9818,9427,9114,9050,9117,9640,9115,9641
9818,9117,9114,9115,9331,9640,9332,9330,9235,9461,9451,9641
9398,9051,9397,9039,9116,9427,9118,9542,9052,9818,9541,9050
9243,8980,9055,9056,9351,9280,9057,9083,9242,9084,9721,9732
9056,9242,9083,9280,9084,9732,8692,8278,8689,9279,8865,8280
9084,9083,8865,9242,8278,8280,8692,9280,8526,9732,8689,8741
9056,8865,9084,9083,9055,8280,8741,8526,8278,9242,8743,8812
9061,9069,9067,9068,9066,9065,9060,9210,9208,9209,9224,9059
9060,9151,9150,9224,9069,9112,9226,9223,9066,9225,9314,9323
9224,9151,9066,9225,9323,9223,9150,9065,9226,9209,8,9
9065,9068,9066,9209,9210,9060,15,13,9323,16,9224,11
8738,8291,8547,8435,8737,8292,8431,8902,8304,8430,1047,1045
8810,8910,9201,8981,8911,8809,9277,104,107,101,9278,9282
9063,9276,9201,8910,8810,9294,9277,9278,8704,107,8981,104
9209,13,15,11,16,9323,18,7,9224,9225,8,9
9209,9323,9065,9224,9225,11,13,7,8,15,9223,9
9210,9061,9068,9208,9065,18,24,9069,16,9066,15,9209
9065,16,15,18,9209,13,9066,11,21,9323,7,9224
9060,9061,9066,9065,9224,9209,9151,9068,9323,9225,13,11
9071,8951,850,8923,848,9073,9080,8952,846,9072,8921,9660
848,9080,8951,9073,846,9660,844,8952,9072,9120,9090,843
9090,9043,9306,9660,8983,9089,9120,8908,9333,844,9198,10228
9660,9072,9090,846,9120,844,9089,9306,843,8984,9043,9198
9020,8762,9035,9038,8761,9037,9036,8764,9385,9846,8661,9218
9430,8996,9167,9309,8721,8959,8987,9168,9418,9517,8958,9170
9166,9077,9075,9167,9164,9168,9170,9430,8997,9296,9169,8996
9170,9168,9167,9169,9075,9430,9418,9298,9299,9309,9297,9337
9165,9030,9244,9076,9164,9077,9029,9339,9166,9170,9296,9237
8791,9325,9257,8506,8711,9324,9196,8507,9475,9259,8437,9849
846,9073,9660,844,9120,9090,843,9089,9072,9306,840,9198
9142,9082,8988,9023,8989,8622,9143,8537,9022,9141,9085,8539
8989,9023,9022,8537,9085,9141,8729,9024,8536,8591,8534,8748
9242,8692,8278,8689,8280,9732,8279,7992,8478,8526,8690,8734
9083,8280,8278,8526,7992,8692,9242,8279,7994,8812,7921,8689
8748,9024,8305,10163,8625,8491,8713,8245,8306,8593,8244,9357
8920,914,9312,9160,912,9161,9163,9363,910,8857,8631,9162
9088,8977,9288,9033,9119,8293,9696,9340,9034,9027,9635,9128
9033,9119,9034,9340,9027,9128,9341,9129,9026,9635,8292,8903
9198,840,9306,10228,838,8909,8908,9199,8898,833,9333,8897
9306,9089,9198,9043,843,10228,840,8908,9333,838,8898,8909
9041,9042,9093,9265,9148,9040,9008,9092,9399,9417,8787,9887
9039,9053,9007,9051,9118,9398,9050,9009,9374,9116,9540,9052
9040,9399,9042,9417,9092,9053,9540,9008,9148,9886,9416,9397
9411,9016,9095,8841,9360,9015,9145,9359,8892,9422,9419,9420
9016,8892,9145,9360,9411,9105,9422,8851,9313,9359,8627,9419
8150,8557,8136,8148,8888,8135,8283,8558,8887,7362,8149,7754
9157,9356,9590,9355,9098,9158,9665,9370,9575,9344,9159,9432
9156,9158,9159,9355,9390,9392,9432,9356,9305,9342,9344,9370
9097,9443,8945,9157,9441,9356,9590,9098,9100,9355,9665,9575
9098,9838,9156,9157,9159,9126,9158,9305,9097,9390,9355,9218
8939,9174,9175,9176,9937,8514,9192,9177,9190,8938,9239,8513
9175,9937,9101,9174,9239,9192,9269,8939,9268,9176,9177,9267
9238,9102,9614,8745,9269,9937,9175,9101,9239,9617,8744,9266
8481,8509,8482,8313,8310,8531,8639,7809,8315,8309,8214,7903
9106,8627,9313,9184,9107,9422,9004,9187,9186,9281,9419,8357
9184,9004,9107,9186,9187,8626,8357,9002,9281,9185,9254,9003
9004,8626,9184,8356,9002,9186,9003,8406,9187,9185,8355,8407
8894,8735,8893,8718,9109,8739,8690,8691,8974,8941,8740,8688
8893,8974,8973,8586,8894,8739,8584,8566,8970,8567,8735,8717
9108,8893,9109,8894,8974,9345,8735,8973,8739,8718,8586,8972
8790,8754,8705,8792,9329,9382,8755,8811,8793,8935,8809,8325
9150,9314,9315,9226,9256,9151,9525,9593,8796,9223,1,5
9018,9059,9150,9112,9151,9316,9060,9314,9226,9315,9224,9223
9331,9117,9235,9332,9451,9818,9234,9115,9330,8931,9489,9462
9461,9330,9734,9459,9645,9332,9462,9703,9458,9735,9646,9511
9818,9052,9427,9640,9115,9117,9641,9114,9734,9461,9330,9331
9115,9332,9330,9462,9451,9461,9518,9459,9234,9458,9460,9489
9052,9114,9116,9117,9818,9331,9235,9115,9427,9332,9640,9451
9128,9034,9341,9129,9616,9027,9026,9212,9634,9127,9814,9683
843,9089,9090,840,9198,9306,838,10228,9043,8909,8908,9199
9139,9137,9138,8562,8302,9250,9193,9135,8657,9307,8232,9251
8837,9140,9121,9300,9138,8563,8562,9301,9139,9137,8302,9307
8418,9124,8837,9122,8563,8486,9203,9121,8562,9140,8234,9300
9122,9203,8837,9140,8418,9300,9121,936,8563,9301,9138,8562
8995,9100,9838,9126,9156,8945,8661,9098,9305,9218,9390,9159
9218,9217,9305,9846,9156,9390,9599,9304,9389,9036,9159,9098
9614,9211,9103,9238,9269,9617,8746,9615,9102,8745,9239,9699
9129,9212,9616,9026,9127,9211,9683,9615,9814,9614,9028,9707
9127,9212,9211,9616,9028,9614,9103,9615,9683,9617,8746,8901
8994,8440,8439,9155,9154,8519,7981,8906,8236,9347,9496,8518
9284,9248,9523,9249,9132,9247,9283,9556,9286,9522,9588,9524
9286,9523,9413,9813,9247,9284,9285,9431,9240,9320,9283,9524
9246,9371,9131,8799,9248,9602,9433,9523,9284,9249,9132,8801
9195,9537,9455,9136,9457,9456,9194,9352,9532,8888,10024,9469
9537,9134,9194,9195,9252,8656,9456,9455,9469,9136,9457,9468
9532,9455,9352,9195,8624,9096,8888,9457,8557,8464,9456,8150
9135,8657,9193,9134,9537,8231,9250,8656,9194,9251,9252,9195
9139,9250,9307,9193,9251,9137,9608,9609,9252,9135,9579,9194
9193,9250,9137,9135,9251,9252,9194,8657,8302,9608,9537,9134
9138,9301,9121,9139,9307,9308,9250,933,9137,8562,9193,9609
8728,8729,9023,8592,8591,9022,9025,8730,9024,8443,8593,8731
9143,9082,9023,9141,9022,8988,8989,8729,8752,8728,8537,9024
9141,9023,8752,8728,8729,9082,9022,8592,8612,8591,8730,9025
8056,8529,8105,8115,7708,7945,8193,7908,7372,8114,8192,6601
9422,9360,9313,9105,9419,9184,9281,9187,9106,8627,9420,9423
7278,7279,7547,8001,7277,7178,8322,7782,7691,7736,7237,8038
9270,8617,9271,8520,9985,9560,9230,9642,8576,9772,9499,8570
9008,8785,9042,9092,9007,8696,9009,8788,9040,9039,9374,9053
9589,8703,8849,9200,9064,8704,8652,9063,8810,9276,9046,8564
9151,9226,9314,9223,9256,9224,9315,9593,5,9225,4,1
9224,9223,9226,9225,9,4,9066,9323,9256,9314,8,5
8378,8506,9079,8791,8507,8311,8437,8711,9752,9257,9325,8678
9437,9463,9464,8367,9752,9152,9079,560,9623,8368,554,9474
8906,9497,8519,9452,9272,9147,8905,8518,9501,9453,9454,8236
9154,8994,9347,8906,9497,9500,8439,8519,9495,9452,9272,8905
9390,9159,9305,9158,9342,9389,9392,9217,9599,9393,9355,9432
9098,9355,9158,9356,9159,9370,9432,9344,9156,9392,9665,9390
9159,9432,9392,9344,9390,9342,9370,9343,9727,9388,9368,9389
9390,9392,9342,9432,9389,9388,9393,9343,9391,9344,9599,9727
9163,9161,8857,9162,8631,9733,910,9487,8622,9081,908,9484
910,8631,8857,908,8622,9733,8623,9162,906,8838,8988,9081
9081,9733,9484,8857,8988,9142,9082,9378,8622,8631,9143,9023
9162,9487,8857,9733,9484,9161,9081,9483,8631,8622,8988,9142
9296,9170,9077,9337,9169,9299,9168,9166,9404,9167,9297,9298
9076,9077,9164,9166,9170,9029,9296,9168,9167,9075,9169,9237
9075,9167,9077,9430,9168,9309,8996,9170,9418,9169,9298,8987
9430,9168,9309,9418,8996,9517,9298,9169,8987,9692,9826,8959
9169,9298,9418,9297,9309,9826,9980,9692,9517,9373,9551,9750
9298,9297,9980,9373,9418,9826,9551,9692,9649,9750,9552,9553
9169,9168,9299,9298,9297,9167,9418,9373,9405,9980,9826,9551
8953,8930,8954,8889,9520,9839,8825,8931,8891,8823,8636,9235
9171,9520,9197,8930,8953,8931,9235,8954,8891,8889,9050,9839
9197,9374,9172,9520,9050,9235,8798,9171,8930,8931,9039,9118
9177,9176,9192,9190,9189,9191,9493,9448,9268,8938,9434,9017
9174,9937,9192,9177,9176,9268,9189,9448,9267,9190,9191,9377
9190,9177,8938,9017,9493,9192,9191,9302,9189,8381,8074,9492
9191,9190,9189,9493,9434,9492,9448,9302,9428,9568,9366,9621
9179,9317,9328,9274,9570,9181,9318,9180,9502,9015,9561,9488
9274,9317,9181,9502,9318,9488,9570,78,81,9354,9273,76
9181,9273,83,81,9179,78,9502,9274,76,9317,9354,9488
9502,9274,78,81,76,9488,9354,9318,74,9871,9570,9786
6649,6858,6647,6313,6792,6745,6312,6646,6443,7555,6311,6212
9182,6858,6792,6649,6878,7555,6312,6313,6647,6143,6142,6745
9187,9186,9004,9281,9254,9185,9002,8626,9423,9426,9227,9253
9227,9253,9509,9426,9216,9539,9538,9208,9508,9519,9471,9236
9185,9254,9002,9227,9253,9426,9003,9216,9509,9539,9208,9424
9186,9254,9423,9185,9426,9002,9253,9424,9227,9539,9471,8626
8829,8991,8913,8831,8782,8912,8914,577,8727,8830,8781,8706
9191,9434,9428,9492,9493,9621,9366,9429,9364,9568,9620,9245
9493,9302,9191,9568,9492,8381,9189,9434,8383,9031,9365,9366
9434,9492,9366,9428,9568,9365,9245,9621,9429,9032,9364,9031
9189,9448,9177,9191,9377,9434,9428,9621,9190,9376,9493,9492
9135,9252,9251,9194,9537,9468,9527,8657,9469,9134,9456,9195
9537,9469,9456,9468,9195,9485,10024,9457,9486,9625,9455,9618
9457,9455,9456,10024,8888,9469,9574,9352,9486,9358,8887,9485
9204,9259,9258,8710,9205,9449,9597,9348,9672,9554,8709,9346
9520,9235,8931,9114,8930,9234,9331,9118,9171,8891,8953,9451
10228,838,8909,8898,9199,833,8897,9396,9436,8662,831,9334
833,831,9396,829,8897,9334,826,9206,8664,8662,822,9233
9064,9046,9276,9294,9063,8849,9201,9278,9439,9277,8910,9293
9277,107,8910,104,8981,9275,101,102,9295,8911,9282,9336
9353,9124,9123,939,9122,9203,8487,8418,937,8837,9140,9300
9300,9140,9122,9301,934,9138,9121,8837,9308,933,9307,9139
9205,9348,9449,9346,9554,9496,8709,9155,9495,9730,9130,9673
9346,9348,9155,9449,9130,9496,8927,8994,9554,9347,9154,9495
826,9233,822,820,8671,8668,8670,819,8597,8672,817,8621
1049,1047,1045,1050,1048,1044,1046,1043,1042,8304,8547,7894
9210,24,9508,21,18,20,9068,9538,16,23,9061,9065
13,11,9323,15,7,8,9225,9,9223,4,5,9256
18,9068,24,16,21,15,9065,20,9209,13,9066,23
9614,9617,9269,9699,9238,9266,9103,9446,9981,9239,9636,9102
9211,9127,9615,9683,9614,9617,9699,9707,9269,9981,9103,9238
9326,8948,9327,583,8844,8949,9188,9049,581,8829,8991,8845
8843,589,8842,587,8813,9213,8452,8844,8948,585,9326,8816
8749,8007,9863,8957,8079,8132,8169,8005,8561,8731,7262,7196
9208,9067,9509,9210,9058,9508,24,9068,9061,21,18,8644
9305,9599,9304,9389,9390,9600,9505,9506,9393,9563,9342,9037
9846,9217,9036,9305,9304,9599,9156,9505,9037,9390,9389,9506
9371,9433,9133,9246,9602,9289,9588,9682,8800,9131,9248,9680
9290,9292,8594,9289,9291,9778,9219,9433,9680,9682,8503,9739
8742,8979,8533,8306,9057,8243,8741,8865,8743,8980,10163,8245
9311,9691,9693,9310,8967,9048,9831,9467,9901,9046,9439,8969
4,9225,9,5,8,9256,1,7,9593,0,11,2
9225,9323,9223,8,9,7,9209,9226,4,11,13,5
8,9,7,4,11,5,13,9256,1,0,9593,2
9256,9223,5,4,1,9,9225,9593,0,8,2,9525
9509,9216,9208,9508,9538,9067,24,21,9539,9210,20,9519
9303,9006,8752,9143,9378,8612,9141,8613,8728,9142,9023,8730
943,8928,8929,942,8483,9202,940,8487,9123,9353,8485,9124
8618,9560,9264,9335,9091,8907,9041,9985,9263,8577,9148,9042
8947,8881,8946,9319,8847,9099,8880,8883,9232,8945,9442,9097
9444,9443,9099,9441,9097,9590,9478,9575,9356,8945,9665,9157
8668,8671,822,820,8670,8672,819,8720,8621,8620,817,8681
9451,9489,8932,8891,9518,9332,9490,9491,8890,9462,9839,9460
9234,9331,8931,9451,8930,9489,9332,9117,8932,8891,9518,8953
9058,9216,9067,8644,9061,9208,9069,9227,9210,9068,9241,9065
8997,9075,9166,9076,8996,9430,8721,9167,8545,9077,8959,9309
9269,9102,9239,9937,9175,9266,9267,9268,9101,9192,9174,9446
9267,9937,9268,9376,9375,9175,9192,9377,9448,9805,9174,9445
9431,8860,9813,8962,9320,8581,8769,8715,9286,8985,8961,9285
9059,9060,9069,9058,9151,9113,9066,9224,9061,9150,9065,9323
9732,8689,8692,8278,8734,8690,8478,8279,9548,8280,8735,7992
9280,9055,9242,9721,9056,9732,9279,9083,9728,9057,8689,9084
9164,9339,9165,9296,9077,9076,9170,9338,9337,9166,9029,9168
9078,9244,9165,9339,9030,9164,9076,10076,9077,9296,9338,9029
9248,9602,9131,9284,9556,9249,9588,9523,9522,9559,9283,9247
9524,9283,9285,9813,9587,9521,9594,9522,9320,9321,9585,9792
9249,9556,9284,9522,9283,9523,9559,9526,9247,9792,9521,9524
9522,9283,9792,9526,9521,9247,9524,9578,9557,9555,9286,9594
9251,9193,9608,9252,9527,9194,9135,9579,9619,9468,9537,9469
9252,9527,9468,9194,9619,9135,9795,9469,9625,9537,9485,9779
9468,9194,9527,9469,9537,9485,9625,9456,9795,9195,9486,9618
9539,9509,9538,9227,9519,9508,27,31,9208,25,23,35
9426,9185,9253,9539,9424,9471,9227,9002,9509,9519,9472,9538
9153,564,9464,560,9463,8367,9437,9623,9752,554,8312,9152
1,5,9593,0,4,2,9546,9,3,8,6,7
9324,9259,9196,8711,9672,9258,9849,9597,9204,8710,9686,8677
9204,9449,9554,9348,9673,9205,9730,9495,9496,9346,9719,9500
9258,9672,9597,9204,9554,9671,9449,9673,8710,9730,539,9205
8999,9262,9000,871,869,9001,9394,8965,8998,868,9603,866
9408,9260,8999,9380,9001,873,9000,8970,9262,871,8965,8964
868,9000,9394,9603,866,8998,9395,864,9372,8965,862,8699
9091,9265,9093,9887,9041,9042,9417,9040,9399,8907,9148,9886
9041,9091,8907,9148,9263,9042,8787,9093,8684,9008,9265,9040
9093,9417,9399,9886,9040,9042,9416,9540,9041,9951,9053,9950
9267,9239,9375,9376,9268,9445,9937,9709,9805,9377,9791,9447
9376,9375,9268,9377,9805,9445,9447,9448,9192,9709,9621,9791
9377,9448,9376,9192,9621,9189,9447,9805,9428,9177,9620,9445
9266,9239,9267,9937,9446,9375,9268,9376,9175,9636,9192,9445
9985,9560,9230,9772,9263,8576,9264,9567,9091,8618,9773,10033
9270,9642,9985,9772,9773,8617,9560,9567,10033,9263,9230,9922
9453,9147,9271,9642,9270,9499,8617,9772,9985,9773,9560,8520
83,81,78,9181,9502,76,9274,9354,74,9488,9317,9318
9502,9488,9318,9354,78,76,9786,9871,9561,74,72,9536
102,9336,107,97,96,104,9628,99,101,9643,8981,95
9294,9201,9278,9277,9063,9293,107,8910,9275,9295,104,8810
107,9275,102,104,9295,9336,8910,101,97,8981,96,9628
9277,9275,9295,9201,107,102,9336,9507,104,9628,8910,97
9732,9548,8734,9242,8689,9108,8735,9549,8690,9110,8692,9083
9732,9279,9242,8689,9083,8734,9548,8692,8690,9550,9108,9084
9423,9187,9254,9470,9426,9186,9424,9185,9425,9253,9471,9004
95,8982,9180,89,9273,9181,9179,83,9178,81,97,9274
9521,9524,9792,9594,9578,9285,9587,9610,9557,9585,9914,9762
9249,9283,9247,9522,9524,9286,9521,9285,9792,9526,9813,9594
9587,9320,9321,9524,8985,9322,9594,9585,8962,8986,9521,8961
9813,9247,9285,9320,9431,9524,9283,9587,9321,8962,8985,9594
8976,9771,9087,9770,8977,9694,8682,9088,9288,9595,9696,9033
9340,9088,9119,9635,9341,9634,9033,9128,9034,9697,9616,9129
9680,9682,9433,9659,9681,9588,9371,9601,9602,9847,9559,9632
9778,9289,9680,9739,9292,9681,9682,9433,9712,9659,9219,9847
9290,9739,9778,9289,9680,9681,9712,9292,9847,9682,9661,9659
9289,9433,9219,9371,9682,9680,9778,9602,9588,9133,9246,8502
9295,9507,9278,9275,9277,9628,9336,9630,107,9201,102,9668
9278,9293,9277,9295,9201,9466,9275,9507,107,9063,9336,102
9275,9336,9628,99,102,96,107,9643,97,9668,104,94
9337,9170,9299,9169,9404,9405,9077,9168,9297,9373,9938,9298
9980,9373,9298,9551,9649,9826,9553,9552,9750,9418,9647,9692
9826,9980,9418,9692,9551,9750,9649,9373,9901,9517,9693,9751
9169,9297,9373,9405,9298,9168,9551,9552,9980,9553,9406,9826
9301,9140,9308,9138,933,9307,9121,931,9250,9139,9609,8837
9308,9138,9307,9250,9609,931,9139,9121,9608,930,9251,9193
8383,9568,9031,9492,9191,9032,8687,8382,8774,9365,9434,8776
9143,8752,9141,9142,9006,9023,8728,8612,8729,9082,9081,8592
9506,9505,9599,9600,9389,9465,9598,9386,9563,9393,9661,9291
9390,9389,9599,9159,9342,9393,9304,9563,9600,9392,9158,9391
8908,10228,9198,9333,8898,840,9436,8909,8900,838,8662,8897
9250,9609,9608,9251,9139,9579,9193,9619,9252,9527,928,9580
9307,931,9609,930,9138,9608,9250,9579,928,9251,9139,9619
9517,8987,9418,9222,9692,9693,8968,8958,9298,9826,9311,9691
9439,9046,9467,9294,9293,9200,9466,9276,9278,9629,9832,9507
9310,9048,9691,9046,9439,9200,9047,9467,9294,9831,9276,9589
9160,9163,8920,9363,9161,9487,8857,9162,912,9510,9733,910
9184,9187,9281,9106,9419,9186,9254,9423,9004,9470,9185,9107
9256,9593,9226,9525,1,0,2,5,9223,9546,3,4
9525,8796,9314,8795,9593,9256,9546,3,6,2,8666,9226
9315,8650,9112,8796,9314,9150,9525,8560,8795,9593,9226,9059
9570,9318,9274,9561,9488,9181,9502,9786,9412,9354,9569,9871
9488,9561,9786,9502,9871,9354,9569,9536,76,74,72,78
9442,8947,9232,9444,9477,9099,8946,9441,9443,9512,9478,9097
8985,9321,8962,8961,9587,8986,8769,9322,9524,8963,8770,9585
9322,9587,8986,9585,8961,9586,9584,9594,8963,9287,9770,9914
9586,9584,9770,9914,9595,9287,9771,9596,8963,9694,9611,9696
7,9225,11,8,13,9,9223,15,4,5,9256,1
9849,9672,9259,9686,9597,541,9196,9258,9671,539,9673,9554
9257,9324,9475,9849,8791,9259,9672,543,9196,9686,541,8711
9327,9188,8949,8829,8991,581,9049,8831,8913,579,8782,8912
9188,581,8991,579,8949,8913,8829,8912,577,8831,8782,8914
9570,9317,9015,9412,9561,9318,9179,9274,9411,9359,9569,9786
8792,8935,8916,8934,8793,9178,9328,9005,8911,8982,9015,9014
9462,9459,9458,9460,9645,9511,9518,9512,9513,9646,9703,9698
9451,9332,9234,9117,9489,9518,9462,9330,8932,9115,9490,9460
9462,9518,9330,9460,9489,9458,9698,9490,9459,9461,9512,8932
8900,8908,9436,8878,10228,8898,8663,8695,8662,8588,9198,8307
9206,8789,9233,829,826,822,8596,8668,8597,8671,820,8720
8907,8684,8787,9264,8297,9041,9148,8696,8116,8785,8117,9091
96,99,97,102,9643,94,9669,87,101,95,91,9764
9299,9405,9170,9373,9407,9169,9297,9552,9406,9551,9168,9298
9403,9296,9337,9404,9164,9938,9729,9299,9405,9170,9407,9933
9338,9164,9296,9337,9165,9170,9403,9404,9077,9299,9076,9169
9341,9634,9119,9128,9616,9814,9965,9034,9129,9683,9212,9777
9616,9128,9814,9683,9212,9129,9615,9707,9211,9776,9127,9982
9393,9388,9391,9565,9563,9343,9566,9415,9564,9562,9600,9727
9388,9415,9414,9565,9369,9582,9391,9562,9583,9607,9573,9566
9432,9727,9368,9343,9369,9392,9572,9573,9414,9571,9388,9415
8972,9109,8973,9410,8970,8974,8586,8893,8584,9408,9001,8964
9155,9348,9130,8994,9496,9154,9347,8440,8439,8906,9500,8519
9154,9497,9452,8906,9272,9501,9454,9147,9453,8519,8905,9498
9496,9155,9347,9495,9130,9154,9500,8994,9730,9497,9452,9501
9243,9054,9351,9055,9280,8980,9627,9721,9056,9242,9279,9732
9349,9351,9627,9243,9843,9054,8871,9721,9280,9722,9055,9728
9243,9280,9721,9728,9279,9055,9722,9732,9242,9548,9550,9056
8888,9096,8557,8150,9457,8887,9574,8558,8148,8283,10024,8136
9124,9203,937,9122,9123,936,9140,9300,8837,8418,9121,8487
74,9871,72,9786,67,9536,66,9569,63,9440,9534,57
9344,9158,9370,9432,9392,9727,9367,9159,9368,9343,9369,9572
9355,9370,9665,9367,9344,9158,9432,9663,9368,9572,9727,9159
8365,9480,8490,8364,8392,8363,8208,8391,7692,7581,7580,7282
9515,8827,8828,9482,8887,8611,9516,9228,8649,9006,9481,8648
9360,9420,9412,9419,9422,9421,9470,9145,9561,9569,9281,9425
9422,9419,9420,9313,9281,9470,9105,9423,9187,9421,9184,9425
9363,9312,9514,9163,9086,9510,9487,9160,8920,9618,9162,9483
9086,9312,9361,916,8920,914,9363,9160,9163,9514,912,9161
9487,9163,9510,9162,9483,9160,9484,8920,8857,9516,9081,9378
9245,9244,10076,9339,9078,9164,9338,9401,9165,9296,9769,9030
9078,9032,9245,9030,9244,9165,9076,8776,9364,9029,8774,9164
9245,9365,9364,9078,9244,9402,9032,9339,9030,9165,10076,9164
9572,9368,9344,9571,9662,9573,9727,9369,9664,9432,9845,9967
9573,9369,9727,9571,9845,9607,9414,9343,9664,9844,9803,9967
9573,9414,9607,9845,9583,9415,9803,9582,9605,9844,9606,9565
9344,9367,9368,9572,9432,9727,9571,9369,9573,9343,9392,9662
9246,9602,9248,9588,9131,9556,9682,9249,8799,9284,9559,9601
8699,8779,9591,862,9045,8697,860,9592,8698,8778,858,8780
9552,9551,9553,9980,9648,9649,9647,9650,9750,9826,9900,9689
9050,9197,9235,9118,9520,9114,9172,9051,9331,9052,8931,9234
9445,9805,9376,9791,9447,9268,9377,9736,9872,9754,9804,9737
9377,9805,9447,9621,9448,9736,9791,9620,9737,9429,9428,9189
9621,9448,9447,9620,9429,9428,9189,9737,9402,9736,9434,9738
9303,9142,9143,9023,9081,8752,9141,9082,8728,9006,9733,8729
9261,9380,9260,873,8999,9408,871,9262,9000,869,9001,868
9260,871,9262,869,9000,8999,868,9394,9603,866,9001,8998
9670,8871,9349,8869,9054,9350,8980,9243,9626,9351,8979,8870
8755,8551,8754,9014,8793,8936,8441,8550,8792,9005,8790,9094
9384,9386,9387,8765,9220,9290,9465,9291,8594,8917,9292,8919
9387,9220,9290,8594,9291,9292,8917,9289,9465,9778,9739,9219
9383,9386,8918,9505,9387,9384,9465,8765,9506,9291,8640,9220
9387,9465,9384,9291,9506,9290,9220,9598,8765,9739,9778,9600
9291,9290,9220,9778,9739,9289,9292,9598,8594,9680,9681,9712
9565,9391,9415,9566,9562,9414,9582,9563,9564,9581,9369,9639
9393,9342,9563,9391,9600,9388,9392,9566,9565,9506,9564,9661
9389,9342,9393,9392,9599,9391,9388,9563,9432,9304,9600,9343
9565,9566,9564,9562,9415,9639,9661,9713,9582,9581,9414,9598
9342,9388,9343,9727,9391,9393,9415,9565,9414,9369,9566,9563
9391,9563,9388,9566,9565,9600,9564,9661,9562,9415,9343,9713
9603,9395,8998,9372,866,864,862,9591,8699,8779,860,8700
9372,9591,862,860,8779,9592,9045,858,8699,856,8778,8697
831,9334,829,9206,826,8664,8789,9233,822,8596,8668,8587
9398,9427,9541,9116,9641,9051,9818,9640,9819,9052,9954,9734
9116,9427,9818,9052,9118,9541,9640,9641,9115,9117,9734,9114
9540,9053,9416,9397,9542,9398,9092,9051,9039,9541,9427,9956
9450,9379,9261,874,9408,9410,9380,9260,873,8999,9001,871
9403,9768,9338,9729,9339,9404,9938,9930,9337,9296,9933,9244
10076,9738,9364,9401,9339,9769,9338,9245,9244,9768,9403,9794
9938,9729,9404,9337,9933,9407,9405,9296,9966,9717,9299,9406
9337,9405,9407,9299,9933,9406,9552,9373,9717,9170,9297,9169
9552,9373,9406,9297,9553,9648,9717,9551,9169,9689,9980,9298
9552,9648,9689,9553,9373,9679,9715,9690,9551,9650,9647,9297
9406,9717,9405,9552,9689,9716,9373,9648,9299,9553,9964,9715
9001,8999,8970,9260,8964,9000,8965,8584,9380,8973,9262,8971
9410,8972,9345,9450,8970,9408,8973,9109,9400,9261,9001,8584
8972,9408,8970,9261,9001,8973,8999,9379,8584,8964,9260,9109
9016,9015,9359,9360,9412,9420,9145,9419,9422,9570,9421,8892
9561,9420,9421,9569,9318,9786,9440,9419,9470,9360,9425,9536
9813,9240,9431,9286,9320,9285,8860,8962,9247,8985,9321,8769
9583,9582,9607,9604,9562,9605,9606,9581,9803,9845,9656,9566
9582,9414,9562,9581,9566,9583,9604,9639,9607,9564,9606,9656
9542,9540,9956,9987,9397,9541,9053,9954,9398,10053,9986,9427
9399,9416,9540,9040,9950,9542,9053,9397,9987,9956,9092,9398
9692,9517,9826,9693,9980,9901,8987,9222,9750,9831,9691,9649
9470,9281,9423,9421,9425,9424,9187,9254,9473,9426,9440,9184
9421,9419,9470,9425,9569,9440,9423,9281,9424,9473,9534,9786
9425,9440,9470,9534,9473,9536,9424,9476,63,9423,57,9472
9313,9419,9281,9187,9423,9184,9470,9420,9254,9186,9106,9424
9424,9426,9254,9472,9471,9473,9186,9539,40,9253,9185,35
9472,9473,9471,9426,40,43,9476,35,50,9539,31,57
9473,9424,9534,9476,9472,9423,57,43,50,40,63,9471
9471,9539,9253,9472,35,9519,40,31,9538,27,43,9509
9641,9640,9818,9734,9819,9115,9052,9735,9461,9117,9954,9703
9429,9366,9364,9402,9620,9492,9245,9365,10076,9244,9738,9339
9402,9364,10076,9738,9366,9245,9339,9401,9244,9769,9830,9338
9309,8996,8987,9418,8959,9517,9168,8958,9222,9692,8968,9298
8962,9813,9320,8769,8985,9285,8961,9321,8715,8770,8986,9247
9392,9727,9343,9388,9368,9342,9369,9414,9415,9565,9391,9573
9371,9682,9602,9588,9246,9601,9556,9559,9248,9659,9131,9249
9366,9428,9492,9245,9365,9429,9364,9568,9078,9402,9244,9032
7816,7811,7926,7910,7305,7267,7574,7573,8480,7551,7265,7166
8663,8898,8662,8588,8665,8897,8587,8664,8307,8909,8416,8596
9463,9152,9079,9752,8506,8378,8791,9325,9623,9257,9474,8507
9504,9400,9450,876,9410,9261,9379,9409,9408,874,8972,9637
9294,9293,9466,9278,9507,9276,9629,9295,9277,9275,9630,9628
9534,9425,63,9473,57,9476,66,50,9424,9472,43,67
9590,9443,9575,9665,9356,9576,9097,9663,9577,9370,9367,9157
9444,9477,9232,9441,9478,9443,9530,9099,9590,9575,8946,9097
9590,9097,9356,9665,9575,9157,9355,9370,9367,9098,9663,9576
9441,9478,9443,9575,9590,9099,9577,9576,9097,9665,9356,9663
9791,9805,9872,9376,9736,9804,9447,9798,9377,9737,9932,9885
9266,9375,9709,9445,9267,9708,9239,9805,9376,9791,9754,9872
9737,9620,9621,9736,9738,9429,9830,9402,9932,9428,9769,9804
9189,9621,9428,9434,9429,9191,9447,9620,9366,9402,9492,9364
9348,9496,9495,9730,9500,9155,9346,9347,9719,9501,9154,9731
9410,9261,9408,9379,8972,8970,8999,9260,874,9001,9380,9345
9489,9332,9518,9490,9462,8932,9460,9698,9330,9491,9319,9458
9454,9272,9497,9453,9498,9147,9271,9499,9642,9810,9270,9747
9642,9271,9499,9772,9147,9773,9270,9747,9985,9837,10033,9922
9453,9499,9272,9642,9747,9271,9773,9837,9772,9147,9809,9808
9457,8888,9352,9574,9456,10024,8887,8557,9096,9358,9469,8558
10024,9457,9486,9485,9574,9358,9515,8888,9618,8827,8887,9516
10024,9574,8888,9358,8887,8827,9486,8557,9515,8649,8558,8828
9460,9513,9512,9511,10340,9698,9530,9528,9477,9644,9442,9529
9511,9458,9646,9513,9644,9528,9460,9512,10340,9702,9667,9530
9512,9698,9477,9513,9442,9530,9319,9511,9444,10340,9478,9232
9645,9459,9703,9330,9646,9511,9458,9666,9462,9667,9644,9513
9460,9458,9518,9512,9698,9459,9513,9490,9511,9477,9442,9319
9752,9079,9623,9325,9152,9474,9257,8791,8506,9475,549,9324
9463,9623,9752,554,9437,9474,9079,9325,549,9475,9152,9257
9291,9598,9387,9739,9290,9778,9712,9661,9220,9681,9289,9680
9507,9293,9630,9295,9628,9802,9278,9668,9275,9336,9643,9277
9466,9439,9629,9832,9293,9507,9294,9802,9630,10120,9295,9278
9469,9485,9625,9456,9618,9486,10024,9624,9514,9195,9516,9515
9456,9485,9486,10024,9618,9625,9457,9358,9515,9516,9574,9514
9425,9423,9424,9473,9440,9472,9534,9476,9426,9254,9471,9187
35,40,9539,31,9519,43,27,9253,9538,25,9509,23
40,43,9471,35,50,31,9539,9519,27,9253,9538,25
9476,9472,43,50,57,40,9471,35,9426,31,9539,9519
9475,9325,543,9324,9849,9257,9079,541,9672,9259,9686,8791
9849,9324,541,9672,9686,9257,9259,539,9671,9597,8791,9196
50,43,9472,40,35,9471,9426,31,9539,9519,27,9253
9444,9530,9478,9441,9232,10340,9577,9575,9529,9576,9443,9590
9441,9577,9575,9576,9590,9940,9443,9663,9665,10007,9941,9356
7448,7319,7534,7259,7318,7328,7449,7349,7146,7161,7145,7258
8363,8365,8208,8364,7692,7580,7693,8392,8043,7582,7581,7502
9303,9378,9228,9143,9484,8752,9142,9006,9141,9023,9081,8728
9481,9228,8828,9303,9006,9378,8752,9143,8611,9484,8613,8612
9481,9378,9484,9303,9482,9142,9162,9143,9228,9081,8752,9023
9378,9142,9081,9143,9733,9082,9303,9023,8988,9141,9228,8752
9618,9486,9516,9514,9515,10024,9510,9358,9482,9483,9457,9481
9515,9358,9516,9482,9574,8828,9481,9510,8827,9228,9483,8887
9484,9483,9162,9378,9081,9142,9481,9733,8857,9303,9143,9082
9354,9871,9786,74,76,72,9536,67,9569,66,63,9440
9490,9518,9491,9698,9319,9462,9460,8890,9442,8947,9231,9512
9319,9491,9698,9442,8947,9460,9231,9232,9477,9512,9444,9099
9231,9319,8947,8879,8946,9698,9442,9232,8881,9099,9460,9444
9568,9365,9366,9245,9032,9078,9031,9030,9364,9244,9429,9165
9191,9492,9302,9568,9434,9365,9366,9031,9032,8383,9428,9245
7694,7696,8067,8041,7022,7735,8289,8068,6766,8042,8290,6764
9500,9719,9501,9347,9748,9452,9740,9454,9498,9154,9497,9749
9347,9500,9495,9155,9154,9452,9501,9497,9719,8994,8906,9454
9272,9147,9453,8905,9271,9454,9270,8617,9642,8518,9498,8520
9454,9499,9747,9453,9809,9642,9837,9808,9773,9272,9870,9271
9642,9773,9837,9772,9271,9808,9922,10033,9807,9921,9985,9870
9347,9501,9452,9497,9454,9154,9748,9272,9453,9498,8906,9147
9454,9748,9452,9498,9453,9810,9499,9749,9272,9497,9747,9642
76,9354,9488,74,9871,72,9786,9561,67,9536,66,9569
9984,9504,9788,9438,880,9409,9637,9450,9410,9638,878,9400
9450,9409,9410,9400,9637,8972,9408,9261,9345,876,9379,8970
9506,9386,9465,9600,9598,9387,9599,9291,9383,9739,9384,9290
9600,9465,9598,9739,9291,9661,9563,9387,9712,9393,9778,9290
9628,9295,9630,9668,9336,9643,9275,99,9764,9277,9669,96
21,20,24,23,25,18,9210,16,9068,15,9065,9061
9508,9538,9208,21,20,24,23,9519,25,9210,27,18
9483,9487,9516,9481,9484,9378,9163,9482,9162,9515,9303,9142
9513,9644,9528,10340,9512,9702,9796,9530,9529,9797,10082,9477
9477,9513,9530,10340,9442,9444,9478,9528,9529,9577,9232,9441
10340,9530,9528,9529,9477,9577,9797,9478,9796,10082,9442,9444
9510,9363,9618,9487,9483,9516,9312,9163,9486,9484,9481,9162
9482,8828,9481,9228,8827,9006,9303,9483,8611,9378,8752,8649
9482,9481,9515,9483,9228,9378,9303,8828,9487,9484,9143,9006
9222,9692,9693,9691,9826,8968,9311,9901,9831,9310,9750,9467
9460,9490,9698,9319,9512,9458,9442,9491,9477,9513,9444,9459
27,31,9538,25,23,9508,20,21,9208,24,18,9210
8931,8930,9235,9234,8891,8953,9331,8932,9839,9114,9451,9489
9578,9610,9594,9557,9622,9762,9587,9914,9585,9613,9761,9705
9792,9283,9521,9557,9578,9524,9555,9762,9610,9594,9622,9705
9284,9247,9286,9283,9249,9413,9285,9813,9524,9522,9521,9320
9594,9587,9521,9585,9610,9321,9914,9322,9578,9584,8985,9622
9593,9546,3,8795,6,2,10,0,9256,12,1,14
9555,9792,9557,9522,9631,9578,9705,9762,9521,9283,9822,9622
9468,9795,9625,9485,9194,9469,9624,9815,9618,9514,9456,9486
10340,9529,9797,9796,10082,9530,9970,9969,9577,10007,10003,10165
10082,9577,10007,10003,9970,9940,9478,10004,9576,10165,9989,10020
9577,9478,9529,9444,9576,10007,10082,9940,9441,9575,9797,10003
7907,7364,7726,7906,7727,7366,7074,7745,7235,7532,7827,7285
9096,9352,9455,8464,8150,8557,8888,9195,8136,9457,7778,8887
8624,8019,8464,7778,8846,9532,9096,8136,7777,8150,7728,7961
57,9476,9473,50,43,9472,9424,40,9471,35,9426,31
8819,8818,8724,8801,9413,8820,9240,8821,9132,9431,8799,8860
66,63,67,9440,9534,72,57,9476,9425,9473,50,43
9195,9456,9457,9469,9455,10024,9468,9136,9486,8888,9485,9574
25,23,27,9508,20,21,24,18,9210,16,9068,15
9519,31,9538,27,35,25,9509,23,9508,20,21,9208
9397,9542,9053,9398,9541,9427,9956,9051,9116,9987,9641,9039
9819,9641,9954,9427,9735,9640,9817,9734,9955,9116,9818,9666
9397,9541,9956,9427,9954,9398,9819,9641,9986,9116,9955,9640
8850,8615,8859,8580,8579,8256,8821,8255,8346,8343,8581,8724
9362,916,9086,9688,914,9361,9312,8920,9624,9363,9160,912
7719,7933,7820,8420,8569,7718,8568,7990,7819,8570,8577,8575
3,2,0,6,9593,9525,10,8795,1,9256,9314,12
9345,9109,9110,9409,8973,8893,8972,8974,9108,9410,8586,8894
9108,9110,8734,9732,9547,8735,8893,8894,9109,8689,8690,9637
9110,9547,9548,9109,9108,9637,9345,8893,8734,8894,8974,9409
9549,9638,9548,9547,9110,9279,9637,9788,9108,9109,9345,8734
9649,9553,9647,9750,9900,9826,9650,9648,9751,9652,9901,9679
9553,9648,9551,9689,9647,9650,9679,9649,9980,9690,9653,9715
9647,9650,9649,9679,9900,9652,9653,9750,9651,9690,9751,9677
9730,9449,9495,9719,9496,9731,9348,9500,9501,9740,9347,9748
9631,9557,9705,9792,9762,9822,9704,9578,9761,10278,9821,9622
9559,9249,9526,9522,9792,9284,9558,9283,9555,9557,9521,9578
9762,9578,9705,9622,9761,9822,9610,9821,9763,9906,9613,9594
9633,9555,9631,9526,9557,9704,9705,9822,9792,9522,9725,9762
9558,9526,9555,9522,9633,9249,9792,9557,9631,9658,9705,9283
9264,9263,9091,8618,9041,9567,9265,8907,9093,9042,9335,9148
9569,9786,9421,9536,9488,9440,9871,9420,9354,63,66,9425
9581,9582,9639,9604,9820,9713,9583,9656,9801,9790,9606,9851
9391,9564,9661,9566,9565,9713,9598,9639,9562,9711,9712,9415
9713,9639,9711,9790,9562,9712,9801,9581,9847,9774,9820,9582
9562,9415,9566,9582,9581,9564,9639,9414,9604,9713,9583,9820
9564,9562,9639,9713,9581,9582,9790,9801,9711,9820,9604,9712
9265,9263,9887,9093,9417,9952,9091,9886,9399,9264,9040,9951
9032,9031,9365,9366,9030,8774,8776,9078,9245,8687,9029,8341
9421,9440,9536,9534,9425,63,9871,66,9470,9473,57,67
9561,9318,9412,9786,9569,9274,9488,9421,9420,9359,9536,9502
9664,9573,9845,9844,9369,10202,9607,9803,9840,9894,10090,9414
9571,9662,9368,9664,9573,9967,9845,9369,9727,10202,9844,9988
9845,9607,9803,9414,9844,9840,9583,9605,10202,9833,9415,9582
8827,8887,9358,8649,8828,8558,9515,8611,8648,9482,8283,8284
9576,9665,9663,9367,9356,9941,9940,9370,9572,9662,9355,9368
9940,9663,9941,9665,9989,9662,9367,9572,9988,10004,9356,9370
9940,9576,10007,9575,9941,10003,9989,10004,9663,9970,9590,9665
9762,9622,9610,9761,9594,9705,9613,9763,9914,9906,9585,9821
9580,9619,9608,926,9779,9527,9676,924,9251,9795,9815,9252
9779,9676,924,9619,9815,922,9795,9675,9527,9688,9624,920
9604,9820,9656,9801,9851,9606,9852,9800,9790,9655,9850,9888
9604,9583,9581,9606,9656,9820,9639,9605,9851,9654,9655,9852
9606,9604,9605,9656,9654,9581,9655,9833,9851,9834,9820,9857
9770,9595,9596,9586,9611,9694,9771,9696,9706,9613,9612,9287
9914,9584,9322,9596,9586,9770,9595,9613,9611,9612,9694,9622
9770,9287,9771,9694,9595,9087,8976,8975,9696,9288,9596,9611
9585,9594,9322,9914,9584,8986,9610,9586,9770,9596,9595,8961
9559,9601,9556,9248,9558,9526,9632,9249,9522,9555,9633,9792
9200,9064,8849,9063,9276,9046,8810,8704,9201,8910,9294,8652
9665,9575,9356,9370,9367,9663,9576,9157,9355,9572,9344,9368
860,9045,9592,8779,858,856,8778,9044,8697,854,8780,8933
858,9045,856,854,9044,8778,852,8990,8697,8780,9070,8933
0,2,9546,1,3,5,6,4,10,9,12,8
9585,9610,9914,9322,9584,9613,9622,9596,9762,9612,9595,9586
9611,9694,9696,9695,9706,9771,9288,9635,9775,9087,9340,9697
9611,9612,9706,9595,9695,9770,9696,9775,9760,9759,9694,9635
9554,9673,9258,9730,9449,9685,9684,9204,9731,9495,9719,9348
9739,9661,9712,9291,9711,9778,9681,9564,9847,9713,9290,9680
9389,9600,9563,9393,9506,9342,9391,9598,9661,9564,9465,9566
9598,9563,9661,9465,9564,9712,9739,9391,9713,9566,9291,9711
9559,9632,9558,9633,9556,9526,9658,9555,9631,9704,9248,9522
9588,9248,9556,9559,9249,9131,9601,9284,9522,9526,9558,9283
864,9395,862,9372,9591,8998,860,9592,8779,8699,858,9045
9656,9606,9820,9851,9655,9654,9852,9850,9801,9857,9800,9856
9654,9833,9606,9834,9912,9857,9655,9604,9842,9656,10013,9841
9654,9656,9655,9851,9857,9834,9820,9856,9850,9852,10013,9912
9803,9583,9605,9833,9606,9582,9840,9654,9604,9834,9842,9912
9251,9619,9527,9252,9580,9779,9193,9795,9468,9194,9625,9676
9579,9608,928,9250,9619,9251,9580,926,9527,9779,9252,9139
9622,9914,9613,9585,9763,9596,9612,9761,9584,9760,9322,9706
9706,9695,9696,9775,9694,9635,9697,9759,9288,9758,9340,9634
9706,9760,9759,9775,9611,9907,9695,9758,10040,9595,9896,9696
9612,9763,9760,9596,9706,9907,9759,9611,9906,9595,9775,10040
9269,9238,9617,9239,9266,9102,9937,9699,9446,9267,8745,9175
9699,9211,9981,9617,9636,9446,9614,9724,9710,9269,9266,9708
9683,9212,9615,9211,9707,9981,9127,9699,9617,9982,9614,9724
9699,9269,9266,9446,9239,9636,9238,9375,9267,9709,9710,9937
9516,9510,9486,9483,9515,9482,9481,9363,9487,9358,9378,9484
9779,9795,9527,9815,9676,9625,9624,9252,9468,9688,9675,922
9402,9429,9738,10076,9830,9769,9364,9401,9932,9794,9366,9768
9429,9620,9428,9402,9737,9738,9434,9364,9366,10076,9736,9830
9763,9761,9613,9760,9906,9914,9907,9612,9821,9596,9759,10039
9474,9752,549,9475,9325,543,9079,9324,9849,9257,541,8791
9514,9361,9363,9510,9618,9362,9312,9485,9487,9163,9086,9516
9485,9618,9624,9514,9510,9486,9516,9361,9688,9363,9456,9483
9350,9843,9627,9351,9349,9722,9787,9721,9243,9728,9280,9054
9351,9721,9722,9728,9280,9243,9550,9279,9720,9548,9054,9732
9643,9668,99,9336,9669,96,94,9764,97,102,91,93
9466,9802,9630,9507,9293,9881,9668,9628,9935,9295,9764,9643
9668,9764,9628,9881,9643,9669,9811,9295,103,9766,93,99
9822,9705,10278,9557,9828,9782,9762,9821,9761,9785,9578,9741
9633,9658,9558,9559,9745,9631,9704,9725,9555,9526,9556,9743
9631,9704,9555,9725,9822,10278,9782,9526,9705,9557,9741,9828
9965,9341,9814,9777,9616,9776,9683,9128,9982,9707,9212,9983
9340,9634,9697,9341,9965,9119,9814,9777,9128,9616,9776,10106
9708,9446,9709,9754,9375,9723,9445,9266,9872,9791,9757,9267
9409,9345,9547,8972,9109,9410,8973,9110,8970,9450,9408,8893
9637,9549,9547,9984,9345,9110,9409,9548,9109,8972,9504,9108
9801,9581,9790,9820,9800,9604,9746,9852,9774,9656,9851,9744
9734,9115,9461,9735,9703,9645,9330,9117,9459,9666,9646,9817
9734,9735,9640,9703,9817,9461,9666,9115,9645,9701,9667,9459
9772,9773,9985,10033,9837,9922,9270,9567,9263,9560,9921,9887
9669,99,94,91,96,87,93,97,88,9766,9765,85
9528,9796,9797,10340,9513,9969,9529,10082,9970,10165,9530,9917
9459,9646,9511,9667,9644,9458,9702,9513,9528,9462,9700,9796
9644,9511,9702,9528,9796,9700,9513,9458,9969,10340,9797,9529
9900,9650,9652,9651,9751,10032,119,9653,118,116,9920,9901
9553,9679,9650,9690,9647,9653,9677,9651,9649,9726,9652,9678
9750,9647,9900,9751,9652,9901,9650,10032,9920,9651,119,10120
9653,9651,9652,9677,10048,9900,9678,118,116,119,10011,9726
116,10048,118,119,10011,9678,112,115,117,113,111,121
119,9651,118,10032,116,10002,113,10048,10011,112,10120,9678
9678,9651,10048,121,117,116,9652,122,118,115,10011,119
9857,9834,9655,10013,9856,9912,9855,9851,9939,9850,9859,9841
9856,9857,9850,9852,9855,9859,9858,10013,9888,9889,9948,9939
9851,9655,9852,9850,9654,9856,9857,9888,9800,9834,9858,9889
9632,9745,9658,9633,9601,9725,9746,9743,9558,9704,9559,9744
9633,9725,9704,9743,9558,9631,9782,9741,10278,9822,9555,9744
9601,9632,9657,9588,9658,9558,9559,9633,9774,9745,9602,9556
9120,9090,9089,843,9306,9198,840,9043,10228,838,8908,8909
9564,9713,9712,9711,9739,9566,9847,9790,9639,9681,9774,9778
9967,9664,9571,9988,10202,9844,10090,9368,9845,9573,10037,9894
9572,9367,9941,9662,9370,9571,9368,9664,9988,9967,9989,9344
10202,9844,9845,9573,9894,10090,9840,9803,9962,9607,9369,9895
9367,9370,9663,9572,9355,9368,9344,9662,9941,9571,9432,9727
9701,9667,9703,10144,9645,9646,9997,9700,9702,9918,9459,9644
10144,9702,9700,9646,9644,9918,9969,9796,9917,9511,10066,9528
9643,9669,9764,93,99,94,91,9811,9766,9336,87,88
93,91,94,87,88,9766,9765,85,9936,9812,82,90
9349,9350,8871,9054,9243,9626,9351,8869,8980,9627,9055,9280
9684,9673,9685,9597,537,9554,9731,535,9730,9854,9258,9853
9597,9671,539,9673,9258,9684,9554,9685,537,9730,9449,9204
9730,9685,9554,9731,9719,9495,9854,9740,9449,9767,9853,9748
7945,8529,7946,8192,9144,8193,8105,8223,8528,8224,8056,8114
9688,9544,9362,918,9361,9624,916,9086,9312,9514,9363,914
9779,9815,9675,9688,920,9795,9544,9624,9362,918,9361,9527
9678,122,9653,121,126,117,10048,9651,115,116,10011,111
121,117,10048,115,116,10011,111,112,118,119,108,113
9653,9677,9650,9726,9678,9651,122,121,10048,9647,126,117
9682,9659,9681,9601,9433,9657,9847,9588,9632,9559,9602,9774
9847,9659,9657,9682,9774,9632,9601,9745,9658,9790,9433,9588
9588,9601,9659,9602,9559,9632,9657,9556,9558,9246,9633,9248
9707,9615,9981,9982,9699,9211,9724,9617,9710,9636,9446,9127
9685,535,9854,9853,9673,534,9731,9924,9730,9767,532,9554
9854,9731,9853,9730,534,9924,9767,9740,9554,9719,532,9923
539,9672,9671,9684,537,9597,9685,9673,9259,535,9258,9554
9018,8861,9113,9316,10308,9112,8862,9059,9150,8650,8338,9315
9361,9362,9624,9514,9312,9363,9086,916,9163,9510,8920,9487
9715,9648,9690,9679,9929,9915,9726,9677,9553,9650,9653,126
9726,9679,9915,9677,126,122,9653,9916,9678,125,121,9650
9310,9467,9831,9439,9046,9048,9832,9466,9629,9294,9920,9293
9693,9901,9831,9750,9222,9691,9751,9920,9649,9467,9832,9311
9691,9831,9901,9467,9311,9310,9920,9832,9750,9751,9439,9629
9696,9288,9087,9635,9695,9340,9088,9119,9706,9634,9775,8977
9775,9635,9697,9758,9634,9965,9340,9777,10106,9288,9896,9341
9635,9695,9288,9340,9634,9775,9697,9119,9341,9088,9965,9758
9777,9965,10106,9634,9776,9983,9814,9340,9897,9341,9862,9982
9442,9319,9477,9512,9444,9232,9530,8947,9513,9478,9441,10340
9636,9446,9710,9266,9269,9708,9709,9375,9445,9267,9753,9239
9702,9917,9969,9796,10010,10009,9644,10055,10008,10165,9797,482
10144,9997,9667,9918,9700,10066,9702,9646,10055,10056,9645,9917
9644,9796,9969,9528,9917,9797,10010,10165,10340,9970,9513,10082
9645,9646,9667,9459,9701,9702,9644,9511,10144,9700,9458,9997
10278,9631,9782,9822,9741,9785,9828,9705,9780,9821,10280,9742
9762,9761,9821,9828,9622,9906,9763,9829,9827,9785,10280,9610
9775,9695,9759,9758,9696,9697,9635,9896,10106,10040,9777,9634
9981,9724,9615,9710,9699,9636,9880,9753,9617,9211,9708,9446
9723,9754,9709,9757,9756,9872,9798,9445,9791,9375,9755,9799
9445,9754,9791,9375,9872,9805,9798,9804,9757,9736,9376,9885
9708,9636,9753,9723,9754,9709,9446,9756,9757,9872,9445,9798
9847,9790,9774,9681,9657,9746,9639,9801,9745,9659,9680,9800
9711,9847,9681,9713,9774,9680,9790,9657,9659,9289,9745,9639
9711,9790,9639,9801,9774,9847,9746,9581,9820,9681,9800,9745
9788,9925,9503,883,9984,9638,9637,9720,881,9504,9409,9438
9929,9690,9915,9726,9916,9679,126,9677,125,9648,128,122
9715,9718,9689,9929,9406,9690,10015,9963,9915,9648,9679,9916
9716,9406,9689,9715,9552,9648,9718,9690,9679,9929,9553,9373
9929,10015,9715,9916,9915,134,9689,129,9690,128,9726,125
9740,9748,9501,9500,9749,9498,9767,9810,9454,9452,9347,9835
9925,9550,9638,9728,9549,9788,9547,9637,9548,9721,9110,9984
9279,9280,9548,9732,9550,8734,9242,9549,9055,9108,8689,9110
9728,9720,9550,9721,9638,9549,9548,9925,9279,9280,9547,9788
9757,9754,9798,9755,9709,9872,9799,9885,9866,9791,9445,9884
9710,9981,9753,9636,9708,9865,9699,9723,9756,9446,9754,9709
9741,9782,9704,10278,9742,9780,9785,9631,9822,9783,9828,9781
126,9677,122,125,121,9678,124,9653,117,10048,115,9651
9369,9343,9414,9573,9415,9388,9607,9571,9582,9583,9565,9845
9721,9550,9548,9279,9549,9280,9638,9732,9110,8734,9108,9547
9938,9933,9966,9404,9407,9934,9717,9337,9405,9953,9406,9716
9719,9495,9731,9740,9501,9500,9748,9496,9767,9749,9347,9498
9740,9719,9767,9748,9749,9924,9495,9501,9923,9835,9810,532
8689,8734,8692,8690,8735,9108,8478,8691,8278,8279,8688,8894
8988,9081,8622,9082,8537,9142,8989,8539,8623,9023,9022,8534
9703,9461,9645,9666,9459,9646,9667,9330,9701,9511,9702,10144
9666,9734,9703,9701,9667,9461,9645,9996,9646,10144,9997,9459
9737,9932,9830,9793,9620,9738,9957,9769,9794,9402,9931,9975
9620,9830,9738,9769,9932,9402,9429,9794,9793,9401,10076,9768
9769,9401,10076,9768,9794,9364,9403,9338,9793,9339,9729,9931
9712,9778,9681,9680,9847,9711,9289,9659,9657,9713,9682,9774
9748,9749,9810,9501,9835,9498,9923,9809,9454,9747,9868,9500
9782,9780,9783,9785,10278,9781,9823,9824,9825,9836,9828,9822
9741,9783,9781,9780,9782,9836,9823,9889,9785,9825,10278,9824
9725,9741,9742,9784,9782,9704,9781,9783,9780,9888,9633,10278
9784,9743,9742,9781,9741,9888,9725,9783,9782,9889,9780,9836
9743,9658,9725,9744,9741,9633,9704,9742,9782,9800,9784,10278
9744,9743,9745,9800,9784,9725,9742,9741,9658,9888,9852,9781
9808,9499,9837,9870,9807,9773,9867,9642,9922,9921,9878,9772
9810,9498,9749,9454,9747,9809,9835,9499,9452,9453,9808,9868
9810,9835,9809,9498,9868,9747,9869,9870,521,9808,9454,518
9751,9901,9900,9920,9647,10032,9831,9652,10120,9832,9650,119
9920,10032,10120,9832,9831,9652,10002,119,9802,9935,9629,113
9474,9325,9079,9475,549,9257,9324,8791,543,9849,8506,9259
9723,9756,9708,9757,9754,9636,9864,9755,9709,9798,9872,9866
9798,9872,9757,9791,9885,9445,9799,9804,9755,9805,9882,9736
9884,9799,10128,9798,9883,10057,10153,9885,10063,9882,9872,9908
9723,9757,9755,9866,9754,9798,9799,9891,9884,10064,10128,9872
9798,9755,9799,9872,9885,9884,9883,9882,9804,10128,9791,10057
10106,9896,9697,9777,9897,10107,9983,9965,9776,9635,9634,9861
9758,9775,9896,10040,10106,9695,9697,10107,9897,9777,10080,9983
9907,9759,10040,9706,10039,9896,9775,9758,10107,10080,9611,9695
9906,9763,9821,9907,9827,9613,9760,10039,9829,9612,10040,10280
9761,9622,9763,9610,9821,9906,9613,9907,9760,9828,9914,9827
9760,9907,9906,9612,10039,10040,9759,9827,9596,9706,9896,10080
9811,9766,9669,93,9643,91,88,9765,9936,98,94,87
88,9812,85,82,84,80,87,89,9273,83,81,9180
9765,9936,93,88,9812,85,90,91,82,84,87,80
9740,9923,9749,9835,529,9748,9868,9810,521,9809,9869,9498
9729,9403,9930,9938,9933,9338,9966,9404,9973,9407,9337,9339
9794,9768,9401,9403,10076,9931,9930,9729,9338,9938,9975,9973
9595,9694,9771,9696,9611,9288,9087,9695,9635,9706,8976,9088
9694,9087,9288,9088,9696,8977,9611,9340,9119,9635,9033,9695
9985,9567,10033,9922,9263,9887,9265,9560,9952,9921,9091,9093
9922,9772,10033,9921,9567,9952,9807,9985,9887,9968,9265,9263
9745,9746,9657,9743,9801,9658,9744,9725,9632,9800,9784,9633
9758,9697,10106,9896,9777,9635,9965,9634,9897,9983,10107,9776
9982,9862,9814,9861,9707,9880,9724,9683,9893,9616,9981,9971
9965,9776,9983,9862,9861,9814,9982,10001,9893,9707,9880,9683
9680,9681,9289,9712,9682,9659,9847,9433,9657,9601,9711,9588
9815,9795,9624,9675,9527,9688,9625,9361,9514,920,9544,9362
9785,9824,9823,9825,10280,9875,9873,9828,9874,10101,9911,9829
9836,9783,9889,9926,9823,9780,9911,9858,10100,9875,9825,9959
10278,9785,9780,9828,9822,10280,9824,9783,9825,9823,9829,9821
9823,9836,9780,9825,9911,9875,9926,9824,9785,9874,9959,9873
9781,9742,9783,9889,9836,9741,9780,9823,9725,9926,9782,9858
10280,9824,9828,9829,9825,10101,9821,9873,9823,10279,9827,10255
9536,9871,9569,66,72,67,9440,63,74,9421,9534,57
9789,9722,9720,9925,9806,9550,9627,9728,9638,9714,9721,886
9984,9637,9638,9409,9504,9547,9345,9549,9410,8972,9438,9450
9806,9720,9925,9714,9722,9638,9788,9550,884,9728,9549,9637
9801,9774,9746,9800,9745,9744,9820,9657,9743,9784,9852,9658
9804,9736,9932,9885,9447,9737,9830,9957,9793,9377,9799,9620
9578,9557,9521,9762,9610,9622,9705,9524,9594,9761,9631,9613
9931,9794,9975,9769,9910,9973,9930,9768,9974,9909,9729,10117
9931,9768,9930,9729,9973,9401,9403,9966,9974,9933,9938,10076
9624,9625,9815,9514,9688,9468,9485,9361,9675,9618,9510,9469
9797,10165,9970,10082,10010,9529,10003,10020,10025,10007,10008,10138
10082,9970,9529,10165,10003,10007,10020,10010,10004,9577,10138,10025
9885,9872,9799,9804,9882,9791,9883,9957,9884,9932,9736,9908
9883,9885,9882,9908,10057,9957,9804,9909,10153,9910,10058,10159
9784,9852,9744,9888,9781,9743,9742,9850,9889,9783,9741,9836
9800,9746,9852,9744,9784,9888,9851,9743,9745,9656,9742,9781
9881,9630,9935,9764,103,9811,9668,9507,106,109,113,9628
9833,9840,9605,9842,9583,9912,9834,9654,9895,9606,9841,9913
9932,9736,9957,9793,9830,9882,9737,9975,9910,9794,9931,9769
9791,9447,9736,9737,9377,9804,9620,9932,9621,9830,9738,9448
9925,9714,9788,884,9720,9503,9638,883,9984,9637,9722,9550
9921,9876,9922,9879,9968,9952,9943,9899,9919,10033,10062,9951
9807,9867,9837,9878,9921,9876,9879,9922,9877,9773,514,9968
9870,9808,9869,9747,9878,9867,518,9837,9807,516,9499,9877
9498,9747,9809,9808,9499,9454,9870,9837,9869,9453,9807,9867
9766,98,9936,9765,93,88,90,9669,9812,85,91,84
84,82,85,80,83,9273,81,78,9181,76,9502,74
9320,9285,8962,9321,8985,9587,9524,8769,8961,9322,8986,9283
9683,9707,9616,9982,9615,9981,9724,9862,9212,9699,9880,9211
9688,9624,9675,9361,9362,9514,9625,9544,9363,918,9312,9086
7967,7966,8316,7240,7956,7959,8489,8944,7965,609,8877,7239
9735,9666,9701,9996,9997,9734,9703,10144,9667,10213,10066,9645
9115,9640,9117,9461,9734,9330,9641,9332,9645,9331,9459,9735
9735,9641,9817,9955,9734,9666,9640,9701,9703,9996,10042,9461
9852,9851,9656,9801,9800,9888,9850,9655,9784,9746,9744,9889
9906,9829,9827,10280,9763,10039,9907,10255,10101,10087,9824,9760
9828,9705,9821,9785,9761,10280,9829,9762,9906,9827,9824,9780
9875,9825,9911,9874,9824,9958,9873,9995,9959,10285,10280,10026
10280,9825,9873,10101,10279,9829,9874,9875,10084,10285,10094,10255
9875,9873,9874,10285,10084,10101,9958,10279,10026,10027,9995,9829
9692,9750,9901,9649,9693,9751,9831,9920,9900,9647,9222,9691
10039,10255,10087,9907,10080,10094,10040,10216,10211,9760,10279,10107
10280,9821,9829,9824,10101,9827,9761,9906,10255,9873,9825,10279
9827,10101,10255,9906,10087,10094,10039,10279,9873,9907,10216,10084
9769,9794,9793,9738,9768,9931,9401,9975,9402,9930,10076,9729
9832,9467,9920,9629,10120,9466,9310,9439,9802,10032,9630,9293
9629,10120,9802,9466,9630,9935,9507,9881,9439,10002,9293,9668
9912,9842,9834,9841,9654,9939,9913,10013,9857,9606,10214,9961
9857,10013,9939,9841,9855,9655,10214,9856,10012,10131,9859,9948
9868,9809,9869,9810,518,9870,9747,9808,9878,516,9498,9867
9926,9823,9911,9875,9959,10100,9780,9825,9995,9958,9949,9874
9807,9922,9773,9921,9867,10033,9876,9952,9772,9968,9879,9567
9126,9156,9305,9390,9098,9218,9217,9159,9389,9846,9599,9158
8891,8634,8636,8890,8932,8605,8879,8635,8604,9491,9231,9489
9842,9833,9895,9912,9960,9605,9841,9913,9961,9834,9654,9939
10214,9939,10114,10131,10013,9998,10265,10012,9857,10215,10071,9855
9912,9841,9913,9834,9961,10214,9939,9998,10114,10013,9654,10265
9627,9722,9787,9728,9720,9351,9789,9721,9550,888,9349,9925
9840,9894,9803,9895,9962,9842,9833,9960,9607,10041,9605,9961
9844,9803,9840,9607,9833,9894,9605,9842,9895,9583,9912,9962
9036,9217,9304,9505,9599,9037,9305,9506,9600,9389,9386,9390
9774,9657,9659,9790,9745,9746,9632,9658,9682,9801,9601,9743
8759,8761,8766,8088,8641,8764,8762,8614,9035,8918,8640,8087
9686,541,9672,539,9671,9259,9597,9684,537,9673,9258,9685
9856,9888,9858,9889,9859,9926,9781,9784,10100,9855,9860,9836
9852,9850,9655,9888,9856,9800,9889,9858,9857,9784,9859,9781
9888,9850,9784,9889,9781,9744,9856,9858,9742,9836,9926,9743
534,9854,532,9924,9767,529,9731,9923,9740,521,9835,9730
9924,9767,9731,532,9740,9923,529,9730,9749,9719,9835,9748
9859,9948,10012,9860,9858,10060,10061,10131,10129,10100,9949,10059
9859,9855,9858,9948,9860,9889,10100,10012,9926,10060,9949,10061
10013,9855,9856,9859,9939,10012,9948,9850,9858,9860,10131,10214
10100,9926,9860,9949,9959,9948,9836,10060,10059,9911,9995,9994
9860,9948,9858,10100,10060,9949,10061,10059,9926,9959,10219,10129
10100,10060,9949,10059,9959,10219,10061,9994,10091,9995,10217,9911
9893,9862,9972,9880,9971,9982,9905,9865,9892,9724,10086,9707
9982,9880,9893,9971,9724,9707,9972,9865,9753,9905,9892,9710
8169,8079,8132,8561,7262,7214,8081,7196,8401,7263,7195,6990
9891,9866,9756,9755,10064,9757,10128,9723,9902,9884,10063,9799
9756,9753,9864,9723,9755,9890,9710,9891,9757,9866,9708,9754
10128,9755,9884,10063,10153,9757,9799,9883,10057,10065,10159,10089
9807,9879,9876,9877,9921,9919,9899,9968,9922,513,9943,9898
9869,518,9809,9870,516,9878,9810,9808,9867,9877,9747,514
9870,9878,516,9808,9867,9877,514,9747,9879,9807,9919,9837
9878,9808,9867,516,9807,9877,9879,9837,514,9876,9919,9921
72,67,9536,66,63,9440,9534,57,9476,9425,9473,50
9791,9804,9885,9736,9932,9799,9805,9957,9882,9793,9830,9883
10084,10279,10285,10101,10027,10094,10332,10026,10255,10095,10085,10083
10285,9958,9873,10026,10084,10027,10279,10085,10147,10092,10103,10332
9874,9958,9995,10285,9873,10026,10092,10084,10147,10027,9994,10279
9943,9968,9899,10062,9952,9946,9927,9942,9898,9951,511,10033
9879,9919,513,9876,9899,9898,511,9807,9943,9927,9921,509
9877,9867,9879,514,9919,9807,9876,513,9899,9837,9921,9898
9919,9876,9899,9898,9943,9921,511,9927,9968,9942,10062,9928
9971,9724,9865,9753,9710,9892,9756,9905,9981,9723,9864,9708
103,9811,9764,106,9766,98,9668,9936,9669,93,9765,9628
9909,9908,9957,9910,9975,10117,10014,10058,9932,9793,9974,9931
9908,10057,9882,10058,9909,10159,10014,9910,9957,10251,10122,10117
9883,10057,9799,10153,10159,9908,10058,9882,10151,10251,9885,10089
9804,9882,9957,9932,9883,9910,9793,9909,9908,9736,9975,9830
9950,9417,9416,9399,10052,9987,9540,9542,9956,9946,9040,10053
9265,9886,9417,9951,9093,9399,9950,9416,10062,9540,9040,10052
9784,9889,9781,9836,9742,9858,9926,9783,9856,10100,9823,9741
9926,9858,9836,10100,9783,9911,9959,9859,9823,9860,9949,9995
9891,9902,9864,10064,9866,9977,10063,9979,10065,10128,9756,9755
10064,9866,9902,10128,10063,9755,10065,9884,9979,10153,10089,9757
9864,9865,9890,9891,9756,9866,9753,9904,10064,9755,9902,9723
9971,9905,9880,9892,9865,10086,9903,9724,9890,9753,9864,9756
9895,9960,9840,10041,9842,9961,9803,9999,9913,9833,9841,9998
9842,9961,9913,9841,9998,9833,9912,9999,10000,10214,10114,9834
10107,10106,9897,9983,10031,9777,9697,10001,10211,9861,9965,9776
10001,9983,9861,9777,10030,9972,9862,9893,9776,10081,9965,10086
9927,9928,509,9899,507,9944,9942,9943,505,9946,9945,503
9927,9943,9942,9928,9946,9968,9944,10062,509,507,9947,9945
9751,9652,10032,9920,119,10120,9651,10002,118,113,9935,116
9831,9751,9920,9832,9900,9691,10120,9467,10032,9629,9802,9310
10064,10065,9979,10063,10068,10128,9866,10089,9991,10153,10069,9884
9904,9890,9892,9902,9891,9977,9976,9864,10064,9979,9865,9993
9977,9902,9890,9979,9891,9991,10065,10064,10063,9990,10068,9864
9892,9903,9971,9890,9865,9978,9864,9904,9891,9902,9756,9753
9907,9827,10039,9760,10040,10087,10255,10080,9759,9612,10107,10101
10039,10040,9759,10080,9896,10087,10107,9758,9706,9775,10255,10211
9909,10058,10014,9910,10117,10122,10251,10121,10116,9975,9974,10450
9910,10117,10014,9975,9974,10116,10122,10121,10096,9973,9931,10118
9975,10117,9974,9931,10014,9973,10096,10116,9794,9930,9953,10121
9875,9995,9958,9874,10092,9825,9994,10026,10147,10285,9873,10059
9841,9834,9939,10013,10214,9913,9857,10131,10012,9855,10265,10114
9841,9998,10214,10114,10265,9939,10071,10131,10176,9834,10111,10215
9596,9613,9584,9612,9595,9611,9706,9770,9760,9763,9586,9694
9726,126,125,124,122,128,9677,9679,121,9678,9653,117
128,9915,124,125,126,9726,122,9677,121,9679,9678,9653
10009,10010,9969,10008,472,475,10025,10165,9796,468,466,9797
10055,9700,9917,10009,482,484,475,9969,10008,9702,10010,472
9898,9899,511,9876,9927,509,9943,9928,9942,507,9944,9968
10120,9832,10032,9802,9629,9467,9935,10002,9466,119,9881,9630
9968,9876,9952,10033,9943,9951,10062,9887,9899,9886,9946,9567
9921,10033,9952,9968,9887,9567,9876,9951,9886,10062,9265,9943
9835,9868,521,9749,9869,518,9809,9810,9870,9748,516,9878
9923,9767,529,9835,521,9868,9740,9749,518,9748,9809,9869
9788,9638,9637,9550,9984,9503,9549,9547,9409,9728,9345,9504
10100,9959,9911,9949,9995,9860,9823,9875,9994,10059,9958,10092
9928,9942,9944,507,505,9945,9946,503,9947,10062,500,10047
507,9944,505,9942,503,9945,500,9946,9947,10047,10062,498
9915,9916,129,9690,128,9726,125,126,124,122,9677,9679
9729,9966,9933,9938,9403,9953,9934,9407,9404,9717,10096,9964
9973,9930,9974,9768,9966,9729,9953,9933,10117,10096,9401,9403
9793,9830,9957,9794,9975,9931,9769,9910,9738,9768,9930,9973
9934,9407,9717,9716,9406,9964,9405,9689,10016,9337,9718,9552
9964,9716,9717,10016,9718,9407,9715,9689,9406,9963,9929,10017
9881,106,109,103,9811,9630,9764,98,9766,9668,112,9936
9765,9812,90,84,85,88,82,80,91,87,94,89
9268,9192,9174,9267,9448,9377,9376,9177,9189,9176,9375,9621
9407,9404,9933,9717,9405,9337,9406,9934,9552,9716,9299,9373
10013,10214,10131,10012,9855,10265,10215,10114,10129,9948,9856,9859
9941,9989,10004,9663,9988,9662,10005,10006,10020,9967,9665,9572
9662,9988,9967,9572,10005,9367,9664,9571,10037,10006,10090,10202
9946,9944,9947,9945,10052,503,505,10047,500,10053,10038,498
10062,9946,9942,9927,9951,10052,9947,9944,9928,9945,9950,10053
9945,505,503,500,9947,10047,498,10038,10052,10053,10054,496
10047,503,500,498,10038,10053,10054,10043,496,494,10170,9987
9947,10052,9945,10053,9944,9950,10047,9987,10043,503,500,10038
9945,10053,10047,10043,10038,500,9987,10054,498,503,9986,496
10060,9860,10061,10059,10219,10129,9949,10100,10130,10217,10218,9959
10059,9959,9994,9995,10091,10219,9911,10092,10093,9958,10195,10194
9987,10052,9416,9956,10053,9542,9540,9947,9399,9986,9541,10043
9950,9886,10052,9946,9987,9416,9417,9947,10053,9942,9956,9542
9951,9968,9887,9886,10062,9950,9417,9265,9943,10052,9946,9416
10119,10016,9934,9964,10017,9933,9963,9716,9718,9717,153,160
9819,9955,9817,10042,9641,9735,9996,10029,9666,10028,9701,9734
10042,9817,9996,10028,9701,9735,10213,9666,10044,9997,9641,10067
9954,9541,9986,9819,9955,9397,9641,10043,10042,9817,9427,9735
9793,9910,9975,9909,9931,9830,9794,9974,9908,10117,9973,9769
10092,10026,10147,10285,10103,10093,10085,10027,9873,10149,10084,10091
9995,9911,9994,10059,10092,9958,9875,10091,10093,10147,10219,9874
9961,9895,9999,10000,9913,9998,9842,10072,10137,9841,10071,10070
9998,10000,9913,10072,10071,10114,9841,10070,10214,9912,10176,10265
10041,9960,9894,10115,9895,9999,9961,9840,10221,10000,9842,9913
10019,141,10015,9718,134,9929,129,9916,9715,128,9915,124
9718,9716,9963,10015,9715,9717,9929,10019,141,134,9689,153
9776,9814,9982,9983,9341,9862,9683,9707,9616,9861,9724,9880
9934,9933,9953,9964,9938,9717,10016,10119,9716,9407,9718,9404
10202,9664,10090,9844,10037,9894,9571,9962,9845,10034,9840,9573
10062,9943,9951,9946,10052,9886,9942,9950,9887,9947,9927,9987
9796,10010,10165,9797,10008,9970,10025,10082,10138,472,468,10020
10003,10020,10004,10138,10007,10025,10023,10006,9989,9940,458,450
9892,9865,9864,9753,9890,9756,9903,9724,9891,9723,9710,9866
9905,10086,9893,9971,9903,9892,10075,9978,9890,9880,9865,9904
9966,9930,9953,10096,9933,9729,9934,10119,10016,9964,10018,9938
9973,10096,9953,10116,10119,9966,9930,10018,10016,10118,9934,10017
9931,9974,9973,9794,10117,9930,10096,9966,9953,9768,10116,9729
9977,9990,9904,9991,9979,9902,10051,10049,10068,10065,9890,10069
9979,9991,9902,10065,10068,10069,10063,10064,9891,10049,10089,10088
9903,9904,9976,9977,9993,9890,9902,9979,9990,9991,9892,9891
10065,10068,10069,10063,10089,10064,10088,10049,10207,10128,10152,10153
9649,9826,9551,9750,9901,9647,9900,9692,9751,9553,9920,9693
9699,9710,9636,9708,9446,9753,9617,9709,9723,9266,9754,9375
9707,9724,9880,9981,9710,9753,9893,9615,9971,9865,9699,9636
9861,9862,9776,10001,9893,9982,9972,9880,9971,9814,10030,9724
9409,9504,9637,9410,9345,9438,8972,9450,9547,9400,9408,8970
9567,9560,9263,9265,10033,9091,9264,9887,9093,9922,9041,8618
9955,10042,9954,10029,10054,10028,9817,9819,9996,10170,9541,496
9956,10053,9986,9542,9954,10043,9541,9955,10047,10042,10054,10029
9967,10037,10090,10202,9664,10022,10034,9962,9844,9894,9571,10036
10005,9941,9988,10006,10037,9967,9662,10022,10021,10023,10090,10202
10051,9991,10049,9977,10110,10270,10069,9979,10068,10209,10465,10231
9979,10069,10068,10049,10065,10209,10207,10088,10110,10089,10063,10231
9978,9993,9976,9904,9903,9990,9977,10050,9991,9979,9890,10051
10050,9976,9990,10051,9991,9977,10102,9904,10049,10270,9979,10110
10092,10091,10093,9958,10147,10194,10150,10195,10149,10148,10026,10294
10092,9958,9994,10147,10093,9874,10026,10091,10285,10149,10103,10150
10213,9997,9701,9666,10144,10066,10067,10056,9918,9667,491,486
10066,10144,9918,10056,10055,9700,9667,484,486,10009,9917,482
10114,10071,10214,10176,10070,10265,10111,10112,10113,10131,10179,9939
10072,10000,10137,9961,9998,10070,10168,10145,10071,9913,10179,10333
9998,10071,10070,10114,9913,10176,10179,10168,10112,10214,10229,10265
9861,9972,10030,9893,9862,9905,10086,9971,9776,10157,9880,9892
113,9935,109,106,9881,9802,103,10011,112,9811,108,98
10004,10020,9989,10006,9940,10023,10138,10005,10021,9941,450,9576
9989,10006,10005,10023,10021,9988,9941,10022,10037,445,450,458
10037,9988,10022,10021,10090,10034,9967,10036,10035,9662,10202,9962
10005,10021,10022,445,10037,9988,10035,441,10036,10034,10090,436
9940,10003,10004,9989,9576,9941,10020,10006,10005,9988,10023,9575
472,468,10025,466,10165,458,10138,9970,450,10020,10023,10003
475,10008,472,10010,468,9969,10025,466,10165,9796,458,10138
10008,10025,10165,468,466,472,10138,9970,458,10020,10082,10003
112,111,115,108,113,109,106,9935,103,98,9881,9811
9948,10129,10061,10215,9859,10060,10130,9860,10218,10222,10219,10217
9855,10012,10131,9948,9856,9859,10129,10061,10265,10215,9860,10060
10117,10121,10116,10118,10292,10096,10146,9974,10018,9975,10123,10119
9929,129,9916,128,9915,9715,124,125,126,9726,9690,122
9964,10017,9963,9718,153,141,10019,9716,10015,134,9929,9715
153,9963,141,10019,9964,134,10015,9718,156,129,9929,9716
10119,160,10017,153,162,10123,10016,9953,161,9963,141,10019
134,10015,129,9718,9929,128,9916,124,9715,9915,125,126
10138,10023,10004,10006,450,10021,445,458,9989,10005,441,10022
10022,10035,441,10036,10037,436,10045,10034,10046,440,10115,9988
10037,10036,10035,10034,10090,10115,10046,9962,10041,10045,10221,9967
445,10021,450,10006,441,10035,10022,10005,436,440,10045,10036
9358,9574,9486,9515,8827,8828,8887,9482,9516,9618,8649,8611
466,10138,458,450,10020,10023,445,10003,441,440,444,436
10085,10027,10103,10147,10104,10149,10083,10332,10105,10099,10155,10161
10085,10332,10083,10104,10103,10161,10095,10099,10097,10105,10166,10155
10044,10213,9996,10067,491,9997,10056,9817,488,10066,9701,486
10042,10170,10028,10044,494,9955,493,9996,10213,10067,491,9817
9972,10157,10086,10075,9905,9893,9861,9903,10073,9978,9971,9992
10081,9897,10030,10001,10158,9972,10157,9983,9861,10086,9893,10079
10120,10002,119,9935,113,118,9802,9832,109,116,9881,106
9567,9887,9952,9265,9886,9263,9417,9968,9951,9093,10062,9950
9962,10041,10115,9960,10221,10046,9894,9999,10137,10140,9961,9895
10036,10045,10046,10115,10034,10143,10142,10221,10140,10041,10236,10090
10115,10046,10034,10221,10041,10140,9962,10143,9999,10137,9960,10145
10090,10034,9962,10036,10202,10041,10115,10035,9894,9664,9960,9844
10054,496,10043,494,10170,10029,493,9986,10044,10042,10028,491
10087,10040,10080,10107,10211,9896,10216,9759,10031,10094,9897,10081
9896,10107,10080,9758,9897,10087,10106,10211,10031,9775,9697,9983
9960,9999,10221,9961,10137,9895,10000,10072,10140,9998,9913,10145
10028,9996,10044,9817,10213,10067,9701,9997,493,491,9666,10056
10054,9986,10029,496,10170,10042,494,9955,10028,10044,9954,493
10067,491,10213,488,10056,9996,486,10066,9997,484,9701,10055
10142,10143,10046,10036,10236,10140,10237,10141,10221,10115,423,10145
10140,10221,10143,10115,10137,10145,10141,10041,10236,9999,10333,10072
10038,498,10054,10043,496,10029,10170,494,9986,10042,493,10044
116,115,117,10011,112,118,111,119,108,113,10002,109
10209,10069,10231,10207,10230,10068,10208,10088,10126,10246,10245,10242
10102,10051,9990,10270,9976,10110,10049,10109,9991,10465,10125,9977
10270,10110,10049,10465,9991,10231,10464,10209,10069,10126,9977,10246
9947,10053,9987,10047,9416,10043,9956,9945,9986,10054,10038,9542
10043,10047,9986,10054,10038,9956,10029,498,496,10042,9954,9955
496,10029,10170,494,10042,493,10044,10028,9955,491,10067,9996
482,10009,475,9917,472,10008,10010,9969,468,10025,466,10165
486,10066,484,10055,482,9918,10009,10144,475,9917,9700,472
10159,10058,9908,10251,10151,10122,10014,9882,9909,10450,10241,10152
10122,10014,9909,10450,10121,10292,10117,10241,10116,9910,10146,10352
10219,9994,10091,10195,10217,10194,9995,10092,10093,10150,10234,10294
10059,10219,9949,10217,10130,10091,10195,9994,9959,10194,10220,10218
10130,10060,10217,10219,10218,10059,10220,10195,9949,10234,10091,10232
9946,9951,10052,9942,9950,9947,9886,10053,9987,9945,9944,9416
10128,10089,10153,10151,9884,10159,10152,10057,10088,10251,10069,9883
10063,10128,9866,10065,10153,9884,10089,9755,10068,10057,10159,10151
10063,10068,10089,10088,10128,10153,10069,10152,10151,10207,10159,9884
10055,484,9918,486,482,10009,475,9700,9917,472,10008,9969
488,10056,10213,486,10066,484,9997,10055,482,9918,9701,10144
10069,10088,10089,10207,10063,10152,10209,10242,10151,10297,10208,10153
10207,10209,10088,10208,10242,10089,10230,10231,10152,10297,10263,10264
10179,10071,10112,10229,10176,10178,10114,10113,10191,10180,10177,10111
10176,10114,10112,10179,10113,10111,10265,10214,10180,10178,10215,10244
10000,10070,10168,10179,10071,9998,10229,10112,10169,10176,10178,10114
10075,10074,9992,9978,10078,10086,9993,10077,9976,9903,9904,10050
10077,9992,9993,10050,10098,9976,9978,9990,10102,10086,10051,9904
9978,9992,10086,9903,10074,9976,9904,9993,9905,10077,9890,9977
9401,9339,9338,9403,9244,9768,9296,9164,9404,9337,9729,9938
10050,9993,9992,10102,9990,10051,9976,10108,10270,9978,10109,9991
10077,10074,10098,9993,10388,10050,9992,10102,10108,10075,10135,9990
10162,10073,10157,10097,10075,10074,10078,9992,10030,10086,10077,10160
10107,10211,10031,9896,10081,10216,9897,10158,10030,10001,10106,9758
10158,10157,10030,10079,10001,10086,10073,10075,9972,10162,9861,9978
10003,9970,10007,10004,10020,9577,9940,9989,10006,10138,9576,10023
10099,10161,10104,10097,10155,10160,10162,10166,10105,10079,10078,10388
10027,10332,10094,10026,10085,10095,10083,10161,10166,10104,10103,10216
10104,10083,10099,10105,10155,10149,10097,10161,10160,10095,10154,10272
9903,9978,9905,9992,9904,9890,9892,9971,9976,9977,9993,9902
10080,10211,10216,10107,10081,10031,10095,10158,10166,9896,10332,9897
10152,10242,10297,10208,10151,10261,10241,10264,10260,10263,10230,10159
10152,10151,10088,10153,10159,10297,10241,10251,10207,10242,10057,10450
10202,9962,10034,9894,9844,10041,9960,10036,10115,9895,9840,9845
10194,10150,10093,10092,10294,10293,10148,10234,10200,10147,10149,10409
10147,10093,10149,10026,10103,10148,10150,10194,10285,10085,10105,10027
10148,10150,10147,10149,10200,10103,10201,10272,10293,10026,10105,10294
10095,10332,10216,10166,10087,10161,10027,10211,10158,10083,10081,10079
10166,10161,10158,10079,10083,10211,10081,10097,10162,10157,10099,10073
10119,10018,9953,10118,10016,10017,9966,160,9964,153,10123,9934
10162,10078,10160,10155,10074,10073,10077,10388,10098,10154,9992,9993
10077,10102,10050,10108,9993,10051,10270,10109,10125,9990,9992,10110
10097,10155,10160,10078,10388,10162,10154,10098,10135,10077,10074,10079
9949,9959,10059,9911,9994,9995,10060,10219,10092,10091,9958,9875
10279,10255,10094,10084,9827,10332,10285,10095,10087,10216,10027,10039
10270,10109,10051,10110,10465,9990,10464,10127,10049,10126,10231,10133
10085,10105,10104,10149,10155,10083,10272,10099,10154,10148,10097,10160
10099,10155,10105,10097,10154,10160,10388,10161,10272,10078,10135,10156
10154,10155,10272,10099,10156,10388,10135,10160,10201,10306,10421,10097
9777,9983,9897,9965,9776,9861,10001,9862,10031,9634,9893,9982
9897,10031,10211,10106,10001,10081,9983,10030,9861,9777,10158,9972
10125,10102,10109,10270,10172,10050,10127,10051,10464,10465,10110,10174
10270,10464,10465,10127,10110,10051,10126,10133,10132,10134,10231,10185
10049,10231,10126,10209,10246,10230,10069,10245,10133,10207,10185,10208
10215,10113,10243,10222,10244,10129,10180,10218,10276,10232,10271,10130
10180,10113,10177,10244,10111,10189,10271,10243,10187,10188,10276,10206
10244,10180,10243,10271,10276,10177,10222,10232,10187,10284,10218,10283
10265,10176,10111,10215,10131,10113,10112,10222,10243,10129,10180,10244
10221,10041,9999,10137,10140,9960,10072,10145,9961,10000,9894,10168
10118,10096,10018,10146,10119,10123,160,162,10017,9953,10016,9973
9974,10116,10096,10121,10018,9973,10118,10119,9953,10146,9966,10292
10123,10018,160,162,161,10119,10017,153,156,10167,10016,141
10016,10017,9964,9963,160,153,9934,141,10019,162,9718,9716
9802,9935,10002,9629,9881,9630,113,106,109,103,9466,118
10146,10116,10118,10123,10164,10018,10096,162,160,161,10119,9974
10121,10292,10014,10146,10116,10352,10118,10164,10117,10123,10018,10096
162,161,160,156,10167,153,10124,150,10017,10139,10119,149
149,150,156,148,152,151,153,137,139,141,10019,144
10109,10127,10464,10102,10132,10270,10465,10133,10134,10126,10051,10173
10246,10185,10231,10245,10277,10184,10186,10230,10209,10324,10199,10286
10464,10133,10134,10465,10126,10184,10270,10269,10185,10171,10246,10110
10153,9884,10057,10159,10089,9883,10151,9799,10251,10058,9908,10152
10130,10218,10222,10061,10220,10217,10232,10243,10060,10219,10234,10195
10217,10220,10219,10232,10234,10195,10233,10059,10240,10194,10294,10091
10215,10012,10129,10111,10222,10061,10218,10130,9948,10243,10060,10113
10134,10269,10127,10133,10171,10250,10184,10464,10183,10182,10185,10126
10185,10126,10184,10246,10186,10171,10277,10181,10231,10245,10199,10197
10133,10184,10171,10185,10181,10186,10182,10126,10183,10465,10246,10197
10136,10108,10125,10098,10175,10172,10102,10109,10174,10257,10127,10077
10175,10125,10172,10108,10174,10257,10127,10109,10132,10102,10098,10223
10145,10072,10168,10333,10070,10000,10179,10169,10229,9961,10288,10071
458,10023,450,445,10006,441,10021,10004,436,440,10035,444
152,10124,148,149,150,151,156,137,10259,139,144,10298
10145,10137,10141,10333,10168,10072,9999,10288,10424,10169,10229,10070
10333,10145,10288,10424,10436,10169,10137,10168,10204,10227,398,10229
10237,10236,10143,423,419,10141,10046,10424,10140,415,10145,10036
10140,10236,10141,10145,10221,10424,10333,10137,10115,10288,419,415
9700,9918,10066,9702,9917,10055,9969,10009,9646,484,9644,482
10333,10168,10169,10288,10072,10229,10179,10070,10204,10436,10191,10000
10123,10118,10164,161,162,160,10167,10018,10330,156,10124,153
10103,10149,10085,10148,10105,10104,10027,10272,10150,10083,10201,10155
10201,10200,10272,10306,10105,10295,10296,10156,10154,10421,10461,10409
10148,10105,10272,10201,10104,10154,10200,10306,10155,10156,10099,10083
10293,10148,10200,10201,10296,10409,10149,10272,10295,10238,10306,10377
10159,10251,10241,10450,10297,10058,10122,10260,10352,10242,10292,9908
10151,10297,10241,10242,10251,10260,10159,10450,10261,10352,10264,10262
10159,10151,10057,10251,10152,10058,9883,10241,9908,10088,10450,10122
10156,10135,10388,10421,10136,10160,10108,10098,10175,10461,10125,10078
10154,10160,10388,10135,10156,10078,10098,10108,10136,10162,10077,10421
10421,10135,10136,10175,10461,10388,10108,10257,10172,10125,10174,10160
10075,10073,10086,9992,9978,9972,10074,9903,9905,10078,9993,9904
10079,10157,10073,10030,10162,10075,10086,10097,10074,9992,9972,10001
10251,10058,10122,10450,10241,9908,10014,10292,9909,10297,10121,9882
10078,10388,10098,10077,10135,10074,10108,10050,10102,9993,10073,10136
10097,10079,10162,10158,10099,10073,10078,10160,10157,10074,10081,10155
10073,10078,10074,10160,10077,9992,10157,10075,9993,10098,10050,9978
8305,8245,8243,8244,8748,8713,8533,8207,8743,8491,8208,8625
10167,10123,161,162,156,10124,10118,10224,10139,160,150,10329
9970,10025,10138,10020,10003,10082,466,458,10023,10004,468,450
10158,10079,10161,10081,10162,10157,10073,10097,10030,10075,10031,10099
10124,10139,156,161,149,150,152,158,148,162,10353,160
10229,10179,10169,10070,10191,10178,10204,10112,10071,10192,10189,10227
10204,10229,10191,10192,10227,10179,10205,10178,10189,10070,10212,10190
10044,493,10028,491,10042,10067,10213,9996,9955,488,10056,486
10182,10184,10181,10186,10267,10196,10197,10185,10198,10305,10199,10126
10125,10132,10127,10109,10173,10134,10464,10269,10133,10102,10270,10465
10269,10250,10132,10134,10183,10171,10268,10127,10182,10184,10133,10266
10173,10172,10132,10269,10127,10125,10250,10134,10281,10171,10133,10183
10174,10172,10223,10125,10132,10173,10127,10256,10108,10269,10109,10134
10113,10111,10112,10265,10180,10243,10244,10215,10222,10177,10178,10131
10187,10188,10271,10244,10206,10193,10283,10299,10376,10276,10243,10284
10189,10177,10112,10180,10206,10188,10190,10113,10187,10271,10244,10193
10178,10112,10191,10189,10177,10176,10180,10192,10113,10114,10206,10205
10244,10177,10271,10187,10243,10276,10188,10283,10284,10299,10222,10206
10197,10186,10198,10196,10199,10275,10273,10305,10277,10274,10327,10287
10181,10196,10305,10198,10197,10327,10186,10325,10273,10326,10199,10185
10182,10267,10266,10171,10305,10196,10181,10325,10184,10334,10326,10327
10186,10185,10181,10197,10182,10277,10199,10246,10198,10196,10286,10275
10246,10186,10277,10199,10245,10286,10197,10181,10324,10287,10230,10303
10199,10197,10277,10286,10275,10287,10198,10324,10245,10196,10368,10382
10283,10299,10376,10319,10284,10276,10369,10375,10317,10321,10315,10248
10187,10193,10376,10299,10271,10321,10283,10369,10319,10317,10320,10284
10206,10190,10188,10177,10193,10226,10187,10376,10180,10322,10299,10321
10206,10226,10322,10193,10320,10225,10188,10323,10321,10376,10177,10364
10192,10178,10189,10205,10190,10206,10177,10112,10203,10188,10226,10322
10190,10189,10206,10203,10178,10322,10226,10193,10188,10177,10347,10225
10376,10321,10369,10299,10320,10187,10364,10373,10317,10319,10283,10363
10150,10294,10293,10093,10200,10148,10409,10238,10296,10201,10149,10147
10194,10234,10294,10091,10150,10293,10238,10233,10409,10093,10200,10148
10198,10327,10273,10197,10326,10274,10462,10360,10275,10336,10199,10335
10199,10198,10275,10287,10286,10274,10273,10368,10328,10324,10382,10327
10273,10274,10275,10328,10336,10287,10462,10368,10420,10286,10446,10360
10287,10286,10275,10324,10368,10198,10382,10328,10274,10398,10458,10303
10201,10296,10295,10306,10272,10307,10377,10461,10421,10156,10258,10438
10306,10272,10295,10461,10156,10421,10154,10307,10258,10175,10257,10377
9844,9894,9962,9840,9845,9960,9895,10034,10041,9803,9842,9961
10322,10225,10190,10323,10226,10348,10320,10206,10349,10189,347,10193
10205,10191,10192,10212,10229,10190,10203,10189,381,10178,10179,10347
10192,10203,10190,10322,10347,10189,10206,10225,10226,10178,10323,10193
10193,10226,10188,10376,10321,10320,10187,10299,10369,10323,10364,10271
10208,10242,10088,10230,10297,10264,10263,10152,10261,10303,10260,10245
10263,10242,10264,10303,10261,10304,10297,10312,10458,10262,10152,10324
10207,10230,10208,10263,10242,10245,10088,10264,10303,10246,10297,10261
10235,10142,10045,10237,10143,430,10236,10035,423,10046,419,10141
10081,10031,10158,10166,10030,10157,9897,10079,10001,10161,9972,10086
10205,10203,10347,10225,10192,10190,369,10322,10348,10191,347,10323
10056,9997,10066,488,486,9701,484,10055,9918,10144,482,10009
10265,10114,10131,10215,10111,10013,10012,10176,10129,10222,9855,10113
10222,10129,10218,10243,10130,10113,10232,10061,10220,10244,10276,10217
10211,10095,10166,10158,10081,10079,10161,10031,10157,10107,10030,10162
10195,10220,10234,10194,10294,10091,10233,10238,10150,9994,10293,10247
10130,10220,10232,10217,10233,10234,10240,10276,10219,10195,10239,10284
10217,10195,10091,10194,9994,10234,10220,10294,10150,10093,10092,9995
10234,10233,10195,10240,10238,10239,10247,10294,10194,10248,10091,10284
10137,10140,9999,10145,10072,10168,10141,10333,9960,10000,9961,10070
10218,10243,10232,10130,10220,10276,10244,10240,10061,10217,10233,10271
10256,10173,10174,10250,10132,10281,10172,10269,10268,10183,10134,10127
158,10139,10353,10167,152,10124,148,151,149,10259,156,150
10323,10322,10349,10320,10363,10365,10226,334,327,10364,10401,10206
10193,10320,10321,10376,10323,10188,10364,10363,10369,10373,10299,10349
10204,10212,10205,381,10192,10203,10191,10347,374,10190,10229,10322
8898,8909,9436,838,8897,8662,9199,833,9396,8663,8664,831
10191,10179,10178,10192,10189,10112,10205,10177,10190,10071,10206,10180
10263,10245,10208,10303,10264,10324,10304,10242,10458,10277,10261,10286
10246,10230,10209,10245,10208,10185,10303,10277,10263,10207,10324,10264
10240,10220,10233,10239,10284,10234,10248,10217,10247,10238,10283,10249
10239,10247,10234,10238,10248,10252,10249,10294,10438,10409,10254,10449
10294,10238,10194,10247,10409,10293,10239,10150,10252,10438,10296,10249
430,10237,10142,423,10236,10045,419,10143,10424,415,10035,10141
10424,10141,415,10140,10288,10436,10333,10145,398,10221,10169,10137
423,10236,419,10424,10143,415,10141,398,10140,10436,10288,10046
10409,10438,10252,10293,10362,10377,10249,10296,10449,10426,10200,10448
10247,10249,10254,10252,10238,10449,10253,10313,10438,10362,10289,10409
10239,10248,10233,10247,10249,10375,10254,10234,10238,10252,10313,10319
10450,10260,10352,10292,10122,10261,10430,10262,10330,10121,10164,10146
10297,10261,10264,10263,10260,10312,10262,10241,10304,10303,10430,10311
10244,10276,10232,10218,10271,10240,10284,10220,10130,10233,10283,10187
10271,10276,10284,10187,10232,10283,10240,10218,10188,10248,10299,10375
10303,10324,10277,10263,10286,10458,10208,10304,10199,10264,10382,10287
10245,10277,10230,10324,10186,10303,10286,10199,10263,10458,10208,10287
10252,10238,10249,10438,10449,10362,10254,10409,10253,10448,10426,10289
10239,10254,10249,10313,10247,10253,10315,10252,10449,10291,10238,10289
10449,10252,10253,10362,10289,10438,10448,10414,10290,10291,10426,10361
10268,10183,10269,10266,10171,10459,10182,10267,10134,10334,10325,10395
10450,10058,10122,10241,10292,10014,10121,10352,10260,10146,9909,10164
10362,10438,10449,10448,10426,10409,10289,10377,10253,10415,10414,10378
10290,10289,10414,10449,10302,10448,10301,10361,10362,10300,10342,10341
10313,10249,10253,10449,10291,10290,10252,10289,10414,10316,10362,10314
10094,10087,10216,10279,10039,10095,10211,10080,10332,10166,10084,10158
10281,10173,10250,10174,10268,10269,10350,10132,10183,10172,10459,10266
10223,10175,10174,10256,10173,10172,10132,10250,10281,10269,10125,10127
10257,10282,10223,10256,10175,10174,10173,10281,10351,10250,10172,10132
10298,144,139,151,146,137,145,152,148,136,10339,10337
10262,10430,10352,10450,10312,10330,10311,10329,10292,10164,10122,10224
10262,10260,10312,10430,10311,10304,10352,10309,10329,10450,10330,10367
10430,10311,10329,10309,10352,10330,10367,10331,10224,10353,10310,10366
10303,10264,10304,10458,10312,10261,10324,10309,10310,10262,10297,10286
10261,10312,10304,10262,10309,10260,10458,10311,10310,10430,10367,10241
10215,10131,10111,10222,10129,10113,10243,10012,10218,10130,10244,10112
10267,10325,10334,10305,10441,10182,10326,10196,10335,10171,10327,10358
10305,10182,10196,10325,10326,10327,10181,10273,10198,10441,10360,10335
10459,10266,10183,10334,10267,10269,10325,10182,10171,10396,10305,10441
10171,10134,10183,10182,10184,10133,10181,10267,10266,10196,10186,10464
10465,10110,10464,10126,10049,10231,10133,10246,10209,10185,9991,10230
10187,10283,10276,10284,10299,10319,10375,10240,10248,10232,10376,10317
10306,10156,10154,10421,10155,10135,10295,10461,10136,10388,10175,10099
10274,10462,10336,10275,10446,10383,10328,10420,10427,10447,10357,10454
10328,10336,10420,10446,10368,10423,10439,10454,10427,10440,10447,10398
10287,10328,10368,10274,10423,10398,10382,10420,10336,10439,10419,10399
10284,10240,10232,10283,10248,10239,10375,10233,10220,10319,10254,10247
10286,10324,10199,10287,10303,10197,10458,10382,10275,10368,10263,10198
9822,9785,9828,10280,9821,9780,9705,9824,9829,10101,9761,9825
10084,10094,10332,10095,10027,10216,10083,10166,10161,10026,10085,10087
9829,10101,9873,10255,9827,10279,9825,10094,10084,9906,10087,10285
10350,10268,10250,10459,10173,10460,10183,10266,10395,10269,10334,10397
10351,10256,10281,10223,10257,10400,10350,10250,10173,10268,10174,10460
10319,10284,10375,10317,10315,10248,10240,10313,10254,10369,10316,10239
10248,10240,10375,10319,10239,10254,10313,10315,10249,10233,10247,10317
10084,10027,10026,10279,10085,10332,10083,10103,10147,10094,10104,10095
10287,10382,10458,10368,10275,10398,10310,10399,10304,10328,10423,10419
10368,10382,10398,10328,10458,10423,10399,10274,10310,10419,10420,10439
10436,10169,10204,10227,10403,10168,10229,10191,10205,389,10192,10212
10414,10448,10361,10301,10302,10415,10426,10413,10342,10437,10300,10400
10302,10414,10300,10301,10289,10341,10342,10411,10361,10410,10413,10343
10290,10314,10300,10253,10442,10302,10414,10410,10289,10341,10411,10301
10146,10121,10164,10123,10118,10330,10116,10167,161,10430,162,160
10200,10409,10296,10148,10201,10377,10295,10438,10307,10306,10272,10252
10293,10409,10150,10238,10200,10296,10438,10247,10377,10148,10252,10201
10461,10306,10307,10258,10421,10257,10282,10156,10175,10378,10223,10256
10377,10295,10307,10201,10378,10258,10426,10306,10461,10282,10362,10272
10261,10260,10241,10262,10264,10352,10450,10430,10312,10251,10311,10292
146,145,144,139,136,10339,10337,10355,137,151,132,135
10319,10283,10317,10369,10315,10375,10370,10284,10316,10373,10313,10364
10411,10302,10410,10341,10433,10434,10342,10414,10344,10343,10301,257
10342,10413,10341,10346,10437,10343,10391,10415,10344,10345,10397,10400
10341,10301,10342,10343,10411,10413,10361,10344,10346,10433,10345,10437
10324,10458,10304,10264,10286,10310,10382,10312,10309,10261,10287,10399
10312,10309,10310,10311,10262,10366,10367,10382,10399,10260,10430,10331
10326,10327,10196,10360,10273,10335,10462,10198,10383,10357,10336,10274
10421,10461,10156,10175,10257,10154,10136,10258,10135,10307,10223,10174
10378,10258,10282,10461,10351,10257,10256,10223,10415,10281,10421,10175
9241,9059,9113,8644,9060,9018,9150,9069,9151,9112,8861,9058
10367,10366,10311,10331,10356,10399,10329,10374,10430,10338,10353,10259
10366,10309,10399,10367,10374,10398,10356,10311,10419,10331,10338,10354
10329,10367,10331,10353,10356,10366,10330,10224,10259,158,10298,10139
10262,10309,10311,10430,10367,10310,10329,10331,10366,10352,10356,10330
10291,10253,10290,10249,10314,10414,10449,10289,10300,10302,10318,10442
10442,10300,10410,10290,10372,10411,10302,10434,10341,10253,10433,10414
10313,10316,10291,10254,10314,10253,10290,10318,10442,10300,10249,10371
10314,10318,10291,10442,10313,10300,10443,10290,10372,10410,10253,10444
10315,10370,10316,10375,10318,10313,10314,10291,10371,10254,10442,10443
10443,10442,10314,10372,10410,10445,10291,10300,10434,10435,257,10411
10317,10315,10375,10313,10316,10254,10370,10248,10291,10314,10318,10253
10364,10321,10363,10373,10376,10369,10394,10401,10371,10370,10299,10422
10364,10369,10373,10299,10370,10317,10394,10371,10319,10401,10316,10283
10226,10323,10320,10206,10349,10193,10321,10363,10364,10376,10188,10365
10320,10349,10363,10364,10365,10401,10321,10193,10394,10373,10402,10376
10286,10458,10382,10287,10304,10310,10368,10399,10398,10264,10275,10309
10326,10305,10335,10327,10360,10379,10196,10357,10359,10462,10383,10273
10360,10327,10357,10462,10383,10273,10359,10429,10380,10336,10427,10198
10273,10462,10360,10383,10336,10198,10357,10274,10427,10446,10429,10275
10423,10420,10439,10398,10419,10446,10440,166,10454,165,167,10399
10224,10353,10331,158,10139,10259,152,10167,151,10356,148,10124
10224,10164,10329,10167,10139,158,10353,10124,152,161,10123,156
10353,10259,10356,10298,158,10224,151,144,10338,139,152,146
10095,10083,10161,10166,10085,10216,10097,10099,10104,10079,10158,10162
10169,10288,10168,10204,10229,10436,10191,10072,10227,10179,10070,10192
10441,10325,10358,10335,10379,10390,10267,10326,10305,10406,10381,10360
10326,10357,10360,10359,10383,10380,10327,10429,10462,180,182,177
10446,10420,10427,10447,10454,10328,10440,170,10428,10439,168,10417
135,136,10355,132,139,137,138,141,10019,134,129,128
10339,10298,145,10337,146,136,159,144,143,10355,10259,135
10337,143,135,145,136,10355,132,146,144,139,138,137
9529,9530,9577,9797,10082,10007,9796,9478,10003,9970,9940,9444
10343,10342,10344,10433,10412,10346,10345,10384,10413,247,237,224
10343,10346,10413,10344,10345,10391,10437,10386,10384,10412,10397,10387
10345,10346,10384,10412,10387,10386,10391,10385,224,237,211,205
10412,10343,10384,10345,237,224,10387,10346,211,10385,10386,205
10387,10385,10386,211,224,205,10425,10392,10393,200,10389,10397
10391,10345,10386,10385,10397,10387,10384,10389,10393,10392,10425,10460
10225,10203,10348,347,10322,10323,10349,334,10190,10365,10320,10226
10225,334,10349,10365,10323,327,10322,10363,321,10320,10401,10402
10365,10363,10401,10320,10402,10364,321,10394,10422,317,10408,10404
10459,10268,10395,10334,10266,10250,10396,10389,10183,10173,10325,10441
10400,10281,10350,10460,10256,10437,10268,10459,10250,10397,10223,10395
10292,10330,10430,10164,10146,10329,10167,10224,10121,10123,10311,161
158,10259,151,152,10139,139,148,137,144,10298,149,10124
159,10339,10338,143,10337,145,135,136,10298,10355,146,132
132,134,129,128,10015,124,9916,125,9929,126,9915,9715
10298,10338,10259,146,145,10354,144,10339,10353,139,10337,136
10380,10383,10429,177,180,10462,10428,174,10427,173,171,170
10406,10379,10441,10381,10407,10335,10359,184,10325,182,186,10326
180,10380,10357,177,10429,10360,10383,174,10428,10462,173,10427
10383,10357,10462,10429,10427,10273,10380,10336,10428,10446,177,174
10301,10413,10437,10415,10342,10400,10391,10460,10346,10397,10351,10378
10448,10426,10289,10377,10415,10378,10361,10414,10307,10351,10301,10400
10364,10401,10394,10321,10373,10422,10402,10408,10371,10432,10369,10404
10373,10394,10369,10371,10370,10422,10444,10432,10317,10443,10408,10318
10402,321,10401,317,10363,10404,10408,312,10422,10320,10463,10364
10367,10374,10356,10338,10354,10331,10298,10419,167,10339,10259,145
10331,10356,10329,10259,10298,10353,10338,10374,146,10354,10224,144
10398,10328,10423,10419,10399,10439,10420,167,10310,166,10374,165
10317,10370,10373,10319,10316,10371,10315,10318,10394,10375,10443,10314
10371,10316,10318,10443,10314,10315,10442,10444,10372,10291,10445,10313
10443,10444,10318,10445,10372,10316,10432,10456,10442,10314,10435,10455
10434,10410,10435,257,256,10455,254,10433,10411,10300,247,262
10371,10370,10394,10317,10444,10318,10443,10316,10422,10432,10319,10445
10354,10338,167,10356,10339,159,10298,145,166,10337,143,146
10254,10248,10313,10315,10249,10291,10239,10253,10316,10290,10247,10314
10299,10369,10321,10317,10319,10373,10283,10370,10364,10315,10316,10371
10426,10307,10378,10295,10282,10448,10415,10258,10351,10461,10400,10289
10282,10351,10415,10400,10258,10281,10256,10350,10437,10223,10460,10461
10381,10359,10335,182,184,10357,180,10380,10326,10360,177,10383
177,10429,174,10383,10428,173,171,10427,170,10447,10446,10336
182,184,10359,180,10335,10380,10357,177,10360,10429,10326,174
10398,10399,10310,10368,10419,10366,10423,10374,10309,10328,167,10367
10429,10427,10428,10336,10446,10447,170,171,174,177,173,10454
224,10387,10345,211,10385,205,10425,10386,200,10392,10391,10393
10425,10392,205,200,10393,192,10405,10389,10390,186,10407,10406
10385,10393,10392,10389,10425,10390,10405,200,205,192,10396,211
10385,211,205,10425,200,10386,10392,192,10393,10405,10389,186
10135,10098,10108,10136,10102,10077,10125,10050,10421,10109,10074,10175
10393,10390,10396,10392,10358,10405,10406,10334,10459,10441,10425,10407
10358,10406,10405,10407,10379,10441,10381,186,192,184,182,10359
10397,10386,10389,10460,10393,10395,10345,10385,10390,10392,10396,10350
10425,10405,200,192,10390,186,10407,10406,10358,184,10396,10381
10392,10390,10405,10425,10406,10396,192,10358,10407,200,186,10381
10422,10444,10371,10432,10443,10431,10456,10370,10445,10318,10453,10451
10459,10396,10334,10389,10390,10268,10358,10441,10266,10393,10325,10406
10358,10390,10334,10441,10406,10379,10405,10325,10266,10407,10335,10381
10389,10395,10350,10386,10396,10393,10459,10390,10334,10358,10392,10268
10419,10399,10423,167,10374,166,10439,10366,10354,159,10420,165
10374,10366,10419,167,10354,10423,10338,10356,10367,159,166,10339
10460,10350,10397,10281,10395,10391,10459,10268,10389,10256,10250,10334
10422,10408,10394,10404,10364,10431,10432,10463,312,10453,10373,10444
10404,10401,10408,312,10463,10422,10453,310,304,10431,10394,307
10227,381,10212,10204,10205,374,10347,10203,369,10169,10192,10191
10463,10408,310,10453,304,10422,10431,307,289,10452,278,10432
10407,186,10406,192,184,10358,10381,10379,182,10441,10359,180
10407,10381,10379,184,186,182,10359,10335,180,10357,10325,10380
184,10381,182,10379,10359,180,10335,10380,177,10357,10326,10360
10422,10463,10453,10431,304,10432,10452,289,10394,278,10451,10456
10438,10296,10377,10200,10426,10362,10307,10295,10378,10201,10449,10448
10434,10411,10433,257,247,10341,256,10344,10412,237,254,10302
10341,10433,10344,10412,247,10343,237,10342,10384,10345,224,10301
237,10384,224,10345,10387,211,205,10385,10346,10386,10425,200
10437,10391,10346,10397,10343,10460,10386,10400,10345,10389,10344,10395
10301,10302,10361,10342,10448,10413,10341,10437,10343,10415,10346,10411
10400,10351,10437,10460,10282,10350,10413,10397,10281,10391,10395,10258
154,138,142,147,157,143,135,10339,10337,132,10355,136
164,157,10418,147,165,10416,154,142,138,166,159,143
10416,154,157,142,147,138,159,143,135,10339,10337,132
167,166,10374,10354,159,10439,165,10338,10339,143,10416,10440
10439,10440,10454,10423,10447,165,10417,166,10418,10416,168,164
10175,10136,10257,10135,10172,10174,10258,10223,10125,10108,10132,10173
10432,10431,10453,10444,10456,10452,10451,10371,289,304,10457,10445
10439,10419,166,167,165,10440,10416,159,10374,10454,10354,154
10436,10288,398,10333,10403,10145,10227,389,10204,10169,10168,10212
200,192,10405,186,10407,10390,10406,184,10358,10381,10396,182
10378,10448,10415,10307,10351,10361,10282,10400,10437,10258,10295,10301
10447,10446,10428,170,171,10454,168,173,174,10420,10417,164
171,173,170,10447,168,10446,10454,164,10417,10420,10440,157
10428,174,10427,171,173,170,10447,10446,10336,168,10454,164
10329,10330,10311,10224,10331,10164,10353,10167,10367,158,10139,10146
10452,10432,10451,10456,289,278,10457,272,10444,266,10455,264
10456,10444,10451,10457,10445,10455,10452,10443,265,262,264,278
247,10412,237,10344,224,10384,10343,10345,10342,10387,211,10346
257,256,10433,247,254,10411,237,10412,10344,10341,224,10384
256,254,257,10434,262,265,247,10410,10433,264,10411,237
10403,10227,389,10204,10169,10212,381,10205,10192,10191,374,10203
10400,10460,10397,10391,10350,10346,10395,10389,10386,10459,10281,10396
10362,10377,10426,10448,10449,10296,10378,10307,10415,10289,10295,10361
165,10440,166,10416,10418,154,167,10417,159,157,138,164
10417,165,10418,10416,154,164,157,166,147,142,138,167
10379,10335,10325,10406,10326,10359,10381,10305,10360,10357,10407,182
10410,10372,10300,10434,10411,257,10433,10435,10341,10290,256,10302
10445,10372,10442,10435,10456,10434,10455,10314,10410,257,256,262
10443,10445,10456,10455,10372,10318,10457,10435,10451,262,265,10442
10455,10435,10372,262,10457,10434,256,254,257,265,10442,10410
10447,10454,10420,170,10440,168,10417,164,10439,171,10418,10423
170,10454,168,171,10417,164,10440,157,10418,10439,165,147
10361,10415,10378,10301,10437,10400,10413,10351,10302,10460,10307,10342
10289,10362,10448,10414,10426,10361,10290,10415,10301,10377,10302,10378
10292,10122,10352,10121,10146,10164,10014,10330,10430,10118,10123,10262
10457,266,264,272,265,268,10455,262,10445,10435,254,256
278,10451,272,268,266,10457,10456,264,265,10455,262,10445
289,10452,10431,278,10451,272,10432,10456,268,10457,266,264
10417,10440,168,164,10418,10439,157,165,10416,154,147,142
262,265,10435,254,264,256,266,257,10434,268,247,10410
10455,10457,10445,10451,262,265,264,10435,266,254,10372,256
265,264,10455,262,266,268,10435,254,256,257,10434,247
10310,10304,10382,10309,10399,10366,10312,10398,10368,10367,10374,10311
10334,10266,10396,10325,10441,10183,10267,10358,10390,10305,10326,10335
10397,10350,10395,10459,10389,10396,10268,10334,10386,10390,10393,10266
10257,10421,10258,10175,10223,10174,10136,10256,10282,10172,10173,10135
10383,10336,10427,10446,10429,10274,10447,10428,10420,170,10454,10380
304,10453,289,10431,10452,278,10422,10432,272,10451,10394,10456
10465,10133,10126,10185,10134,10110,10246,10231,10184,10277,10186,10245
10126,10110,10231,10246,10133,10185,10049,10245,10209,10230,10277,10184
