x,y,region,classification
0.0,0.32798833997876353,1,boundary
0.0007202249259910053,0.32455730441033925,1,boundary
0.0002941170955458044,0.33144477924651405,1,boundary
0.0005882341910916088,0.33490121851426463,1,boundary
0.0018665576824272116,0.3176491478483189,1,boundary
0.0014404498519820107,0.321126268841915,1,boundary
0.001368760065880469,0.3383228054824352,1,boundary
0.0022926655128724127,0.307084250565496,1,boundary
0.0022926655128724127,0.3106281387101094,1,boundary
0.0022926655128724127,0.3141720268547228,1,boundary
0.0021492859406693292,0.3417443924506058,1,boundary
0.003570989004208015,0.3037406638739346,1,boundary
0.0039254070485516745,0.34500997886555795,1,boundary
0.004849312495543618,0.3003970771823732,1,boundary
0.00570152815643402,0.3482755652805102,1,boundary
0.006323795253240503,0.29708422683129854,1,boundary
0.007798278010937388,0.29377137648022383,1,boundary
0.008074265982323308,0.3506210704474471,1,boundary
0.010180854554592932,0.2909626921061231,1,boundary
0.010447003808212596,0.35296657561438405,1,boundary
0.011419637323134866,0.28223267576048067,1,boundary
0.01199153421069167,0.2851933417462515,1,boundary
0.011986257356954216,0.34923849339653507,1,boundary
0.012187138235987407,0.2790322280947229,1,boundary
0.012563431098248477,0.2881540077320223,1,boundary
0.012954639148839948,0.2758317804289651,1,boundary
0.014876184199269773,0.40239508394602735,1,boundary
0.015650070354402003,0.27271024139295785,1,boundary
0.016072482511573078,0.35196999352903946,1,boundary
0.015976245884362777,0.40552582666986703,1,boundary
0.01707630756945578,0.40865656939370665,1,boundary
0.01834550155996406,0.26958870235695065,1,boundary
0.01883112132747452,0.35347243301759,1,boundary
0.01904946258600982,0.40433796506706204,1,boundary
0.019246926173974478,0.4116794036591158,1,boundary
0.02084709522138683,0.26683774054320497,1,boundary
0.02158976014337596,0.3549748725061406,1,boundary
0.021417544778493173,0.41470223792452493,1,boundary
0.022507800906812814,0.41807529303025454,1,boundary
0.023222740972749865,0.40628084618809673,1,boundary
0.023348688882809596,0.26408677872945935,1,boundary
0.023598057035132458,0.37127505193924054,1,boundary
0.023598057035132458,0.42144834813598414,1,boundary
0.02422067164882364,0.260907517133097,1,boundary
0.024122114787980414,0.3657498105277401,1,boundary
0.023860085911556438,0.3685124312334903,1,boundary
0.024724447741480214,0.3573618424730318,1,boundary
0.02445027269602286,0.42485870197856285,1,boundary
0.02487638052646806,0.4317461768147376,1,boundary
0.024450272696022856,0.43522329780833363,1,boundary
0.025092654414837684,0.2577282555367346,1,boundary
0.025302488356913264,0.42826905582114155,1,boundary
0.02599062506378244,0.3627493114838315,1,boundary
0.026154704017803662,0.37405646108754387,1,boundary
0.026384526463604608,0.4377877578625703,1,boundary
0.026922431265812397,0.4042347954487524,1,boundary
0.027859135339584465,0.35974881243992296,1,boundary
0.028156470890489796,0.2546644390610825,1,boundary
0.028601196193825767,0.3801319500144938,1,boundary
0.028491041387176664,0.38342602979314033,1,boundary
0.02831878023118636,0.44035221791680695,1,boundary
0.02871135100047487,0.37683787023584725,1,boundary
0.03062212155887493,0.40218874470940813,1,boundary
0.03122028736614191,0.25160062258543037,1,boundary
0.03081808732264863,0.3866052913895027,1,boundary
0.031226169375885134,0.4432596070615057,1,boundary
0.03207379222125366,0.24819047074764744,1,boundary
0.03292729707636541,0.24478031890986449,1,boundary
0.033145133258120595,0.38978455298586506,1,boundary
0.033501706753681706,0.3992769989432424,1,boundary
0.034133558520583904,0.4461669962062045,1,boundary
0.03476321260330454,0.39307490308147086,1,boundary
0.035536996121453876,0.24220110581291254,1,boundary
0.036381291948488485,0.3963652531770767,1,boundary
0.03814669516654235,0.23962189271596057,1,boundary
0.038273975488198636,0.44729086292015674,1,boundary
0.04195117969241263,0.23756587705090174,1,boundary
0.042414392455813375,0.448414729634109,1,boundary
0.04575566421828291,0.2355098613858429,1,boundary
0.0469451037091444,0.4499964815148697,1,boundary
0.0474600955400637,0.19364534380752932,1,boundary
0.04836999431454529,0.23330479874644972,1,boundary
0.04939619783083361,0.19660655023082052,1,boundary
0.050984324410807684,0.23109973610705656,1,boundary
0.05140864503632619,0.19288515877906942,1,boundary
0.05133230012160353,0.19956775665411172,1,boundary
0.05147581496247542,0.4515782333956304,1,boundary
0.053425605166296526,0.20974358081897249,1,boundary
0.05408338396573083,0.20187425958823874,1,boundary
0.05470340344619903,0.23131920808009296,1,boundary
0.05535719453258867,0.1921249737506095,1,boundary
0.05513003648807733,0.2069621716706691,1,boundary
0.055599421133811486,0.4535713004147405,1,boundary
0.05683446780985813,0.20418076252236572,1,boundary
0.05667943604678766,0.21259668575193041,1,boundary
0.05842248248159036,0.23153868005312936,1,boundary
0.05966219085990406,0.2185881472897605,1,boundary
0.059391114792529336,0.22172650389463264,1,boundary
0.05987889851538235,0.1937158260501346,1,boundary
0.05993326692727879,0.21544979068488834,1,boundary
0.05972302730514756,0.45556436743385054,1,boundary
0.062141561516981705,0.23175815202616576,1,boundary
0.06293487056457116,0.2239913661466536,1,boundary
0.06440060249817602,0.1953066783496597,1,boundary
0.06431009392679735,0.22900719021242016,1,boundary
0.06405859141562045,0.45478663757898097,1,boundary
0.0662286538994209,0.1922522065869271,1,boundary
0.06647862633661299,0.2262562283986746,1,boundary
0.06782880296483491,0.17817789669525325,1,boundary
0.06805670530066577,0.18919773482419447,1,boundary
0.06839415552609335,0.4540089077241114,1,boundary
0.07081627664178897,0.17612710711578802,1,boundary
0.07221989768349141,0.17958623660079331,1,boundary
0.07281618528941235,0.18784711747900948,1,boundary
0.07346317039194128,0.455046789153117,1,boundary
0.07380375031874302,0.1740763175363228,1,boundary
0.07661099240214791,0.18099457650633338,1,boundary
0.07692309740257869,0.1713830782829323,1,boundary
0.07709332884015342,0.18374553832007895,1,boundary
0.07757566527815893,0.1864965001338245,1,boundary
0.07853218525778922,0.45608467058212265,1,boundary
0.08004244448641436,0.16868983902954185,1,boundary
0.08273787569197638,0.16556829999353462,1,boundary
0.08302320842985092,0.4573797112016211,1,boundary
0.08579766400057638,0.15694483733003617,1,boundary
0.0856154854490574,0.1596957991437818,1,boundary
0.08543330689753842,0.1624467609575274,1,boundary
0.0875142316019126,0.4586747518211195,1,boundary
0.08875037108841527,0.15524647414803308,1,boundary
0.09170307817625417,0.15354811096603,1,boundary
0.09145169021952398,0.46066936857341534,1,boundary
0.09362230882404263,0.4576465343080063,1,boundary
0.09603638821081661,0.10384783238664266,1,boundary
0.09579292742856127,0.4546237000425973,1,boundary
0.09611236568599056,0.1518436796442492,1,boundary
0.09859092138397056,0.10142707052784349,1,boundary
0.09894449763425282,0.10618890205242087,1,boundary
0.09879158256565199,0.1213624632243589,1,boundary
0.10029746651526864,0.0846453325439727,1,boundary
0.0999706323709055,0.1181679661021076,1,boundary
0.10034044947817096,0.453058932806104,1,boundary
0.10052165319572695,0.1501392483224684,1,boundary
0.1011927201513034,0.08155619470067929,1,boundary
0.10114545455712451,0.09900630866904431,1,boundary
0.10114968217615904,0.1149734689798563,1,boundary
0.10185260705768903,0.10852997171819909,1,boundary
0.10150114461692403,0.1117517203490277,1,boundary
0.10208797378733817,0.07846705685738589,1,boundary
0.10200189783704942,0.12919501355158572,1,boundary
0.10215930341531146,0.13258070339772068,1,boundary
0.10231670899357351,0.13596639324385565,1,boundary
0.10252727935357672,0.12341631205157667,1,boundary
0.10413243698927543,0.12733258721519009,1,boundary
0.10443307367710217,0.14824627365308998,1,boundary
0.10495528321056552,0.08583094154067536,1,boundary
0.10488797152778065,0.45149416556961064,1,boundary
0.10543605607740922,0.13780741683635572,1,boundary
0.10578766408040066,0.076045690055659,1,boundary
0.10626297614150144,0.12547016087879445,1,boundary
0.1063299018920525,0.09808505344808555,1,boundary
0.1083444941584774,0.14635329898371158,1,boundary
0.10855540316124494,0.13964844042885582,1,boundary
0.10844994865986117,0.1430008697062837,1,boundary
0.10901157769911671,0.4495010985505006,1,boundary
0.10948735437346316,0.0736243232539321,1,boundary
0.10961309990586239,0.08701655053737803,1,boundary
0.11062246344562217,0.09209017438225237,1,boundary
0.1115143492269805,0.0971637982271268,1,boundary
0.11318704466652565,0.07120295645220517,1,boundary
0.11313518387045278,0.4475080315313905,1,boundary
0.11688673495958816,0.06878158965047826,1,boundary
0.11746836736303655,0.06564331026435874,1,boundary
0.11768270592006247,0.4465706342270407,1,boundary
0.11804999976648493,0.0625050308782392,1,boundary
0.12196628004110624,0.060302493912272104,1,boundary
0.12223022796967217,0.4456332369226909,1,boundary
0.1250117206810903,0.4438306696685938,1,boundary
0.12588256031572753,0.058099956946305,1,boundary
0.12679714121162167,0.4410903948947596,1,boundary
0.12858256174215305,0.4383501201209254,1,boundary
0.12978957650550482,0.055888060091435064,1,boundary
0.13265026312562417,0.44039967006440084,1,boundary
0.13369659269528214,0.05367616323656513,1,boundary
0.1367179645090953,0.44244922000787623,1,boundary
0.1371843250492079,0.051040646543529786,1,boundary
0.1404735595900227,0.44481410388523773,1,boundary
0.14067205740313365,0.048405129850494444,1,boundary
0.1405937624092791,0.5035665877598235,1,boundary
0.14156838385368803,0.5002788050323428,1,boundary
0.1417510059845339,0.5068912023498076,1,boundary
0.14254300529809694,0.496991022304862,1,boundary
0.14290824955978873,0.5102158169397915,1,boundary
0.14415978975705934,0.04576961315745914,1,boundary
0.1442291546709501,0.44717898776259923,1,boundary
0.14485616658116884,0.4938871318947804,1,boundary
0.1456381254222729,0.5131510207719341,1,boundary
0.14639977327546877,0.4502018220280083,1,boundary
0.14716932786424072,0.48369546519547196,1,boundary
0.14716932786424072,0.4872393533400854,1,boundary
0.14716932786424072,0.4907832414846988,1,boundary
0.14764752211098506,0.04313409646442383,1,boundary
0.14836800128475702,0.5160862246040767,1,boundary
0.14857039187998744,0.45322465629341735,1,boundary
0.14972597484691194,0.47216922569615455,1,boundary
0.14972597484691194,0.48109499409227163,1,boundary
0.15102822035595753,0.040390438774679585,1,boundary
0.15100429833824755,0.4753318743426129,1,boundary
0.1517048303461209,0.455734592821854,1,boundary
0.15152595879754593,0.4689634581243319,1,boundary
0.15228262182958316,0.47849452298907125,1,boundary
0.15206769157781952,0.5185075914058036,1,boundary
0.15440891860092998,0.03764678108493535,1,boundary
0.15422139000310792,0.4720849971603391,1,boundary
0.15483926881225435,0.45824452935029064,1,boundary
0.155767381870882,0.5209289582075305,1,boundary
0.15683836870352194,0.46129423900970024,1,boundary
0.1569168212086699,0.4752065361963463,1,boundary
0.15739591579492557,0.34044993995161726,1,boundary
0.15739591579492557,0.3439938280962299,1,boundary
0.15739591579492557,0.3475377162408426,1,boundary
0.15739591579492557,0.3510816043854552,1,boundary
0.15739591579492557,0.3546254925300678,1,boundary
0.15867423928626115,0.3371063532600568,1,boundary
0.15824813145581595,0.3580358463726457,1,boundary
0.15881820611066638,0.035942349763154566,1,boundary
0.15910034711670634,0.36144620021522356,1,boundary
0.15883746859478953,0.46434394866910983,1,boundary
0.15995256277759673,0.3337627665684963,1,boundary
0.15989098804221807,0.5212175939048598,1,boundary
0.16080477843848714,0.36472301975576665,1,boundary
0.16082846944086918,0.47603506085485464,1,boundary
0.16123088626893234,0.3304191798769358,1,boundary
0.16211324300957838,0.4671936152534535,1,boundary
0.16250920976026795,0.3199878168961501,1,boundary
0.16250920976026795,0.3235317050407627,1,boundary
0.16250920976026795,0.3270755931853753,1,boundary
0.16250920976026795,0.36799983929630975,1,boundary
0.16322749362040276,0.03423791844137378,1,boundary
0.1640145942135542,0.5215062296021891,1,boundary
0.16435649577393147,0.3167333813629051,1,boundary
0.16470371455762123,0.37119986886160417,1,boundary
0.16506456754871784,0.47345343367558007,1,boundary
0.16474011767306845,0.476863585513363,1,boundary
0.16538901742436724,0.47004328183779714,1,boundary
0.16620378178759498,0.31347894582966007,1,boundary
0.1666707646304727,0.5244529823950953,1,boundary
0.16689821935497448,0.3743998984268986,1,boundary
0.1675963684405655,0.03249265650426004,1,boundary
0.16926759826324633,0.31041512935400883,1,boundary
0.16896479286207322,0.3776199736406557,1,boundary
0.16932693504739119,0.5273997351880015,1,boundary
0.171031366369172,0.38084004885441286,1,boundary
0.171031366369172,0.3843839369990254,1,boundary
0.171031366369172,0.38792782514363794,1,boundary
0.1714132911372478,0.02524547093965512,1,boundary
0.17152530742740624,0.39139431729861496,1,boundary
0.17168926719898803,0.02799643275340071,1,boundary
0.17196524326072823,0.030747394567146303,1,boundary
0.1720192484856405,0.3948608094535919,1,boundary
0.17233141473889765,0.30735131287835754,1,boundary
0.17275303146719065,0.5296830335709228,1,boundary
0.17322973874918704,0.3982150249837707,1,boundary
0.1747510207600267,0.021143891780724622,1,boundary
0.17444022901273357,0.40156924051394943,1,boundary
0.17529244467362398,0.015036964903193867,1,boundary
0.17502173271682533,0.018090428341959244,1,boundary
0.17597303958458507,0.011599719678411911,1,boundary
0.1761791278869901,0.531966331953844,1,boundary
0.17665363449554616,0.008162474453629956,1,boundary
0.17738407304733594,0.30629690574143953,1,boundary
0.17762650656640727,0.40389011629232646,1,boundary
0.17945490230177896,0.5348159985381877,1,boundary
0.18058180436168514,0.007138638042810232,1,boundary
0.18081278412008095,0.4062109920707035,1,boundary
0.18243673135577423,0.3052424986045215,1,boundary
0.18277144478546206,0.40944797622742024,1,boundary
0.1827306767165678,0.5376656651225314,1,boundary
0.18440398981048672,0.3031566903789477,1,boundary
0.1845099742278241,0.006114801631990509,1,boundary
0.18473010545084317,0.412684960384137,1,boundary
0.18455096249088349,0.5409243313432448,1,boundary
0.18637124826519919,0.3010708821533739,1,boundary
0.1864028925189116,0.41596673828619224,1,boundary
0.18637124826519919,0.544182997563958,1,boundary
0.1872234639260896,0.46084043380935547,1,boundary
0.1876495717565348,0.2977272954618134,1,boundary
0.18807567958698002,0.41924851618824743,1,boundary
0.18807567958698002,0.45743007996677765,1,boundary
0.1879224198054327,0.4642748020404246,1,boundary
0.18842336605962806,0.005155249717115151,1,boundary
0.1886213756847758,0.46770917027149367,1,boundary
0.1889278952478704,0.294383708770253,1,boundary
0.1889278952478704,0.42265887003082525,1,boundary
0.1889278952478704,0.4540197261241998,1,boundary
0.18978011090876082,0.4260692238734031,1,boundary
0.18978011090876082,0.4506093722816219,1,boundary
0.190206218739206,0.4295463448669984,1,boundary
0.19063232656965123,0.43302346586059365,1,boundary
0.19063232656965123,0.4365673540052062,1,boundary
0.19063232656965123,0.4401112421498188,1,boundary
0.19063232656965123,0.4436551302944314,1,boundary
0.19063232656965123,0.447199018439044,1,boundary
0.19068875993578505,0.5457838052968107,1,boundary
0.19141297232506999,0.4704190770357122,1,boundary
0.192336757891432,0.004195697802239793,1,boundary
0.19195213749952697,0.29167556747038825,1,boundary
0.19420456896536414,0.47312898379993074,1,boundary
0.19489340487410323,0.0,1,boundary
0.19497637975118354,0.28896742617052357,1,boundary
0.19500627160637088,0.5473846130296633,1,boundary
0.19626271883236152,0.0029664103490725504,1,boundary
0.19622816173157265,0.5507370423070911,1,boundary
0.19763203279061983,0.005932820698145101,1,boundary
0.19745005185677444,0.5540894715845188,1,boundary
0.198343754956205,0.2896384691793065,1,boundary
0.19849949824928828,0.47301344294438297,1,boundary
0.20043280666989083,0.551736705677444,1,boundary
0.20080691048263904,0.007585248002228916,1,boundary
0.20171113016122644,0.2903095121880895,1,boundary
0.20279442753321242,0.47289790208883514,1,boundary
0.20341556148300724,0.5493839397703693,1,boundary
0.20398178817465829,0.009237675306312731,1,boundary
0.20401631765841347,0.4695454728114081,1,boundary
0.20500439307539858,0.2926627114309631,1,boundary
0.2052382077836145,0.46619304353398106,1,boundary
0.20496387513658254,0.5461973038816565,1,boundary
0.20651218879015784,0.5430106679929437,1,boundary
0.20793829129916652,0.011085101112713231,1,boundary
0.20756525371908577,0.4630137819376194,1,boundary
0.20829765598957073,0.2950159106738367,1,boundary
0.20928527728538,0.5399675893354818,1,boundary
0.20989229965455702,0.4598345203412577,1,boundary
0.21023328677013048,0.5053178466537931,1,boundary
0.21153961271439659,0.5019786476872874,1,boundary
0.21189479442367473,0.01293252691911373,1,boundary
0.2120583657806021,0.5369245106780199,1,boundary
0.21270694349930785,0.29672034199561753,1,boundary
0.21258773086011828,0.4567129813052513,1,boundary
0.21284593865866272,0.4986394487207817,1,boundary
0.21332372864308444,0.5076537389958431,1,boundary
0.2140170264459833,0.5336875265213032,1,boundary
0.21537149295418623,0.23448368653190485,1,boundary
0.21535903684482954,0.23789208861749753,1,boundary
0.21534658073547286,0.2413004907030902,1,boundary
0.21528316206567955,0.4535914422692448,1,boundary
0.2149484753579582,0.4954250086062011,1,boundary
0.21597568711136453,0.5304505423645864,1,boundary
0.21602907631088555,0.014914807819980277,1,boundary
0.2164141705160384,0.5099896313378931,1,boundary
0.21655730394553785,0.24465466973270678,1,boundary
0.2170510120572537,0.49221056849162054,1,boundary
0.21689929010105935,0.5134575057360304,1,boundary
0.21711623100904495,0.29842477331739836,1,boundary
0.21738440968608033,0.5169253801341679,1,boundary
0.2173655652451995,0.5271244352524429,1,boundary
0.21776802715560287,0.24800884876232335,1,boundary
0.21790322771814408,0.4716149111341185,1,boundary
0.21812902614854046,0.4888355951720572,1,boundary
0.2180699265325574,0.5203618541372337,1,boundary
0.21826173526731868,0.2514753774178625,1,boundary
0.21832933554858927,0.4750920321277138,1,boundary
0.21894961635346638,0.23193949565859032,1,boundary
0.21875544337903446,0.25494190607340167,1,boundary
0.21919481029787868,0.45138422535882644,1,boundary
0.21875544337903446,0.47856915312130904,1,boundary
0.21898124180943085,0.48201488748690147,1,boundary
0.21920704023982723,0.48546062185249395,1,boundary
0.21875544337903446,0.5237983281402994,1,boundary
0.21960765903992485,0.25835225991597954,1,boundary
0.22016335819809638,0.016897088720846824,1,boundary
0.22014798776271796,0.46842275610066997,1,boundary
0.22045987470081527,0.2617626137585574,1,boundary
0.22130608022345205,0.2651739093341422,1,boundary
0.22164753219432598,0.30000592916545865,1,boundary
0.22196559153252504,0.019977645546611078,1,boundary
0.2221522857460888,0.268585204909727,1,boundary
0.22239274780729185,0.46523060106722136,1,boundary
0.2225277397527465,0.22939530478527578,1,boundary
0.2226374053311097,0.27205307930786427,1,boundary
0.22312252491613058,0.27552095370600155,1,boundary
0.22310645853007785,0.4491770084484081,1,boundary
0.22376782486695368,0.02305820237237533,1,boundary
0.22508817901285313,0.4621090620312149,1,boundary
0.226178833379607,0.3015870850135189,1,boundary
0.2270341731483298,0.27772817061641997,1,boundary
0.2270181067622771,0.44696979153798966,1,boundary
0.22778051998657078,0.22854308912438537,1,boundary
0.22758043234466316,0.3047304175348492,1,boundary
0.22778361021841442,0.4589875229952084,1,boundary
0.22895122073397386,0.023980519934943514,1,boundary
0.2289820313097193,0.3078737500561795,1,boundary
0.23023617053420228,0.31122112619839515,1,boundary
0.23094582138052905,0.27993538752683844,1,boundary
0.23092975499447635,0.4447625746275713,1,boundary
0.23149030975868526,0.31456850234061073,1,boundary
0.23244331318477102,0.4575360967886655,1,boundary
0.23303330022039503,0.22769087346349498,1,boundary
0.23348482525513722,0.28290049923189187,1,boundary
0.23413461660099405,0.0249028374975117,1,boundary
0.23409532527506172,0.29900799918997806,1,boundary
0.2346096568425204,0.31703692558626845,1,boundary
0.23462944528753865,0.4423412078258446,1,boundary
0.2349475409359521,0.3024183530325559,1,boundary
0.23579975659684252,0.3058287068751337,1,boundary
0.2360238291297454,0.28586561093694524,1,boundary
0.23591308205751457,0.29584695690124385,1,boundary
0.23687733398485641,0.28927576277472744,1,boundary
0.23665197225773293,0.30923906071771157,1,boundary
0.2369971309795732,0.2289931525431138,1,boundary
0.23710301615112758,0.45608467058212265,1,boundary
0.23773083883996743,0.29268591461250965,1,boundary
0.23750418791862332,0.3126494145602895,1,boundary
0.2376165959224894,0.31607738169610783,1,boundary
0.23772900392635551,0.31950534883192616,1,boundary
0.23832913558060095,0.43991984102411785,1,boundary
0.23856334868859047,0.026587623156326325,1,boundary
0.24053409819649035,0.45370639008139824,1,boundary
0.24096096173875137,0.23029543162273264,1,boundary
0.24202882587366314,0.43749847422239124,1,boundary
0.24299208077618692,0.028272408815140954,1,boundary
0.24402477821440266,0.23335924809838393,1,boundary
0.2439651802418531,0.45132810958067376,1,boundary
0.24572851616672536,0.43507710742066463,1,boundary
0.24677509850676385,0.02855648070210442,1,boundary
0.24708859469005398,0.23642306457403525,1,boundary
0.24735443423313874,0.4485930961160558,1,boundary
0.24783579310012627,0.23984987364729377,1,boundary
0.24858299151019855,0.2432766827205523,1,boundary
0.2495428028103483,0.2466701773228582,1,boundary
0.24942820645978758,0.432655740618938,1,boundary
0.25055811623734076,0.02884055258906788,1,boundary
0.25050261411049807,0.2500636719251641,1,boundary
0.2507436882244244,0.44585808265143784,1,boundary
0.25246127477587926,0.2533006560818809,1,boundary
0.2531278967528498,0.4302343738172114,1,boundary
0.2543411339679177,0.029124624476031345,1,boundary
0.25454850113643135,0.041749479772102346,1,boundary
0.25441993544126046,0.25653764023859776,1,boundary
0.2549657727584002,0.44396451240391077,1,boundary
0.2557351700640325,0.032095350268625346,1,boundary
0.25583885364828934,0.03840777791666085,1,boundary
0.25591388681411387,0.04472436220751434,1,boundary
0.2565905540457786,0.2595604745040063,1,boundary
0.2566156291067751,0.42759885712417656,1,boundary
0.25712920616014734,0.03506607606121935,1,boundary
0.25727927249179644,0.04769924464292634,1,boundary
0.25876117265029674,0.2625833087694148,1,boundary
0.25918785729237603,0.44207094215638365,1,boundary
0.2596617951017738,0.4154729458004357,1,boundary
0.2601033614607004,0.4249633404311417,1,boundary
0.26076700484572213,0.04506372794989103,1,boundary
0.26139220134581687,0.4127430104249761,1,boundary
0.2620153020130447,0.41725303141073533,1,boundary
0.26223608519250796,0.4219982287260883,1,boundary
0.2624075810101913,0.4392124929468879,1,boundary
0.2631226075898599,0.41001307504951645,1,boundary
0.2639899972250493,0.26345972782559857,1,boundary
0.2639228734062258,0.4295333360522363,1,boundary
0.26425473719964776,0.042428211256855725,1,boundary
0.2643688089243156,0.4190331170210349,1,boundary
0.26473609739361537,0.40705629515866226,1,boundary
0.26477508906711616,0.43294368989481424,1,boundary
0.2655105741801841,0.42735239087332977,1,boundary
0.26562730472800655,0.43635404373739217,1,boundary
0.26634958719737084,0.40409951526780813,1,boundary
0.26709827495414246,0.4251714456944233,1,boundary
0.2677424695535735,0.03979269456382042,1,boundary
0.26921882179980183,0.26433614688178225,1,boundary
0.27123020190749925,0.03715717787078511,1,boundary
0.27118062106915164,0.4053778387591438,1,boundary
0.2718577549428896,0.42490650510577305,1,boundary
0.2744716020336261,0.26518836254267264,1,boundary
0.2751418501396985,0.03494996096036662,1,boundary
0.27601165494093244,0.4066561622504794,1,boundary
0.27661723493163676,0.4246415645171228,1,boundary
0.2790534983718978,0.03274274404994814,1,boundary
0.27972438226745033,0.2660405782035631,1,boundary
0.2792481916724067,0.40954547229262894,1,boundary
0.2792183186082805,0.42186711818725514,1,boundary
0.2818194022849242,0.41909267185738747,1,boundary
0.2821520653444026,0.415763727096083,1,boundary
0.282484728403881,0.4124347823347785,1,boundary
0.28296514660409716,0.031387742800419983,1,boundary
0.283309259485978,0.26857794541335384,1,boundary
0.2868767948362965,0.030032741550891823,1,boundary
0.2868941367045057,0.2711153126231446,1,boundary
0.2905764851293591,0.027611374749164933,1,boundary
0.2906644328131657,0.2714122376920283,1,boundary
0.29427617542242157,0.025190007947438038,1,boundary
0.2944347289218257,0.2717091627609121,1,boundary
0.2982050250304857,0.27200608782979585,1,boundary
0.29936739553404357,0.024174561398618278,1,boundary
0.3029163726015378,0.2734053353516084,1,boundary
0.3044586156456656,0.023159114849798518,1,boundary
0.30788209642403624,0.02418201711752963,1,boundary
0.30762772017259,0.27480458287342086,1,boundary
0.31130557720240687,0.02520491938526074,1,boundary
0.3119632842830632,0.27658350000122284,1,boundary
0.31542918337374304,0.023211852366150598,1,boundary
0.3162988483935364,0.2783624171290248,1,boundary
0.31955278954507915,0.021218785347040456,1,boundary
0.3197865807474617,0.2809979338220597,1,boundary
0.323274313101387,0.28363345051509453,1,boundary
0.3236570725038016,0.019206195285303075,1,boundary
0.32629276346245306,0.28579968521527027,1,boundary
0.32776135546252405,0.017193605223565694,1,boundary
0.3293112138235191,0.287965919915446,1,boundary
0.33259238933430346,0.0167674973931205,1,boundary
0.3344490500096912,0.28722983699018934,1,boundary
0.3374234232060828,0.016341389562675303,1,boundary
0.33958688619586336,0.2864937540649327,1,boundary
0.3409892179917331,0.018898036545346518,1,boundary
0.34441792006764416,0.2852154305735971,1,boundary
0.3445550127773834,0.021454683528017732,1,boundary
0.3481244099683022,0.024007690851330865,1,boundary
0.34924895393942496,0.2839371070822615,1,boundary
0.35169380715922105,0.026560698174643994,1,boundary
0.35377048178685044,0.28234607682587287,1,boundary
0.3566652450871044,0.02713594136126439,1,boundary
0.358292009634276,0.2807550465694843,1,boundary
0.36138816551278463,0.2820110257881042,1,boundary
0.36163668301498775,0.027711184547884782,1,boundary
0.3644843213912932,0.28326700500672414,1,boundary
0.3644843213912932,0.2868108931513368,1,boundary
0.3644843213912932,0.2903547812959494,1,boundary
0.3644843213912932,0.29389866944056203,1,boundary
0.3644843213912932,0.2974425575851747,1,boundary
0.3644843213912932,0.3009864457297872,1,boundary
0.3644843213912932,0.30453033387439976,1,boundary
0.36682007888200796,0.027490295055928315,1,boundary
0.3679872271188464,0.30540656715389747,1,boundary
0.3714901328463996,0.3062828004333952,1,boundary
0.3720034747490281,0.027269405563971852,1,boundary
0.37497786520032483,0.30891831712643003,1,boundary
0.3753347797720006,0.029748494926053887,1,boundary
0.37866608479497305,0.03222758428813592,1,boundary
0.37846559755425013,0.3115538338194649,1,boundary
0.3821909865414723,0.03451107485609044,1,boundary
0.38280116166472333,0.31333275094726687,1,boundary
0.3857158882879716,0.03679456542404496,1,boundary
0.38713672577519653,0.3151116680750689,1,boundary
0.39054692215975095,0.03807288891538055,1,boundary
0.39168424782480665,0.31667643531156264,1,boundary
0.39537795603153036,0.039351212406716136,1,boundary
0.3962317698744168,0.3182412025480564,1,boundary
0.39825457451155344,0.3211062598482052,1,boundary
0.39932436670579124,0.330909765213242,1,boundary
0.3993747650967955,0.33432801601697104,1,boundary
0.39942516348779966,0.3377462668207,1,boundary
0.39966032747458047,0.041183872291186426,1,boundary
0.39980087292724065,0.32744054118079796,1,boundary
0.40027737914869005,0.3239713171483539,1,boundary
0.40106712646831566,0.3410328745718252,1,boundary
0.40270908944883166,0.34431948232295034,1,boundary
0.4039426989176306,0.043016532175656715,1,boundary
0.40498440034382155,0.34685629424538733,1,boundary
0.40596541523965557,0.35609796472267835,1,boundary
0.40661256323923356,0.35274553544525133,1,boundary
0.4069563676681796,0.3594865797985535,1,boundary
0.4072597112388115,0.3493931061678243,1,boundary
0.40785434714982993,0.04522374908607524,1,boundary
0.40794732009670365,0.3628751948744286,1,boundary
0.40926161255831983,0.3660169340228651,1,boundary
0.410575905019936,0.36915867317130163,1,boundary
0.4117659953820293,0.047430965996493754,1,boundary
0.41388931807221707,0.3716558395329729,1,boundary
0.4163780918739458,0.04893049099739258,1,boundary
0.4172027311244981,0.37415300589464406,1,boundary
0.4209901883658623,0.050430015998291396,1,boundary
0.42061938622900064,0.37591691783742487,1,boundary
0.4240360413335031,0.37768082978020573,1,boundary
0.4258212222376417,0.051708339489626984,1,boundary
0.4279734007005398,0.375499589895009,1,boundary
0.4306522561094211,0.05298666298096257,1,boundary
0.43191076006757645,0.37331835000981217,1,boundary
0.43548328998120034,0.0542649864722982,1,boundary
0.43594848299592637,0.3712385115905569,1,boundary
0.44031432385297964,0.055543309963633825,1,boundary
0.43998620592427623,0.36915867317130163,1,boundary
0.4436499046067166,0.058018079377700746,1,boundary
0.44398373739946184,0.3670382276610282,1,boundary
0.44698548536045357,0.06049284879176767,1,boundary
0.44798126887464745,0.3649177821507548,1,boundary
0.44973724074667265,0.06355748117348833,1,boundary
0.4516809591677097,0.3624964153490282,1,boundary
0.45248899613289173,0.066622113555209,1,boundary
0.4553806494607719,0.36007504854730155,1,boundary
0.4561323622452972,0.06910038701122242,1,boundary
0.4590803397538341,0.357653681745575,1,boundary
0.45977572835770264,0.07157866046723586,1,boundary
0.4627800300468963,0.3552323149438484,1,boundary
0.46326395181659774,0.07421368097656486,1,boundary
0.46605580446168454,0.3523826483595054,1,boundary
0.46675217527549284,0.07684870148589386,1,boundary
0.4693315788764728,0.34953298177516234,1,boundary
0.4708752903418596,0.0788422646887103,1,boundary
0.4741748517767971,0.3482670238816568,1,boundary
0.4749984054082263,0.08083582789152675,1,boundary
0.47912201157956247,0.08282889491063686,1,boundary
0.47901812467712135,0.3470010659881513,1,boundary
0.4832456177508986,0.08482196192974698,1,boundary
0.48390576969342847,0.3482221928937087,1,boundary
0.48715726598309794,0.08702917884016553,1,boundary
0.48879341470973553,0.3494433197992661,1,boundary
0.4910689142152973,0.08923639575058408,1,boundary
0.49398958379903346,0.34864830072415387,1,boundary
0.4952824556982114,0.09113859739669777,1,boundary
0.49918575288833145,0.3478532816490416,1,boundary
0.49949599718112553,0.09304079904281147,1,boundary
0.5039535839191573,0.09469643165230124,1,boundary
0.5035085437765277,0.3462362414491825,1,boundary
0.507831334664724,0.3446192012493234,1,boundary
0.5084111706571891,0.09635206426179099,1,boundary
0.5111071090795123,0.34746886783366654,1,boundary
0.5131706506459357,0.09770268160697601,1,boundary
0.5143828834943007,0.3503185344180097,1,boundary
0.5179301306346822,0.09905329895216101,1,boundary
0.5179261464564098,0.35155385180450094,1,boundary
0.5214694094185189,0.35278916919099224,1,boundary
0.5217286514684174,0.09932170741141891,1,boundary
0.5255271723021525,0.0995901158706768,1,boundary
0.5258049735289921,0.3513366300986245,1,boundary
0.5293256931358877,0.0998585243299347,1,boundary
0.5301405376394653,0.34988409100625667,1,boundary
0.5331087108664646,0.10014259621689817,1,boundary
0.5331348512089757,0.35270365680165594,1,boundary
0.5361291647784862,0.3555232225970552,1,boundary
0.5368917285970415,0.10042666810386162,1,boundary
0.5397419306467363,0.35803241274808084,1,boundary
0.5406747463276184,0.1007107399908251,1,boundary
0.5433546965149864,0.3605416028991065,1,boundary
0.5450645840213476,0.10243482226788914,1,boundary
0.5477170129421228,0.3622934910525329,1,boundary
0.5494544217150769,0.10415890454495318,1,boundary
0.5520793293692593,0.3640453792059593,1,boundary
0.5531541120081395,0.10658027134668013,1,boundary
0.5568538023012021,0.1090016381484071,1,boundary
0.557235972919617,0.3649947257429039,1,boundary
0.5605534925942646,0.11142300495013406,1,boundary
0.5623926164699748,0.36594407227984854,1,boundary
0.5642531828873271,0.11384437175186102,1,boundary
0.5662151295081648,0.11707803597158269,1,boundary
0.5677415333872656,0.3658469414037943,1,boundary
0.5681770761290026,0.12031170019130435,1,boundary
0.573008110000782,0.11988559236085916,1,boundary
0.5730904503045564,0.3657498105277401,1,boundary
0.5770779914522498,0.36702813401907575,1,boundary
0.5778391438725614,0.11945948453041397,1,boundary
0.5810655325999432,0.36830645751041136,1,boundary
0.5818879102054089,0.12067594967947895,1,boundary
0.5859366765382564,0.12189241482854393,1,boundary
0.58547482010968,0.36915867317130174,1,boundary
0.588129074032753,0.12509277458868218,1,boundary
0.5898841076194169,0.37001088883219213,1,boundary
0.5903214715272497,0.12829313434882042,1,boundary
0.5920259028490304,0.1315699538893646,1,boundary
0.5937303341708112,0.1348467734299088,1,boundary
0.5941164923039995,0.3681277252537518,1,boundary
0.5945825498317017,0.13825712727248762,1,boundary
0.595008657662147,0.1451446021086628,1,boundary
0.5945825498317017,0.14862172310225916,1,boundary
0.5954347654925921,0.14166748111506647,1,boundary
0.5958852334201885,0.15196149279218624,1,boundary
0.5971879170086752,0.1553012624821133,1,boundary
0.5983488769885822,0.3662445616753115,1,boundary
0.6005724195550857,0.1579529543300165,1,boundary
0.6025133209614298,0.364292754779745,1,boundary
0.6039569221014961,0.16060464617791972,1,boundary
0.6060874612537221,0.16381469856744652,1,boundary
0.6066777649342775,0.36234094788417853,1,boundary
0.6082180004059482,0.16702475095697328,1,boundary
0.6110870524440143,0.3614887322232881,1,boundary
0.6120689468552604,0.16923469540085087,1,boundary
0.6159198933045725,0.17144463984472846,1,boundary
0.6154963399537511,0.36063651656239765,1,boundary
0.6167401570148521,0.1405131366289567,1,boundary
0.6180184805061877,0.13748402228453288,1,boundary
0.618221613598364,0.14382489424610817,1,boundary
0.6190814690460383,0.3589516194919965,1,boundary
0.6192968039975233,0.1344549079401091,1,boundary
0.6194999370896996,0.15057883478024872,1,boundary
0.6192968039975233,0.1540210176972378,1,boundary
0.6197030701818761,0.14713665186325964,1,boundary
0.6197229118279686,0.157498138690834,1,boundary
0.6201490196584137,0.16097525968443024,1,boundary
0.6205751274888589,0.1311113212485475,1,boundary
0.6204594684577409,0.17242849051204234,1,boundary
0.6218534509801945,0.1277677345569859,1,boundary
0.6220027290946804,0.1642286887268391,1,boundary
0.6226665981383256,0.3572667224215953,1,boundary
0.6231317744715301,0.12442414786542433,1,boundary
0.623856438530947,0.16748211776924798,1,boundary
0.6244100979628657,0.12108056117386275,1,boundary
0.624427741070928,0.17044722947430208,1,boundary
0.6249990436109092,0.1734123411793562,1,boundary
0.6256884214542013,0.11773697448230133,1,boundary
0.6263662884313879,0.3548453556198687,1,boundary
0.626966744945537,0.11439338779073992,1,boundary
0.6282450684368726,0.11104980109917834,1,boundary
0.6295233919282082,0.10770621440761674,1,boundary
0.63006597872445,0.3524239888181421,1,boundary
0.6334137355681294,0.10585753535508734,1,boundary
0.6343220364201365,0.35056474306403707,1,boundary
0.6373040792080507,0.10400885630255793,1,boundary
0.6385780941158231,0.34870549730993206,1,boundary
0.6408473421701599,0.10382789512248922,1,boundary
0.6434091279876037,0.34742717381859645,1,boundary
0.6443906051322692,0.10364693394242049,1,boundary
0.6471835864609234,0.10137522488950138,1,boundary
0.6482401618593843,0.3461488503272608,1,boundary
0.6499765677895778,0.09910351583658226,1,boundary
0.6534929420932087,0.3461488503272608,1,boundary
0.6551179441416894,0.09902682986604411,1,boundary
0.6587457223270333,0.3461488503272608,1,boundary
0.660259320493801,0.09895014389550594,1,boundary
0.6638529102262023,0.0964215792996039,1,boundary
0.6638676863590043,0.346868896957247,1,boundary
0.6674464999586036,0.09389301470370187,1,boundary
0.6689896503909751,0.34758894358723313,1,boundary
0.6714947687874467,0.09368314716134685,1,boundary
0.6725787146814269,0.3471089125005757,1,boundary
0.6755430376162899,0.09347327961899181,1,boundary
0.6761677789718786,0.34662888141391823,1,boundary
0.6777386667930098,0.09063530232373651,1,boundary
0.6799342959697297,0.08779732502848121,1,boundary
0.6797568432623304,0.3461488503272608,1,boundary
0.6830443750475992,0.3489866379528787,1,boundary
0.683845944201929,0.0855901081180627,1,boundary
0.6843931118711235,0.3602664444825263,1,boundary
0.6840651942251939,0.36330523504621653,1,boundary
0.684721029517053,0.35722765391883604,1,boundary
0.6844913020556391,0.36678235603981285,1,boundary
0.6849174098860843,0.37025947703340917,1,boundary
0.6855264681749605,0.35452603974866637,1,boundary
0.6855099861113079,0.37371051397114063,1,boundary
0.686331906832868,0.35182442557849664,1,boundary
0.6861025623365314,0.3771615509088721,1,boundary
0.6861543973177789,0.3968143460905987,1,boundary
0.6868142270932672,0.3935676716366886,1,boundary
0.6874740568687555,0.3903209971827786,1,boundary
0.6872403349237124,0.4000545435667596,1,boundary
0.6877575924341284,0.08338289120764418,1,boundary
0.6880612230019135,0.38039853506558974,1,boundary
0.688326272529646,0.4032947410429206,1,boundary
0.6883480691224256,0.40670167956126047,1,boundary
0.6883698657152053,0.4101086180796003,1,boundary
0.6887469702680256,0.386978258202543,1,boundary
0.6900198836672956,0.38363551922230743,1,boundary
0.6904786082746516,0.41332208579336616,1,boundary
0.6927290303620117,0.08395067856600325,1,boundary
0.6925873508340978,0.41653555350713206,1,boundary
0.6942917821558786,0.40735623485446376,1,boundary
0.6944990110435398,0.4196919066572645,1,boundary
0.6955701056472142,0.40401264816290217,1,boundary
0.6955701056472142,0.41069982154602536,1,boundary
0.6964106712529817,0.42284825980739704,1,boundary
0.6968484291385498,0.4006690614713405,1,boundary
0.6968484291385498,0.4140434082375869,1,boundary
0.6977004682898951,0.08451846592436232,1,boundary
0.6985528604603306,0.4173202277781311,1,boundary
0.6997651514404059,0.39776313474593755,1,boundary
0.7002572917821115,0.4205970473186753,1,boundary
0.7016121165220945,0.0865725038279409,1,boundary
0.7026818737422619,0.3948572080205346,1,boundary
0.7055237647542939,0.08862654173151947,1,boundary
0.7061249993956964,0.08554598490575505,1,boundary
0.7061823118988835,0.3930867441874934,1,boundary
0.7067262340370988,0.08246542807999062,1,boundary
0.7085422945980009,0.07770091714678426,1,boundary
0.7096827500555052,0.3913162803544522,1,boundary
0.7127874180252926,0.055796418633808756,1,boundary
0.7133607580477804,0.07640989323707356,1,boundary
0.7140093081504946,0.05244398935638075,1,boundary
0.7147015103255153,0.05980438826808579,1,boundary
0.7145137839272846,0.3925946038457878,1,boundary
0.7152311982756966,0.04909156007895274,1,boundary
0.7154141859769176,0.05197373173884896,1,boundary
0.7155971736781388,0.05485590339874519,1,boundary
0.71817922149756,0.07511886932736286,1,boundary
0.7187877624043545,0.054565664937644934,1,boundary
0.7190478804838265,0.061572387597859206,1,boundary
0.7193448177990639,0.39387292733712337,1,boundary
0.7211421412504424,0.07258205740492561,1,boundary
0.7219783511305702,0.05427542647654467,1,boundary
0.7233942506421376,0.06334038692763262,1,boundary
0.7237496558227312,0.06669281620506048,1,boundary
0.724105061003325,0.07004524548248836,1,boundary
0.7245975980328863,0.39472514299801376,1,boundary
0.7258603453523538,0.052352721237418035,1,boundary
0.7281064268336045,0.37198930191186325,1,boundary
0.7286695255429948,0.3750398814584003,1,boundary
0.7292326242523851,0.3780904610049374,1,boundary
0.7292326242523851,0.3816343491495511,1,boundary
0.7292326242523851,0.3851782372941647,1,boundary
0.7297423395741374,0.050430015998291396,1,boundary
0.7296431632134869,0.3886577977854102,1,boundary
0.7298503782667087,0.39557735865890414,1,boundary
0.7300537021745886,0.39213735827665563,1,boundary
0.7313822012483935,0.3691396353275195,1,boundary
0.7345870041814834,0.04916546420407615,1,boundary
0.7346579756631824,0.3662899687431757,1,boundary
0.7394316687888294,0.04790091240986091,1,boundary
0.7396434412104269,0.3660198896354579,1,boundary
0.7424281952990661,0.04536936635508236,1,boundary
0.7446289067576715,0.3657498105277401,1,boundary
0.7454247218093027,0.0428378203003038,1,boundary
0.7452495140095072,0.3740967593368485,1,boundary
0.7470415492311858,0.3773598521575432,1,boundary
0.7478054654846038,0.36765834546152054,1,boundary
0.7481157691105218,0.3718318198660748,1,boundary
0.7488335844528644,0.38062294497823795,1,boundary
0.7488335844528644,0.3841668331228517,1,boundary
0.7488335844528644,0.3877107212674654,1,boundary
0.7495702518314682,0.04183118373211386,1,boundary
0.7507627502149754,0.39059045091217925,1,boundary
0.7509820242115363,0.36956688039530106,1,boundary
0.7526919159770863,0.39347018055689315,1,boundary
0.7537157818536336,0.04082454716392391,1,boundary
0.7568155221484225,0.3954632475760034,1,boundary
0.7573126843910717,0.040506499759466075,1,boundary
0.7609095869285097,0.04018845235500823,1,boundary
0.7609391283197586,0.3974563145951136,1,boundary
0.7645064894659478,0.039870404950550394,1,boundary
0.7650627344910947,0.3994493816142237,1,boundary
0.7661661076810183,0.40636795224013356,1,boundary
0.7676762241717247,0.4039052004367337,1,boundary
0.7681033920033857,0.039398293169710545,1,boundary
0.769186340662431,0.40144244863333384,1,boundary
0.7699043155112142,0.4063212936597381,1,boundary
0.7717002945408238,0.03892618138887069,1,boundary
0.77364252334141,0.40627463507934264,1,boundary
0.7752971970782617,0.03845406960803084,1,boundary
0.7773807311716059,0.4062279764989472,1,boundary
0.7805722109529236,0.0376243175160379,1,boundary
0.7802881203163048,0.40913536564364616,1,boundary
0.7831955094610038,0.41204275478834507,1,boundary
0.7841855409137817,0.41531496814564506,1,boundary
0.7851755723665595,0.41858718150294505,1,boundary
0.7858472248275855,0.03679456542404496,1,boundary
0.7887360777624173,0.4204231511356637,1,boundary
0.7911000050614079,0.035942349763154566,1,boundary
0.7922965831582749,0.42225912076838235,1,boundary
0.7959246947481367,0.4245526911291778,1,boundary
0.7963527852952303,0.035090134102264164,1,boundary
0.800266268794646,0.03493787718920576,1,boundary
0.800333982257873,0.422848259807397,1,boundary
0.8041797522940617,0.03478562027614736,1,boundary
0.8047432697676093,0.42114382848561616,1,boundary
0.8080932357934774,0.034633363363088955,1,boundary
0.8089505802032697,0.41923533135419255,1,boundary
0.8119727489164311,0.034446784770660294,1,boundary
0.8131578906389302,0.417326834222769,1,boundary
0.8158522620393848,0.03426020617823164,1,boundary
0.8172814968102664,0.41533376720365883,1,boundary
0.8197317751623385,0.03407362758580298,1,boundary
0.8214051029816025,0.41334070018454866,1,boundary
0.8235689959730619,0.03384431931736309,1,boundary
0.8253167512138018,0.41113348327413013,1,boundary
0.8274062167837852,0.0336150110489232,1,boundary
0.8292283994460011,0.40892626636371154,1,boundary
0.8312434375945086,0.03338570278048331,1,boundary
0.8328247895791676,0.40902178065352457,1,boundary
0.8348826324441769,0.03324694111138503,1,boundary
0.8364211797123341,0.40911729494333754,1,boundary
0.8385218272938454,0.033108179442286736,1,boundary
0.8400175698455006,0.40921280923315057,1,boundary
0.8421610221435137,0.03296941777318845,1,boundary
0.8452703500793229,0.40921280923315057,1,boundary
0.8458066985136372,0.03339225132925023,1,boundary
0.8494523748837607,0.033815084885312,1,boundary
0.8505231303131453,0.40921280923315057,1,boundary
0.8530980512538842,0.03423791844137378,1,boundary
0.8557759105469678,0.4083605935722602,1,boundary
0.8570855924015776,0.03636845759359976,1,boundary
0.861073133549271,0.03849899674582575,1,boundary
0.8610286907807901,0.4075083779113698,1,boundary
0.8648357281169481,0.040856808751604044,1,boundary
0.8660740865206132,0.4064466331003571,1,boundary
0.8685983226846252,0.04321462075738234,1,boundary
0.8711194822604363,0.4053848882893445,1,boundary
0.8716621391602775,0.04627843723303447,1,boundary
0.8747259556359296,0.049342253708686605,1,boundary
0.875736154264172,0.4038899861176859,1,boundary
0.8770530015714015,0.052521515305049116,1,boundary
0.8793800475068736,0.05570077690141163,1,boundary
0.8803528262679077,0.40239508394602735,1,boundary
0.8814318531902108,0.05892316609639424,1,boundary
0.8834836588735479,0.06214555529137684,1,boundary
0.8847619823648835,0.06548914198293841,1,boundary
0.8856056065017301,0.40154286828513697,1,boundary
0.8860403058562191,0.0688327286745,1,boundary
0.8871126175973323,0.07220859549952928,1,boundary
0.8881849293384454,0.07558446232455857,1,boundary
0.8892431567495582,0.07896253603366969,1,boundary
0.8903013841606711,0.08234060974278082,1,boundary
0.8908583867355525,0.4006906526242466,1,boundary
0.8911535998215615,0.08575096358535979,1,boundary
0.892005815482452,0.08916131742793876,1,boundary
0.892005815482452,0.09270520557255235,1,boundary
0.892005815482452,0.09624909371716596,1,boundary
0.8933529644999432,0.09940095804104157,1,boundary
0.8947001135174344,0.10255282236491717,1,boundary
0.8961111669693749,0.3998384369633562,1,boundary
0.8967618271435047,0.10559272103192405,1,boundary
0.8988235407695752,0.10863261969893094,1,boundary
0.9001543358732256,0.11196798457476118,1,boundary
0.9014851309768759,0.11530334945059141,1,boundary
0.9013639472031973,0.3989862213024658,1,boundary
0.9044803532272161,0.11780752482094789,1,boundary
0.9051469649337742,0.39927029318942925,1,boundary
0.9074755754775564,0.12031170019130435,1,boundary
0.9089299826643511,0.3995543650763927,1,boundary
0.9123066093493358,0.12159002368263995,1,boundary
0.912713000394928,0.39983843696335614,1,boundary
0.9171376432211152,0.12286834717397555,1,boundary
0.9179657806287504,0.4006906526242466,1,boundary
0.9219686770928948,0.12414667066531113,1,boundary
0.9232185608625728,0.401542868285137,1,boundary
0.9267997109646742,0.1254249941566467,1,boundary
0.9270015785931497,0.40182694017210047,1,boundary
0.9303239909942131,0.12802358521815327,1,boundary
0.9307845963237267,0.4021110120590639,1,boundary
0.9338482710237522,0.1306221762796598,1,boundary
0.9345676140543036,0.40239508394602735,1,boundary
0.9371240454385412,0.13347184286400354,1,boundary
0.9383506317848805,0.4021110120590639,1,boundary
0.9403998198533302,0.1363215094483473,1,boundary
0.9421336495154574,0.40182694017210047,1,boundary
0.9434636363289823,0.1393853259239995,1,boundary
0.9459166672460344,0.401542868285137,1,boundary
0.9465274528046345,0.14244914239965165,1,boundary
0.9490390148718253,0.14544197970016964,1,boundary
0.9507477011178138,0.4019689761155822,1,boundary
0.9515505769390162,0.1484348170006876,1,boundary
0.9545884991550145,0.15129832710355912,1,boundary
0.9555787349895932,0.40239508394602735,1,boundary
0.9576264213710128,0.15416183720643065,1,boundary
0.9602187613126936,0.15729952968880145,1,boundary
0.9608315152234156,0.40324729960691774,1,boundary
0.9628111012543743,0.16043722217117223,1,boundary
0.9651381471898464,0.1636164837675347,1,boundary
0.966084295457238,0.40409951526780813,1,boundary
0.9674651931253184,0.16679574536389719,1,boundary
0.9697922390607905,0.16997500696025966,1,boundary
0.9713370756910604,0.4049517309286985,1,boundary
0.9721192849962627,0.17315426855662214,1,boundary
0.9737095603915547,0.176448975273695,1,boundary
0.9752998357868466,0.17974368199076785,1,boundary
0.9766897165096147,0.18306978869725063,1,boundary
0.9765898559248828,0.40580394658958896,1,boundary
0.9780795972323826,0.1863958954037334,1,boundary
0.9793579207237182,0.189739482095295,1,boundary
0.9802924661514293,0.40600677944243735,1,boundary
0.9806362442150538,0.1930830687868566,1,boundary
0.9819145677063893,0.19642665547841817,1,boundary
0.9831928911977248,0.19977024216997974,1,boundary
0.9839950763779757,0.4062096122952857,1,boundary
0.9848706945332737,0.2030512340693754,1,boundary
0.9865484978688225,0.20633222596877104,1,boundary
0.9874539695021769,0.3439398436725384,1,boundary
0.9874539695021769,0.3474837318171521,1,boundary
0.9874539695021769,0.35102761996176585,1,boundary
0.9878800773326221,0.34046272267894206,1,boundary
0.9878377118033457,0.3545113792414697,1,boundary
0.9876976866045222,0.40641244514813407,1,boundary
0.9882795571768352,0.20960487315046372,1,boundary
0.9883061851630672,0.3369856016853457,1,boundary
0.9882214541045143,0.35799513852117354,1,boundary
0.9887322929935125,0.3335084806917493,1,boundary
0.9891584008239577,0.330031359698153,1,boundary
0.9900106164848481,0.2128775203321564,1,boundary
0.9900106164848481,0.326621005855574,1,boundary
0.9908628321457384,0.32321065201299504,1,boundary
0.9917150478066289,0.21615433987270047,1,boundary
0.9917150478066289,0.3198002981704161,1,boundary
0.9916726822773525,0.3602744989911289,1,boundary
0.9922630141882467,0.4052123439641525,1,boundary
0.9925672634675193,0.3163899443278371,1,boundary
0.9929933712979645,0.31291282333424075,1,boundary
0.9934194791284097,0.21943115941324454,1,boundary
0.9938455869588549,0.2988708050578206,1,boundary
0.9934194791284097,0.3023479260514169,1,boundary
0.9934194791284097,0.3058918141960306,1,boundary
0.9934194791284097,0.3094357023406444,1,boundary
0.9942716947893001,0.2228415132558235,1,boundary
0.9942716947893001,0.2953936840642242,1,boundary
0.9946978026197453,0.29191656307062785,1,boundary
0.9951239104501906,0.22625186709840245,1,boundary
0.9951239104501906,0.2813516657878042,1,boundary
0.9951239104501906,0.28489555393241783,1,boundary
0.9951239104501906,0.28843944207703154,1,boundary
0.9951239104501906,0.36255385946108426,1,boundary
0.9959761261110809,0.2743974238006115,1,boundary
0.9955500182806357,0.2778745447942078,1,boundary
0.9955500182806357,0.3660309804546806,1,boundary
0.9959761261110809,0.3695081014482769,1,boundary
0.9964022339415262,0.22959545378996404,1,boundary
0.9964022339415262,0.2709203028070153,1,boundary
0.9964022339415262,0.37298522244187327,1,boundary
0.9968283417719713,0.26744318181341914,1,boundary
0.9968283417719713,0.3764623434354697,1,boundary
0.9968283417719713,0.4040122427801709,1,boundary
0.9972544496024165,0.26396606081982277,1,boundary
0.9972544496024165,0.379939464429066,1,boundary
0.9976805574328618,0.23293904048152564,1,boundary
0.9976805574328618,0.26048893982622634,1,boundary
0.9976805574328618,0.38341658542266227,1,boundary
0.9981066652633069,0.38689370641625864,1,boundary
0.997719571701152,0.4006080021121376,1,boundary
0.9985327730937521,0.23634939432410446,1,boundary
0.998355159131409,0.2570507555205598,1,boundary
0.9985327730937521,0.39037082740985507,1,boundary
0.9985717873620424,0.3937872944269797,1,boundary
0.9986108016303328,0.3972037614441043,1,boundary
0.9990297608299564,0.25361257121489317,1,boundary
0.9993849887546425,0.2397597481666833,1,boundary
0.9996924943773213,0.24321828529265005,1,boundary
0.9995148804149783,0.250144696816755,1,boundary
1.0,0.24667682241861677,1,boundary
0.6476411450913966,0.24416171804565207,1,interior
0.6448601168629632,0.23864817531055033,1,interior
0.6532247171284723,0.24811990883518673,1,interior
0.6430316082623498,0.24860950955737304,1,interior
0.6403800710249877,0.24242018839169868,1,interior
0.6534183826888537,0.2427569389085365,1,interior
0.6482836025166845,0.25037118358983806,1,interior
0.6369836662031735,0.24835606844976743,1,interior
0.6354846477415994,0.2384601162349127,1,interior
0.6340736033421374,0.24378818784769782,1,interior
0.6394803700560531,0.23472076895451882,1,interior
0.6249621354986533,0.2469520084382776,1,interior
0.629052479790741,0.2441738914527948,1,interior
0.6388424649061124,0.25700276734216615,1,interior
0.6345380998416171,0.25425524878200184,1,interior
0.6461164728552496,0.23312626522480662,1,interior
0.651235801353103,0.23753996147258696,1,interior
0.6447501707074491,0.2549575777978435,1,interior
0.6427351155308709,0.26490406292153956,1,interior
0.6415239723804278,0.2602832682574121,1,interior
0.6477535144570654,0.25976039714837496,1,interior
0.6346785361033456,0.26132173512068424,1,interior
0.6513779615694826,0.23170933842942584,1,interior
0.6480924082476542,0.22649987621578616,1,interior
0.6364237227317393,0.22806612313004182,1,interior
0.6423165386939388,0.2292059740983206,1,interior
0.648564433167637,0.2700862668270326,1,interior
0.6356395686882059,0.26820483552490243,1,interior
0.6390352879633998,0.2739255615211759,1,interior
0.6362234328321417,0.22082573108488204,1,interior
0.6419616043373128,0.22378728485577196,1,interior
0.657349478381394,0.23265747091841568,1,interior
0.6577694236063261,0.2390498734051778,1,interior
0.6584757297359914,0.24470862253007306,1,interior
0.6593214728640143,0.25537979962496604,1,interior
0.6503607893195246,0.26423685987534556,1,interior
0.6549772732988605,0.272933218763862,1,interior
0.6511669696775045,0.27697420474535744,1,interior
0.6547045877980201,0.25960113114792477,1,interior
0.6571584791985374,0.26428057253751,1,interior
0.6584208811889731,0.2691417776720956,1,interior
0.6321660685196947,0.23354184849641638,1,interior
0.6335185219436639,0.27388249197462217,1,interior
0.6363023758420466,0.2793552592781992,1,interior
0.6451474635970548,0.2749777757352678,1,interior
0.6422446229467811,0.2699178343510825,1,interior
0.6541348485028561,0.227538357530086,1,interior
0.6622914902947161,0.235947992162654,1,interior
0.6643935875352256,0.23057656512525898,1,interior
0.6593414040784924,0.22589744015848437,1,interior
0.6244749809303354,0.240809132847528,1,interior
0.6246859408750879,0.25221538436805163,1,interior
0.6293737083765257,0.25602369993599655,1,interior
0.6191076283349318,0.24941955849613542,1,interior
0.6585470411740001,0.2504860952725238,1,interior
0.6336773526110996,0.28465749404971236,1,interior
0.6298238391135564,0.27824527421958173,1,interior
0.6415003442685026,0.2789126417715506,1,interior
0.66317421366654,0.24687042611436755,1,interior
0.664295876712276,0.2414730961182716,1,interior
0.6703327330442657,0.23225131335090338,1,interior
0.669987168509126,0.2274181180138668,1,interior
0.6648033995601201,0.2239347390270996,1,interior
0.6677762130382455,0.2365046467566895,1,interior
0.629768383629353,0.2656170454698401,1,interior
0.6746011010271781,0.22401146543974593,1,interior
0.6758711439412975,0.23031852976322806,1,interior
0.6698488651762096,0.22229729891940267,1,interior
0.6617515004055408,0.2608995854591539,1,interior
0.6523740423622172,0.2543665518176272,1,interior
0.6713507233293785,0.24145512280590462,1,interior
0.6770285168832408,0.2405175405215369,1,interior
0.668891392764015,0.24612733705978954,1,interior
0.6764850249408074,0.2462894575018379,1,interior
0.6411326363954696,0.2849910952857867,1,interior
0.6461746776936104,0.2811547399990221,1,interior
0.6505587612527559,0.28280969543233075,1,interior
0.613741669934851,0.2536445946616124,1,interior
0.6141054009558957,0.24419835958464067,1,interior
0.6194201359641381,0.2554352069241887,1,interior
0.6240393755862377,0.25721379613756407,1,interior
0.6141077138418864,0.24892079606377474,1,interior
0.6380323884137107,0.2902300790573878,1,interior
0.6328333902328502,0.29044098508158045,1,interior
0.6267583057087901,0.2839115135938852,1,interior
0.6242583515714868,0.2797053460540908,1,interior
0.6282006116152846,0.27102376843702397,1,interior
0.6548235638656914,0.2814861953470658,1,interior
0.6581259598853626,0.27806360391138657,1,interior
0.6303049476268401,0.22866643058817346,1,interior
0.6676320070127744,0.259626751534731,1,interior
0.6671356338421203,0.26362141718885107,1,interior
0.6648226180146631,0.25625467448406347,1,interior
0.6633685253060545,0.267400241916565,1,interior
0.6651916038614452,0.25154869718577877,1,interior
0.6700063704161555,0.2675712772557266,1,interior
0.6673319037607292,0.27296615229902904,1,interior
0.6209839985667063,0.27129788974993424,1,interior
0.6234357178439026,0.2662707479435316,1,interior
0.680301043007482,0.25182794542806286,1,interior
0.6836936437555557,0.24660177417781962,1,interior
0.6753318430310244,0.252333354797792,1,interior
0.6822871593952208,0.24133211807579272,1,interior
0.6712122388489541,0.2501894964888186,1,interior
0.6157100269224606,0.259898386232946,1,interior
0.6207091172315548,0.26145852942006925,1,interior
0.6159535247797955,0.2668011172886473,1,interior
0.6195504634445735,0.2773113441638164,1,interior
0.6246846411486481,0.2750743844791365,1,interior
0.6152536073173073,0.2738615665247093,1,interior
0.6058638201349663,0.2721802978672566,1,interior
0.6092798928073556,0.2762269206225853,1,interior
0.6139547783750808,0.28047215601929776,1,interior
0.6109864081534866,0.2581122077955164,1,interior
0.6614683675673754,0.27369828149596565,1,interior
0.6536509485090305,0.2679751867414011,1,interior
0.6185463856599183,0.23963075389135238,1,interior
0.6136054974958297,0.23839898921681826,1,interior
0.6163442120322211,0.23432321395502387,1,interior
0.6085571241570763,0.24881736279122343,1,interior
0.6066657355563333,0.2810572369297693,1,interior
0.6081046079058365,0.26651680455339355,1,interior
0.602089857887794,0.277380464661617,1,interior
0.6279752044668175,0.2936317598018458,1,interior
0.6202074040210376,0.2833539029885486,1,interior
0.6286292601008002,0.2882071459328996,1,interior
0.622395078844068,0.28918180086089623,1,interior
0.6729756141436667,0.2617145021957295,1,interior
0.6481301224713308,0.2877401754624989,1,interior
0.6267480725686903,0.23588560643204345,1,interior
0.6070863997472647,0.2544984111607185,1,interior
0.6017832373377353,0.2451176299155756,1,interior
0.6854520430107371,0.25189489065565435,1,interior
0.6890772052801171,0.24821468173231484,1,interior
0.6938670983172113,0.24485449062309503,1,interior
0.6489923164319915,0.293878320416438,1,interior
0.6438322286584889,0.2919083051863254,1,interior
0.6539281777197682,0.2918795870259092,1,interior
0.6542127714456131,0.2864980282693735,1,interior
0.6707319668077164,0.2555836790741893,1,interior
0.6834797197444312,0.2569077075891486,1,interior
0.6347083775214292,0.2953652123722849,1,interior
0.6803732281217447,0.2624015451172443,1,interior
0.6799804630403319,0.26852379711278407,1,interior
0.6772104817447687,0.25720791016764283,1,interior
0.6198853904195305,0.22900756238739814,1,interior
0.682669245686281,0.2298685530612543,1,interior
0.6791299104205261,0.22562753536516747,1,interior
0.6318741828712802,0.22463903122295736,1,interior
0.6256417225407989,0.22484991892160774,1,interior
0.6536805452921325,0.22197604498788182,1,interior
0.64743851995403,0.2199484116247661,1,interior
0.6056828119562299,0.23556200383487966,1,interior
0.6092982616870629,0.23954825791323228,1,interior
0.6140983296505965,0.2300425514536364,1,interior
0.5997865229683382,0.2839370371660424,1,interior
0.6027612288879234,0.26817166279503524,1,interior
0.5963258335444511,0.2741670935664686,1,interior
0.5952571392617267,0.27986379415304247,1,interior
0.6597526850522334,0.2187646252247788,1,interior
0.6115360668612838,0.2629775109809256,1,interior
0.6797992858973826,0.23554116289613813,1,interior
0.6888596019470129,0.2414524294855333,1,interior
0.6855441561589756,0.23575167834286315,1,interior
0.6955782204913861,0.23800626469073868,1,interior
0.6652272577706747,0.2802720598796716,1,interior
0.6595900833330433,0.2838061288438148,1,interior
0.6979454157376056,0.24967893272666383,1,interior
0.6991235812321678,0.24408765837993407,1,interior
0.6931164725975486,0.2504284193480186,1,interior
0.6836995864350423,0.22330763199089,1,interior
0.6871350683240159,0.22616078330569675,1,interior
0.6635658681635279,0.2879944524691236,1,interior
0.6586166440305993,0.28919339660964416,1,interior
0.6064851079270294,0.2605174572236124,1,interior
0.6019814782399545,0.26345129703358344,1,interior
0.6711645754082111,0.27694268399986954,1,interior
0.6743075543729578,0.27204723540163794,1,interior
0.6898353332719219,0.2550751323181633,1,interior
0.6876337639039454,0.2608694506034831,1,interior
0.6755481963998665,0.26631043102858065,1,interior
0.6011166050680997,0.256997375184394,1,interior
0.5964760791138147,0.2614458408413787,1,interior
0.5969870620802984,0.26758689861725377,1,interior
0.6050887989679072,0.2863800658945925,1,interior
0.5948599239720531,0.28916668730896844,1,interior
0.5934376474207551,0.2846126604590942,1,interior
0.6149582537068928,0.22533164767146388,1,interior
0.6169896223914255,0.2925531428729774,1,interior
0.6152808216089822,0.28745402635281436,1,interior
0.6255916246404328,0.29826563950545115,1,interior
0.6213645171330985,0.29531493914361956,1,interior
0.6460881714069657,0.2989674473814087,1,interior
0.6385237678538115,0.301178768977963,1,interior
0.6792041193940506,0.2195714766664994,1,interior
0.6731267961155095,0.21824984944720338,1,interior
0.6599734635002523,0.2944544306421059,1,interior
0.5908436652114583,0.26395316545805886,1,interior
0.5909097655153341,0.2765488261909122,1,interior
0.5875871370944618,0.2729166105093583,1,interior
0.5919045862572517,0.27036823647897834,1,interior
0.5868398472327642,0.26793279368103323,1,interior
0.6314393698548578,0.29938643106665175,1,interior
0.639259780577302,0.3075500298464396,1,interior
0.6403373255023345,0.29584703219973546,1,interior
0.6448817430248273,0.30463067092365054,1,interior
0.6330837554934384,0.3057596601586372,1,interior
0.600711075941776,0.23431421300158925,1,interior
0.6048287329424711,0.23022469591393394,1,interior
0.5985691718097459,0.2388560392689291,1,interior
0.6102621518089452,0.23355867895570873,1,interior
0.6037627274462437,0.2398878848193744,1,interior
0.6193530139857415,0.22247026229099498,1,interior
0.6686068467056407,0.28697800062403633,1,interior
0.6722443585012906,0.2820284382744878,1,interior
0.666351566305509,0.2935708282922333,1,interior
0.6532563264760191,0.29767569736026195,1,interior
0.6638433001841412,0.2998830893654238,1,interior
0.6579374876793251,0.30023683849996746,1,interior
0.6103688158134151,0.2844406005997692,1,interior
0.6270663501935506,0.261241417156409,1,interior
0.6780373972888177,0.29127695591746666,1,interior
0.6738601921965933,0.28731205213230215,1,interior
0.6716518488713507,0.29256716518550463,1,interior
0.7038132552105704,0.24907534791026345,1,interior
0.7003052414435805,0.255448064250778,1,interior
0.7000755591374753,0.23995110891803134,1,interior
0.6096403052445117,0.22697168992951136,1,interior
0.6111576572916595,0.2708913044937775,1,interior
0.7049611284817487,0.2415989751972948,1,interior
0.692412249922968,0.22585707373316674,1,interior
0.689429796618252,0.2212337536294624,1,interior
0.6942292845960102,0.23107084752953702,1,interior
0.6908411174733627,0.23543501693184493,1,interior
0.698641412071907,0.23212266997727285,1,interior
0.5847140574100198,0.2771580200419077,1,interior
0.5879072453493591,0.2822181067548245,1,interior
0.682755478145237,0.28764836059989457,1,interior
0.6845161980684686,0.2935014612112664,1,interior
0.6797462890131074,0.29787223447935657,1,interior
0.6781004769740364,0.28437742459433374,1,interior
0.6747719891739307,0.29664647686794887,1,interior
0.6986586763543017,0.2261468250355259,1,interior
0.695424171922176,0.22064444314705497,1,interior
0.5967979395333691,0.25244739008244255,1,interior
0.6578184978929159,0.21249275336787288,1,interior
0.6667842124772521,0.21807966947182866,1,interior
0.6384621758038664,0.2143287888380506,1,interior
0.6418362415520156,0.21840520381967102,1,interior
0.632057459671208,0.21588359178800096,1,interior
0.707222126555306,0.23506775496156274,1,interior
0.7115423174147947,0.23940373892720082,1,interior
0.6451446668694717,0.21384197757486909,1,interior
0.7018211794104606,0.26168188530519465,1,interior
0.7058967740583477,0.25609921958341747,1,interior
0.7095245761022176,0.25133559803128563,1,interior
0.6948716402456656,0.2600839995279624,1,interior
0.6006676044251206,0.2721306627413099,1,interior
0.5801055608277748,0.2813310580555793,1,interior
0.5888931370624829,0.2880516197658574,1,interior
0.6738640774337799,0.23616867569977437,1,interior
0.5900243581180178,0.25297844299931604,1,interior
0.5953623384483925,0.2562902705128175,1,interior
0.5915658593537402,0.258658537344681,1,interior
0.5952003063111703,0.2477096644588054,1,interior
0.5962457631508842,0.24281304872374188,1,interior
0.5884615376177182,0.24680220148311893,1,interior
0.6797576386448648,0.3039417826790138,1,interior
0.6886737855448425,0.297427604743214,1,interior
0.6754216740320201,0.3025449135219152,1,interior
0.6524559425010354,0.3043224562994197,1,interior
0.6887801674689057,0.28708160029904395,1,interior
0.6836136562796339,0.28221530374083476,1,interior
0.5992642032243966,0.22826779535294292,1,interior
0.5945084401723807,0.23303321167625296,1,interior
0.5935121202020566,0.23831705129592778,1,interior
0.601390156282335,0.29553848153341095,1,interior
0.6056123463239327,0.2916816198336888,1,interior
0.6003034169125582,0.29008656447260694,1,interior
0.6205186911127629,0.301281087835463,1,interior
0.6271019393791485,0.30288540639278144,1,interior
0.6155162543314842,0.29806716104076675,1,interior
0.6526296516477285,0.311619616034435,1,interior
0.6600090112506044,0.30478028236346894,1,interior
0.65682912180686,0.3089404694095739,1,interior
0.6484536759771851,0.30897935531984555,1,interior
0.6037659213634546,0.3003873701350747,1,interior
0.6065383033746661,0.296160503107503,1,interior
0.6098522515126014,0.29969639492281125,1,interior
0.5971815612692274,0.30019058109802316,1,interior
0.5958364415026006,0.29458004127036524,1,interior
0.6522483504742324,0.21521607275882748,1,interior
0.6405585367972941,0.3136647290504885,1,interior
0.6307280215756228,0.31135521116410836,1,interior
0.6279992062832379,0.2119983739209272,1,interior
0.6344366076128004,0.20997872878692983,1,interior
0.6249677234936616,0.21805380239853042,1,interior
0.6114089897250565,0.2935152633210735,1,interior
0.6115938705259115,0.2199646263537373,1,interior
0.6856687363602809,0.21766367615214707,1,interior
0.6819764106019486,0.2144406063299764,1,interior
0.6767451218147261,0.21350128466462703,1,interior
0.6642291814122812,0.2129544816467505,1,interior
0.5906901537600162,0.2983324103579224,1,interior
0.5914191091847579,0.3022318402521167,1,interior
0.5950642719245841,0.30596812926054606,1,interior
0.5879590440901786,0.23629263079195847,1,interior
0.5887408707089382,0.22993393327574616,1,interior
0.5937758643510126,0.2262886614100831,1,interior
0.6919631321703849,0.21528516192657024,1,interior
0.6867815231102381,0.2115198954688938,1,interior
0.6953846003470812,0.25459438522198896,1,interior
0.6853527230293338,0.26604008473462465,1,interior
0.6457716340783672,0.2042827182729622,1,interior
0.641142384578883,0.2082055297236077,1,interior
0.6534878152825552,0.20898064948371675,1,interior
0.6482348961977732,0.20899841805619537,1,interior
0.5829270920650211,0.23182080542916958,1,interior
0.585913001101935,0.24145279284009696,1,interior
0.580418525480363,0.23804507528633165,1,interior
0.5910884336725026,0.24241103089388302,1,interior
0.6697677959354472,0.2996782153212087,1,interior
0.5846307105917999,0.2500555820890101,1,interior
0.5824458943999765,0.24481317953717488,1,interior
0.6214012344777289,0.21284260681411185,1,interior
0.58282684272124,0.27150121603994415,1,interior
0.6518498961400706,0.2028899169836195,1,interior
0.578959309992343,0.2745964764768082,1,interior
0.5739058384226015,0.2814955915151644,1,interior
0.5826020076985597,0.2870520247912521,1,interior
0.5755000099749947,0.28717314173358954,1,interior
0.6203042602304494,0.2443714380075984,1,interior
0.6663523077996614,0.3064589531258846,1,interior
0.6775987001348902,0.2782570127061471,1,interior
0.6577073396517085,0.199400954575937,1,interior
0.6524238765692224,0.19562878689841454,1,interior
0.6580527260510852,0.2057812355827873,1,interior
0.6467603716845881,0.1991383499684126,1,interior
0.6985680561151754,0.21561698172721458,1,interior
0.6965182608449567,0.21140904883619208,1,interior
0.6918266539684019,0.20861610686853774,1,interior
0.6889271985706408,0.2696538826948808,1,interior
0.6845841431729802,0.27156026864516186,1,interior
0.6798833109423607,0.2735557204795686,1,interior
0.684125207285233,0.2770032051986888,1,interior
0.6892896832758714,0.27465975517396746,1,interior
0.5987399819442565,0.22227747639246034,1,interior
0.6257912856502194,0.23103875839395618,1,interior
0.6300174057134436,0.22063573957392296,1,interior
0.6894351249079468,0.28046498351902144,1,interior
0.6944755995301417,0.29044938134106096,1,interior
0.6903947027637148,0.29301963318844193,1,interior
0.579810871224704,0.2927896083329595,1,interior
0.5686670673465551,0.2904514941329542,1,interior
0.6847406149355267,0.3012165969559995,1,interior
0.575235041364634,0.2770500835703965,1,interior
0.5819149338142111,0.2663429402255796,1,interior
0.5778150966573544,0.2683529121128107,1,interior
0.5727334376068377,0.27164987396424695,1,interior
0.5890120428393691,0.22416234435300925,1,interior
0.5788848631668305,0.22692428908237228,1,interior
0.5843375970902097,0.22584388337219385,1,interior
0.6829546106666896,0.3075135501072865,1,interior
0.6885906108654218,0.30697904872831955,1,interior
0.6097225263640527,0.28883667379658917,1,interior
0.6688234325610407,0.20850152249898407,1,interior
0.664234369762108,0.20677483515398154,1,interior
0.660896590854402,0.20957913533714945,1,interior
0.6707783457324054,0.21308369417651604,1,interior
0.6618606049277361,0.30989851919139805,1,interior
0.6357639675744228,0.20357001134274047,1,interior
0.6409942845413018,0.20161048414660065,1,interior
0.67467642924079,0.20731588216093844,1,interior
0.637066970479999,0.19656126702012602,1,interior
0.630901036774348,0.19904098843866969,1,interior
0.6812294361343132,0.20914822561265103,1,interior
0.608271795271255,0.21279949046034188,1,interior
0.604216707131164,0.21803744663473948,1,interior
0.614667674920596,0.2130733249993758,1,interior
0.6182488432176628,0.217610293292813,1,interior
0.5928879772671397,0.2198572474463241,1,interior
0.5858826026414148,0.21950718023211652,1,interior
0.6375523566621111,0.19035468520686577,1,interior
0.6281151248716477,0.1941491634027501,1,interior
0.641674053743147,0.1917813162007764,1,interior
0.5912168475619279,0.31036974454552324,1,interior
0.6042845204384,0.309583782350621,1,interior
0.5984468866737941,0.31099122988873057,1,interior
0.623618790075553,0.19807783113743432,1,interior
0.6302664517361712,0.20595950916220315,1,interior
0.6330360486863932,0.19229678731455283,1,interior
0.7018401266152479,0.2359635603870981,1,interior
0.6465411528719806,0.1936405562629616,1,interior
0.6422383206682245,0.19663377787763667,1,interior
0.6245903256494777,0.1857864407691515,1,interior
0.6236135359452795,0.19165327803394247,1,interior
0.6292224674573818,0.18851501261057887,1,interior
0.6243452021457483,0.20778427388719925,1,interior
0.6460880066148217,0.18776748379715083,1,interior
0.6413077558070629,0.18615295910948623,1,interior
0.7133323009579507,0.2525829179734489,1,interior
0.7084916992290623,0.26180879462731976,1,interior
0.7122669730089751,0.25741768122640313,1,interior
0.6138225367736471,0.3043061266166616,1,interior
0.6158349471148025,0.3102835402051747,1,interior
0.6233120152874887,0.305624578951353,1,interior
0.6187918885185438,0.30623925496432197,1,interior
0.7174749691542227,0.25380218262659643,1,interior
0.7144879149377349,0.2644263517154724,1,interior
0.7104112259443385,0.2669837404651255,1,interior
0.6867220243159827,0.3118657258361285,1,interior
0.6765379658945115,0.31006774678227395,1,interior
0.6902476081301384,0.3019852633237809,1,interior
0.6076856803306663,0.2440418307420437,1,interior
0.6717002147364743,0.31701676842530324,1,interior
0.6706179994430685,0.31120314764289475,1,interior
0.6813211400635185,0.3124226483751447,1,interior
0.6785957898872663,0.31766371525931225,1,interior
0.7157229606645966,0.2483482403990766,1,interior
0.6180881015034297,0.2076001800007126,1,interior
0.5741460187706806,0.23951806550329433,1,interior
0.5746585818864494,0.23555719168614817,1,interior
0.5767739422457206,0.24396789044137676,1,interior
0.5771414821192703,0.23173303374331725,1,interior
0.6886566076726343,0.23061938151082448,1,interior
0.562137028333182,0.2922021677347502,1,interior
0.5630386561525828,0.28513663126618993,1,interior
0.5714578621803617,0.29631465964731113,1,interior
0.5660401554093089,0.29765665668183006,1,interior
0.5690240667734788,0.2835710079522898,1,interior
0.5697058821574964,0.27714775012961185,1,interior
0.6940832230554581,0.30563761228765357,1,interior
0.692880345258705,0.3128759192050047,1,interior
0.6656787869976896,0.3137008704858915,1,interior
0.6587690920912846,0.31461863407872126,1,interior
0.6984129559191196,0.3165072005961857,1,interior
0.6920442090500705,0.32143257460755803,1,interior
0.6987189255497812,0.30974415010457396,1,interior
0.6459945296991244,0.1811328829218082,1,interior
0.6351351707195229,0.18557013672943715,1,interior
0.6399902610946866,0.18149320704290303,1,interior
0.693613589147016,0.27096327572232465,1,interior
0.5863470282670257,0.3142350784465113,1,interior
0.5929203150542789,0.31487695469728794,1,interior
0.5892967769676636,0.30606542611188603,1,interior
0.5846054128407433,0.3089212222584388,1,interior
0.701522135113407,0.22036213229366972,1,interior
0.7036912678005697,0.23027001758266327,1,interior
0.5849933200017317,0.2630815317943826,1,interior
0.5903419850743264,0.2148271585196153,1,interior
0.5809158936285754,0.2218202287201004,1,interior
0.5794146471903984,0.21603428758781432,1,interior
0.5850740227338914,0.21425755925291706,1,interior
0.6992049955099883,0.30338050291763924,1,interior
0.7037639073142067,0.30661333695366133,1,interior
0.7048928629620865,0.3117658124695137,1,interior
0.625239916875966,0.17959749023667815,1,interior
0.6180487230899249,0.18878441487621664,1,interior
0.6155633173826746,0.18275410786048238,1,interior
0.6639535292355889,0.3197383880883012,1,interior
0.7097313927163093,0.24561445271763757,1,interior
0.5689054499694273,0.23629231727670025,1,interior
0.5702181811515663,0.24316010475633368,1,interior
0.5678790481847662,0.23033978573184802,1,interior
0.5723798981347076,0.2269759033826389,1,interior
0.694740436670117,0.29801586668898794,1,interior
0.6301726468394608,0.1824576304612827,1,interior
0.5758903662116237,0.22207699066185851,1,interior
0.6467238861646429,0.3146973297758408,1,interior
0.6438700180798828,0.30999649501947013,1,interior
0.652501551299255,0.31721066940188664,1,interior
0.5847558851457942,0.30254040502939844,1,interior
0.5845417369475966,0.2969282794391953,1,interior
0.5797752336129335,0.3133261639514399,1,interior
0.578243784274094,0.3070354909547814,1,interior
0.7179953342277887,0.2395362388656368,1,interior
0.722800652144182,0.24979408779405596,1,interior
0.5777467686388176,0.20974822646068345,1,interior
0.573718399362633,0.21789883772659113,1,interior
0.582839492770917,0.20991990355691806,1,interior
0.5737124032472487,0.21280071269700016,1,interior
0.577696205856293,0.29935521441601787,1,interior
0.5850960941941087,0.2918718484305444,1,interior
0.590118139258271,0.29336912640269897,1,interior
0.582617300227735,0.2548135572183027,1,interior
0.5862479930785671,0.2587011513797167,1,interior
0.7098755004441514,0.22890937448750134,1,interior
0.7050301953608931,0.22470521757562092,1,interior
0.6511005712482776,0.18479681823711894,1,interior
0.65512533326453,0.18913528752038392,1,interior
0.6883436592253798,0.3283593133483576,1,interior
0.6848611071536647,0.32045675084093056,1,interior
0.6940789299152539,0.327942312130644,1,interior
0.6994021764306355,0.32380051203437316,1,interior
0.7120887415077645,0.23353264965624349,1,interior
0.6957848378594803,0.333615404566667,1,interior
0.6900492547025414,0.33336824820451655,1,interior
0.6858367381453864,0.32487565471104474,1,interior
0.6994802529201303,0.3296790981895731,1,interior
0.621813404393348,0.3103828483303388,1,interior
0.6272626810723471,0.30840742426589124,1,interior
0.6627391373848817,0.20218423467523858,1,interior
0.7281764639690149,0.25062070997196967,1,interior
0.7219344549405877,0.2558204101074497,1,interior
0.7267027212500917,0.2552107284428097,1,interior
0.7220392381167356,0.244257374518825,1,interior
0.6255666740011633,0.3145503354037027,1,interior
0.6312527384885457,0.3165619708140236,1,interior
0.6365120089450998,0.3180944167775382,1,interior
0.7019608307824735,0.3204231520043914,1,interior
0.7040204671527388,0.3169953088368173,1,interior
0.6216202163499311,0.31929738600766167,1,interior
0.6189106554867424,0.31513470649053904,1,interior
0.626449762573792,0.32064894486886303,1,interior
0.5597960636505004,0.27491375898638326,1,interior
0.5654176587225707,0.272293662753087,1,interior
0.6320116346325442,0.3222365237512878,1,interior
0.6194207788496213,0.1772015309486398,1,interior
0.6108694184223291,0.1884863791382563,1,interior
0.6131761600952599,0.1761438189082347,1,interior
0.6106382485247176,0.18197316161964797,1,interior
0.7028094383138034,0.21089526020511132,1,interior
0.6977726291162742,0.20675600705809108,1,interior
0.7042344068128795,0.21552164462393858,1,interior
0.6396570237373834,0.2525956908635923,1,interior
0.5792182192949006,0.2610576093032545,1,interior
0.612059715875799,0.20678313116945532,1,interior
0.6208792888797074,0.3250510142831124,1,interior
0.6158550941222093,0.3207978546303529,1,interior
0.6125798398246921,0.3151586314742778,1,interior
0.6990773031060947,0.20170923321784318,1,interior
0.7049549998933621,0.20010947762869571,1,interior
0.6929704177058712,0.20284011645083824,1,interior
0.618407294873124,0.33154495740213247,1,interior
0.6230799811049159,0.32992440884236707,1,interior
0.6149182199118437,0.32731176332311757,1,interior
0.6269537168784759,0.32593503713543376,1,interior
0.5558207589387391,0.2910625522165573,1,interior
0.5607995295502557,0.2976688743682126,1,interior
0.5598524018249884,0.2882258908031804,1,interior
0.5561009931877922,0.29620534608974447,1,interior
0.6975806234992804,0.19292729502000502,1,interior
0.7037745973078909,0.20530685465335627,1,interior
0.695110913135479,0.19744264646541873,1,interior
0.7168247032881228,0.2298985239696782,1,interior
0.7206713497259484,0.2344798986626144,1,interior
0.7147149810439489,0.22509742779009537,1,interior
0.6755359334399366,0.20054200993850482,1,interior
0.6801006913189082,0.2040943099420712,1,interior
0.6864256168868025,0.20457652491195422,1,interior
0.7204710593321427,0.22394351532382714,1,interior
0.7233404656104829,0.229790088117235,1,interior
0.6575241535854423,0.3197218422387479,1,interior
0.6646077592985756,0.32655084439375426,1,interior
0.669183054370381,0.3227374418375795,1,interior
0.6586722649455322,0.3245367111254118,1,interior
0.7070058541342794,0.3224782833578357,1,interior
0.7082914045793032,0.31634685766354476,1,interior
0.7099669930450315,0.3061141474421772,1,interior
0.7053067142560726,0.30156805791960634,1,interior
0.7116955269679915,0.3122679485406166,1,interior
0.6607356699823438,0.18711392887150655,1,interior
0.6629575399394594,0.1917972836772444,1,interior
0.6585189450279784,0.19347523642809664,1,interior
0.6564837366750703,0.18287760227916153,1,interior
0.5792594686249221,0.24960179196895513,1,interior
0.5737460318631267,0.24895215615036712,1,interior
0.5656197780705343,0.24535119151257034,1,interior
0.5636066904159224,0.2394165982503138,1,interior
0.5683629697592217,0.24964334092166543,1,interior
0.6640671460885718,0.19725271157621987,1,interior
0.5649269778195437,0.22575875358495473,1,interior
0.5698807874213861,0.22181153148359314,1,interior
0.6322672787634604,0.32759718690672807,1,interior
0.6378248515885332,0.3244941713772657,1,interior
0.6169017740590239,0.33766821427514176,1,interior
0.6229288214507316,0.3356593817940562,1,interior
0.6090484574729205,0.3285907284933883,1,interior
0.5709863653769481,0.3013053035245061,1,interior
0.5746344966569689,0.293118964119435,1,interior
0.6019670208226733,0.2505790291501863,1,interior
0.6524354737323789,0.17879679437366092,1,interior
0.6479487913349141,0.17418398713364844,1,interior
0.6412869940307396,0.17616250612889603,1,interior
0.5868566771068641,0.2054222136198559,1,interior
0.5802318030512963,0.2043391616182661,1,interior
0.5591069072084089,0.2217042739869631,1,interior
0.5587906022745354,0.22848506377741684,1,interior
0.5644594773794246,0.2192828159867655,1,interior
0.5689802474661317,0.21615881756125013,1,interior
0.5640442764474981,0.26631836952805604,1,interior
0.5640465042415517,0.2788256423920992,1,interior
0.5688571422149937,0.2676759399458867,1,interior
0.7100568266626649,0.21356912928392563,1,interior
0.7076981588189152,0.2192075809854299,1,interior
0.572936997407934,0.31310663130180577,1,interior
0.5747922626408781,0.30376740237025796,1,interior
0.6217163418970725,0.23511261343329629,1,interior
0.6302703900414582,0.17629033609261638,1,interior
0.6292902373745498,0.17092486952282993,1,interior
0.6354351632366123,0.17883363619924222,1,interior
0.6268358648430715,0.16632901185383828,1,interior
0.6354379949339674,0.17217520951318982,1,interior
0.6317584715209211,0.16626363172496775,1,interior
0.5643330893071968,0.21303454635070493,1,interior
0.5601812087986112,0.21581511025958813,1,interior
0.7330052699704513,0.2535832073121599,1,interior
0.730136824497059,0.26013003018046044,1,interior
0.7243133693616268,0.2615799715766962,1,interior
0.7153673521041284,0.24364721820763563,1,interior
0.5735158345296972,0.26496693383456793,1,interior
0.5537279277662077,0.22067271336112718,1,interior
0.5555166820613834,0.21580016242665243,1,interior
0.671794348502084,0.3059917098695782,1,interior
0.5691102880734895,0.21090589189680756,1,interior
0.6655940446604162,0.18307659824430036,1,interior
0.6671554193181098,0.19306501911237772,1,interior
0.6611152853132509,0.18140491698167013,1,interior
0.5502233095794319,0.2949176632187034,1,interior
0.5571230532198737,0.3013767110286042,1,interior
0.5505952802533911,0.28848369766418624,1,interior
0.6105279613865701,0.346114652250884,1,interior
0.6107054343906936,0.33955664214313613,1,interior
0.6211803796796632,0.3419816128139954,1,interior
0.6157133858657996,0.3436108813699816,1,interior
0.6073877623103378,0.33399669404266485,1,interior
0.6188117182826532,0.19496069208385577,1,interior
0.6132204336540282,0.19457497040620822,1,interior
0.6207038026390205,0.18293943870543183,1,interior
0.6369661015414149,0.33056041138945286,1,interior
0.6290345901462668,0.33618061334942523,1,interior
0.6350947170911573,0.33649919370444403,1,interior
0.6275606793631111,0.3313026530477182,1,interior
0.5564005355985419,0.28534533077178353,1,interior
0.55751090103756,0.2799004636244753,1,interior
0.7102616250033892,0.22333824898463037,1,interior
0.6825086574656535,0.19250182394641893,1,interior
0.6767096856631595,0.1939618125508775,1,interior
0.6707418394481975,0.1966408437545164,1,interior
0.6821590219195771,0.1987959069039303,1,interior
0.6690039440910224,0.2025599148537774,1,interior
0.5616335614820568,0.30278012656750686,1,interior
0.5986024510999408,0.21732155109305876,1,interior
0.6012351556793659,0.2119056869665866,1,interior
0.6046558744971992,0.22400071589157422,1,interior
0.7101866185171061,0.19737740586058572,1,interior
0.7101103803216083,0.20350642705957775,1,interior
0.7058226112567546,0.19440338872891338,1,interior
0.55908704932752,0.20976698155967025,1,interior
0.5526939897475857,0.21100125719566562,1,interior
0.5633066679110981,0.2325246449890542,1,interior
0.5720577167915311,0.2319428082449516,1,interior
0.6147293987302349,0.3488617704775475,1,interior
0.6202092395396669,0.34822426024444153,1,interior
0.5524822616169367,0.27833253596623125,1,interior
0.5513488129707502,0.2827832849699842,1,interior
0.6951561520564608,0.2835372919598435,1,interior
0.6991266283553603,0.27863644563811335,1,interior
0.7297653096113228,0.2306686185619641,1,interior
0.7264552906904491,0.2258166675102688,1,interior
0.6064226456480167,0.1848911774017989,1,interior
0.6064841599316445,0.19449851081030722,1,interior
0.6034808289454624,0.1893125186320391,1,interior
0.565593758873677,0.20709779374776327,1,interior
0.6913755509073877,0.26535393206930985,1,interior
0.6988989325877041,0.2726567187515895,1,interior
0.6968902737974494,0.2661965665136145,1,interior
0.6259297634626412,0.3401489176644926,1,interior
0.5806630378714818,0.19865116806833055,1,interior
0.5850935934256954,0.1943169485705783,1,interior
0.5746262204225575,0.20037856593282377,1,interior
0.5664327960198648,0.3045396109226056,1,interior
0.6302698582731,0.23931558962576868,1,interior
0.7267404129255652,0.2203689031568598,1,interior
0.7145064158085874,0.21919687092285783,1,interior
0.7006518638267246,0.2984621670152738,1,interior
0.562603800660943,0.2509135379201271,1,interior
0.557306428350704,0.24174440020481347,1,interior
0.7054966467427621,0.1883792418074465,1,interior
0.7110385198439603,0.1913314239857711,1,interior
0.675143264733387,0.1881620155155294,1,interior
0.6665444552093287,0.18804699094820831,1,interior
0.6962001965240633,0.3391463933453028,1,interior
0.7021029254261009,0.3353132133445667,1,interior
0.6994130152882273,0.34101059274036327,1,interior
0.6644673589098772,0.17759872440153293,1,interior
0.6587379789872284,0.17640916387839062,1,interior
0.6713157134866717,0.1906766656129341,1,interior
0.6891909205836574,0.19787474813469183,1,interior
0.6931689316370733,0.1917908298570712,1,interior
0.70070890112793,0.19675592253866214,1,interior
0.7401750440088962,0.25495856921682675,1,interior
0.7370702704672337,0.2489502749599026,1,interior
0.7295865640675757,0.24672968203773862,1,interior
0.7362652990835913,0.25996906260086466,1,interior
0.7034237544059382,0.289611405443446,1,interior
0.5885278812052207,0.31922653678422247,1,interior
0.5769218509832019,0.1944383289105184,1,interior
0.5696942968744964,0.19598385548771688,1,interior
0.572770029742925,0.20632603736294644,1,interior
0.554972474384873,0.20484558011617485,1,interior
0.5610020656877751,0.20286281447616214,1,interior
0.6798108117022613,0.18826205284710182,1,interior
0.6543750405118103,0.17344315214343548,1,interior
0.6472832388609178,0.16885821391869255,1,interior
0.6420001904909491,0.17061605010300987,1,interior
0.6528083970225097,0.1689646564008387,1,interior
0.6377252065723832,0.1662484649954256,1,interior
0.718150793614969,0.2596477720049695,1,interior
0.5948136046125237,0.2103188202899956,1,interior
0.6593102423232192,0.32943193579292673,1,interior
0.6674293956269518,0.33169522571257554,1,interior
0.670958075479401,0.3282829910021335,1,interior
0.6357457673481933,0.3418297954335045,1,interior
0.6403927500789431,0.3390832850711388,1,interior
0.6403726693592475,0.33428401737707036,1,interior
0.5968903408722251,0.1873718781682544,1,interior
0.6012254838183156,0.18330683430946473,1,interior
0.5987217897108884,0.19424507457654494,1,interior
0.6986000905545022,0.1873263138281933,1,interior
0.7129487593432687,0.3181442857669942,1,interior
0.7184435832228946,0.31351297628858077,1,interior
0.6095800707634534,0.200477063747176,1,interior
0.6054634889401256,0.17950432689542975,1,interior
0.714295132501656,0.19997818129003958,1,interior
0.7158196373897842,0.19512417694130654,1,interior
0.7232101458475811,0.2388766256366651,1,interior
0.6438180365095989,0.16506835693402697,1,interior
0.6463179757887983,0.16001188013671588,1,interior
0.7053070195327352,0.29566125808730775,1,interior
0.7099719536557965,0.2950624703284712,1,interior
0.6051456378700265,0.32321095851840154,1,interior
0.6110180055699865,0.323994525754864,1,interior
0.6128837631241212,0.33325819092062386,1,interior
0.6214722764352588,0.20330666309168768,1,interior
0.6802573320033977,0.32421561835863516,1,interior
0.571378021190888,0.2538223981812452,1,interior
0.6164383399539297,0.20084361979652446,1,interior
0.5948491146193098,0.32000472829986865,1,interior
0.5986954546157948,0.31585395262750565,1,interior
0.5909756936669913,0.3242525644600345,1,interior
0.7045062827893551,0.2766898634073964,1,interior
0.7022080295733776,0.28320833613360963,1,interior
0.7083934719414828,0.28166431478092296,1,interior
0.5572647399381487,0.2480663820957071,1,interior
0.5544728046532359,0.23843548529327382,1,interior
0.557635318950035,0.23488396535839864,1,interior
0.5614005538463065,0.24499093604070823,1,interior
0.550463310479261,0.24139934201219262,1,interior
0.640317643077401,0.1609420921219672,1,interior
0.6339515029570554,0.1616497081287697,1,interior
0.5446699901692672,0.29113147298322645,1,interior
0.5462192108629601,0.30013863305978855,1,interior
0.5519794041023883,0.30200246889614213,1,interior
0.576554247997004,0.2547512687270325,1,interior
0.5726105223457619,0.25903803500516726,1,interior
0.5468990111326135,0.30504081356164214,1,interior
0.5504661463676273,0.30934263595716,1,interior
0.5567015823703126,0.3076028935095721,1,interior
0.5665147754183372,0.2561329781473404,1,interior
0.5571747947197574,0.25301172524703275,1,interior
0.5599972530338538,0.25753308220642773,1,interior
0.6418060922280746,0.3191238139906451,1,interior
0.6063084150389301,0.3435993197561105,1,interior
0.6053779692767322,0.34876682823561306,1,interior
0.6103603915032633,0.35234658026792504,1,interior
0.6056726018501585,0.20630991211694097,1,interior
0.6855145033920844,0.1870350597660825,1,interior
0.6882787105766958,0.1914163309636632,1,interior
0.5676935408089477,0.20142129669491649,1,interior
0.704017505053743,0.18250299269660306,1,interior
0.7017562474723459,0.19181141207923785,1,interior
0.6594391896552855,0.16934354633393375,1,interior
0.7157908204651788,0.23544353085218997,1,interior
0.5811416314618186,0.18956988168248823,1,interior
0.5919078429619467,0.1910932590168608,1,interior
0.5867699445815819,0.18885603775619714,1,interior
0.5859985811307592,0.20016400998301162,1,interior
0.5497405748459666,0.2063381369300802,1,interior
0.5434714279752481,0.21667819437121802,1,interior
0.549413246036062,0.21734254500527903,1,interior
0.5469638099668246,0.2111826413907453,1,interior
0.6713133327295918,0.18427428293702258,1,interior
0.6822377234260498,0.3296947099305852,1,interior
0.708985245556509,0.3425974553530537,1,interior
0.7009648254317054,0.3451094866879427,1,interior
0.6955628801095766,0.3461989329139432,1,interior
0.7042623705511116,0.3411262439801889,1,interior
0.5917085997560451,0.1966409994612518,1,interior
0.5930711775038442,0.2057755713834197,1,interior
0.6307731823968671,0.3409743517504628,1,interior
0.6322513042683164,0.33242784988280316,1,interior
0.7135498659693611,0.3237466538251432,1,interior
0.7188291626272669,0.325411605895564,1,interior
0.7185607719406001,0.3200600755600235,1,interior
0.539947754625601,0.22217630445927694,1,interior
0.5500233733372725,0.22401938444210678,1,interior
0.5450217841232695,0.22266364562118582,1,interior
0.677001919518693,0.1832080612358066,1,interior
0.5763408270314102,0.31873573147368267,1,interior
0.6075834827590254,0.3576644806069287,1,interior
0.6165080160740523,0.35338580484641113,1,interior
0.6133599058494436,0.35706815276202225,1,interior
0.6045585841868002,0.3391335067391597,1,interior
0.7282251852705892,0.24081749832697086,1,interior
0.7342836916712855,0.24276673563175757,1,interior
0.6884496740716807,0.3462994484831085,1,interior
0.6918138201991707,0.35094115152881694,1,interior
0.701406146444045,0.34984879852789647,1,interior
0.6914978593695691,0.3420971891221549,1,interior
0.6916283673775538,0.33738104600131597,1,interior
0.6480955257229242,0.3263461280249459,1,interior
0.7058919709142994,0.34648012972936876,1,interior
0.7085273743767927,0.3376080789787747,1,interior
0.7067792360209975,0.2862259829701306,1,interior
0.5620560620578992,0.30819237897853574,1,interior
0.5666295233590485,0.3108821442361635,1,interior
0.6971863528195483,0.3536345801496406,1,interior
0.703734164979086,0.3546977887967468,1,interior
0.707692416623947,0.35162238020221936,1,interior
0.5905508396333913,0.1841952760432371,1,interior
0.6528329517893462,0.3230847464342233,1,interior
0.7238433814729145,0.3170694455867071,1,interior
0.721191083884905,0.3068676415999039,1,interior
0.7156242818057024,0.3084264077602311,1,interior
0.7252642866592586,0.310794859410285,1,interior
0.6229537425773494,0.1575073653913702,1,interior
0.6473947208785423,0.3205728612529086,1,interior
0.6306846021085347,0.2495584727847386,1,interior
0.7333380767826789,0.2650110948864957,1,interior
0.7425760304851763,0.2613494383591202,1,interior
0.7386324325273814,0.2661527681071765,1,interior
0.5957686263215574,0.1807433548383497,1,interior
0.6360806709071021,0.3461803407737011,1,interior
0.6319941784646484,0.34559351138405914,1,interior
0.6028960984920659,0.20012107632956733,1,interior
0.5965105193487305,0.2005593427206637,1,interior
0.5522206151564804,0.2300677802590204,1,interior
0.5511807094425752,0.235429390396648,1,interior
0.6099153672355202,0.3100390572811245,1,interior
0.6072640622714581,0.30483087017982835,1,interior
0.6691489357570728,0.17933093408589842,1,interior
0.6503485455486494,0.19031461357204643,1,interior
0.6270220824109601,0.1608720150696586,1,interior
0.6820577617634902,0.18356539221469842,1,interior
0.680643525799629,0.17869142422260498,1,interior
0.5413737893826214,0.22861179820660185,1,interior
0.535578806751614,0.22701103447894122,1,interior
0.5460864777975876,0.23257179625440652,1,interior
0.5501421616817286,0.31521896779385733,1,interior
0.5549715603612054,0.3144873394939425,1,interior
0.5461492658931201,0.31347136231391226,1,interior
0.6917897521715997,0.18519236278872211,1,interior
0.5636127012771761,0.2610108689747137,1,interior
0.7037057883801747,0.2712450733519776,1,interior
0.6002541062295537,0.17151428446326952,1,interior
0.6091875147650058,0.17752661673210374,1,interior
0.6071400758326955,0.17306409065894376,1,interior
0.6008276493168276,0.17701427959535768,1,interior
0.7286277869612291,0.2669400508416477,1,interior
0.7198570032618227,0.2649235260058297,1,interior
0.7341436502846866,0.2202845195789112,1,interior
0.7206085051694351,0.21816716653219306,1,interior
0.7239401355407792,0.21366938180384284,1,interior
0.6988632248841337,0.28779782171995827,1,interior
0.5557236310560204,0.19854953768567693,1,interior
0.6428474011192853,0.3296279031553316,1,interior
0.697283721124497,0.18124197701479147,1,interior
0.7182054001232497,0.27010004369396573,1,interior
0.7136370729589346,0.2711933959708683,1,interior
0.7237627639357087,0.2685821868198661,1,interior
0.7215448210566348,0.2069069033595394,1,interior
0.728903054008984,0.2095498339324921,1,interior
0.7173995341175932,0.21314839914557346,1,interior
0.7293609108445557,0.2156827499207652,1,interior
0.7086278642533319,0.2909470799946055,1,interior
0.5449274994457312,0.2849913050186547,1,interior
0.7112695313270168,0.29929251401235923,1,interior
0.6994136395703867,0.29340234965660034,1,interior
0.551250071879149,0.261536272108621,1,interior
0.5558364660664125,0.261539748266633,1,interior
0.5593541804195832,0.2640580205983471,1,interior
0.5715205963172049,0.3073407121325068,1,interior
0.566700438294757,0.31656070773358097,1,interior
0.626242460724311,0.3453372987488597,1,interior
0.7110956381130294,0.27670844483853274,1,interior
0.714582150763468,0.28216449464452803,1,interior
0.7400741530933967,0.24444706644342945,1,interior
0.738161924476445,0.23847209194734562,1,interior
0.6007336357792881,0.3201589977531928,1,interior
0.6051497254961874,0.31546122327514114,1,interior
0.6447933706505765,0.3421229307111633,1,interior
0.6457353495361422,0.33615752002837,1,interior
0.6400735331196254,0.3441406957811519,1,interior
0.6295740829232845,0.3489086559349623,1,interior
0.6264692202397638,0.20271539360932006,1,interior
0.5379147585679007,0.2109200853919131,1,interior
0.5419018118388533,0.2109084887778165,1,interior
0.5370519779323834,0.21595903771565306,1,interior
0.6501262221425033,0.3409953887974606,1,interior
0.6522725510685404,0.3356648878954664,1,interior
0.6484751544895857,0.33151023870880214,1,interior
0.6032092911831382,0.3291866008631704,1,interior
0.6024311639402556,0.33433340334137307,1,interior
0.7173863281151995,0.1891485663673226,1,interior
0.7218236351246362,0.1945008275162442,1,interior
0.7161506821245613,0.20416589982784367,1,interior
0.5910005258604439,0.20172256733055383,1,interior
0.544584854158729,0.20455692388503724,1,interior
0.5501114286409144,0.20068428464347754,1,interior
0.7173052487723445,0.27670201982072756,1,interior
0.7082730685248756,0.2717416397106714,1,interior
0.6917678996362583,0.17730380296483575,1,interior
0.7012820001145939,0.1773344286292596,1,interior
0.6973462149666055,0.17537590288626925,1,interior
0.5478803010027127,0.24669054293329049,1,interior
0.5514708852974356,0.25152080944314453,1,interior
0.6747613507078674,0.32322084852024957,1,interior
0.6718924288786361,0.3352615229193238,1,interior
0.6764406992374138,0.3297231816224118,1,interior
0.6213051355176716,0.3537769514032971,1,interior
0.7264944700391606,0.23494046807808555,1,interior
0.6898303323442502,0.1713822495687888,1,interior
0.6971558217790462,0.16543185871607524,1,interior
0.705320121355548,0.17633102822324082,1,interior
0.7022215157084623,0.17078751307073084,1,interior
0.6950586256401495,0.1709622212248447,1,interior
0.5469549804131321,0.25695200961411124,1,interior
0.5446878816592476,0.2520452114049146,1,interior
0.5384828700731812,0.29459340614008667,1,interior
0.5411371156214762,0.29912898904316815,1,interior
0.5390180673380183,0.28442273788779415,1,interior
0.649924733310198,0.16444640487778128,1,interior
0.5993128214713184,0.20581593835143977,1,interior
0.6849510474068391,0.3337172312517418,1,interior
0.6859636799010337,0.3393873720057921,1,interior
0.5713710282745682,0.31865852034283465,1,interior
0.5629896876783224,0.32151617951133943,1,interior
0.5607598578589797,0.314418935547033,1,interior
0.5683070914638512,0.2622827034507889,1,interior
0.7173897736320155,0.2977540378083974,1,interior
0.7163949491148182,0.30307343314112617,1,interior
0.595258292901425,0.16910523122607027,1,interior
0.6039103900228365,0.1683379562950603,1,interior
0.5905296638712353,0.17732640082513237,1,interior
0.5995391084941272,0.16537278176286493,1,interior
0.5391240489816217,0.256290756991363,1,interior
0.542967803362009,0.24733202875408802,1,interior
0.5385619181896714,0.25038001505523494,1,interior
0.5423175238010614,0.26106755233885565,1,interior
0.6629049752321441,0.3319681738200762,1,interior
0.6539179619687324,0.3293830899575504,1,interior
0.6253141008926465,0.3506206157384059,1,interior
0.5462164222949593,0.23763360785127427,1,interior
0.7239839761376642,0.32399511282793875,1,interior
0.6837725914820619,0.3443258904042235,1,interior
0.6741357203694952,0.17786551247814245,1,interior
0.6784107227072527,0.17364883187423893,1,interior
0.6314558082557331,0.1565397577004434,1,interior
0.5467869657871105,0.2621009703841017,1,interior
0.5575585080754631,0.3209890841235963,1,interior
0.5444683957609834,0.2663167670502282,1,interior
0.5370667407244769,0.26178076361837005,1,interior
0.5548608352016016,0.22534773563634553,1,interior
0.7089456107283636,0.17922844827973966,1,interior
0.5477502883204688,0.27127548951122665,1,interior
0.5475155735492577,0.2780164248654456,1,interior
0.5930470739785194,0.32864792042639046,1,interior
0.587151297062468,0.32955004927700593,1,interior
0.584725073399838,0.32394364302815676,1,interior
0.6943458313354228,0.27692743796787966,1,interior
0.7284209355794155,0.32019906449237645,1,interior
0.7263357220213684,0.32918794802078705,1,interior
0.7156135545059686,0.3288866642915823,1,interior
0.7311970490801007,0.32555127034515524,1,interior
0.7208656565725058,0.3309300598558306,1,interior
0.7045252715055588,0.32853672263398076,1,interior
0.7079764964337314,0.33295984943820234,1,interior
0.5297530249793374,0.21415719954710083,1,interior
0.5321818602277792,0.21916534067191176,1,interior
0.7315897484552992,0.30857153282468636,1,interior
0.7300244109394406,0.3145911287314571,1,interior
0.7273319937951501,0.30416986959599596,1,interior
0.7121312314696484,0.3467694405991463,1,interior
0.7131346445808546,0.35282547746691406,1,interior
0.6559163775990872,0.34077841316001534,1,interior
0.6585367515093993,0.3351808442386264,1,interior
0.6098041826826447,0.31947252834879275,1,interior
0.5234734938682678,0.21135349579912754,1,interior
0.5324065985876466,0.20450649182494632,1,interior
0.5279748825161671,0.20807202568404337,1,interior
0.5277453000045753,0.21957028060330291,1,interior
0.5980264350285489,0.32534543731401006,1,interior
0.719462098870702,0.20010705659717062,1,interior
0.7283630357791555,0.19429369279017122,1,interior
0.7245894555241348,0.18935531652097373,1,interior
0.7293072436449377,0.19984416549442163,1,interior
0.6636148214175467,0.1725036342224775,1,interior
0.6109741588997696,0.1688718397091527,1,boundary
0.5961462512615702,0.3425743525962781,1,interior
0.6007545693292861,0.34469433580495196,1,interior
0.5994169587152521,0.3383869283782405,1,interior
0.714124337652107,0.33407573094412196,1,interior
0.5591746241204911,0.269833891973431,1,interior
0.5536745446013308,0.27385650687841206,1,interior
0.6839493105735726,0.3159810169985122,1,interior
0.7136027777672367,0.34023626591091854,1,interior
0.7082455099455914,0.2085413498482911,1,interior
0.5538313779823965,0.2672399760556265,1,interior
0.7097147496774106,0.35886275534292394,1,interior
0.7275885519807339,0.2741719457389155,1,interior
0.7340423909264164,0.27145230933493447,1,interior
0.6427500782986902,0.1548443535946616,1,interior
0.649535678419993,0.1553803245472369,1,interior
0.5838859538680731,0.18422895592081265,1,interior
0.5778127425353894,0.18370437951294472,1,interior
0.733900084997731,0.3193886289087749,1,interior
0.6790998920278856,0.3359478491151487,1,interior
0.679626907814931,0.3417308267199886,1,interior
0.7120245439888887,0.28694304153084965,1,interior
0.7206732284949627,0.28277334309513796,1,interior
0.7181514267654187,0.2880180524857984,1,interior
0.5409773097912439,0.2702592778877499,1,interior
0.5429195444279745,0.2749115890358681,1,interior
0.7310416353992757,0.1875946066880942,1,interior
0.7215510189230729,0.18538180765797366,1,interior
0.7268061590124425,0.18341664223952603,1,interior
0.5173620901330129,0.20988316976033838,1,interior
0.5190826773553332,0.2158963011509921,1,interior
0.5271274142380645,0.2023879641948416,1,interior
0.5926348498176489,0.15822496347042853,1,interior
0.5920538255337322,0.16456814331423067,1,interior
0.5974813054995997,0.16091319582943517,1,interior
0.6743241277656113,0.3411719076846314,1,interior
0.5338910573713336,0.2860563567666576,1,interior
0.54123737293679,0.2797635397379507,1,interior
0.5354060783165474,0.28047103091808095,1,interior
0.5330056999886531,0.29134629244179977,1,interior
0.5390743449394759,0.2891225593044518,1,interior
0.7057202999873785,0.26652765690543084,1,interior
0.6563391310928661,0.16341827359127487,1,interior
0.6621951589245576,0.1640555288133357,1,interior
0.5364952204606868,0.2318822424665396,1,interior
0.5299122529283748,0.22470883973048558,1,interior
0.6929135300572483,0.1593953980674768,1,interior
0.6914002851859807,0.1657491189854415,1,interior
0.6985079517330053,0.1603589064425018,1,interior
0.7028669661802612,0.16364958869054572,1,interior
0.5467422843344261,0.22774269395897423,1,interior
0.7142233199832778,0.20855198821054322,1,interior
0.5312750313124157,0.27642123370863897,1,interior
0.5369454272047269,0.27437348291000924,1,interior
0.5268380001811293,0.2782571467254371,1,interior
0.5298729283987971,0.2821124666945772,1,interior
0.7111301732156371,0.18476286247480964,1,interior
0.6887984193673333,0.3167968304168178,1,interior
0.5888101964248127,0.2100404413689474,1,interior
0.5955276627031576,0.21461385455007584,1,interior
0.5726174584296146,0.18579310600273358,1,interior
0.5811647487640711,0.17861749266632412,1,interior
0.5722865805550872,0.18076093910502944,1,interior
0.5756212013443532,0.1773058206792476,1,interior
0.586316592996443,0.1796240414126607,1,interior
0.5230681318194653,0.22218988748010426,1,interior
0.7336694189354002,0.19797975300252624,1,interior
0.7244402532577578,0.19990017412099714,1,interior
0.738955501159384,0.19548845717512675,1,interior
0.7372243706321853,0.18912546221011992,1,interior
0.5943672832667731,0.337764683035201,1,interior
0.6866417139842294,0.18084076924813428,1,interior
0.6961698566219819,0.35907657500814094,1,interior
0.5999253951724474,0.35120251877402375,1,interior
0.5954163745382252,0.3543803032937268,1,interior
0.5941971690922389,0.3481247364772536,1,interior
0.6305609572727642,0.15112803198828462,1,interior
0.6250659100712589,0.14893184493465364,1,interior
0.7020470078213171,0.3586329350473698,1,interior
0.7090625219040563,0.3668257150102452,1,interior
0.7176713794757156,0.3567945851831218,1,interior
0.7139281048058516,0.36555128729353054,1,interior
0.7148876331939917,0.3608213255399554,1,interior
0.5819467927843168,0.3283663219805716,1,interior
0.5782107707386656,0.3247036224477012,1,interior
0.745078001563186,0.24936976959189022,1,interior
0.7468266732581391,0.25676567164890246,1,interior
0.5358915412933387,0.20084737999290025,1,interior
0.5313176589099596,0.19872867975970634,1,interior
0.5384059124526044,0.20575692890418093,1,interior
0.5405728946759899,0.19951186133275411,1,interior
0.7412516801853993,0.22289144143220496,1,interior
0.7319414906138128,0.2255924936720101,1,interior
0.7385598841198114,0.21189348549226739,1,interior
0.5611703172609732,0.32764862330252725,1,interior
0.5517876078832685,0.320281666797713,1,interior
0.5538107293951785,0.3264272290842851,1,interior
0.6518554302703121,0.1601187647044612,1,interior
0.5885163583339217,0.15991798222850312,1,interior
0.586905454782195,0.1681783212373773,1,interior
0.5905169330432154,0.1712110917812529,1,interior
0.5854497755485383,0.16365380040429856,1,interior
0.5257395949420759,0.27259548279972584,1,interior
0.5225963168524852,0.27745318205136604,1,interior
0.5235174972881369,0.28314031304810733,1,interior
0.519068058066931,0.27401977201967925,1,interior
0.5280668632380584,0.2875698148283275,1,interior
0.5817719864793959,0.16797668259053752,1,interior
0.5789570222981003,0.15812659019546021,1,interior
0.5873518947503654,0.15453581014193887,1,interior
0.583752198099765,0.15866506577500905,1,interior
0.6652944353802928,0.15447311287304857,1,interior
0.6720950772477372,0.16661109246845401,1,interior
0.666447517441503,0.1603001679831071,1,interior
0.5471126314098257,0.32440853399132163,1,interior
0.5460993842702618,0.31863337015413934,1,interior
0.5348707681720686,0.2671780238744765,1,interior
0.5398349037753816,0.2655482221023884,1,interior
0.5497619033096821,0.1935965407198261,1,interior
0.533689911710404,0.2101221761224763,1,interior
0.7172411851892497,0.1825469962063467,1,interior
0.6815565031234815,0.16956831983942736,1,interior
0.6726281787641782,0.1715795459954045,1,interior
0.6850792697841159,0.1743217143611264,1,interior
0.6687485737960474,0.1740590687405169,1,interior
0.7201927626932988,0.1764869602844024,1,interior
0.7226329640720026,0.18054880735331225,1,interior
0.6303701589769928,0.14481684568744538,1,interior
0.6239613587162145,0.14425178828290494,1,interior
0.6253549401115315,0.1541918425764565,1,interior
0.7011308812626217,0.2674384244086413,1,interior
0.7322465155561391,0.203889640988448,1,interior
0.737500648951909,0.20210324420039424,1,interior
0.5220850922813536,0.28925388903542953,1,interior
0.5172127751684487,0.2863570573266342,1,interior
0.5179661469206926,0.28024507893823475,1,interior
0.5624108583300501,0.19623938661798146,1,interior
0.5710837774298111,0.1906471703819678,1,interior
0.5760376480702695,0.18920493963781512,1,interior
0.5659403492415237,0.19133918301226807,1,interior
0.5533527419395281,0.33220272121121475,1,interior
0.5482458175971463,0.33002700860359424,1,interior
0.6869035418120962,0.16131864449022054,1,interior
0.6973937264179946,0.15500938143195975,1,interior
0.6875533441295021,0.15490026290719164,1,interior
0.6855505562043173,0.19549170375114902,1,interior
0.5924389079951966,0.15323153333199824,1,interior
0.5888394856435364,0.14942749418241016,1,interior
0.5125136098531755,0.21354789924881487,1,interior
0.5148940939566442,0.2175883884627801,1,interior
0.5315065692135662,0.2712133370070447,1,interior
0.5175339318763569,0.2002731943659116,1,interior
0.5262619525111915,0.19663593428282836,1,interior
0.5208213139223808,0.19570398707427963,1,interior
0.7450662909735453,0.21893163106770328,1,interior
0.7484558821154331,0.22471199266466807,1,interior
0.7374902986085456,0.22592636983626774,1,interior
0.7433114070487,0.22932381552011835,1,interior
0.7197774514392185,0.3378062957918923,1,interior
0.7264816314315163,0.33515820874386365,1,interior
0.7251329993863119,0.34008155442559546,1,interior
0.5352619454630729,0.22197423419898987,1,interior
0.5405672446098795,0.23577834238131565,1,interior
0.7525677843159535,0.24780360724591777,1,interior
0.7483978890378545,0.24464675783824083,1,interior
0.752069775458697,0.253222221898891,1,interior
0.7439483130667327,0.24124757184207365,1,interior
0.7364021542919694,0.23156188001555922,1,interior
0.6859362081087692,0.1675411865682174,1,interior
0.7229585727599878,0.27821317850027755,1,interior
0.7249061922865387,0.28767515389995896,1,interior
0.726836940957727,0.2813528589200489,1,interior
0.7218470636730628,0.29397181408935236,1,interior
0.541127448874223,0.30435679704830976,1,interior
0.5389706012668642,0.3097905342997104,1,interior
0.5440353693310892,0.3094916028195928,1,interior
0.7489667306420231,0.26310100763767236,1,interior
0.7448937260735793,0.26700708677874,1,interior
0.6215639399705519,0.1404133798568453,1,interior
0.5974508381257392,0.33220002810221516,1,interior
0.6432109619901862,0.3241114309804497,1,interior
0.5912889296594437,0.3334777918786483,1,interior
0.5860547029374094,0.33584116936380837,1,interior
0.5434392486406283,0.24192048859250112,1,interior
0.5668987287430515,0.18497679523122695,1,interior
0.5305742428973859,0.19309626784696168,1,interior
0.5536368876037917,0.2568728790241222,1,interior
0.62729990649354,0.13978461061725023,1,interior
0.7359216658359127,0.18419221155416396,1,interior
0.7416059273909951,0.1848181730197573,1,interior
0.7321747304782819,0.1807220089725512,1,interior
0.7420967669149711,0.1907787783873766,1,interior
0.5107598906604099,0.21954193968360544,1,interior
0.5104829673641478,0.22522302203299685,1,interior
0.5167198068403185,0.2219733895722078,1,interior
0.5063199201246644,0.21584999060616128,1,interior
0.5073298011367487,0.21046876260878317,1,interior
0.5814452012832423,0.15385213697905753,1,interior
0.7026449633361356,0.15725401902224526,1,interior
0.7073915228085997,0.15957925435309675,1,interior
0.5454458838980856,0.19797245091254986,1,interior
0.5360974973658037,0.195527156234788,1,interior
0.5417401585540216,0.19304372001230305,1,interior
0.6411663673841772,0.1478683912394152,1,interior
0.6365771652689779,0.15276448493116423,1,interior
0.6370920866215393,0.15743979573772734,1,interior
0.582143016906059,0.31899467213509686,1,interior
0.5775778436904051,0.33085025329086093,1,interior
0.5727402846204999,0.32900799590286506,1,interior
0.722667774772609,0.3003849444598684,1,interior
0.7336049470097873,0.30233131097589894,1,interior
0.7293264969913928,0.296933698789574,1,interior
0.6652491154039422,0.3366171054724882,1,interior
0.6354704908850936,0.31202040595455033,1,interior
0.7360608368206712,0.29717116798674864,1,interior
0.7370743010070642,0.30677209357766233,1,interior
0.7408153443004936,0.3019099712836692,1,interior
0.7409594492577307,0.2715824344890639,1,interior
0.7112973090620187,0.15530432489078194,1,interior
0.7081114707971432,0.1661534595749533,1,interior
0.7125091946954624,0.16092712844113702,1,interior
0.7069209247623096,0.1533587067526987,1,interior
0.5953301570950207,0.17458204868361052,1,interior
0.6635222450923484,0.1493920390515388,1,interior
0.6554879083081127,0.1569206048527805,1,interior
0.6711085652277959,0.1617637898111201,1,interior
0.6713837676906177,0.15580006939420557,1,interior
0.659362113382623,0.15286164261626897,1,interior
0.7382204849986542,0.17930364111127375,1,interior
0.6618698085532055,0.3411533266395044,1,interior
0.5112356362017407,0.20728004266527314,1,interior
0.5157916340099999,0.2047575327852656,1,interior
0.5217899782627923,0.20541715336035488,1,interior
0.5671864565755088,0.3266602965131276,1,interior
0.5415882720077793,0.3217083822463174,1,interior
0.5416993838339581,0.3285173640087361,1,interior
0.6351785601192441,0.14792053988136195,1,interior
0.7532738023124655,0.242167239220645,1,interior
0.7488456641725796,0.2399114648038045,1,interior
0.7522670050770258,0.23659316085088863,1,interior
0.5201223072934958,0.22821822183997056,1,interior
0.5256017811252179,0.2281565248485855,1,interior
0.5155571511754204,0.22606881721935396,1,interior
0.5243863044752093,0.2164040683754797,1,interior
0.6738415839230096,0.15141803860149206,1,interior
0.6695059974687435,0.14939358233879457,1,interior
0.6766144232118713,0.15908406854379697,1,interior
0.5910618413374882,0.3430354469705266,1,interior
0.5206770525049825,0.2681686624731138,1,interior
0.5281047736703781,0.266153764752774,1,interior
0.5864374379037507,0.3476098531212451,1,interior
0.5854322427042912,0.3418983972228553,1,interior
0.7096121609453917,0.17284477835613904,1,interior
0.7270204118823405,0.20439504334518763,1,interior
0.7582972564953082,0.2561393625913126,1,interior
0.7583243719389839,0.2504554307417399,1,interior
0.7134842264737821,0.3718889161616717,1,interior
0.719238237865798,0.3635251522546376,1,interior
0.5780150225848677,0.3358013370745131,1,interior
0.5741673904197739,0.17210926582754638,1,interior
0.5691943962460099,0.1745216419137757,1,interior
0.5850266576025379,0.17367975496545468,1,interior
0.5565534682686988,0.19316964513981505,1,interior
0.5494909428608338,0.1881281303149615,1,interior
0.5550841178286107,0.1877834560322292,1,interior
0.5268750565744178,0.2935068732056135,1,interior
0.7217572940706637,0.3439515551742111,1,interior
0.5369747876581273,0.31845604234777813,1,interior
0.7423246292570743,0.20061579896013404,1,interior
0.590404059966032,0.14515346784564478,1,interior
0.7277044741189247,0.17666046535500532,1,interior
0.7197795410629104,0.17052015004063373,1,interior
0.7152990253454593,0.17323360112304045,1,interior
0.7249934439487118,0.172359304139449,1,interior
0.5330045776891964,0.25257918176725175,1,interior
0.5335586037347838,0.24607026664024953,1,interior
0.538872886446829,0.24517086522673104,1,interior
0.5679055681595578,0.32178878932157545,1,interior
0.5048551134671438,0.2213489800074605,1,interior
0.7324388729496105,0.23643368039507118,1,interior
0.5701600312021988,0.33833149438104465,1,interior
0.5733723221552163,0.33451642338151216,1,interior
0.7455097836811394,0.19596073504299535,1,interior
0.7414768770507598,0.20685960062140868,1,interior
0.7510330826147089,0.19355815691690703,1,interior
0.7472175136838362,0.20342965883143746,1,interior
0.6009819398030285,0.3051857463077849,1,interior
0.7351132496241682,0.17476679153790117,1,interior
0.7311601965776253,0.1696008224865714,1,interior
0.7183738892967779,0.3496226203379241,1,interior
0.7237424290006471,0.3542762617919479,1,interior
0.6684337251095737,0.3419928412038629,1,interior
0.741699676222631,0.23506337995052218,1,interior
0.6824655161956731,0.1507885712351175,1,interior
0.6764642266806217,0.14749829269304934,1,interior
0.5801700263799681,0.34949934699848006,1,interior
0.5791465297680771,0.3447426758546358,1,interior
0.5900147689109411,0.35320208575875034,1,interior
0.5838461695157666,0.35321612849171685,1,interior
0.7503848866013714,0.19929583838418174,1,interior
0.7468153617186574,0.18877044877843585,1,interior
0.5216582578753697,0.2936992127015815,1,interior
0.527501418383454,0.29871891634612824,1,interior
0.5219116497387141,0.29823932237932305,1,interior
0.7381754836741411,0.32467692161586187,1,interior
0.7390650568633105,0.31852113300574303,1,interior
0.7249609651191289,0.1671994478156321,1,interior
0.7196620527940146,0.16571068453803126,1,interior
0.5321740735688723,0.2597767798335263,1,interior
0.7137620323764381,0.1784006871221471,1,interior
0.71421758059449,0.16729487327354922,1,interior
0.5305591296365294,0.2317980260310402,1,interior
0.5074583600826611,0.23198791420195644,1,interior
0.5142471733792576,0.23038428196401614,1,interior
0.7353563111414131,0.2080102019347373,1,interior
0.730220793954784,0.2907017350654795,1,interior
0.7354644681573285,0.29096121143854436,1,interior
0.6330269852994211,0.13820626720485304,1,interior
0.6370229269078137,0.1425576548615204,1,interior
0.5363636294950966,0.3006445958473448,1,interior
0.7238203640452224,0.36057904333114027,1,interior
0.5969800374538071,0.36268287841552305,1,interior
0.7636023990819129,0.2470087276292269,1,interior
0.7647577754493067,0.2538782029820423,1,interior
0.7583391412431292,0.2444524160548437,1,interior
0.7415660171576451,0.29505289696425596,1,interior
0.7478586238068125,0.2995018362116636,1,interior
0.7463093703738248,0.30533920783501106,1,interior
0.7049947199873542,0.36316237516859257,1,interior
0.7030182198628706,0.3685637869132765,1,interior
0.7072938120380291,0.3732119654899444,1,interior
0.7536448970787731,0.2041624333063399,1,interior
0.7461533732773373,0.2091874940507628,1,interior
0.7510510120758362,0.2088990300736353,1,interior
0.5037123881221416,0.2388432251980677,1,interior
0.5006015050614051,0.23374886627872019,1,interior
0.504565609317096,0.22600667215169085,1,interior
0.5097857470103275,0.2380195524389313,1,interior
0.513488280753649,0.2716417779950044,1,interior
0.5116559479568914,0.2824277112855555,1,interior
0.502219394316438,0.21147109891092622,1,interior
0.49996055559035196,0.2173145995173057,1,interior
0.5365789448251,0.24081194932731528,1,interior
0.527584484586486,0.2468659129771987,1,interior
0.5296985412851193,0.23965929122752053,1,interior
0.6602794912494253,0.1426190863171703,1,interior
0.6582706953890556,0.14667085453577447,1,interior
0.6650681218526112,0.14426298432855006,1,interior
0.7430009400280501,0.21327678638809236,1,interior
0.6608339551859687,0.15866250382836034,1,interior
0.7415014642233082,0.2883046043297018,1,interior
0.7470220437183049,0.2925570340570092,1,interior
0.7530620838834804,0.2593167357759592,1,interior
0.7509928890900741,0.26895820115254326,1,interior
0.755071298067527,0.26553716898632945,1,interior
0.7238815634265311,0.3487388126589699,1,interior
0.7237067066239852,0.36737375164154934,1,interior
0.7277898237507566,0.3648815863687909,1,interior
0.5394622188824094,0.18737559377462965,1,interior
0.5411548910385672,0.1825883756312019,1,interior
0.6005816522341985,0.3582094643378771,1,interior
0.6046344513643198,0.35388038311981596,1,interior
0.5735470082858817,0.3490005635353248,1,interior
0.5810748528681259,0.3581185313060777,1,interior
0.5776441738520474,0.35395950191947784,1,interior
0.5317693765553086,0.3190955355702227,1,interior
0.5314685603357017,0.32585585138670864,1,interior
0.5342402922931656,0.3129528732699453,1,interior
0.5364584491225722,0.32411092538177727,1,interior
0.7235688281453042,0.37346315018906645,1,interior
0.5259172536071842,0.25998601659315956,1,interior
0.5236541312310773,0.26405013571876684,1,interior
0.5531278151654491,0.24589898660998113,1,interior
0.7119069387172409,0.37770425849522365,1,interior
0.7009193031889264,0.3741856969878488,1,interior
0.7050613200126687,0.3796549042553185,1,interior
0.5629487914726026,0.1731574781254801,1,interior
0.5705530100137747,0.1690751788349157,1,interior
0.5642796065546528,0.17865797711834544,1,interior
0.564919581743044,0.1678668608697893,1,interior
0.5685146563404979,0.17962622740047723,1,interior
0.7537368862717779,0.294910478519918,1,interior
0.7471557151295373,0.28609225442467295,1,interior
0.7515787283427733,0.28962385113018635,1,interior
0.49814399364486134,0.2437246528712093,1,interior
0.4969007270418297,0.23842909359004283,1,interior
0.5088308935656314,0.24300551607207618,1,interior
0.5160961305622064,0.3010986877800499,1,interior
0.5162461543803519,0.29383038433351816,1,interior
0.5188526258276234,0.23493882669013935,1,interior
0.5069465148170872,0.28618185180790995,1,interior
0.5137507404498811,0.2769679818459355,1,interior
0.5074905801898882,0.2763754310210206,1,interior
0.5113500038472226,0.2890382566112682,1,interior
0.7539738109584864,0.30083187999542166,1,interior
0.7523398631789053,0.306131515266648,1,interior
0.7338114758312688,0.1926850940725377,1,interior
0.575552797468572,0.33997373053867164,1,interior
0.5714831024367187,0.34364146455761796,1,interior
0.5277444331689644,0.3134223050086498,1,interior
0.5350918155764298,0.3064803903120834,1,interior
0.5294664485017833,0.30809568452269726,1,interior
0.7466504327098175,0.23527112745447623,1,interior
0.5442801702386617,0.2955976527719194,1,interior
0.7288970678264609,0.3509408053768155,1,interior
0.7302703395105168,0.3578980894661285,1,interior
0.5725994671287974,0.32368599543601023,1,interior
0.5246766153018227,0.234028580909491,1,interior
0.7307485307710693,0.33151371195576196,1,interior
0.7306065341280427,0.3406429206554404,1,interior
0.7474337714949177,0.1815738387570649,1,interior
0.7367047989594707,0.31299048747315183,1,interior
0.6535950820067884,0.15113042493588455,1,interior
0.6991999120346023,0.36381185345789935,1,interior
0.5812403872493125,0.33908416864066604,1,interior
0.5896206878051383,0.33841043487949796,1,interior
0.5672564998856914,0.3328484459328424,1,interior
0.5620446262312139,0.33401758865949804,1,interior
0.5647524168621236,0.3399324893469404,1,interior
0.5599526797706657,0.16305493653100905,1,interior
0.5576335582316843,0.17001863023543376,1,interior
0.5703092050444992,0.1645173534206102,1,interior
0.5664198019155698,0.16151763839634412,1,interior
0.7102949183506879,0.38271475910755126,1,interior
0.7186704598488036,0.37708266639713506,1,interior
0.7160982639301189,0.3827515663907482,1,interior
0.4976339783943479,0.22333605493410574,1,interior
0.4931969363549477,0.2171779715608305,1,interior
0.4961318541936961,0.21231486184330506,1,interior
0.49597646697803927,0.22947706334601883,1,interior
0.5278567008223536,0.32226701052145995,1,interior
0.5409804787692118,0.31504895485923784,1,interior
0.521259598800732,0.31472502989611756,1,interior
0.5227689963353646,0.32138775490188226,1,interior
0.5233473168497734,0.30874267062178823,1,interior
0.5097341311042689,0.29412093412897666,1,interior
0.7383630493554371,0.27702723896492815,1,interior
0.7324045025618765,0.27858761538105703,1,interior
0.7501514136845865,0.23098892051746134,1,interior
0.7263816876084007,0.292774536188993,1,interior
0.5681389933940557,0.35159502547705823,1,interior
0.5664828205306948,0.34661257615481067,1,interior
0.573438544173341,0.15987323836004616,1,interior
0.5720243306826734,0.15329162312263347,1,interior
0.5758082772736242,0.1666767780901461,1,interior
0.7509321722063548,0.2188516703791913,1,interior
0.7547957072443506,0.22778383701292446,1,interior
0.754726141910142,0.2224353042466053,1,interior
0.49142668996153355,0.22621932950111967,1,interior
0.489753883770425,0.2215774441350801,1,interior
0.5343482561125132,0.23625305606378721,1,interior
0.5256130717686428,0.3033880650746094,1,interior
0.5323468571226607,0.2967376540216829,1,interior
0.5311017646672015,0.30250480857870826,1,interior
0.7174245665837894,0.1613291979071359,1,interior
0.7212282854423269,0.15741958488625157,1,interior
0.7163791420721416,0.15501120425408685,1,interior
0.7118955081858342,0.1486503900588386,1,interior
0.7058846055701851,0.14808786069766702,1,interior
0.7017060000316673,0.15135500391878007,1,interior
0.7104159560608356,0.3284440958983233,1,interior
0.7368182847241771,0.28359824919229754,1,interior
0.742727443544036,0.28182329337714207,1,interior
0.5922525032847634,0.1417854215251476,1,interior
0.7635610274089994,0.24005618197083625,1,interior
0.4989878991617993,0.20725059162910467,1,interior
0.4896297538106862,0.21064880009916848,1,interior
0.49405292580344407,0.2071898499648479,1,interior
0.7339447665709975,0.21382696014870015,1,interior
0.7586030728075406,0.29839430274610435,1,interior
0.7572770824555356,0.2892169252719497,1,interior
0.7607379131810003,0.2933513947928542,1,interior
0.7701198515434511,0.23743057246145252,1,interior
0.7653192170934172,0.23346212596267601,1,interior
0.7608466158622382,0.235239118437249,1,interior
0.7680014464535686,0.24339915842750445,1,interior
0.7575375193361413,0.23879380795385008,1,interior
0.5108029267770838,0.2993419072700729,1,interior
0.5050909344054691,0.2978054364004924,1,interior
0.7127356952499668,0.38740122387629333,1,interior
0.7064892100531235,0.38672158068042123,1,interior
0.7006815154183208,0.38462356359480904,1,interior
0.6906367777079128,0.3564987795688436,1,interior
0.69292406918077,0.36371052296083567,1,interior
0.5261949547914778,0.32657486946853237,1,interior
0.5354326606480834,0.33021495977667853,1,interior
0.5294853202853601,0.33215893639916566,1,interior
0.7170503319700782,0.3436166269451785,1,interior
0.5275914954097393,0.2541750090346219,1,interior
0.5611243725201048,0.1892837674672444,1,interior
0.5543128834978532,0.1652524909571322,1,interior
0.550746423288069,0.1685352729714512,1,interior
0.5520968896000502,0.1749168321549848,1,interior
0.5544752722617436,0.16060396009834343,1,interior
0.5241386439928263,0.3305578982370017,1,interior
0.5290898405437605,0.33984164977952724,1,interior
0.5248591946947059,0.335198631434512,1,interior
0.5392361340304662,0.33487516867656825,1,interior
0.7180653649188743,0.1498710015479612,1,interior
0.7133590904968978,0.1410366189991338,1,interior
0.7065380495027755,0.14269640583714926,1,interior
0.723333687855778,0.16198759711595312,1,interior
0.5037284299256555,0.2447957719819082,1,interior
0.49579902805180626,0.24897587553227432,1,interior
0.49263132358228034,0.24613769318578363,1,interior
0.5466207875845378,0.18340104492854536,1,interior
0.5514915718851584,0.18416878423122504,1,interior
0.5627406376321419,0.15688337423837842,1,interior
0.5682457290134203,0.15687571896944047,1,interior
0.5797155045836914,0.16262757058025,1,interior
0.5790962302843269,0.17266724520245233,1,interior
0.5586246826630655,0.17679486337647188,1,interior
0.6968154082956448,0.1489752375499188,1,interior
0.7010791362976696,0.14517221372711622,1,interior
0.5006177482303324,0.2790055040388735,1,interior
0.506613724415825,0.2701498147348771,1,interior
0.5009867317903308,0.2735994152759019,1,interior
0.7434076783339867,0.174729162407592,1,interior
0.7383812894836698,0.169407837385134,1,interior
0.5170314112678277,0.3083226541688099,1,interior
0.5205347499408719,0.3037285403828799,1,interior
0.511345474786948,0.3054635407468068,1,interior
0.5448314881556462,0.1775607243587702,1,interior
0.48379818161769705,0.22036446540021865,1,interior
0.48666077159270715,0.21603457794383085,1,interior
0.5450194394297699,0.16541159107561534,1,interior
0.5491635088907432,0.16160530051012353,1,interior
0.5460573264741416,0.1716461481908943,1,interior
0.5369408602098703,0.17750828443607652,1,interior
0.5500748537334419,0.17971970306392265,1,interior
0.7318447859114775,0.36343876455901364,1,interior
0.741470656206436,0.36240248820888105,1,interior
0.7416110445929157,0.33066215409045935,1,interior
0.7358262263528131,0.3307784792915893,1,interior
0.7438944339807412,0.32079901600764504,1,interior
0.7440014660515244,0.32608171115016293,1,interior
0.5426098324204436,0.15938310028664426,1,interior
0.5406970997930755,0.16850688592537585,1,interior
0.5392611299708292,0.16306727620236464,1,interior
0.49060148714690444,0.2369736150598695,1,interior
0.49479386218683913,0.23388935865381458,1,interior
0.49166688859259433,0.24169691399185725,1,interior
0.7530181643854775,0.31215366076965456,1,interior
0.7478371158164099,0.3110392047211937,1,interior
0.7589027816880183,0.30390398241323074,1,interior
0.5595505124609864,0.3446370431531058,1,interior
0.515060612586852,0.2656553873835718,1,interior
0.5196160121513104,0.26158787642112025,1,interior
0.5175047255803472,0.2527082762107328,1,interior
0.5134984561546488,0.2603305051177193,1,interior
0.5219881807811365,0.25602796255421567,1,interior
0.5890138959318901,0.36527573271800434,1,interior
0.592435018577268,0.3600671658544728,1,interior
0.6756770651628997,0.16368287568202444,1,interior
0.5043096232536612,0.2043996234840869,1,interior
0.7268915735253665,0.15743540636038614,1,interior
0.6768859375436419,0.16825671720083946,1,interior
0.6810176031756242,0.1636702506019906,1,interior
0.529502173473537,0.18769362510515727,1,interior
0.5196987120568769,0.1910775971041511,1,interior
0.524855545075874,0.19135090296886806,1,interior
0.5055421113083245,0.30390284751091623,1,interior
0.7507520640930619,0.1758921611039113,1,interior
0.7527244811918915,0.18673247782157887,1,interior
0.7531816077067574,0.18082910315602957,1,interior
0.5838469361761864,0.36518041753665753,1,interior
0.7344752694145038,0.3523587043107466,1,interior
0.7368855665994455,0.35703283337130276,1,interior
0.7367538328172916,0.36122308101170664,1,interior
0.49640557601171703,0.20181954732610685,1,interior
0.4852346043657765,0.20588361735143645,1,interior
0.49053051569333866,0.20343626550337382,1,interior
0.7089350892897744,0.13794306908025034,1,interior
0.7122193193527012,0.13444735864089882,1,interior
0.7169109901329309,0.14513041826291878,1,interior
0.7201294977201264,0.1405251455530526,1,interior
0.5853204007549296,0.14465825293658613,1,interior
0.5882294547861618,0.13964321404352115,1,interior
0.7597889714929899,0.22499629665712262,1,interior
0.7563096197473153,0.21664560813893818,1,interior
0.7467138689153778,0.2717745385998091,1,interior
0.7511172787901522,0.27492767069938456,1,interior
0.5109379676171786,0.2680392310218577,1,interior
0.5091732467478465,0.26366783628056406,1,interior
0.7585045593533067,0.18223661928389978,1,interior
0.7585978412122999,0.18713060443846688,1,interior
0.7565595188488986,0.1923896144364647,1,interior
0.7510000115238323,0.3349334318887211,1,interior
0.744980824207508,0.33523733264873545,1,interior
0.7390792820182712,0.33632715132108976,1,interior
0.7484247490753597,0.3298549893847601,1,interior
0.5722202631457941,0.35435972413354044,1,interior
0.5627297634962837,0.3513879800156199,1,interior
0.6236540732069594,0.13316925979194355,1,interior
0.7332978230318193,0.3364413918946309,1,interior
0.4902143473911872,0.2513918655580614,1,interior
0.4870948872847994,0.24578626791259614,1,interior
0.500764796271408,0.24967579381805075,1,interior
0.7630083398225525,0.26052911119294425,1,interior
0.7583075458932353,0.2618241481104106,1,interior
0.48464585813708033,0.2256776493165455,1,interior
0.4830396587951597,0.21119268927558377,1,interior
0.4783930798771645,0.2264455931678832,1,interior
0.47405414069434837,0.2170119115252557,1,interior
0.5527486295364349,0.1552568227651538,1,interior
0.5491629760112785,0.2660342300634696,1,interior
0.7145442769615477,0.29302908321099946,1,interior
0.5551743885479791,0.18110020633820076,1,interior
0.5604028479004436,0.18321574908408497,1,interior
0.6957708314086978,0.14291705399546975,1,interior
0.6875468174802987,0.14812726682565083,1,interior
0.6923177983250325,0.15244718066261748,1,interior
0.4908665061295406,0.2582755819092017,1,interior
0.4836186969007304,0.2508256588591628,1,interior
0.4959659007691349,0.25383095282278645,1,interior
0.7447793285402721,0.2763495866099257,1,interior
0.5232215020021274,0.2402762461085627,1,interior
0.7502306277741942,0.3760782031395397,1,interior
0.7428605577288635,0.17979999233410138,1,interior
0.7434359074474041,0.3586572248621327,1,interior
0.7387947459742993,0.34869422169961556,1,interior
0.6285999829914751,0.13369866563520627,1,interior
0.6251902388877609,0.12941848007514486,1,interior
0.6234740893032511,0.1366206871820665,1,interior
0.6711347945139923,0.14420033126495196,1,interior
0.6823233182602528,0.14405954371531268,1,interior
0.6755483974490968,0.14158561812119722,1,interior
0.7721860081348714,0.2553250045065304,1,interior
0.7694550758864697,0.24923953194553636,1,interior
0.7685994879265032,0.25948711458483914,1,interior
0.6893222069225895,0.1409803813159346,1,interior
0.6840602506825093,0.13854130225989814,1,interior
0.486182833109644,0.20030882637603784,1,interior
0.47974301539738473,0.20692769356864202,1,interior
0.4806752062056618,0.20202071894973628,1,interior
0.5508614600264673,0.3356367301202631,1,interior
0.5575281377816362,0.33138675569257464,1,interior
0.544897052995637,0.3344482906363264,1,interior
0.5531486501988724,0.34119342753034426,1,interior
0.559420017733746,0.1508472620989175,1,interior
0.5663500720182072,0.1520688540330737,1,interior
0.5577807885889439,0.15711845510549022,1,interior
0.48030677452684606,0.2566002238637069,1,interior
0.47781949725115824,0.2509129829715005,1,interior
0.48071841937266807,0.24541991034186017,1,interior
0.5822350052273794,0.3333718042567157,1,interior
0.49630504044596435,0.19633117201730765,1,interior
0.49041255635185604,0.19591850009551473,1,interior
0.5052955374211702,0.19730136766885367,1,interior
0.515829275000776,0.24116717255521242,1,interior
0.521497269784698,0.24500673741262674,1,interior
0.5654110604004107,0.14783880499887997,1,interior
0.7433576277675787,0.31490286933924433,1,interior
0.7497759910193499,0.31732996411507103,1,interior
0.7490098405472517,0.32358479873006013,1,interior
0.501497621569981,0.22885472964090936,1,interior
0.48930687651999394,0.23103885297626398,1,interior
0.5225262384628316,0.2504459047477091,1,interior
0.5568580155640569,0.35076799210469173,1,interior
0.5535752013171942,0.34611594164277776,1,interior
0.5574135519834627,0.33740823700093703,1,interior
0.4802222221771091,0.21602084436619773,1,interior
0.5360095384495681,0.15805435078560745,1,interior
0.5461431933892459,0.15570866716352919,1,interior
0.5393178786972083,0.153349483674027,1,interior
0.5441426921466664,0.15007794923307297,1,interior
0.6558205312118021,0.14002945662914534,1,interior
0.7390769610099587,0.2172779453367545,1,interior
0.5868651698629468,0.3573447060898672,1,interior
0.7535147888950228,0.32646045140301044,1,interior
0.48219044120215804,0.23073690183186427,1,interior
0.7187828847328195,0.3700213826820438,1,interior
0.7247977787700682,0.378560471042989,1,interior
0.7539713906017966,0.38438811593699174,1,interior
0.7523411371596854,0.3875197184341872,1,interior
0.5744892559824354,0.359161269340826,1,interior
0.5674077130729244,0.356709614664184,1,interior
0.7706620339302562,0.2634514223301898,1,interior
0.7799030377982751,0.2512662868530795,1,interior
0.7796861659252834,0.257117609560058,1,interior
0.7747072446126204,0.2618616894055215,1,interior
0.517033799471613,0.320421672587553,1,interior
0.519212455863896,0.3321274059050178,1,interior
0.7666802685538617,0.2651863420972904,1,interior
0.6623048930158383,0.13862008142904622,1,interior
0.6690364012010896,0.13870730342872734,1,interior
0.5393338075484263,0.1465192167952923,1,interior
0.5350961881309428,0.14896429373572267,1,interior
0.5319171304889595,0.15340853191173925,1,interior
0.5152072381092886,0.33587010714250326,1,interior
0.5130382759555007,0.3310875370073018,1,interior
0.49592222155711524,0.2829635354779475,1,interior
0.5014093058596604,0.2853126224775076,1,interior
0.4938261733776149,0.2758628708078286,1,interior
0.4962961300604798,0.27030853573712654,1,interior
0.7745204296476468,0.2324678306620809,1,interior
0.7765342670315047,0.23887256426916936,1,interior
0.7313007391522918,0.28529430986634646,1,interior
0.6390882266423572,0.13569132401309777,1,interior
0.6337541399757632,0.1314509277318674,1,interior
0.5357063864539707,0.16656849047465025,1,interior
0.6776229633161872,0.15370957526561332,1,interior
0.7593659160104065,0.22011782270796373,1,interior
0.7639530590917208,0.2210426831687997,1,interior
0.7648452787230862,0.22714263433848567,1,interior
0.7604196833046507,0.23020318636321155,1,interior
0.5505306237075723,0.35011492769930036,1,interior
0.560363759045549,0.35651774797869396,1,interior
0.5540269065741116,0.35507531464420533,1,interior
0.6983582210363535,0.3794387905020713,1,interior
0.6964160619643097,0.38906631435598604,1,interior
0.7017626071571756,0.3899702195376564,1,interior
0.6950973550789209,0.3841190726360582,1,interior
0.5110192306089826,0.20071099149186325,1,interior
0.5559019172702279,0.36016358131985626,1,interior
0.5647192392046135,0.36066843459960474,1,interior
0.5511290055465501,0.35909788821405214,1,interior
0.504419229268314,0.2911858496470195,1,interior
0.49727329274691695,0.2898733379185125,1,interior
0.5831832792738678,0.14930906837679603,1,interior
0.4846660908230202,0.24021216509834012,1,interior
0.5854306082736632,0.361460334759,1,interior
0.7420488051579514,0.30888756157943703,1,interior
0.7370189291720765,0.3423513484178799,1,interior
0.7846401478339319,0.2513728566982191,1,interior
0.7858984626625402,0.2574035578101822,1,interior
0.7849610025916982,0.2638286478151491,1,interior
0.7753902133178371,0.25056828823880456,1,interior
0.49494873879751716,0.2642187110313245,1,interior
0.4965498783283434,0.25875415775229815,1,interior
0.48965723605149086,0.26373682426018413,1,interior
0.484196747840672,0.26173280777939917,1,interior
0.7673380509576778,0.21589735078544073,1,interior
0.7529679311550538,0.21372009558857635,1,interior
0.7631953355411122,0.20948060571840688,1,interior
0.757179855622592,0.21007183799844426,1,interior
0.5068279278828711,0.24973797348159618,1,interior
0.5122233675468305,0.25119523248298337,1,interior
0.5121199288596593,0.24622057191661767,1,interior
0.6977583234886588,0.3934248027217171,1,interior
0.629164652962069,0.12687226061963186,1,interior
0.6381448781515342,0.12889505584094554,1,interior
0.633959065533687,0.12468801365280135,1,interior
0.7227401897756619,0.38355346809781204,1,interior
0.7184701549422218,0.3883753601505136,1,interior
0.5469609984992618,0.3584577117670847,1,interior
0.5484817082879444,0.3544839166327416,1,interior
0.790266695319223,0.2605084248233378,1,interior
0.7799630655391725,0.2639933711674504,1,interior
0.7864698941346733,0.2712953671876917,1,interior
0.7819067505103557,0.27004909820646367,1,interior
0.7905663478172409,0.2664930720825917,1,interior
0.5292662953098807,0.15941085533691002,1,interior
0.5337302774727697,0.16249338818852732,1,interior
0.5297365608887664,0.1667219107600823,1,interior
0.5485388188692293,0.14709588223874867,1,interior
0.5301667026279681,0.17894259928439663,1,interior
0.5309051626093358,0.17341853948671318,1,interior
0.5355591958816274,0.17123232086128473,1,interior
0.5345701326092713,0.1836529191560643,1,interior
0.49145178601349754,0.2692603713602733,1,interior
0.4869579723889321,0.27790166907658803,1,interior
0.48689110981913103,0.272510384134982,1,interior
0.4907483953902446,0.281466437435658,1,interior
0.49181333342103334,0.292605273454518,1,interior
0.49496629206417764,0.29537971869130225,1,interior
0.696722632010024,0.36917921483570076,1,interior
0.6948884729793222,0.374671687220189,1,interior
0.5473657592866565,0.3446422514160483,1,interior
0.7614505606148049,0.26759651139966967,1,interior
0.7913784113636878,0.2541475874786192,1,interior
0.7531593296397903,0.28450872652972825,1,interior
0.5149827664087917,0.19462031494186235,1,interior
0.5226562662920257,0.20022998823789862,1,interior
0.5281308914298081,0.18307882840547393,1,interior
0.5364390272105324,0.3404251750735317,1,interior
0.5241736242272005,0.34444297344067887,1,interior
0.5338136436675167,0.3452680836868293,1,interior
0.5337095788843044,0.33578835493092885,1,interior
0.5284173145873019,0.3459104567543621,1,interior
0.5894855843845787,0.13528531000178456,1,interior
0.5771496560598058,0.1499186555825778,1,interior
0.5787258320634734,0.14426199455474434,1,interior
0.732937416082737,0.34650173707094156,1,interior
0.7424922102248767,0.3459132969552339,1,interior
0.7430335312171178,0.3408910182240667,1,interior
0.7452355442054914,0.3514312227557036,1,interior
0.7401625042217108,0.3536939467215114,1,interior
0.5835133066027076,0.13407463765547423,1,interior
0.5827901431595105,0.1397954370855991,1,interior
0.587230621688969,0.13034247267829013,1,interior
0.5572472739799273,0.1436774241370975,1,interior
0.5535513288167391,0.14854365634517827,1,interior
0.756972448579444,0.39006848512063463,1,interior
0.4913541308570502,0.2871579048644131,1,interior
0.5252511634306889,0.1708765005019662,1,interior
0.5790909014126482,0.3630559767404174,1,interior
0.7555697851857123,0.37940278896482116,1,interior
0.49781697664728247,0.18743371166562303,1,interior
0.5004353686296309,0.19315666572273185,1,interior
0.49107866201713285,0.18834316227642445,1,interior
0.4826689386800594,0.19581840487608435,1,interior
0.4857332289703425,0.18994672079877675,1,interior
0.5162901278547104,0.34017219281891825,1,interior
0.5109317381699943,0.3399405824105941,1,interior
0.5075031975134567,0.33014939583361247,1,interior
0.5088427594259742,0.3350765571132955,1,interior
0.5206382318767919,0.3262421321198894,1,interior
0.7482640428418694,0.34506854595739245,1,interior
0.6748279762053481,0.13611550586450813,1,interior
0.7574550591677335,0.1766930546618458,1,interior
0.4864063700478841,0.18292734735981045,1,interior
0.49234477946682503,0.18274997760865977,1,interior
0.49445712944070674,0.1784487357209396,1,interior
0.49501553832919665,0.1917521202877147,1,interior
0.7540240844869852,0.34575021814245877,1,interior
0.7536352972055261,0.3404018199502002,1,interior
0.7519328791749292,0.35079992868881865,1,interior
0.7481177461936376,0.33947093892273766,1,interior
0.6723132146025775,0.12664826511257532,1,interior
0.6672149701168665,0.1295006234202641,1,interior
0.6805018370243389,0.1336477977228647,1,interior
0.675447456079804,0.13104535838341158,1,interior
0.4825489864134225,0.28007191480276666,1,interior
0.48073007054152317,0.27462913769233843,1,interior
0.4856637640297685,0.28486898746605543,1,interior
0.48052386486299115,0.19067163604937187,1,interior
0.47690208681941226,0.1989537986800487,1,interior
0.5426349598903923,0.33994971746155755,1,interior
0.7491688616500916,0.3626038113220285,1,interior
0.7644665917304508,0.2870937835103416,1,interior
0.7696983710585948,0.29690724396192497,1,interior
0.7640925827181839,0.29927524141299655,1,interior
0.7641177201108128,0.1776159453368336,1,interior
0.7644858609790045,0.18452866476595167,1,interior
0.749190833159531,0.28036149713722464,1,interior
0.7567171733574964,0.271985487663117,1,interior
0.577356692402765,0.13019982553176326,1,interior
0.5828402284840569,0.1268506953526935,1,interior
0.5776057707326248,0.1373042237796127,1,interior
0.4773057734232133,0.24056765105027336,1,interior
0.4795668109243249,0.2356289715050189,1,interior
0.4744879528437396,0.25660043702884056,1,interior
0.4769938297311902,0.2628536247313686,1,interior
0.7713506422912921,0.20345542749813025,1,interior
0.7594191325975559,0.20367974560253,1,interior
0.7686270569143158,0.20907558218719005,1,interior
0.5404641632295187,0.34511766022253915,1,interior
0.5478335615740171,0.3392590989452722,1,interior
0.755564029039803,0.19836869684537436,1,interior
0.7592237159031973,0.3434774850862274,1,interior
0.7582475200129944,0.34949822752719295,1,interior
0.7593477265016049,0.3383566067787746,1,interior
0.7733370628332453,0.24407593105430148,1,interior
0.5112450415075135,0.3170858879082292,1,interior
0.515926106134821,0.31433850295857163,1,interior
0.5101904475652619,0.32673798947985344,1,interior
0.47392072002841307,0.2458381101504965,1,interior
0.5084979276899247,0.2565051528281813,1,interior
0.5049309107148978,0.26047035347683856,1,interior
0.5043363468799296,0.2652660302761791,1,interior
0.5094275513288675,0.19481394565500834,1,interior
0.5110639116830451,0.19005631330200035,1,interior
0.5164465297142974,0.1880816782695717,1,interior
0.7540620684430464,0.35997910179110837,1,interior
0.522741182295062,0.18595028261549837,1,interior
0.5064058473281131,0.3090290557254865,1,interior
0.6270712283777427,0.1224139465023312,1,interior
0.7987172172821687,0.2545279479858577,1,interior
0.7950570167074361,0.2582550551489947,1,interior
0.7952856683121886,0.2488934296025134,1,interior
0.7492521018844688,0.17029078388421992,1,interior
0.7554102782100026,0.17145118669079973,1,interior
0.5227589027449017,0.16627834560740873,1,interior
0.7624002267299295,0.3938138980370865,1,interior
0.7674273864501683,0.28064168348246804,1,interior
0.7586438912115201,0.2842719759302117,1,interior
0.7621043571786628,0.28100085223952054,1,interior
0.7661370366659612,0.29276937738635106,1,interior
0.7704543871637013,0.2846417220586669,1,interior
0.7688354889913288,0.18076993621810317,1,interior
0.7720881976839886,0.18569021844608513,1,interior
0.7671991279243786,0.18901661473878278,1,interior
0.7619902053814962,0.190615324129538,1,interior
0.6928170111974484,0.37965647711007194,1,interior
0.5043833562373232,0.33967310678702745,1,interior
0.5142709439415449,0.34473610807959976,1,interior
0.7562369449328674,0.27871732659319665,1,interior
0.5716612047969983,0.14741426950835665,1,interior
0.7797455574702035,0.2455290528353405,1,interior
0.7801004160179495,0.23349291518678097,1,interior
0.7825295896776923,0.23942620994060446,1,interior
0.6880676807356112,0.36601218203795166,1,interior
0.6880820244637013,0.3609736433082815,1,interior
0.7245172241156078,0.38947272848977743,1,interior
0.5004448337067094,0.26781896911665476,1,interior
0.7358241328555929,0.16352359693248467,1,interior
0.7294753913895294,0.16299119548226243,1,interior
0.7000329713868291,0.13847715356548937,1,interior
0.5445858719379474,0.18835518142355415,1,interior
0.771877193555428,0.26752543501252174,1,interior
0.48540553393237823,0.23499014466430235,1,interior
0.7969220591135336,0.26774240672459665,1,interior
0.7917255919076385,0.271736523973875,1,interior
0.7563083387278394,0.33532699739810173,1,interior
0.7552893610843268,0.3307246579077746,1,interior
0.5261726880342239,0.3178808489211514,1,interior
0.7547541705577702,0.3214553459697051,1,interior
0.5675648349198643,0.14277823476371582,1,interior
0.5627178654053673,0.13893867959988207,1,interior
0.562063005864718,0.14480176547681006,1,interior
0.5438412106009807,0.35569868210677263,1,interior
0.5457933869803037,0.1392790191110634,1,interior
0.5509651016294409,0.14211374679124805,1,interior
0.6426425823917467,0.12570873376079458,1,interior
0.630540025134668,0.12091956516613278,1,interior
0.6354298528008057,0.1174802058777796,1,interior
0.7570200054404784,0.35588800331956677,1,interior
0.5002120289095612,0.2620561943634882,1,interior
0.5020507636314034,0.2556929899455988,1,interior
0.7642057393407233,0.3068147036747441,1,interior
0.7582973118620752,0.3098365754922137,1,interior
0.4766221463282192,0.21125184701912136,1,interior
0.47401273756322126,0.20524474290098388,1,interior
0.6473714153657054,0.1500893590126107,1,interior
0.6519394464474269,0.14541910743373035,1,interior
0.472178632276189,0.2661552358849309,1,interior
0.4695162468210659,0.26088761010724715,1,interior
0.47612221175872044,0.2701484146617132,1,interior
0.48161082914303127,0.26817554207821875,1,interior
0.5660604915509853,0.13398643465991245,1,interior
0.5559424583174747,0.1372706831208481,1,interior
0.5703083750242818,0.1373620732517975,1,interior
0.5605496629355431,0.13282900318784321,1,interior
0.5112271879559,0.31150883964520126,1,interior
0.7822958598004298,0.27732934965706296,1,interior
0.7889707559500125,0.2776224821039503,1,interior
0.5043382019496457,0.32508144817843354,1,interior
0.7591866854767434,0.3632199754399504,1,interior
0.7629937377847175,0.3593136561813757,1,interior
0.7629211715359578,0.35327931470580837,1,interior
0.4865097074893311,0.267179488888298,1,interior
0.7636210375013676,0.3883342083939151,1,interior
0.7590057330149798,0.38479834777231164,1,interior
0.6609031505594589,0.12381648267508329,1,interior
0.6619307442656296,0.12895125792202602,1,interior
0.6704131175108353,0.13277036241879311,1,interior
0.6703134916025196,0.12065053504681884,1,interior
0.6917451691130665,0.39372769783372846,1,interior
0.8033182725143561,0.2652325819551135,1,interior
0.8016214054717645,0.2712100569104068,1,interior
0.7956642529904355,0.27438539510366944,1,interior
0.6429213679437008,0.14088794124942053,1,interior
0.5025620424571625,0.18018331245608407,1,interior
0.48894596657620887,0.1756446067039431,1,interior
0.4999108109225375,0.1758922555177727,1,interior
0.494961259059213,0.17409878256866257,1,interior
0.47968605840073203,0.2844716417550486,1,interior
0.7780199350735039,0.2741415984250419,1,interior
0.7767097185616826,0.26841942883535624,1,interior
0.7650219236221497,0.3652700393315768,1,interior
0.7571533917191942,0.3689928919920497,1,interior
0.7621896321071274,0.36972854239935743,1,interior
0.7544441500235932,0.364405188595727,1,interior
0.6841400757499618,0.13003111943546397,1,interior
0.6794230580779193,0.1388792020827658,1,interior
0.6913904528483892,0.1345094246374104,1,interior
0.5734323121580347,0.1418301893697754,1,interior
0.7682078972951603,0.38925773099741157,1,interior
0.7719489234059094,0.39632686976452874,1,interior
0.6790957481285327,0.1269635163181823,1,interior
0.6850076595487042,0.12532281434017484,1,interior
0.6898022043415114,0.12856392398922198,1,interior
0.540225744209345,0.35354881744347016,1,interior
0.6669124466034694,0.1674093703041824,1,interior
0.4663997350723674,0.2068007415955845,1,interior
0.4704067946018935,0.21168885905972223,1,interior
0.46889548479105403,0.20117519852191404,1,interior
0.5699050405616358,0.3616273899790461,1,interior
0.7673212235790663,0.2709711540746675,1,interior
0.7730943601139889,0.2729984266360725,1,interior
0.7628324923793882,0.27522706050013657,1,interior
0.7745552765148482,0.2793369894323433,1,interior
0.7751152975387916,0.2852515687354502,1,interior
0.7681698300576941,0.37026271968262164,1,interior
0.7651225934497575,0.37522284350130014,1,interior
0.5048749000914167,0.1713406062208104,1,interior
0.5074563364665072,0.18658051232818612,1,interior
0.5059874355576165,0.17672807108908725,1,interior
0.6819020533729493,0.12115817528032337,1,interior
0.6890800704415316,0.12054257608887474,1,interior
0.5408525563978831,0.1736036694821046,1,interior
0.5102931910748127,0.16783591540992016,1,interior
0.5001555559127057,0.16248968335952277,1,interior
0.5105957184579317,0.17368591296466585,1,interior
0.5049363700545758,0.16524226231688682,1,interior
0.4990051273676115,0.16932999213483566,1,interior
0.7690907606568714,0.30336505395421226,1,interior
0.5221201284694047,0.15769658006593973,1,interior
0.4640383628112197,0.20088669781378793,1,interior
0.4660133460876111,0.19489960581067062,1,interior
0.4835773043849718,0.17692287964244663,1,interior
0.4808317709629748,0.18560566960400007,1,interior
0.7559860453255179,0.2332161028397164,1,interior
0.785893460236562,0.24481202708720892,1,interior
0.469222643950428,0.24956590158632325,1,interior
0.5162993807024879,0.17682559842265233,1,interior
0.5153622195752453,0.17118218121005382,1,interior
0.5114963568766102,0.17922610340987463,1,interior
0.772209941537338,0.29058969315234856,1,interior
0.5354139504729035,0.18994258230815395,1,interior
0.769530028140073,0.23007081777130833,1,interior
0.7688683706186697,0.22312210255485085,1,interior
0.7732825720293094,0.22615045878738937,1,interior
0.7642541980688288,0.3467681832748158,1,interior
0.7643929541821427,0.3392557922004098,1,interior
0.5170892044737806,0.24764744972680788,1,interior
0.5133569520027301,0.25545868103296365,1,interior
0.46695665610869835,0.26677408727157476,1,interior
0.4704496729016478,0.27151944073753637,1,interior
0.47364457324429887,0.27668875657779723,1,interior
0.752459177863492,0.3674858617171322,1,interior
0.7416446464067941,0.1640981246115738,1,interior
0.7736369157681414,0.21944031851398443,1,interior
0.4858816574908357,0.2557768924975605,1,interior
0.4678590080463108,0.2180310771473548,1,interior
0.46108902215313974,0.20950810522511337,1,interior
0.7731090240013353,0.30167241126485483,1,interior
0.7749357553023742,0.2973925446584948,1,interior
0.7741837937048226,0.3069560105083369,1,interior
0.7698009927945387,0.310758997143203,1,interior
0.701611572743568,0.13201492672164986,1,interior
0.7044237828660529,0.1370880947926993,1,interior
0.6963175097107804,0.13139496311997104,1,interior
0.5019099700077971,0.31917698267254757,1,interior
0.5066925132272422,0.3197046704167702,1,interior
0.4974993829547264,0.32180951520731726,1,interior
0.4992759828465954,0.3277234780132129,1,interior
0.5028008510195668,0.3326117240252051,1,interior
0.5105373932122218,0.16167709432201027,1,interior
0.5047073590153434,0.19068211990346765,1,interior
0.5026808671870364,0.18507421715322772,1,interior
0.5007986061664222,0.1988459045840553,1,interior
0.5337570715499,0.3491785243196781,1,interior
0.5049862228801707,0.3142532108161002,1,interior
0.49795413221508084,0.3149615784867693,1,interior
0.45894028625889,0.19765652999748834,1,interior
0.46499460397143516,0.1876677964279941,1,interior
0.4708792589322022,0.18910043448617353,1,interior
0.4716862013756365,0.19596499353501615,1,interior
0.5002536305128692,0.30229914745077885,1,interior
0.4999994890160895,0.2959054587370232,1,interior
0.7481731142259868,0.21408328190722747,1,interior
0.49993412995359005,0.3088831466327518,1,interior
0.5160988266948046,0.16526713473000304,1,interior
0.7231060970932724,0.15235181898343514,1,interior
0.6916473308935265,0.39980806369644484,1,interior
0.691637821844649,0.4052522359021009,1,interior
0.8045152807934305,0.2585732071843931,1,interior
0.7993974294084442,0.26120964998915736,1,interior
0.5229253994370585,0.17974794033349517,1,interior
0.5215473244271976,0.33857373322930945,1,interior
0.6948341806712758,0.13757071008604366,1,interior
0.7682738372462222,0.3429913849771247,1,interior
0.7679095537760093,0.3516460574992652,1,interior
0.770535752782432,0.34793217626344397,1,interior
0.5441180305348959,0.35014026457437825,1,interior
0.7737614251894743,0.3169082628942174,1,interior
0.7685189540505326,0.31679914919107394,1,interior
0.7765371758759647,0.3122144686024801,1,interior
0.7632789616008543,0.314169613884113,1,interior
0.6302185471147574,0.11658588201767953,1,interior
0.6429238861731867,0.1310276299531742,1,interior
0.6465059897995702,0.12242648165078045,1,interior
0.6411732260226325,0.11988505488158989,1,interior
0.6515751879279593,0.12343968857548122,1,interior
0.5171628909185052,0.1823185871698599,1,interior
0.4686645948074648,0.254840500223751,1,interior
0.5491803337839702,0.15168112432885084,1,interior
0.4613162853492854,0.1920315938081266,1,interior
0.4520918362828401,0.19667378164633584,1,interior
0.45366200608387397,0.2031080967602265,1,interior
0.6459712533674068,0.13511876579200133,1,interior
0.646351173602566,0.14480769644691782,1,interior
0.6584771106146089,0.13380964513654905,1,interior
0.7900715901979898,0.28335073564720076,1,interior
0.7848386308317641,0.28427713708624214,1,interior
0.7273655975146207,0.3450021134879436,1,interior
0.7791284035508045,0.2882350049478076,1,interior
0.7842929566941335,0.2908492878210694,1,interior
0.7680583659738458,0.36169554997603065,1,interior
0.771290301528799,0.3659529816160931,1,interior
0.4747450588922636,0.18250182271939255,1,interior
0.4683133157310022,0.1824353007200141,1,interior
0.4761843882686418,0.1879318181521364,1,interior
0.7222550480499595,0.14606183655331834,1,interior
0.77346933424869,0.343102275835191,1,interior
0.7756362494438348,0.3485044941135426,1,interior
0.7704398930366451,0.3379537710980755,1,interior
0.45654266805831467,0.2081064530263939,1,interior
0.4569467271420752,0.21392226521437355,1,interior
0.46009178997815203,0.20413253167105652,1,interior
0.6758612909512166,0.12113326297632154,1,interior
0.6727146713894648,0.11472181506781225,1,interior
0.6654042981836862,0.12086404557011092,1,interior
0.6661766230815448,0.11561342104887994,1,interior
0.6665680350713873,0.12517476952419923,1,interior
0.5376747820771568,0.3499353207398144,1,interior
0.7767182773587757,0.22326287999898814,1,interior
0.7775983769972458,0.2141974664096751,1,interior
0.7807619740354871,0.22075490722912885,1,interior
0.7721647590042389,0.2136491384545507,1,interior
0.6493607545878536,0.13985466646829126,1,interior
0.4928734391320423,0.1704977694928005,1,interior
0.48864268995503085,0.16803056514368833,1,interior
0.48219702275434095,0.1705815252810815,1,interior
0.6615133766423499,0.11872184722338545,1,interior
0.5603550720893417,0.3616867679296067,1,interior
0.7498759426705899,0.35628703143973395,1,interior
0.7731706647771895,0.36044449209955975,1,interior
0.7681335998966858,0.3567519490606746,1,interior
0.5656168757558265,0.12878154769506708,1,interior
0.5600749091434468,0.12718706878486385,1,interior
0.5542086343192439,0.1304277823344383,1,interior
0.7615017338912858,0.2152282905901509,1,interior
0.7600803640161936,0.31975749520326535,1,interior
0.6786316115465607,0.11557790925883932,1,interior
0.6562487307641318,0.11981379494406474,1,interior
0.6556174211606559,0.12756309444420771,1,interior
0.6919080120481854,0.388249902982109,1,interior
0.6898488391169852,0.3757701149872284,1,interior
0.7732642341242449,0.3541574398374047,1,interior
0.7804183216520919,0.34939297393875224,1,interior
0.7779659292263794,0.353434076427556,1,interior
0.7794995923409784,0.3439874513577314,1,interior
0.7776046494831341,0.36511925427928543,1,interior
0.495683033768231,0.15928582278883927,1,interior
0.5055003829248994,0.1586232944618753,1,interior
0.6822311100385777,0.15730103959980246,1,interior
0.741118844124206,0.15806831859489207,1,interior
0.7333758769375872,0.157814352662167,1,interior
0.8004967460548753,0.24898085459413602,1,interior
0.804894224965565,0.25279169638180565,1,interior
0.5198230215512848,0.3480106380174881,1,interior
0.5120079303602694,0.1846081079562306,1,interior
0.5170232613191973,0.15309145912235805,1,interior
0.5158771971344226,0.15893839713530514,1,interior
0.5200716885039809,0.16215574073308578,1,interior
0.5220557562530906,0.15256681166373426,1,interior
0.5264915803508017,0.1549043186814651,1,interior
0.5262089902287715,0.14984591171611433,1,interior
0.7537370731014119,0.3729582088390429,1,interior
0.7628868978728561,0.38110535188104677,1,interior
0.7648854102635885,0.32110624956337747,1,interior
0.7708911841169797,0.32216998275736847,1,interior
0.7231055698688681,0.13502845628108198,1,interior
0.7266922755932796,0.14108722245505897,1,interior
0.7857651551300053,0.2338245339233974,1,interior
0.783309723999632,0.22786918074847207,1,interior
0.6484327566229806,0.12868266413485394,1,interior
0.6523437431758689,0.13401463831636182,1,interior
0.7779616251642673,0.2034461405784842,1,interior
0.7680617748360908,0.19826227050882636,1,interior
0.7745550023553301,0.1977191441502742,1,interior
0.7749108126190367,0.20866520491248788,1,interior
0.8113380850223413,0.2559912597336511,1,interior
0.8050325139233897,0.24677575240239683,1,interior
0.8093838172948384,0.25011333332612706,1,interior
0.49636608533188536,0.3325985252034847,1,interior
0.49395538466325006,0.32716216768076967,1,interior
0.6503887484218113,0.11753147201492944,1,interior
0.7824297271285354,0.21434788178892833,1,interior
0.7819022889193946,0.2081853125061644,1,interior
0.7870601440089953,0.21727612366777196,1,interior
0.5172715989609113,0.25731774247611267,1,interior
0.47232682914070595,0.2238044844948055,1,interior
0.4688725365367486,0.22983865637050568,1,interior
0.47856178222582396,0.2215659568752976,1,interior
0.47541558070482454,0.2305126081803064,1,interior
0.5709365645651553,0.13111775248509136,1,interior
0.7726493995580257,0.3276013856056503,1,interior
0.7787547900097819,0.32860961696384344,1,interior
0.7776251215532147,0.3225388729705005,1,interior
0.810571887438965,0.24455731268736783,1,interior
0.8143490393504406,0.2491203245811119,1,interior
0.8058032216094603,0.24190567012904932,1,interior
0.5259780144824446,0.17571602785427412,1,interior
0.5206811477525645,0.1742614710002918,1,interior
0.7000986388825234,0.12487307436419837,1,interior
0.6942569210219818,0.1248761243448305,1,interior
0.6763203627775208,0.10929248204839172,1,interior
0.6840822150312478,0.11631213549741808,1,interior
0.6822793880283821,0.11022551138760804,1,interior
0.6317829205619615,0.11213923514711334,1,interior
0.6379555989855552,0.12320237903906936,1,interior
0.5743728880098208,0.13408609629077203,1,interior
0.5193654261424978,0.34332008563288297,1,interior
0.7597897571779768,0.32585331592600014,1,interior
0.7810161352534898,0.33896670820765296,1,interior
0.7849732023448698,0.34835249077756864,1,interior
0.7761028303836519,0.3384093033446827,1,interior
0.7853965065536745,0.33654473021665754,1,interior
0.5111055748046832,0.15502807771996208,1,interior
0.6324181629219447,0.10644699886202974,1,boundary
0.7614975886193395,0.19723290538672172,1,interior
0.770862766716249,0.19269514067995933,1,interior
0.46494414236332055,0.27237804426709905,1,interior
0.7946803189610065,0.26310260851027584,1,interior
0.8088193478037038,0.2629153326026135,1,interior
0.5003236599934423,0.15565098826198007,1,interior
0.5060396285224603,0.1519034404741977,1,interior
0.7651241482977763,0.20337727811995462,1,interior
0.7758744010596299,0.1911468291688667,1,interior
0.8085481626560177,0.26977018850010587,1,interior
0.6711355353695505,0.107777974853286,1,interior
0.577336296878353,0.12420914534353544,1,interior
0.5305126251323818,0.1478098578566401,1,interior
0.5334567401811111,0.14293289449311272,1,interior
0.768432112645565,0.3848765801825109,1,interior
0.7726808618076308,0.38952895119368885,1,interior
0.8054610267536546,0.27454193585058184,1,interior
0.8006019636519842,0.27739985324379707,1,interior
0.7676844252972508,0.39342324530459516,1,interior
0.707214246887264,0.13280353329701222,1,interior
0.7154690809562512,0.12555425708638632,1,interior
0.7150836273173372,0.13067412932676697,1,interior
0.710268164796738,0.12803552996747725,1,interior
0.6871882006099997,0.10770411225567926,1,interior
0.6795062158639874,0.10482774225633078,1,interior
0.6880348064046263,0.11315581429164744,1,interior
0.792261682411468,0.2440902305967704,1,interior
0.7896824527398331,0.24883850473982,1,interior
0.7884831039100054,0.23942472691185904,1,interior
0.5555426889442201,0.1248749936222852,1,interior
0.5474539766515578,0.12944522786293483,1,interior
0.5503308310403981,0.12467832454918747,1,interior
0.5499135382817215,0.13539821336610866,1,interior
0.7770667291574955,0.39253423314725633,1,interior
0.5647625439762501,0.12364038979319347,1,interior
0.5593808562257924,0.12156398076200946,1,interior
0.5056023590751333,0.2815714815694138,1,interior
0.48716403781575024,0.2916530960598382,1,interior
0.4897870385695442,0.29875422691481757,1,interior
0.48444037934890405,0.29595463576145725,1,interior
0.4778449467030915,0.2794975674783359,1,interior
0.6906252286196121,0.3703824923933078,1,interior
0.4812747469121438,0.2905182438417375,1,interior
0.7788886444319749,0.35905330134341507,1,interior
0.4876437355437697,0.30549754169623394,1,interior
0.49412358993369404,0.3048978459231871,1,interior
0.4957964668599907,0.29987451510569785,1,interior
0.7692217822885933,0.37953941854287215,1,interior
0.7739335165816769,0.38320841420248114,1,interior
0.8171938213485657,0.2534318505562053,1,interior
0.8140695132415268,0.2618482037404843,1,interior
0.8182726565694735,0.2588848812631514,1,interior
0.5712248587883074,0.1255449407398602,1,interior
0.7914340250611934,0.23447871147663524,1,interior
0.6601855449353792,0.11387964196271877,1,interior
0.654772157327442,0.11313069590414805,1,interior
0.4634309518008293,0.2626731486027302,1,interior
0.46126866344157086,0.26755504186109147,1,interior
0.7806194007242012,0.2992816889103511,1,interior
0.49203252210239834,0.32255524226089566,1,interior
0.49089054063344273,0.3318563226851403,1,interior
0.4876385583131086,0.3264851203899693,1,interior
0.7615109467246315,0.17183575588246655,1,interior
0.7673447933713406,0.17153359503933863,1,interior
0.778497044389204,0.22756940326300754,1,interior
0.6952943380882926,0.39695711205867085,1,interior
0.5577506692575805,0.11596169485230488,1,interior
0.5621515751711212,0.11338145482951091,1,interior
0.5537880364373758,0.11990376468106867,1,interior
0.6751817880213743,0.10240419715996484,1,interior
0.47389667207497155,0.28300163104341775,1,interior
0.8104528858576089,0.27538316519849737,1,interior
0.8062400919070455,0.2797064200153366,1,interior
0.8202911540026596,0.24840577216722504,1,interior
0.816384980141061,0.24247651111911,1,interior
0.7198522587354672,0.12987208228937241,1,interior
0.7174293034734163,0.13553831449317877,1,interior
0.7786429974614375,0.2936764078692952,1,interior
0.4762970969391929,0.19330768404878398,1,interior
0.7790680363955159,0.317053753752362,1,interior
0.6646980978825338,0.1087694523082265,1,interior
0.6686751227737291,0.11173446047414792,1,interior
0.4962255808754019,0.3458753211501995,1,interior
0.4984658966620875,0.34239519393197987,1,interior
0.7657220855345145,0.19375056332813703,1,interior
0.7839891710086504,0.32504200662819643,1,interior
0.7839161458533107,0.31937907773669577,1,interior
0.5416060945793929,0.12893148524956075,1,interior
0.544031828511144,0.12347498768782762,1,interior
0.5509587060434749,0.11448489544947316,1,interior
0.49384310979577173,0.15314884306270987,1,interior
0.4999654934091009,0.14896608529137337,1,interior
0.7941430479460619,0.23937888742211352,1,interior
0.7977977622721854,0.23557850665888175,1,interior
0.49280166948084053,0.34341496488211143,1,interior
0.49265864459383524,0.3377929059582924,1,interior
0.4872553203053811,0.34064137703785424,1,interior
0.485785063808505,0.33388446772110797,1,interior
0.8132778364210976,0.26723828129066457,1,interior
0.8190038673926134,0.2657999194589312,1,interior
0.4901745367309332,0.16059494262374016,1,interior
0.4941485118729112,0.14484839119967605,1,interior
0.4878006312457611,0.15489904561822596,1,interior
0.4881077219973235,0.14925046973910444,1,interior
0.5763981694346647,0.15484303523062573,1,interior
0.6867339524426491,0.13448882664080633,1,interior
0.7152602079412386,0.119207566793201,1,interior
0.7202774107692407,0.12409955075613648,1,interior
0.7110642167114289,0.12241540175847732,1,interior
0.7203408177909936,0.11878644882436892,1,interior
0.7617030466392777,0.3325931843244572,1,interior
0.5445715778720994,0.14420335620295616,1,interior
0.5398987752591099,0.13994126075681707,1,interior
0.7946417946618393,0.2853241454506103,1,interior
0.7949474166489936,0.2801246139039805,1,interior
0.6463345074075406,0.11358863409750355,1,interior
0.6450546644902596,0.11758293528957602,1,interior
0.7803268564779676,0.3082862388634261,1,interior
0.7884737599216246,0.31509462731403426,1,interior
0.7828335180936575,0.3133155604217373,1,interior
0.6647012480866544,0.13392650481960314,1,interior
0.6923288151519,0.41068563726501023,1,interior
0.8037963321085977,0.23753510869590408,1,interior
0.8024266178004866,0.23277340562158938,1,interior
0.7988986656800329,0.22951301495796084,1,interior
0.7943233411326323,0.23069625904754498,1,interior
0.7269584537061566,0.14757684930472534,1,interior
0.72976776047314,0.1523431168200183,1,interior
0.5133656321171292,0.23526108643492813,1,interior
0.5268748602855232,0.1440854294187874,1,interior
0.747712333255557,0.16343647271742387,1,interior
0.7483095724363353,0.15795501627877448,1,interior
0.7442911564788305,0.16860325616304722,1,interior
0.4805524899080994,0.18088018231904726,1,interior
0.4824226247693347,0.3437034343279439,1,interior
0.4811339175034444,0.3385022262549678,1,interior
0.4884075826263244,0.34571526456197993,1,interior
0.800557475448728,0.28354223958539954,1,interior
0.7778230760137417,0.3030769426957338,1,interior
0.4826581790386267,0.32745137154579795,1,interior
0.6892837822762012,0.10242985443809262,1,interior
0.6855701588956613,0.0984307141179213,1,interior
0.692743217311393,0.10805732357385003,1,interior
0.46842561587686765,0.28188374867423355,1,interior
0.4680479055887674,0.276525999060499,1,interior
0.4601688219125166,0.2732491220353806,1,interior
0.4626966998344984,0.2787896063771559,1,interior
0.4558872397103196,0.2768672691896552,1,interior
0.4563047778902067,0.2695701605834116,1,interior
0.7840731496087581,0.38491585948477464,1,interior
0.7784630613173545,0.38695415031637287,1,interior
0.7793664723663433,0.38092966285478047,1,interior
0.47898179169617666,0.33153443808093563,1,interior
0.48785718975073467,0.3204988419934693,1,interior
0.47297753511090734,0.23573435364790415,1,interior
0.7851102270629364,0.34211083345476245,1,interior
0.7827708456235177,0.35404698482423025,1,interior
0.69649780728205,0.418445399714164,1,interior
0.5438338335047386,0.13437788411792131,1,interior
0.7680078768300668,0.3328261841518892,1,interior
0.782050448267949,0.369510687017152,1,interior
0.7802813824301671,0.3749568814004616,1,interior
0.7844799368969095,0.36405837319743667,1,interior
0.7750451485430124,0.37097115976304557,1,interior
0.786589909781603,0.37353698215734443,1,interior
0.7847278847227465,0.37894885292619745,1,interior
0.7888101875535375,0.29509042572515326,1,interior
0.79044812846778,0.28934513526278577,1,interior
0.7321890829509339,0.14588498124948332,1,interior
0.7329452491208023,0.13815728834778263,1,interior
0.45773992127444635,0.25451076313145826,1,interior
0.45702996697421394,0.2616719671315908,1,interior
0.5175700513192479,0.14210056343771063,1,interior
0.5207041014512251,0.1365005052119058,1,interior
0.5204557386605565,0.14720555092170812,1,interior
0.5229657566909915,0.14134322628678622,1,interior
0.5280936242526395,0.137057169043599,1,interior
0.7088064455357416,0.11705383380468226,1,interior
0.7179309709919119,0.1129228447124703,1,interior
0.7129438971400794,0.11329070568464157,1,interior
0.6583307871272962,0.10807131474003996,1,interior
0.662222800429226,0.10300788408751378,1,interior
0.6682255377222939,0.10227736410679997,1,interior
0.7786512241299886,0.3977070175637672,1,interior
0.46532364913135743,0.22365030655543947,1,interior
0.7239972135189214,0.11549369642503172,1,interior
0.7128242872389948,0.10690685901474914,1,interior
0.7223972307123149,0.1101753579340879,1,interior
0.7186863212094644,0.10629693216222587,1,interior
0.708375382921536,0.1103189702609918,1,interior
0.45836972405109666,0.2825265474328523,1,interior
0.46324989027881136,0.2863711063812787,1,interior
0.7532437774164384,0.16629282031659848,1,interior
0.7545635448564622,0.16054936524195831,1,interior
0.6781765070042701,0.0961352681856187,1,interior
0.820447790494895,0.2371963073231882,1,interior
0.8103781166999902,0.23803396365495016,1,interior
0.8152046485832205,0.23645720895759154,1,interior
0.5128136157010331,0.14795531109943938,1,interior
0.7993148039400145,0.24283301855591352,1,interior
0.5384000882715291,0.1336595204304388,1,interior
0.5328009965731694,0.13289888058219387,1,interior
0.47299913594907667,0.20063247588698419,1,interior
0.4761734275552188,0.3367634836143467,1,interior
0.47283965473114514,0.3324482843449727,1,interior
0.47749167155320166,0.3241417291507395,1,interior
0.47396969791169796,0.3272372093897873,1,interior
0.75661926672284,0.3158440383496787,1,interior
0.7890431755405166,0.368756026429139,1,interior
0.7317437735035536,0.13083773993960449,1,interior
0.7370877141006341,0.1331405149803979,1,interior
0.7389009402899906,0.13803617578360536,1,interior
0.7376216795026188,0.14290127756075177,1,interior
0.4920874725473678,0.3109631659269055,1,interior
0.4855211032655859,0.31036369039167716,1,interior
0.7869647649913311,0.30836271490290296,1,interior
0.7829130574083549,0.30418470547285803,1,interior
0.7748330072382273,0.3772937489426564,1,interior
0.47531957061198715,0.34250898755388165,1,interior
0.70495918540873,0.1279192550505242,1,interior
0.47090175339782087,0.3213737754738166,1,interior
0.4763205721484622,0.31754277864703845,1,interior
0.4825860280484036,0.3207039185442661,1,interior
0.4843867079979847,0.15907310501883004,1,interior
0.48509558878905984,0.1645390459465123,1,interior
0.5288339001006874,0.12861421411091387,1,interior
0.5339382869753395,0.12375809957790006,1,interior
0.5345648635135779,0.13757852516624922,1,interior
0.7413055173230615,0.13014212510538295,1,interior
0.7280517460968149,0.1346853295833826,1,interior
0.7366153516141795,0.1268049481028202,1,interior
0.7434284460942996,0.13515197080771008,1,interior
0.6359515845908505,0.1101030020954802,1,interior
0.640577017090442,0.10793332456279477,1,interior
0.7893751851377837,0.2282360680925735,1,interior
0.5130124783163781,0.14182438152637178,1,interior
0.46879227193330086,0.34229123935012057,1,interior
0.4700140807202101,0.3456940897567489,1,interior
0.47091531870979425,0.3378984805981399,1,interior
0.44695831521752327,0.20152192926908305,1,interior
0.44609220479867684,0.19528536537396304,1,interior
0.4557840343495723,0.19143677371394008,1,interior
0.4498338775755711,0.1904923249829705,1,interior
0.8161718955468122,0.2734696879553007,1,interior
0.4777855953843832,0.17632546609142621,1,interior
0.7845112334611434,0.3308789021909789,1,interior
0.48111272826484663,0.31380534730053633,1,interior
0.4866810722184307,0.3154393185906135,1,interior
0.7219426495782475,0.27370419036522764,1,interior
0.7854294318846444,0.2019907876495677,1,interior
0.7805945513824933,0.19893743683274315,1,interior
0.6522584346265344,0.10772532622279994,1,interior
0.46130246124948204,0.18134136431038522,1,interior
0.4594455489922412,0.1869936584957968,1,interior
0.46872969103302115,0.32792039107014,1,interior
0.6730719135078272,0.09801992087043097,1,interior
0.6685992050928553,0.09739714380209658,1,interior
0.47021686520599865,0.28812186076315827,1,interior
0.4760026622131378,0.28776031361243504,1,interior
0.6458309058405443,0.10863024084585104,1,interior
0.6410215859981736,0.11363603543722268,1,interior
0.7984825570762056,0.3072709866615734,1,interior
0.7921832603041349,0.3049602230954749,1,interior
0.7868284966231316,0.3012153384022277,1,interior
0.7940275867042854,0.3167763776363454,1,interior
0.761541303513381,0.16109162154206932,1,interior
0.7587078205303746,0.16625077519452666,1,interior
0.4486174158207044,0.20639899990871693,1,interior
0.4520998317589402,0.20994924227417558,1,interior
0.4573333728116176,0.28763626599519854,1,interior
0.4524646939173592,0.2832912446265102,1,interior
0.452751492777476,0.29003216691844963,1,interior
0.7898543877284303,0.3337150516694649,1,interior
0.7891801529923435,0.34486338884307993,1,interior
0.7798900076839747,0.3340865133396946,1,interior
0.49805741601208303,0.18184903802931282,1,interior
0.7910877829150333,0.33973817246322563,1,interior
0.7916971624650776,0.3638004597288776,1,interior
0.7938936062135257,0.373245397606849,1,interior
0.788680071137162,0.36013857146807016,1,interior
0.795874427719183,0.3677801305569272,1,interior
0.8125942550272213,0.2802666110895109,1,interior
0.80743431900366,0.28488452815660453,1,interior
0.4814117832131997,0.1532371985074973,1,interior
0.47638023035627747,0.15824664867400381,1,interior
0.7734303456604684,0.4014590014064177,1,interior
0.8248106665965814,0.2671891593522252,1,interior
0.8247859189580993,0.2612012607463669,1,interior
0.8219881067964577,0.27133229027833505,1,interior
0.7305392167770077,0.12430927211317955,1,interior
0.725567891139179,0.12852772171105958,1,interior
0.7350525098678751,0.12066218682990354,1,interior
0.7952039660900535,0.37928048755994864,1,interior
0.801095912017847,0.3713024512605952,1,interior
0.46201572628041304,0.24481065653437617,1,interior
0.4656827108580205,0.24138963031099697,1,interior
0.4635920037613885,0.25098010710040747,1,interior
0.8138047875349445,0.2863787099206941,1,interior
0.807712103112002,0.29082555475055655,1,interior
0.7861243960290281,0.22311587576462863,1,interior
0.7434533744499214,0.14164994199917302,1,interior
0.7480118595316592,0.1399628332558196,1,interior
0.7405323537127421,0.15197192742757773,1,interior
0.745868913566856,0.15261470831903548,1,interior
0.7425578699342283,0.14704279042251536,1,interior
0.4709363648066569,0.3135438235965046,1,interior
0.4805773396989562,0.307035147751889,1,interior
0.4762670031075576,0.31132163308717914,1,interior
0.5109492932017649,0.32250338619135804,1,interior
0.8178016478937049,0.23246617935599873,1,interior
0.8234382810739244,0.24298571760419121,1,interior
0.8223025870798774,0.23127831945931007,1,interior
0.5447838264613399,0.11374585742624006,1,interior
0.5479548015617212,0.11910830971922574,1,interior
0.5507946179499796,0.10942114427053332,1,interior
0.5426215267528542,0.11787802968460045,1,interior
0.5550209911040359,0.11162797393053088,1,interior
0.47960248409042966,0.29655991571111723,1,interior
0.7297892805255486,0.11710661165820456,1,interior
0.727290779284039,0.11050354033728226,1,interior
0.8288347964010436,0.24573641840881194,1,interior
0.8266964872539067,0.2500136863039857,1,interior
0.8225145467382097,0.2546269392634588,1,interior
0.4833699326203174,0.30134573199277087,1,interior
0.7993901148977984,0.31860016928083484,1,interior
0.7900494539272185,0.32186369644965446,1,interior
0.7931146849445107,0.31083151571697926,1,interior
0.7989415972967953,0.313289121968058,1,interior
0.7962070152719741,0.3218952342227478,1,interior
0.8026868423127258,0.32428569738329405,1,interior
0.804336090258916,0.3172794970655101,1,interior
0.8333325604563551,0.24330365310870836,1,interior
0.8284797216473214,0.2408247353810126,1,interior
0.8260651767515637,0.23592915767323314,1,interior
0.8074457049253835,0.23253749883418393,1,interior
0.8128393473981225,0.23117899406651796,1,interior
0.752264758829923,0.1536159322984511,1,interior
0.4924613179179575,0.31724104644549006,1,interior
0.4652854705219673,0.31769955675266265,1,interior
0.46858764052041807,0.3080181029836398,1,interior
0.47340001629989475,0.3062681930231031,1,interior
0.4650418512060502,0.31164164541027933,1,interior
0.7741414514499407,0.3330240504509588,1,interior
0.7662876346865027,0.327068757643968,1,interior
0.8040256808690365,0.22778987238461326,1,interior
0.4640437087765223,0.21330441598346306,1,interior
0.8040766847137726,0.3108539252760863,1,interior
0.7587264283029528,0.15527369210071124,1,interior
0.767867570564841,0.16175392875185948,1,interior
0.764449383922512,0.1664789101788873,1,interior
0.4754831961342654,0.29228166675851536,1,interior
0.7776628903411962,0.18102466991928903,1,interior
0.7736024536352587,0.17958980557074838,1,interior
0.46361156100488293,0.34599913703074353,1,interior
0.7900125570680041,0.2069918373494051,1,interior
0.832151350531257,0.2603133441112736,1,interior
0.827521145043038,0.2562023593828743,1,interior
0.4432892109146107,0.20693495672174853,1,interior
0.4466699936199075,0.2115066719339669,1,interior
0.4415767752565191,0.21225243959272083,1,interior
0.4660723874479407,0.17705765132451573,1,interior
0.47483513820775447,0.1719412811749407,1,interior
0.4595173770403856,0.3096369911383435,1,interior
0.4607044661522785,0.31478638618423604,1,interior
0.46349617474181776,0.3059660408951666,1,interior
0.4502819299060343,0.2159186613897699,1,interior
0.5295958892206135,0.1225167605127399,1,interior
0.5277645464578706,0.11788630955235058,1,interior
0.5384157120357468,0.11989950696654088,1,interior
0.5332885319443519,0.11809857491248073,1,interior
0.8394607857418851,0.2448286546199716,1,interior
0.837650292525713,0.2353480274595843,1,interior
0.8339528256086456,0.24929953226870735,1,interior
0.7896165186635326,0.3823135706293801,1,interior
0.7899856357712652,0.3773006887645038,1,interior
0.45413764757555886,0.1846541264360472,1,interior
0.4555102031832972,0.17768474031066953,1,interior
0.8365929649635325,0.25559923578262483,1,interior
0.8404058134730087,0.25107783728936234,1,interior
0.5154876285438872,0.32641389133806226,1,interior
0.4655287249731181,0.2917007547193787,1,interior
0.47163690585485174,0.17677741305112848,1,interior
0.7398193734286556,0.12222332256765552,1,interior
0.7472139363100899,0.12937610736678812,1,interior
0.791369775565478,0.2126552998001111,1,interior
0.7912519499494829,0.22199028068600177,1,interior
0.7925123106299015,0.21747117785168651,1,interior
0.5222120498939132,0.1274605655579707,1,interior
0.524594411519382,0.122968657770558,1,interior
0.7852582048682105,0.19468958652212742,1,interior
0.7795213143053863,0.19450214188814352,1,interior
0.7901269694890155,0.19739358147711406,1,interior
0.7928298602685765,0.2016080196043927,1,interior
0.4479197736783487,0.2862006955552836,1,interior
0.45176569580602094,0.2957508240531223,1,interior
0.4467137708329112,0.29116264253028845,1,interior
0.45937789229385173,0.29352704377481814,1,interior
0.8101613841511183,0.32135038238937413,1,interior
0.8093335656583039,0.31470239803780203,1,interior
0.830355389166181,0.23228113845023374,1,interior
0.8179939137310269,0.2274128409279006,1,interior
0.8228984214406275,0.22553215512445646,1,interior
0.8279820849827605,0.2245850516528475,1,interior
0.6494465903627549,0.10407169340489152,1,interior
0.7953048166780172,0.29506870752194964,1,interior
0.7837943571707497,0.2960713579914337,1,interior
0.49887639535386274,0.33726112073157594,1,interior
0.47701493118524957,0.16747414583299627,1,interior
0.47992763252140225,0.16333471720459944,1,interior
0.5144360382398702,0.13687468161765068,1,interior
0.698961227438005,0.10547382496820044,1,interior
0.6926190691438782,0.11472753276823563,1,interior
0.6945016361602888,0.10118067482213149,1,interior
0.7963538846812049,0.301371251599942,1,interior
0.702019430932871,0.11727726329706858,1,interior
0.705958168164663,0.12266539709089845,1,interior
0.6961695139949224,0.11909328272840584,1,interior
0.7057113186299603,0.10374929474908372,1,interior
0.7026798838749914,0.11007411608902445,1,interior
0.4730517851487348,0.2514241853404303,1,interior
0.46315083417086317,0.2576031892258172,1,interior
0.7004180916367839,0.098882847263822,1,interior
0.814535090856365,0.31182116184826136,1,interior
0.817599991225953,0.32129688745067553,1,interior
0.8200656088345538,0.3147235532569596,1,interior
0.8091008036879511,0.30881779847476565,1,interior
0.795030175486214,0.3840920377065649,1,interior
0.6975928616783191,0.11230232970793369,1,interior
0.804523732990507,0.3042864613761818,1,interior
0.815261017155551,0.30320169839892774,1,interior
0.8100032858833285,0.3030534638070255,1,interior
0.4619616442215401,0.3002128540464625,1,interior
0.4659315430194306,0.2970515066222374,1,interior
0.7431109772586236,0.1255318555846598,1,interior
0.7828381726228466,0.18356505707445972,1,interior
0.7769011981643876,0.17450915538158857,1,interior
0.7817625106735736,0.18965554031829024,1,interior
0.7822800570199663,0.17719352667406715,1,interior
0.7974559782118302,0.22011254343333092,1,interior
0.7950127889727948,0.22554197699012,1,interior
0.44321729228868045,0.19916558321924724,1,interior
0.4400621382527468,0.20254979101358508,1,interior
0.4476253389276982,0.18564402070819305,1,interior
0.4427638527055685,0.1898312417845123,1,interior
0.739965942542235,0.11683102618931958,1,interior
0.5059566608178664,0.146001251429536,1,interior
0.7521220416162154,0.14327610227704415,1,interior
0.7486160044168335,0.14689141927437707,1,interior
0.7560240219852992,0.14249163482748994,1,interior
0.7486721756248941,0.1346463143344635,1,interior
0.8185693549210656,0.2805583097573147,1,interior
0.8175700871116209,0.2901932806673187,1,interior
0.8206892229292402,0.285901785262262,1,interior
0.8126621793757755,0.29303749918549465,1,interior
0.7894337882556353,0.3278658366739833,1,interior
0.824545048651534,0.28187484484409175,1,interior
0.823603710937492,0.27671992700113657,1,interior
0.798079872177527,0.3620236792519478,1,interior
0.801979946670599,0.36619873630880734,1,interior
0.7628113788166446,0.15075200272784772,1,interior
0.7654516231575839,0.15631798564248303,1,interior
0.7557727663958606,0.14860849179401442,1,interior
0.7373490071669174,0.1478852144421837,1,interior
0.8149438909508274,0.32661478999137855,1,interior
0.8245356795231897,0.3201960400589833,1,interior
0.8211788541180961,0.32624630309410146,1,interior
0.7354260231830917,0.15259578263603013,1,interior
0.7954182690458397,0.3262023253368453,1,interior
0.8059337528014999,0.3317302048532086,1,interior
0.8089851107319289,0.32698661766618287,1,interior
0.7996292408837031,0.3303336930326329,1,interior
0.5413335722616693,0.1086409055361253,1,interior
0.7955746366825746,0.33514167493231134,1,interior
0.7972054289682894,0.3405849787178803,1,interior
0.7939181799684827,0.3306973967541426,1,interior
0.7962902973594093,0.19572429790073678,1,interior
0.7990721990595442,0.20064034812594259,1,interior
0.7968956158393151,0.2061212816642821,1,interior
0.48258276548284246,0.14613997714242877,1,interior
0.4878893505462118,0.1433455858988068,1,interior
0.5356534108429843,0.12861442474584928,1,interior
0.5236275316329249,0.1322785238329323,1,interior
0.8355678503615408,0.2662065173584316,1,interior
0.8386922379775855,0.2615955823223295,1,interior
0.8327793490989613,0.2704963621958285,1,interior
0.8296849717685859,0.2660254271410149,1,interior
0.5251562715172559,0.16238539870355378,1,interior
0.8104225457121814,0.3363191044316236,1,interior
0.8064069763600519,0.3385678930615404,1,interior
0.8257699118894254,0.3312765595502008,1,interior
0.8188768216672212,0.33194241364834726,1,interior
0.8263413883428201,0.3254655631997939,1,interior
0.4610611869156804,0.2186786894783732,1,interior
0.7828017008721906,0.3915104860157155,1,interior
0.7774534755054182,0.4026803333030465,1,interior
0.7830680774374787,0.40325494355654545,1,interior
0.7840893078252252,0.3973947878811924,1,interior
0.522189338639114,0.11767176448065386,1,interior
0.5312407908829343,0.11299049874850152,1,interior
0.5255778867692608,0.11353975477391139,1,interior
0.7534756271214317,0.12631872349116177,1,interior
0.7488948092468299,0.12331366088865198,1,interior
0.47724996041258333,0.3017434809937531,1,interior
0.7862099686184753,0.4087659165017847,1,interior
0.7894426659936025,0.39941977488325614,1,interior
0.7891888818696662,0.40463908536004106,1,interior
0.5201085447007278,0.11168214583826885,1,interior
0.5267518480695066,0.10914270826437154,1,interior
0.5213315107224972,0.10691708547249129,1,interior
0.7843838343569663,0.35870411661155815,1,interior
0.46448986096001194,0.2321461357948127,1,interior
0.46658237975871997,0.23618242179344365,1,interior
0.47074537496939467,0.24087524051645506,1,interior
0.7929509304225634,0.1852274136433676,1,interior
0.7881287133578595,0.18032008320161624,1,interior
0.7871954479261826,0.1876434546493807,1,interior
0.7779241657933188,0.1861560320923033,1,interior
0.7915184786158661,0.17465254787369633,1,interior
0.7645795414143786,0.14555557326607246,1,interior
0.7535320309513133,0.13725306024736322,1,interior
0.7794598662040298,0.28268532588160067,1,interior
0.7924035692703558,0.3938194879013391,1,interior
0.7893809477657295,0.38835327120926416,1,interior
0.7977158498576532,0.18193014978735203,1,interior
0.7942719993714124,0.17892235546979407,1,interior
0.7958019578553601,0.1900371840476624,1,interior
0.7910846182112148,0.19181479645130484,1,interior
0.5166438000619025,0.13036837453850125,1,interior
0.4592262543634848,0.35176006139723187,1,interior
0.4560862890232566,0.3469516889151231,1,interior
0.4649241751031608,0.33940738941674686,1,interior
0.4583839098080257,0.3398359656983833,1,interior
0.6554214050312168,0.10297043270635595,1,interior
0.4402124134268892,0.19605993479979922,1,interior
0.4425191121226157,0.1826832936680017,1,interior
0.43622603496322565,0.19256290730051048,1,interior
0.4372208607070199,0.18666084847148237,1,interior
0.8007155877384441,0.1910928731250369,1,interior
0.831421637460666,0.31649164409199937,1,interior
0.830726001942268,0.32242910650966694,1,interior
0.5032647981204509,0.13643236770938635,1,interior
0.5011645771938295,0.14234164026953375,1,interior
0.5079088825535328,0.1397081614498688,1,interior
0.5097683709574343,0.1440200580146786,1,interior
0.83153809535752,0.2541021638329338,1,interior
0.8422222256307275,0.25696062052747976,1,interior
0.47427423000296653,0.15389783425248502,1,interior
0.47232842904503064,0.14887699065533097,1,interior
0.48028809045170373,0.15824627297195862,1,interior
0.5380213185834819,0.1137122160888965,1,interior
0.8054593388238848,0.17671076477926043,1,interior
0.804454562805624,0.18645816371114832,1,interior
0.7970185630816508,0.1734034074972304,1,interior
0.8027548738183506,0.18175379098155275,1,interior
0.7999316290719732,0.17746167663985332,1,interior
0.46806541413789704,0.17127367961660386,1,interior
0.47213730363165834,0.16782112993265944,1,interior
0.7883626977493711,0.3545065101151862,1,interior
0.8083776101354193,0.3684684226723491,1,interior
0.8059323987899741,0.37534999823678666,1,interior
0.7996827112969558,0.37616934111817063,1,interior
0.8279908194980733,0.27286142753595893,1,interior
0.8306699526175138,0.2808435652375227,1,interior
0.7864155660266278,0.17346120531920406,1,interior
0.8377548869846067,0.27227909680553736,1,interior
0.8332700502901975,0.27566597389906794,1,interior
0.8411722089586445,0.26744488274858624,1,interior
0.7864826888274936,0.21128231664229208,1,interior
0.8344439409008885,0.23220392964641295,1,interior
0.450897237706137,0.27170202438584384,1,interior
0.452609887158013,0.26610308337026756,1,interior
0.8451196503235173,0.24740379790739678,1,interior
0.8367753694212341,0.24011981799419785,1,interior
0.8453993890423597,0.24174947975981975,1,interior
0.8415485114593416,0.23877604254895068,1,interior
0.8192427991076521,0.30729314872045493,1,interior
0.8258514366518039,0.31481327977156387,1,interior
0.8245719389372989,0.3092215174195156,1,interior
0.7696150605644385,0.16657990437971154,1,interior
0.7706766250509641,0.1754728841515317,1,interior
0.8278473340118213,0.3360825749211835,1,interior
0.8219476005878591,0.33722975051357446,1,interior
0.8320339552264379,0.3390637180808613,1,interior
0.8337700907203045,0.3333952610686287,1,interior
0.8305337711221845,0.32809364874558067,1,interior
0.45648723785629375,0.2990145339658835,1,interior
0.7936332908486481,0.35812072308131815,1,interior
0.7545592422828589,0.11935134086138859,1,interior
0.7578762892318075,0.1315810020788129,1,interior
0.7490832086989538,0.11803192438856254,1,interior
0.7593750453008029,0.12468758531085755,1,interior
0.445543642600601,0.29530313107269934,1,interior
0.45154977755080056,0.30257899597682264,1,interior
0.7945754639318172,0.1697117717278237,1,interior
0.8020151560808877,0.17263713009982878,1,interior
0.7901341794234538,0.16966613475984066,1,interior
0.4673288150797467,0.33382846591674536,1,interior
0.8158637473286223,0.337498463371718,1,interior
0.8116833245005134,0.34215803571441455,1,interior
0.5219413328875872,0.10260023387903283,1,interior
0.5145379659932515,0.10733535321614648,1,interior
0.5175552216598631,0.10375802316127183,1,interior
0.5274214765602341,0.1045979588920494,1,interior
0.8058724635665412,0.19090893476922896,1,interior
0.8036333662179436,0.1957924791517171,1,interior
0.7241011029601907,0.10472454788235112,1,interior
0.7589327755316332,0.1383559414798147,1,interior
0.5130190837175546,0.10207021144934364,1,interior
0.7294384144927452,0.1041661878384001,1,interior
0.7322767735867687,0.1105671264972709,1,interior
0.4399718714733031,0.29246125375336923,1,interior
0.4423023084305542,0.28669622428177277,1,interior
0.7153380949887278,0.10188251702982591,1,interior
0.838803863160201,0.22994844738029271,1,interior
0.8422847997368365,0.23346318546881478,1,interior
0.8390867129493526,0.22530123334192598,1,interior
0.44134292347382614,0.29856442502708874,1,interior
0.45324753404262424,0.3360527467702449,1,interior
0.46202099937495616,0.3351181019540995,1,interior
0.4516790184591604,0.3419108487904134,1,interior
0.7953731882164266,0.38940896808410325,1,interior
0.8464979067736192,0.23573290283677353,1,interior
0.8509213531679068,0.23934911548023505,1,interior
0.49664264597979835,0.13802246086984463,1,interior
0.45365687631933627,0.2504073632454696,1,interior
0.4510078164723114,0.25544760241319187,1,interior
0.45805440770465905,0.24785524092178804,1,interior
0.7941950126835948,0.3525645347625502,1,interior
0.799716546618839,0.3560517379056402,1,interior
0.7718208894692937,0.15762902293844736,1,interior
0.7740547668650191,0.16376856342802742,1,interior
0.5629060529919102,0.11824075310302148,1,interior
0.8011108923339761,0.29879531941011184,1,interior
0.4677292832440628,0.15442456982925973,1,interior
0.4707249563566938,0.15908924781903636,1,interior
0.47759872336077847,0.1490788052644322,1,interior
0.46679764098788024,0.14834981330126312,1,interior
0.48346196545234277,0.13915004399524353,1,interior
0.49043849265561185,0.13816082644217473,1,interior
0.48691404588141624,0.13269476445169878,1,interior
0.8137296028119403,0.22523817361295229,1,interior
0.5467971534704659,0.10901843397256168,1,interior
0.7918076241420584,0.29944768176600495,1,interior
0.7949501264152282,0.39825450554869085,1,interior
0.7980784782470298,0.39424915162845897,1,interior
0.6921797437481907,0.14659483554386413,1,interior
0.7944882599949207,0.3460220703855231,1,interior
0.4578826909500456,0.30419689025539687,1,interior
0.8043119481790487,0.22145796710266122,1,interior
0.7960685236774124,0.215020927912163,1,interior
0.8184519151848132,0.29518707466164346,1,interior
0.822841646400052,0.2911733982194836,1,interior
0.43507471924773505,0.1984582774875495,1,interior
0.42957036022371126,0.19500686171703635,1,interior
0.4313947855969287,0.18476684559171863,1,interior
0.7452272032607504,0.11348837027234036,1,interior
0.7388264680751098,0.11033003847817982,1,interior
0.735118141422505,0.11515733725466641,1,interior
0.7444981594558807,0.11991749419570251,1,interior
0.8064859154471881,0.34491751581620494,1,interior
0.8012785252289373,0.3359391665087188,1,interior
0.8025655054325073,0.21039410399117323,1,interior
0.800990402599012,0.2155205696243242,1,interior
0.44734350901958786,0.2655140688193787,1,interior
0.45059282161383907,0.2780144495567477,1,interior
0.4428948377474769,0.2747275841593826,1,interior
0.8022520853758711,0.38128723859364105,1,interior
0.7993557212848745,0.3859572048233876,1,interior
0.6808786471673973,0.09921537073294202,1,interior
0.4644553070199211,0.3236341622218967,1,interior
0.4676572722971399,0.30274273040868294,1,interior
0.45834500898907393,0.3204217127382311,1,interior
0.45528891260658916,0.31409637834585397,1,interior
0.5081375793542535,0.10441824893058937,1,interior
0.7964874230336362,0.21061004140258166,1,interior
0.8304067444506753,0.3427436420314424,1,interior
0.8382727742654752,0.33996462897243945,1,interior
0.8256267255666867,0.34175596787240703,1,interior
0.8350044627410452,0.3445407319118239,1,interior
0.7701846376451604,0.15179039885959508,1,interior
0.76729350119145,0.1486195519678382,1,interior
0.7601526436063897,0.14461873256959842,1,interior
0.8104165206792779,0.1928165142005969,1,interior
0.8089344844941918,0.20249430627926265,1,interior
0.46333543112876807,0.32980390987348723,1,interior
0.8181894735075615,0.3437699608194479,1,interior
0.4599842291422804,0.23442395961889795,1,interior
0.44879895446898177,0.30731950058423874,1,interior
0.4444101045536052,0.30433381489763767,1,interior
0.4471601846227979,0.2996263541784634,1,interior
0.788926631049254,0.41485635687705485,1,interior
0.45973710035911786,0.3262623405468327,1,interior
0.8069830261763054,0.17053027910487842,1,interior
0.47682726163926054,0.14320336818766635,1,interior
0.4708540768663019,0.14394120776716324,1,interior
0.4396173102436552,0.17759876927591992,1,interior
0.4310671868742557,0.17994274637206803,1,interior
0.436193784139883,0.18119860774004634,1,interior
0.44756528776972765,0.33715370569008934,1,interior
0.4499411736343677,0.348146824566354,1,interior
0.44475897161283956,0.34361578217773886,1,interior
0.8050247849285836,0.3612108587618437,1,interior
0.8005531580095121,0.34580162132904846,1,interior
0.7920837049687028,0.40938574594787064,1,interior
0.42435906701622755,0.19985429138422187,1,interior
0.43220046577658183,0.18961498412183875,1,interior
0.42273858397493075,0.19375814087875795,1,interior
0.43009341173115284,0.20169668902103374,1,interior
0.8368115376767885,0.28544108193923273,1,interior
0.8384391417651917,0.27901346431534985,1,interior
0.8320045857979604,0.28883855128626384,1,interior
0.7972392075027557,0.28944699406718316,1,interior
0.5330862922071175,0.10359338413755315,1,interior
0.743995159485373,0.1070504088093281,1,interior
0.7393046035210361,0.10335769322338355,1,interior
0.8244225929373584,0.2968054859376034,1,interior
0.8135430231306412,0.2984941176649822,1,interior
0.8194626633220691,0.300638033923523,1,interior
0.828010942048774,0.29228641159395125,1,interior
0.8249909596071853,0.302679416477857,1,interior
0.4573750947496847,0.33203471223888176,1,interior
0.7601057864468398,0.11749114556284329,1,interior
0.7646694901747312,0.1212124279900368,1,interior
0.7562011334653959,0.11128800173451096,1,interior
0.719928899496267,0.10002777175059764,1,interior
0.45288089192964515,0.2446757822911602,1,interior
0.4571772203334176,0.24073860784596762,1,interior
0.7867942999976728,0.1611590955068214,1,interior
0.7818347575876645,0.17060536698221918,1,interior
0.7929329626280489,0.16436030733985557,1,interior
0.7347147246031909,0.10556938781683785,1,interior
0.7401524180000836,0.09697131792870001,1,interior
0.7443499986497591,0.1008049243316343,1,interior
0.7343700902426049,0.09930328785134802,1,interior
0.8023156930871946,0.34118189682316646,1,interior
0.8232199453769553,0.3478933914559918,1,interior
0.8119501360315128,0.3491804270755355,1,interior
0.8176799291273392,0.3499504263416403,1,interior
0.46747861675439917,0.24573326153199207,1,interior
0.4618822355674556,0.23933047561115353,1,interior
0.4705366266101276,0.29421569696754496,1,interior
0.7640294983795105,0.12561408247116365,1,interior
0.45308104573898433,0.22484414020033996,1,interior
0.4477588094921359,0.222538932440316,1,interior
0.5074194275214712,0.11310973287004412,1,interior
0.5133748860983047,0.11252044586874137,1,interior
0.5088188599140218,0.10876036678901355,1,interior
0.49323092642454563,0.13191700836201922,1,interior
0.4524728661514445,0.3545697239084078,1,interior
0.44742840320649585,0.24125151655690585,1,interior
0.4540631011888141,0.23450708767165349,1,interior
0.44361411819218755,0.24577916144914025,1,interior
0.8474755368401542,0.2580571737005269,1,interior
0.846724925140221,0.267451002442534,1,interior
0.814936360365721,0.37037531199190943,1,interior
0.8116840025514218,0.36154424989982387,1,interior
0.8145474171494358,0.36592381232254245,1,interior
0.8125792131050469,0.3746875290785768,1,interior
0.8126241784011633,0.3318885567635894,1,interior
0.4255582530014261,0.18244121154311815,1,interior
0.428114738511361,0.1763558796285295,1,interior
0.4268358091579599,0.18887541128135885,1,interior
0.794835537802429,0.40360825545079887,1,interior
0.7977458352069563,0.40950765493924884,1,interior
0.7250986010787447,0.09817782050178069,1,interior
0.8312640600757328,0.29702157249241545,1,interior
0.8300680240694668,0.3049652501634111,1,interior
0.7935706912092136,0.4189412527330771,1,interior
0.7952702182858653,0.4143721928810682,1,interior
0.8297491286144482,0.3110372305314819,1,interior
0.8355737772583386,0.3095609191030413,1,interior
0.8354059002331927,0.3019527392599564,1,interior
0.7816374252160294,0.15842833968335912,1,interior
0.7769358309540113,0.1595772507325865,1,interior
0.7691479504175895,0.27617059521336795,1,interior
0.7626524742477827,0.1350680867926241,1,interior
0.4412536294589171,0.26436996304292176,1,interior
0.44488921581499413,0.2699876099457969,1,interior
0.45078100101228163,0.26115587627843356,1,interior
0.5096714057861637,0.13365810539815381,1,interior
0.5097386200524373,0.12800689007283528,1,interior
0.46855108394043693,0.1647906274526437,1,interior
0.42610521211018676,0.2062871748590229,1,interior
0.4174478030944048,0.19839049969259706,1,interior
0.42014595473658084,0.20491734616329127,1,interior
0.8048215733342884,0.40347919197246007,1,interior
0.8003185410667628,0.3993448520599313,1,interior
0.824654179909054,0.22067599555756856,1,interior
0.8178419410236762,0.22098698460701482,1,interior
0.8220315893132305,0.21697562448906904,1,interior
0.8271463269319455,0.22945888698172492,1,interior
0.8071339431191229,0.29742927865371493,1,interior
0.8268836973467982,0.2866929049338606,1,interior
0.42813349331424955,0.2126093488053815,1,interior
0.43155664886587974,0.20781532093194002,1,interior
0.5339176636045755,0.1082095810939878,1,interior
0.7053306240179982,0.11374435585329504,1,interior
0.8067017188287927,0.21603204684247,1,interior
0.8087852734751491,0.21134369381672344,1,interior
0.8002987662067408,0.3031505193578149,1,interior
0.725267050599785,0.12164742229701005,1,interior
0.804217428216435,0.3934966643129497,1,interior
0.4536083147049803,0.17103144572691228,1,interior
0.4496908411586186,0.17438584331370263,1,interior
0.46178478440625287,0.1739879134183576,1,interior
0.4491303649790786,0.18033695831893504,1,interior
0.6500124077420651,0.11176696880168904,1,interior
0.4813644405404107,0.132989317938286,1,interior
0.4833797551416319,0.12704358615522657,1,interior
0.48862968566199205,0.12648673074848246,1,interior
0.7699994572110787,0.1443010034866676,1,interior
0.7750002701977629,0.14862684792004852,1,interior
0.46577609395767705,0.14204077194603099,1,interior
0.46172171325510175,0.14738883883117992,1,interior
0.46214407823338693,0.15275746011383542,1,interior
0.8178562078882657,0.21485740655396715,1,interior
0.44521612005397876,0.2591912542972206,1,interior
0.8095142233626843,0.3557482165068084,1,interior
0.8047281779994154,0.35094263616678756,1,interior
0.8159453637292806,0.35580980797317885,1,interior
0.7711010319065491,0.130215249316514,1,interior
0.7709869902530846,0.11911804202798564,1,interior
0.7644822090659628,0.1300390819224618,1,interior
0.8322668123766801,0.2372598666178702,1,interior
0.4506852772530904,0.33057978244461994,1,interior
0.455149358440356,0.3262601103073438,1,interior
0.47199796968937313,0.13822781691078168,1,interior
0.47547675950298096,0.13270576532028108,1,interior
0.8046830920521798,0.3560622930272499,1,interior
0.6834684306396648,0.09262720044451128,1,interior
0.8016925054292857,0.20516920657216614,1,interior
0.8135603396547623,0.2013473961555381,1,interior
0.8162387845394398,0.20601545349556358,1,interior
0.8094762191592041,0.19772517931774625,1,interior
0.8361920339142911,0.3210096845984637,1,interior
0.8371549689105999,0.3156855999148963,1,interior
0.8302170467029861,0.22041941031293952,1,interior
0.8349660873610533,0.22064551396757062,1,interior
0.4439548943402728,0.2526767502710033,1,interior
0.44866383405525284,0.2484198022161995,1,interior
0.4622469680332737,0.2284407659531976,1,interior
0.45627408792692026,0.2293423805968039,1,interior
0.4386661272622019,0.24855034630162978,1,interior
0.8385724392665921,0.3049401163452018,1,interior
0.8423154669716609,0.3010383734504291,1,interior
0.8385341791126272,0.29602862625688803,1,interior
0.8000141954585753,0.16722421120632683,1,interior
0.8110542746949235,0.16682741216770844,1,interior
0.810907313706584,0.17659074141505926,1,interior
0.41386115178106636,0.2039350334086498,1,interior
0.4160647273159749,0.2101296886531437,1,interior
0.4225064029046391,0.21135649686835678,1,interior
0.44518450414784017,0.28061381389248913,1,interior
0.4470143742975476,0.2751188301047265,1,interior
0.8352125593302033,0.3266992321431682,1,interior
0.8416621392472338,0.31981973165008226,1,interior
0.8407365334726712,0.3255940293013098,1,interior
0.757315576703386,0.1039758676573247,1,interior
0.7528241268080865,0.10485632313875226,1,interior
0.7633027768825965,0.11201073262789073,1,interior
0.749744898818149,0.10917871744733898,1,interior
0.7602350030666012,0.10765359231616642,1,interior
0.4512061338022405,0.3232914049545995,1,interior
0.49437199326100023,0.1651137370257766,1,interior
0.8289158200547299,0.3468989114110152,1,interior
0.8418083920066026,0.34650302213686696,1,interior
0.8364646122813701,0.35342415228742685,1,interior
0.8455483768557461,0.2287413235520255,1,interior
0.8374032674385249,0.21526783261245241,1,interior
0.8330198628870892,0.22672413966341848,1,interior
0.8319178428887488,0.2148907276976767,1,interior
0.8487558233433824,0.30536288715222987,1,interior
0.8476713681417323,0.2993011578673859,1,interior
0.842534382592602,0.3076197424369188,1,interior
0.8269042985769609,0.21546960633026582,1,interior
0.775423460311874,0.12443489452124892,1,interior
0.7688678281000983,0.1250877472584933,1,interior
0.7769326538018594,0.11907511401721191,1,interior
0.7697636881154525,0.11302497497390872,1,interior
0.7753947232131528,0.11372530793031622,1,interior
0.8083176669354714,0.3842148546810587,1,interior
0.810197088273156,0.3798893400075462,1,interior
0.4991052724636632,0.13311974150273082,1,interior
0.49873983305666464,0.12812609547105336,1,interior
0.808157183219811,0.18186932081889892,1,interior
0.7774535564495236,0.15402415991126858,1,interior
0.8011551206031405,0.4149167301974524,1,interior
0.8038639615227609,0.40963599287088676,1,interior
0.5036366545136582,0.12431555823056499,1,interior
0.5136877870679231,0.12440354690206494,1,interior
0.508913754088264,0.1227527392597253,1,interior
0.5058058985615739,0.11843618530573259,1,interior
0.49728677577784647,0.1224276806730533,1,interior
0.5043296129011587,0.1305890222065307,1,interior
0.5001513855313512,0.11816354048579403,1,interior
0.5198967360403355,0.16952013525220783,1,interior
0.8065798051709976,0.41547117154146274,1,interior
0.8103528450603227,0.40111564113478154,1,interior
0.8564920895337635,0.30688903584866223,1,interior
0.8528087741343424,0.3007576866601063,1,interior
0.8472117644858185,0.3118046507447107,1,interior
0.8526859628708344,0.31077235393124336,1,interior
0.8403947429023988,0.21028634078510972,1,interior
0.8395164785153494,0.22028759508589743,1,interior
0.8453455023130312,0.21313798691102565,1,interior
0.7874470056446023,0.4194512916835733,1,interior
0.76445735606879,0.10680851174497827,1,interior
0.7737325332476328,0.10767480506507585,1,interior
0.7657456071408303,0.11654681781086414,1,interior
0.8415412569391189,0.2900076693978828,1,interior
0.44724518097133936,0.3534760477293681,1,interior
0.4465806448350319,0.3591262123504575,1,interior
0.8340869545044932,0.20964683795292652,1,interior
0.8277203557373356,0.20912104187728844,1,interior
0.7986071831640889,0.4191638897010595,1,interior
0.43497905395618364,0.20401581994033774,1,interior
0.4395281338420943,0.28195770280519483,1,interior
0.43936968218981926,0.27021689149740297,1,interior
0.43944884450993005,0.2765705048348803,1,interior
0.8190326727344465,0.20146800165676104,1,interior
0.8113005012609205,0.20651851522526884,1,interior
0.8161220587489393,0.1957594063495258,1,interior
0.5121420738504913,0.11840300791116877,1,interior
0.7775306667057253,0.16832295873197214,1,interior
0.5663610816469649,0.36347601954828884,1,interior
0.7481004208533593,0.1041649981136065,1,interior
0.751459265062492,0.11411422564024438,1,interior
0.8512579730572377,0.2332374739921629,1,interior
0.8482306802302392,0.22254719215269655,1,interior
0.8525231623527717,0.22734463412252848,1,interior
0.843481138886173,0.22301648322309225,1,interior
0.8001163110806386,0.22456878725786802,1,interior
0.7523798077196369,0.1315452552034166,1,interior
0.7810515836634536,0.11527547644911401,1,interior
0.7802073634854548,0.1088539495793213,1,interior
0.7682266860890798,0.10869006651513491,1,interior
0.7808891247321433,0.16405222408162348,1,interior
0.48421480788124194,0.1202511772175526,1,interior
0.49115714327598753,0.12141379323668151,1,interior
0.8227483537956121,0.21202215395543086,1,interior
0.7358571693558699,0.09253095356638436,1,interior
0.7421876390605163,0.09100525056771534,1,interior
0.843555135149682,0.2733637353196433,1,interior
0.8447770986425533,0.29457074578778314,1,interior
0.8359693013403463,0.2915389476573032,1,interior
0.6937143878618935,0.09199386743122895,1,interior
0.6899863769742568,0.09581407877173294,1,interior
0.6958517866601219,0.09594624905612478,1,interior
0.8448747148512773,0.27934477697921983,1,interior
0.8448852191965358,0.34159261357615994,1,interior
0.8455872017787314,0.3520254644736629,1,interior
0.8411996615709693,0.35313743766868977,1,interior
0.8482501266185749,0.3474672601920749,1,interior
0.8537906348285691,0.2161993519614444,1,interior
0.845423583410675,0.20848708468781085,1,interior
0.843274073119004,0.21729568683827,1,interior
0.8491653145419696,0.20535707163924125,1,interior
0.8505432776581514,0.21142825309618743,1,interior
0.44435473800984227,0.3326129553969166,1,interior
0.44139105327310335,0.33826285212384116,1,interior
0.43907085521124667,0.3336168534617917,1,interior
0.8485411222193273,0.2758150869817394,1,interior
0.8135955961709993,0.3070878243858924,1,interior
0.8506500674027826,0.27971564826434414,1,interior
0.8497586665656648,0.271794434164889,1,interior
0.6890904328934921,0.08893797492472026,1,interior
0.8180340919592674,0.3616469293244034,1,interior
0.8225113743639204,0.3576333219172633,1,interior
0.8429287065090203,0.2845071940619616,1,interior
0.8570915628980819,0.21264397150759995,1,interior
0.7988861523920507,0.16014834206335563,1,interior
0.8059128162351004,0.16332487230078682,1,interior
0.8185140424124013,0.21011900160356684,1,interior
0.8058107052504271,0.3983946792204656,1,interior
0.800348573910053,0.3902839667555299,1,interior
0.8000814189186631,0.40500069217971807,1,interior
0.453664174405186,0.3186681778069896,1,interior
0.4504259168094875,0.3118372747672579,1,interior
0.44902552447271243,0.3169784505379741,1,interior
0.4541196311947174,0.3081088455628565,1,interior
0.7706159212743836,0.09819821098136988,1,interior
0.7737873433145322,0.10207259717152169,1,interior
0.7789369438800495,0.10306778008771993,1,interior
0.8599442326208363,0.22240731461805857,1,interior
0.8564852214539341,0.23186370984650867,1,interior
0.8634709069328137,0.3100220193178278,1,interior
0.8582104193543093,0.3145977737900708,1,interior
0.8619471975805254,0.30444249699289033,1,interior
0.8417100086080193,0.31345793093644164,1,interior
0.8309036508807952,0.2038320381424931,1,interior
0.8251350439805519,0.20259023256521072,1,interior
0.8370990099585921,0.20465177742415455,1,interior
0.8165526224518836,0.18895966116996604,1,interior
0.8101469020403532,0.18722008865303985,1,interior
0.8517759071885672,0.31622646554087996,1,interior
0.8462620622619564,0.3180164324746056,1,interior
0.43840758244660877,0.2580127886024704,1,interior
0.43850229884908415,0.2530454110708652,1,interior
0.8486208352476078,0.28363984237744033,1,interior
0.8546766565698033,0.27590421291498485,1,interior
0.8549781766079381,0.27065626575791507,1,interior
0.7855117512219651,0.11071112704779111,1,interior
0.7863226375538608,0.12244623006498609,1,interior
0.790387017065516,0.1137821705971363,1,interior
0.822297228109392,0.19769340711438596,1,interior
0.8333900578154827,0.3606960077388723,1,interior
0.8381831770796518,0.3585858368012855,1,interior
0.4740161836503461,0.163221197836968,1,interior
0.44451310969840224,0.34945219096107477,1,interior
0.4115193724533339,0.1946458965662399,1,interior
0.4167229346993773,0.19170126962597422,1,interior
0.41083327217928584,0.19933068412282845,1,interior
0.8235498149641525,0.18782979145669118,1,interior
0.8226017997514828,0.19302367616526997,1,interior
0.44487017435180615,0.3223158252398696,1,interior
0.5033051202281379,0.10113707621166391,1,interior
0.5021854173839282,0.10768829284868944,1,interior
0.8508084407033105,0.249094849970625,1,interior
0.849672827382677,0.24439183797068256,1,interior
0.8464044298017884,0.2528847215461723,1,interior
0.4434048867193471,0.31722340962488893,1,interior
0.4464047276232817,0.32730265308173856,1,interior
0.8062584531946557,0.2064037369572936,1,interior
0.8126905054789796,0.2161995251017377,1,interior
0.8126687925146713,0.1619222351294974,1,interior
0.8091969510013879,0.15732923659300832,1,interior
0.804133360922266,0.15758848265948497,1,interior
0.8432538103682902,0.20345948098484115,1,interior
0.7853650962671129,0.15480967546132127,1,interior
0.46348529356484275,0.16705626455713177,1,interior
0.4652263732771618,0.16082039797505782,1,interior
0.4748942700649718,0.2970195443449214,1,interior
0.5388586159856495,0.1246532296815672,1,interior
0.827173682458505,0.3530970475291783,1,interior
0.7987376690879795,0.35038902785850745,1,interior
0.8027941242201158,0.2884162372064541,1,interior
0.8017632317407224,0.29356874552176454,1,interior
0.7641838730162748,0.14056637934971894,1,interior
0.6998282677441372,0.09192382869193381,1,interior
0.6953634482308663,0.08806931834669368,1,interior
0.8446961221225592,0.3309302980425911,1,interior
0.8389807123942564,0.3307375987081235,1,interior
0.8465004733859965,0.3250254044562334,1,interior
0.8411465617232977,0.36305055530614855,1,interior
0.8450683697106803,0.3583930149498839,1,interior
0.7919531030686997,0.15809737468712104,1,interior
0.794730075499176,0.11069158647302144,1,interior
0.7954913260249464,0.11561221396951543,1,interior
0.7907378917828732,0.1074676221105046,1,interior
0.7964819695292288,0.12069398617007313,1,interior
0.7912457289254691,0.12021709845519031,1,interior
0.8140201422565706,0.2109973127748015,1,interior
0.8106952773294586,0.22097226855561466,1,interior
0.8620498299418085,0.2345754589760127,1,interior
0.8659379443973991,0.22973508370227824,1,interior
0.8562531888315698,0.23750496948653543,1,interior
0.8593905402760746,0.22753174296486994,1,interior
0.43287658890575714,0.34247929226205664,1,interior
0.43804034271153675,0.3430715767228871,1,interior
0.5171728010214725,0.11664395825567744,1,interior
0.49701059561391076,0.1119890331375346,1,interior
0.5024371576220287,0.11365531721232167,1,interior
0.7585072424998015,0.09708251070589002,1,interior
0.7544096267742104,0.0998434924084258,1,interior
0.7646938530457403,0.09717720640111235,1,interior
0.8551583822463895,0.2440253703034225,1,interior
0.8693909856385503,0.2351603558438036,1,interior
0.8609312425632835,0.2414452967588502,1,interior
0.43853217700839714,0.3208615024933916,1,interior
0.8544382039061814,0.22177879192959069,1,interior
0.8607359331098322,0.20916092474999406,1,interior
0.8524916472124178,0.25522844260011635,1,interior
0.8569143477213425,0.25981771616162935,1,interior
0.8517240395769232,0.2672465480505349,1,interior
0.8173534461258799,0.379116372464034,1,interior
0.8191787246960179,0.3737812344174593,1,interior
0.8202314920860282,0.3675240173409052,1,interior
0.40444783449585203,0.19672679448695718,1,interior
0.40674886901771107,0.2033558201802037,1,interior
0.4067869562127731,0.19183465100321434,1,interior
0.7497366108601989,0.09958785889824918,1,interior
0.7462450389550801,0.09507180818607765,1,interior
0.4375221163141578,0.20912169270471628,1,interior
0.8046290798986311,0.20109078259234026,1,interior
0.8096020159401475,0.38937775488588505,1,interior
0.8042704573192697,0.3873826224579681,1,interior
0.8149133725034179,0.3848605189049136,1,interior
0.7876309386762637,0.3939001809346404,1,interior
0.4575631098655426,0.17329622402764472,1,interior
0.4584041987286997,0.16841298000968763,1,interior
0.47789747811387767,0.13746333990130927,1,interior
0.7705243556228133,0.374552462526824,1,interior
0.8061804575946093,0.15218981098839565,1,interior
0.8007625455728995,0.15340199358329523,1,interior
0.8102158408084085,0.3950931203210897,1,interior
0.8553881233963025,0.32099591428082125,1,interior
0.8604142260189201,0.32100947003148833,1,interior
0.8652735594103111,0.3171868415942334,1,interior
0.42111240963622326,0.18745743582301458,1,interior
0.7767840350951297,0.12900332930939337,1,interior
0.7823277114892824,0.12714681489407972,1,interior
0.8513140859609347,0.3311280567421035,1,interior
0.8522567576876791,0.3257930271273726,1,interior
0.8502419522813399,0.32133977217453913,1,interior
0.43581840884615625,0.286250234926998,1,interior
0.43452476773813486,0.29772343752480246,1,interior
0.43404530440282335,0.29180977187730006,1,interior
0.8231992628303318,0.3626069701374265,1,interior
0.8262710865299564,0.3661581289715144,1,interior
0.8605354321871717,0.2708877497777756,1,interior
0.8604312832019669,0.2776494645522356,1,interior
0.8566458913290629,0.26554983485070904,1,interior
0.5182365761907529,0.12268729260255203,1,interior
0.7559532107486188,0.0905256533426435,1,interior
0.752396923709278,0.09474176884046327,1,interior
0.8570471076184389,0.332940186036884,1,interior
0.8543449659656268,0.33751183771953164,1,interior
0.8479916669466837,0.33665870150319366,1,interior
0.8576473272388094,0.32712416764560537,1,interior
0.821772317006722,0.2066071689275321,1,interior
0.7593323800124159,0.3749790829307034,1,interior
0.507981428104119,0.09953431497433207,1,interior
0.744103487831176,0.08576374272068202,1,interior
0.4323912454141328,0.2586005769743503,1,interior
0.4327218252056429,0.2520159344458175,1,interior
0.43423009290637526,0.265160990538073,1,interior
0.45670898511011754,0.15708123829623452,1,interior
0.4562210929491801,0.1469725183563467,1,interior
0.4733729038471263,0.1270937712676334,1,interior
0.46998906901916165,0.13204575489228285,1,interior
0.46666065326122935,0.13647952069432207,1,interior
0.4785522674897845,0.12847262637948356,1,interior
0.8486040269928863,0.2886541008325212,1,interior
0.8553113827002918,0.29023627887526376,1,interior
0.8641913214671311,0.21471197642386883,1,interior
0.8686519205473928,0.22001758749311232,1,interior
0.8134636589918166,0.41085764787534923,1,interior
0.4337420913060357,0.2449175766325694,1,interior
0.44171886418232903,0.23996793178131218,1,interior
0.4386778544474909,0.24348949569581896,1,interior
0.7148933411887893,0.09620721799256475,1,interior
0.7103193153348006,0.09998876095544312,1,interior
0.5387988902535529,0.10460571214983759,1,interior
0.4224091297139916,0.17687254162440694,1,interior
0.4193699724463162,0.18163690413375091,1,interior
0.48990264368427133,0.11101608212797853,1,interior
0.4940419955820854,0.10617834834589322,1,interior
0.4943799212674489,0.11669797817291211,1,interior
0.4051912513380542,0.18726878636317115,1,interior
0.4111075045234556,0.1888271245051821,1,interior
0.4094184050153843,0.18300620809350637,1,interior
0.4011965968245739,0.1908135708009675,1,interior
0.7621765786024074,0.10239510153322352,1,interior
0.4781545582476044,0.12323785175287644,1,interior
0.8412538477001504,0.33586320199469694,1,interior
0.40376111802325,0.18356281630226093,1,interior
0.4137947909146389,0.17956486071227418,1,interior
0.8287592318682453,0.1971469105279304,1,interior
0.4515124716490389,0.14612924099326105,1,interior
0.4494139463810867,0.1401042467070869,1,interior
0.4601777397289878,0.1428792412675764,1,interior
0.4521682283727984,0.15243957017938572,1,interior
0.45532181723437354,0.14131880219423112,1,interior
0.44776722897718313,0.1502454399394173,1,interior
0.44327833455549476,0.14257935749344605,1,interior
0.7301319893581497,0.09440961148748767,1,interior
0.791461174356289,0.15222225336285322,1,interior
0.7812619579947694,0.14920288643238644,1,interior
0.7543083964695415,0.08475214987788128,1,interior
0.7616624262612404,0.09149635401917809,1,interior
0.45104085681948297,0.15819379125565547,1,interior
0.45761624166120524,0.15146713628925532,1,interior
0.4378222974917618,0.3026155999690716,1,interior
0.4316205594442778,0.3045688990882332,1,interior
0.4280569428280682,0.2998267808235103,1,interior
0.4356246831333167,0.30620333716296844,1,interior
0.824509922011762,0.3776404983348569,1,interior
0.8280360423765395,0.3742683447950963,1,interior
0.8245646808060704,0.3714744227469739,1,interior
0.7931938232338774,0.10173685833364658,1,interior
0.7859028544616851,0.103082265852323,1,interior
0.7679114440069047,0.13651729851997121,1,interior
0.7764722173131969,0.09656419596413393,1,interior
0.7682574683156066,0.10323257029635723,1,interior
0.768184968617436,0.09492890366114277,1,interior
0.43099811771650076,0.27625825574994073,1,interior
0.49423426363141837,0.09988333840041831,1,interior
0.48676207054071435,0.10551448997646647,1,interior
0.4984454898846691,0.10289951656116295,1,interior
0.4901376754821761,0.10181261603277807,1,interior
0.796123296035397,0.15464719244014333,1,interior
0.45959836394075665,0.16246547337104478,1,interior
0.8491280946318667,0.21730883658056077,1,interior
0.8199644601815184,0.17141967197070054,1,interior
0.8136975717408568,0.17162102020794712,1,interior
0.8169581541650558,0.16616911639271992,1,interior
0.8359531285293543,0.3654558047523929,1,interior
0.7330685296104413,0.08315639253009152,1,interior
0.7378428211532736,0.08586354275446452,1,interior
0.7307359131337171,0.08846281579838597,1,interior
0.7050936740694196,0.09602518851009574,1,interior
0.8408904133197214,0.36860093622134,1,interior
0.8279971061683519,0.35987066947708346,1,interior
0.8308303013323635,0.3646396500759533,1,interior
0.8362473804562778,0.3720394489749758,1,interior
0.8342460583873056,0.19955761823269574,1,interior
0.8394397569720313,0.1993876824491479,1,interior
0.8622193150187624,0.28307976176998706,1,interior
0.8662220640365174,0.2793455277273919,1,interior
0.8663342487192264,0.27405439234552964,1,interior
0.8677818720009727,0.303870376116548,1,interior
0.8704839159806426,0.31063287329766404,1,interior
0.4499318700292451,0.22913336884172888,1,interior
0.4482724326482277,0.2345181930727025,1,interior
0.8736410710480376,0.3048898505165505,1,interior
0.8781609286567787,0.307780040112802,1,interior
0.8758560829597242,0.31413966123303605,1,interior
0.8138345879123006,0.18247990371918346,1,interior
0.8514485385623575,0.3423875452730367,1,interior
0.437899044378074,0.216573414796501,1,interior
0.4442796601415166,0.216953793285575,1,interior
0.8602419767943291,0.2473382976563772,1,interior
0.8555544213089135,0.24989472610176153,1,interior
0.40843622586660805,0.1764323150519436,1,interior
0.41776424104605325,0.17630019247865414,1,interior
0.7368964095907853,0.07814638071796197,1,interior
0.4808408319241739,0.11458267668772884,1,interior
0.48524682417223775,0.11385062691786814,1,interior
0.477187346460414,0.11800188802891971,1,interior
0.8168507210341357,0.1770444364179993,1,interior
0.7097939602037292,0.09375750261979743,1,interior
0.7901542278668628,0.34949339127904394,1,interior
0.8539125508738481,0.3479047655389151,1,interior
0.8506641360088602,0.3541447206516254,1,interior
0.4820631415496551,0.10885680204593969,1,interior
0.8019821112379075,0.14729918976625245,1,interior
0.7966087589677547,0.14892631154543756,1,interior
0.4937951324918415,0.12620221576808907,1,interior
0.42241035568602103,0.30005851502158726,1,interior
0.419656793311664,0.29483838823680075,1,interior
0.42527614624627935,0.30591544333851334,1,interior
0.4290468590319145,0.293897703228495,1,interior
0.8724204986183758,0.22907327649621215,1,interior
0.8646062480515674,0.22435308790440756,1,interior
0.8584856440216985,0.20366105993155617,1,interior
0.8545776338844782,0.20741151370386302,1,interior
0.719534713056344,0.09381259196693843,1,interior
0.7135126636895516,0.08962035807325734,1,interior
0.8150354700463853,0.3912768593124573,1,interior
0.8205241152258052,0.3884799643181724,1,interior
0.8221750633378777,0.3830712756141897,1,interior
0.859867341443941,0.29442248198508586,1,interior
0.8506717039509591,0.2945651771446242,1,interior
0.8620323727108296,0.28831004356328205,1,interior
0.8553377300784881,0.29596815993204506,1,interior
0.8292026732790484,0.19143358183561435,1,interior
0.8364574295502964,0.19407839609118815,1,interior
0.7215937983685731,0.08289592846787659,1,interior
0.7248037218983047,0.09173723053476512,1,interior
0.7247729383633269,0.08701007145341734,1,interior
0.7275153959574067,0.08309040262283851,1,interior
0.4403024819666088,0.17244679211264002,1,interior
0.4450612968030455,0.1712243398293137,1,interior
0.8626427530953522,0.26352917722448316,1,interior
0.8620813327780844,0.2583678488767408,1,interior
0.850966336168861,0.2621762985505487,1,interior
0.43350377207212104,0.21295033728852825,1,interior
0.4448505080679439,0.3114251399498337,1,interior
0.4398153190105951,0.30817201648908404,1,interior
0.6839429230418815,0.10383477877827063,1,interior
0.4486374038056447,0.1679755288761751,1,interior
0.4445456351711983,0.17666315854243927,1,interior
0.4943841644357787,0.09468936234021162,1,interior
0.49908985368097464,0.09769037202998154,1,interior
0.7726390800710933,0.14003703214522895,1,interior
0.7769989298680207,0.14374335279766554,1,interior
0.43968287920152704,0.3483737741051199,1,interior
0.4289166810253394,0.3449244758824682,1,interior
0.43463078865320437,0.33751373920174327,1,interior
0.46075415201153674,0.13748106411508892,1,interior
0.463992799005343,0.13191637886707186,1,interior
0.45366970973096354,0.16396183733157108,1,interior
0.4451895733050275,0.15542782940672434,1,interior
0.44742025393814183,0.1621356095980637,1,interior
0.8144133400927348,0.3171498802288579,1,interior
0.4416578150024363,0.16576901934525057,1,interior
0.48048894666501646,0.10213577868417091,1,interior
0.47616899485741443,0.11195005357989961,1,interior
0.47510704190759867,0.1064883473944183,1,interior
0.48695481517108485,0.0928524442598792,1,interior
0.4835557049835562,0.09630357290261826,1,interior
0.8717573452567796,0.2157478395294086,1,interior
0.8671280902578742,0.21006297851457192,1,interior
0.8727303151652803,0.20939147584777995,1,interior
0.8588800034464966,0.21758459332666422,1,interior
0.7995502956470869,0.09960766640053358,1,interior
0.7904683182473495,0.09781255304546438,1,interior
0.7958602213068651,0.09565225680613205,1,interior
0.7969396763805934,0.10571320596687261,1,interior
0.7726100704034141,0.13552613324190674,1,interior
0.7778831366065871,0.1376534789396782,1,interior
0.846056588138771,0.3651879114386405,1,interior
0.7325910680718053,0.07300485233397379,1,interior
0.7374930814834203,0.0714570213567196,1,interior
0.4445808611279182,0.13615582731268042,1,interior
0.4429320760265773,0.14886687834074866,1,interior
0.43918730807927736,0.13925400861256135,1,interior
0.44301071091894784,0.22893435462779776,1,interior
0.4714981919010577,0.29998899792302697,1,interior
0.783828894166772,0.13650031195010287,1,interior
0.7816212951566627,0.12155678663893332,1,interior
0.7886194495797291,0.12633463735972592,1,interior
0.7873723197894755,0.1326000146709097,1,interior
0.4739320955390756,0.10118717228732595,1,interior
0.47809761140946977,0.09604836116217998,1,interior
0.42473754390640395,0.3118786358770006,1,interior
0.41989529730601366,0.30417374005528985,1,interior
0.41927975178541715,0.30958283488617616,1,interior
0.42949629303543296,0.3111617067825114,1,interior
0.4155352719047785,0.31522242709711484,1,interior
0.42142195133164584,0.3153618639680409,1,interior
0.42705114958336843,0.31757225162544833,1,interior
0.4334447957380525,0.3162429226330174,1,interior
0.8641608592610485,0.3250541291168065,1,interior
0.870915649959576,0.31694024908675855,1,interior
0.8693941354412106,0.3229743773173725,1,interior
0.7290122560856079,0.06772946481161563,1,interior
0.7270878660018868,0.073640028588576,1,interior
0.7304777759725546,0.07836154619177087,1,interior
0.7419974252105204,0.07264974213493688,1,interior
0.749168678223212,0.08909787489481803,1,interior
0.8443302121061625,0.19638482659328735,1,interior
0.8238623770429999,0.16529137644814904,1,interior
0.818982422982387,0.1597991466148593,1,interior
0.814001525953875,0.15691898909675525,1,interior
0.8792048562177105,0.22806917298269008,1,interior
0.8755767451611387,0.23314767282548834,1,interior
0.8326811627047567,0.3501681947816276,1,interior
0.832444577682735,0.35583236273439867,1,interior
0.4275831528806469,0.262164804378708,1,interior
0.43095959228438874,0.27061420298581756,1,interior
0.4273064150897663,0.26763435812296416,1,interior
0.4317763622220769,0.2180232348091173,1,interior
0.4250851460885938,0.21839745217682346,1,interior
0.4423685652044604,0.3638106842390258,1,interior
0.45849388148192205,0.13223488742791606,1,interior
0.46041955645704163,0.12719291211961248,1,interior
0.4671388664896757,0.12675438989766538,1,interior
0.8792747091398947,0.30133204792211404,1,interior
0.868545360954645,0.29692055136670015,1,interior
0.8729733459298776,0.2997518741725274,1,interior
0.41934149278336624,0.17036209998567198,1,interior
0.42485167453606143,0.17282579756888597,1,interior
0.41344188943486665,0.16780225202645246,1,interior
0.4137234401491676,0.173624524971715,1,interior
0.43924970066506946,0.15254461531663327,1,interior
0.43813504645178997,0.15862113533395436,1,interior
0.4090254867329641,0.3127550642634395,1,interior
0.4094875267094307,0.31823318642998855,1,interior
0.41453976720143004,0.3208995423475548,1,interior
0.4205456690852585,0.32088586533464325,1,interior
0.41280510699849504,0.3091983443629427,1,interior
0.8246767259120024,0.15927471739122448,1,interior
0.8258625562089255,0.17146755741788877,1,interior
0.8308243526137785,0.16127520353273825,1,interior
0.8306288640176683,0.16726241298172015,1,interior
0.7860656315811824,0.14497174718883601,1,interior
0.7916141576950234,0.14598121368969133,1,interior
0.42634563240875584,0.27359296549182177,1,interior
0.4307121720611386,0.2824100429842324,1,interior
0.4349004880411724,0.33125430499112174,1,interior
0.4405538184027096,0.32763769290276246,1,interior
0.4416888799768797,0.22201879943182937,1,interior
0.43451567914709494,0.3103890054310942,1,interior
0.42498744181342546,0.28393406583378605,1,interior
0.421807307887978,0.2778786347378331,1,interior
0.4350913146696971,0.27936914345673,1,interior
0.43990888567024866,0.23469615579356512,1,interior
0.4443325418933499,0.23565376328820126,1,interior
0.4019965053034318,0.17598418300211116,1,interior
0.40945257004194946,0.17131108020208308,1,interior
0.40461628405179023,0.17170501338554203,1,interior
0.8214490510862182,0.3531190165780287,1,interior
0.4701304805581694,0.11090340202556148,1,interior
0.4678300864268423,0.10556402830718206,1,interior
0.4684000826360008,0.0995594872050304,1,interior
0.7730156157222989,0.17002745324867577,1,interior
0.786431048485464,0.16695547469849856,1,interior
0.8078559652609071,0.14659428837894453,1,interior
0.7969435997431707,0.14206547500135122,1,interior
0.8038508689543523,0.1415393654922952,1,interior
0.8093438481039748,0.14139247988745787,1,interior
0.873044370873819,0.29378582562340005,1,interior
0.8635957876801706,0.2990628090367313,1,interior
0.4390739224372493,0.3141806448937515,1,interior
0.446932285400737,0.14545128491757514,1,interior
0.7245470074425214,0.07816302800610139,1,interior
0.7925071755387407,0.13029360374292848,1,interior
0.7826955556624481,0.14081460471459858,1,interior
0.7893921467992341,0.13964215093418167,1,interior
0.71927391308627,0.07831809590181245,1,interior
0.719417676184853,0.08800311136315904,1,interior
0.7152697483546889,0.08266072080766293,1,interior
0.40738281816934974,0.16699923798558244,1,interior
0.3995315819559737,0.17189236042586412,1,interior
0.4017175102477526,0.16697830807633132,1,interior
0.4642157662962513,0.09714474042278107,1,interior
0.47264841914359995,0.09601070471264729,1,interior
0.46260445301301384,0.10207437908944748,1,interior
0.46026296300792763,0.10687459549742802,1,interior
0.46800144731004034,0.09320816194789856,1,interior
0.8422198610254997,0.37471383238470557,1,interior
0.4356195433122417,0.32585134957439454,1,interior
0.7600993742056653,0.08563638425084501,1,interior
0.758998124144853,0.08013799258469818,1,interior
0.7538963700156722,0.07949136064323571,1,interior
0.771828635231309,0.0924762297157881,1,interior
0.7811497494703128,0.09121837046610035,1,interior
0.7758679842420755,0.08997405411933246,1,interior
0.8173528062420659,0.15380161104208107,1,interior
0.822584427457708,0.15306550787325293,1,interior
0.4896437419180241,0.0962737082349804,1,interior
0.7713131882452223,0.08521382051949569,1,interior
0.7669216427229341,0.09103068692272681,1,interior
0.8623862795482241,0.33129957229227835,1,interior
0.43446061802649477,0.1751641564442805,1,interior
0.8553869479755087,0.2836059670975182,1,interior
0.42076566145259015,0.25497746357056467,1,interior
0.4225201437849688,0.26535765055189475,1,interior
0.42688062950910877,0.2564165266347912,1,interior
0.43077217291034203,0.3276619618941406,1,interior
0.42917662408202073,0.3338047159665339,1,interior
0.7945412695336089,0.12546557639895548,1,interior
0.41914352149828743,0.21612200587640762,1,interior
0.8346180873937564,0.15553577639405872,1,interior
0.8374206055973784,0.1646041523863617,1,interior
0.8285486743673797,0.15525374261477973,1,interior
0.8639405850079825,0.25040384129943993,1,interior
0.8707972336564964,0.24162555100681923,1,interior
0.8657573801384586,0.23964164541731417,1,interior
0.430447971048333,0.17029483363983247,1,interior
0.433565904894416,0.3478794193923854,1,interior
0.4361105773766239,0.3525434783431629,1,interior
0.4414913347483079,0.3545233177742821,1,interior
0.7460446723770843,0.07645456339337342,1,interior
0.7478608089903297,0.07108644777969536,1,interior
0.7342624742972809,0.0670823542807838,1,interior
0.7452790664502785,0.0659218899924696,1,interior
0.7400852911279908,0.06531306420323846,1,interior
0.7818670354174072,0.09798689762132737,1,interior
0.8227699404227852,0.17735846519442422,1,interior
0.8585436881872383,0.3429201379518664,1,interior
0.405346981816725,0.20950761875761456,1,interior
0.4105118886965293,0.20771249664503286,1,interior
0.40038122501336076,0.2020240617936855,1,interior
0.4015645602274628,0.20669593687395799,1,interior
0.8749875719348206,0.22262901082371747,1,interior
0.8695390630953803,0.2252297179154224,1,interior
0.863645044549062,0.21955697954515566,1,interior
0.8822516523158873,0.2223975724276631,1,interior
0.8789381549856218,0.21764734872371563,1,interior
0.4711975961706675,0.1213981941987859,1,interior
0.8582743087119001,0.300441575719798,1,interior
0.8646421002869555,0.2936169160732715,1,interior
0.8181821388055593,0.1481702661234359,1,interior
0.8279236595813595,0.14918680500107254,1,interior
0.8377168532623573,0.34903126194635004,1,interior
0.7815809893881742,0.14482945867116448,1,interior
0.8136590925170614,0.14472165076079743,1,interior
0.39508661878270146,0.17528278031583272,1,interior
0.39982579140324875,0.18027146669364255,1,interior
0.4535474922290053,0.10944981040524596,1,interior
0.45541271009639056,0.10217441641140323,1,interior
0.4640643841282727,0.11133005554201908,1,interior
0.4585135736444997,0.112078683635677,1,interior
0.45931590533902567,0.09791580384245037,1,interior
0.881456340424092,0.23397686983230404,1,interior
0.8850296168752368,0.22666378704239926,1,interior
0.8846390039124312,0.23104058284143753,1,interior
0.8765630800932728,0.21288042335532334,1,interior
0.8818451708749079,0.212260738295556,1,interior
0.886259428265524,0.21744276119281553,1,interior
0.829030686623554,0.3823026173690181,1,interior
0.8266418356893004,0.3875434332298493,1,interior
0.42953782014689085,0.2228281253275759,1,interior
0.4327580500939381,0.22681593597659502,1,interior
0.43644682969769427,0.22365454478025976,1,interior
0.8687434853513462,0.29040700655152957,1,interior
0.8688477655486515,0.2842873868815107,1,interior
0.7421895211888083,0.08019720393023184,1,interior
0.4191706203445706,0.2842567283361522,1,interior
0.4234282020179109,0.2899142190357293,1,interior
0.8316969626513793,0.37682943654826084,1,interior
0.8509585372511536,0.3618385476584984,1,interior
0.8548982722549325,0.35760544227721563,1,interior
0.8566994341994661,0.3529425739463244,1,interior
0.4280228539376741,0.34915358217706266,1,interior
0.4305079451122326,0.35384979875912537,1,interior
0.7807984492876031,0.1325553589261295,1,interior
0.8929903140559337,0.22051318949291687,1,interior
0.8917053419351404,0.21315458951565877,1,interior
0.8889397546449476,0.223774489114031,1,interior
0.8864109020467413,0.2114160228308152,1,interior
0.8195581225723034,0.3940447779112123,1,interior
0.8154758550825494,0.3977615796783544,1,interior
0.7438638991622906,0.059638025132571194,1,interior
0.7506017663819354,0.06624589632519054,1,interior
0.7497539509511361,0.061148225098918284,1,interior
0.45434257749531737,0.21972236262123598,1,interior
0.45871243373069853,0.22392040634547486,1,interior
0.7651477885401374,0.0865558442995644,1,interior
0.7539181186718084,0.06989445460296168,1,interior
0.8029684515405885,0.10417523672268737,1,interior
0.8060086444420336,0.09696910201733655,1,interior
0.8015339131623813,0.09290920035670008,1,interior
0.4251260757078277,0.16878577741051135,1,interior
0.821630297373119,0.3998786173384534,1,interior
0.8156656491856028,0.4044930817551601,1,interior
0.8950641127658224,0.22798080363737458,1,interior
0.4363335533713583,0.2310802083313956,1,interior
0.43578843365132347,0.23849962872556546,1,interior
0.3858045308761077,0.17673690281179932,1,interior
0.39035359955560184,0.16875292036579256,1,interior
0.3947958966412418,0.1813594377637286,1,interior
0.39615757198269375,0.16843994949623767,1,interior
0.42424508611278144,0.22632413212780583,1,interior
0.4281069118029063,0.227886675642445,1,interior
0.42453194347991474,0.2955274238171419,1,interior
0.42956661964270165,0.2881310815849235,1,interior
0.4607279158026308,0.11704456311398996,1,interior
0.46682918641723486,0.11652247925292135,1,interior
0.7981321272135737,0.13049686320237378,1,interior
0.794237015699499,0.13563423369335878,1,interior
0.43615454081929167,0.3636413803702023,1,interior
0.43467854722146715,0.3681304381312509,1,interior
0.4405842544770479,0.3597892822213323,1,interior
0.8386210854075179,0.1882741723886085,1,interior
0.8426929342389468,0.19084999093204705,1,interior
0.8784858615451648,0.2075829517332295,1,interior
0.4153208402888359,0.18550339367625024,1,interior
0.4051339848180261,0.1796717948361523,1,interior
0.3985407808631983,0.1857796140798393,1,interior
0.4621917715608307,0.15741930406082022,1,interior
0.4219024756380989,0.2707915040533997,1,interior
0.42134532648889006,0.2331181906708422,1,interior
0.4199723583881043,0.22221000245855974,1,interior
0.41974885734107054,0.2277672041414088,1,interior
0.4264028303581737,0.23350294795774376,1,interior
0.4310464862060578,0.23091363934855727,1,interior
0.41516240282578004,0.22601938503692234,1,interior
0.8244237806941472,0.1830390944195847,1,interior
0.8274978368645088,0.18036877088134068,1,interior
0.8194515454679948,0.1829536169294368,1,interior
0.8279340515563203,0.1761136393102905,1,interior
0.8590010937951185,0.34820692001953935,1,interior
0.7829648465359436,0.08481281804837298,1,interior
0.7780865143280061,0.08440420178261276,1,interior
0.4173758466126981,0.16219586916554696,1,interior
0.42262468151904165,0.16523250077759238,1,interior
0.8408902637628151,0.16978826210471534,1,interior
0.8356070378239009,0.17007071325661033,1,interior
0.8446767887940158,0.16477120964453437,1,interior
0.8371600285325996,0.15948819478551218,1,interior
0.41792182833977004,0.2731752126708809,1,interior
0.8295673048245615,0.14315317266428862,1,interior
0.8325436293517379,0.15137752689422368,1,interior
0.8236821108743001,0.14561690667882166,1,interior
0.43633530181682306,0.16945266679290874,1,interior
0.762359542757888,0.07487156758821603,1,interior
0.7568628643727173,0.07458280632438204,1,interior
0.3993686025905689,0.21217759044960766,1,interior
0.41004295350947384,0.21254940837210592,1,interior
0.40480191039944335,0.21497067414208923,1,interior
0.8388550911487206,0.14454609563359094,1,interior
0.8336231018429142,0.14627825942775288,1,interior
0.8311109527897391,0.13830446310326205,1,interior
0.8250750538851667,0.13850468954585163,1,interior
0.8669109598018331,0.26805715627154997,1,interior
0.8645596894207144,0.25447802035713574,1,interior
0.8680734715365165,0.25795060235856093,1,interior
0.41604580623930687,0.2787305970553446,1,interior
0.4114211036745135,0.2780974399838776,1,interior
0.4164120786347185,0.2661862144491246,1,interior
0.4857704700373214,0.1003368233201574,1,interior
0.42624721832403145,0.3291040374361233,1,interior
0.4319869926254629,0.32185246885058705,1,interior
0.8696159903656696,0.2516202634387768,1,interior
0.8686185517886145,0.2626938080793736,1,interior
0.8749245473601558,0.25489533562079186,1,interior
0.8741466543131686,0.25967297574340004,1,interior
0.8727085291110038,0.2652143303283238,1,interior
0.41321783879264684,0.2725346885275664,1,interior
0.42142079185116804,0.2605379273991128,1,interior
0.408899116899192,0.2671182331713359,1,interior
0.4112651987369567,0.26175897584971225,1,interior
0.4157073073860083,0.2587826284312834,1,interior
0.8622820173155109,0.2004802577553204,1,interior
0.8643371185471005,0.204690859114797,1,interior
0.8578038574445433,0.19727862710272734,1,interior
0.85336770506024,0.20138014150244968,1,interior
0.8066803571637189,0.10933098298023451,1,interior
0.8002257341434429,0.11092444212425048,1,interior
0.8118158748083051,0.10681579979001743,1,interior
0.8784868650137254,0.23661600387625942,1,interior
0.875065421185297,0.2387114521121451,1,interior
0.4170657699177614,0.28963882802970287,1,interior
0.426855439260863,0.2789798923676235,1,interior
0.48612589071837203,0.08940198794995821,1,interior
0.8720053487944807,0.27105204852953363,1,interior
0.4347289802755447,0.164466593536611,1,interior
0.8482804201665599,0.2000255904523766,1,interior
0.8724949415433063,0.27738666514990346,1,interior
0.8122050603280577,0.15125455629818946,1,interior
0.8140185686682463,0.13846988387590042,1,interior
0.8192126045251804,0.141451376982997,1,interior
0.44834824420200764,0.10459415992195185,1,interior
0.4547746467706702,0.11611617488713304,1,interior
0.44838019246361166,0.11024899513504802,1,interior
0.4488135200292183,0.11560376282459028,1,interior
0.7821794432440657,0.07830396775132942,1,interior
0.7706360658366309,0.07888765342899445,1,interior
0.4295699972881753,0.23985374742407273,1,interior
0.4334384594524733,0.15276429533151656,1,interior
0.43750016079200554,0.1461838324830112,1,interior
0.8008848772681296,0.13619938189567102,1,interior
0.8298388197852739,0.18508513996844417,1,interior
0.72964870637934,0.09910500803535312,1,interior
0.45191630002752625,0.2391402134063026,1,interior
0.8748656731225861,0.20423564317718515,1,interior
0.8697940449413858,0.2042822755445405,1,interior
0.7269677405216685,0.062292133638946486,1,interior
0.4079731873427606,0.27382299283821215,1,interior
0.8376974727203877,0.17578202901872125,1,interior
0.8436237920763705,0.17434280611773295,1,interior
0.4160923967748524,0.32602161116874967,1,interior
0.42149092246260206,0.32720541457621716,1,interior
0.8765634441441238,0.24391221029271568,1,interior
0.8816673837258051,0.24023655580204387,1,interior
0.41178239744932976,0.23103410469555344,1,interior
0.8618217798081826,0.352030899241239,1,interior
0.8609434477950454,0.3576543337302545,1,interior
0.8094182751510511,0.40680060706000143,1,interior
0.8216797435174542,0.4068300935919679,1,interior
0.8368270255664818,0.1827591611154702,1,interior
0.8514182526098362,0.3692233726482916,1,interior
0.8457469820156092,0.3705608437626767,1,interior
0.8554800304032533,0.36606450120413275,1,interior
0.4422169397604199,0.11730371883257878,1,interior
0.45128498266059036,0.12017064414354142,1,interior
0.44593673884738755,0.12177855251911292,1,interior
0.4440497648876091,0.10845410907744175,1,interior
0.4443182180585509,0.11299692664284569,1,interior
0.8134763642578722,0.1331580398232884,1,interior
0.8192682693162369,0.13420382448457274,1,interior
0.807736339451137,0.1358956092248273,1,interior
0.7860162001565708,0.1171367734334159,1,interior
0.879071237094342,0.32423325468344105,1,interior
0.8687735731273625,0.33021636706465557,1,interior
0.8749791589291376,0.3329991772407735,1,interior
0.43135880467945475,0.15919904113831854,1,interior
0.7102994214350917,0.08482096462819984,1,interior
0.42815421113306346,0.24574195562980425,1,interior
0.431851448498091,0.14664850635016685,1,interior
0.4279438935768711,0.14991904309298842,1,interior
0.4269788551685751,0.15514709668468185,1,interior
0.8876023099458853,0.23656104047784246,1,interior
0.8658293879040124,0.3355633857705932,1,interior
0.8606435854072242,0.33737533492965116,1,interior
0.43576571473030196,0.3576023002858846,1,interior
0.40370549367533953,0.3151943870407797,1,interior
0.40360475849556154,0.31065597328184114,1,interior
0.4066507166979385,0.30749146841354363,1,interior
0.38992507807788623,0.21611367215351943,1,interior
0.40046494885491996,0.21891601250974166,1,interior
0.39614505612607204,0.20665369888724908,1,interior
0.8269909254032879,0.40367172744154456,1,interior
0.827874795014495,0.3980980130322272,1,interior
0.8243843277194629,0.3933362351708305,1,interior
0.817792072568212,0.4099517572774901,1,interior
0.8006109409698426,0.1243821475404143,1,interior
0.803820009861425,0.13053603857318072,1,interior
0.42555124212562045,0.25100312257535323,1,interior
0.4231362177101153,0.23981268685075735,1,interior
0.40562393165292027,0.22011807370287267,1,interior
0.4097595894226785,0.2180063353734596,1,interior
0.830785484008434,0.3701280173054569,1,interior
0.8354411030443264,0.3820289668463828,1,interior
0.8373805926299361,0.3772946112399683,1,interior
0.8090177279800639,0.12118861629535642,1,interior
0.8002489967664547,0.11754291548468866,1,interior
0.8661757511376059,0.2456335615060655,1,interior
0.8590345698351349,0.25368278813756034,1,interior
0.8718399585538112,0.24672035362318465,1,interior
0.8820350678008643,0.24672368389573687,1,interior
0.883834578572188,0.3092248144759159,1,interior
0.8807125753630984,0.3126550672473255,1,interior
0.8567787903866021,0.3616510699314049,1,interior
0.815932461328914,0.1274227826053946,1,interior
0.8141669198329519,0.12105317034130429,1,interior
0.8094621603142661,0.11602364177715138,1,interior
0.8060474888331189,0.1253346208783955,1,interior
0.8043577627358734,0.11441316769439103,1,interior
0.4122175473063007,0.28443117944541224,1,interior
0.8087937406887109,0.22650549328847291,1,interior
0.4147050201916053,0.22040759164746385,1,interior
0.4141075189262889,0.21530976590753453,1,interior
0.3981238507568768,0.19799296859240062,1,interior
0.3940667374554539,0.20148534918905558,1,interior
0.45614300673264097,0.35565393788657296,1,interior
0.8611145908033874,0.36465528411341375,1,interior
0.854256995728104,0.3750871565725815,1,interior
0.8896435250862945,0.23008591876018744,1,interior
0.8469054788149025,0.1873257213731511,1,interior
0.8427350872516439,0.18485185911273905,1,interior
0.7672741674574148,0.07545637033953898,1,interior
0.7663833411181261,0.07043260570924535,1,interior
0.7651167708578398,0.080913088560471,1,interior
0.8317260664026055,0.17324201641237616,1,interior
0.4097711509992487,0.22428918283478752,1,interior
0.4039170660171958,0.22440889520171534,1,interior
0.416572798953103,0.15516451327318437,1,interior
0.4110050644726166,0.1630117763136751,1,interior
0.42137943730173477,0.15692076545656525,1,interior
0.41041752279925997,0.15753757344472102,1,interior
0.7757181250319409,0.13301722376031128,1,interior
0.4155911202151722,0.23720363762719132,1,interior
0.8445338156401897,0.2625171862235704,1,interior
0.8750555527224219,0.3204979591632777,1,interior
0.39275786685577235,0.19548755474729132,1,interior
0.39491528545676896,0.1900851618502508,1,interior
0.3915148992691538,0.1855269815296057,1,interior
0.8440209011008917,0.14591445316129478,1,interior
0.8383734259584609,0.14996317924116306,1,interior
0.8425989489058084,0.1403114478619603,1,interior
0.836099667456078,0.14001042123867652,1,interior
0.8160912892664308,0.10988068320428378,1,interior
0.8119877876829416,0.09826086657126536,1,interior
0.8088850490542328,0.10280759091568041,1,interior
0.8161683079793411,0.10304413104948368,1,interior
0.47219897197467275,0.11575457701204603,1,interior
0.8653751860900263,0.36524339890188906,1,interior
0.8587500888151849,0.3706628055458566,1,interior
0.42299723388453275,0.3326870447986749,1,interior
0.4176831167338888,0.3318186717838767,1,interior
0.8517437909572588,0.19500909528607901,1,interior
0.424548743199638,0.33693441022556014,1,interior
0.875034334481889,0.2877463577240161,1,interior
0.8778194598007453,0.29221071435398255,1,interior
0.8430745979921012,0.17943767804457433,1,interior
0.8484038772076885,0.18246446878838843,1,interior
0.47494478516147437,0.09112087007903878,1,interior
0.4698321055895976,0.08828282242131276,1,interior
0.8893926771575964,0.20766277271887623,1,interior
0.8841881345081086,0.20541520814204098,1,interior
0.40316913649810965,0.23347446077685116,1,interior
0.3947973942733416,0.22725473625845943,1,interior
0.4008839075258799,0.22889822234002374,1,interior
0.4066643006050623,0.22970363273690372,1,interior
0.445605392335486,0.1287361657134392,1,interior
0.44945332018071216,0.13374687927637424,1,interior
0.4399376790045819,0.1281354360293255,1,interior
0.8333827134060076,0.3873499326467658,1,interior
0.8297196513964856,0.3924650344852352,1,interior
0.8876806340998374,0.24382205865587284,1,interior
0.389685718755387,0.206153625951437,1,interior
0.4223047741976829,0.15076091855407509,1,interior
0.42630342122744697,0.14406051474102524,1,interior
0.41998942819044344,0.14460603703338676,1,interior
0.8218235950118986,0.10474546119734393,1,interior
0.8174807920924151,0.09632061479997038,1,interior
0.8197466359110697,0.10828399008496126,1,interior
0.8659030558049724,0.3414352811989037,1,interior
0.8709207267496479,0.33686880343634984,1,interior
0.41425217992982694,0.295000291974418,1,interior
0.4123933874718089,0.29046260954642705,1,interior
0.40837625857625,0.28907239007933827,1,interior
0.4544540244104141,0.13573717630698826,1,interior
0.8593975033232597,0.3760283061303997,1,interior
0.8796661404962435,0.20124384592529712,1,interior
0.7384389983393288,0.05812825334017647,1,interior
0.7362517419051114,0.06257527279068538,1,interior
0.4788520214227307,0.0872980246982729,1,interior
0.77570719595,0.07850740398570523,1,interior
0.7719209058760078,0.07326920345332517,1,interior
0.8840430865556513,0.328358994924931,1,interior
0.8833418602004445,0.32286075297823247,1,interior
0.8807989857076437,0.31818666081278824,1,interior
0.8486689862729851,0.3749119718204755,1,interior
0.8461176607417682,0.3790194218221743,1,interior
0.8571272465141279,0.38068079143709177,1,interior
0.8677396898687718,0.19859564986563985,1,interior
0.8788323028843985,0.19502216384905738,1,interior
0.8737638480393746,0.1991483865136414,1,interior
0.4042573384004953,0.2702988303534154,1,interior
0.40539038207231565,0.2610262007001729,1,interior
0.40209989777956084,0.2653607358732923,1,interior
0.8855300766517858,0.19725754207430743,1,interior
0.883633763101401,0.19026688124066427,1,interior
0.877425198137291,0.18906940464598676,1,interior
0.4263182127285638,0.3237672438552987,1,interior
0.4535089268242664,0.1291676771272627,1,interior
0.8227563019010726,0.09997008183776722,1,interior
0.8173077774465284,0.09038643593578222,1,interior
0.8117916077529617,0.09265844350063883,1,interior
0.8240671592493368,0.09429780530861787,1,interior
0.8207293596529691,0.1138028577539499,1,interior
0.8265532905994315,0.10455609576688774,1,interior
0.8262431174863482,0.1150503106291697,1,interior
0.40912298360363714,0.2558177310718856,1,interior
0.4194852598689888,0.24954112185630253,1,interior
0.41478618368346437,0.25301112524880315,1,interior
0.8339930141012404,0.18846897410536417,1,interior
0.41029233698311535,0.2995552871014238,1,interior
0.4035676979204614,0.2913910019232554,1,interior
0.46135228634572517,0.09285519028325791,1,interior
0.852950250337826,0.17097449875362733,1,interior
0.8471642410170855,0.16995630029034317,1,interior
0.8400458534605205,0.3858942016901145,1,interior
0.841349227279082,0.38073270375115714,1,interior
0.8292990306868566,0.134331238365799,1,interior
0.8251624584197529,0.13174081875433333,1,interior
0.4034303855768906,0.2972605561201698,1,interior
0.41676490898803403,0.299683029088801,1,interior
0.409790928083625,0.30440116486594343,1,interior
0.4043583564707583,0.30231041200415826,1,interior
0.43191685719188017,0.23509062615495116,1,interior
0.45660181450839643,0.12254455580257624,1,interior
0.3984855703111546,0.2600637175888384,1,interior
0.3945709470542006,0.27028855018892867,1,interior
0.3991999653848773,0.27054125950212665,1,interior
0.8406281112358761,0.1549776592661847,1,interior
0.8427029895776358,0.15995177286615803,1,interior
0.8785085941272249,0.26266826757027206,1,interior
0.8761138730901555,0.24953065992979404,1,interior
0.8815720412980894,0.25710998669573687,1,interior
0.8494271094494014,0.17638322076317384,1,interior
0.8542157910585395,0.1813633945281878,1,interior
0.8561523199705788,0.17646126208754284,1,interior
0.8522090841902665,0.18771818327550088,1,interior
0.8574157929346808,0.18556454962426558,1,interior
0.8488368237920229,0.15972092128517867,1,interior
0.8517142077479057,0.16454968748361654,1,interior
0.464140146883796,0.08799386850872394,1,interior
0.45766260657695534,0.08795244220928856,1,interior
0.4550896864170637,0.09424665508725696,1,interior
0.4081191422281825,0.2363481509503471,1,interior
0.4048762854056398,0.24121826044950484,1,interior
0.4010389620415388,0.2378577130654236,1,interior
0.7990690616767977,0.1860900007821448,1,interior
0.8256601759750399,0.40755352921489374,1,interior
0.3848231730073713,0.20361164075392552,1,interior
0.8309614577481191,0.12961063279719762,1,interior
0.8412222573246583,0.13383878944674807,1,interior
0.7878438406406668,0.08198386867915781,1,interior
0.7841998509559456,0.0728222680179568,1,interior
0.7777025490335573,0.07172596527144058,1,interior
0.7820647118408548,0.06728834796748971,1,interior
0.788948585134598,0.07585042306522648,1,interior
0.8211017221180814,0.12093972920341324,1,interior
0.8246998157975888,0.109485473262655,1,interior
0.8287851326708338,0.12021280102140107,1,interior
0.38969741935217705,0.17442142370480693,1,interior
0.37869907476698206,0.171719688219824,1,interior
0.38312258331743254,0.18100586645418484,1,interior
0.37836331195741546,0.17944784606945455,1,interior
0.4096738829388994,0.32470292803578493,1,interior
0.8611692546011108,0.1812276359487862,1,interior
0.8638225550744382,0.1697563493528201,1,interior
0.8584237166333057,0.1719344169249898,1,interior
0.8323588267164704,0.17912085539627484,1,interior
0.7333349602277189,0.05483273206306651,1,interior
0.7433844471120175,0.05232734362035793,1,interior
0.7320443677057172,0.06110111074326763,1,interior
0.862029168201158,0.18759813898221497,1,interior
0.8668024099831236,0.18459891648071738,1,interior
0.8677637207292435,0.1783223867343064,1,interior
0.8620967366098814,0.1756948394394053,1,interior
0.8944338357457334,0.20659268349034354,1,interior
0.8959525636689264,0.21584045878424502,1,interior
0.8897158450710202,0.201941567753804,1,interior
0.8347710262006943,0.13413323930108262,1,interior
0.8297294267782813,0.10113942089663752,1,interior
0.8305888145470369,0.10905840466518327,1,interior
0.8753056802618969,0.28205176867038323,1,interior
0.405288149766785,0.28541590478845974,1,interior
0.3995324019575901,0.2874603602535541,1,interior
0.409451265039469,0.24953974709310342,1,interior
0.41439271806511985,0.24761742565507916,1,interior
0.4031753999412569,0.15691002847602156,1,interior
0.4119262254951807,0.1511178075092241,1,interior
0.7107562653829022,0.07741306916499135,1,interior
0.8825342847404222,0.2949631581349542,1,interior
0.4362633435724843,0.11692189986599687,1,interior
0.43917361717793746,0.11122489845481971,1,interior
0.7863091413260864,0.09528167663762942,1,interior
0.7869985037784719,0.08864555298643666,1,interior
0.8704123169074711,0.17219628834363834,1,interior
0.866279889727494,0.17391792817723312,1,interior
0.8685371568558811,0.16582057063026248,1,interior
0.8577120588730889,0.16717226640342905,1,interior
0.8628476721131988,0.16379331422545565,1,interior
0.8935512525865534,0.2473007812676172,1,interior
0.8934628598250426,0.24093747719252825,1,interior
0.40371477970005376,0.32071117548788025,1,interior
0.3983200880842294,0.3113440872740954,1,interior
0.3980188631145358,0.3159749583903673,1,interior
0.4124751979528998,0.33077168925751305,1,interior
0.8612945609968714,0.19268208291920605,1,interior
0.8633983715154366,0.19619159139582168,1,interior
0.8568568580368127,0.19104423214128574,1,interior
0.8479790355023061,0.1917954136240488,1,interior
0.8046858900559565,0.11977834639659406,1,interior
0.8110773907905011,0.12521355136314805,1,interior
0.8096453738532173,0.12986100006147924,1,interior
0.43981305714840996,0.12320013184101439,1,interior
0.45054188141413276,0.124943252758146,1,interior
0.8894682601840921,0.19074601970007865,1,interior
0.8766253338982152,0.183010663673737,1,interior
0.8816581233292865,0.18471319078809503,1,interior
0.8807365278029767,0.2838214814688365,1,interior
0.8815758293820171,0.28912169910315555,1,interior
0.4285766931843466,0.1646769889912559,1,interior
0.8069518278741626,0.08939909035369407,1,interior
0.7970921704252399,0.08916963113022564,1,interior
0.4329867377071205,0.14074836694639828,1,interior
0.4276871864612694,0.13736564782547817,1,interior
0.8157008352737755,0.1158917186507938,1,interior
0.8725115577944731,0.1934185041327471,1,interior
0.46381797894049365,0.12197567025546556,1,interior
0.8117086263184211,0.11172043783972829,1,interior
0.4300100163271377,0.3669976945225803,1,interior
0.43069154182434827,0.3603180454063873,1,interior
0.8357821858607603,0.10628654355044032,1,interior
0.8383425398747791,0.09721025751689634,1,interior
0.8313635752254751,0.0946840953826367,1,interior
0.893114105723959,0.19584898532423248,1,interior
0.8852966447427572,0.304696589197015,1,interior
0.8852417335718894,0.2994468238487623,1,interior
0.4138859921270701,0.1451748351702678,1,interior
0.4170768102653025,0.14956382668016915,1,interior
0.40633216955094914,0.1519999500017294,1,interior
0.40806901468358187,0.1460643368822018,1,interior
0.7557632481703963,0.06315516342843644,1,interior
0.43518283707724686,0.2726976781195218,1,interior
0.7277501471764874,0.056398279409010856,1,interior
0.3990444234534785,0.24312919182072565,1,interior
0.39923224549009106,0.2482055433870031,1,interior
0.41079727563966634,0.24288279859416564,1,interior
0.404642223583671,0.24606315132240483,1,interior
0.8724567099783161,0.3624988089020007,1,interior
0.8706623964019018,0.357152130997049,1,interior
0.8654766618231068,0.3700012606869897,1,interior
0.8696151235087104,0.3663848627231941,1,interior
0.3844694650355131,0.1859930899225169,1,interior
0.8668217380461637,0.1914816189170959,1,interior
0.40675669405372794,0.27994016513452347,1,interior
0.8343903603400384,0.39232383157837936,1,interior
0.8716433011498446,0.18195035777631455,1,interior
0.8807830986553287,0.2521822327010416,1,interior
0.38906122749235234,0.19021636684648513,1,interior
0.37809003014878495,0.19042295443911808,1,interior
0.3837996690155718,0.19108444663416177,1,interior
0.8315998379033015,0.11523083851419591,1,interior
0.3959735297744627,0.2652650894591045,1,interior
0.39733747679611336,0.25324496403138413,1,interior
0.40271660548845595,0.25623071623558513,1,interior
0.43398000091999817,0.12162937722528447,1,interior
0.4329799581076083,0.11139370328951,1,interior
0.4293827116389693,0.11671040881076368,1,interior
0.44374900163712655,0.09985858677942581,1,interior
0.43581492794879434,0.10578418396618601,1,interior
0.4413434436888639,0.10488613087142418,1,interior
0.3845085953669387,0.17117835177428464,1,interior
0.3812490454689445,0.17588528977826934,1,interior
0.38938139971923125,0.1803611186018927,1,interior
0.7916126667289908,0.09198103919673062,1,interior
0.8846367493008733,0.26245220490144394,1,interior
0.8873107196225491,0.25123863657213985,1,interior
0.8892803963525667,0.25741493846555114,1,interior
0.4003871939012949,0.3063523674969774,1,interior
0.8389448416692252,0.39059904818981445,1,interior
0.39500791566059384,0.2167284871903518,1,interior
0.39055663136069796,0.2215295877785006,1,interior
0.39571784817884925,0.2216572350256009,1,interior
0.8776647821845724,0.2725212354374875,1,interior
0.8803734020808321,0.2777306689069234,1,interior
0.8719149941308189,0.18734643239565354,1,interior
0.8856631548725264,0.3143317397650143,1,interior
0.8868986204529742,0.3194328064044382,1,interior
0.38886402493129585,0.22743002084325736,1,interior
0.43263456253233934,0.3727489318957869,1,boundary
0.42454733194304595,0.3665081234148873,1,interior
0.42516392810064274,0.3617736865251591,1,interior
0.42628580725984033,0.3710733122244955,1,interior
0.7602586249393434,0.05754850811871745,1,interior
0.7540978403171977,0.05619863678347964,1,interior
0.7602062516420917,0.06865949044147952,1,interior
0.7613599147964718,0.06273408295669104,1,interior
0.41434420787937526,0.3368882615181577,1,interior
0.4194081609106069,0.3372529508247917,1,interior
0.5070816650233833,0.1819261429028196,1,interior
0.38285604321675165,0.19554886506549848,1,interior
0.38740640833222445,0.19459632185221762,1,interior
0.42295014863978875,0.24588269098995097,1,interior
0.42221815494699655,0.13859342732440608,1,interior
0.41618996318877066,0.1394093684886026,1,interior
0.8513660908367104,0.3810597421640757,1,interior
0.39198140477743726,0.31181830455016535,1,interior
0.3974999394308543,0.29417490781011707,1,interior
0.39427581962330993,0.2829974058233543,1,interior
0.4006357618804987,0.2812843050101243,1,interior
0.394801162119001,0.2893635282975539,1,interior
0.8269485561868396,0.08841193864107912,1,interior
0.8353963957333995,0.08554794100395598,1,interior
0.8410515856961966,0.09325169023374032,1,interior
0.39409575068310454,0.23926517751209744,1,interior
0.3933058186109438,0.24707594490021506,1,interior
0.8913169952525549,0.3011024021876593,1,interior
0.8891178149293109,0.3102960853984223,1,interior
0.8915078204698009,0.3065517528981635,1,interior
0.3843776819777939,0.21821433525890482,1,interior
0.7380730870200425,0.05264085561616797,1,interior
0.4039089293700186,0.3273277567868945,1,interior
0.8953474040980901,0.31212439659006347,1,interior
0.896480457048824,0.30539669497397975,1,interior
0.8914787471026439,0.31629265054659256,1,interior
0.831716455244516,0.40547572953702044,1,interior
0.7595667731013206,0.05147470946466861,1,interior
0.7542427169201021,0.050623462721353915,1,interior
0.7663223501473454,0.054115661682605974,1,interior
0.8887822298124011,0.2955104526212969,1,interior
0.894169951639698,0.2346980520826714,1,interior
0.4023925637085999,0.2755704443715051,1,interior
0.8980403382970714,0.21960119535899766,1,interior
0.8265250509708073,0.1256255608770477,1,interior
0.8381472956393775,0.12424604113138198,1,interior
0.8371556852609734,0.1289743881758908,1,interior
0.8327645225489348,0.12452314623394713,1,interior
0.38702148406412645,0.21204791785646723,1,interior
0.40994365661562376,0.14065104622188648,1,interior
0.3937651927008872,0.30697857132249606,1,interior
0.39832822234496873,0.1940711026059873,1,interior
0.37791312756686324,0.21761287383531516,1,interior
0.38140179058556617,0.21298823713380322,1,interior
0.3850856080294792,0.22358336536194293,1,interior
0.37919018464544435,0.22354844184896155,1,interior
0.7715498004710115,0.06774865425079413,1,interior
0.3988643637379131,0.1620523675866646,1,interior
0.4001465164226981,0.1515474809695883,1,interior
0.4052542102041061,0.16199151060705685,1,interior
0.3969808898716491,0.15598703681846462,1,interior
0.46808971658952425,0.0828782062083404,1,interior
0.4609344942085308,0.0829479505711979,1,interior
0.46329801679932514,0.0791398196681083,1,interior
0.3863135929208042,0.2707950747190664,1,interior
0.39101738150233867,0.2726259500602374,1,interior
0.3902198465160656,0.2668817179773712,1,interior
0.3925538592670065,0.2980447581056684,1,interior
0.39028907517117156,0.29326545523291997,1,interior
0.4185388928022072,0.1333946752685765,1,interior
0.41201726134450434,0.1343946318364106,1,interior
0.3880850540508626,0.19963385263465086,1,interior
0.4025577473412369,0.14144304862477355,1,interior
0.40579429681664697,0.1316981580984483,1,interior
0.7924688312677678,0.08561159122062843,1,interior
0.8743790655581369,0.1773451672677566,1,interior
0.8810153580494943,0.17823754626772964,1,interior
0.841588310372741,0.11596694649911342,1,interior
0.8357691572373948,0.1191018168793944,1,interior
0.8412844870464099,0.12118260722927288,1,interior
0.843610076173708,0.12658306635748282,1,interior
0.8765683031106153,0.2676565014217288,1,interior
0.44286864532031844,0.16037672784108575,1,interior
0.8553976817460506,0.38643751219418715,1,interior
0.8501243694100303,0.3878945302790435,1,interior
0.8459604912406601,0.38422019653075207,1,interior
0.3974765268354234,0.23335115689594219,1,interior
0.8626844717364257,0.3806496200469022,1,interior
0.8604904088195863,0.38597279600244594,1,interior
0.8377837088297291,0.39523370103989086,1,interior
0.8920302686763252,0.32250086658277727,1,interior
0.8972399233897541,0.3200685660727302,1,interior
0.4454851950662629,0.09480014440304242,1,interior
0.4397909023338069,0.09458336493420448,1,interior
0.4500457316631574,0.09862643891464534,1,interior
0.43761507253459614,0.09993197082050058,1,interior
0.36993965572803605,0.17616128406644305,1,interior
0.37802436922848576,0.18440819141172884,1,interior
0.4152189288070418,0.12862728273856358,1,interior
0.7936545744014817,0.07913508192504652,1,interior
0.8991506866167981,0.19784470374938876,1,interior
0.8933436877258754,0.18608354098526442,1,interior
0.8994489417873095,0.1924022758870992,1,interior
0.3890572519605295,0.16188421646901865,1,interior
0.38444507552738444,0.16471593880332333,1,interior
0.39360226455148944,0.16436538418514296,1,interior
0.8326911569177634,0.40147805268593406,1,interior
0.39387692981069405,0.15976619207920645,1,interior
0.3959155658598878,0.2762322470687758,1,interior
0.41769374362764783,0.24347870935765972,1,interior
0.8495154695160048,0.1423574505509412,1,interior
0.8465387978605012,0.13671971684469658,1,interior
0.40902212320742043,0.3355885081580649,1,interior
0.8874749118970524,0.324398911143717,1,interior
0.8904639683827845,0.3283509275565837,1,interior
0.39294624900600833,0.21142838564473895,1,interior
0.37157037879013355,0.18620939471529854,1,interior
0.37358700854585974,0.18048150491308787,1,interior
0.37185072218384063,0.19112303890381094,1,interior
0.8463235221243836,0.15482619514861892,1,interior
0.8550639057204342,0.15764524102643243,1,interior
0.4036069270562743,0.33374761499091854,1,interior
0.4051924640047222,0.339504267847991,1,interior
0.4111041985282076,0.34154095645126475,1,interior
0.8697401170518622,0.3471682551072148,1,interior
0.8667632555253205,0.3533103926215793,1,interior
0.8640221014145589,0.34706917499102885,1,interior
0.38346000536795327,0.2078314446400008,1,interior
0.8090970604875928,0.412130983038627,1,interior
0.8376967485353487,0.08092032663734326,1,interior
0.8302425687046388,0.08176144089382283,1,interior
0.8411271619858386,0.08694506872347126,1,interior
0.8315133006055948,0.08830575153896396,1,interior
0.7612033038263283,0.04481007565389735,1,interior
0.7644669082254463,0.048914959692308815,1,interior
0.7563132653627314,0.04591831030160263,1,interior
0.4741909816572128,0.08544218567716565,1,interior
0.9034587039724044,0.20160704616468608,1,interior
0.8984481225812028,0.20287641540332965,1,interior
0.9089033928912847,0.20006658108995892,1,interior
0.9049043650654582,0.19534347257555337,1,interior
0.8946072927662806,0.20088581718599588,1,interior
0.8954442555743668,0.19025260878609454,1,interior
0.9012438750675001,0.32630675365792255,1,interior
0.9012872920818277,0.3150450691113556,1,interior
0.903181110737744,0.3207320734134749,1,interior
0.7510891754934633,0.07555361084714876,1,interior
0.432061202274026,0.10069826693855753,1,interior
0.43081090219884877,0.10624127448466054,1,interior
0.8388412760439662,0.3998817370137968,1,interior
0.8368212937954194,0.40514184094052114,1,interior
0.3973749999004842,0.30115330309000005,1,interior
0.424116975804888,0.13236149900439606,1,interior
0.8363401793452213,0.11265690285642392,1,interior
0.8770799201654125,0.33933199791002194,1,interior
0.8816248733762251,0.3341633384798442,1,interior
0.8866143585814171,0.3375303043106993,1,interior
0.8882994774054386,0.333385172447318,1,interior
0.8786383124849924,0.3293719191560414,1,interior
0.8996639526592481,0.23886270512574628,1,interior
0.3889142622598092,0.277493314506122,1,interior
0.39439511827080426,0.2572864894300271,1,interior
0.8212125579274876,0.12784238328862169,1,interior
0.40769713538827984,0.34462078784020117,1,interior
0.8961577252229241,0.3273734142217734,1,interior
0.43595135492068077,0.1351463337401439,1,interior
0.8586186220948203,0.39256868163692193,1,interior
0.8439779718963558,0.15068660268686643,1,interior
0.8494504838580269,0.14906420000519915,1,interior
0.8771631000691713,0.2967147941419741,1,interior
0.7495239875797991,0.05145521022291327,1,interior
0.8677398544551344,0.38008721278881313,1,interior
0.7486532179996193,0.08186159857071505,1,interior
0.4259435034459568,0.3569159132635387,1,interior
0.42395303566586834,0.3520965764132972,1,interior
0.8784752011689972,0.3639077237853661,1,interior
0.8750336050185598,0.3683367219402638,1,interior
0.8759791439894554,0.35840627148268606,1,interior
0.9129840160493071,0.20375972189261596,1,interior
0.9144908837891355,0.19710960343489503,1,interior
0.907078537257299,0.206599161376329,1,interior
0.9106230142536207,0.1945421930274444,1,interior
0.3685163298982243,0.18149479591775095,1,interior
0.3756342529006838,0.1753204201545707,1,interior
0.8759365273921764,0.3461898879765064,1,interior
0.8737738551599215,0.3522140800636996,1,interior
0.812207234442869,0.0858923389052964,1,interior
0.847895211143724,0.08583819017099699,1,interior
0.8452553347886417,0.0914987442273146,1,interior
0.8437271770142551,0.08039654742227952,1,interior
0.43415949320874986,0.12839302714615444,1,interior
0.378779291215254,0.16130038441632172,1,interior
0.38443603070815763,0.15747077112624022,1,interior
0.37914065605942454,0.16742250768481529,1,interior
0.3791469812108691,0.20323009919930798,1,interior
0.3778061734279771,0.20855818575754628,1,interior
0.3827302717631178,0.1998505805286414,1,interior
0.4210276033146119,0.12718951041253124,1,interior
0.45033853158912907,0.09302370657586426,1,interior
0.4469846800206632,0.08963380604395947,1,interior
0.4891326153375551,0.11662141484094635,1,interior
0.7661708941025968,0.059482933979249,1,interior
0.7720817336317444,0.053020422979606255,1,interior
0.7695722396968864,0.04868850711082712,1,interior
0.7727571109096752,0.05825434540901262,1,interior
0.9003497516323111,0.309418835510678,1,interior
0.7705541461832752,0.06265257187186188,1,interior
0.776077604978826,0.06455357740179271,1,interior
0.8873478679398704,0.1835108619898147,1,interior
0.3724097244624837,0.17007678356777425,1,interior
0.3638347094260387,0.17930180252540892,1,interior
0.3661590985679504,0.17286829088140462,1,interior
0.390846229592063,0.25375257313388233,1,interior
0.8431492989651247,0.40413428990305017,1,interior
0.848675680471042,0.39461195554213513,1,interior
0.8446993028896338,0.38976115206181144,1,interior
0.8536278729976337,0.3919900300377137,1,interior
0.43372566939570384,0.09410380719213382,1,interior
0.4267794886420579,0.10318506921675602,1,interior
0.4272364530616415,0.0969237864021842,1,interior
0.880696147015746,0.35110705597770603,1,interior
0.8900458992596022,0.17801304576402927,1,interior
0.8855222502467207,0.17676275008559592,1,interior
0.8943672419329293,0.18111415896099728,1,interior
0.7799959273417435,0.06015123956534193,1,interior
0.7855347781541714,0.06307085173181125,1,interior
0.7468397860021266,0.04693415474357115,1,interior
0.8918283368126045,0.33987278419712247,1,interior
0.8943219442010619,0.33355341327126614,1,interior
0.8831535782294375,0.2722506913712258,1,interior
0.4165402981005668,0.23138851551769898,1,interior
0.4321668376546306,0.13472082048822415,1,interior
0.4290433577560922,0.13159981014595107,1,interior
0.36451892296109367,0.18559619830649374,1,interior
0.37608786370318514,0.21320212952027767,1,interior
0.887249583861555,0.2754040594835685,1,interior
0.8864019449711651,0.2809860594791902,1,interior
0.4076688887035947,0.3302613607699903,1,interior
0.8688616869780313,0.3751388293719476,1,interior
0.8665686411226774,0.3862441197292363,1,interior
0.8713525093251919,0.38437549482877065,1,interior
0.8639308200820498,0.37504185112086047,1,interior
0.8976124524064552,0.21126280851952517,1,interior
0.7515893150883848,0.04623040882682323,1,interior
0.8725749633223913,0.39037242300636826,1,interior
0.8676603101249384,0.39212587105468594,1,interior
0.39926090801921815,0.22426000827098447,1,interior
0.8646962838551339,0.15449872675777607,1,interior
0.8676983663831725,0.15925439201981945,1,interior
0.8763528924595075,0.3852248983609569,1,interior
0.8736413695852356,0.3789526443501345,1,interior
0.7773176793025152,0.04404442537202747,1,interior
0.7749256623025681,0.04865573972005167,1,interior
0.7666894823249143,0.04421781476975167,1,interior
0.7720888788427194,0.043419342201896576,1,interior
0.8402875112165952,0.07409768404075492,1,interior
0.8497609074887569,0.07909863867661258,1,interior
0.841745131637621,0.10329050786295853,1,interior
0.8416226361218094,0.1099422446923558,1,interior
0.8460278659799929,0.11999684905107488,1,interior
0.8503964368923211,0.12394291537177111,1,interior
0.48182539476591374,0.09097141717428989,1,interior
0.8887900058501256,0.17217326494696883,1,interior
0.8769803187439266,0.172455770927623,1,interior
0.42240203481820515,0.3411992357476142,1,interior
0.4169700807423151,0.34341093397599,1,interior
0.387969636459283,0.2836169227087589,1,interior
0.9002401898591899,0.23329721921959878,1,interior
0.881152772269949,0.34459288923702136,1,interior
0.8827332311788254,0.170790013317397,1,interior
0.8940594107864025,0.17495353289847437,1,interior
0.8870577225590998,0.16583521074345012,1,interior
0.893439012342703,0.1681645710546107,1,interior
0.42335871979716966,0.34591059612314057,1,interior
0.8728627220981192,0.15725207650633377,1,interior
0.8734274880054744,0.16801092397040168,1,interior
0.9010092280479789,0.3329759831884953,1,interior
0.8979833259645195,0.33925138644160974,1,interior
0.781953090854432,0.05401450840162649,1,interior
0.7855727463482264,0.05644590187734227,1,interior
0.8883625581027814,0.26875676150199823,1,interior
0.4427272728697117,0.0901271653286531,1,interior
0.4514642588292168,0.08711564574629202,1,interior
0.874165065687917,0.16259385827836098,1,interior
0.8610947095412155,0.15814709845909167,1,interior
0.8702993725294755,0.15184504133259114,1,interior
0.8644755507079592,0.15001012202961683,1,interior
0.8474873033769228,0.11332526590137523,1,interior
0.7790675286364032,0.040721279111719105,1,interior
0.40164421608475953,0.13495994725817784,1,interior
0.39515900109027524,0.14129169325040578,1,interior
0.3976408446322212,0.1376049743383243,1,interior
0.8518810631606645,0.13671580334821465,1,interior
0.8481516082428076,0.13098252621529452,1,interior
0.8488214177258623,0.4008245631798529,1,interior
0.8425870065320401,0.3948789122522119,1,interior
0.42473729752741707,0.1605975618438643,1,interior
0.9124827044134532,0.2100757946446982,1,interior
0.917362167147662,0.2072170531345349,1,interior
0.9084180935565083,0.3212117894125461,1,interior
0.906305844198467,0.3250184825050417,1,interior
0.870503445325211,0.3967667648270356,1,interior
0.8792037862668848,0.3903035669157999,1,interior
0.8767396039632848,0.39509381504855606,1,interior
0.4086394326087352,0.2942479191359088,1,interior
0.4446750749337763,0.08412015836724315,1,interior
0.4491155514775684,0.08014411200676624,1,interior
0.4549138206376802,0.08201472199848088,1,interior
0.40374493208566425,0.2515531497220058,1,interior
0.8663249576985421,0.4012805391333595,1,interior
0.8641361369233792,0.3958374035572298,1,interior
0.8715044162197272,0.401522842389663,1,interior
0.43851539897417346,0.08776051565944332,1,interior
0.3870639930749535,0.15142891156043267,1,interior
0.3906684882925362,0.15592391691634166,1,interior
0.37992785881187874,0.15635524028512557,1,interior
0.8803305552356847,0.37024337826648696,1,interior
0.8772851812918435,0.3746472490913219,1,interior
0.854408292885774,0.398087758490541,1,interior
0.378493183312332,0.19720965372776722,1,interior
0.7946025930622871,0.07255430933409505,1,interior
0.799327505642126,0.07590499450670207,1,interior
0.7978804745252353,0.082615664615573,1,interior
0.8603235003736861,0.39896171550138027,1,interior
0.8622858351338245,0.40354263655702577,1,interior
0.4110538624796083,0.12450677836547785,1,interior
0.417055514658941,0.12275080821051143,1,interior
0.7828573848743922,0.04300911161487226,1,interior
0.7771273463712998,0.054176713427833485,1,interior
0.7907382799090423,0.05281406140574485,1,interior
0.7860096108970765,0.0492347252170202,1,interior
0.4119871890415578,0.3485476399211788,1,interior
0.4178900994334853,0.3504067206831188,1,interior
0.4267078803801752,0.11002626418112359,1,interior
0.8785748890384001,0.1584029900687192,1,interior
0.881157113241918,0.1637613674515265,1,interior
0.41991908014477325,0.35686190058652617,1,interior
0.3691789294216335,0.20207527935318711,1,interior
0.37216777928481076,0.21036783704127862,1,interior
0.41723919555200545,0.11626955450620256,1,interior
0.4233361309201543,0.12083224900650172,1,interior
0.38274988984695346,0.2748584885665657,1,interior
0.37806049256042856,0.27835590566485835,1,interior
0.8632100949093763,0.39053176063678285,1,interior
0.43510478898866656,0.08254026562376614,1,interior
0.4333174398770187,0.0881956998333488,1,interior
0.43998657628068694,0.08013478265706421,1,interior
0.7225634294132901,0.058493228516935745,1,interior
0.377033400055977,0.23013600927108857,1,interior
0.37402207789289726,0.22094154862891768,1,interior
0.38275971372418865,0.2286637579291082,1,interior
0.3729413846769723,0.22603368955280226,1,interior
0.37394040498808107,0.1998037187977668,1,interior
0.9007082083793342,0.20668485974686798,1,interior
0.37287818483164137,0.2760594878674288,1,interior
0.3774890881002096,0.27261002407819507,1,interior
0.37851158233543614,0.2840858490483435,1,interior
0.37328545777217037,0.27066186234948264,1,interior
0.3815065264626756,0.26931923595884244,1,interior
0.3832946461133438,0.2804165515353531,1,interior
0.9029401815956083,0.21073734892117346,1,interior
0.8480595134785543,0.40546889109110545,1,interior
0.7658512305474412,0.06519588243974767,1,interior
0.4233551640123977,0.11500543090836916,1,interior
0.42691409946232417,0.12675790485279503,1,interior
0.41264386335309816,0.11974896378670055,1,interior
0.8509878644485737,0.1545900055426623,1,interior
0.4294560873438151,0.122766371612488,1,interior
0.714222556003939,0.05385148676753333,1,interior
0.7181422868907998,0.057899668341969135,1,interior
0.8531339456715988,0.10845757195137164,1,interior
0.8466657571214018,0.10771424846335083,1,interior
0.8505793522272673,0.11811730148499917,1,interior
0.853273370889783,0.11387417059881424,1,interior
0.40453432100348125,0.12577396337360788,1,interior
0.39987510460646924,0.12926628896150252,1,interior
0.8573987153947066,0.16222762109693975,1,interior
0.3859504309895515,0.30798334303496433,1,interior
0.3871495591368547,0.31145225182850317,1,interior
0.42292738168555105,0.1060644903454329,1,interior
0.3918032520817601,0.23284381282703168,1,interior
0.8539506509692928,0.08211777228362588,1,interior
0.8498905794824374,0.0698524268313732,1,interior
0.8554156991849865,0.07600736808017307,1,interior
0.846343472909291,0.07435352434191847,1,interior
0.89934808871716,0.24440156961947512,1,interior
0.894398023149182,0.25301231369288607,1,interior
0.899918149681425,0.24990990832351814,1,interior
0.3921784042241625,0.13546014046305488,1,interior
0.38971213072212535,0.14001116355016813,1,interior
0.39326025374363954,0.12865090137697807,1,interior
0.3966843231438092,0.132955032279673,1,interior
0.8798850338497185,0.38062405284370254,1,interior
0.8718137501191526,0.37225416619265345,1,interior
0.8829785822993746,0.37633845086455125,1,interior
0.8780215563853652,0.1671310142226856,1,interior
0.891246157198963,0.1617087194261674,1,interior
0.8973883534019118,0.16230087055174006,1,interior
0.8850457674443832,0.15895122264993303,1,interior
0.836267237323781,0.09124637748116887,1,interior
0.8234377702184165,0.08299947083089818,1,interior
0.8867512721620493,0.34287331138171884,1,interior
0.8663097815205386,0.36054287162101606,1,interior
0.788842997499451,0.06919374621104582,1,interior
0.7902544055896119,0.06406980572594469,1,interior
0.7898440552806326,0.05880270020743995,1,interior
0.44009181221138705,0.132852481557786,1,interior
0.3689812282729979,0.19621095102655414,1,interior
0.37432622429202184,0.19481041920395523,1,interior
0.8979163652454152,0.2998301119684162,1,interior
0.8817720239503208,0.38570201415638095,1,interior
0.3734886558809343,0.2819589649455441,1,interior
0.3683494408744375,0.27192407544916464,1,interior
0.36814031523158514,0.27888780013673087,1,interior
0.3692016435690832,0.28486773175418884,1,interior
0.8828763577267006,0.35860544146983875,1,interior
0.8785009746837069,0.3549740703981943,1,interior
0.8990031364209324,0.22424383064107697,1,interior
0.9000642120347094,0.18512979047241454,1,interior
0.8996910732379192,0.17786000959596562,1,interior
0.3843105414598492,0.26387017905054033,1,interior
0.3862167804329325,0.2489617445262211,1,interior
0.391065545045013,0.26079286427525505,1,interior
0.38556370650327815,0.2566629684574379,1,interior
0.9080876462586575,0.3344067951710256,1,interior
0.9043869628967384,0.3390376683308158,1,interior
0.8074878986493818,0.08207529416408148,1,interior
0.8003992174416866,0.06876113606565415,1,interior
0.3774309175869938,0.26605771784278287,1,interior
0.3713548279371622,0.2662328961421363,1,interior
0.9065885916082138,0.32939024440379405,1,interior
0.9119942046461318,0.3304614036531352,1,interior
0.9129722083650132,0.3191203043129765,1,interior
0.9121648732140386,0.32509517504977,1,interior
0.8870014011896356,0.35292973387101534,1,interior
0.8594237620766692,0.15183805442004256,1,interior
0.38691288634275933,0.2983725602920218,1,interior
0.38597171621511334,0.28926942166511993,1,interior
0.9039095114759457,0.18955697963018925,1,interior
0.894073154992718,0.265885203746656,1,interior
0.8932152296343684,0.27402944944856494,1,interior
0.8894454904969994,0.2632194650422821,1,interior
0.8553202034342502,0.14648127673928193,1,interior
0.4302693179452279,0.07900786829561521,1,interior
0.4259162281086705,0.08322685434643766,1,interior
0.43530891185629006,0.07635737353653897,1,interior
0.7879086601499511,0.04287460049851405,1,interior
0.7802415406359297,0.0488366810789728,1,interior
0.3581227744808707,0.18513631638611952,1,interior
0.35775823848080923,0.17794248205007748,1,interior
0.8531301291872954,0.08741089542877663,1,interior
0.8591118849019238,0.08511998647821215,1,interior
0.8563964041264646,0.09059568947079984,1,interior
0.8596255722460264,0.07880275925758806,1,interior
0.38095849677096005,0.2991705611279522,1,interior
0.37962515178907863,0.30514147842504935,1,interior
0.39032765748416054,0.3030406672212806,1,interior
0.37749310801110797,0.2942240108016157,1,interior
0.8344298951972359,0.07689343147493942,1,interior
0.8351056309803143,0.07172358247069731,1,interior
0.3711494518851502,0.21610613366543435,1,interior
0.8905407426115155,0.34726621754309855,1,interior
0.38433789672023605,0.14697540315794388,1,interior
0.3904443185805983,0.14566206081732108,1,interior
0.3799140809061332,0.15112647175606697,1,interior
0.8024455920603412,0.0861046344300707,1,interior
0.37346110449652026,0.15151114530803636,1,interior
0.3740707167575894,0.146546653114473,1,interior
0.3753728122803613,0.15604168080811964,1,interior
0.7947864114108922,0.06651502403108411,1,interior
0.39725619317136784,0.12362071961629764,1,interior
0.9035805872652465,0.16560609407283153,1,interior
0.8941896487712846,0.15580457397769137,1,interior
0.8993410649086012,0.168124208433047,1,interior
0.901228485927591,0.15641874212437523,1,interior
0.9022447237664378,0.16103445162844415,1,interior
0.8576049332776723,0.40343523009228366,1,interior
0.8527545698133722,0.40415297148071844,1,interior
0.3875839453419508,0.23743729561392468,1,interior
0.3888790005842093,0.24307278672266747,1,interior
0.8817234902653182,0.2674176402164082,1,interior
0.9037487744448068,0.14971724185112967,1,interior
0.9075553956950212,0.1603027898677822,1,interior
0.8980636525710409,0.15172442080159518,1,interior
0.3792926788898335,0.25880697093457605,1,interior
0.8566901252416782,0.12432264927981555,1,interior
0.8531226123489472,0.12807297394686595,1,interior
0.8553600236140334,0.11890741365202395,1,interior
0.40204355300411476,0.12091962064027391,1,interior
0.39081724903463694,0.12244366127173233,1,interior
0.3983802435874801,0.11805358327977682,1,interior
0.38729481888316936,0.12642270298080263,1,interior
0.9017197484050344,0.3444370615244033,1,interior
0.8932357341454953,0.26117804188141597,1,interior
0.9065897441165699,0.21858231816226917,1,interior
0.9015702559943433,0.21567793355107254,1,interior
0.8605374231961963,0.11991207685479144,1,interior
0.8587421223067792,0.11293417479915942,1,interior
0.8621555790257786,0.12650788952928496,1,interior
0.44437348612564387,0.07655559172683694,1,interior
0.4528684362027007,0.07676466712784182,1,interior
0.9085755366195276,0.19054501722046818,1,interior
0.7953527106458672,0.05639595920613708,1,interior
0.7938267154179917,0.061314327817398276,1,interior
0.7966550545502763,0.05051436354244241,1,interior
0.802784946800779,0.08001392167517035,1,interior
0.3816487855945659,0.12534206269264606,1,interior
0.38473828559035694,0.12108933916129526,1,interior
0.39350792764687054,0.1177701780343338,1,interior
0.4276987642595104,0.09004994937588136,1,interior
0.428069746130557,0.34023747547187627,1,interior
0.4582545584359293,0.07691269020987816,1,interior
0.892914943214854,0.14914719716547573,1,interior
0.889517956701071,0.15701361588502993,1,interior
0.8841503923143401,0.3659171105155396,1,interior
0.41030538414998646,0.11530474036954742,1,interior
0.420308180029543,0.1107446170069988,1,interior
0.39070917018695106,0.2877168396474058,1,interior
0.9059362072079663,0.3104875931125501,1,interior
0.9072786621852006,0.31633804074042815,1,interior
0.4220148257870691,0.09414747964638426,1,interior
0.44906982213283114,0.06846444892467606,1,interior
0.45382336953150654,0.07202931448267937,1,interior
0.41841636936816684,0.1059734436927573,1,interior
0.4210791626360889,0.10054436192517646,1,interior
0.41419208988782913,0.11011867023938793,1,interior
0.8018488614946452,0.048161770254054374,1,interior
0.8056848051834452,0.05097545447237952,1,interior
0.7977970750899814,0.04434031686691233,1,interior
0.792053562870695,0.046606867950811474,1,interior
0.8017279255368499,0.055624990296335476,1,interior
0.44854345240669913,0.07364955122066258,1,interior
0.41226653785187656,0.35526296752535,1,interior
0.8333568372178215,0.39697384559984755,1,interior
0.4196612755557486,0.3636159665495409,1,interior
0.42081216287741063,0.3693428933888759,1,interior
0.415439714326192,0.09700253963940561,1,interior
0.4149176519730236,0.10327038123948486,1,interior
0.8645608378504139,0.11584142483659161,1,interior
0.8639115256334815,0.11023786447372322,1,interior
0.4157204888801669,0.35977366329167326,1,interior
0.37213591108190025,0.16027895968674694,1,interior
0.3745983826000404,0.16490337931955606,1,interior
0.8813467387022534,0.15336538187737767,1,interior
0.8876871984030065,0.15234309491163792,1,interior
0.8873044450179387,0.2905078526493066,1,interior
0.36695124830185366,0.2660294117321794,1,interior
0.3691899911691367,0.2603707604123261,1,interior
0.38127268564854394,0.23532194592817116,1,interior
0.41401952179476403,0.3646892855431309,1,interior
0.8536181552180899,0.1324171834059394,1,interior
0.8957531801746299,0.34582874651579293,1,interior
0.8897703889669927,0.36980273244588563,1,interior
0.8887124521907649,0.36304186780849107,1,interior
0.9123441722129356,0.31311735451050493,1,interior
0.37151628000037523,0.29404416384999754,1,interior
0.37421552554542403,0.2884859335735638,1,interior
0.38363468063019646,0.29413483852487426,1,interior
0.3751513159834267,0.29939757659646526,1,interior
0.9053637759063262,0.17988401980952548,1,interior
0.9049172838741191,0.1724344137567307,1,interior
0.8877293117231595,0.1452285067677311,1,interior
0.8983689317381321,0.1465402017819419,1,interior
0.9029535824361504,0.30406350327055826,1,interior
0.8989643369429514,0.29333351344333053,1,interior
0.9032995874294754,0.29738777729811144,1,interior
0.8579218080751246,0.1299156525257967,1,interior
0.8575710790044244,0.1355326943185665,1,interior
0.3664787426073595,0.19075389812543175,1,interior
0.36507540758698587,0.20012965222478374,1,interior
0.3864120936413549,0.23224683144468122,1,interior
0.37775284780394464,0.2410722857902391,1,interior
0.3747762781914683,0.23605130404176897,1,interior
0.8759102951544948,0.15343556815741827,1,interior
0.3834279807903728,0.24204483699013044,1,interior
0.3752761900230563,0.24605583608484097,1,interior
0.3714621727567638,0.24187974788053032,1,interior
0.3692407138311851,0.23669263555766787,1,interior
0.38013133361267926,0.2470296945017989,1,interior
0.8993355369757446,0.2729277152127323,1,interior
0.8975064287352253,0.2628007343972311,1,interior
0.8961834926826563,0.25795952071699935,1,interior
0.9065339932578956,0.23165370902190704,1,interior
0.906011243159872,0.23684928829491414,1,interior
0.9014011022670326,0.22858856359252902,1,interior
0.8830475302424388,0.14866453971682683,1,interior
0.8453165880453817,0.09764508792071296,1,interior
0.835367753797656,0.1006537196925413,1,interior
0.8937497647104625,0.3530361817639762,1,interior
0.8995697219649238,0.3505467932304629,1,interior
0.9076729582783368,0.1438832535849436,1,interior
0.9099454757979436,0.1496286493650915,1,interior
0.9029862044606736,0.14398436614976504,1,interior
0.9070153103265073,0.15459851714534664,1,interior
0.3759932105513202,0.25207098596807637,1,interior
0.38141460456906223,0.252778794269966,1,interior
0.37096016553338806,0.24834561327603202,1,interior
0.9119690601648839,0.21570289172458115,1,interior
0.9186744227418825,0.21331567177931202,1,interior
0.9071783330167665,0.21300737414541068,1,interior
0.3794911672979899,0.14436688281302737,1,interior
0.3805195013937971,0.1390905959496786,1,interior
0.4033611564546563,0.11520320932466184,1,interior
0.8852534436181368,0.3479926762677124,1,interior
0.8503721031693091,0.09273370208248967,1,interior
0.8592148128391578,0.09924434606050811,1,interior
0.8520637427252349,0.09869245918858204,1,interior
0.8597384948639307,0.09407231691793354,1,interior
0.8623704528429198,0.0898664298218493,1,interior
0.3514120090943014,0.17777934340883184,1,interior
0.354704394837118,0.1735896319803746,1,interior
0.35332113001380944,0.18234197391464207,1,interior
0.3620465736474554,0.17512750303199434,1,interior
0.3601349622784737,0.1712158677890574,1,interior
0.8615767179404903,0.1451394387830021,1,interior
0.8982106729250244,0.17245136530621022,1,interior
0.37048137045995233,0.30204874944900395,1,interior
0.3749469570897033,0.3041682274434251,1,interior
0.9042280588451921,0.35396476231382173,1,interior
0.9092667207509392,0.35058792218075047,1,interior
0.8657960261371235,0.12166264844466457,1,interior
0.8691794694068014,0.11214553862195448,1,interior
0.8702028458347618,0.11807646057093936,1,interior
0.39698821006649565,0.11301723819999025,1,interior
0.4012370794377556,0.10885984516510364,1,interior
0.39093146778116544,0.11200644401054079,1,interior
0.3491486305392549,0.17218818297348193,1,interior
0.3470016452566282,0.18277460244696028,1,interior
0.35490857130527087,0.16877435872817634,1,interior
0.34642571134345174,0.17709664864938773,1,interior
0.9064281317014075,0.2521539866944495,1,interior
0.9049587866006663,0.24715551940266423,1,interior
0.9006182746753947,0.25496666858100053,1,interior
0.3802365196664023,0.28954219061946634,1,interior
0.36853336827950334,0.2899873277528337,1,interior
0.39374961461930863,0.15087894044666142,1,interior
0.3974226082458061,0.14612916327232198,1,interior
0.8058686007529869,0.07455202130087771,1,interior
0.8026030987905124,0.0626012276453293,1,interior
0.8062216986411045,0.06727883357307972,1,interior
0.7984004009187848,0.06170471714887449,1,interior
0.9062880831845015,0.22507680646778971,1,interior
0.9024119158781303,0.22097348242390136,1,interior
0.9193582708785061,0.32164623380769536,1,interior
0.9174750532673603,0.3280221236062373,1,interior
0.9087263824203988,0.344198598785127,1,interior
0.9105073640166925,0.3388039056324204,1,interior
0.4071716713203794,0.12027039577060428,1,interior
0.4097936090359739,0.12912140894643725,1,interior
0.8673156168563612,0.14677817388096087,1,interior
0.8722546537751116,0.1450625547948362,1,interior
0.8770011217851021,0.14803483101938605,1,interior
0.922906471704224,0.20646691875539114,1,interior
0.9247583038383238,0.21197445243081975,1,interior
0.9186771071455301,0.20120026408742567,1,interior
0.8657225786003169,0.08550804873136984,1,interior
0.8636482465084663,0.08110208293339831,1,interior
0.36558084777950334,0.16743587592854328,1,interior
0.9100850367131389,0.16685209138666926,1,interior
0.8073828456232567,0.04562847469375423,1,interior
0.3603980069908342,0.19099057397293592,1,interior
0.9081295922510193,0.2955366176507255,1,interior
0.9091073216388373,0.30541114988483736,1,interior
0.9156563750915093,0.2193577227087183,1,interior
0.8992476213703514,0.35681281140310595,1,interior
0.894096681037689,0.35981284957951815,1,interior
0.8892026764465992,0.3575964004439425,1,interior
0.9129998488266503,0.22461726896171705,1,interior
0.9111497624772626,0.2292669956792424,1,interior
0.9105534238758212,0.22086691505109277,1,interior
0.8103979702981411,0.039665774253653474,1,interior
0.8109181164400918,0.050115223466852286,1,interior
0.8036915799857475,0.04236896094090633,1,interior
0.8125303440257026,0.04492715771690142,1,interior
0.4220257494723923,0.08785745354734843,1,interior
0.4176630702547083,0.09143264867587217,1,interior
0.365450523627285,0.16066718977954259,1,interior
0.9210642684527649,0.2199341129953131,1,interior
0.8646996751679105,0.09509026497757377,1,interior
0.8552543878204135,0.09537967877458568,1,interior
0.8660949429269474,0.10057676405433609,1,interior
0.8604337795636098,0.10566410910322686,1,interior
0.7935839944732831,0.04055654903660851,1,interior
0.7893845540443144,0.03919290873398167,1,interior
0.912499544757145,0.14448326433390657,1,interior
0.9118392951530123,0.13811643721239686,1,interior
0.9042814718749833,0.1382297445229554,1,interior
0.9157641699190812,0.1488138381554205,1,interior
0.406171580783667,0.1061977557889365,1,interior
0.3546367895386781,0.19205009015519944,1,interior
0.35736918398661754,0.19706010453206188,1,interior
0.362907702435242,0.19594465010242365,1,interior
0.3513559663895282,0.18752369261692103,1,interior
0.8111764630558325,0.07113579322405374,1,interior
0.8110808971620806,0.06470522808646517,1,interior
0.8066578502698595,0.060734550980089924,1,interior
0.924143545988335,0.21631718316486864,1,interior
0.9230115794265088,0.22654222126711288,1,interior
0.44613424234649013,0.06489070125566036,1,interior
0.9129491730441174,0.15514572008732813,1,interior
0.8735226316644807,0.1018222890112382,1,interior
0.8710259069195443,0.09576915866960069,1,interior
0.8677184406342207,0.105990441219378,1,interior
0.8127294839253157,0.07823487432182176,1,interior
0.9083033113950408,0.30057521143589633,1,interior
0.36041581518598415,0.20175396709837423,1,interior
0.8389079603910831,0.06619268359666342,1,interior
0.3627665873040999,0.27892154733493585,1,interior
0.40317167389503056,0.10288988643726014,1,interior
0.3980902487837537,0.10401174296079001,1,interior
0.39462101156669577,0.10752767373152439,1,interior
0.8720085176517319,0.34213770131243704,1,interior
0.4204864197303091,0.082142870975093,1,interior
0.914241148367752,0.1616013722867899,1,interior
0.9181725245928345,0.15709959329560758,1,interior
0.9207473527545273,0.1607155092762714,1,interior
0.9187548726487439,0.15244249603559254,1,interior
0.36673718323827503,0.2451392462727168,1,interior
0.9299468784249617,0.21551210789219452,1,interior
0.9288872454080662,0.20933503173728465,1,interior
0.9282258459630728,0.20344824964055555,1,interior
0.8623679465611253,0.1330395774920986,1,interior
0.8940628251592306,0.3656485784535288,1,interior
0.4225022259638162,0.3734957963816779,1,interior
0.3650665906603925,0.24009888411326016,1,interior
0.919757758395164,0.19407187773891668,1,interior
0.914243968876512,0.1893210387134893,1,interior
0.9239877427696072,0.19888491063272898,1,interior
0.8659900426420665,0.1306780689687772,1,interior
0.4107218240571413,0.10653668371679134,1,interior
0.40938361742886986,0.10128925167508003,1,interior
0.868641816209114,0.09038289604524789,1,interior
0.4162589458915969,0.36847131497817937,1,interior
0.38541112172569164,0.13598270282191488,1,interior
0.9130646099181966,0.1721860826897822,1,interior
0.41241391659951443,0.09113144596283064,1,interior
0.4098730674103613,0.09591272099554485,1,interior
0.819363059836039,0.07802645527520263,1,interior
0.817368883913331,0.0838269402297004,1,interior
0.4400704054480115,0.05946342961527136,1,interior
0.8082316416078603,0.055310988742461875,1,interior
0.3745355799413776,0.14032971627678112,1,interior
0.923951619900263,0.1642942997523737,1,interior
0.9270196379820425,0.15933898589653264,1,interior
0.9240728302227869,0.1544939432237448,1,interior
0.9178600964137339,0.1670941429157468,1,interior
0.8928527606400375,0.29150949591506725,1,interior
0.9053327119055258,0.2905997561955552,1,interior
0.9008696110620983,0.2877254167454623,1,interior
0.8962473507623445,0.28834096322114017,1,interior
0.9133495338406004,0.2349826512664098,1,interior
0.9054830562315629,0.24250105490743776,1,interior
0.9107339077666528,0.24061303986463195,1,interior
0.8748946213635508,0.11458708377352252,1,interior
0.8757443858852793,0.12058025502453634,1,interior
0.8735234818920897,0.10841946109575391,1,interior
0.9336687531407833,0.20671596229119568,1,interior
0.9329720913401232,0.20160604774447047,1,interior
0.933947320980376,0.211807928978511,1,interior
0.8710924059558902,0.12389015337756049,1,interior
0.4112335609925802,0.3610438213982155,1,interior
0.41759149881258323,0.0775734461793964,1,interior
0.42441577775608447,0.07670202472822611,1,interior
0.4147179537389218,0.08194254071933785,1,interior
0.4161441182488698,0.0865075321038266,1,interior
0.9074746881871104,0.18555926787699029,1,interior
0.9116178232354324,0.18235242196890902,1,interior
0.40656976434120756,0.13683590710294768,1,interior
0.4075536772067365,0.11088417055440075,1,interior
0.8754670907089839,0.09013063854951854,1,interior
0.8990588449677159,0.36859253901432276,1,interior
0.9049771022073525,0.36007818098030525,1,interior
0.899173887458001,0.36273318367864316,1,interior
0.9100098782238722,0.17669349010052277,1,interior
0.8973305599538901,0.28334128771511563,1,interior
0.9040695772499673,0.28306448592385147,1,interior
0.8913534430984816,0.28552740370103885,1,interior
0.3739166757651229,0.2571619557549344,1,interior
0.9297002447408161,0.19729304598694972,1,interior
0.9381073624383557,0.20349563523731654,1,interior
0.9362612254102943,0.19765615226154024,1,interior
0.8781999197289959,0.10579995720650744,1,interior
0.8814225943731976,0.10172791849622469,1,interior
0.8773230184184956,0.09645864248577385,1,interior
0.43501733155622213,0.07081222125654722,1,interior
0.43017638746181736,0.07301463390256861,1,interior
0.8250913046348749,0.07789480735485589,1,interior
0.9263386182158092,0.1914656616791163,1,interior
0.8687463503776899,0.08043626201250753,1,interior
0.8858047707793217,0.28589826894967973,1,interior
0.8985434591794982,0.2782289206934724,1,interior
0.3688752844681613,0.29776662411434424,1,interior
0.9142359754763957,0.3474812445106523,1,interior
0.9158933840864091,0.3411606417383518,1,interior
0.9393704862522585,0.2100657400149813,1,interior
0.9430939206039849,0.20548143894845264,1,interior
0.943009284138551,0.19930565544390463,1,interior
0.3834358297348135,0.1306095508509719,1,interior
0.8775700352455535,0.08354587440921502,1,interior
0.8717738383166198,0.0853606539494201,1,interior
0.8809874255689865,0.08658201017605588,1,interior
0.8827655816411994,0.0964802712050414,1,interior
0.881612665433233,0.0916470301748426,1,interior
0.3700312563644541,0.2539689757286619,1,interior
0.3654384806432079,0.2501198322746185,1,interior
0.8292795223757701,0.07415852330688853,1,interior
0.8317219924081631,0.06810252404887011,1,interior
0.8227995407289629,0.07284680151525987,1,interior
0.9142464920902837,0.3540282070569277,1,interior
0.908784352883561,0.3558703885363771,1,interior
0.9046946580166386,0.34860382797391976,1,interior
0.7992023092478902,0.0391974081927363,1,interior
0.443882702167249,0.06939125174054891,1,interior
0.4094637832680715,0.08556186708144778,1,interior
0.8604456157974981,0.07260431540764523,1,interior
0.865436121067803,0.07537201170767491,1,interior
0.36014186124081515,0.16503515528321752,1,interior
0.36967693409931496,0.16474928598825628,1,interior
0.35184067293036253,0.1984601479987983,1,interior
0.36449160499294964,0.20537054266044186,1,interior
0.3596283920007117,0.20840357775652094,1,interior
0.3545097277143831,0.20829596850290466,1,interior
0.4398405082790106,0.07312764128773142,1,interior
0.9164053011548008,0.2418271048592419,1,interior
0.9194117671554538,0.23210764334748007,1,interior
0.9165769613718088,0.2288085563163359,1,interior
0.9201466488619934,0.2371961095371372,1,interior
0.3684288514318135,0.14382278679160992,1,interior
0.37286946130360266,0.1355517226255824,1,interior
0.3681926022621585,0.1383319955184773,1,interior
0.37853457118221945,0.13447951076294226,1,interior
0.9142441680458143,0.3024832043808427,1,interior
0.924526394342534,0.1693459243935478,1,interior
0.3708437514734347,0.2315630492581957,1,interior
0.8840785642185874,0.13999772925117995,1,interior
0.8868617925833854,0.13547711177385138,1,interior
0.893989239732672,0.14295533890611978,1,interior
0.8160068693216048,0.04151746687253063,1,interior
0.8044882341155498,0.038059741284980575,1,interior
0.8194838434879409,0.03870893811319948,1,interior
0.9119011878166456,0.2469723213502276,1,interior
0.9123681417979342,0.25379650453450137,1,interior
0.4381189267122605,0.06682792812227989,1,interior
0.81539582828218,0.06728111609381385,1,interior
0.9101003575062809,0.28592126712408733,1,interior
0.9117233118183217,0.29181812412979996,1,interior
0.924364367889485,0.32609079635913624,1,interior
0.9226254548011957,0.31556978457169876,1,interior
0.9172386106183635,0.3161440195274179,1,interior
0.9274025107775427,0.3195047531658795,1,interior
0.8950363554924647,0.370962360367808,1,interior
0.35463854504628767,0.16319627016510194,1,interior
0.3531599403167003,0.1574668875424108,1,interior
0.3592456647496975,0.15889737348915828,1,interior
0.917191131390153,0.25705013730710385,1,interior
0.9168762718125217,0.2513318771538951,1,interior
0.9125779782971423,0.2600085113931045,1,interior
0.404418718281863,0.08173474928954441,1,interior
0.41067930426427773,0.07832836174794731,1,interior
0.4065527554292241,0.09174117757566531,1,interior
0.4313997658054756,0.0664346053031533,1,interior
0.4255024182253533,0.07000088734697828,1,interior
0.3885322493879453,0.13149869755181323,1,interior
0.37857159092709136,0.12930069569427105,1,interior
0.8737383856088234,0.08033484226820528,1,interior
0.9210995011711072,0.33154415044332924,1,interior
0.9265907108337705,0.33222177406782455,1,interior
0.9304074791354321,0.3236636320802001,1,interior
0.36058692373504053,0.24504057858559877,1,interior
0.8262764851795099,0.06894755202525812,1,interior
0.8208541332226555,0.06668218788666926,1,interior
0.8270967605392018,0.06333684110447471,1,interior
0.8941246186348941,0.2963336103369195,1,interior
0.8812536361410439,0.11728970425602304,1,interior
0.8806902671823632,0.12358014820346747,1,interior
0.8756233334929654,0.12695847546440386,1,interior
0.3491117360945289,0.20508247387443976,1,interior
0.35020152552339495,0.2150325014566136,1,interior
0.35537486112536254,0.21419477403748946,1,interior
0.36868803052982174,0.22184870630689071,1,interior
0.36708763068442557,0.22748413225703987,1,interior
0.8923193543457355,0.27947349554031836,1,interior
0.8545091096430475,0.15173254711683865,1,interior
0.8837620409930934,0.1075505769170451,1,interior
0.8868271991259297,0.09889123999559113,1,interior
0.887708734009992,0.1044663097217682,1,interior
0.3620578239117601,0.1470943992950997,1,interior
0.4047845022446186,0.09754828864660076,1,interior
0.9368048155063669,0.21611060743521296,1,interior
0.9330469200163519,0.22056772788243525,1,interior
0.926747970087144,0.22087223693428645,1,interior
0.8680294875029446,0.13562634317324643,1,interior
0.8708706393050333,0.1299484284957678,1,interior
0.8749608572863589,0.13394679679433644,1,interior
0.34240011044139873,0.17352694691517648,1,interior
0.3405350196326192,0.1681555662315065,1,interior
0.3455365650327605,0.16770617607346192,1,interior
0.917223863087988,0.26317313883727494,1,interior
0.9068403472895243,0.2624382152230892,1,interior
0.9218956946941391,0.259968971546842,1,interior
0.9049096551737442,0.2574047367589738,1,interior
0.9118599442108671,0.26587621169096437,1,interior
0.9163442762430497,0.2693004981277653,1,interior
0.9089315738036315,0.25716885274019713,1,interior
0.9172417369563114,0.1430589094876951,1,interior
0.4024994161392381,0.08791438490802034,1,interior
0.41489709059949487,0.3044512501255782,1,interior
0.8167502116631236,0.04879010376674379,1,interior
0.8141071241182244,0.05491333974060975,1,interior
0.811448162002842,0.05939812164642444,1,interior
0.8192839094036878,0.05541570703861534,1,interior
0.9036817283836074,0.3714429228177442,1,interior
0.8993657501044412,0.3752293566144333,1,interior
0.9038130724673062,0.36578589572154,1,interior
0.897014056253848,0.13674348758138774,1,interior
0.8992372162203551,0.14121827480910262,1,interior
0.9220514226857298,0.2539664942385134,1,interior
0.9205301763691532,0.2473699188287218,1,interior
0.3659124295745417,0.21151108383693165,1,interior
0.36893810737091753,0.20698033659468837,1,interior
0.9121896885941928,0.1310693155607215,1,interior
0.9075461906160396,0.1336444857891146,1,interior
0.9178765956409377,0.13815716114898735,1,interior
0.9350586022618846,0.3196390580848508,1,interior
0.9277206724583197,0.3137731920844673,1,interior
0.9326965607043202,0.3146681914667006,1,interior
0.3992355531997649,0.09915098696269813,1,interior
0.34268058509801896,0.16251930953005228,1,interior
0.3488505543924902,0.1623182019678072,1,interior
0.3359247806225036,0.16573881544243935,1,interior
0.8781731459943797,0.07757106307158194,1,interior
0.8839774805476914,0.08070983287170826,1,interior
0.41557092541948,0.06871792658912805,1,interior
0.41988519493853343,0.07260392551737165,1,interior
0.8720814782928048,0.13937367443955148,1,interior
0.8671349176212931,0.1417846071949441,1,interior
0.35622676562748296,0.14735247646629449,1,interior
0.35760574096507414,0.14082726671029186,1,interior
0.3635164609016759,0.15397396710542785,1,interior
0.36335879821298456,0.14093639095280258,1,interior
0.35753453677096075,0.1527581898870427,1,interior
0.9200521484802325,0.17368761459532067,1,interior
0.9158763489489415,0.17800441653235924,1,interior
0.9023680417509742,0.3814990891029211,1,interior
0.8971413760164078,0.3816208027433378,1,interior
0.8918838756201662,0.38070095139152255,1,interior
0.3592795079835791,0.2642408249081784,1,interior
0.36378304642400255,0.26223881318506015,1,interior
0.3627100251798895,0.2691676660631267,1,interior
0.9095288719481714,0.36448694758453715,1,interior
0.9077570622022343,0.368809846468519,1,interior
0.9091627538773869,0.3733117831019241,1,interior
0.9130306591104468,0.36926886681488896,1,interior
0.9114868356583042,0.3598447849252086,1,interior
0.8791456377395567,0.11116668771242345,1,interior
0.8799705291385699,0.12958942822952335,1,interior
0.8774229053320431,0.14072129772389483,1,interior
0.8808861701301977,0.13535005513271275,1,interior
0.9045494268887467,0.2765697236094544,1,interior
0.8170171145561672,0.07250519057470813,1,interior
0.8163444628742488,0.06131355265520832,1,interior
0.8843773592787398,0.11270228351359898,1,interior
0.9193426333244207,0.37041570382058114,1,interior
0.9147321968849281,0.374653598880555,1,interior
0.3643974976726949,0.2747465283280881,1,interior
0.3595433012282661,0.2749616127684985,1,interior
0.9223377648092728,0.14746255797538724,1,interior
0.9228010171136862,0.14103960957642261,1,interior
0.4007984639366973,0.09361762078266127,1,interior
0.3365609858946321,0.17204190359080482,1,interior
0.33781426573870654,0.16027181395480064,1,interior
0.8216115985013628,0.08823137473198235,1,interior
0.8879454576487612,0.11641928170481776,1,interior
0.8863612143694374,0.12153804358281488,1,interior
0.442022589168719,0.06312129400307055,1,interior
0.8209798725227567,0.044294345505314824,1,interior
0.8254021562936174,0.056636043705308614,1,interior
0.8267889629880034,0.051332780968369796,1,interior
0.8217410425016946,0.06079855307274893,1,interior
0.8313563422408672,0.05859637765205843,1,interior
0.8332630693363455,0.0634541364224395,1,interior
0.37849805505338874,0.12064912539243977,1,interior
0.3758120759813668,0.12511543153125895,1,interior
0.8302528460796339,0.05403387792677109,1,interior
0.8555394778451009,0.06920604990267634,1,interior
0.8446097531208814,0.39901142048990657,1,interior
0.8671893317489676,0.12649294168906605,1,interior
0.9225512520058147,0.2664455220823262,1,interior
0.37368202530145167,0.2050772454259541,1,interior
0.3299591412033982,0.1652109730690188,1,interior
0.32926081175784927,0.15557319547571533,1,interior
0.3416526509456501,0.15649716849558903,1,interior
0.9431622322777442,0.2155013242298274,1,interior
0.9398571778233803,0.2214779602163451,1,interior
0.8449257232885791,0.06844547514031254,1,interior
0.8459441305388523,0.0626719106518143,1,interior
0.8419601910735631,0.06016737079962155,1,interior
0.9076549851462818,0.38128491513450224,1,interior
0.9014223075326961,0.38867976703675156,1,interior
0.9064758499031853,0.3855476831933064,1,interior
0.9280066631000553,0.14964136896783303,1,interior
0.4030225634292296,0.14722759748528907,1,interior
0.9222697704397559,0.24217245429653297,1,interior
0.926356893881714,0.23846540017184295,1,interior
0.9187317979964055,0.310997925865318,1,interior
0.35367317412596344,0.2760295414703217,1,interior
0.9163929020655426,0.3587753544266229,1,interior
0.36070497423740466,0.21429475535717626,1,interior
0.36460432755196476,0.2177286459537409,1,interior
0.3592036720484111,0.2380528957320236,1,interior
0.36440138649009224,0.2335472482461185,1,interior
0.39556749342854813,0.09038831730654565,1,interior
0.3981969664112979,0.08402589076839619,1,interior
0.36936344012283645,0.15538652235383366,1,interior
0.9296196363866729,0.22529093909469347,1,interior
0.9244321821455186,0.2330672831203635,1,interior
0.9279307218079682,0.22970642980244754,1,interior
0.3430153263719791,0.20769367836439043,1,interior
0.3466335339845181,0.2112300775839598,1,interior
0.3463489400921153,0.19878806591189133,1,interior
0.35537216243120806,0.2031778073948202,1,interior
0.905238237835558,0.376716462378378,1,interior
0.9353226644409212,0.3264799553069387,1,interior
0.9298999855349249,0.3282838232251146,1,interior
0.35133015634671244,0.13930087106712666,1,interior
0.3522647231901309,0.14467000867465932,1,interior
0.36234292442915284,0.13453042554891922,1,interior
0.3556709294035518,0.13330084503297387,1,interior
0.9098218586408522,0.27931454389454635,1,interior
0.3577351960385367,0.21983677174725932,1,interior
0.36289966655410916,0.22322167885935795,1,interior
0.3455872088570948,0.2166238383763176,1,interior
0.3506815474841205,0.2200127899315126,1,interior
0.34477930755578645,0.22147665880302886,1,interior
0.9018897163745677,0.1323219415211105,1,interior
0.9166560171141643,0.13338863272518373,1,interior
0.9068820469075396,0.1286579860481324,1,interior
0.9326823232153826,0.23956645969628662,1,interior
0.9276642991341744,0.2444856611580287,1,interior
0.9304891839007575,0.23440258259261718,1,interior
0.9178601261645153,0.2935753996254778,1,interior
0.9146317786194421,0.3075665490260057,1,interior
0.9103688081803714,0.30931754411042184,1,interior
0.9189617959460442,0.29905046301593513,1,interior
0.9132364269152227,0.29729273500687287,1,interior
0.9205212907691692,0.3049562825840848,1,interior
0.8252431056393598,0.03947805460783378,1,interior
0.8221771115958916,0.03667126469617708,1,interior
0.9151818954514944,0.27567184892644797,1,interior
0.9101600333661791,0.2724255687765203,1,interior
0.914896667923057,0.2821246751119924,1,interior
0.8815621826783664,0.14423379892026195,1,interior
0.8844030685811223,0.1316036669198089,1,interior
0.8904387096481855,0.13946869650473567,1,interior
0.9241721466169786,0.2765205454460941,1,interior
0.9444079544864322,0.22544987380637363,1,interior
0.9390784567698421,0.22823826591599705,1,interior
0.9350895887320698,0.22505032720631526,1,interior
0.9466617249000392,0.21982993327673914,1,interior
0.9502297957102964,0.21498905616807687,1,interior
0.9458800811809608,0.21029408411685538,1,interior
0.9120977752465925,0.12588802623921544,1,interior
0.9012592642289708,0.12706703903856023,1,interior
0.903456606596756,0.12069426343953046,1,interior
0.8353747401982438,0.05321915600496482,1,interior
0.8260915859097974,0.046026390417076575,1,interior
0.8310381638989331,0.04884102477857232,1,interior
0.851144073343967,0.06493925324043287,1,interior
0.8517062473183813,0.0737976163806932,1,interior
0.9153694149962991,0.3346507427192131,1,interior
0.3714690331378678,0.12022920811892004,1,interior
0.38158455937515945,0.11580820788270792,1,interior
0.3757828443207866,0.11601826847517145,1,interior
0.9560517325616118,0.21647143635985655,1,interior
0.9494439284376285,0.22867044243717238,1,interior
0.9494090207742854,0.22368484223071797,1,interior
0.34723485590630127,0.15688606188015614,1,interior
0.3509533291863435,0.15091513139866114,1,interior
0.33969394765056204,0.1517954240058451,1,interior
0.3448796129769592,0.15115343238235301,1,interior
0.8622951082285408,0.1388531964470117,1,interior
0.873893754554946,0.3267505384973408,1,interior
0.3571576473898639,0.27021373873092247,1,interior
0.9314435049076938,0.24869824011103553,1,interior
0.9345228877029945,0.2448167278975729,1,interior
0.9265487696271141,0.25089576817202647,1,interior
0.854825356867314,0.10316132627487526,1,interior
0.4361185264753612,0.06073284508699491,1,interior
0.8469333038596978,0.05666117790901859,1,interior
0.8521189576162782,0.058890473707064635,1,interior
0.8864608858983954,0.08707232790836479,1,interior
0.9275215038067762,0.25778716137951363,1,interior
0.3258054534435572,0.1609369316559581,1,interior
0.3323693116315773,0.1604813677100468,1,interior
0.32517479240833386,0.15089039362132878,1,interior
0.3240274824343616,0.15545695382982744,1,interior
0.857960636916804,0.05513914020292843,1,interior
0.8576845012510411,0.062073178576993904,1,interior
0.3489657667301765,0.19325126392214778,1,interior
0.4055378324530737,0.07574173114864698,1,interior
0.4097751433996426,0.07108789422191926,1,interior
0.9487410545818321,0.20464871650124278,1,interior
0.9460345051386917,0.19269142815469145,1,interior
0.9489726631345438,0.19864628164689094,1,interior
0.9287430674039001,0.14352951754085289,1,interior
0.9272326980354874,0.13717414548810783,1,interior
0.9220692691372938,0.1353457656745887,1,interior
0.9326748482713515,0.3323447391554042,1,interior
0.9272733806999317,0.3412377809040241,1,interior
0.9294886186184236,0.33701300281136587,1,interior
0.9218289687477087,0.3415852275858252,1,interior
0.9251590178743072,0.3453244273242494,1,interior
0.930440315460359,0.346980852972344,1,interior
0.9330548322191157,0.3423127308489691,1,interior
0.9222882069141652,0.33686974499527766,1,interior
0.8991814108125755,0.39468541040841215,1,interior
0.892699928920842,0.3865321228133428,1,interior
0.90907981427104,0.38986955016142294,1,interior
0.8954216227578046,0.3912455141156584,1,interior
0.9317277760835083,0.15429745254886745,1,interior
0.9245842112600039,0.3095396624958242,1,interior
0.4303663107488145,0.0845288219109611,1,interior
0.407646743741635,0.06605471849695939,1,interior
0.4181942418609803,0.06347607150774323,1,interior
0.41240156461193384,0.06440685291437918,1,interior
0.8894227459708918,0.13058360589176043,1,interior
0.8852526129669425,0.12688716085480878,1,interior
0.8909240221559244,0.12557605154534826,1,interior
0.8922013434109625,0.13455443547642879,1,interior
0.8813792455173438,0.3983502135427686,1,interior
0.8831015358419885,0.3939168665131536,1,interior
0.8851945012356728,0.3716801888837167,1,interior
0.3850441180521869,0.14195335711932575,1,interior
0.9008306114417304,0.2667542848801672,1,interior
0.9043825327591317,0.271457905499289,1,interior
0.8950478372336985,0.2696778162512429,1,interior
0.856378811639857,0.14098171670074153,1,interior
0.9110599711515784,0.37846690111234754,1,interior
0.8884909825429688,0.3761781679219691,1,interior
0.9338008080529381,0.14822588781509688,1,interior
0.9333831142873116,0.2298810981098246,1,interior
0.34384548272223825,0.1939796656014419,1,interior
0.3398861597532453,0.19810960439610575,1,interior
0.3885195924035088,0.10604348848803496,1,interior
0.39300789576722234,0.10118201162926467,1,interior
0.9260112179140104,0.13122615927204034,1,interior
0.9208796088986866,0.13106089411658645,1,interior
0.8857262198068964,0.3887780578303242,1,interior
0.8894264474393975,0.3923047931530284,1,interior
0.8872191752940356,0.39716167802820884,1,interior
0.3601001650347419,0.25174437739454314,1,interior
0.3544744739949568,0.2483383231548447,1,interior
0.35390717151791956,0.2419310018841834,1,interior
0.8864827377169199,0.38239511769638596,1,interior
0.3326817246180387,0.17610479788968283,1,interior
0.3307744333541737,0.17068968684779912,1,interior
0.33742534107668826,0.17819023963681727,1,interior
0.9189381723061573,0.3506957698756491,1,interior
0.9210351061706324,0.35545157842041286,1,interior
0.4264727771785641,0.05729510366361986,1,interior
0.4319735522109663,0.05732120706966727,1,interior
0.8606133511799495,0.06682255218171938,1,interior
0.8354437161285467,0.04637889489752591,1,interior
0.83083503764695,0.04284654343269312,1,interior
0.9393246692591508,0.2410405197500797,1,interior
0.9369125023304166,0.25081089802129564,1,interior
0.33955660336416205,0.18444425261213265,1,interior
0.3422816133424049,0.17950580901713953,1,interior
0.33215536797247625,0.18228821873507123,1,interior
0.8628051936205544,0.05785643933430148,1,interior
0.8586873826913853,0.04896941580272652,1,interior
0.8524841926813271,0.05206767365453356,1,interior
0.8645594811185139,0.0525383736780523,1,interior
0.9381045723678656,0.3322127697946165,1,interior
0.9170881600497767,0.18367444294171403,1,interior
0.9320185903301693,0.1741788479779481,1,interior
0.9353315974028834,0.16975073493323992,1,interior
0.9299972655293175,0.16505052582506832,1,interior
0.9296101886728618,0.17043631216105015,1,interior
0.35474861585795797,0.2656866993970395,1,interior
0.32093241770159203,0.14685117105818754,1,interior
0.330791122888705,0.15004647786762312,1,interior
0.3263110808592008,0.14553174743358951,1,interior
0.9387358183354767,0.1519264397722944,1,interior
0.935192241268673,0.14300867215114035,1,interior
0.8963837947304057,0.12409184058238006,1,interior
0.8986192233227053,0.11889069135883872,1,interior
0.3246618199028436,0.16744349631610658,1,interior
0.3263797263872025,0.17212331366763767,1,interior
0.32752484153120964,0.17690136941602821,1,interior
0.9325454349694436,0.13812978628462805,1,interior
0.9405254339826327,0.14162969540381443,1,interior
0.9402109370836351,0.14634036136893583,1,interior
0.9369661480470132,0.13846971088314713,1,interior
0.9240069424441556,0.3747902904453509,1,interior
0.9194389489288559,0.3762415382311794,1,interior
0.3683656514565309,0.13350563955618638,1,interior
0.373159584486315,0.13045949936771506,1,interior
0.3665571622661142,0.12925854522640495,1,interior
0.3707632927485733,0.12585248681651923,1,interior
0.40314159680671274,0.07009981303893255,1,interior
0.3997534369135677,0.07683887561975969,1,interior
0.42112987495729237,0.05946237596805236,1,interior
0.420829022914458,0.05499088316960221,1,interior
0.8895043713953001,0.11063958463967306,1,interior
0.36063705761006176,0.12657646577876316,1,interior
0.9306639076985879,0.3090126095120285,1,interior
0.9357712681846337,0.3096782044681035,1,interior
0.41438911959587726,0.07378656433734833,1,interior
0.3512508159899752,0.21066803077032054,1,interior
0.34667461941525873,0.14473283483109278,1,interior
0.35519590366394066,0.2603870780233178,1,interior
0.4249180238969978,0.06368456694335142,1,interior
0.41495379881839595,0.058221496261066034,1,interior
0.3176769883401517,0.17288858294603243,1,interior
0.3220644138212509,0.17864041945290848,1,interior
0.3450545303257601,0.18848558260326057,1,interior
0.9421098924416581,0.16149182008286275,1,interior
0.9452735360412274,0.1491529168137779,1,interior
0.9376809670971057,0.15754828562155224,1,interior
0.9435961255924713,0.15542664999483705,1,interior
0.3516791252382517,0.2701236419734365,1,interior
0.3598192367373782,0.2579778723296697,1,interior
0.9317816539992743,0.2540081546885827,1,interior
0.8367884551360211,0.039520557673522604,1,interior
0.3638048575759346,0.11847945610973626,1,interior
0.3705407245336122,0.11360943950177001,1,interior
0.9126511950905556,0.3846017577846762,1,interior
0.3725096794767574,0.10779335481222171,1,interior
0.3776103297380483,0.11029015879239765,1,interior
0.36788153635360976,0.10822692251357284,1,interior
0.36495150943725596,0.11188365764500001,1,interior
0.9331983933949508,0.19261002145049214,1,interior
0.9369034669857477,0.18820795620193334,1,interior
0.9399566062948813,0.1927713689710335,1,interior
0.8907825825448218,0.10114974844450804,1,interior
0.9387057587436832,0.31377795869104275,1,interior
0.935176679978204,0.3038411319174815,1,interior
0.9412270320235776,0.30783955245396594,1,interior
0.3846268496321538,0.11093655834539573,1,interior
0.920266647352916,0.36081815884574064,1,interior
0.9160010971136054,0.36442588178850815,1,interior
0.8925035986391259,0.10627145666636391,1,interior
0.9376419254596046,0.2347763105797966,1,interior
0.40389499469034035,0.06424320623906585,1,interior
0.40820290345439464,0.059922743229754785,1,interior
0.9310864677803149,0.13335902201016592,1,interior
0.8689315293907264,0.0708228968913436,1,interior
0.3526888589409557,0.22421225211926918,1,interior
0.925284785935836,0.3504449252345124,1,interior
0.9200192520520362,0.3460935359172648,1,interior
0.9250785762168848,0.3600202108378124,1,interior
0.927246924013922,0.3555824940166093,1,interior
0.8956984745132337,0.1300304484227949,1,interior
0.9226779900296828,0.12772201309728787,1,interior
0.9439104792441126,0.2316101120322125,1,interior
0.9445310159129731,0.23775370138533714,1,interior
0.3502915836483766,0.2637011679770967,1,interior
0.3550066948082171,0.2544036823592603,1,interior
0.9363715827243232,0.16351881733367743,1,interior
0.9402818390717913,0.3275254560818232,1,interior
0.9403437525666932,0.3225962359166911,1,interior
0.7480820633735554,0.056066339556977596,1,interior
0.3480028251867635,0.24608509572353515,1,interior
0.3488370233328729,0.25269514377822977,1,interior
0.3471035845083062,0.2745471517273091,1,interior
0.348039620476666,0.27904233734834816,1,interior
0.38197570595997127,0.10492824786582883,1,interior
0.3861803411236222,0.09992236629234924,1,interior
0.3620510370974208,0.22842835611059167,1,interior
0.3574816197220762,0.2260292718316491,1,interior
0.3648173059141994,0.256036317320206,1,interior
0.8873712054990878,0.09303971330766056,1,interior
0.8720995959462587,0.07524930839441522,1,interior
0.3877365453251314,0.11668691029548865,1,interior
0.9240850498248129,0.29548442442949746,1,interior
0.9242575489669989,0.30057547777477456,1,interior
0.43021767169015224,0.06137994769876002,1,interior
0.8651316306765618,0.06877756653368505,1,interior
0.42083058577155663,0.06760896107782591,1,interior
0.33598441801503204,0.1426060446869571,1,interior
0.33561312281782335,0.14852210902126814,1,interior
0.33535032760070094,0.1549458537132002,1,interior
0.3314404789674132,0.1440962313264428,1,interior
0.4098717562383211,0.05367010368230104,1,interior
0.4155130672615179,0.05259980868826589,1,interior
0.9229635555345127,0.28950528847463425,1,interior
0.9197329917195045,0.28451968329384325,1,interior
0.8310408151544116,0.037523782960447685,1,interior
0.8402076376820391,0.049684422594472276,1,interior
0.9222332042678626,0.36513996423282125,1,interior
0.9273138011808986,0.3643018809516228,1,interior
0.35803425688398377,0.23189583975664896,1,interior
0.34651305387678377,0.22648801838874938,1,interior
0.3521185670519107,0.22969016510619358,1,interior
0.949881723789528,0.2337706380016855,1,interior
0.918114447046787,0.22386910495711115,1,interior
0.9428273782693217,0.18557216097438659,1,interior
0.9521540466643043,0.18937520085123447,1,interior
0.9516932363250372,0.19409618676725546,1,interior
0.9474312141903851,0.18775152872391757,1,interior
0.35052797543385744,0.16694897117863866,1,interior
0.8825232207914997,0.3395797360454768,1,interior
0.37952717452979917,0.09846031441053016,1,interior
0.38386977610860834,0.09323302703591321,1,interior
0.9460354370959025,0.3201988073151985,1,interior
0.9411465467252068,0.3176670872760433,1,interior
0.935844425296242,0.3652456153821447,1,interior
0.9308735614866245,0.36718614640168457,1,interior
0.9312398089358365,0.3604722278930888,1,interior
0.9461464125637417,0.3353494977718643,1,interior
0.9414698830319359,0.3377928137750265,1,interior
0.9355621563570727,0.3373092180051675,1,interior
0.9433055878744794,0.3314961336550865,1,interior
0.32834460483203803,0.18819005067043362,1,interior
0.3344398747676103,0.18845786634324635,1,interior
0.325509301496777,0.1830925201099037,1,interior
0.9218839184690671,0.18030650010904772,1,interior
0.926509188336251,0.17585913704927614,1,interior
0.39407926477464045,0.07356876478501043,1,interior
0.3942179955098278,0.07988497084544194,1,interior
0.9370703568360254,0.3482459752683128,1,interior
0.9325059924929162,0.35346371007209804,1,interior
0.9382269082628252,0.34233105664796626,1,interior
0.8495219357840311,0.04774622564783063,1,interior
0.8459526004366215,0.05149317932312691,1,interior
0.8540422642762916,0.04492770800405001,1,interior
0.397964624814937,0.07050358591544781,1,interior
0.9453042765242419,0.31333698841407714,1,interior
0.9479142553945886,0.3072442410307813,1,interior
0.9433257402425116,0.3013400453902362,1,interior
0.952131783927721,0.31241039782299007,1,interior
0.9519084556342504,0.32171075084624895,1,interior
0.9554242891658414,0.3177291530034623,1,interior
0.9489628741739666,0.3250972020206672,1,interior
0.9499985962573827,0.3168402722757413,1,interior
0.8702827641181629,0.06505754468626183,1,interior
0.8645014607568798,0.06282831992717279,1,interior
0.9571080052032898,0.3234668240643948,1,interior
0.957692221262523,0.3285504643387433,1,interior
0.949045576402015,0.3307895460828978,1,interior
0.9448042158417169,0.3260379670593567,1,interior
0.8935172079649485,0.11537694443819586,1,interior
0.3531322463758899,0.23523288300196651,1,interior
0.3491508891090175,0.23798544547593642,1,interior
0.34588842023342353,0.23355672600881552,1,interior
0.9514775919782512,0.1592149015929492,1,interior
0.951736916277207,0.16515326716705472,1,interior
0.946358538505503,0.16614121015161307,1,interior
0.36617775424940924,0.12369145299873652,1,interior
0.34582053469450863,0.138812963036015,1,interior
0.3485534269899671,0.13425870228651293,1,interior
0.39187979293440883,0.08566300352274515,1,interior
0.3892297813758245,0.08165953292482159,1,interior
0.3896535161946666,0.07628163762804223,1,interior
0.9511055391379462,0.23984545765406798,1,interior
0.9561071246367474,0.22998555410902974,1,interior
0.9552101462214537,0.2352349703108989,1,interior
0.9276387574336881,0.18349927043164643,1,interior
0.9362711326119046,0.17646147003862708,1,interior
0.9314504957512941,0.17903408046784253,1,interior
0.8431025494183606,0.041381109346992594,1,interior
0.8420371677273654,0.03681929551508514,1,interior
0.9153177323372074,0.3898612586671681,1,interior
0.3272072474346824,0.14059625171419862,1,interior
0.32181047284818015,0.14063900086838005,1,interior
0.3313416730506557,0.13762539703170518,1,interior
0.8953891422071576,0.11061734108078611,1,interior
0.35082442804163216,0.12947429801749796,1,interior
0.9533456142190623,0.20210546528556256,1,interior
0.953349932085567,0.22054485163440377,1,interior
0.951417684227644,0.20961380152920764,1,interior
0.9563196110978516,0.2122555347583044,1,interior
0.314132170164373,0.1827865526325953,1,interior
0.920698815702225,0.27273904200559523,1,interior
0.34682522305761604,0.26892628583303363,1,interior
0.3434871143252461,0.20274700969820275,1,interior
0.3380333660848061,0.20959502883347186,1,interior
0.3413002218948222,0.21311821530340183,1,interior
0.318672326231618,0.15265481709548054,1,interior
0.3148992138470561,0.14778175758469372,1,interior
0.3172852153561374,0.14290584364057363,1,interior
0.9014607973216814,0.2606479867654537,1,interior
0.9427832828259831,0.3452935863334785,1,interior
0.950907665299581,0.3369984304532885,1,interior
0.9465136950724887,0.3405794794467609,1,interior
0.906481940142319,0.12410457910097487,1,interior
0.9386307790414191,0.3543692905421455,1,interior
0.9370306508024716,0.35937083368774775,1,interior
0.34018964235488625,0.21834478180681782,1,interior
0.9561277149270057,0.2063639032049208,1,interior
0.9281206348160199,0.2872867853692938,1,interior
0.9245668759204103,0.2824187395432572,1,interior
0.9300688417447807,0.293225287301106,1,interior
0.8222636674812344,0.050612983701343935,1,interior
0.3805892363604741,0.08887188936163018,1,interior
0.38466087442026764,0.08547721047603414,1,interior
0.3890839075798681,0.09018808818303232,1,interior
0.37650423742808364,0.09216500360395692,1,interior
0.39039140890780205,0.0953008654667103,1,interior
0.9455255232064227,0.24469582000033396,1,interior
0.9508415149117392,0.24565425669056876,1,interior
0.3956944387688541,0.09588065538134014,1,interior
0.3986418573524788,0.06437180163616306,1,interior
0.39314390826743645,0.06699073707263668,1,interior
0.38886919334228703,0.07020913989602674,1,interior
0.9553222262611695,0.3334933272829142,1,interior
0.9561215696142648,0.33981603200201627,1,interior
0.951685277621323,0.34296949683730676,1,interior
0.9478866268579542,0.34554471445820606,1,interior
0.3186780344085815,0.16834418089414793,1,interior
0.3196333104198815,0.16301036845272068,1,interior
0.9611010814540704,0.23346857165383947,1,interior
0.9553004012890198,0.24335187886184023,1,interior
0.9583894064871281,0.23909323425721032,1,interior
0.3407771832873871,0.14656172033874806,1,interior
0.8932618398911952,0.39604124864641194,1,interior
0.9314149430231999,0.18747327965618088,1,interior
0.9214006972830857,0.18725680527733599,1,interior
0.9354420430781621,0.18288403703895545,1,interior
0.8691530993545964,0.05845848415119336,1,interior
0.875347932455886,0.05721797063456089,1,interior
0.8730152171797829,0.06985346833888983,1,interior
0.8761972350561994,0.06665893103383319,1,interior
0.33995010583540647,0.2242964838490773,1,interior
0.33993903117017793,0.22996481384598547,1,interior
0.328763954652923,0.13187728789679315,1,interior
0.3205068427119537,0.13498427824296816,1,interior
0.9363634041457818,0.2563167024551917,1,interior
0.9400387979013587,0.24649548427874274,1,interior
0.9433922678120431,0.2511739200351117,1,interior
0.8596425698552405,0.04317465140035478,1,interior
0.8515736834176675,0.0390669093283564,1,interior
0.3831666376171717,0.2854402367632713,1,interior
0.9412494621656519,0.36439558907910813,1,interior
0.9432242362799097,0.3585376755144834,1,interior
0.9331138483803221,0.2600080816805652,1,interior
0.38465118464770487,0.30299910903717586,1,interior
0.9498673981275744,0.17219216228542816,1,interior
0.9407809575101176,0.16739028768506645,1,interior
0.9546401520105512,0.1700092301465985,1,interior
0.9559455970073508,0.16140966241353652,1,interior
0.8923563143940857,0.12026073114183496,1,interior
0.9276942258709919,0.304461010592155,1,interior
0.9624344277494451,0.20415532999846633,1,interior
0.9618752686941987,0.21618238666716413,1,interior
0.9298922403544391,0.29908294043997147,1,interior
0.3158175229444606,0.1372767357136507,1,interior
0.3123418125696777,0.14217144508094456,1,interior
0.3548383876034157,0.1265780950335247,1,interior
0.35601101046077843,0.12077269823693428,1,interior
0.9590725307563848,0.31340583515524173,1,interior
0.961074272239108,0.3198313808527135,1,interior
0.9426341266969348,0.29453810343204373,1,interior
0.9513109941210075,0.30193909497901705,1,interior
0.9364233663292625,0.2975711278797246,1,interior
0.9492351411108157,0.2963358080490295,1,interior
0.9456397645962751,0.2577617263065045,1,interior
0.9492207690889707,0.25121783910384105,1,interior
0.9566248750110014,0.29674739928788896,1,interior
0.9576882751748874,0.30296449258035424,1,interior
0.9547799159040201,0.30777802311808317,1,interior
0.9603300887092046,0.24509585196947942,1,interior
0.9551097062072499,0.24834218716935927,1,interior
0.9623374496533517,0.2411626753332583,1,interior
0.9394606961205866,0.370916161551995,1,interior
0.3168210664935876,0.12573219497512172,1,interior
0.32314369442011703,0.12936308311177033,1,interior
0.31726373484507586,0.1315143980224228,1,interior
0.3223140768236507,0.1890951270358007,1,interior
0.3159785096752739,0.18804588760119434,1,interior
0.31330683773358803,0.16443225817693552,1,interior
0.9603924986330172,0.2910151526773081,1,interior
0.963838163132459,0.29492030475605296,1,interior
0.9540050059302936,0.2914769696801984,1,interior
0.9699938342295819,0.2944677949440878,1,interior
0.9675626445735108,0.3003403147084272,1,interior
0.9671566118359676,0.2887922783679814,1,interior
0.9630594062680906,0.28617505659244047,1,interior
0.9407055798087426,0.17364305605810057,1,interior
0.34556210705928825,0.2639692354807997,1,interior
0.3463882369459816,0.2589027174134368,1,interior
0.35105001937145147,0.2578370338196664,1,interior
0.9293338094533208,0.2650567386171098,1,interior
0.9349927382746719,0.2653996250659505,1,interior
0.9257155554422979,0.2623305786418583,1,interior
0.972554777605313,0.3038921362268062,1,interior
0.9633485778319015,0.30376304418984296,1,interior
0.9730085444515041,0.2991069314110808,1,interior
0.9680111195181629,0.30698274650745283,1,interior
0.8485202107622238,0.04295286287826192,1,interior
0.7871321973069678,0.14971010184545125,1,interior
0.3306506848277863,0.1974357108508583,1,interior
0.33537233361202773,0.1949692169160729,1,interior
0.33834598854158254,0.20432171495987048,1,interior
0.3411991172685485,0.14089685823789355,1,interior
0.9325359710906506,0.2845729498434394,1,interior
0.9369651868755838,0.29177530240511484,1,interior
0.9676205942199038,0.23311031941617963,1,interior
0.9638315278003831,0.2275566944043003,1,interior
0.34381299249992636,0.2819862149724198,1,interior
0.9731365264449183,0.23286780218238312,1,interior
0.9717568961822295,0.23952352121656367,1,interior
0.9705810987258258,0.2273720539614302,1,interior
0.9676550460310924,0.2209314583821238,1,interior
0.958441394015087,0.22467833145498292,1,interior
0.9629375994331923,0.22187216279928035,1,interior
0.3098150171047249,0.186617614966655,1,interior
0.31600376051141316,0.17726449022435908,1,interior
0.3090472982869826,0.17996543340587465,1,interior
0.9468096598380134,0.3500720361851021,1,interior
0.8828969859062037,0.07391564746690542,1,interior
0.34377744035650165,0.24039015469306022,1,interior
0.3487500907111905,0.24192260253493086,1,interior
0.33803131961313365,0.23642846465536943,1,interior
0.404908751724457,0.04972395844876687,1,interior
0.403992349689976,0.05521712037104879,1,interior
0.3309546681570514,0.19254480791310258,1,interior
0.3333684320405247,0.2016684691198656,1,interior
0.3983375891074273,0.0578034401063815,1,interior
0.3930311271229962,0.06072539049704894,1,interior
0.9751737213885276,0.3089083288538686,1,interior
0.9611672628676535,0.3078956191027558,1,interior
0.9742842063372313,0.3149599508422747,1,interior
0.9516025813353574,0.34927748499789457,1,interior
0.9561772151423416,0.3462164695279834,1,interior
0.3425425443960168,0.2555208879183481,1,interior
0.3371119683122681,0.25801223595305145,1,interior
0.3437530837672667,0.2502367246115462,1,interior
0.9779727918822166,0.30190066981207486,1,interior
0.38710866488618645,0.06341270591781402,1,interior
0.3933995642779462,0.05455199609921715,1,interior
0.3877597379621331,0.05700232679488606,1,interior
0.3403464998884214,0.2785128611045481,1,interior
0.3416922995878298,0.27223627019989854,1,interior
0.31737467825608695,0.19351465763752398,1,interior
0.3218324183648037,0.19432162958905355,1,interior
0.3259945908527162,0.1947769519210471,1,interior
0.3195280873690286,0.1831744667781093,1,interior
0.9720558184435042,0.28366909101773746,1,interior
0.961756020681991,0.28199805409586576,1,interior
0.9735710552738431,0.2893138540907546,1,interior
0.9666977915552621,0.2814214846286181,1,interior
0.3726721320599484,0.09787244332864554,1,interior
0.3757519438544603,0.10352831830577802,1,interior
0.33236657314344725,0.24110531373531183,1,interior
0.3342316287479335,0.23186792668621453,1,interior
0.978175157518578,0.28439474941930065,1,interior
0.979305208551481,0.2900744296583328,1,interior
0.9759642730602556,0.29511891898994774,1,interior
0.9476983031207039,0.29050001138086223,1,interior
0.871319492443322,0.05333249790995343,1,interior
0.8811715207607822,0.0686428508292501,1,interior
0.9469510708170303,0.2844748468290717,1,interior
0.9574348500726482,0.28585378172768217,1,interior
0.95270688592789,0.28154321787212516,1,interior
0.9650899595475431,0.31614735393885995,1,interior
0.964640624835168,0.31137950363876404,1,interior
0.9370640735141899,0.28549564952704,1,interior
0.9420947387007622,0.2879824350854027,1,interior
0.9330021620619663,0.28900267190684664,1,interior
0.3591405633247848,0.11672994785473528,1,interior
0.33503582061973397,0.21462932433340667,1,interior
0.33536989171894893,0.22059418519558704,1,interior
0.8937121549197018,0.3756629378072358,1,interior
0.3561208238360363,0.10720126748603821,1,interior
0.3604210219176303,0.11194424493079269,1,interior
0.3630086478788564,0.10555284723189132,1,interior
0.36927334630271386,0.10300847564748146,1,interior
0.8800904478238558,0.0638109244666213,1,interior
0.875258554839232,0.06151384761009095,1,interior
0.9411245615493306,0.28115768714766926,1,interior
0.9608652507518446,0.3431128453119781,1,interior
0.9610076161259622,0.3487236422057545,1,interior
0.966244324377922,0.34591296329151894,1,interior
0.9558874322335947,0.3529851037753236,1,interior
0.3264582586730993,0.20129642425331926,1,interior
0.320445907002806,0.19908585274087284,1,interior
0.3367444404015819,0.13737836755549276,1,interior
0.34163631508773656,0.1346761595997321,1,interior
0.949098139880347,0.35570944363558893,1,interior
0.3334081354701121,0.2081226408201032,1,interior
0.9522388817927191,0.14947103005128476,1,interior
0.9495479142150486,0.1535755302282122,1,interior
0.32939981413848224,0.21288759523702003,1,interior
0.3278038073667693,0.2067076057280841,1,interior
0.35125594142353034,0.11126741519648624,1,interior
0.35922790011712696,0.10072634175806251,1,interior
0.35279420671838096,0.10121599570552826,1,interior
0.3496887248931539,0.10651196337026336,1,interior
0.394062815758671,0.048946595612947626,1,interior
0.40254210071948143,0.06007378782686377,1,interior
0.3411433234575251,0.24603179699405067,1,interior
0.33488959910740784,0.24644374870143723,1,interior
0.3379746591028804,0.24188295760527373,1,interior
0.30859024724466116,0.1690046531003865,1,interior
0.307002804919685,0.16330045875072924,1,interior
0.3153606054452145,0.15816466288524975,1,interior
0.31010201184043584,0.15896709664742711,1,interior
0.3030368838886443,0.16791343183765906,1,interior
0.9829656855632373,0.27925720709535035,1,interior
0.9764427115796623,0.2790257264035419,1,interior
0.9844108147832031,0.2853438767300211,1,interior
0.3811681491965186,0.05861769208582614,1,interior
0.3834663872189121,0.06866758461158835,1,interior
0.981039728446612,0.29612812906025393,1,interior
0.9836492180404974,0.29128680377566757,1,interior
0.3034842710420093,0.17953357476011783,1,interior
0.30400518970699575,0.1847440965013054,1,interior
0.30466410515429965,0.1740677314455281,1,interior
0.9557360016953024,0.2588439347898911,1,interior
0.9396896591466953,0.26098785749619724,1,interior
0.9452701223549794,0.2652103533938269,1,interior
0.9406759155251377,0.25543479389030954,1,interior
0.8640017516786896,0.046258934431384534,1,interior
0.8559040905405729,0.039532880198805236,1,interior
0.3654528550123426,0.09816941735448446,1,interior
0.9288227100039962,0.27704578811579983,1,interior
0.9266031247942319,0.27125509010041143,1,interior
0.3488001393432616,0.12364894357402981,1,interior
0.3453929314198773,0.1295090907877305,1,interior
0.398912595658299,0.0469694406296255,1,interior
0.9677586020677739,0.2746790103536821,1,interior
0.9741775840878331,0.27289967387813513,1,interior
0.9713942738136041,0.27814004894600497,1,interior
0.9792826143477059,0.27495028542769473,1,interior
0.9616861684462732,0.2994029956308847,1,interior
0.9876801001231535,0.2747061593164191,1,interior
0.9895091249010098,0.28001906920675157,1,interior
0.9834277130900311,0.27346052492767947,1,interior
0.9536318206739545,0.2256208735302076,1,interior
0.8397715247019655,0.044533315791312,1,interior
0.31032743340021673,0.1368857327412091,1,interior
0.3121306287881755,0.1316567923867986,1,interior
0.36012221844292247,0.09430553337402818,1,interior
0.36975549843526073,0.09279182275684322,1,interior
0.3643717880548981,0.09200286878198319,1,interior
0.8411718268406898,0.05497284240111081,1,interior
0.3559701685176488,0.09665438025416973,1,interior
0.3548424597934639,0.09133432921599179,1,interior
0.3667817980278649,0.08726980904215927,1,interior
0.3599024020394503,0.08769041761328382,1,interior
0.9161147777135835,0.28817777903442177,1,interior
0.9069583550210405,0.39435520745586833,1,interior
0.9127494414225868,0.3949164864040875,1,interior
0.34096629083923063,0.26192151343529974,1,interior
0.337763963790142,0.25169991677623266,1,interior
0.3207518815147735,0.20583283933720367,1,interior
0.3234439417195888,0.211419712941289,1,interior
0.966242779582621,0.24342008260845246,1,interior
0.9596361116094638,0.25021196869738854,1,interior
0.96478339045416,0.24932859599422816,1,interior
0.9700821715267127,0.31746981169700356,1,interior
0.31355435914593915,0.1978199770565435,1,interior
0.3157167484501288,0.20265776236422064,1,interior
0.9615289750206406,0.3369636517745726,1,interior
0.3490312388499035,0.11694876881332916,1,interior
0.3426252355842108,0.11980452323887585,1,interior
0.34188182494972,0.12497155513653406,1,interior
0.9595509078501522,0.3579510159271973,1,interior
0.953659673505492,0.359432140182121,1,interior
0.3332752292777153,0.22605487917035055,1,interior
0.8773251067455793,0.0721203538459408,1,interior
0.9463672003978684,0.1780092420708012,1,interior
0.3242709551465833,0.12270289156054587,1,interior
0.3148863220779832,0.1191978688061431,1,interior
0.32011466206395794,0.11951706804716145,1,interior
0.3094169205036627,0.12709892322949043,1,interior
0.37783380836451236,0.06775264485852904,1,interior
0.3794978979757397,0.07322514078119356,1,interior
0.3846275124250918,0.0742390740711074,1,interior
0.38131829488642544,0.06389227557301064,1,interior
0.33021574606202947,0.1261037659522536,1,interior
0.33470515263320094,0.13205167829195183,1,interior
0.32528910026937824,0.13567148972834844,1,interior
0.9671706676040049,0.20777256986141254,1,interior
0.967828051883721,0.20225005704347038,1,interior
0.9616944634836454,0.21014622354585244,1,interior
0.9640246918913318,0.1972548613089858,1,interior
0.9666736450939747,0.21394002577127444,1,interior
0.9535454028522876,0.36593005095369474,1,interior
0.9430705565688555,0.35218526389094196,1,interior
0.9718219378303751,0.21649173516282696,1,interior
0.31105963084510996,0.1531283046403328,1,interior
0.3090098761034933,0.14680499016955462,1,interior
0.9735253713851744,0.20503358701277105,1,interior
0.9714182212809085,0.1975133788714909,1,interior
0.9710541019360506,0.21083537270601496,1,interior
0.9903272800136956,0.28472564298443054,1,interior
0.9627138287031424,0.3262448970336291,1,interior
0.9613764194052451,0.2547996256729996,1,interior
0.9648123999164859,0.2584804094569139,1,interior
0.9688385566703464,0.25423202811978485,1,interior
0.9670057274616682,0.3216414790993247,1,interior
0.9742276162742952,0.22240854001387603,1,interior
0.9769221268989077,0.21762095872770287,1,interior
0.9478618836472528,0.36346906457396655,1,interior
0.979902040858696,0.20384882759650405,1,interior
0.9773251629243315,0.19955752768778776,1,interior
0.9756321107810931,0.21196044481899232,1,interior
0.9810265124501155,0.22202848373085016,1,interior
0.9774052540901214,0.2283087214528514,1,interior
0.9473756495150097,0.16002898597113208,1,interior
0.30168033812407313,0.1395851424391025,1,interior
0.3054275238624449,0.13341519606818697,1,interior
0.968055147751192,0.19255328804231156,1,interior
0.8688304088220029,0.048765270965776535,1,interior
0.9553379113960857,0.253421450120669,1,interior
0.9509704300114674,0.2565863947052283,1,interior
0.9681468743909614,0.265725611982932,1,interior
0.9697389459426227,0.26982315011426083,1,interior
0.9635588607549384,0.26957438923131266,1,interior
0.9621370264835735,0.2763564210702479,1,interior
0.29574657561755513,0.13711353900843593,1,interior
0.3004268163361241,0.13535045861489547,1,interior
0.30336733868864657,0.14516058220960512,1,interior
0.29713161952355677,0.14370474452430157,1,interior
0.9373531080532818,0.2698731399799993,1,interior
0.9325588865271596,0.271804986865765,1,interior
0.9401442813990665,0.2661293097784559,1,interior
0.36818249179043994,0.14949716665981516,1,interior
0.394569456496039,0.04330913987247242,1,interior
0.3205397581058099,0.15808427026053923,1,interior
0.9560916156429581,0.27638027662509473,1,interior
0.9742127083037858,0.26573042289912224,1,interior
0.9695621666559164,0.26080788843412667,1,interior
0.3521474844504309,0.08592858720343999,1,interior
0.3487489378093001,0.09141850975191894,1,interior
0.351782356449629,0.09561768435023404,1,interior
0.3305337822991549,0.23631829561500398,1,interior
0.3283290472072942,0.23058820720016546,1,interior
0.3808988093594486,0.07926901252048753,1,interior
0.37722619882981856,0.08451625586614987,1,interior
0.31213571113053645,0.11434849374564458,1,interior
0.3083640893635775,0.12042032719469375,1,interior
0.31234329368723596,0.12325759881358049,1,interior
0.3184829100829952,0.11353865541906695,1,interior
0.9407249380322262,0.1796264103498418,1,interior
0.9500667936237829,0.18351290271466422,1,interior
0.9200598657133504,0.3865268359274628,1,interior
0.9202700605743122,0.3938727014351448,1,interior
0.29037481964806194,0.14234092158633624,1,interior
0.30472004698107397,0.1511227948273581,1,interior
0.29951577318020134,0.1487798121454468,1,interior
0.2935754867647982,0.14934702996863722,1,interior
0.9635383222226707,0.26363121353297453,1,interior
0.32477931764007734,0.1150417386812886,1,interior
0.32261614821363704,0.10732990386489652,1,interior
0.31509004459426493,0.10758906009792184,1,interior
0.944817478695326,0.17151597687705022,1,interior
0.9821451176972127,0.2320858976860317,1,interior
0.34591810088950686,0.11101994065363813,1,interior
0.34762545118038507,0.09747919760375007,1,interior
0.34350119062491924,0.1058745947897692,1,interior
0.9692746303798926,0.32659755037847793,1,interior
0.9605968032818808,0.33181795350793764,1,interior
0.9585025938097973,0.27160688940471805,1,interior
0.9568539600099898,0.26560823717813614,1,interior
0.3723406578964691,0.08768777279416272,1,interior
0.986250743428172,0.2956624880556981,1,interior
0.990827953384315,0.29438652984921837,1,interior
0.32193986589266854,0.17353646922692093,1,interior
0.9748233359907811,0.24529207524163402,1,interior
0.9701638846354496,0.24716545635497564,1,interior
0.9649021851494415,0.23781115324159305,1,interior
0.33995629495012436,0.1299002320207998,1,interior
0.9174307416610975,0.12774228709606847,1,interior
0.31126033767919914,0.1923658394118459,1,interior
0.9068767303957352,0.2676042459766174,1,interior
0.31861628804344316,0.10281647162420493,1,interior
0.3095089310463714,0.11004137141685537,1,interior
0.31363089552459034,0.0997813377481686,1,interior
0.9920410468877401,0.275691278543377,1,interior
0.987877826466438,0.2899345560730544,1,interior
0.3069001514021144,0.14063028034342137,1,interior
0.3706110415534328,0.08177134343445792,1,interior
0.3754022521341475,0.0777642942815807,1,interior
0.9918870420055612,0.27080214576436135,1,interior
0.9896809262718219,0.29978770247109315,1,interior
0.9840425605746569,0.30145313428442777,1,interior
0.8487691924812079,0.10319149022316158,1,interior
0.37441924727225745,0.0567786093216121,1,interior
0.3781976575621013,0.05288590826369834,1,interior
0.3835084764180266,0.05377195269353121,1,interior
0.3760732631180184,0.062255620661290555,1,interior
0.3880641741940706,0.050284415167029396,1,interior
0.3821987605548486,0.04933116397559985,1,interior
0.3314807954934628,0.26071990549420915,1,interior
0.331533579496111,0.25118675362728154,1,interior
0.33568905232919816,0.26327901993330893,1,interior
0.9273844649275305,0.3850144059249286,1,interior
0.9250224127986304,0.3905070338671606,1,interior
0.9474144784316991,0.2723068978975468,1,interior
0.9506825262324425,0.26205083936801676,1,interior
0.9422323265328024,0.2707346516314404,1,interior
0.9505483428586852,0.2673849154547326,1,interior
0.9470736233856547,0.2789532706598006,1,interior
0.3990972545612918,0.052146730961861766,1,interior
0.9811976510159384,0.3076036671694421,1,interior
0.32451700111173115,0.2805148100289101,1,interior
0.32062472823745664,0.27676022416575335,1,interior
0.38315084371652214,0.04457285262658923,1,interior
0.3897952170090048,0.04468995262961837,1,interior
0.3550191228310051,0.11419204532047676,1,interior
0.9803640349953747,0.2640859801510139,1,interior
0.960322389344343,0.1627206524221759,1,interior
0.9581418125693972,0.16730872896152407,1,interior
0.9547002257091179,0.15631355792435656,1,interior
0.9786877083899013,0.24137926530938972,1,interior
0.9777716113374223,0.2353395177960349,1,interior
0.8758824542876843,0.39960998463738084,1,interior
0.333495405198926,0.28296860486779624,1,interior
0.32906502680123456,0.27964779661509065,1,interior
0.3773569877868825,0.046946205376095194,1,interior
0.836981324044291,0.059394308177945616,1,interior
0.33626109839558216,0.1267556101291417,1,interior
0.9445688828408273,0.374717491389246,1,interior
0.9401655646614308,0.3775397210702365,1,interior
0.9352916494415874,0.37542936805984434,1,interior
0.9343300224394241,0.3704557521680897,1,interior
0.307076589673754,0.1971525634884871,1,interior
0.33962293374789293,0.19114308643906927,1,interior
0.3045374223008645,0.15723487654307813,1,interior
0.3045715830079875,0.19105604294918987,1,interior
0.9572690739492876,0.1855951622034433,1,interior
0.953866079517961,0.17863139940496445,1,interior
0.9879866007078473,0.23181504711449866,1,interior
0.9835873764438047,0.2373786484542104,1,interior
0.9831674584266942,0.22760526779493517,1,interior
0.36414655414476743,0.082575400286697,1,interior
0.35814930507917686,0.08203107880725082,1,interior
0.9577271163600469,0.1932916526750734,1,interior
0.9863978142897111,0.2250937497684163,1,interior
0.2984584376073162,0.17146493689645614,1,interior
0.310317582726026,0.17451330322256142,1,interior
0.29952120559255413,0.17647355332546438,1,interior
0.9744387178701029,0.25144560288622964,1,interior
0.9431473710393959,0.2758421609732184,1,interior
0.951201369344138,0.2763689458328391,1,interior
0.3036646223223647,0.12615245124002014,1,interior
0.9877959718069877,0.3057241489898703,1,interior
0.9845156750498302,0.3113510998212637,1,interior
0.9791049529213941,0.3150073427445889,1,interior
0.30526888673196856,0.11462321239797302,1,interior
0.9713503219918923,0.33193229095659177,1,interior
0.9756545052611405,0.32706306406682883,1,interior
0.9740946899939924,0.32107384525839583,1,interior
0.9533267699531055,0.2715192877549822,1,interior
0.33619642136716393,0.12182221192758103,1,interior
0.3303106854504069,0.11934201465194376,1,interior
0.3741983626324561,0.07172149823353932,1,interior
0.3722786084063228,0.06617748377079348,1,interior
0.2990678704745233,0.1308092040890497,1,interior
0.9380924724343281,0.27504979631223336,1,interior
0.9344343113550436,0.27928915437248086,1,interior
0.31719517498204236,0.211599447694561,1,interior
0.313662816159932,0.20752932542529504,1,interior
0.9337198681516149,0.38528248580423785,1,interior
0.9271201888530101,0.3789589545377029,1,interior
0.9309210922437681,0.39130801107689395,1,interior
0.9487169516826999,0.37839769650872035,1,interior
0.9441826254688217,0.3812053935859719,1,interior
0.936221617011537,0.3804391382953613,1,interior
0.3664331564264488,0.07752502634018393,1,interior
0.36904368389334935,0.06997146905610631,1,interior
0.36997123494821066,0.0751131358452249,1,interior
0.9884587005970036,0.31350902114586293,1,interior
0.9898644804996409,0.3094568104880598,1,interior
0.9580235296837017,0.28044351719098276,1,interior
0.9807754309594036,0.3224403321345866,1,interior
0.9766964358700593,0.33235520561623577,1,interior
0.9818453920050912,0.3295902797275123,1,interior
0.3161191382493304,0.2736591967631244,1,interior
0.3356105619247591,0.2727970902723537,1,interior
0.3338070675012584,0.27748443071031914,1,interior
0.3377386858221867,0.26767690326371,1,interior
0.34236781118962367,0.2671253141433295,1,interior
0.9180195931002431,0.39754173542108456,1,interior
0.9260591292467684,0.39614088312240403,1,interior
0.3306851079969805,0.1137264716791609,1,interior
0.9795230699431755,0.24785712086614534,1,interior
0.9841479382405116,0.2440857049160481,1,interior
0.9726245573521958,0.3476640628455233,1,interior
0.968028427948025,0.33683929271771357,1,interior
0.9706328283333029,0.34200242273546283,1,interior
0.9666714307989054,0.351159334256194,1,interior
0.9755701877730247,0.25848753264830965,1,interior
0.9842308657556278,0.3170136749946227,1,interior
0.9860503337484499,0.32572831854177603,1,interior
0.9034650103551136,0.39511507779736765,1,interior
0.32891747179306347,0.27314039412068203,1,interior
0.9446122579373984,0.3689198394201373,1,interior
0.9498150131309273,0.37119116817863695,1,interior
0.3764209742081826,0.041329261790810534,1,interior
0.3728656370523256,0.0507264819003465,1,interior
0.37175542100277686,0.044675499624479593,1,interior
0.30247650495830636,0.12031494945687389,1,interior
0.9936045801669734,0.2363881993160588,1,interior
0.990600849057536,0.2249672091240312,1,interior
0.9929138950473436,0.23061263036191557,1,interior
0.98860027294308,0.23950879130815894,1,interior
0.3427237247350775,0.11495137137889248,1,interior
0.3365199275069307,0.11568755847302314,1,interior
0.969791017214335,0.31234560286579716,1,interior
0.32514815291056,0.26796063407552434,1,interior
0.3312853544900505,0.2671302414871851,1,interior
0.32170239210442897,0.27147924196318435,1,interior
0.29788031029087675,0.1873554101484658,1,interior
0.29830870173485896,0.18141358181344258,1,interior
0.29985600185432215,0.19209738374333002,1,interior
0.3045160285183655,0.10814658655173992,1,interior
0.30049243055764985,0.11141051971452635,1,interior
0.9655773404985343,0.3318599804219935,1,interior
0.9594842252692405,0.36713681613519444,1,interior
0.9686856796281229,0.36079638559350524,1,interior
0.9654379677673081,0.3568280382391884,1,interior
0.9577559886277662,0.36258961788168714,1,interior
0.9530767019259588,0.37648338585245494,1,interior
0.9197113855889995,0.278917812864181,1,interior
0.3005961766122436,0.1972268200514638,1,interior
0.981512692760609,0.21449410939655097,1,interior
0.3296342345495728,0.2198170968737591,1,interior
0.29378396261350276,0.17573898611036515,1,interior
0.2926308185078486,0.18237963659713885,1,interior
0.33972372915555277,0.11017289940317081,1,interior
0.9615373032144531,0.35346403233475593,1,interior
0.32982429903783644,0.10285390863866294,1,interior
0.32365254331738647,0.10023436251837971,1,interior
0.2906165095560934,0.18855422106018221,1,interior
0.28670543240070745,0.18336832272273126,1,interior
0.28785799663681894,0.17729284430055073,1,interior
0.32532273078838925,0.21653823845080086,1,interior
0.32576603146101263,0.2254346376827898,1,interior
0.32263349388315193,0.22127080257782597,1,interior
0.9799197117333255,0.33654957155121584,1,interior
0.29531948329763424,0.19311609526626647,1,interior
0.984636559332462,0.25133848852988666,1,interior
0.9893513463451719,0.24673420702080143,1,interior
0.3267042766366196,0.2509790851556949,1,interior
0.3288390897335434,0.24613406605724794,1,interior
0.32733675971710735,0.2563674963566423,1,interior
0.3330707599511905,0.25555874053148836,1,interior
0.9936799166754056,0.29942078354119955,1,boundary
0.4026678708030734,0.045648696232889766,1,interior
0.3257220199937547,0.26254907712449055,1,interior
0.8445412821427075,0.04639677897978372,1,interior
0.3372336399138,0.10447815427207424,1,interior
0.3357981305333773,0.09917140067273261,1,interior
0.3273087687724972,0.09662983991950742,1,interior
0.3278469689079418,0.10910829397970434,1,interior
0.37018501553217614,0.06066754680346895,1,interior
0.3662474476023707,0.06512056434505746,1,interior
0.32517928768551435,0.2760738431189201,1,interior
0.9099585264738367,0.39971398848958245,1,boundary
0.9937129376154349,0.26291954314093724,1,interior
0.313792804083085,0.17091127149437935,1,interior
0.3686706002950301,0.05461761630492882,1,interior
0.32436633346275334,0.23529890082511518,1,interior
0.325318690290152,0.24143447009646007,1,interior
0.29344517588136315,0.13026396741802362,1,interior
0.29050718936917397,0.1356850534151389,1,interior
0.3861387080052848,0.040976564878743856,1,interior
0.3805667675383507,0.038370045408682614,1,interior
0.2875161202289079,0.13074112518200526,1,interior
0.29713952633339097,0.12413002693981712,1,interior
0.2898278272690842,0.1241697380505754,1,interior
0.3100313416025032,0.20256269768169144,1,interior
0.3077244217474693,0.20773746188483797,1,interior
0.9620667750882044,0.37671495207958955,1,interior
0.9576717129740792,0.3794024450332197,1,interior
0.9565297909549029,0.3723954004893772,1,interior
0.9528727171446646,0.38261804277818157,1,interior
0.2983147924805424,0.1166155215799917,1,interior
0.2933834547748682,0.11968323431682,1,interior
0.34207256857933094,0.10006694024266438,1,interior
0.3336969363582974,0.1090789264572075,1,interior
0.9857084935184738,0.2688530626845365,1,interior
0.3207969217006467,0.25819921434448556,1,interior
0.3225639446596721,0.25325595616544433,1,interior
0.9905805422636423,0.26592703481197183,1,interior
0.9888027696788896,0.26085003054187167,1,interior
0.9795361391188226,0.269625282231039,1,interior
0.3635127141036473,0.07160257441151156,1,interior
0.3228536786918398,0.24775136242045645,1,interior
0.29767881409561253,0.16562979514450885,1,interior
0.29295274133252414,0.1688491873842689,1,interior
0.9845368286835016,0.33916885472966124,1,interior
0.3854772600017139,0.079405414823643,1,interior
0.2952411862084596,0.11067492621582427,1,interior
0.31889399301847265,0.23437888399204013,1,interior
0.3195410865827403,0.2393138921059579,1,interior
0.31875309718374795,0.24510802456147687,1,interior
0.3676162691379639,0.04849916778749631,1,interior
0.36322715207644934,0.052291598192458925,1,interior
0.986804709687313,0.3211644199441644,1,interior
0.988650212494268,0.317388362338723,1,interior
0.9870957240741826,0.21954400903861113,1,interior
0.3743775756810524,0.26189358345591096,1,interior
0.9589425656415169,0.17383284419318026,1,interior
0.9627743839914388,0.16654124971001594,1,interior
0.9640047680152556,0.17071400851891255,1,interior
0.9325214824888561,0.1597731920626296,1,interior
0.35714539249918725,0.07028192545981729,1,interior
0.3575844933716997,0.0758262874854444,1,interior
0.3603837934232816,0.06385351472193031,1,interior
0.9826467489738823,0.20814625007777413,1,interior
0.9785773091652643,0.2086943263445214,1,interior
0.9762996308676083,0.34187519889629797,1,interior
0.9738651804219872,0.3370654759160408,1,interior
0.8976946705641102,0.11456411411619156,1,interior
0.284246329251403,0.1264212336294725,1,interior
0.2882190993712237,0.1172266946994663,1,interior
0.2837206881376741,0.12075795689013606,1,interior
0.29270095281887587,0.1146798427465151,1,interior
0.3746179394988071,0.03540865739913633,1,interior
0.37011824060717463,0.039084775698874114,1,interior
0.3659611652883306,0.04271264638754559,1,interior
0.9354429358327513,0.3954493792257654,1,interior
0.9371989176449306,0.38952458300327136,1,interior
0.3531964213431401,0.0801099662584091,1,interior
0.3512403524806232,0.07500364223785115,1,interior
0.3518818087814578,0.06915434721503472,1,interior
0.3619558869406906,0.07767561397395273,1,interior
0.9518914613722143,0.28681265233124326,1,interior
0.35739021447024066,0.04907766374785808,1,interior
0.35936777986340634,0.056139596721307757,1,interior
0.3626471514443062,0.04686446328039563,1,interior
0.2879949480266503,0.17143395589763685,1,interior
0.3634232884038708,0.037247775890379704,1,interior
0.3719365023592371,0.031553559218505424,1,interior
0.364387947133767,0.03170289938449636,1,interior
0.9658513970588897,0.3671177228012795,1,interior
0.9629633586193073,0.19013294916174053,1,interior
0.9585339687826662,0.20024606434590886,1,interior
0.8469460653920398,0.03805533258983123,1,interior
0.9794114260316557,0.25375422122887753,1,interior
0.9828670765544244,0.2584066087096588,1,interior
0.9948841130230746,0.25470542596954526,1,interior
0.9929858954373242,0.25803786545094615,1,interior
0.92245049359738,0.3808004734622937,1,interior
0.9166143767385856,0.3806099190476555,1,interior
0.28615769893053106,0.148754923447513,1,interior
0.2851985018191821,0.1370440505952554,1,interior
0.28378337066880877,0.14285199093271858,1,interior
0.3471975183886682,0.0812910998735394,1,interior
0.278499388331596,0.13889543313936462,1,interior
0.28143019956189513,0.1319747546566623,1,interior
0.3568666810695653,0.037766218921496224,1,interior
0.35413653681304175,0.04380100615943099,1,interior
0.3551336567360171,0.05972919605025723,1,interior
0.3644894747768974,0.05875790007413992,1,interior
0.355014170400371,0.06516685064425895,1,interior
0.35078453622509026,0.05668107890620254,1,interior
0.3496171213137549,0.06338970831358914,1,interior
0.35453052784615247,0.053743023808803636,1,interior
0.9294174849471473,0.2820029179882867,1,interior
0.9607138204696773,0.17975314123805994,1,interior
0.9634987504760234,0.18435140374131703,1,interior
0.9315547984734492,0.37989114695838183,1,interior
0.9298234201362591,0.3737055459737627,1,interior
0.9850886223028305,0.21044151717870546,1,interior
0.30605128814246635,0.2701724609481755,1,interior
0.9932411116988864,0.2417354719844976,1,interior
0.9866311068977257,0.2141934959950973,1,interior
0.9817843470797998,0.3424969967189629,1,interior
0.3142832245816123,0.24206754559496488,1,interior
0.3124392126761674,0.24736342762514782,1,interior
0.3172402968412545,0.25198475465574816,1,interior
0.9256786689639255,0.369428050914178,1,interior
0.9767816550286973,0.1945406329042335,1,interior
0.34553492903967525,0.06170324892496215,1,interior
0.3467401642940602,0.05694648776658769,1,interior
0.34388017038470214,0.0659701149050295,1,interior
0.30918718185644173,0.10438204481121814,1,interior
0.3074632320720186,0.09838287951631695,1,interior
0.2988650815803786,0.10605940173864871,1,interior
0.9408659207899789,0.3932466841809154,1,interior
0.9309499564926337,0.3977780625902545,1,interior
0.9734914412606644,0.19065608964043593,1,interior
0.315111392126919,0.23102298403564606,1,interior
0.3217707443948154,0.23004130579450202,1,interior
0.3138017689688683,0.2370985866775341,1,interior
0.319075736278401,0.0975743586799184,1,interior
0.9903578498021129,0.25290403638266995,1,interior
0.9935510915056861,0.24641945531477027,1,interior
0.9832568964542437,0.34815252147544057,1,interior
0.9848201942821436,0.3338284598971773,1,interior
0.3397082358599177,0.0908302840813351,1,interior
0.3350906620897654,0.09311618545982624,1,interior
0.3315671619267128,0.09655093495481054,1,interior
0.3104805370653203,0.2134004911990842,1,interior
0.3042667902359218,0.20252069388567026,1,interior
0.3147317636259998,0.25876879872249187,1,interior
0.3192338588553542,0.2646016684489063,1,interior
0.9719736266934493,0.35451443142864586,1,interior
0.9780804470946779,0.35116365709405656,1,interior
0.3107257829606849,0.2702407562545711,1,interior
0.31205231731830346,0.2645307834484414,1,interior
0.3413887659145619,0.059919971986608166,1,interior
0.33873233720410406,0.06612931349534801,1,interior
0.9428708458061604,0.3875130655681552,1,interior
0.9491303464007985,0.39627014229661545,1,interior
0.9440240898527631,0.3970438877493407,1,interior
0.2837469369592456,0.16732236189375235,1,interior
0.28816434794219964,0.16497896053385439,1,interior
0.28138591889895015,0.17303956441690485,1,interior
0.2755524911687307,0.1748516341267499,1,interior
0.27914075383276493,0.16585898617867662,1,interior
0.28310237214521433,0.11386912601009726,1,interior
0.28857325631278236,0.1103382546207008,1,interior
0.968544523941396,0.186445835476487,1,interior
0.30848899326932844,0.2596019133765768,1,interior
0.9684766833852425,0.1744542387460708,1,interior
0.27871703373736323,0.12573641789741277,1,interior
0.275451149450009,0.1324010797929566,1,interior
0.29392543568041435,0.1562039093553179,1,interior
0.29902915255557067,0.15385859464672477,1,interior
0.3030271190397812,0.10234166327213672,1,interior
0.2781080478689045,0.179219838248422,1,interior
0.2806536713333237,0.18416987036205099,1,interior
0.2831315795835493,0.17911587993071487,1,interior
0.28384188321915677,0.18843328406745483,1,interior
0.31652707595047747,0.09341283183413801,1,interior
0.31090928393823586,0.09344450443723336,1,interior
0.2740661138567557,0.1637008481613564,1,interior
0.2752131621377284,0.16973267986631405,1,interior
0.2707647075672238,0.16767012681828278,1,interior
0.9640031323558365,0.17567554194972818,1,interior
0.31092400567063955,0.25358212368116934,1,interior
0.9735677639562024,0.1859237230297226,1,interior
0.9576150547247401,0.3860191171201806,1,interior
0.9630526639885498,0.383378258737653,1,interior
0.3200222422284053,0.21654544049424643,1,interior
0.34386885048512583,0.08709088679179723,1,interior
0.3357322756270605,0.0871436312540506,1,interior
0.33980419878841694,0.0816244333326205,1,interior
0.9674545925433921,0.17976522035410542,1,interior
0.29033825480722103,0.1950944181229477,1,interior
0.28496892504526455,0.1983054971516544,1,interior
0.9719463657476718,0.1816787364079938,1,interior
0.2786066296998633,0.11855920596231116,1,interior
0.9704408087261941,0.36998186527704957,1,interior
0.9630003211775083,0.3623558037121854,1,interior
0.971578619194818,0.36483919915084234,1,interior
0.29328702567513104,0.10548036860951211,1,interior
0.2912165390898503,0.10077135551379401,1,interior
0.28890160792408937,0.1589814130854588,1,interior
0.28550222191125574,0.1550631028361877,1,interior
0.27780714415038205,0.15928709085452947,1,interior
0.30159110610914314,0.0966114065411161,1,interior
0.29653660101926144,0.09985942044564604,1,interior
0.2775370569189699,0.11227794883841201,1,interior
0.2816323575801485,0.10634590465934211,1,interior
0.2738196585642676,0.1071704316139284,1,interior
0.28112301720356847,0.09986628979072235,1,interior
0.2761032583072412,0.1007315044579804,1,interior
0.28608716519857896,0.10055389217669919,1,interior
0.9464251317962812,0.3915164309112691,1,interior
0.9480740030445687,0.38517929741662477,1,interior
0.9538826095523882,0.39637392429318047,1,interior
0.9570582810045052,0.3916350827901963,1,interior
0.335449900483304,0.07162472688095868,1,interior
0.3413199191193686,0.07128649288245349,1,interior
0.33577709625118185,0.06114129032616275,1,interior
0.3340894267171308,0.06632651982124546,1,interior
0.3686657335525764,0.0344540567246036,1,interior
0.304666256862075,0.26488457338471755,1,interior
0.9532548033435818,0.32737913575899585,1,interior
0.9586760287994955,0.22004291223437528,1,interior
0.9967963386770543,0.24392857461832343,1,interior
0.3300978521344235,0.0691485617142303,1,interior
0.3389900543602165,0.07602290205334064,1,interior
0.3307680269134159,0.0741741768063005,1,interior
0.32560171694335477,0.0731764366482637,1,interior
0.33454074840486214,0.07764870343690951,1,interior
0.9613158928652867,0.40033944395582405,1,interior
0.9648302926865436,0.39727091780993645,1,interior
0.3470436689086233,0.07045985775287526,1,interior
0.27248216061358554,0.17929284753531596,1,interior
0.2746627299917251,0.1845842500384808,1,interior
0.9669477816740627,0.373409475664571,1,interior
0.9620380483063016,0.37145530185012515,1,interior
0.9679082357804054,0.3787897843039558,1,interior
0.27904908632431724,0.09415384112503643,1,interior
0.2738179333247766,0.09480167178177543,1,interior
0.26961312061320436,0.09847359718403999,1,interior
0.2717181735398959,0.10295274437485702,1,interior
0.28442909476361605,0.09603502289061672,1,interior
0.30571419406582767,0.09227966624607949,1,interior
0.2638923371472613,0.09930629354963565,1,interior
0.26727866432794356,0.104894663966192,1,interior
0.2678437684365392,0.11150486441570341,1,interior
0.9781525718240118,0.3562468238842695,1,interior
0.9747832476857804,0.3598248437934272,1,interior
0.28793446401400136,0.10489864479541604,1,interior
0.3432053393828453,0.0525046067846961,1,interior
0.3377816109520118,0.05539556277048205,1,interior
0.3160734839459785,0.22155110783260293,1,interior
0.9834585842321277,0.3549961166792276,1,interior
0.96266829039066,0.3908569612970105,1,interior
0.969561964566625,0.3932334495798632,1,interior
0.9696156718323493,0.39972220187031127,1,interior
0.27754991956112807,0.18944059111021314,1,interior
0.32937642466547307,0.09082850782748667,1,interior
0.33937739265044076,0.09570148965108319,1,interior
0.27253484102626874,0.11674060007362667,1,interior
0.26211564945977944,0.10867966233931547,1,interior
0.26631214012760673,0.11740260903703925,1,interior
0.27232532173708673,0.12733113836908513,1,interior
0.2696752494633317,0.12224539552143786,1,interior
0.9599922937442479,0.26025367491461526,1,interior
0.2897958027021339,0.1533649238908496,1,interior
0.2931501341382519,0.16246016963379648,1,interior
0.2743744707949317,0.08850418868161278,1,interior
0.26910119802042004,0.09185545902867166,1,interior
0.9521034946764849,0.38979492206052313,1,interior
0.29031738321322514,0.0955414730643651,1,interior
0.2959127552892078,0.0935304881744738,1,interior
0.3444586322142378,0.0764045611923655,1,interior
0.9944408885201721,0.25074252904084526,1,interior
0.2704616626300439,0.18981944452026436,1,interior
0.2794010746328411,0.19847687661598973,1,interior
0.27521930895108676,0.1948612141823456,1,interior
0.9542363179645935,0.1742338845122295,1,interior
0.3089122027970054,0.0866405734371459,1,interior
0.300713467408608,0.0914216421399475,1,interior
0.3137678218788482,0.0889297761210281,1,interior
0.30301938569694736,0.08661423951058404,1,interior
0.2727701522925945,0.11189704453962515,1,interior
0.31472622680598167,0.21660316684649272,1,interior
0.31005678533838926,0.22034135325836357,1,interior
0.3107176303442483,0.22683806068271511,1,interior
0.2659456493415086,0.1690168977063389,1,interior
0.270027217366492,0.17350093934793281,1,interior
0.2570829964381353,0.10509813572106765,1,interior
0.26125659754089176,0.11423167555974888,1,interior
0.2618144360547201,0.1035431886702726,1,interior
0.31840590769406746,0.2259069941254895,1,interior
0.9752237870729076,0.3689996173886994,1,interior
0.9801417597841313,0.36706167784726934,1,interior
0.2979720428702956,0.26662563207716716,1,interior
0.3018115063930857,0.26919728528733045,1,interior
0.3514624618754594,0.038314930747946015,1,interior
0.3496149188336572,0.04990564989501579,1,interior
0.34679616362589916,0.039711505800359564,1,interior
0.3472393449054977,0.10228429821801117,1,interior
0.25824696125394003,0.09935718363602457,1,interior
0.2652915111316526,0.09462213090649244,1,interior
0.9769062804576747,0.3917168008969904,1,interior
0.9730589500953659,0.3873635016098867,1,interior
0.9671870643732061,0.38806135198363406,1,interior
0.9787976261604129,0.3980681175524659,1,interior
0.9737117234830338,0.39673054441716166,1,interior
0.2526963848571438,0.10036804165100853,1,interior
0.25667150214905093,0.08903195280391035,1,interior
0.2476146203642268,0.09875878493539138,1,interior
0.2493447572484502,0.09420682902152788,1,interior
0.2546539641892523,0.09433364601003609,1,interior
0.3228596149902178,0.09306227855616298,1,interior
0.26360861230936367,0.1748917767225853,1,interior
0.2600309670816449,0.17061564230189608,1,interior
0.2623452002274878,0.16425533768933281,1,interior
0.26830373591662854,0.16317462912075914,1,interior
0.2637601224154487,0.18654585733842666,1,interior
0.26932511710450074,0.19632444052831025,1,interior
0.26394969443791383,0.19200493076823508,1,interior
0.26858693971998354,0.18372075289721726,1,interior
0.33161450899563366,0.05711914548908921,1,interior
0.33868229359840046,0.04921513507033847,1,interior
0.33345371307047134,0.04713931160237627,1,interior
0.33438431611088343,0.052132988517589386,1,interior
0.9862859683826857,0.3602471216904165,1,interior
0.9817768118056791,0.36178610381031673,1,interior
0.3036604925708605,0.22436227112853296,1,interior
0.3052569001835588,0.21774549511830477,1,interior
0.2717681608092269,0.15827270632499432,1,interior
0.27554916646624655,0.15342226721081023,1,interior
0.2832548364301571,0.160763757367035,1,interior
0.28116763495284863,0.15381617506756892,1,interior
0.9797065906731782,0.38466050019523174,1,interior
0.9791716562612137,0.3781268178811987,1,interior
0.9835802880370023,0.3895922008007484,1,interior
0.973849876716506,0.3812080518384568,1,interior
0.9733382166693197,0.3749253026521156,1,interior
0.9766712434193028,0.3639930109555605,1,interior
0.9689101336465649,0.3836637750918367,1,interior
0.2744575518230763,0.20131506569415697,1,interior
0.26335214279176944,0.1976255295318036,1,interior
0.26780555561135183,0.2026211686350494,1,interior
0.29470007358901285,0.1992141237689189,1,interior
0.34336677667195903,0.04474685938493928,1,interior
0.24262044479290293,0.10040742144157909,1,interior
0.25190977802012277,0.10712537916499887,1,interior
0.3336135768119495,0.08230651084806222,1,interior
0.2681109671982852,0.08589746536062541,1,interior
0.2800803383162972,0.0885506053810121,1,interior
0.27852573457695035,0.08320437411726395,1,interior
0.2722754933546385,0.08195607962476578,1,interior
0.9388850832182255,0.3983512898713764,1,interior
0.9884117796634132,0.364082739511385,1,interior
0.9852354263163658,0.3686262296136201,1,interior
0.9011228823121329,0.12302736374982266,1,interior
0.9745302776564992,0.4014667069061512,1,interior
0.24352339312059246,0.09470047932160601,1,interior
0.24603073938757003,0.1103345344597594,1,interior
0.23705833024186762,0.10249050243945991,1,interior
0.2775255733470604,0.20682472918546163,1,interior
0.2723881816443208,0.20730387622675608,1,interior
0.2810497198950437,0.20342329326227862,1,interior
0.28762643718266395,0.26682626684703825,1,interior
0.2925851805518529,0.26497575275882407,1,interior
0.9850729878335351,0.3793330879414043,1,interior
0.9840757800757679,0.374477514335778,1,interior
0.3305250987372788,0.06323055856591796,1,interior
0.29825867331708916,0.1596053395585656,1,interior
0.27900638433445574,0.14703738884308054,1,interior
0.2564266613262261,0.11093886306786789,1,interior
0.3093310696765676,0.23418055887504918,1,interior
0.30778902512603734,0.2419504082426344,1,interior
0.2850304343217874,0.09134075837597744,1,interior
0.28448043041200494,0.08573791774787314,1,interior
0.29358857830131907,0.08354670856404843,1,interior
0.29068243614485645,0.08893642542005444,1,interior
0.2873287060695732,0.2618275405230326,1,interior
0.2828870940132538,0.2640320531201235,1,interior
0.2767360857481113,0.07717037276793835,1,interior
0.26295542121323745,0.08351175679111925,1,interior
0.2659351142722748,0.07967800596063955,1,interior
0.27012602090549537,0.07646215877218532,1,interior
0.25791455856558326,0.18847023387784323,1,interior
0.2575849413495121,0.1998796322429286,1,interior
0.2580660574706585,0.19416431357484043,1,interior
0.26283339994979643,0.180741844118824,1,interior
0.2674315967518187,0.17853729763527348,1,interior
0.2570011183654063,0.1774918763163132,1,interior
0.9787518458132975,0.40246399468280625,1,interior
0.9841096536809244,0.39795444781813727,1,interior
0.983383207641068,0.4022404779241236,1,interior
0.3292279981614446,0.0788282122153511,1,interior
0.3189287752701902,0.08783902378027274,1,interior
0.324191648271475,0.08648024920841922,1,interior
0.31988355962731174,0.08169336239803072,1,interior
0.3147123703361442,0.08380096949152112,1,interior
0.2970144967024581,0.0877625674232212,1,interior
0.2620722184248577,0.20248765181603406,1,interior
0.272254835934979,0.07165231374602128,1,interior
0.2821777513442032,0.07514422822049269,1,interior
0.2787354371429293,0.07112002454601812,1,interior
0.28391855349379647,0.07972233772546,1,interior
0.2590398424534231,0.07845962247714817,1,interior
0.2641996508341144,0.07274824312289177,1,interior
0.23717186878936028,0.0959255157720837,1,interior
0.2319936847065602,0.0998565854944925,1,interior
0.23616745181182222,0.10828288190356827,1,interior
0.24180257697008248,0.10593301980415348,1,interior
0.23141755908147912,0.10558212592244536,1,interior
0.3202714263213775,0.07515159888774288,1,interior
0.3153609797603117,0.07780513593951195,1,interior
0.3246676262304363,0.07997119286639964,1,interior
0.32589578452053675,0.06643453988318176,1,interior
0.2975719361226153,0.2602399533902115,1,interior
0.30570143766263674,0.25488488426839695,1,interior
0.3028089677587666,0.2591752866128751,1,interior
0.30425820126244735,0.23095185042981536,1,interior
0.3204824297283634,0.06854845599797744,1,interior
0.28629616182077233,0.19259561715715848,1,interior
0.26886790951520084,0.13224141288832728,1,interior
0.27157222981142987,0.13752611534161296,1,interior
0.2629905217895861,0.08920813896029209,1,interior
0.23123893694733533,0.11101686239061705,1,interior
0.22538892108577638,0.10902637144335567,1,interior
0.22698172588135518,0.09820904411619177,1,interior
0.2218761504700213,0.10523434785962786,1,interior
0.3007953824978444,0.25345793251960125,1,interior
0.32853758826022644,0.04607708444655719,1,interior
0.33000139481517565,0.05150614728287317,1,interior
0.3147398619219977,0.06677113484254545,1,interior
0.9592018618112889,0.39640667363021476,1,interior
0.2528093717847032,0.07698355287038108,1,interior
0.25581250407762973,0.07175354882434479,1,interior
0.25862766627478834,0.08460897412292087,1,interior
0.25312702917441704,0.08295627548687647,1,interior
0.2649299284918442,0.12196095438416828,1,interior
0.26510953573674195,0.13691294608482243,1,interior
0.2625776458036776,0.13195462332083388,1,interior
0.26703001570995794,0.14161408122407906,1,interior
0.2598269759545445,0.1362353570644988,1,interior
0.9884131864114772,0.400807819778223,1,interior
0.25211313796674345,0.18382317212419494,1,interior
0.2582667621859829,0.18332634732255956,1,interior
0.25262392343799334,0.19071721524747645,1,interior
0.325771426746463,0.0502945032759309,1,interior
0.32586567315157683,0.04126831851928779,1,interior
0.3325313310360412,0.04122768957666133,1,interior
0.24506742580513974,0.18215715041603409,1,interior
0.24669593333216955,0.1883738973496064,1,interior
0.24958737649675422,0.17707365618106838,1,interior
0.2556109518345364,0.12037630876030644,1,interior
0.26018761215508046,0.11942987156869422,1,interior
0.2904300975415233,0.07872554096160679,1,interior
0.32365598600369105,0.035652026748752765,1,interior
0.3228337260240864,0.04634170777672203,1,interior
0.9919461816235658,0.28893405509617553,1,interior
0.2424903633919466,0.19365703168932175,1,interior
0.24815004036952487,0.1938970152569094,1,interior
0.23600794806685038,0.19021475545262218,1,interior
0.26575565350459346,0.12715091711465004,1,interior
0.3263739358271425,0.06038637787401053,1,interior
0.3260302238579484,0.055190695166812215,1,interior
0.24730269218985215,0.08431500195929051,1,interior
0.24716287837315232,0.07874167348166795,1,interior
0.991362736462808,0.3674780371381637,1,interior
0.9901105405819207,0.37353296720171236,1,interior
0.34688033263243423,0.03426636179915802,1,interior
0.3531214825031435,0.03233683554444731,1,interior
0.3490849765986156,0.043641585825838214,1,interior
0.27721821848392814,0.2616850420171551,1,interior
0.27466625106492903,0.12220356697713002,1,interior
0.28276113142436915,0.21058798817014399,1,interior
0.2706610686201641,0.21343979010141934,1,interior
0.2763811298988318,0.21237931427878173,1,interior
0.23344725019016047,0.0898419840564081,1,interior
0.23964778083221872,0.08955320931927113,1,interior
0.2763274145628866,0.06574507165890196,1,interior
0.2721994946875147,0.06225275515597385,1,interior
0.2831503120187246,0.06647428145320317,1,interior
0.28644866345686465,0.20453669200900934,1,interior
0.2898322634414764,0.2005684793173451,1,interior
0.28120134876483055,0.19364493682490655,1,interior
0.3051807141947903,0.08038778466898858,1,interior
0.3107293120703226,0.08093196712735153,1,interior
0.25901294249164303,0.12822012087270765,1,interior
0.2564465425082984,0.12412413710788561,1,interior
0.2544587996595586,0.1165270428287886,1,interior
0.2958236494166204,0.22318141118691592,1,interior
0.2984243771300284,0.22896330131526285,1,interior
0.2998487590505219,0.21488596951638392,1,interior
0.2781704191948295,0.41711086096698663,1,interior
0.25108302110690967,0.08893406030156636,1,interior
0.31490538739615304,0.07184639357021709,1,interior
0.3181520377334533,0.06253769465422283,1,interior
0.2817678299180226,0.06092074394858019,1,interior
0.2691127954426718,0.06699102959440713,1,interior
0.2765129861196127,0.0589314670511543,1,interior
0.2572943274471243,0.2058829200453632,1,interior
0.25267077655820186,0.19689143854020588,1,interior
0.2518429417910432,0.20278170486405359,1,interior
0.23615483190778028,0.0850368739753152,1,interior
0.24125521203918238,0.08204182835830327,1,interior
0.24506846160916496,0.08897066743624177,1,interior
0.30464349579587474,0.07373909329002527,1,interior
0.2992220880318425,0.08231718416944352,1,interior
0.3099543223517349,0.07575188580893852,1,interior
0.9937761381114507,0.37717644076663975,1,interior
0.9901090625903132,0.37984793702706726,1,interior
0.9855247102064155,0.26369960942242565,1,interior
0.3175207209157327,0.036457714804368546,1,interior
0.32470134661293704,0.02940379861006864,1,interior
0.32989392671004364,0.03180904888824057,1,interior
0.31886250284185713,0.03164765913508604,1,interior
0.3189823342372134,0.041667258553200366,1,interior
0.3293183730135857,0.036889046871816364,1,interior
0.3152091092902973,0.057496544600971596,1,interior
0.3209661980953554,0.05772667494925638,1,interior
0.3134796693808714,0.06201197975983637,1,interior
0.2470878826839367,0.11741155517001253,1,interior
0.2420232464079921,0.11500297612897763,1,interior
0.2881505493988764,0.21362856791633514,1,interior
0.28539730478632175,0.21761604761310668,1,interior
0.2799741100013254,0.21753951311819233,1,interior
0.28881741198353056,0.20911649883654865,1,interior
0.22697915065412938,0.11396005748674272,1,interior
0.21796928308991476,0.10964574345901106,1,interior
0.23101318193425713,0.11609512284595927,1,interior
0.2220534749148488,0.11455463748045452,1,interior
0.24172509616996596,0.176247117329803,1,interior
0.2406207685308828,0.18682837194549448,1,interior
0.23903775039203629,0.18107681109183899,1,interior
0.9653852238901504,0.341010663420399,1,interior
0.22668049086228473,0.1192500319725782,1,interior
0.233327248264905,0.12034862023302591,1,interior
0.2402754883807034,0.11075405934591384,1,interior
0.3063346197989747,0.24924947226127794,1,interior
0.33635911103769456,0.02895482787610844,1,interior
0.3305177504789775,0.026319476248676896,1,interior
0.3347056849688273,0.03512955164226308,1,interior
0.26769217369536336,0.20866915509025502,1,interior
0.9896511317479918,0.38922641679165965,1,interior
0.9864089123754042,0.3844663223639109,1,interior
0.9880829516514623,0.3946658265967532,1,interior
0.982029954793554,0.39406919164872656,1,interior
0.288545362104199,0.08341098063003137,1,interior
0.23334226992966287,0.1948183375645435,1,interior
0.23808886276602576,0.19562693291552885,1,interior
0.23067200191033727,0.18711129829215647,1,interior
0.23476203273466645,0.18400136404802847,1,interior
0.22959253172968053,0.19167549017996077,1,interior
0.27455895867915253,0.2186495109334675,1,interior
0.278533427860855,0.22458136312695096,1,interior
0.2831814505110916,0.22239962387486947,1,interior
0.263610041512329,0.14528458063193617,1,interior
0.2685562350698896,0.1469665979933242,1,interior
0.26012308114708976,0.1415806010585326,1,interior
0.2732895423015167,0.1432731069037411,1,interior
0.2687420656629411,0.15308278246367332,1,interior
0.26430559086933136,0.14978663014436985,1,interior
0.3385842261357919,0.039397733984488446,1,interior
0.2509066041120972,0.11262474432777898,1,interior
0.302028119368313,0.16261925579343697,1,interior
0.3404925778199452,0.033970736961263376,1,interior
0.3359107638876127,0.02217736426252836,1,interior
0.3404707476682538,0.024578567139265445,1,interior
0.3428581501074319,0.02969128883375721,1,interior
0.33746127216519695,0.044045370613386765,1,interior
0.23374607199049766,0.17741601252150635,1,interior
0.2598673715702744,0.21083327925374795,1,interior
0.9933676384717268,0.39918242275597354,1,interior
0.9940924197292084,0.39327219245518735,1,interior
0.28117490572218945,0.25484839929829634,1,interior
0.27759663345379365,0.25754533505882915,1,interior
0.27274395589131256,0.2574697177256547,1,interior
0.24670707938414613,0.19928295277682048,1,interior
0.24043890821771963,0.20085491457978902,1,interior
0.3215397007447995,0.05193253226281971,1,interior
0.31236600472361925,0.05162515556918342,1,interior
0.3100384478353285,0.058152782829643694,1,interior
0.3431148633562808,0.038338374967280264,1,interior
0.32239925551052395,0.06309519659785388,1,interior
0.3591122825166435,0.03249492804934778,1,interior
0.35989369630277296,0.04264412292934892,1,interior
0.2204018830645631,0.12015990128631288,1,interior
0.21624777860108604,0.11598423893564895,1,interior
0.22408500069785373,0.12344624856230627,1,interior
0.34820437117236375,0.029110833321914314,1,interior
0.23621984291929504,0.11473767496727647,1,interior
0.2402238077974971,0.12043142923008845,1,interior
0.21478100158310945,0.12220404955527871,1,interior
0.21941794158213832,0.12639523206566805,1,interior
0.2288331931486922,0.1984646487006877,1,interior
0.2348424595519097,0.19936918369243678,1,interior
0.22449957386358038,0.19306702831132203,1,interior
0.28800530599601487,0.062318492049506534,1,interior
0.2805054938032119,0.0542619971994939,1,interior
0.28623800731364835,0.05639915073408345,1,interior
0.2953995496582714,0.07874713227991603,1,interior
0.24612851306750302,0.1240863516570458,1,interior
0.2513527814813045,0.12183107156869612,1,interior
0.304308244087057,0.2370879888470923,1,interior
0.2899613641331082,0.06828325284417751,1,interior
0.28447672284738157,0.07093179636350158,1,interior
0.21309357077949093,0.12864658255734834,1,interior
0.21544310569592895,0.13531798492353755,1,interior
0.22315922930614818,0.13163700610318707,1,interior
0.21825024314358998,0.13165587389250347,1,interior
0.2247980402726823,0.12751763546436745,1,interior
0.2653143537952723,0.15841448757338997,1,interior
0.20676591127055868,0.13948697625426906,1,interior
0.22156053508451104,0.13664612556330083,1,interior
0.21902365131111523,0.1409432723270088,1,interior
0.2095703204981939,0.1341622801710832,1,interior
0.24113004706968488,0.1262062766802276,1,interior
0.2518779166742259,0.12804116136738056,1,interior
0.24472515164392591,0.13061419331292992,1,interior
0.2588631553408032,0.15898642958325482,1,interior
0.9394041941770582,0.38373195167972235,1,interior
0.25900772829850155,0.14796793075389428,1,interior
0.22747825364905058,0.13614388270803393,1,interior
0.22840343239054095,0.13079445391694025,1,interior
0.9876204932616858,0.2563010138716267,1,interior
0.29918303858411655,0.2352628060453078,1,interior
0.2562968090546681,0.13256257818089037,1,interior
0.26132650722340195,0.12429657646336778,1,interior
0.2602059813818274,0.09426170070398344,1,interior
0.9911732295569065,0.38456419591357927,1,interior
0.23766934903729595,0.07610393250774329,1,interior
0.23069550237117475,0.08364770851163028,1,interior
0.2859515943634176,0.25259588970692953,1,interior
0.27577896145349673,0.25302116923694395,1,interior
0.28039321403422673,0.24956773522086173,1,interior
0.2596879323983195,0.06900942404111227,1,interior
0.2631022838426153,0.06552559903910443,1,interior
0.994296723036639,0.38205765925376295,1,interior
0.9946383035298806,0.3873409090588445,1,interior
0.33457559776962076,0.018572302837656155,1,interior
0.2717150334299795,0.26120820241121645,1,interior
0.229517846182436,0.12495061340820379,1,interior
0.2573385953713863,0.2159263152308642,1,interior
0.2643675109906183,0.21360590134888222,1,interior
0.25514384803702594,0.21125326705732111,1,interior
0.25121981096710216,0.20848338400894795,1,interior
0.24220380083437404,0.07365697173061239,1,interior
0.2343346566457651,0.07969959756318308,1,interior
0.32923010386259327,0.08470315849212456,1,interior
0.9794888785128256,0.3722523903865717,1,interior
0.24526456798995344,0.20582776557725077,1,interior
0.3438484826727997,0.09382780728462492,1,interior
0.22942714442755355,0.17051364747310005,1,interior
0.22890679035723813,0.18230413638985374,1,interior
0.23681715788464475,0.17235783217267087,1,interior
0.2266095879263008,0.17700191228920226,1,interior
0.26169647417203895,0.15372180403206798,1,interior
0.2255700917475266,0.08197175531753063,1,interior
0.22683146238605315,0.08846620492696135,1,interior
0.22864753110945732,0.0761713231824802,1,interior
0.29114197443574324,0.21829400826440848,1,interior
0.29377112814473577,0.21252727494033566,1,interior
0.2329256433212601,0.12918545177152746,1,interior
0.27107713335244826,0.056978876228958496,1,interior
0.27511911695618646,0.0526286108746194,1,interior
0.233224591273956,0.13927282759701146,1,interior
0.22641534023833174,0.14228768802631891,1,interior
0.2331309435462746,0.13400511565464765,1,interior
0.227419158827987,0.20531751196931625,1,interior
0.2215536446519172,0.19708363690691846,1,interior
0.22129025184783124,0.20166675502015732,1,interior
0.2941517646616365,0.07344815661691809,1,interior
0.28782996677448286,0.07449436426612031,1,interior
0.2255451785075656,0.16367209290321874,1,interior
0.23096450983615627,0.16428360348521479,1,interior
0.22199392310785515,0.1673462381148005,1,interior
0.2327086445521156,0.07399661929955759,1,interior
0.2506590144734521,0.21530178706127973,1,interior
0.2622423629278349,0.21894863279859147,1,interior
0.2520707382985045,0.2210048900858531,1,interior
0.2601577622240098,0.22377546790814962,1,interior
0.24648709798085822,0.21118422244117924,1,interior
0.22582016852875877,0.14809490571475548,1,interior
0.23068923370022848,0.14751702821118456,1,interior
0.31606202903516734,0.26886398267530354,1,interior
0.23613634701896666,0.07012383408134089,1,interior
0.24882687463754335,0.07261732206994115,1,interior
0.24018753013797797,0.06626821893455677,1,interior
0.3092864157517761,0.07010468428376568,1,interior
0.30936217698556273,0.06462065936296918,1,interior
0.3026105835280924,0.20733770158589424,1,interior
0.29863737243110916,0.20361344656011152,1,interior
0.22065735001550638,0.08008661606234826,1,interior
0.2203038665031006,0.08548742070985224,1,interior
0.22392210319837225,0.07632074437575039,1,interior
0.2886960906790512,0.2237917121881261,1,interior
0.29599924732553734,0.21770557671685592,1,interior
0.29294824095057287,0.2277121739782182,1,interior
0.25651949490305415,0.06430937992081466,1,interior
0.24309633145276852,0.16885730486811235,1,interior
0.26539061382904033,0.05512002104008391,1,interior
0.2736056346625318,0.2474672972222897,1,interior
0.2798643169410548,0.2442329795627576,1,interior
0.28653386876225884,0.2466603808455944,1,interior
0.23903371104572724,0.13537369922660283,1,interior
0.23581432340430344,0.12518361352243354,1,interior
0.326640661720758,0.020617123210323787,1,interior
0.32489902640378815,0.023980346533178064,1,interior
0.2500612604430615,0.17008789604997832,1,interior
0.2460801451298833,0.17337381462448526,1,interior
0.2232092282434101,0.18184881488216925,1,interior
0.22336366913129918,0.17279103802744844,1,interior
0.3126253318190078,0.03904258066143107,1,interior
0.3127091374111431,0.04459640454735083,1,interior
0.31734763501137947,0.047982406758320835,1,interior
0.2856864933139127,0.257297024886992,1,interior
0.29098879769480357,0.257472496621546,1,interior
0.2905631088325271,0.251047356384204,1,interior
0.2922498571498006,0.05742467566162637,1,interior
0.29043700947732204,0.0517003449673453,1,interior
0.28197155952310243,0.2598532405780454,1,interior
0.2452309036237786,0.21585137115976688,1,interior
0.24040499934003515,0.21234444795405835,1,interior
0.2392742566252591,0.20650179893258014,1,interior
0.2968286814136824,0.06767199570103742,1,interior
0.2101643942583987,0.1454668733047914,1,interior
0.2040250435418158,0.1446612708694117,1,interior
0.20299618564369482,0.13397038673775377,1,interior
0.2007910888751853,0.13962660735875213,1,interior
0.29983702612019864,0.07150641531209463,1,interior
0.30371004945472996,0.06710341123712169,1,interior
0.254912840584658,0.15267108007398672,1,interior
0.25319183424914543,0.14513563308446967,1,interior
0.2984512491297416,0.20959839453048423,1,interior
0.2938517412161175,0.23321010348869783,1,interior
0.2179044120891616,0.19110805988472973,1,interior
0.24582418537172562,0.221372352938051,1,interior
0.25543890724200596,0.2262291325757853,1,interior
0.2485667987430093,0.2273135653186893,1,interior
0.2571122984728569,0.2208877769726762,1,interior
0.26842989777956267,0.21962094950188837,1,interior
0.2622044330120919,0.22824117287164114,1,interior
0.2448914926174889,0.1404691434018563,1,interior
0.23986123651639182,0.14098825235466403,1,interior
0.24473602076507672,0.13629428456810852,1,interior
0.23803111551733883,0.13050544707925307,1,interior
0.28463013096306716,0.050300686428053215,1,interior
0.2788330841220133,0.04675646532564951,1,interior
0.2513164685782491,0.06123584590972233,1,interior
0.25055791841981484,0.06667037477153324,1,interior
0.261090031555608,0.05941553487834494,1,interior
0.25488516386153054,0.13838821699372952,1,interior
0.2300238081620881,0.21008800365356586,1,interior
0.2335801518110284,0.20428201107807734,1,interior
0.2239879691834734,0.21070429431681517,1,interior
0.22088711756608254,0.20621912328477973,1,interior
0.23527105301867723,0.2097213289946432,1,interior
0.29991557688059534,0.06304395379390436,1,interior
0.30467343304070393,0.0596843032153866,1,interior
0.2677875119693808,0.22650747591475154,1,interior
0.25040446855744475,0.13399206372811107,1,interior
0.22964366197357314,0.06828111278340561,1,interior
0.22359550566063655,0.07026375038039147,1,interior
0.2671904427112087,0.2329637068911774,1,interior
0.26183911094257584,0.2334566331452128,1,interior
0.27134205608989687,0.2300014482809268,1,interior
0.2249805862490848,0.0626879544804008,1,interior
0.21594384663010954,0.06981403131713669,1,interior
0.2983578475608506,0.05796466002907693,1,interior
0.29417812551352035,0.06283623584831081,1,interior
0.31443919334186543,0.028311563525790714,1,interior
0.31965013094291245,0.026419588659139404,1,interior
0.3125087253812942,0.03304359394355376,1,interior
0.2900365052012414,0.2422165804534239,1,interior
0.2848352640590158,0.24055515329746532,1,interior
0.29440578672222495,0.24615872207475317,1,interior
0.27326196808402947,0.14889925821201727,1,interior
0.29302059242284706,0.2056555513832558,1,interior
0.2893867627699473,0.23665952676686428,1,interior
0.3003262710358437,0.24151762212994687,1,interior
0.272772513019191,0.2245240841352544,1,interior
0.2740200382387763,0.2349221165183691,1,interior
0.26943953891434685,0.23819145562976551,1,interior
0.24755725639395612,0.10407586986664352,1,interior
0.30616410224286666,0.031694545018210375,1,interior
0.3038875276863547,0.047328128614963966,1,interior
0.3017916313948979,0.05321456110241247,1,interior
0.3172506974868187,0.053398073390773425,1,interior
0.25571376537749346,0.16561779158811887,1,interior
0.25456771968118014,0.1722759114309846,1,interior
0.29781631591166513,0.24961708553280165,1,interior
0.2950846204331315,0.2533327050095283,1,interior
0.23459273818096416,0.06360534963245201,1,interior
0.2453520527311613,0.06191705183879603,1,interior
0.23901879832327988,0.05977858719721027,1,interior
0.24511459342949765,0.06815849935331623,1,interior
0.21265667092932905,0.13986008619577806,1,interior
0.23592666812549704,0.16729316091954974,1,interior
0.23960055534025426,0.16399660231405644,1,interior
0.30653164974306785,0.04147344433274651,1,interior
0.3078257636727694,0.036038320112349795,1,interior
0.21959909712509493,0.1775250593593667,1,interior
0.21416952623523738,0.17961206905876134,1,interior
0.22439171071354225,0.18737426833777215,1,interior
0.21082054845128442,0.18309857017342543,1,interior
0.2126240331960282,0.1878249384423143,1,interior
0.21370617741191145,0.17484936902384476,1,interior
0.2083587937806584,0.17761944144249525,1,interior
0.21763525790997879,0.18428149277220746,1,interior
0.24836183072421794,0.1502495319351208,1,interior
0.2532281821673446,0.15935202551993222,1,interior
0.24790951746679565,0.15925324587686146,1,interior
0.20862514549478084,0.1718933346543423,1,interior
0.2018820424836981,0.17819362770243594,1,interior
0.20531652430075814,0.18201471720769946,1,interior
0.2041159379388684,0.17383734026311246,1,interior
0.21512303732496552,0.08093474765495152,1,interior
0.21799894957061097,0.0912806766239661,1,interior
0.2139377282005036,0.08736210468306771,1,interior
0.22225882416844583,0.08975639825568546,1,interior
0.28432628284205724,0.23437377979829196,1,interior
0.27950863378152174,0.23804116259796895,1,interior
0.2946942830934172,0.23938586736446277,1,interior
0.2678807917253047,0.4214179160578952,1,interior
0.30155103756749624,0.2466331805467047,1,interior
0.20609742452759428,0.15019158137141678,1,interior
0.20054546516100558,0.14971055932391247,1,interior
0.19872798052371127,0.14461424787450844,1,interior
0.3685954033977262,0.030205458509687966,1,interior
0.28864570283068863,0.23054676021326592,1,interior
0.20651480123356036,0.18692976300994457,1,interior
0.24927042364044813,0.16450578533959573,1,interior
0.30428220657877697,0.21214430828815367,1,interior
0.24138553780548158,0.21831163665413414,1,interior
0.2428342028310072,0.22700160637287659,1,interior
0.23920711050355198,0.1466615748837395,1,interior
0.2455643130058584,0.14497082798471375,1,interior
0.2990928151926619,0.048205953385225056,1,interior
0.29591462212812925,0.05244560918270674,1,interior
0.3043173589127605,0.02709130541979397,1,interior
0.3092610924865404,0.02842931121833246,1,interior
0.30045044110405444,0.030482651020380027,1,interior
0.21849390737112762,0.16103528198695524,1,interior
0.21538680701626312,0.16565692891169914,1,interior
0.21799115311367803,0.1714049578840761,1,interior
0.2703590715788513,0.40860358770963395,1,interior
0.23316410223354125,0.056342276816164084,1,interior
0.22994021370248166,0.06136967239286946,1,interior
0.19414617559364045,0.14801508256319623,1,interior
0.19134287342501846,0.1373294281063745,1,interior
0.1898139252692539,0.1433680503568363,1,interior
0.24229195999793526,0.15027543164645898,1,interior
0.2715473507502361,0.41819709671289623,1,interior
0.26316431890287706,0.42600276870427994,1,interior
0.2750841415315792,0.4199245467827318,1,interior
0.26797095652819725,0.4170513955155467,1,interior
0.2780394441278518,0.4125674375876492,1,interior
0.23929722160490643,0.22315686531768578,1,interior
0.23449944255946042,0.22404895863156726,1,interior
0.22004569594949697,0.06547027531543453,1,interior
0.27561724980439173,0.2293140693663994,1,interior
0.27428142361611113,0.2413557234117989,1,interior
0.21475171424899,0.1963751084330725,1,interior
0.20970921163724338,0.19239894584940803,1,interior
0.20842153486754356,0.19857148848898967,1,interior
0.21744961815501437,0.2014781361907321,1,interior
0.2669308817683628,0.061044399127610616,1,interior
0.26637222635681523,0.2581039722907479,1,interior
0.2952127175695575,0.03461615062277985,1,interior
0.2956783250793471,0.028901011697069642,1,interior
0.3016928730259984,0.03632570394479919,1,interior
0.25539612813155904,0.057526255068842784,1,interior
0.20915308126960733,0.16622047712688504,1,interior
0.19359418235461354,0.16963784292914239,1,interior
0.1988654727171244,0.16626039428183512,1,interior
0.1964093673588885,0.17905759053651918,1,interior
0.274018741225491,0.04379707479330584,1,interior
0.28264647309294966,0.040720741350294215,1,interior
0.27667940350193965,0.03990954625943112,1,interior
0.28476180144198737,0.04471324531222634,1,interior
0.23363696962137984,0.21457597925771424,1,interior
0.22202065765639425,0.21533602061011314,1,interior
0.22770648430542484,0.21556415753019986,1,interior
0.23134749229979165,0.21996011188452183,1,interior
0.3001844063279188,0.042712260231878324,1,interior
0.2959385922244274,0.03972418425476913,1,interior
0.1870111255564396,0.13914454689948724,1,interior
0.19248004119574605,0.1314520397945652,1,interior
0.18679377788540144,0.13315731922327684,1,interior
0.19777009004834917,0.13123980932475118,1,interior
0.18319685687136947,0.13759239239235307,1,interior
0.20833365116988875,0.07816248827748244,1,interior
0.21021732670975965,0.07244121297208424,1,interior
0.21886718316311135,0.0751655229484187,1,interior
0.2100090061635584,0.08385937217226362,1,interior
0.28896459966187865,0.04652162453530493,1,interior
0.22895296793669342,0.22417896542675134,1,interior
0.2610095183358321,0.04907656959598087,1,interior
0.24931913763492908,0.056274433601506905,1,interior
0.2535055493582973,0.0518217474547567,1,interior
0.2598449419286467,0.05308660050276497,1,interior
0.20366904778006947,0.15614916188158995,1,interior
0.1972961994454945,0.15406472255641718,1,interior
0.20740485387444121,0.08955865363246183,1,interior
0.26253405831845167,0.26043060454987793,1,interior
0.26051791579916694,0.25772621427858466,1,interior
0.2154189483461417,0.1497254541873626,1,interior
0.21560151571212258,0.14461004420130402,1,interior
0.20881414364687872,0.15511961792334952,1,interior
0.25203878703553834,0.046045823477775284,1,interior
0.26535082568548507,0.04869293093928456,1,interior
0.19597221707978085,0.12608507636223706,1,interior
0.21211524464788875,0.10630281145304837,1,interior
0.2112456886799178,0.11249001353242076,1,interior
0.21713665037618482,0.1030457267210841,1,interior
0.24376929483414922,0.055863830844496566,1,interior
0.2382326484558215,0.05398324070964183,1,interior
0.21050900350912236,0.1604789519864323,1,interior
0.2042205064154173,0.16264025848638725,1,interior
0.21299617658656844,0.16993130798551542,1,interior
0.26823285748209247,0.2431498894488424,1,interior
0.26697093380898546,0.24802194773160843,1,interior
0.26516229549225245,0.25263256016801133,1,interior
0.27406845230482085,0.413533754192431,1,interior
0.2532521651967472,0.036643654309408004,1,interior
0.2193539194991476,0.15424091208957413,1,interior
0.22079514577605228,0.14734748111980625,1,interior
0.22436781918244933,0.15310280926288605,1,interior
0.20415272452284788,0.19562730051140517,1,interior
0.27184651878931043,0.040563885967098735,1,interior
0.3085225549446139,0.04724117026389409,1,interior
0.24761576590941953,0.05039154267411504,1,interior
0.24254673694987255,0.05141706079350276,1,interior
0.21374516305370675,0.075622457317183,1,interior
0.18834355063209005,0.1740202507731544,1,interior
0.1929096303100119,0.18445579552161367,1,interior
0.20012104889165166,0.18419209440367992,1,interior
0.19098129059610167,0.1789957120225542,1,interior
0.34487120311946357,0.025875177723775938,1,interior
0.26332102757313036,0.23860377920472678,1,interior
0.2234890631232924,0.09423106457117206,1,interior
0.23021242715675116,0.09424239108698847,1,interior
0.22213337048700374,0.10000289678470757,1,interior
0.22683839875935233,0.10315869820023314,1,interior
0.25744664111415955,0.4313919364692774,1,interior
0.2234503358331855,0.15832236622729673,1,interior
0.22940622000188132,0.15789740941322797,1,interior
0.2503160641485101,0.04004353647615914,1,interior
0.2473171506094857,0.04414473328519816,1,interior
0.2804561445062178,0.03616819806826785,1,interior
0.2916946074395194,0.031132493497898067,1,interior
0.18761277600738568,0.1489286567669111,1,interior
0.18343832399924268,0.14372741790113674,1,interior
0.19505460391025084,0.1414238672825819,1,interior
0.17876153668549252,0.13852288205961436,1,interior
0.28378471730243165,0.22803583870672398,1,interior
0.260972309046009,0.25341414067109286,1,interior
0.2620190259784598,0.24439839574469535,1,interior
0.18070017288052995,0.1329752698822649,1,interior
0.1886235168475425,0.1262761662588375,1,interior
0.18344611825913687,0.1285544653871797,1,interior
0.1827206490075676,0.17588823561740177,1,interior
0.1863745109476526,0.181404797252324,1,interior
0.18440138796369185,0.170316442962363,1,interior
0.18876795745377614,0.16699644566085467,1,interior
0.2897521889271755,0.04024821887821259,1,interior
0.23943907187431313,0.15859238834664255,1,interior
0.2248050918750176,0.20173578476269846,1,interior
0.21702107458016975,0.21177929389929442,1,interior
0.21427594830289834,0.2065353624792692,1,interior
0.2357598131947529,0.1527553871407808,1,interior
0.22935397437924793,0.1521820428518476,1,interior
0.23493113118165784,0.16064370973329112,1,interior
0.22431305484568773,0.22023578694807647,1,interior
0.24986117664422988,0.033560527793546235,1,interior
0.2066433402871006,0.1285856597611172,1,interior
0.2509235975156176,0.4362595186192953,1,interior
0.17600028473370827,0.14905790102431266,1,interior
0.17781713830259815,0.14437202207021035,1,interior
0.18128779125007072,0.15137635167061775,1,interior
0.23885839565878458,0.04901884572052146,1,interior
0.23426764039211637,0.0497107990518559,1,interior
0.22314616049222552,0.05689551021118554,1,interior
0.24302138421948405,0.04683990102459914,1,interior
0.23757432608213444,0.044179931430462345,1,interior
0.2648868636771404,0.414520693844574,1,interior
0.19145899914693706,0.15379637255162096,1,interior
0.1866329276051871,0.1544091256022863,1,interior
0.27202651820580215,0.04789938245099517,1,interior
0.26179121159548024,0.24909808607609638,1,interior
0.1876226761893243,0.1879866333509426,1,interior
0.19280707354735502,0.19092432508759716,1,interior
0.22909531204966008,0.05045276770606825,1,interior
0.23981191355233752,0.4509943087674292,1,interior
0.24355374287325574,0.15533366870950718,1,interior
0.1732955925129208,0.1389170395016146,1,interior
0.17134553351621956,0.14481691786695272,1,interior
0.20460728850791868,0.072107509549401,1,interior
0.2094702221061542,0.06655875883783806,1,interior
0.2560632002447934,0.2481464874698223,1,interior
0.2570479364785759,0.2543553533734786,1,interior
0.2049105285980312,0.08325549942864328,1,interior
0.20723263162730118,0.09619779022306703,1,interior
0.20183781103815052,0.08787048158565691,1,interior
0.2009210217567368,0.09343245025552628,1,interior
0.20160185980584322,0.20156907349891515,1,interior
0.20823317351254353,0.2044071219200023,1,interior
0.24405037681215283,0.16202595145551923,1,interior
0.2573479480823992,0.23582497888236512,1,interior
0.2572439111795141,0.2412153552992067,1,interior
0.2577766022071951,0.2308443975548431,1,interior
0.18879988483402532,0.1601505944123299,1,interior
0.1940077853480235,0.15834910959723963,1,interior
0.26455219847069533,0.22334726016190892,1,interior
0.3003637409909651,0.22005321468255806,1,interior
0.19888131713627255,0.16011736690658998,1,interior
0.20865089467813014,0.12296621113281016,1,interior
0.2025852299886082,0.12348083475309951,1,interior
0.24963500921015297,0.15500373220156255,1,interior
0.2549672231366209,0.4392775620135081,1,interior
0.2464191141102703,0.44077706125127475,1,interior
0.25568394767442265,0.434725810191134,1,interior
0.24012497099839394,0.03860546155267736,1,interior
0.23406045558194352,0.03929550037692922,1,interior
0.2313799091796844,0.04459535486295119,1,interior
0.21753591508361514,0.09691318103709255,1,interior
0.253054486945919,0.23152897701516037,1,interior
0.21264039448818678,0.20142916656472493,1,interior
0.17893798249939885,0.15885589919355989,1,interior
0.17507032676392756,0.1545916520195245,1,interior
0.23923191640268796,0.4480887583962326,1,interior
0.24460191990712218,0.44589403672914935,1,interior
0.17521810895447412,0.1328872630969454,1,interior
0.16717192225074115,0.1392092274079988,1,interior
0.16945031507342093,0.1332675514632538,1,interior
0.21910210265709468,0.22733812494828257,1,interior
0.22347119172196364,0.2251546117555873,1,interior
0.25244398319029104,0.24267935848120417,1,interior
0.2404357781668456,0.4429685849260731,1,interior
0.2511932111405311,0.4411801563031232,1,interior
0.2696327230658081,0.052040829369798425,1,interior
0.23363138332983782,0.44890239901977363,1,interior
0.23573285664010415,0.4524792567671092,1,interior
0.2358125878146465,0.44550072189730994,1,interior
0.1730902538429131,0.16004915650242715,1,interior
0.17140146900644643,0.15079983637568092,1,interior
0.16796062866943373,0.1559276919241432,1,interior
0.9543227194725903,0.1976780812483915,1,interior
0.25858746257198917,0.4378689689097433,1,interior
0.16640753273763323,0.16787906665868402,1,interior
0.1714843885860216,0.16546111631645796,1,interior
0.17676930331464727,0.1651073226833335,1,interior
0.26333143838484524,0.20718621638177395,1,interior
0.217693556662487,0.21805302340113675,1,interior
0.20724032771687115,0.1027382058059359,1,interior
0.21228164968685706,0.09977634862761102,1,interior
0.20268760430877455,0.09925760175555418,1,interior
0.2125604740160835,0.09343389542359798,1,interior
0.1830173060661222,0.164304988860494,1,interior
0.17928443584866016,0.17055849819468896,1,interior
0.29419981338841555,0.04589866838891317,1,interior
0.24871565379810484,0.23271520510146662,1,interior
0.2689557650573884,0.04407629199461505,1,interior
0.25212678949611106,0.23715585431664282,1,interior
0.1956133259949544,0.08778312622207651,1,interior
0.2012217789877012,0.07779481350512542,1,interior
0.19976764589704846,0.0833706434133539,1,interior
0.17813467956158635,0.12750632038810963,1,interior
0.17252848871370285,0.1265053867154577,1,interior
0.23404350259382997,0.14475206419056816,1,interior
0.23399938261277056,0.3121089474464956,1,interior
0.23283827298948323,0.30830018829032285,1,interior
0.30686270410581923,0.052929292818144125,1,interior
0.1938340495078891,0.16370150520545623,1,interior
0.19425772775607758,0.09376922109157758,1,interior
0.22565877878302762,0.04522493910382056,1,interior
0.2182335772692137,0.22296957373058693,1,interior
0.2121510161347044,0.2451677010483911,1,interior
0.21102026374102964,0.2400136190244199,1,interior
0.21426335605687044,0.22785968433384426,1,interior
0.2045836075580242,0.11651926442072114,1,interior
0.22949181329314267,0.44893660540406766,1,interior
0.2608358681346438,0.43455977957059944,1,interior
0.1626510124892809,0.16175037220310823,1,interior
0.1613510594755471,0.15409473740862062,1,interior
0.16783565716075216,0.16188262131092457,1,interior
0.16641250064269061,0.14941690784971443,1,interior
0.28990430696772274,0.034681526433146745,1,interior
0.2855306787449554,0.03574744119001692,1,interior
0.15635269013499234,0.14996416132129878,1,interior
0.15421275926178907,0.15550952282701885,1,interior
0.1609116908578113,0.14688293440900277,1,interior
0.21486246940470233,0.06324634278065368,1,interior
0.16834815361024014,0.17347397324706298,1,interior
0.17305546997832874,0.17122025447775055,1,interior
0.16001654390346579,0.16880416197435386,1,interior
0.16295596669265291,0.17346365918820225,1,interior
0.21111573388245128,0.15102742979261263,1,interior
0.1760918745187511,0.18343071903895083,1,interior
0.1768694649358017,0.17680138308462015,1,interior
0.20504006402857028,0.06045091516307705,1,interior
0.2193282861891722,0.05999572605630257,1,interior
0.2102817847018029,0.060273675579127675,1,interior
0.20825495902583238,0.054165540860516705,1,interior
0.20432908191836816,0.06614078394468899,1,interior
0.21432946010114853,0.056338059587987356,1,interior
0.22926838186813592,0.45589422987271727,1,interior
0.20925149763603362,0.21072484227067884,1,interior
0.21202436157057344,0.22133140663334178,1,interior
0.21421838020656145,0.15570565378673096,1,interior
0.3304531203132723,0.021232820859668492,1,interior
0.20184130161889052,0.21252144086042982,1,interior
0.20728064095574175,0.21638810376355208,1,interior
0.2040379584000883,0.20740335416666075,1,interior
0.19834217203930576,0.19480149675990174,1,interior
0.1956536782753928,0.19989263295090995,1,interior
0.22332311373367567,0.05116607820673036,1,interior
0.20271711473493226,0.19036697086340737,1,interior
0.9784428510653684,0.3461771091544671,1,interior
0.19454984968511888,0.2048981849592766,1,interior
0.18942990138260196,0.2011684064745192,1,interior
0.19274308828108336,0.1961045985107812,1,interior
0.19893188480901305,0.2074854815627269,1,interior
0.23171260726572093,0.3046690208126065,1,interior
0.23045808369539675,0.4527515318162078,1,interior
0.17127851392946872,0.17890969613139737,1,interior
0.23204478822104893,0.3008595059235629,1,interior
0.22954442410549927,0.3017244079494056,1,interior
0.22583232494197172,0.4550374699847348,1,interior
0.22582492788850558,0.4512720768161689,1,interior
0.24948404177498693,0.13990849366913852,1,interior
0.20239793248037094,0.21774115851563805,1,interior
0.19428031320742717,0.21147634980203708,1,interior
0.19722845936635455,0.21695445695453242,1,interior
0.2116481087676329,0.23590160972347923,1,interior
0.19797480444197538,0.07219088604652837,1,interior
0.1956014457633098,0.07601390692770768,1,interior
0.19553619630544228,0.08120130882189756,1,interior
0.1980408625764123,0.12013843460740305,1,interior
0.20629986552702437,0.10919384095045893,1,interior
0.21084273865886463,0.11797742084569204,1,interior
0.23015962131599133,0.29727792994098673,1,interior
0.22537670612146612,0.2946381369956074,1,interior
0.22735013041406424,0.05617827457549245,1,interior
0.2795246032350815,0.23170489838812827,1,interior
0.2082501710344161,0.22659711518008732,1,interior
0.21256813139236536,0.2155224752504496,1,interior
0.1935714442121098,0.17472625786055782,1,interior
0.19133816900583406,0.07795729457660468,1,interior
0.19134666136256362,0.07200484101347437,1,interior
0.19488047754197071,0.06695678185207397,1,interior
0.21988336242819298,0.2947472452464564,1,interior
0.18073923062601385,0.18100877272304935,1,interior
0.1818049837532502,0.18610791606811714,1,interior
0.2428442445087343,0.042397697178155794,1,interior
0.24345853248733226,0.033511704410997115,1,interior
0.2370690882167291,0.034584012612187416,1,interior
0.2458907590949916,0.03843847772348253,1,interior
0.22782333442023486,0.03954738939879785,1,interior
0.22131385321334854,0.040643487305771504,1,interior
0.26860091273645986,0.4124530507609741,1,interior
0.18986356242324645,0.083505227772881,1,interior
0.20995799268219875,0.2316329668043541,1,interior
0.2143077765787993,0.292069317807483,1,interior
0.22071067138450015,0.28959301958252265,1,interior
0.21506509452846348,0.04494669142409471,1,interior
0.21925469479128318,0.0548196066776528,1,interior
0.1834602304247648,0.084051028040028,1,interior
0.1883696826420412,0.09037772890849319,1,interior
0.18641512923061868,0.07718237143626275,1,interior
0.1659262953074272,0.17783505923779877,1,interior
0.18242452328115788,0.12340516830679053,1,interior
0.1678545616986495,0.12348313206984077,1,interior
0.17057623069698646,0.11920807688425239,1,interior
0.17636637567863847,0.12151283838843256,1,interior
0.20614020432081087,0.24190396382823806,1,interior
0.299881179333313,0.07663242862978281,1,interior
0.17074990365174816,0.18615407185266988,1,interior
0.16569066245260536,0.18342465550930498,1,interior
0.18828630237327426,0.20787276454433812,1,interior
0.18794076703571266,0.21334827567649822,1,interior
0.21229746942315195,0.05049207690765585,1,interior
0.21868243387673758,0.25345467180911685,1,boundary
0.21465369965699652,0.2554799857324919,1,interior
0.21309210405657897,0.46570148206077505,1,interior
0.22059323557749816,0.46200283739615805,1,interior
0.21210209087906803,0.47230422178601833,1,interior
0.2146562947638951,0.47588988007997474,1,interior
0.16535112315063308,0.14384390398284821,1,interior
0.20329030394854206,0.2312087844126162,1,interior
0.20297225302133454,0.22595299137412322,1,interior
0.22651565665592244,0.28845045979287937,1,interior
0.2317987920485471,0.2921316784290596,1,interior
0.15537047048861397,0.1440083993473097,1,interior
0.1526002181129055,0.1471072879448712,1,interior
0.1999354729818866,0.2220018040448175,1,interior
0.1944676762118539,0.22256681073844617,1,interior
0.20575245433497694,0.22164098326853207,1,interior
0.21836620616852778,0.26542809702553594,1,interior
0.16096157370199737,0.17933495002209873,1,interior
0.15719380235717229,0.17477037019371733,1,interior
0.15950614805068533,0.18537018725441853,1,interior
0.19675186392523236,0.09968570961456646,1,interior
0.20181094590955787,0.10462746504937344,1,interior
0.19232939696424162,0.1219521053612828,1,interior
0.18690023238181608,0.11926861984255212,1,interior
0.17628687938759224,0.11466944648984208,1,interior
0.18088619530898992,0.11829368738872881,1,interior
0.18090383624091447,0.19514807709496776,1,interior
0.18748236476961289,0.19451105400428145,1,interior
0.16448308501620018,0.13058490485176205,1,interior
0.1600188209389747,0.14013196592193952,1,interior
0.2319110936143257,0.28721248770775637,1,interior
0.20752097635810196,0.24808563355576588,1,interior
0.21498192998439486,0.4802021204591281,1,interior
0.17875370273213362,0.20045210051360515,1,interior
0.1768662108479627,0.1898891796560108,1,interior
0.17489837868736266,0.19567300048809813,1,interior
0.18320022455480126,0.20487421716146492,1,interior
0.18359166411311398,0.15794573520999827,1,interior
0.16380460048145126,0.12013526590945357,1,interior
0.16990384812518775,0.11281097682741058,1,interior
0.1679050044946116,0.12802956975329635,1,interior
0.1738750247301984,0.10956264064050822,1,interior
0.18058976383036984,0.10804017842075206,1,interior
0.2212579184921702,0.2783367614888935,1,interior
0.22821644713161804,0.28329044623773986,1,interior
0.1534961929691265,0.17045706597570998,1,interior
0.15655282397290893,0.16504741226763686,1,interior
0.20798133252468876,0.2903199509699252,1,interior
0.23671537378788896,0.21841745541701454,1,interior
0.22098986316918848,0.45435723503012115,1,interior
0.21576656113932066,0.2678486193595117,1,interior
0.21788684083381615,0.27346660989263705,1,interior
0.16277820542837618,0.13485448979750414,1,interior
0.19814475308496543,0.11493364004393183,1,interior
0.20050310969929652,0.11050167764059234,1,interior
0.17093444336663316,0.1914806941434396,1,interior
0.1729031959653334,0.2011841527037563,1,interior
0.20740691431881833,0.4737025936190911,1,interior
0.2086870793252444,0.4683874836886284,1,interior
0.21013086080049356,0.4795480587288868,1,interior
0.27007180341705644,0.2528085386407277,1,interior
0.19956594756449988,0.06314254709344581,1,interior
0.21500490582576978,0.2618869373776008,1,interior
0.191407897622758,0.21766810864000627,1,interior
0.1592758173107282,0.12918529146831068,1,interior
0.15638400235699196,0.13417079287191494,1,interior
0.16303013414498058,0.1255046797080899,1,interior
0.2159961934464177,0.03961464584821318,1,interior
0.22046009657344806,0.046247146461680745,1,interior
0.21904558244315675,0.0349034461983991,1,interior
0.19888708907531624,0.05742231138435797,1,interior
0.20288948217551567,0.05481249523005012,1,interior
0.19796398104788282,0.22739221152268088,1,interior
0.20121398944749233,0.23702749299485262,1,interior
0.19654218213693087,0.23300004924558793,1,interior
0.2069353782846601,0.23621408613677022,1,interior
0.1454020738379949,0.14917421573474754,1,interior
0.14885713450304477,0.14426384003246934,1,interior
0.15070097855843045,0.15043051229447682,1,interior
0.1527432989119502,0.13886294677138242,1,interior
0.23437646230724837,0.029898277411878522,1,interior
0.19365689848586587,0.0544737695628336,1,interior
0.19817986842372287,0.05061095918784058,1,interior
0.1940185168542273,0.06104296524494649,1,interior
0.18424642153620727,0.19927530483179504,1,interior
0.23089320572031066,0.03426603175171878,1,interior
0.1973218198461352,0.1887475568612012,1,interior
0.20857423198441957,0.2536200786035802,1,interior
0.213027959886581,0.2503075389823577,1,interior
0.20212022157972434,0.2521190151981057,1,interior
0.20268496196040653,0.24619776754150252,1,interior
0.2608135698642078,0.42967682982460287,1,interior
0.18848237400643617,0.22337032033370405,1,interior
0.19223083126619092,0.22825185142807403,1,interior
0.1643732792961274,0.1909160861047851,1,interior
0.1687569993744098,0.19643021103619288,1,interior
0.2097520673774289,0.26593354203311376,1,interior
0.2120205898274563,0.27615733438470674,1,interior
0.17757367638180074,0.08181647899808805,1,interior
0.18208297879988306,0.0900841404314438,1,interior
0.17723816343162316,0.08702700203024973,1,interior
0.18520229952544429,0.21836626861294928,1,interior
0.16762451231893943,0.20181656241404866,1,interior
0.1766479180831194,0.20630356500902766,1,interior
0.1699035446450237,0.20673080619327633,1,interior
0.20130956852696386,0.1284505117119594,1,interior
0.20298144448753463,0.29114842337824115,1,boundary
0.21058667618835247,0.040398326762784056,1,interior
0.21327854560611356,0.03527419626430822,1,interior
0.18922991701952263,0.09814418260887578,1,interior
0.18303185060519245,0.09558972607667922,1,interior
0.19052695832654654,0.23387779315173765,1,interior
0.18520186185137222,0.23402936411060565,1,interior
0.18635855437827156,0.22892923515404837,1,interior
0.16759360793738318,0.1064691554517321,1,interior
0.17893967699106025,0.10366951243478628,1,interior
0.20414376416738272,0.05012689909411535,1,interior
0.19643487478797972,0.04475635350673359,1,interior
0.19069603861091822,0.047648496326892956,1,interior
0.2020277099400449,0.04520341960785515,1,interior
0.2160602790195668,0.2856371167429497,1,interior
0.21092551118696395,0.2871005280275809,1,interior
0.2164852481021994,0.4595783789835079,1,interior
0.2175754270272918,0.465536890106696,1,interior
0.2225763236952462,0.4584147305507788,1,interior
0.22223964762797804,0.28328919132140573,1,interior
0.18702998028132667,0.29896475593646693,1,boundary
0.15360146078908513,0.12799114194437064,1,interior
0.1573133499233946,0.12161441560147979,1,interior
0.15024550770797704,0.1329164954414049,1,interior
0.1721643867424905,0.08945729664347091,1,interior
0.1750146470626969,0.07659990623990039,1,interior
0.18065784515115765,0.0777770845311596,1,interior
0.16589102983912563,0.07968243722031922,1,interior
0.1719183222473503,0.08244068440044915,1,interior
0.1619209300132262,0.10307199855019031,1,interior
0.16442231591156414,0.11108477666967076,1,interior
0.1713286053163905,0.10155975281115795,1,interior
0.166388668530416,0.10013183102982524,1,interior
0.15974314946110993,0.10807672860263673,1,interior
0.19273341745483916,0.03989443847438362,1,interior
0.18878334248723308,0.05328419708149094,1,interior
0.18712028015823018,0.042276395666884514,1,interior
0.18395006655016086,0.051460435559835926,1,interior
0.1828161447293429,0.04610781300692842,1,interior
0.18125883809034396,0.21194008669298858,1,interior
0.17037700160071,0.07498911943893426,1,interior
0.1673897896195822,0.09146153038267965,1,interior
0.14619834273594726,0.1381461226461905,1,interior
0.14686921518629012,0.1269909076478222,1,interior
0.1451388009707268,0.13220092160435423,1,interior
0.18661604299362877,0.03700288864280276,1,interior
0.19061941677009553,0.03408818084821269,1,interior
0.1807102334414023,0.039990623705359885,1,interior
0.22819866720946042,0.028650575715993408,1,interior
0.22476765119122158,0.034460266726237386,1,interior
0.20442910543241952,0.4786281131341898,1,interior
0.20521615940171709,0.4846479702376009,1,interior
0.21463709992799987,0.48446598841394106,1,interior
0.185342519566674,0.03067839763402475,1,interior
0.1745797895986165,0.03941135538427242,1,interior
0.1761663610710191,0.03423698718246448,1,interior
0.17546874368271986,0.04533051619881546,1,interior
0.16966388297329532,0.03612648738133188,1,interior
0.17564582980987598,0.027575183704401752,1,interior
0.17809150899655654,0.05107911482910282,1,interior
0.18043089255114766,0.30120502147355616,1,interior
0.18446003566819438,0.29272445304993605,1,interior
0.18857211939341198,0.0654129826981351,1,interior
0.18928809940104843,0.058889860181282255,1,interior
0.18780786396325289,0.23891679419677714,1,interior
0.19469612835871208,0.23942134872002557,1,interior
0.1711976775589233,0.052229903951992104,1,interior
0.17495971008058447,0.05644756216744715,1,interior
0.17994051920165874,0.057930593803167126,1,interior
0.15086750840789845,0.17591221391232748,1,interior
0.15521665678614535,0.18045855836576594,1,interior
0.14658734945079896,0.17160885593201525,1,interior
0.1499083385883264,0.1658026562301234,1,interior
0.20721452338561747,0.034287139167339144,1,interior
0.22182605015430776,0.02917500375001757,1,interior
0.21262554979752193,0.02574846432591794,1,interior
0.14068007312373737,0.1389137379206555,1,interior
0.14130577248289572,0.13477603218987305,1,interior
0.1421137301406479,0.14401417641874253,1,interior
0.196966447397402,0.10589368878638288,1,interior
0.17312974648687654,0.21152346341390926,1,interior
0.20534525612630883,0.2855649569860321,1,interior
0.19880334601522778,0.47747653971604653,1,interior
0.21806351796443696,0.024250409122786584,1,interior
0.18077877288329391,0.06635895803091835,1,interior
0.1849182886006058,0.05642774538380431,1,interior
0.17509160012076277,0.06294692902107969,1,interior
0.1660133401007275,0.07315097992760818,1,interior
0.17441541171079342,0.06984134676018518,1,interior
0.17829392664648927,0.0724649123581546,1,interior
0.160990310467263,0.07472895881156193,1,interior
0.16941101361188485,0.06742972053318927,1,interior
0.1348922364022194,0.14692469507918063,1,interior
0.2002430030803196,0.0682594056049475,1,interior
0.18805022636846513,0.4730122961124407,1,interior
0.18533946762517275,0.46825351061246234,1,interior
0.20380598656040938,0.024220495077257466,1,interior
0.21312176958876883,0.019624222255058506,1,interior
0.2112995063558733,0.030857141156850752,1,interior
0.2073859210406562,0.028007485951339853,1,interior
0.23934419235932408,0.030783084499985985,1,interior
0.16965309247864777,0.041681478858913344,1,interior
0.1693334111954383,0.04690869940469487,1,interior
0.21757440225312757,0.019559476028165473,1,interior
0.2081155013040862,0.016406294551256487,1,interior
0.17704309080818761,0.09325188919603195,1,interior
0.1711886750781522,0.09590181930183181,1,interior
0.16696365032765983,0.08642327415059448,1,interior
0.19377770968733832,0.11060532897168493,1,interior
0.16054323222050335,0.11513628555343951,1,interior
0.15589121662268815,0.11362598119779306,1,interior
0.1991520814024907,0.4888769689283342,1,interior
0.19458124373524685,0.4820701547499023,1,interior
0.20040553509315942,0.482768228053304,1,interior
0.17456773025382974,0.10517003752108373,1,interior
0.16104103535071168,0.09764450743613638,1,interior
0.1558483421025534,0.10160034327383712,1,interior
0.16538208290937245,0.09522249560715465,1,interior
0.18258854866947982,0.29693981472431596,1,interior
0.19704123838203488,0.24663401424428355,1,interior
0.20020303817661542,0.24187841166840887,1,interior
0.1644223241257524,0.050624685555178905,1,interior
0.17039553829459983,0.059764557764440514,1,interior
0.20759078122262467,0.2721341741830087,1,interior
0.21654657601666413,0.27979331764490845,1,interior
0.19626584887765675,0.033454138190687335,1,interior
0.19122154231319274,0.02896142708875679,1,interior
0.18603436192484052,0.07052368974327554,1,interior
0.1990437876969721,0.039640745224587305,1,interior
0.20193600189442557,0.03512632715874358,1,interior
0.19972397135700828,0.2859983600368166,1,interior
0.1918623040816896,0.10431632356104804,1,interior
0.16459869808928596,0.04423821333156816,1,interior
0.15732611660621743,0.050557320441608836,1,interior
0.20609795791374338,0.49024972360332414,1,interior
0.1985906017639529,0.4960860501037235,1,interior
0.20313511635961728,0.49414086531258467,1,interior
0.19411328671957614,0.493376105853068,1,interior
0.19179776509750746,0.48860821222435336,1,interior
0.1508523611709153,0.11163823136292934,1,interior
0.1515385143433495,0.11741248230713441,1,interior
0.1570536071810417,0.19107160227136585,1,interior
0.152685318210492,0.1859244391940384,1,interior
0.18168662952443243,0.22428191263865022,1,interior
0.1815242432419919,0.23721214339459426,1,interior
0.18082184491523637,0.23089243921489597,1,interior
0.140282593801679,0.12995250677264283,1,interior
0.13484024590692315,0.13035665532967405,1,interior
0.1370347561436937,0.14166361882076522,1,interior
0.18425803044992464,0.06150060151886547,1,interior
0.20366923832095138,0.019015600666701604,1,interior
0.20283603113844487,0.013177818072682047,1,interior
0.1905314155285711,0.24441829401505433,1,interior
0.15104618292631658,0.12286403325950954,1,interior
0.145590565384428,0.11996858194286718,1,interior
0.1464877249849167,0.11371996466505462,1,interior
0.1531720189004581,0.1070609900757354,1,interior
0.16237285729128917,0.08482172305456612,1,interior
0.16022831352592176,0.08033644366525768,1,interior
0.18636352133796402,0.10403625463733665,1,interior
0.17487696318062337,0.30251672439806276,1,interior
0.1762815250742036,0.29635555494896676,1,interior
0.18314354520672885,0.11355516807587517,1,interior
0.1612395551393901,0.09083899658944602,1,interior
0.2050548787992892,0.04028630568192341,1,interior
0.14628958579951473,0.1069937340886089,1,interior
0.18295188411410648,0.4205121140372975,1,interior
0.18564884652407518,0.4303816206237714,1,interior
0.18380122027520315,0.42594856340718185,1,interior
0.18393451663005736,0.24306326902900832,1,interior
0.21158931917012694,0.49172950630000756,1,interior
0.18287548189300962,0.48321033696752025,1,interior
0.18814522291792388,0.49479616773337237,1,interior
0.1892940154714179,0.4789273052315243,1,interior
0.1817022381251282,0.03463383018162096,1,interior
0.1568174742348117,0.08505217452491456,1,interior
0.18480874011029785,0.45058614644114936,1,interior
0.18423333342935086,0.4556440756093337,1,interior
0.20671587425147933,0.27859807004356796,1,interior
0.20277635416140585,0.27457801523628694,1,interior
0.21100924923678666,0.28200583706693444,1,interior
0.20304497721131168,0.2675919566055417,1,interior
0.183006227814221,0.19100873792397835,1,interior
0.20166013939238597,0.029206157671914916,1,interior
0.1487220416320578,0.10156849628155262,1,interior
0.15672810791963238,0.0956028742099109,1,interior
0.1513313631373238,0.096690495036583,1,interior
0.18610862074895754,0.44021933704974175,1,interior
0.1876407400075778,0.4471224112184535,1,interior
0.14213723619022553,0.15362836815944278,1,interior
0.14956894187356196,0.1595455966410023,1,interior
0.14312967222329115,0.16692020288563714,1,interior
0.1391456192880453,0.17158803916584917,1,interior
0.14594522097288914,0.16270529938959893,1,interior
0.13616412826480076,0.15300123468848956,1,interior
0.12797999018079262,0.14641605131756813,1,interior
0.1317987440090187,0.14155970538672388,1,interior
0.12963928864537544,0.152499030304945,1,interior
0.18028067373150214,0.4479778520964422,1,interior
0.17983173325093052,0.4536349440286502,1,interior
0.19338849438696193,0.4996837319858344,1,interior
0.197420168164306,0.2669633271078577,1,interior
0.2015833583023862,0.28078230625837924,1,interior
0.1975570748084645,0.27710952957676854,1,interior
0.13333803196173633,0.15832672004862441,1,interior
0.13876580286786314,0.1581567794614507,1,interior
0.16980673495722942,0.3049530269246256,1,interior
0.17975715414569965,0.4418670266024502,1,interior
0.17589613762296916,0.45136392806544706,1,interior
0.1712003568719124,0.29967358232933683,1,interior
0.1793641154829995,0.29097869665792436,1,interior
0.17065691213037415,0.2940136197061916,1,interior
0.21726166028673596,0.050586260161344515,1,interior
0.18444343984068795,0.4772385164014629,1,interior
0.16332191854797348,0.19876104639209868,1,interior
0.15914884097221677,0.19602960865555633,1,interior
0.14198713692487006,0.10088126831383666,1,interior
0.14477105973934526,0.09548300407064438,1,interior
0.1414686270193477,0.1621083065989088,1,interior
0.15814509600536247,0.15944876301270422,1,interior
0.18443237008082344,0.46052115576729835,1,interior
0.1368617108435021,0.16427537100874104,1,interior
0.12803742094815637,0.15854552722358106,1,interior
0.13037994298627378,0.1634767704719177,1,interior
0.1809886471185617,0.02472588292504843,1,interior
0.2037750472880998,0.1686875740736554,1,interior
0.18094111715865444,0.01779499793175907,1,interior
0.18566183855091553,0.021224450616820385,1,interior
0.1798607851152249,0.030106549500787488,1,interior
0.17592158062879795,0.23436688783490234,1,interior
0.19609810693748222,0.02718630026055756,1,interior
0.18011729662441442,0.4590105360958758,1,interior
0.17404490889302965,0.45731141936699987,1,interior
0.16425557537628868,0.03882909317108362,1,interior
0.21423140307428054,0.517223915353752,1,interior
0.21110571752605806,0.5134886153042658,1,interior
0.1529322138265191,0.19707338095405233,1,interior
0.1576360535121737,0.20261921916395068,1,interior
0.13253783855676002,0.1731583055099882,1,interior
0.13691246994959008,0.1780973359697241,1,interior
0.13337757471550818,0.16823762092747668,1,interior
0.1438997038231053,0.17778864828195812,1,interior
0.1546168526185753,0.09123188566225121,1,interior
0.15227059189252343,0.08210336766269813,1,interior
0.15559814880547543,0.07747371095108584,1,interior
0.15642318756393414,0.0694366067807606,1,interior
0.16280920764720638,0.06840832200873996,1,interior
0.21123907675657566,0.5204714835817434,1,interior
0.17993752743594382,0.2186451884678544,1,interior
0.17465183520459654,0.22182925551046215,1,interior
0.1761276218614498,0.2276116526430869,1,interior
0.19174273766106215,0.02253719090390343,1,interior
0.1991757365303068,0.01648697743071946,1,interior
0.194156873929768,0.016697595848294913,1,interior
0.1368482341606562,0.12542560830198268,1,interior
0.1420243417747668,0.12445918213989915,1,interior
0.13124083061562852,0.12656800647133207,1,interior
0.17379925300756383,0.4651570084674379,1,interior
0.16759381297966466,0.45497653116693754,1,interior
0.17740525174989308,0.4627164164955418,1,interior
0.19424543539084868,0.2627553579372089,1,interior
0.19976889598173111,0.2600308535989407,1,interior
0.16572258775964926,0.06305336630941151,1,interior
0.16008487661538304,0.062202688966090734,1,interior
0.13942657030320824,0.10575424530316317,1,interior
0.13769799770289076,0.09503129564638843,1,interior
0.19876917920646534,0.17279046672611909,1,interior
0.1703973651192262,0.2343840160166158,1,interior
0.17211552722992074,0.23038149496111143,1,interior
0.17146877181987286,0.23926824799999002,1,interior
0.1771604781444989,0.2408262977884353,1,interior
0.16544882318875956,0.30798020425737,1,interior
0.16708865046474414,0.29753080868450127,1,interior
0.16584002196392397,0.30229713237079603,1,interior
0.1285598048554762,0.1370145799765049,1,interior
0.12989010184138042,0.13201006764047063,1,interior
0.1754997071987633,0.48511357840855407,1,interior
0.17943058634370415,0.4891667767748288,1,interior
0.17920913938898722,0.47824819169534827,1,interior
0.18863205608846734,0.4843457810380786,1,interior
0.18518962408468084,0.4894103575163135,1,interior
0.2141512786042783,0.4887958487443792,1,interior
0.17721497820849955,0.4199098587576261,1,interior
0.1779276484031769,0.42497470905104756,1,interior
0.21441882405803014,0.5247403703581621,1,interior
0.1367152486375317,0.11084960794227706,1,interior
0.13300286746193113,0.10623999802628942,1,interior
0.14221208406698962,0.11035211502348333,1,interior
0.16837361818265964,0.22215691648318847,1,interior
0.17577481054559255,0.21598494551253727,1,interior
0.17002793805848146,0.21701314780755135,1,interior
0.17696632160241682,0.09926885149525957,1,interior
0.16326344300620882,0.45922733140689825,1,interior
0.17083818677241622,0.4499061682931149,1,interior
0.16238034503840704,0.4538474722944713,1,interior
0.16403761902019107,0.44854137674584244,1,interior
0.16933250516865925,0.46150854606407665,1,interior
0.16796613426976154,0.4448943614622796,1,interior
0.1924500261612508,0.2676091493497551,1,interior
0.18934700192592016,0.2643834936554995,1,interior
0.18948778950269898,0.2596484788424105,1,interior
0.16107557274608814,0.05558464883692198,1,interior
0.1529646702644643,0.06271169420464597,1,interior
0.15649445414586713,0.05711298941483609,1,interior
0.16568744735510343,0.05710798638698441,1,interior
0.16586248813056756,0.46470222372463005,1,interior
0.1616235371488651,0.46275755781262884,1,interior
0.1798577989637996,0.24674306504187613,1,interior
0.14597487886873503,0.18415040063397012,1,interior
0.1584146129551135,0.4502684543745985,1,interior
0.15384532256540223,0.45258979867286697,1,interior
0.1583354451498436,0.4561197942033069,1,interior
0.1807559728666272,0.49509801279717786,1,interior
0.18841028873981422,0.5009215873439146,1,interior
0.18393536252205983,0.4992061846069492,1,interior
0.190625845542261,0.28562355964562813,1,interior
0.1878140876386963,0.2897827419628,1,interior
0.18194221753358095,0.47181569136537144,1,interior
0.14800054403790103,0.18873050770813715,1,interior
0.2085649418963059,0.495563176079028,1,interior
0.14958195148505785,0.18084609478957567,1,interior
0.14635377277266462,0.1992746627727551,1,interior
0.15182142865034381,0.19155211951697942,1,interior
0.15097508115734257,0.20339418870206696,1,interior
0.18741609382693036,0.10889469739367076,1,interior
0.20826780478642545,0.04649655195052531,1,interior
0.1410343526048648,0.11522888380269157,1,interior
0.20513153330632367,0.5125040158488199,1,interior
0.20577337073284677,0.5176653555718854,1,interior
0.2078441397432854,0.508680505372399,1,interior
0.16060422875026073,0.3054294497427388,1,interior
0.16175087921384304,0.29775643874991076,1,interior
0.12517133904846559,0.12775563046472208,1,interior
0.1337158302248884,0.12131907254193462,1,interior
0.12825589627923453,0.12211040661157783,1,interior
0.14435643543745505,0.15815421650490805,1,interior
0.12328385621814893,0.12182879086109834,1,interior
0.1212633981213018,0.11685182515378874,1,interior
0.1260258431911935,0.11646111137936972,1,interior
0.19293029381069318,0.1168089851485189,1,interior
0.18875193527364248,0.11380571862394769,1,interior
0.1971160038731697,0.011247574071963168,1,interior
0.1276918254731593,0.1686871164494073,1,interior
0.12670801461585177,0.18082058132594436,1,interior
0.12667093261894985,0.17453602797615908,1,interior
0.18531534626174243,0.01237761269964227,1,interior
0.18680916227801664,0.025796486499990785,1,interior
0.20979417511766388,0.25941366148961204,1,interior
0.1212951449198153,0.18311330929479294,1,interior
0.1213038212087396,0.1766465587513207,1,interior
0.1330184130141524,0.18433326260063088,1,interior
0.12681802857604735,0.1870444988128991,1,interior
0.17093689364174292,0.4811294336463413,1,interior
0.16930807078733992,0.48544918909582846,1,interior
0.1742914278765731,0.4931801251460411,1,interior
0.1744498958106058,0.47857538133471406,1,interior
0.18382332235025572,0.2865485299420053,1,interior
0.9968295681950117,0.24787424491807522,1,interior
0.1695199183558981,0.4751512592909392,1,interior
0.16627268379521523,0.48162412126215676,1,interior
0.17545804995122408,0.47239114368993046,1,interior
0.196684404822884,0.25336198135856053,1,interior
0.19236048120498023,0.2496119434002277,1,interior
0.1398160592788428,0.18375886348122042,1,interior
0.13127561485839953,0.1783247872233409,1,interior
0.13918548864426217,0.12014545590874792,1,interior
0.2034707218740107,0.49985146376129264,1,interior
0.16193292079042723,0.3118707365210176,1,interior
0.18051984172320076,0.011683463858899141,1,interior
0.194479453141612,0.25790063532910495,1,interior
0.15382065391552913,0.30666377953302876,1,interior
0.15725191508027966,0.30128153420308773,1,interior
0.15754760070111057,0.31083917101937225,1,interior
0.12201265846662561,0.16997637753624403,1,interior
0.1665511627132823,0.24280786965363924,1,interior
0.16539251041468964,0.2364970948866687,1,interior
0.17296853514564206,0.24563985086197665,1,interior
0.15850381984798487,0.316658234114113,1,interior
0.15855074181746867,0.32264402341299075,1,interior
0.16355467136906918,0.20557151942857935,1,interior
0.1589825290645515,0.2098243123808499,1,interior
0.12396149744396741,0.16310614009020066,1,interior
0.2061849852952451,0.5228696122354062,1,interior
0.20014127712862106,0.5148056200104923,1,interior
0.20009616190009585,0.5214510760531234,1,interior
0.18176589920633918,0.28152337161688945,1,interior
0.1773034014456984,0.28419805611867216,1,interior
0.18716816992864757,0.28126612259889744,1,interior
0.15858875958927654,0.44415074111369973,1,interior
0.16690698549550648,0.43647168265460873,1,interior
0.17324363239238028,0.4433697966467725,1,interior
0.16549559031175212,0.21228511556959015,1,interior
0.19114751461204169,0.01051688335755657,1,interior
0.1882750649232996,0.01671507577508444,1,interior
0.13009294815285088,0.11195604163339855,1,interior
0.20841889099876312,0.022194172294973735,1,interior
0.19084691463155176,0.5062620897840481,1,interior
0.1843127787648872,0.504856305166447,1,interior
0.1825923760239551,0.272855147501276,1,interior
0.1778094176973061,0.2768773459163652,1,interior
0.17220479106502132,0.42280914782487605,1,interior
0.17264983645040047,0.4112563121886659,1,interior
0.1721767032376672,0.4282038260583736,1,interior
0.16807540318309883,0.4198677198685985,1,interior
0.16580681667937774,0.11581204940191166,1,interior
0.1967211918009328,0.13584673097918673,1,interior
0.20462133473722974,0.25720618139706775,1,interior
0.14814473235310113,0.05727224943919335,1,interior
0.14948607833880248,0.06817189850928951,1,interior
0.14631787606578003,0.0635118893344017,1,interior
0.14794357702515049,0.15441903733611256,1,interior
0.17011123517345483,0.2262090170981236,1,interior
0.1317124157948867,0.19143645983527124,1,interior
0.13730864903769247,0.1899749055978285,1,interior
0.13036283721993855,0.19781821067138053,1,interior
0.1359477703222432,0.19641712752211737,1,interior
0.12590604478006764,0.19330654406932127,1,interior
0.20510845964616067,0.2623808494429015,1,interior
0.1530258306380564,0.31355300395133034,1,interior
0.1528982040791383,0.3202046986931224,1,interior
0.2100494536484175,0.48641182527436894,1,interior
0.2083873465174702,0.49971574033678356,1,interior
0.1469045755233469,0.08296823065183455,1,interior
0.1510515183094833,0.08717644741961254,1,interior
0.14569439809594817,0.08885167717871277,1,interior
0.14925819178974145,0.07780251463952051,1,interior
0.11789051820711349,0.16512959216631842,1,interior
0.1829307628194102,0.10133869073363584,1,interior
0.1524524200217461,0.3002041619614599,1,interior
0.15653841270827254,0.2951974269869434,1,interior
0.1507070737157308,0.2942498885495723,1,interior
0.20657004472752552,0.5038416105272429,1,interior
0.1836594892778344,0.43568330784270487,1,interior
0.17869725722453111,0.4310402406935478,1,interior
0.16648714413295987,0.4311636534385106,1,interior
0.1719485476830147,0.4339271814898044,1,interior
0.16567663600484894,0.42522057759665727,1,interior
0.17382605533075798,0.2896754775730759,1,interior
0.17102519311236508,0.2840816344158211,1,interior
0.15361002282354747,0.16127598307655247,1,interior
0.1557990323012647,0.3268001166325313,1,interior
0.19852097905496588,0.022261067264772044,1,interior
0.147053668499147,0.1938311329704295,1,interior
0.17338751878061706,0.27915199531966745,1,interior
0.16828099632128088,0.27896064628764794,1,interior
0.12091198184660124,0.1892905248290111,1,interior
0.21082084579510701,0.5312008760115771,1,interior
0.15188709442922496,0.07312853315401527,1,interior
0.1466718353786311,0.07304658310730076,1,interior
0.1423817816924267,0.06951955684602629,1,interior
0.11250805437231613,0.16590592179515737,1,interior
0.11405969464931416,0.15933481735220784,1,interior
0.11076694408291432,0.171124244787707,1,interior
0.11617866298769708,0.17202820217082374,1,interior
0.11568369515452097,0.18542121369615194,1,interior
0.11585553175733687,0.1792922069780781,1,interior
0.12002306334693418,0.1261348816760684,1,interior
0.11786389312238355,0.12117656434872948,1,interior
0.18738936315902116,0.008779105000308174,1,interior
0.12187567601827133,0.14378112460860937,1,interior
0.12295293076167951,0.14989593144359376,1,interior
0.17898233200891825,0.5018627982014863,1,interior
0.19416580455874088,0.5175992236329294,1,interior
0.2015453431638845,0.5074180427927097,1,interior
0.1953373906614947,0.5111216940820273,1,interior
0.17041690278762517,0.27341539218843913,1,interior
0.16039291504536435,0.28219590476499035,1,interior
0.16504144179195482,0.2833121743119364,1,interior
0.16767139391068098,0.28868515283114754,1,interior
0.16292838605532442,0.27649598306712236,1,interior
0.14303152029495236,0.07732200406822344,1,interior
0.14146549479235074,0.084419127542451,1,interior
0.1782822123134517,0.4678530734502095,1,interior
0.17019945736879896,0.4683608560695706,1,interior
0.12855138720507794,0.20360710869699997,1,interior
0.12451280022604556,0.19908669240209273,1,interior
0.13235470341517525,0.20904810123557455,1,interior
0.13437873830537547,0.2026028432582888,1,interior
0.13884925141568374,0.2062446132304985,1,interior
0.13540922065045588,0.13580244107197834,1,interior
0.1945304561560539,0.007114467217697933,1,interior
0.1643879380337366,0.48884996355974125,1,interior
0.15868350709043377,0.4787141468330854,1,interior
0.19611498719047152,0.2829922273673749,1,interior
0.1863733061094442,0.24941205848261763,1,interior
0.18728337268194833,0.26921767118483836,1,interior
0.1768971156275498,0.27057291730029037,1,interior
0.18815915618293208,0.2752830607057492,1,interior
0.1815073738452635,0.2676003999905391,1,interior
0.18129115031530602,0.25992312711249743,1,interior
0.1843754757666797,0.2630052646322506,1,interior
0.18495194900986542,0.2562601686493763,1,interior
0.15927588517856606,0.2161004682135055,1,interior
0.15325779155519717,0.21405214402923775,1,interior
0.19339034291065912,0.2726023729945534,1,interior
0.18219503734321427,0.46488808426374356,1,interior
0.12474034637546882,0.1332186356038287,1,interior
0.12376069172748604,0.1560155030282082,1,interior
0.1489593715662642,0.2093541479095816,1,interior
0.14929841424243223,0.21895877659776652,1,interior
0.1543471454366826,0.22043667841255318,1,interior
0.1541415755986336,0.2079522857769211,1,interior
0.15215661877359518,0.052889214945641805,1,interior
0.1521880187778076,0.47271512848983166,1,interior
0.16070573903167337,0.4822995556849865,1,interior
0.1771868231679671,0.26317225004267997,1,interior
0.17621847762331358,0.437501053596725,1,interior
0.16001338702018877,0.4305533932669003,1,interior
0.15834432639185744,0.43763212880729235,1,interior
0.1636340987933083,0.4413345245879429,1,interior
0.12251941035124046,0.13775288573192215,1,interior
0.11947506309995033,0.13208035250259922,1,interior
0.11760097788487452,0.139084517848811,1,interior
0.12633996791143146,0.1414477502877557,1,interior
0.11435466959846906,0.13385122656213996,1,interior
0.13165599423770719,0.214706039916084,1,interior
0.1359424240395187,0.21379082821533757,1,interior
0.13833316487522115,0.21062418268314245,1,interior
0.12617987615888185,0.20828686991159123,1,interior
0.19237398824274124,0.2792171810019591,1,interior
0.18366032879858765,0.2775243457205972,1,interior
0.15390597456200797,0.4468053309652664,1,interior
0.14962659197703565,0.44891554897815683,1,interior
0.16296338954846723,0.41913778346186636,1,interior
0.16750207054404562,0.4147897140584476,1,interior
0.17625122899581944,0.2513526874442992,1,interior
0.11946878145748396,0.15944900642794757,1,interior
0.10982962036571586,0.1563806956734791,1,interior
0.11824688492181616,0.15370164470286343,1,interior
0.1072559269592893,0.1620155145913816,1,interior
0.14342552081975785,0.05910860847923962,1,interior
0.14009144269121895,0.06319087188396234,1,interior
0.16330424217471579,0.22582976648238204,1,interior
0.16421956721997125,0.2191713486188526,1,interior
0.16661629621425636,0.23070306438706778,1,interior
0.14293095791878804,0.18922682154368187,1,interior
0.14096622645996518,0.2152935708435316,1,interior
0.14491996304402047,0.2048692609740338,1,interior
0.17783403387412633,0.4091928752095025,1,interior
0.16974535098860863,0.40505861882437455,1,interior
0.17951424811080785,0.41468873241376747,1,interior
0.1741976588638167,0.40640252158786405,1,interior
0.14320370388397136,0.05401922131759591,1,interior
0.11696194280029153,0.14649874144136238,1,interior
0.17299834647447396,0.4169510144434889,1,interior
0.1432297952093974,0.22085376585495897,1,interior
0.1361222224912781,0.21901081559351473,1,interior
0.14667367039416626,0.2149041531098322,1,interior
0.16088279844492992,0.2893466331424803,1,interior
0.1443558466746921,0.44389307263900957,1,interior
0.14892679235881492,0.4448024966708523,1,interior
0.10734999555721125,0.16791398922949924,1,interior
0.16740857429740022,0.24788521028753957,1,interior
0.1651813008557038,0.2932277174168517,1,interior
0.15585644878381893,0.27797630152832753,1,interior
0.16343822928804527,0.27017300260088034,1,interior
0.15753042324179028,0.27172148744673524,1,interior
0.14759884403664256,0.29861348959422446,1,interior
0.1555194249055116,0.04399292916361964,1,interior
0.14676899488837294,0.050176717993449284,1,interior
0.15123075499407876,0.046754513086717964,1,interior
0.15239646364071263,0.057800381818634755,1,interior
0.10590608018929336,0.17429218882256797,1,interior
0.11143403827785955,0.17612594811798496,1,interior
0.10248922990694408,0.16770043128616338,1,interior
0.18157201055492472,0.2519453350582069,1,interior
0.17884194666111208,0.25655847178330954,1,interior
0.1905578427446879,0.2542996783132259,1,interior
0.13724477633576174,0.07408155702399939,1,interior
0.13553917224236903,0.06741017261861877,1,interior
0.10025084839148397,0.1615343872197097,1,interior
0.10487987936127029,0.15659426281804628,1,interior
0.17841078872207697,0.5078270885378259,1,interior
0.14904485182957614,0.32515648885706255,1,interior
0.15614778318353142,0.332356442620177,1,interior
0.15082291166802167,0.3306552107471004,1,interior
0.1663871723056135,0.4092545324753328,1,interior
0.16827308933081225,0.3985915344315866,1,interior
0.1635795662273652,0.4031480122786653,1,interior
0.15955427366244276,0.041133959882053116,1,interior
0.2097966284569572,0.5270485535635979,1,interior
0.21253252945363701,0.2710190510306964,1,interior
0.15268186430068162,0.2666932102643535,1,interior
0.1582787541410676,0.26575613268320003,1,interior
0.15189860849385803,0.2723672888234711,1,interior
0.14121535947819255,0.0906087435308748,1,interior
0.12210632814141148,0.11083163204837605,1,interior
0.0997697360258425,0.1739552529236773,1,interior
0.09610144587610499,0.16802939924295535,1,interior
0.15896119882641957,0.4879594608543562,1,interior
0.15337703569671143,0.48535041983615734,1,interior
0.15528699787340136,0.4803383282779502,1,interior
0.1930808047494292,0.5236073578990074,1,interior
0.20346893607725272,0.5273464273500637,1,interior
0.14430566116748508,0.29394623144520843,1,interior
0.14825999340203086,0.2886319167891686,1,interior
0.15413633499999513,0.2892141224523593,1,interior
0.14337810530913922,0.210139131642232,1,interior
0.1532513050014171,0.2615065907532114,1,interior
0.16374556687983793,0.2639167778728905,1,interior
0.15884180210508944,0.259979144486475,1,interior
0.15100958777752466,0.282917797673805,1,interior
0.1564097197906089,0.28437953687788864,1,interior
0.18749335653769258,0.5199774742223269,1,interior
0.19300297415412035,0.5297435259151441,1,interior
0.18666728936530458,0.5269182272221686,1,interior
0.1979467802713452,0.5267199987184406,1,interior
0.09017870449420928,0.16538954152549776,1,interior
0.09427027769538808,0.1741051770522625,1,interior
0.09513519581242132,0.15809167115920314,1,interior
0.17091163555299071,0.2516885812100839,1,interior
0.1738025638394198,0.2570692342064917,1,interior
0.1604516148181847,0.2362142778760154,1,interior
0.16023141202430627,0.23163989994029327,1,interior
0.09002363092709273,0.15947635637055965,1,interior
0.08997856530589259,0.17104065862111603,1,interior
0.08554949248867748,0.16798259492904133,1,interior
0.0843942372755415,0.17304500352362753,1,interior
0.14807896712627877,0.30985237646320146,1,interior
0.14744683712136797,0.3157505968890707,1,interior
0.14660766810032866,0.3204263079155997,1,interior
0.08914104460946347,0.17745998658533427,1,interior
0.1588580747677659,0.49437628496498986,1,interior
0.1638732201258681,0.496341639398155,1,interior
0.20531985620022788,0.5325951106278588,1,interior
0.20147690743547703,0.5429601346837177,1,interior
0.20501650347395692,0.5384619005751996,1,interior
0.18403159246924053,0.5153118357326492,1,interior
0.18142507065887375,0.5188231873274527,1,interior
0.1823656301345126,0.5231532767371204,1,interior
0.1893183744010381,0.5131273024417967,1,interior
0.16427280113754447,0.2583803576654285,1,interior
0.16995532144186526,0.2619961658980681,1,interior
0.15407252456964224,0.4757688642081767,1,interior
0.16796969232444764,0.26756824038003224,1,interior
0.14466052982767827,0.3290372260313429,1,interior
0.1422177084948397,0.3238363876966757,1,interior
0.1468835317295653,0.3346137968483502,1,interior
0.13234133841093507,0.22302443922252846,1,interior
0.12946263400295743,0.21861945729857898,1,interior
0.13770034016819202,0.22492518852687116,1,interior
0.13143030355563384,0.09599627984765424,1,interior
0.1368438027930732,0.08853024944302906,1,interior
0.1352899279235211,0.10086800762219518,1,interior
0.1329488843532213,0.0912351660480228,1,interior
0.19878329115848914,0.5017779409499336,1,interior
0.1553729274101603,0.23673003078280125,1,interior
0.15478149246770373,0.24139849559274884,1,interior
0.15416396497592846,0.2318258293500461,1,interior
0.20142112150799366,0.5474546165163063,1,interior
0.18324765084981479,0.5106867824963103,1,interior
0.17264689921878884,0.5052562841129546,1,interior
0.17821644904462128,0.5144202630368068,1,interior
0.1983876525615164,0.5470502469392492,1,interior
0.19577848358516586,0.5422539197511578,1,interior
0.10907277978620124,0.18206468253993435,1,interior
0.10254326633283269,0.17990806436239326,1,interior
0.14606079592956286,0.04448502889461547,1,boundary
0.15568096171805407,0.22658315351188651,1,interior
0.14917493493818682,0.22417221582228306,1,interior
0.15936334250616385,0.2219868574755614,1,interior
0.11990448069964131,0.19516617339979903,1,interior
0.09602624706888378,0.17928768565379574,1,interior
0.1706787399497957,0.48947891498027685,1,interior
0.15416173135804143,0.49976917489291206,1,interior
0.15916058440705536,0.500997550047129,1,interior
0.1529534646877693,0.4951666988033094,1,interior
0.1414941170548206,0.19503506389852276,1,interior
0.1403051828321289,0.20083223838591213,1,interior
0.1492962462668089,0.22944301263836162,1,interior
0.14397073807813568,0.23262694014192317,1,interior
0.13129521987628814,0.07295047258215333,1,interior
0.1270152146361427,0.07753459749278106,1,interior
0.13823798323846742,0.07953616505201304,1,interior
0.15103348371563696,0.4902400355365204,1,interior
0.14893204823666004,0.4941688044944745,1,interior
0.14792604005242396,0.4985119114938005,1,interior
0.15010300736226628,0.5034051282255751,1,interior
0.1727991869784835,0.26740143379888004,1,interior
0.15523492795853938,0.49060883502037383,1,interior
0.1495142265981894,0.23497921523682078,1,interior
0.16517078930263415,0.25268550636194126,1,interior
0.12500839224887197,0.07207497588509197,1,interior
0.12873385262203915,0.06780709628504346,1,interior
0.13245675541808938,0.07941685344464901,1,interior
0.20922454742556643,0.5353427918360699,1,interior
0.14663217236120635,0.27885103568674274,1,interior
0.14492382077118876,0.2833477398058846,1,interior
0.12254702657275518,0.20437445425103984,1,interior
0.11332946329768115,0.20228263582833067,1,interior
0.11513302406388888,0.19167185923608906,1,interior
0.11376314916857029,0.1972772828543005,1,interior
0.11860506278789963,0.20048907097179183,1,interior
0.15985238846961938,0.25412553067968896,1,interior
0.1467933255599668,0.44061393762007367,1,interior
0.14152666731339772,0.4406546662999826,1,interior
0.14371811477461954,0.43565792404291453,1,interior
0.12593665959697378,0.21337713357716723,1,interior
0.1464822366427217,0.26201412001956514,1,interior
0.1494241170772197,0.2572191996372485,1,interior
0.1346818258246661,0.06005383950020555,1,interior
0.12082379740406553,0.20975085748478547,1,interior
0.1195542748898245,0.22104058554406922,1,interior
0.1183975512374472,0.21513034299212913,1,interior
0.14915381555338644,0.24052477924508056,1,interior
0.19913782148981618,0.531936940029484,1,interior
0.12644429310623115,0.22334317231691148,1,interior
0.16944798005873474,0.4995038616539213,1,interior
0.16647144422796098,0.5061765633177931,1,interior
0.16846117866914986,0.5120263090992924,1,interior
0.163869080963038,0.5021929452051501,1,interior
0.1736609803281311,0.5110318342608593,1,interior
0.15984581190040711,0.5075221566638449,1,interior
0.14503130651498833,0.5033714739942748,1,interior
0.14828332197777916,0.5083977230939632,1,interior
0.154307905905149,0.5119316379047295,1,interior
0.11675760636199556,0.20567106579230965,1,interior
0.1502756760888923,0.5133071934658383,1,interior
0.15451283006875755,0.5058066703954727,1,interior
0.20006938921263565,0.5373815132887855,1,interior
0.13532210401110698,0.11588161552046168,1,interior
0.09966205568418156,0.15525438187362908,1,interior
0.14412640652376957,0.49967306150519497,1,interior
0.21623176855200457,0.030101827756856617,1,interior
0.14463759224632775,0.2549299376739766,1,interior
0.14326578370986176,0.26755742590593196,1,interior
0.13970825815823626,0.26290272499067113,1,interior
0.15565467844129408,0.2502337920090056,1,interior
0.16172407132305588,0.24771731656699125,1,interior
0.1688050011074868,0.2564526507269661,1,interior
0.1069849369536241,0.1885514438161709,1,interior
0.1029946488992068,0.186118554986499,1,interior
0.11129214626009895,0.18829867286855245,1,interior
0.11102381213274126,0.13008046743125282,1,interior
0.11501052665089757,0.12691766062970275,1,interior
0.16809804706516332,0.39234604261827816,1,interior
0.16259686387760236,0.3972237622604779,1,interior
0.13608750788253424,0.08357833173988885,1,interior
0.14930145154769353,0.09219160510146963,1,interior
0.15039212105016087,0.27699010902927446,1,interior
0.14584334295486248,0.27327239978189527,1,interior
0.14172331361202378,0.27811356516520086,1,interior
0.13891520180580208,0.28369276427553053,1,interior
0.1593032029722564,0.5141698743219095,1,interior
0.10838855525427034,0.1513066893591381,1,interior
0.11357460978871037,0.15230866100038534,1,interior
0.1037369811552604,0.15239280291827165,1,interior
0.14063313499606409,0.31804464650413855,1,interior
0.14252933519281166,0.3122086687393687,1,interior
0.14001938918306053,0.2726277843767268,1,interior
0.15412338977961762,0.4340735095882633,1,interior
0.15298837076599867,0.4406924149088049,1,interior
0.10870500479864316,0.19421415385323534,1,interior
0.16515300907671482,0.3876722587142279,1,interior
0.13802382273374061,0.29076379354335097,1,interior
0.13570703799072217,0.2776615581496888,1,interior
0.1326102185599822,0.284971560595744,1,interior
0.15401720233917726,0.42249179759654715,1,interior
0.1617730239411894,0.41344032884436405,1,interior
0.15923208434679104,0.42403312207219573,1,interior
0.15563166402712394,0.4116324520069222,1,interior
0.15736632891810487,0.4178770811270914,1,interior
0.13160101852852377,0.06382992888710064,1,interior
0.11909667661522462,0.0722727816749014,1,interior
0.12185335251603663,0.06645051147873157,1,interior
0.12119880677560152,0.0769097600466316,1,interior
0.12649314460332584,0.06302263835998444,1,interior
0.12726430322753443,0.10704050267319669,1,interior
0.09548740899489694,0.15477093647348208,1,interior
0.1726255267884835,0.5166936639693425,1,interior
0.08568266936609553,0.18204756828642196,1,interior
0.09197413887881654,0.18392028104098282,1,interior
0.1251113531066899,0.28611260633146446,1,interior
0.13308767003089578,0.29179538420510603,1,interior
0.13056952552619464,0.2789918212650484,1,interior
0.12682448305256808,0.2816808376215775,1,interior
0.16361590712945673,0.5163784419122466,1,interior
0.1633564427523183,0.5110954781898196,1,interior
0.156339550513857,0.5170586176913934,1,interior
0.14917228808439142,0.4123734465189748,1,interior
0.15160581266442652,0.40735572511653606,1,interior
0.15153529075653133,0.4177501050438423,1,interior
0.15651238964041608,0.4041879707315765,1,interior
0.16082016628415677,0.4081386352119097,1,interior
0.1488693419342219,0.4313107665960079,1,interior
0.12104466610633696,0.44189490717545105,1,interior
0.1348328455295439,0.27108818444215826,1,interior
0.12537003288687054,0.2709801986437663,1,interior
0.1254286111869361,0.2765549313621402,1,interior
0.1166717601993475,0.11528355780221687,1,interior
0.1428598367248182,0.28812232566591445,1,interior
0.13450901057477466,0.2972244087668118,1,interior
0.12822046741068224,0.23206297756211786,1,interior
0.12633096032751534,0.22797542526444187,1,interior
0.12294374786691188,0.23184518867035045,1,interior
0.16030203664856418,0.04641299260889207,1,interior
0.1389301830149768,0.05324811286575054,1,interior
0.13379179009990486,0.31657391103123866,1,interior
0.1350598059118034,0.3229786105337093,1,interior
0.1371749461670609,0.3133577819817102,1,interior
0.12992170985457738,0.05994529914881127,1,interior
0.11200626640753385,0.1465419413126509,1,interior
0.11289111678661616,0.14040975635540795,1,interior
0.10947619089887646,0.13501165577103377,1,interior
0.1081299228293694,0.20102361404663957,1,interior
0.1390949897126312,0.23652989431234792,1,interior
0.14346682227201538,0.22717901904297155,1,interior
0.1446173641066716,0.23760140076330877,1,interior
0.08185364357787418,0.17803188482240542,1,interior
0.07915160181636975,0.1738927382206822,1,interior
0.12134113142383267,0.22632899615141544,1,interior
0.12607712118376138,0.2365145957183319,1,interior
0.14887123710143374,0.4245578459639852,1,interior
0.1541872619268022,0.42800857284131416,1,interior
0.15276338934201045,0.33673240992998377,1,interior
0.1626802283022642,0.43539155044171096,1,interior
0.1937372149683186,0.5359800891351156,1,interior
0.10259949508027706,0.19226379985658867,1,interior
0.11527002286472489,0.44132759902458474,1,interior
0.184639429903824,0.4449040339626687,1,interior
0.1607928103048751,0.3883328585356039,1,interior
0.15355808912918412,0.39775486892120826,1,interior
0.157219759339834,0.39278341725785526,1,interior
0.15877413699660436,0.39912844905405465,1,interior
0.10542502973801186,0.13406480988287467,1,interior
0.1520003569923756,0.2457986623960237,1,interior
0.16059612868171566,0.2410199046586095,1,interior
0.15721143781028993,0.2453218227035528,1,interior
0.14934595531552727,0.2512110345644935,1,interior
0.14046650685534556,0.257828294525891,1,interior
0.13933904962857716,0.25206264802318856,1,interior
0.14309360385320638,0.24870695717925304,1,interior
0.18793780564643953,0.5373577801574634,1,interior
0.18775081718515288,0.5329789670219812,1,interior
0.14582748292423178,0.41830021912230053,1,interior
0.14801195322160296,0.3040581002586243,1,interior
0.13938130645360122,0.29705105387867636,1,interior
0.1427208719807056,0.306418169944823,1,interior
0.0944791690842428,0.16270054085177577,1,interior
0.13829622103977843,0.3282914460914615,1,interior
0.16847986037397278,0.49377207680760354,1,interior
0.1502368425412264,0.4021420141431798,1,interior
0.14408723148752678,0.4123465099097269,1,interior
0.1454377803900761,0.4067675382892427,1,interior
0.13796717617697576,0.2307869250407054,1,interior
0.1327123915355376,0.23508944217176206,1,interior
0.14189862138473405,0.2423459255226381,1,interior
0.13496976728108478,0.24137617739170403,1,interior
0.12957454695189752,0.24053416707694458,1,interior
0.13194764538320683,0.22818173827801344,1,interior
0.13828824521768096,0.26762482865138765,1,interior
0.15204451208771794,0.3875581505463846,1,interior
0.1566626869263014,0.38653702953847036,1,interior
0.16051243112827474,0.3820607061784904,1,interior
0.15402924103779367,0.34591638700687805,1,interior
0.12373394313967845,0.08833296020628487,1,interior
0.12786852286019415,0.09056087075045458,1,interior
0.12644272937620374,0.09585499072519069,1,interior
0.12707858287326876,0.08389819926486664,1,interior
0.11759224070541403,0.08249541958367733,1,interior
0.12265593544952001,0.10383509108904378,1,interior
0.11414778188853185,0.10988127327806656,1,interior
0.12214633175081778,0.09812073862912235,1,interior
0.1283887524160173,0.10125524255418757,1,interior
0.11291880264808384,0.10361877007671476,1,interior
0.11798741684294407,0.1058731866762644,1,interior
0.17470342773736347,0.5264401433104015,1,interior
0.17687425166374499,0.5212569265717375,1,interior
0.179830052536625,0.527100994007908,1,interior
0.15430090964853657,0.25572630607714053,1,interior
0.14687033336067992,0.24556361106336994,1,interior
0.143957362815726,0.4240481236688491,1,interior
0.1408408984079051,0.4156281067482565,1,interior
0.1303260987683132,0.2691293285676464,1,interior
0.13355816381992733,0.2649024589856001,1,interior
0.09826166265164342,0.18403465951772088,1,interior
0.166784028374497,0.38380010674942183,1,interior
0.1368673648028473,0.3032730682552175,1,interior
0.12903676259196933,0.2901677650506401,1,interior
0.13025386235743625,0.30310231853943276,1,interior
0.12858874580548613,0.29656554971531845,1,interior
0.13556029523306773,0.42257042642562936,1,interior
0.14409369221629167,0.4294758738969178,1,interior
0.09674487727223006,0.1893560351735525,1,interior
0.11219367797805344,0.21923658303228805,1,interior
0.11535806330657719,0.21014601825168294,1,interior
0.1116784608425271,0.2130889702141873,1,interior
0.1492288183621864,0.4366231978416863,1,interior
0.1461309956636393,0.3870736964224084,1,interior
0.14753859888531462,0.39661230717177615,1,interior
0.15019587229745454,0.39219069623435693,1,interior
0.15375593684801317,0.38192120518337735,1,interior
0.10316711562492714,0.19870055679253618,1,interior
0.13069800689655722,0.11742200279087829,1,interior
0.11086933767118773,0.07713879837860106,1,interior
0.11777235977474869,0.06475093022061575,1,boundary
0.11559647654214471,0.07720463427914946,1,interior
0.17139697123261968,0.5224536129401043,1,interior
0.14885546112042966,0.38274767143848487,1,interior
0.13994316600624232,0.38602936479620026,1,interior
0.14358214400274658,0.391656275735314,1,interior
0.1440122726705609,0.381120734045236,1,interior
0.09245715126255949,0.19451930210126964,1,interior
0.09041296454279546,0.18966509317212835,1,interior
0.09773555957887176,0.19583596522035618,1,interior
0.1329006914466913,0.4341674368912871,1,interior
0.13762401852363457,0.43751430799921476,1,interior
0.1367893382211969,0.3917760309188926,1,interior
0.1330932853316753,0.38538879063251563,1,interior
0.11297979481018362,0.12046731442617818,1,interior
0.11160474795545398,0.11515516333782938,1,interior
0.1823520080598365,0.5316738934332315,1,interior
0.16377013702367826,0.39304171284337724,1,interior
0.13470543335720106,0.25930774448442967,1,interior
0.12939677787629097,0.26042563924846157,1,interior
0.10832592475266296,0.10735393057451044,1,interior
0.10987718091671343,0.12512283754816594,1,interior
0.11017268285551142,0.2068449275236158,1,interior
0.18245975561384392,0.07275755261394343,1,interior
0.14000723702824797,0.14900992830527,1,interior
0.08708234611572752,0.18643183067022434,1,interior
0.15403741133850282,0.3604892179201551,1,interior
0.13577361766219057,0.3985867452900595,1,interior
0.14140625974036072,0.39679484123649544,1,interior
0.1250712435054417,0.2572049194178522,1,interior
0.13560146333009016,0.2549780283064641,1,interior
0.12984816637497268,0.25423874365107263,1,interior
0.12086591774142709,0.26690046143061796,1,interior
0.12725302184579015,0.2656072090275979,1,interior
0.10658574668832294,0.13000083822084632,1,interior
0.14865198407394672,0.361676453773244,1,interior
0.15025369015394693,0.3546779189466266,1,interior
0.1520081548544037,0.3658326749023644,1,interior
0.15716605046273197,0.36683932040441875,1,interior
0.1294593092814311,0.42871318792726315,1,interior
0.12786700674614956,0.4331228019069854,1,interior
0.13874399370487453,0.4322786320525949,1,interior
0.13460734396468416,0.4284142004982255,1,interior
0.11659404614076632,0.09390363542996315,1,interior
0.10794840448792986,0.10221057553982064,1,interior
0.12396490218749445,0.43525359866831664,1,interior
0.12416177377942768,0.429217314706072,1,interior
0.13127527289097188,0.42424009796392437,1,interior
0.1260621665055974,0.42315980788056723,1,interior
0.10630769670422349,0.21065048288512683,1,interior
0.10236192814699532,0.20614915610116866,1,interior
0.13394735778981756,0.2505266339064211,1,interior
0.09314843997941374,0.20003876115695138,1,interior
0.08757388990290126,0.19870172980373327,1,interior
0.09470718617865659,0.20600551221422525,1,interior
0.14008097624515387,0.40308540456377623,1,interior
0.13115251859193336,0.39524028017584684,1,interior
0.13427486045913364,0.4049390888309788,1,interior
0.1322070042878853,0.309627094968682,1,interior
0.14297331052069548,0.3006423197847459,1,interior
0.14114635032884784,0.3556103140898514,1,interior
0.14691092851703866,0.3691430708438729,1,interior
0.1425698588948226,0.36316645394660013,1,interior
0.10401709775745838,0.10540336816320577,1,interior
0.10804582088069185,0.11199291308779692,1,interior
0.11421016970236458,0.08776789901409332,1,interior
0.12179901351650105,0.08486530749065192,1,interior
0.11884701599168089,0.08853728015868163,1,interior
0.15354962597399244,0.37157524913756346,1,interior
0.13967792971472137,0.37107807698851564,1,interior
0.14355745571687611,0.3751850963399398,1,interior
0.11930550620814351,0.2854978480383035,1,interior
0.11959657412840242,0.25941122398904437,1,interior
0.12001796298165057,0.2740879776123932,1,interior
0.11542347318327749,0.2647139175829456,1,interior
0.11539091336135511,0.2712201128907501,1,interior
0.13096423829596765,0.389941786305056,1,interior
0.10368248595061916,0.21989076649950526,1,interior
0.10708763190834303,0.21578909252330863,1,interior
0.09717523638854846,0.21084233259089236,1,interior
0.10173567973229376,0.21356365599975244,1,interior
0.10358245535175188,0.1181166865409502,1,interior
0.10491820844307458,0.113578622312785,1,interior
0.10753447811550935,0.11909272927738929,1,interior
0.14544518575157395,0.3463087251251151,1,interior
0.1498271495466418,0.3473109564599995,1,interior
0.1454862475329586,0.35156079068907825,1,interior
0.13878841636758402,0.057399219498629576,1,interior
0.1195309797627002,0.4256177388537831,1,interior
0.11473344260255329,0.4349165443522572,1,interior
0.1202132562002141,0.43746881181258473,1,interior
0.11905244319645347,0.4314609486048433,1,interior
0.11201122774715307,0.08231068105571675,1,interior
0.10696740131558283,0.08108185037273277,1,interior
0.16512410853745274,0.379014618607173,1,interior
0.15565337370549068,0.3771753259739932,1,interior
0.1213109818290504,0.4206883841803853,1,interior
0.13092693887574466,0.41866236015502895,1,interior
0.12548260326620025,0.4158300047106052,1,interior
0.1480026572020518,0.3409435988990068,1,interior
0.15288097005340281,0.34214932242974,1,interior
0.08491919600119195,0.1907821327452811,1,interior
0.08053386686296131,0.18276951033709543,1,interior
0.08046831420100176,0.1907713890445813,1,interior
0.12232687842797894,0.09279640272090929,1,interior
0.11281686350555815,0.42848137647629114,1,interior
0.1143024605752362,0.4215454518252105,1,interior
0.14308183032324218,0.3380931589688249,1,interior
0.09033378802393771,0.20757793246913822,1,interior
0.08879175743778234,0.20364495914599767,1,interior
0.09128838613492461,0.21176587089962487,1,interior
0.1293128769075727,0.24694248840965777,1,interior
0.18725823340653897,0.5087026547686806,1,interior
0.19583651397905372,0.5055061261005299,1,interior
0.11093918807312705,0.26818353564474146,1,interior
0.1093708395284637,0.2736782032831981,1,interior
0.15457184696769807,0.35495410465664756,1,interior
0.1228290481249599,0.2525373993266039,1,interior
0.1157139696203905,0.2542940671198435,1,interior
0.11385826417140876,0.25939526987772704,1,interior
0.11694255795513551,0.24905226375178047,1,interior
0.10937497866632648,0.2557693228685496,1,interior
0.09829185043596333,0.20159979236475692,1,interior
0.08748204256416825,0.19407725425149208,1,interior
0.13694135102026386,0.2465113235358061,1,interior
0.11385506140715065,0.27815440708030675,1,interior
0.1269157901567716,0.3824914180415931,1,interior
0.1381065759436557,0.37928322166365713,1,interior
0.13387100550651165,0.37513437137166566,1,interior
0.12527608762654416,0.3873831708774164,1,interior
0.16037588675577538,0.37396014176464937,1,interior
0.122120211468481,0.39212643032776195,1,interior
0.11732908130498777,0.38922917082480213,1,interior
0.12040430067951803,0.3833297044430268,1,interior
0.12693477200380618,0.3923703925447734,1,interior
0.12271757615691056,0.4021295583701134,1,interior
0.11850197327277179,0.396249795684948,1,interior
0.11430265396101318,0.2891957606871197,1,interior
0.11857771783353159,0.29371632580094464,1,interior
0.11524695724438065,0.28331050646794326,1,interior
0.13605546238971825,0.4163930887463956,1,interior
0.1314108921753597,0.4115155616004156,1,interior
0.1116523018104443,0.41301145499070185,1,interior
0.11563692677560339,0.415012165287207,1,interior
0.10701451314643497,0.41967715200603745,1,interior
0.13865750082716571,0.4098881708838885,1,interior
0.10934583948482071,0.26272311300456885,1,interior
0.1054897973716,0.2589627367667285,1,interior
0.13175826177942443,0.08593927665351479,1,interior
0.13045306908978205,0.2740200688779479,1,interior
0.10354227618773881,0.08233882072314327,1,interior
0.10978316088200536,0.28469947343988505,1,interior
0.12039940855388909,0.28934605014991505,1,interior
0.10993886911752683,0.3887128108399556,1,interior
0.11407248619137898,0.3835136507817882,1,interior
0.1279308479347341,0.3771297130251035,1,interior
0.12279153661070255,0.3786691904655638,1,interior
0.10308377460593453,0.38830705711688385,1,interior
0.10729255879070114,0.3831873717797573,1,interior
0.11217283505897035,0.39455263823085246,1,interior
0.1051955571764011,0.39367016248007297,1,interior
0.13945847953217047,0.4265643000151232,1,interior
0.14025498611300224,0.42079193082471106,1,interior
0.15353350120940842,0.3501606437166116,1,interior
0.12071964511089021,0.28049204284608636,1,interior
0.1296537658909751,0.40059369284245777,1,interior
0.19022804960644588,0.540972604937109,1,interior
0.08208046388447802,0.19609172541202705,1,interior
0.12436783833614544,0.2922043488966168,1,interior
0.11397301654126384,0.23539596385078476,1,interior
0.117677842445906,0.23083674041670008,1,interior
0.11211617201127916,0.22977930192385654,1,interior
0.12415935952472217,0.241992809673497,1,interior
0.11478617240665179,0.40144498894184005,1,interior
0.10793390442312069,0.3990773478598302,1,interior
0.10887970748338875,0.2243783253104569,1,interior
0.10247212102902932,0.22570036015117864,1,interior
0.09625640775065805,0.2169052076502181,1,interior
0.09724977214976949,0.2231852130066834,1,interior
0.11538917917947274,0.22497141877433655,1,interior
0.12012455838484064,0.41186106996259403,1,interior
0.11448166706418314,0.40864605979870977,1,interior
0.07593547663929297,0.17723156809592885,1,interior
0.1248418133107388,0.40890320106138006,1,interior
0.11928988548897627,0.40623404055343243,1,interior
0.10473710347846449,0.44673505254734397,1,interior
0.10978788245309244,0.44402202228037835,1,interior
0.14933887809667754,0.37667603145109446,1,interior
0.09157989166579404,0.22138347930081173,1,interior
0.09208316857555097,0.2273914764431834,1,interior
0.09724898697450485,0.2292917819457969,1,interior
0.10163324086146834,0.23060442014915633,1,interior
0.14814177092832206,0.2680603871653034,1,interior
0.13549184113676474,0.3335163449855402,1,interior
0.132427277919659,0.3290814480866467,1,interior
0.12756020315709898,0.3250423472773418,1,interior
0.14110600355645833,0.3330291578842731,1,interior
0.1070680395936755,0.27973362847415717,1,interior
0.10348475333062078,0.2747638630224559,1,interior
0.1028393062428666,0.10214577152430367,1,interior
0.12765212396196646,0.3145638337741408,1,interior
0.12997365232639013,0.3200102659296152,1,interior
0.10170085504371694,0.4150606616441623,1,interior
0.10717698421831927,0.4248748749479357,1,interior
0.10161918691105125,0.4213229117734391,1,interior
0.10691773838619555,0.4141461483545599,1,interior
0.11731804523645604,0.10015161206370791,1,interior
0.1091064764310706,0.4096535735058767,1,interior
0.0975994112170087,0.3880062504442078,1,interior
0.10027895772515759,0.3821384397407822,1,interior
0.09799432449072627,0.39400583301634884,1,interior
0.10050842805964959,0.37608090066325667,1,interior
0.09356325537907866,0.38473063892447423,1,interior
0.10578278404456205,0.3773811646153256,1,interior
0.09425245413990928,0.3779550545555868,1,interior
0.11702709098745802,0.37728785541543725,1,interior
0.1043186415799997,0.4031746324179418,1,interior
0.10930560305713126,0.40487082720603623,1,interior
0.08610313765984949,0.20835893304045894,1,interior
0.0824333192264787,0.2030171081711996,1,interior
0.07317943087526711,0.19563652869817066,1,interior
0.07203311422658598,0.19155502317968404,1,interior
0.07664572570077774,0.1926465588020809,1,interior
0.1396722062064083,0.348329588926067,1,interior
0.13913622139358475,0.3417973729302075,1,interior
0.10661408725175237,0.22954623250164086,1,interior
0.1289497372717113,0.3726936419891042,1,interior
0.12690936462876456,0.36797502756449885,1,interior
0.12291245330629454,0.37329931638925123,1,interior
0.13218582369482063,0.38025709371252886,1,interior
0.10519489111831536,0.2683910533377518,1,interior
0.12391344751932985,0.30201083679953095,1,interior
0.12287365670028746,0.2969640322260805,1,interior
0.07674172899517444,0.19965049213936367,1,interior
0.12499922033054404,0.39689231848523615,1,interior
0.1431145834855003,0.34305618631010765,1,interior
0.17578108563211753,0.4465645920047259,1,interior
0.11276425953588255,0.29532152321804067,1,interior
0.11810663231100099,0.2991545682200143,1,interior
0.0689631528445314,0.19408275125651275,1,interior
0.09880387680204131,0.44885542235460124,1,interior
0.0899376540013779,0.4547330281665828,1,interior
0.09223953674167364,0.44979732882666545,1,interior
0.08990714699438876,0.21644479423445517,1,interior
0.17516838626666936,0.4989292225606084,1,interior
0.10555469460740517,0.4305770527388959,1,interior
0.10943726259275051,0.43362640200420044,1,interior
0.16989465292662417,0.4397139036784525,1,interior
0.1112595238532347,0.378849765792589,1,interior
0.1110242512111298,0.3735523164299622,1,interior
0.11652153449797453,0.3709989976520108,1,interior
0.08891390932797519,0.44561198231925514,1,interior
0.08520688133143765,0.4497959359307064,1,interior
0.09421924724071537,0.4438812351659173,1,interior
0.12292558082869151,0.08087378409850866,1,interior
0.10405404720063231,0.40876729196011763,1,interior
0.11977560970103698,0.2371701532796864,1,interior
0.11485180135895619,0.24031934024757703,1,interior
0.10882835057636929,0.23463892926899965,1,interior
0.0997486996167775,0.2645261157070114,1,interior
0.13078472573533095,0.3631449037221593,1,interior
0.12302631054119992,0.36239432780454234,1,interior
0.1331437241496385,0.36935037160955764,1,interior
0.12131694890103137,0.36799768324458404,1,interior
0.09715599263405705,0.41800997828843833,1,interior
0.09570603339674548,0.4133151931729624,1,interior
0.09888368917070214,0.4097729765304292,1,interior
0.12032353130582506,0.3227411673970422,1,interior
0.12488988501542427,0.31967222791693395,1,interior
0.08694477374439666,0.37722128880049743,1,interior
0.09164506679342317,0.3719011158453233,1,interior
0.09792608538832963,0.37199992498356355,1,interior
0.11837648375251437,0.24353412039208702,1,interior
0.11221112351642909,0.24502355885217486,1,interior
0.12260101401554743,0.24716407358268686,1,interior
0.11068631722971772,0.2499351417164295,1,interior
0.12856573466636412,0.4056150702404885,1,interior
0.08708343388704809,0.3880283453109031,1,interior
0.09141462469725957,0.39707298925370416,1,interior
0.09258244982758194,0.3908714861252098,1,interior
0.12386304102660084,0.21820488904503424,1,interior
0.12491484541914089,0.30845618050574963,1,interior
0.06988695120456621,0.1989105707043697,1,interior
0.07301513115634699,0.20332210627334754,1,interior
0.10483213848280487,0.24535870640955684,1,interior
0.10968943713043378,0.24013376239920795,1,interior
0.14571582210865125,0.35740382770971224,1,interior
0.13589413618038443,0.3534979019164721,1,interior
0.06861250503004879,0.20361915122560456,1,interior
0.06454463086602293,0.2012296616224948,1,interior
0.0708228074086841,0.20821153861568334,1,interior
0.1032448661509745,0.2853879209514147,1,interior
0.10147360801426822,0.28017578932213333,1,interior
0.19888031347275645,0.271753456172455,1,interior
0.09779525100456855,0.27636807213331566,1,interior
0.09637658493052516,0.28285705216217893,1,interior
0.08507921363378633,0.36955358789251924,1,interior
0.09084916129152407,0.36631366406020266,1,interior
0.09593191597049287,0.3670457091978345,1,interior
0.12415349860415166,0.2619938170719268,1,interior
0.06538692158198746,0.20697630292589428,1,interior
0.07654257835031454,0.20705379120623937,1,interior
0.06732736367483222,0.21226714273086297,1,interior
0.13232206545530098,0.35776687290172776,1,interior
0.1369786288899141,0.3598886685278256,1,interior
0.10483451475894214,0.3709651963900839,1,interior
0.08448514985215853,0.21380015742934214,1,interior
0.07341844200530179,0.21398322387287436,1,interior
0.05932334095391522,0.19940702260503937,1,interior
0.09494938329026296,0.26620203985074337,1,interior
0.10017540382446409,0.2583364184968799,1,interior
0.09493351888500655,0.26043959410972367,1,interior
0.10393836499093183,0.2629235478223044,1,interior
0.12786025713752477,0.3304769629152657,1,interior
0.12555648834196773,0.33425381818944194,1,interior
0.08627590288989438,0.2308723551008078,1,interior
0.09296901580862073,0.23347830170358766,1,interior
0.09912300625708334,0.2353653773967928,1,interior
0.09504894526741718,0.23944097648243892,1,interior
0.09581986453674114,0.2553999081008003,1,interior
0.09996750029063306,0.2512575479644816,1,interior
0.08139693537503115,0.20884548732618352,1,interior
0.07854090304883632,0.21269648790926973,1,interior
0.10016213156393064,0.24120171778799832,1,interior
0.1045618386947183,0.23871513042620565,1,interior
0.10418174969784433,0.233958061895324,1,interior
0.13181480898631118,0.34843836659528665,1,interior
0.08271548072722641,0.3931915458952597,1,interior
0.08941776193883091,0.3822534019136905,1,interior
0.08442153553483928,0.3834319128359557,1,interior
0.07961676819545795,0.387853463827176,1,interior
0.10057776779122019,0.44308579702360834,1,interior
0.1006045406780031,0.4267699407091055,1,interior
0.09922967413803502,0.43260649434870063,1,interior
0.10396478482764028,0.4370594823631558,1,interior
0.10548218861116081,0.3635732401479868,1,interior
0.11075559655274674,0.36753352312597637,1,interior
0.16785740534889168,0.518720335556336,1,interior
0.12086816107709221,0.31510505786824383,1,interior
0.11794167486938371,0.3051621149848342,1,interior
0.08573095898443261,0.39790435307464456,1,interior
0.07740552409923945,0.39352726188194903,1,interior
0.08032788740682194,0.3994412094838778,1,interior
0.08252525315795244,0.3754565904203728,1,interior
0.08195208544897062,0.3637736161176291,1,interior
0.07820219679730213,0.36683862470184186,1,interior
0.0878700212355595,0.36221621727841574,1,interior
0.10378643356762407,0.25485953676590817,1,interior
0.09684532455675521,0.24576948684148062,1,interior
0.0943426106762694,0.2509945779651875,1,interior
0.13031270412406712,0.34233131357217195,1,interior
0.1304036770605265,0.3355829931828511,1,interior
0.10560060132630031,0.2508993388595316,1,interior
0.13797339948847376,0.30873786440713047,1,interior
0.08797427780594143,0.43971786289013903,1,interior
0.08402517366751756,0.4445826345840498,1,interior
0.09002550879736229,0.27290249822904294,1,interior
0.09946622460904654,0.27038235686325884,1,interior
0.09018609120559191,0.2625117750143907,1,interior
0.11705316259009704,0.35998035397375333,1,interior
0.12026069478688202,0.3554903834595781,1,interior
0.12670397194760794,0.3576403900669161,1,interior
0.1165711031871713,0.36508295414704084,1,interior
0.12240110585753479,0.32963845732529146,1,interior
0.09770189307456707,0.4383414629656399,1,interior
0.09265561507472476,0.4339950824890151,1,interior
0.09438909001944028,0.4280905293058985,1,interior
0.07854953416872303,0.37200542895305627,1,interior
0.08039751600595786,0.3812186620048808,1,interior
0.08324096646231852,0.43609919566047584,1,interior
0.08838753692735891,0.42891295116959993,1,interior
0.09291452371597639,0.43901770518753264,1,interior
0.09568397466178939,0.42267971787854247,1,interior
0.07804973177659828,0.3767814209626447,1,interior
0.11135834786697608,0.36135330082010825,1,interior
0.07915726008705408,0.4518247705188519,1,interior
0.0784361390717897,0.4463945113322875,1,interior
0.08408032358114716,0.45433872245762036,1,interior
0.08745286018322172,0.4033118587534938,1,interior
0.09488821372788449,0.4007452888065246,1,interior
0.1214543098118334,0.33610001311439835,1,interior
0.11720781526209186,0.327920796555516,1,interior
0.1169876982396497,0.3334329015136932,1,interior
0.09004606139052873,0.2678986178726463,1,interior
0.08936647053034463,0.23769209444086994,1,interior
0.08752758486276827,0.2248586224829213,1,interior
0.07975882285280139,0.23318408288825343,1,interior
0.0803987424012402,0.22831923929275183,1,interior
0.08283822928785924,0.2242411004036687,1,interior
0.08443542856646684,0.2368248474957066,1,interior
0.08097167175906346,0.44071850530070095,1,interior
0.08562837150598439,0.21963273154804694,1,interior
0.07929710037416356,0.2183474639637572,1,interior
0.0746241540982536,0.22804255722503772,1,interior
0.07786869273540786,0.22380772509705538,1,interior
0.11336411677591159,0.35560092507720215,1,interior
0.12574892028041365,0.3516502641385473,1,interior
0.10670046276911258,0.3564741343262353,1,interior
0.06898745867369989,0.22363209170108475,1,interior
0.12601971117797553,0.33946244193625236,1,interior
0.07107828803332848,0.44613350518710926,1,interior
0.0748084440931795,0.44121517931651394,1,interior
0.07469105292315142,0.4500360546425952,1,interior
0.06177451897609665,0.21096786106329554,1,interior
0.1069526853435488,0.29134301837901766,1,interior
0.09012051730117007,0.25531910088331794,1,interior
0.09031346832094106,0.24823925574026776,1,interior
0.08467127148452779,0.2498961944166477,1,interior
0.08595758688781001,0.24304980779981675,1,interior
0.07487830560244839,0.3798943946576898,1,interior
0.06915147325905921,0.37942939778197843,1,interior
0.11962744030453817,0.417102332921442,1,interior
0.1010317645871243,0.35896037416908916,1,interior
0.09979287292817829,0.36328184133538705,1,interior
0.10116233054635768,0.36748276724231926,1,interior
0.07786582561366488,0.4358076804083444,1,interior
0.08188478447415166,0.4307061704196287,1,interior
0.054141953286556445,0.1969992136062902,1,interior
0.06095253901333806,0.20520793013469,1,interior
0.0573098711577273,0.19573491963733153,1,interior
0.08645870563434639,0.25996583380802085,1,interior
0.07983251112021988,0.2540653104174147,1,interior
0.0818444669119912,0.25951264810311386,1,interior
0.08405150201177954,0.26567805265990346,1,interior
0.08608296835321065,0.27079804778217925,1,interior
0.1144197108107297,0.31111829208702985,1,interior
0.11500784596383158,0.317909304704258,1,interior
0.11968410228977583,0.3099460579501846,1,interior
0.07928888713741852,0.26333907247430566,1,interior
0.0815641614453449,0.27249908637383785,1,interior
0.09364493863164358,0.40717750057531504,1,interior
0.09930259520774927,0.40456385219705604,1,interior
0.1099714351789076,0.3505833345574329,1,interior
0.11561953810300592,0.350219488096144,1,interior
0.09662785208288345,0.35679846395437165,1,interior
0.09486859329386137,0.36165434427356186,1,interior
0.1369650588387327,0.3654974463298254,1,interior
0.07406993877088634,0.23532716504530898,1,interior
0.07360997526763093,0.2208767238348582,1,interior
0.13045322891082328,0.3534646177871085,1,interior
0.11357720376039189,0.3239578180676011,1,interior
0.10866136401443101,0.3200678992970149,1,interior
0.1097362241290829,0.3148733915361804,1,interior
0.07430882771334331,0.38436823697803096,1,interior
0.07207698504873186,0.39031203014979876,1,interior
0.07058639165327815,0.45095996205075445,1,interior
0.10772085547529804,0.32623890791090115,1,interior
0.11198298461996087,0.330299810674439,1,interior
0.1013084259357548,0.39881927943217227,1,interior
0.09893265276580816,0.28992827588362197,1,interior
0.06643885125060399,0.2353354260744054,1,interior
0.07087534590671284,0.23961088705486833,1,interior
0.06968738363803455,0.22988547843930918,1,interior
0.07558208671161926,0.24275187188928846,1,interior
0.11686109073666069,0.3395519447284308,1,interior
0.12516480517060632,0.345702444231229,1,interior
0.13452495165995115,0.3391501553312099,1,interior
0.06868936031145553,0.21780243448177905,1,interior
0.11328128829565101,0.3009140412479804,1,interior
0.10749536549316144,0.29907536723888556,1,interior
0.11853186690517686,0.34521919708699705,1,interior
0.06963336666123981,0.24484996897972186,1,interior
0.0811072921990604,0.24483001756055986,1,interior
0.08979423809374347,0.42350406021781106,1,interior
0.07285164063795398,0.36500233539904203,1,interior
0.07541594136570576,0.360274188161005,1,interior
0.06410704348363515,0.22031817582290572,1,interior
0.07818965231414413,0.24890012261967587,1,interior
0.10615187045883419,0.34612639179257276,1,interior
0.11231504179707637,0.34410840968015904,1,interior
0.07365434813557263,0.39714922874493364,1,interior
0.0669668082009051,0.394958217981944,1,interior
0.0651135839567752,0.38849499053320175,1,interior
0.07371463855173675,0.2536411649005346,1,interior
0.07658806971023145,0.2586355601529115,1,interior
0.0847558208521835,0.25537686149965466,1,interior
0.1030441151531604,0.3160407188008711,1,interior
0.10256819520383449,0.32239886014144115,1,interior
0.06379581568807391,0.21587355340307837,1,interior
0.07545582519181104,0.4041159384932606,1,interior
0.08135926902449314,0.4050415667662546,1,interior
0.10562416125188098,0.44184259908448,1,interior
0.08639054283442703,0.27632050175279405,1,interior
0.09235404023167924,0.27748918422171115,1,interior
0.09438273715561034,0.27181471492140524,1,interior
0.11091765435753048,0.30536041309198253,1,interior
0.09323553737141078,0.286828849157721,1,interior
0.0838869052546628,0.42511365109913085,1,interior
0.08513501352760083,0.41947354604912807,1,interior
0.07318364030593717,0.375074341624918,1,interior
0.06699138584132412,0.3728560313062994,1,interior
0.06391377212944326,0.38248681115851046,1,interior
0.09126187359138947,0.41245195527395745,1,interior
0.08802426444292898,0.35581682926392116,1,interior
0.07778259954900137,0.3547504621658136,1,interior
0.07497438962532545,0.43114362320804916,1,interior
0.07997270583781498,0.4214070603920791,1,interior
0.08718407059508977,0.4336664025837028,1,interior
0.07778603159472329,0.42625738385340634,1,interior
0.09154662453584267,0.24309400949162768,1,interior
0.06833243078244498,0.2501777828927562,1,interior
0.07087593736073153,0.2600942397185077,1,interior
0.06525196574616267,0.25917696779766,1,interior
0.0683480025779314,0.25522198984923145,1,interior
0.06891273122312097,0.38501527689011744,1,interior
0.05777761237711842,0.20859975774025905,1,interior
0.11006067131582349,0.43859270154992647,1,interior
0.0771511099166896,0.2684372851155102,1,interior
0.07140343905382944,0.3541613012878709,1,interior
0.08240966298632474,0.3585963404791714,1,interior
0.06855318065284711,0.36152657904832136,1,interior
0.1209048413042434,0.3497938947211737,1,interior
0.13522862491921792,0.34446081357073316,1,interior
0.10254949818630874,0.3283984390462205,1,interior
0.10607305604933852,0.3332407325211895,1,interior
0.11182099031071518,0.33684269950355694,1,interior
0.06116842354025798,0.24072632422116272,1,interior
0.06619285832436163,0.241320608591594,1,interior
0.07976524654688615,0.349626491058485,1,interior
0.07459919638792807,0.3499012412684559,1,interior
0.0836015636334076,0.3526899654862721,1,interior
0.08784575540343434,0.3933332173655334,1,interior
0.08446229973613997,0.3462489653168341,1,interior
0.08894564086381475,0.3501177941543041,1,interior
0.1385727944932407,0.33700601920216117,1,interior
0.09635037714187089,0.31439037144473453,1,interior
0.10091855916246571,0.3101909639404512,1,interior
0.07802178890171318,0.3446029888191789,1,interior
0.07174474951577847,0.4360602579714346,1,interior
0.0683651467545597,0.4314780898738057,1,interior
0.09415324506492963,0.35256709585094165,1,interior
0.0902628739460172,0.3448368849670051,1,interior
0.058748046173636624,0.3803993261948988,1,interior
0.059157683397743445,0.38580622178756774,1,interior
0.06056196823319807,0.3917130413026479,1,interior
0.09445984414361058,0.30917314024786496,1,interior
0.09838780596356643,0.30519637798783833,1,interior
0.10464722934427617,0.3050565081633827,1,interior
0.09622849273980051,0.32052148147843834,1,interior
0.09730757602709932,0.32655669136533366,1,interior
0.08321293349792673,0.28626548688964987,1,interior
0.088660165769054,0.28225706535964246,1,interior
0.06604177441994784,0.4498670820264423,1,interior
0.06866332206344128,0.44087990213195477,1,interior
0.06461818571074981,0.445203222457557,1,interior
0.09407580028124302,0.3473080721588634,1,interior
0.100462652984045,0.3536042062321403,1,interior
0.09953510585826687,0.3478174319166299,1,interior
0.09199260116330711,0.357868856883123,1,interior
0.0883984450340904,0.2879324102586762,1,interior
0.08136991789410626,0.2796594416750449,1,interior
0.07727616511730047,0.28529554658856876,1,interior
0.07943021838386681,0.2916036980110454,1,interior
0.08581639604535622,0.2923937731207264,1,interior
0.10461163743785502,0.3509668288794104,1,interior
0.06312117133073374,0.24645688072583713,1,interior
0.10194004821651323,0.34290232478521004,1,interior
0.10737641218119102,0.31032031320805725,1,interior
0.10121279908019583,0.30033642138476546,1,interior
0.08255294209980361,0.3411676319723189,1,interior
0.08838418292580931,0.3407849327137629,1,interior
0.06655570254562232,0.26549293273044866,1,interior
0.05975945931455016,0.2583108567482505,1,interior
0.0629728880168104,0.2532806141958772,1,interior
0.07331294643391136,0.24807711084917647,1,interior
0.10249613145675321,0.2951899469089244,1,interior
0.09577169592444605,0.3411421971409935,1,interior
0.08254051082569652,0.18650608201300714,1,interior
0.07916979309060329,0.41564989983115785,1,interior
0.07448983798648666,0.4213801062286668,1,interior
0.055404447070939326,0.24506583200447155,1,interior
0.058302078179059746,0.2497780931388771,1,interior
0.07616154628895741,0.27476615106746016,1,interior
0.07173361270201747,0.26592288597456626,1,interior
0.0707881836567971,0.2710178442618107,1,interior
0.06404386924326509,0.2714140776805233,1,interior
0.06059563817462446,0.2668445235612507,1,interior
0.10181241923752438,0.3379170560837673,1,interior
0.1070958746954193,0.34014836306990315,1,interior
0.09570268676268079,0.3006741798994099,1,interior
0.08294838867485416,0.2972859271668486,1,interior
0.07331393495431483,0.28966497692514664,1,interior
0.07672366051462602,0.2974792377189592,1,interior
0.08720631961153029,0.33109944534314034,1,interior
0.09158728613865985,0.33584369555575383,1,interior
0.07045879298970899,0.2776771428150959,1,interior
0.06788308707973892,0.2739889969270273,1,interior
0.07528764842812759,0.28031204565884416,1,interior
0.05634914020500953,0.39594765367396856,1,interior
0.05450268891163645,0.38958983516069984,1,interior
0.06175883831599392,0.39706611682703885,1,interior
0.053519417942058674,0.3825321000780604,1,interior
0.06263961547271278,0.37682783119985697,1,interior
0.05505352577054922,0.23969910898011593,1,interior
0.04838943724516281,0.2412729582952779,1,interior
0.04852295850475826,0.24671173653446674,1,interior
0.05255655980017738,0.2516924080335803,1,interior
0.04690301902025091,0.25195136943092994,1,interior
0.04320804246259291,0.24878581357131418,1,interior
0.04807480051765683,0.25684215352727596,1,interior
0.09005229537827436,0.32079989038307305,1,interior
0.09042472280907708,0.3256683622092386,1,interior
0.0901063314390134,0.2978108028272124,1,interior
0.0793539379229473,0.30215597348725415,1,interior
0.08593406582855545,0.30242889709993187,1,interior
0.07502413071185672,0.2935965674259021,1,interior
0.08270754413162985,0.32657627806294437,1,interior
0.08534396304316752,0.3223613047097984,1,interior
0.09325453778768097,0.3305959551430507,1,interior
0.04856837425422774,0.38797285589182023,1,interior
0.05089326014902309,0.37712408916106466,1,interior
0.04782943013713122,0.3811435487145352,1,interior
0.09214600484757103,0.3039354233565548,1,interior
0.05046771601255168,0.39492214124839614,1,interior
0.05305272066414888,0.40102322052441514,1,interior
0.0593490020670451,0.40170691039661216,1,interior
0.09849036537361577,0.3335461640385612,1,interior
0.14501432227515468,0.4010041592029818,1,interior
0.06334944579406161,0.44041419410106275,1,interior
0.06544303971962462,0.4358823876363149,1,interior
0.04652946153250633,0.40108599621352764,1,interior
0.050843030153082544,0.4069843506637088,1,interior
0.07072103635214176,0.2954966053747373,1,interior
0.06775660517980531,0.2901486934258211,1,interior
0.09672960824841663,0.29596915464149026,1,interior
0.09224578133251253,0.2921364682513428,1,interior
0.07063294878627714,0.2842327398235088,1,interior
0.05410985770900108,0.23474915562707382,1,interior
0.0681708519034302,0.34311750555401827,1,interior
0.07352917140279505,0.3415534690698915,1,interior
0.0685513936931976,0.34884327853636093,1,interior
0.06504790284414491,0.2809248583054487,1,interior
0.06038971541723389,0.28360775337852545,1,interior
0.0648683758827106,0.2765998653426094,1,interior
0.0552258807026448,0.28160191930996475,1,interior
0.08227865124251724,0.30670251429121836,1,interior
0.08824563013907517,0.30776633895798855,1,interior
0.06788558887498768,0.36694167918340653,1,interior
0.07292044758558656,0.3700203356776392,1,interior
0.059493733962077,0.43742259165172986,1,interior
0.0612506304421866,0.4312324425980183,1,interior
0.05503804002905246,0.43452292432888456,1,interior
0.06576390162293286,0.4273178903216935,1,interior
0.05555693749445814,0.42830284234463134,1,interior
0.06133697312056442,0.4241940345863571,1,interior
0.05393032441834291,0.2578216983007931,1,interior
0.07773640486138138,0.3379737732648281,1,interior
0.050325003314114235,0.23729121311606732,1,interior
0.09004772855710079,0.3128027962845443,1,interior
0.06519921591244343,0.40160901196112603,1,interior
0.05670428873018194,0.4100930730997403,1,interior
0.06308359441548361,0.40784798687932455,1,interior
0.06555816525891504,0.41941404178154257,1,interior
0.07161140922747246,0.4267305781858666,1,interior
0.06823615488477497,0.4226219293036628,1,interior
0.0836408380805352,0.40974695534109395,1,interior
0.08840204141607624,0.4090572160703532,1,interior
0.074139419704342,0.4109419674545724,1,interior
0.06695883160514725,0.2994609851916737,1,interior
0.0643128569043085,0.29488358216783045,1,interior
0.061890033979762775,0.2895739295049297,1,interior
0.06296727940211724,0.36813583996441696,1,interior
0.06021503509053833,0.37150978437602894,1,interior
0.05744733614879244,0.3652806635627397,1,interior
0.0504095826970354,0.3718011130908037,1,interior
0.09144332036042178,0.41784078552954007,1,interior
0.05858188622574485,0.2711611471056373,1,interior
0.04370073263564862,0.2613854717136006,1,interior
0.0573879692072943,0.25432787683302466,1,interior
0.04243240550731971,0.3797216320050297,1,interior
0.04465190842766139,0.36910973645026746,1,interior
0.04150391458341394,0.2543952555729089,1,interior
0.05075883846207104,0.2623251814817423,1,interior
0.08551898164498462,0.31712578059313035,1,interior
0.09161139883266971,0.3170226213418025,1,interior
0.07945751126703778,0.3152214796052187,1,interior
0.0793269950482023,0.32058852493391127,1,interior
0.06321626115028824,0.35768080411271025,1,interior
0.07244303593806087,0.30202850160976025,1,interior
0.06617548917934468,0.30422948495699814,1,interior
0.06084708267191869,0.30016394755877557,1,interior
0.060717713230460504,0.4130650356061216,1,interior
0.06540207883555794,0.4143523182530877,1,interior
0.07130872936763734,0.41677269704788195,1,interior
0.06065902821469752,0.41830796982549723,1,interior
0.08007190756194109,0.23929759782685667,1,interior
0.043056703548517164,0.2666374354017384,1,interior
0.03742971335330561,0.2651525853864532,1,interior
0.04883932249981232,0.2672637070525144,1,interior
0.036273219822243165,0.2591930191121489,1,interior
0.04231831077189499,0.3887946973786231,1,interior
0.04493105953654353,0.3941206244913704,1,interior
0.04448082598829227,0.3843878593200378,1,interior
0.07226048656727317,0.3220325326503851,1,interior
0.07655361391103813,0.32495032061933243,1,interior
0.07361697681960926,0.3171459215689485,1,interior
0.07501882342618461,0.26329700924046434,1,interior
0.06198270229554973,0.2625840465582276,1,interior
0.05458619529365783,0.44095530473656064,1,interior
0.05905928883195788,0.44364665142190923,1,interior
0.12168430569282837,0.341405717865162,1,interior
0.037913640597912704,0.37027241449174353,1,interior
0.05085170288138213,0.36579818848252477,1,interior
0.03999500877087247,0.37488054250019304,1,interior
0.046124292973321844,0.3615036099922471,1,interior
0.041110899352660255,0.3652034677881467,1,interior
0.11114335518559573,0.4173681573828622,1,interior
0.04578800080635869,0.3752796873375779,1,interior
0.03713611307322708,0.38061732377891094,1,interior
0.033694296081909575,0.37613347263337404,1,interior
0.07709283381140525,0.32907996001107886,1,interior
0.08073946977241936,0.3325018363032954,1,interior
0.06966780156307763,0.4061852698728034,1,interior
0.05468039021751423,0.42167201332153553,1,interior
0.0394919005282545,0.3599567598109575,1,interior
0.048859611068975926,0.35456312599615825,1,interior
0.05282211650683912,0.35989739365493195,1,interior
0.05680412921400256,0.35450060505911934,1,interior
0.05846971998948761,0.3598464658882282,1,interior
0.05253944341292797,0.350516811780066,1,interior
0.05774632520337805,0.3484150521793505,1,interior
0.06019091049939718,0.44978745441221507,1,interior
0.07622511823706213,0.30674998549452187,1,interior
0.03780028923212549,0.2478202726441395,1,interior
0.06350054116841987,0.33954412605165124,1,interior
0.05633911053528235,0.342066243326336,1,interior
0.05238000592847836,0.34555230489076844,1,interior
0.06404876642102991,0.3522324819138796,1,interior
0.0792852184653128,0.3105241881703345,1,interior
0.07065760566923576,0.3079295149233718,1,interior
0.07407876269551134,0.33334930254509976,1,interior
0.07089460736477439,0.3281013894895418,1,interior
0.07056612643257708,0.33796567732025035,1,interior
0.03244991606679728,0.25574015724571625,1,interior
0.029680641856655685,0.25932197409466723,1,interior
0.033476719322486366,0.35892721774294223,1,interior
0.03583468980452318,0.364713101216741,1,interior
0.05478917281052037,0.26703873759917807,1,interior
0.05213779550350269,0.2767043803378287,1,interior
0.053838346384079416,0.2720738750264465,1,interior
0.05083353912154491,0.42599324702471525,1,interior
0.04937242333766218,0.4320925340492757,1,interior
0.04079268196655773,0.4049581172333694,1,interior
0.040833545987277904,0.39872031509631506,1,interior
0.0449934625485573,0.40731562477775285,1,interior
0.07870497202840906,0.4095272289345206,1,interior
0.08625695091478902,0.4143281604453206,1,interior
0.06309204939373851,0.36313997261188874,1,interior
0.06876797167801292,0.3570666150814678,1,interior
0.04009868501662976,0.3842097700357693,1,interior
0.0702522470258587,0.40064483181219684,1,interior
0.05036796125669766,0.417133058261282,1,interior
0.05602398775142059,0.415718289690518,1,interior
0.0469425431709764,0.42170301743900096,1,interior
0.0675287301931567,0.33383556479709714,1,interior
0.04903470877982154,0.27292319333030435,1,interior
0.05833025593243554,0.2938232119695006,1,interior
0.08424645121278684,0.3117854582680986,1,interior
0.029866974115494816,0.3730396328356357,1,interior
0.03273901091479158,0.3696838907783724,1,interior
0.03163045018045043,0.40780183381916146,1,interior
0.040916004874672174,0.4119732557999748,1,interior
0.03592033649257799,0.4026213688005132,1,interior
0.03650252985690756,0.4084771160921391,1,interior
0.02932090370192508,0.4131828892678806,1,interior
0.026338438867081714,0.40904262708302735,1,interior
0.03498522632010231,0.4144593953146218,1,interior
0.06889942281348824,0.4112610659698923,1,interior
0.05659014117842163,0.28766944625697766,1,interior
0.049825277331144655,0.28039432104629497,1,interior
0.043053098629601286,0.3560815711542541,1,interior
0.04751218667645771,0.34785664688311285,1,interior
0.03641005862649371,0.38723078649481807,1,interior
0.06601256401087342,0.3239152406993155,1,interior
0.06388457375809038,0.3294158435223496,1,interior
0.030716904080911957,0.364161952073315,1,interior
0.031161489551496665,0.3531555939659112,1,interior
0.028982250117286657,0.3564541910725148,1,interior
0.0371841008880406,0.3537101863742456,1,interior
0.03940642479694557,0.392885384362799,1,interior
0.0471039716996254,0.41211888366762833,1,interior
0.06085590042518734,0.3068814198209024,1,interior
0.05438556702297295,0.29756678520321217,1,interior
0.0558589451198612,0.30361580291482676,1,interior
0.055011215169820084,0.3698354646040102,1,interior
0.06730626105718766,0.31825413485469667,1,interior
0.06886936688465208,0.31333943126366753,1,interior
0.03581634640707015,0.2526819192951311,1,interior
0.04214737188193031,0.24349568940007446,1,interior
0.016510147784158012,0.40334498798075796,1,boundary
0.05186334005985714,0.3060986475316364,1,interior
0.055804983776233726,0.3104451639433798,1,interior
0.050082872909908205,0.3008426738855297,1,interior
0.050536421255475875,0.4379453367381231,1,interior
0.04615811170669333,0.42726123201567834,1,interior
0.045552564470709274,0.4382942501977874,1,interior
0.03979133403870904,0.43735898959623704,1,interior
0.044790028222230174,0.4166041554451236,1,interior
0.03364996634005625,0.43818545143103643,1,interior
0.04153287166514657,0.4428221937052929,1,interior
0.03795057628081792,0.42783867506969775,1,interior
0.040305798005061184,0.4188176233254461,1,interior
0.04493358084786037,0.2710726457139125,1,interior
0.056802414142956587,0.2625985708461789,1,interior
0.051321922031990486,0.28557375442503036,1,interior
0.035406406660452736,0.42208534968904976,1,interior
0.03737802224206418,0.34737378170993277,1,interior
0.05987535255161261,0.23597849244771588,1,interior
0.039645970390806785,0.27118884360386564,1,interior
0.07448851081984985,0.3120409173184691,1,interior
0.0655974689690336,0.30930795489966867,1,interior
0.04956153276627954,0.4436100283403101,1,interior
0.056693872388102196,0.4056382276511977,1,interior
0.052178547216591854,0.41236365179876416,1,interior
0.026786528656558468,0.34814036255672065,1,interior
0.0327572318168574,0.3491618360595491,1,interior
0.044526093263224514,0.27677469982172354,1,interior
0.0598927488983626,0.3253755783873313,1,interior
0.06150445275889347,0.31965415575544875,1,interior
0.042728852628910886,0.43162781325888494,1,interior
0.05388370975861439,0.44740737341798026,1,interior
0.06518421540588204,0.2858303117616274,1,interior
0.032674901885670245,0.2706464084127548,1,interior
0.036615847396954775,0.2759629082225214,1,interior
0.03403936770681516,0.2802055775064367,1,interior
0.04271771886927945,0.3506608250362464,1,interior
0.052663037037663535,0.29152558198187434,1,interior
0.05590807587914851,0.3756402789264199,1,interior
0.042590584525068476,0.34436095849669207,1,interior
0.0374580569674294,0.34213334850481203,1,interior
0.021474163316307613,0.4089332782740274,1,interior
0.032773053511655915,0.38225676023563127,1,interior
0.049690064299658776,0.3104898650603935,1,interior
0.05140476020058895,0.3164380699244368,1,interior
0.062347748197308504,0.313424156831102,1,interior
0.05918477716282257,0.2768741470290964,1,interior
0.04582428527342133,0.28316027708459285,1,interior
0.03680166533825211,0.4328302019677994,1,interior
0.032443881041520316,0.4332028691448496,1,interior
0.04134436205278231,0.33773045432467735,1,interior
0.02838456688499352,0.33832288977998637,1,interior
0.03657327595166959,0.33268247809322804,1,interior
0.03175686243964308,0.34371041161720534,1,interior
0.04962073926376599,0.32360619078106245,1,interior
0.04540827960596455,0.31420652116250625,1,interior
0.05555872651603955,0.3210915758635136,1,interior
0.04586719082887817,0.3193600524647294,1,interior
0.03723614242834165,0.4421038279939729,1,interior
0.04834753795157605,0.34110915642447776,1,interior
0.05266682151942942,0.3364204785853125,1,interior
0.06194507650282606,0.33437091129747676,1,interior
0.05726188686097051,0.33138590813781066,1,interior
0.05798039593263695,0.3372079474880772,1,interior
0.025843983107966203,0.35303996056174825,1,interior
0.02578491165178385,0.3430239414708443,1,interior
0.02108435282227281,0.35010856040030575,1,interior
0.02033585068377272,0.3444473237563643,1,interior
0.06276034219949299,0.34566961811297214,1,interior
0.022384881765235776,0.33870557727028167,1,interior
0.04044133984101042,0.3108875917331051,1,interior
0.04002337850875345,0.317324838255746,1,interior
0.04488615461985114,0.30919066305127835,1,interior
0.03616176729702317,0.3223870202200697,1,interior
0.042597990355459456,0.3241823811156252,1,interior
0.034117205512794194,0.31732501273305835,1,interior
0.054604995289294356,0.3263546136877216,1,interior
0.08469504028057223,0.33636203208602694,1,interior
0.03397878857996855,0.4422014839553128,1,interior
0.04693606093402869,0.30490293485833314,1,interior
0.04686123347229194,0.33458634190081304,1,interior
0.02414808176271,0.4132350535336339,1,interior
0.04353715943088148,0.2991337519728222,1,interior
0.04833529738192289,0.2951287053588281,1,interior
0.032817239092898985,0.3272745243962694,1,interior
0.029203916423332664,0.32084949457141454,1,interior
0.051201027392332704,0.3302961301636897,1,interior
0.0328746821394509,0.4279421908333845,1,interior
0.028458830645974577,0.4268689586778779,1,interior
0.029189659012784596,0.42267328061416104,1,interior
0.031296554497862415,0.4181103028394014,1,interior
0.028457720955650335,0.43147357733571934,1,interior
0.057275715865807084,0.31592073281725547,1,interior
0.03035184307066712,0.2639354861151703,1,interior
0.027544392523625585,0.368617410103761,1,interior
0.04640208058969285,0.32861022003887924,1,interior
0.0419789620528912,0.3310998036409666,1,interior
0.026567872732922326,0.26787148730805616,1,interior
0.02692638329831165,0.2727827797145801,1,interior
0.028528747833039027,0.27759421232179465,1,interior
0.042589504585220636,0.28705368065885695,1,interior
0.039607481304812286,0.2821552890507052,1,interior
0.04730489952826863,0.2891182538139582,1,interior
0.029148335885193787,0.4359256212825535,1,interior
0.04167546075876424,0.30509848916105115,1,interior
0.042676094325682236,0.29277629190961346,1,interior
0.03694150872325324,0.29578771535529935,1,interior
0.03383163764369478,0.2911160875341676,1,interior
0.03830219707479978,0.28912371073881493,1,interior
0.017235839748392608,0.33930830323390226,1,interior
0.0134304475383726,0.3427887093088439,1,interior
0.016472435403733353,0.347499270198686,1,interior
0.04149520947779497,0.42476129610354074,1,interior
0.026681205617068587,0.41780475997262184,1,interior
0.008969261558672283,0.3449127185963435,1,interior
0.009402052990758336,0.34880007123370593,1,interior
0.0072480712228051285,0.33940578660753246,1,interior
0.012789624526959467,0.33594594446689174,1,interior
0.0344268467967919,0.28565838217996903,1,interior
0.036233648188109195,0.3062696373751565,1,interior
0.008550563016039181,0.33278297207931473,1,interior
0.004127543050831642,0.3345789140514292,1,interior
0.0040987153211494605,0.32996329381175243,1,interior
0.029584082832824155,0.28859942854415815,1,interior
0.007939800436777831,0.3276424989698953,1,interior
0.003908730413490983,0.325383983143591,1,interior
0.0317528988141587,0.301111985954836,1,interior
0.025324817756985325,0.29150788234930314,1,interior
0.02279361398331462,0.2706037675089772,1,interior
0.02157478868367253,0.2751013761290449,1,interior
0.016942138613852385,0.2780705590506208,1,interior
0.02161005471968383,0.28128008568877966,1,interior
0.01594720996243621,0.28389371805648694,1,interior
0.025358912611327045,0.2847174325658121,1,interior
0.030031484261275342,0.28305806636115405,1,interior
0.03794744708845339,0.30115725497329826,1,interior
0.03063928950107449,0.30754174761048225,1,interior
0.025126230655926552,0.3038750348997547,1,interior
0.025741299449875382,0.2979809709816959,1,interior
0.027249007790707755,0.3278727342333392,1,interior
0.029990351477662283,0.31359824584489665,1,interior
0.020203922383367014,0.28850804899359306,1,interior
0.021277016502947627,0.29454304411367477,1,interior
0.016164726377434206,0.2945007208293627,1,interior
0.02466391686622553,0.33342820198390516,1,interior
0.018373815119699783,0.33380349636890533,1,interior
0.045477491686429186,0.44453154771109854,1,interior
0.013351490113920703,0.3221861910622395,1,interior
0.008141928130413232,0.322703993204627,1,interior
0.013554909089128857,0.3284196857921298,1,interior
0.018395871413469798,0.3234747321982055,1,interior
0.01998461509067995,0.30001311884722465,1,interior
0.020822795733682554,0.3286765882467022,1,interior
0.022464848959899614,0.31885722115504217,1,interior
0.016777567089920637,0.31769954201083733,1,interior
0.023916579753362283,0.32392014229060007,1,interior
0.015390540545831406,0.2897526534115579,1,interior
0.024888046286626844,0.3094705262402164,1,interior
0.014356523494408009,0.3124164456285001,1,interior
0.011016740125697444,0.31733394243865376,1,interior
0.020271373920914427,0.3129060800819401,1,interior
0.02559172758796428,0.3151118487734442,1,interior
0.01105526122360045,0.2963941031003918,1,interior
0.011977252011915946,0.3045935951196457,1,interior
0.008628728006190143,0.30145646939587084,1,interior
0.014445599245864,0.30048897696717813,1,interior
0.01802220003897561,0.30644386969520493,1,interior
0.007831361772216728,0.31250940976341207,1,interior
0.006938405136333692,0.30702368832856425,1,interior
0.011876206012298902,0.30862694855582606,1,interior
0.03813267172703637,0.3275246961717141,1,interior
0.030723737201381645,0.33295849313259035,1,interior
0.034427466020001275,0.3378791048842382,1,interior
0.00578772161343141,0.3177535975769461,1,interior
0.03539741314631307,0.312080498254423,1,interior
0.0725647404590684,0.3458028420670401,1,interior
0.030385538258120102,0.29482783621252284,1,interior
0.1761446603345144,0.24217853969863182,2,boundary
0.17699687599540478,0.24132632403774143,2,boundary
0.17699687599540478,0.2430307553595222,2,boundary
0.1778490916562952,0.24047410837685096,2,boundary
0.1778490916562952,0.2438829710204126,2,boundary
0.17870130731718561,0.24047410837685096,2,boundary
0.17870130731718561,0.24473518668130298,2,boundary
0.17955352297807597,0.23962189271596057,2,boundary
0.17955352297807597,0.2438829710204126,2,boundary
0.1804057386389664,0.23876967705507018,2,boundary
0.1804057386389664,0.2438829710204126,2,boundary
0.1812579542998568,0.23791746139417977,2,boundary
0.1812579542998568,0.2438829710204126,2,boundary
0.1821101699607472,0.23706524573328938,2,boundary
0.1821101699607472,0.2430307553595222,2,boundary
0.1829623856216376,0.23791746139417977,2,boundary
0.1829623856216376,0.2430307553595222,2,boundary
0.18381460128252802,0.23876967705507018,2,boundary
0.18381460128252802,0.23962189271596057,2,boundary
0.18381460128252802,0.24217853969863182,2,boundary
0.1846668169434184,0.24047410837685096,2,boundary
0.1846668169434184,0.24217853969863182,2,boundary
0.1855190326043088,0.24132632403774143,2,boundary
0.18247445336525592,0.23918783048557732,2,interior
0.18257371443248782,0.24111755178955807,2,interior
0.18114950989790432,0.23985059045290147,2,interior
0.1804175258290423,0.24189439362628468,2,interior
0.17844901314867337,0.242159982161934,2,interior
0.1804057386389664,0.22172536383726216,3,boundary
0.18083184646941158,0.22172536383726216,3,boundary
0.1812579542998568,0.22172536383726216,3,boundary
0.181684062130302,0.22172536383726216,3,boundary
0.1821101699607472,0.22172536383726216,3,boundary
0.18239424184771066,0.22200943572422563,3,boundary
0.18253627779119241,0.22172536383726216,3,boundary
0.18267831373467414,0.22229350761118907,3,boundary
0.1829623856216376,0.22172536383726216,3,boundary
0.1829623856216376,0.22257757949815254,3,boundary
0.1833884934520828,0.22172536383726216,3,boundary
0.1833884934520828,0.22257757949815254,3,boundary
0.18381460128252802,0.22172536383726216,3,boundary
0.18381460128252802,0.22257757949815254,3,boundary
0.18424070911297322,0.22172536383726216,3,boundary
0.18424070911297322,0.22257757949815254,3,boundary
0.1846668169434184,0.22172536383726216,3,boundary
0.1846668169434184,0.22257757949815254,3,boundary
0.1850929247738636,0.22172536383726216,3,boundary
0.1850929247738636,0.22257757949815254,3,boundary
0.1855190326043088,0.22172536383726216,3,boundary
0.1855190326043088,0.22257757949815254,3,boundary
0.18580310449127227,0.22286165138511602,3,boundary
0.185945140434754,0.22172536383726216,3,boundary
0.1860871763782357,0.2231457232720795,3,boundary
0.18637124826519919,0.22172536383726216,3,boundary
0.18637124826519919,0.22342979515904296,3,boundary
0.1867973560956444,0.22172536383726216,3,boundary
0.1867973560956444,0.22342979515904296,3,boundary
0.1872234639260896,0.22172536383726216,3,boundary
0.1872234639260896,0.22342979515904296,3,boundary
0.18750753581305307,0.2231457232720795,3,boundary
0.1876495717565348,0.22172536383726216,3,boundary
0.18779160770001654,0.22286165138511602,3,boundary
0.18807567958698002,0.22172536383726216,3,boundary
0.18807567958698002,0.22257757949815254,3,boundary
0.1883597514739435,0.22229350761118907,3,boundary
0.1885017874174252,0.22172536383726216,3,boundary
0.18864382336090693,0.22200943572422563,3,boundary
0.1889278952478704,0.22172536383726216,3,boundary
0.18364146175741672,0.2222141622895464,3,interior
0.18448938520359878,0.2221276764065657,3,interior
0.18406869206804718,0.2222008795530738,3,interior
0.18484717461410444,0.22228419078288636,3,interior
0.1858283425515772,0.22224599135315914,3,interior
0.18529128672844156,0.22214935234072744,3,interior
0.1838374638062372,0.22193524778690504,3,boundary
0.1829181230131709,0.22198077431156063,3,boundary
0.18680576414129577,0.22230641669710385,3,interior
0.18631304828337283,0.22210206939473484,3,interior
0.18628523032673994,0.22261500540806906,3,interior
0.18679450050745214,0.22195525037228092,3,boundary
0.18678503617240982,0.22272409022103568,3,interior
0.18287498913058656,0.22232671016141747,3,boundary
0.18324544957883213,0.2222065926055623,3,interior
0.186541126426929,0.2230724630182012,3,interior
0.18730583339513396,0.22207799619130242,3,interior
0.18731547258697917,0.22260170926635858,3,interior
0.18780543174735995,0.22224717331995275,3,interior
0.1870401678729572,0.22306127988377367,3,interior
0.18873325941972038,0.22191008996762976,3,boundary
0.1849077447410032,0.22198511375197985,3,boundary
