3,5,7177,7176,7173,7170,6,7,7171,7174,9,7166
2,0,7154,8,4,7152,7155,10,7150,6,12,7166
1,0,4,7154,7155,8,6,7152,7166,7170,7156,5
0,2,1,7176,7,7177,9,5,7174,7171,11,7173
2,5,1,0,3,6,7155,7170,7166,7154,7152,7173
0,3,2,1,7170,6,7173,7177,7166,4,7171,7176
4,5,2,0,3,1,7170,7166,7173,7155,7177,7171
3,0,5,6,4,2,1,9,7176,11,7174,7177
1,2,4,6,5,0,3,7,10,7154,7150,7152
7,7176,3,7177,0,5,7170,6,4,7155,2,7154
8,7154,1,2,7155,4,6,7170,7173,5,7177,0
9,7,7176,3,7177,0,7173,5,7170,7166,6,4
10,8,7152,7154,1,7155,2,4,7166,6,7170,7173
11,7174,9,7176,7,7171,7177,3,7173,0,5,7170
12,7150,10,7152,8,7154,1,7156,7155,2,4,7166
13,7157,11,7174,7175,9,7171,7176,7,7177,7163,7173
14,12,7153,7150,10,7151,7152,8,7154,1,7156,7155
15,7157,13,7158,7175,7174,11,7171,9,7176,7163,7162
16,7146,14,7153,12,7150,10,7151,7152,8,7154,7164
17,7157,15,7158,13,7175,7174,11,7162,7171,7163,9
18,16,7146,14,7153,12,7167,7150,10,7151,7165,7152
19,17,15,7157,7158,7159,13,7175,7174,11,7162,7171
20,18,7142,16,7146,7141,14,7153,7167,12,7150,10
21,19,7148,17,15,7157,7158,7159,13,7175,11,7174
22,7172,20,7142,18,16,7146,7141,14,7153,7167,12
23,21,7148,19,17,7149,15,7159,7157,7158,13,7175
24,22,7172,20,7142,18,7146,16,7141,7140,14,7153
25,7143,23,7127,21,7148,19,17,7149,15,7159,7158
26,24,22,7172,20,7134,7142,18,16,7146,7140,7141
28,26,24,7135,22,7172,20,7134,7142,18,16,7146
27,7122,25,7143,7127,23,21,7148,7128,19,7149,17
29,28,7081,26,7135,24,22,7172,20,7134,7142,18
31,7144,29,28,7081,26,7135,24,22,7172,7134,20
30,7122,27,7104,25,7143,7127,23,7128,21,7148,7149
32,31,7144,29,28,7081,7115,26,7135,24,7124,22
34,32,7080,31,7144,29,28,7081,7115,26,7135,24
33,7100,30,27,7122,7102,7104,25,7143,7103,7127,23
35,34,32,7080,31,7144,29,28,7115,7081,26,7135
37,35,34,7147,32,7080,31,7144,29,7117,7115,28
36,33,7100,30,7102,27,7122,7104,25,7075,7143,7103
38,37,7084,35,7147,34,32,7080,7116,31,7144,7117
40,38,37,7084,35,7147,34,32,7116,7080,31,7144
39,36,7101,33,7100,7076,30,7102,27,7122,7104,7075
41,40,38,7063,37,7084,35,7131,7147,34,32,7116
42,39,7120,36,7101,7096,33,7076,7100,30,7070,7102
43,41,7047,40,7063,38,37,7084,35,7131,7147,34
44,42,7119,39,7120,7101,36,7096,33,7076,7100,30
45,43,41,7047,40,7063,38,37,7084,7131,35,7147
46,7123,44,7119,42,7120,39,7097,7101,36,7096,7066
47,45,7049,43,7047,41,7111,40,7063,38,7086,7084
48,46,7123,44,7119,42,7121,7120,39,7097,7101,36
49,7048,47,7049,45,43,7047,7111,41,40,7063,7086
50,7060,48,7112,46,7123,44,7109,7121,7119,42,7098
51,7061,7048,49,47,7049,7062,45,43,7111,7047,41
52,50,7060,48,7112,7123,46,7109,44,7121,7119,42
56,54,52,50,7060,48,7112,46,7123,7109,44,7121
55,54,52,50,7060,48,7112,46,7123,44,7109,7119
56,55,54,52,7136,50,7060,48,7110,7112,46,7123
57,56,55,54,52,50,7136,7060,48,7110,7112,46
53,6999,51,7061,7085,7048,49,47,7062,7049,7078,45
58,57,56,55,54,52,50,7136,7060,48,7110,7112
60,58,57,7011,56,55,7051,54,52,7136,50,7060
59,6999,53,51,7001,7061,7085,7048,49,7078,7062,47
61,60,58,7039,57,7011,56,7012,55,7051,54,52
62,7003,59,6998,6999,53,7002,7001,51,7085,7061,7048
63,61,6974,60,7039,58,57,6957,7011,56,7012,55
65,6963,63,61,6974,60,6956,7039,58,6957,57,7011
64,6993,62,7003,6998,59,6999,7002,53,7001,7085,51
66,65,6963,63,7083,61,6974,60,6956,7039,58,7013
67,64,6993,62,7003,7000,6998,59,6999,7002,53,6989
68,66,65,6963,63,7083,61,6974,6956,60,7039,58
69,67,6925,64,6993,62,7000,7003,6998,59,7002,6999
70,6973,68,66,6958,65,6963,63,7083,6888,61,6974
71,69,67,6925,64,6993,62,7000,7003,6998,59,6967
72,70,6973,68,66,6958,65,6963,7083,63,6888,61
73,71,69,6925,67,64,6926,6993,62,7000,7003,6998
6944,74,72,6992,70,6973,68,6958,66,6891,65,6963
75,73,6843,71,6844,69,6925,67,64,6926,6993,62
77,75,73,6843,71,6844,69,6925,67,6924,6926,64
76,6944,74,72,6992,70,6973,68,6891,6958,66,65
78,77,75,6840,73,6843,71,6844,69,6925,67,6924
79,76,6944,6983,74,6992,72,6811,70,6973,68,6891
80,78,6839,77,6840,75,73,6843,71,6844,6927,69
81,6818,79,76,6983,6944,74,6802,6992,72,6811,70
82,80,6839,78,77,6840,75,6838,73,6843,71,6844
83,81,6832,6818,79,6983,76,6944,6802,74,6992,6811
84,82,6841,80,6839,6821,78,77,6840,75,6838,73
85,6777,83,81,6832,6818,79,6801,6983,76,6802,6944
86,6842,84,82,6841,6820,80,6821,6839,78,6816,77
87,6777,85,83,6729,6832,81,6818,6801,79,6983,6788
88,6842,86,6819,84,6820,6841,82,6809,80,6821,6839
89,87,6727,6777,85,6729,83,6726,6832,81,6801,6818
90,6872,88,6819,6842,86,6820,84,6809,6841,82,80
91,6725,89,6727,87,6777,85,6729,6726,83,6832,81
93,6725,91,89,6727,87,6724,6777,85,6729,6726,6721
92,6813,90,6872,6768,6819,88,6842,86,6820,6767,6809
94,6615,93,6725,91,6728,89,6727,6724,87,6777,6721
95,6702,92,6813,6704,90,6872,6768,6737,6819,88,6842
96,6615,94,6601,93,6728,6725,91,6717,89,6724,6727
97,6702,95,6704,92,6813,6705,6737,90,6768,6872,6819
98,96,6615,94,6601,93,6728,6725,91,6717,6724,89
100,6600,98,96,6599,6615,6601,94,6701,93,6728,6725
6655,99,6703,97,6668,6702,95,6704,6813,92,6705,6737
101,100,6600,6562,98,6599,96,6601,6615,94,6701,93
102,6633,6655,99,6634,6703,97,6668,6702,6653,95,6704
103,6565,101,100,6562,6600,98,6599,96,6564,6601,6615
104,102,6633,6655,6634,99,6703,97,6668,6653,6702,95
106,104,6616,102,6633,6655,99,6634,6587,6703,97,6668
105,6572,103,6565,101,6503,6562,100,6600,98,6599,6563
107,6602,106,6616,104,102,6633,6587,6655,6634,99,6703
108,105,6572,6529,103,6565,101,6503,6562,100,6600,6563
109,6568,107,6602,106,6570,6616,104,6654,6587,6633,102
110,6530,108,6504,6529,105,6572,103,6455,6565,6503,101
111,6568,109,6602,107,6570,106,6616,6569,6654,104,6587
113,111,6557,6568,109,6570,6569,6602,107,6654,6616,106
112,6531,110,6530,6504,108,6529,6502,6572,105,6455,103
6557,114,6558,113,6569,6568,6570,111,6577,6654,109,6576
115,6531,112,6664,6530,110,6504,6502,108,6435,6529,6572
6558,116,6557,6569,6577,114,6582,6570,113,6654,6568,6588
6578,118,6558,6577,6582,116,6569,6557,6583,6588,6613,6576
117,6515,115,6531,6664,112,6530,110,6504,6435,6502,108
119,6578,6579,118,6558,6582,6577,116,6583,6557,6591,6569
120,6516,117,6515,6443,115,6531,112,6664,6444,110,6530
121,6571,119,6579,6578,6573,118,6558,6582,6583,6577,116
122,120,6516,117,6515,6522,115,6443,112,6531,6664,6444
124,122,6488,120,6516,117,6515,115,6522,6443,112,6531
125,124,122,6488,120,6516,6340,117,6515,115,6342,6522
123,6548,121,6571,6574,119,6573,6579,6578,118,6558,6582
126,125,6485,124,122,6488,120,6340,6516,117,6515,115
128,126,125,6485,124,6481,122,6488,6335,120,6340,6516
127,6548,123,6571,121,6574,6595,6573,119,6579,6578,118
129,128,6484,126,6480,125,6485,124,6481,122,6488,6335
131,129,128,6484,126,6480,125,6485,6406,124,6481,122
130,6547,127,6548,123,6574,6571,6595,121,6573,119,6663
132,131,129,6479,128,6484,126,6480,125,6485,6406,124
133,6535,6534,130,6547,6594,127,6548,6662,123,6595,6574
134,6465,132,6526,131,129,6479,128,6484,6407,6480,126
136,6377,134,6465,132,6526,131,129,6489,6479,128,6484
6401,6402,135,6534,6535,133,6532,6594,6547,130,6662,6639
137,6309,136,6377,6311,134,6465,132,6526,131,6489,129
138,6402,6401,135,6534,6532,6535,133,6594,6533,6662,6547
139,6312,137,6309,136,6377,6311,134,6465,6470,132,6526
6403,140,6402,138,6414,6401,6532,6534,135,6533,6535,6594
141,139,6312,6307,137,6309,136,6377,6311,134,6465,6470
142,6403,6414,140,6402,138,6415,6532,6401,6533,6534,135
144,142,6403,6414,140,6415,6402,138,6533,6532,6401,6521
143,141,139,6307,6312,137,6309,136,6310,6311,6377,134
146,143,6235,141,139,6307,6312,6233,137,6309,136,6310
145,6352,144,6414,142,6403,6415,140,6402,6533,6521,138
148,6352,145,6351,144,6415,6414,142,6403,6357,6521,140
147,6308,146,143,6235,141,139,6307,6312,6233,137,6309
149,148,6351,6352,145,6357,6415,144,6414,6521,142,6403
150,6337,147,6308,146,6234,6235,143,141,6213,139,6233
151,6350,149,6351,148,6352,6357,145,6415,6521,144,6348
152,6268,150,6337,147,6308,146,6234,6235,143,141,6213
153,6350,151,149,6347,6351,6357,148,6352,6348,145,6521
154,152,6268,150,6337,147,6190,6308,146,6234,6158,143
155,6170,153,6350,151,6347,149,6351,6357,6348,148,6329
156,6210,154,6420,152,6212,6268,150,6267,6337,147,6190
157,6170,155,6214,153,6350,6347,151,6329,6357,149,6351
158,6207,156,6210,154,6420,152,6212,6268,6155,150,6267
159,6028,157,6170,6214,155,6258,6347,153,6350,6329,151
6246,160,6206,158,6207,156,6210,154,6198,6420,152,6212
161,159,6028,6215,157,6170,6214,155,6258,153,6347,6350
162,6246,6318,160,6206,6247,158,6199,6207,156,6210,6198
163,161,159,6028,6215,157,6170,155,6214,6258,6226,153
167,165,163,161,159,157,155,5969,153,151,149,6028
165,163,161,159,5969,157,155,6028,153,6170,6215,151
167,166,169,165,163,161,159,5969,157,155,6028,153
167,165,168,163,161,5969,159,157,166,6028,6215,155
5862,169,165,163,167,5969,161,159,168,6227,6028,6215
164,6260,162,6246,6318,6259,160,6247,6206,6200,158,6199
166,173,168,167,169,5862,170,165,163,161,159,157
166,168,167,169,5862,170,165,163,161,159,5969,157
172,5843,166,173,168,167,169,5862,170,165,5939,163
6260,171,6259,164,6318,162,6200,6246,6247,160,6206,6199
175,6261,171,6260,6178,6259,164,6318,6200,162,6247,6135
174,5842,172,5843,166,5844,173,168,5859,167,169,5972
176,6295,6261,175,6178,6181,171,6260,6259,164,6200,6135
178,176,175,6295,6261,171,6260,6178,164,6259,6181,6318
177,5803,5842,5786,174,172,5843,5844,166,173,5805,168
179,178,176,6295,175,171,6261,6136,6260,164,6181,6178
180,5781,5803,177,5786,5842,5783,174,5843,172,5844,5805
182,5781,180,5803,177,5783,5786,5842,174,5805,5843,5804
181,6374,179,6376,178,176,6295,6136,175,6261,171,6181
183,5753,5782,182,5781,180,5780,5783,5803,5786,177,5842
184,6540,6374,181,6286,6376,179,6194,178,6136,6295,176
185,5675,5753,183,5782,182,5781,5780,5783,5724,180,5803
186,6284,184,6540,181,6286,6374,6376,179,6194,178,6193
187,5675,185,5782,5753,183,5780,5724,182,5781,5783,180
188,6285,186,6284,184,6540,6252,6286,181,6374,6376,6194
189,5642,187,5676,5675,185,5655,5782,5753,183,5724,5780
190,6283,6285,188,6269,186,6284,6252,184,6540,6286,6124
191,5642,189,5676,187,5675,5655,185,5724,5782,5753,183
192,6287,6283,190,6269,6285,188,6253,6284,186,6252,6540
193,5613,191,5642,5615,189,5676,187,5675,5616,5655,185
194,6287,192,6283,6270,190,6269,6285,188,6253,6183,6284
195,5614,193,5613,5586,191,5615,5642,189,5676,5616,187
197,195,5614,193,5613,5586,191,5642,5615,189,5587,187
6317,196,6281,194,6287,192,6271,6270,6283,190,6269,6285
198,197,195,5588,5614,193,5613,5586,191,189,5642,5615
200,198,5643,197,195,5588,5614,193,5613,191,5586,5548
199,6290,6317,196,6281,194,6287,6271,192,6270,6283,190
201,5622,200,5677,198,5643,197,195,5588,5614,193,5613
202,6290,6302,199,6317,6280,6281,196,194,6271,6287,6282
203,201,5622,200,5677,198,5643,197,195,5588,5589,5614
205,203,201,5509,5622,200,5677,198,5473,5643,197,5589
6425,204,6254,202,6302,6290,199,6280,6317,6281,6388,196
206,205,5359,203,201,5509,5622,200,5510,5677,198,5473
207,6254,6425,204,6221,6302,202,6290,6280,6388,199,6281
209,6166,207,6254,6221,6425,204,6302,6275,6388,6280,202
208,206,5359,205,203,5685,5509,201,5622,5510,5493,200
210,6166,209,6116,6221,6254,207,6425,6275,204,6388,6302
211,5265,5264,208,206,5359,5326,205,203,5685,5509,201
212,210,6116,6166,209,6221,6254,6275,6117,207,6425,6388
213,5148,211,5265,5264,208,5275,206,5326,5359,205,5325
214,6115,212,6116,6086,210,6166,6117,209,6221,6275,6254
215,213,5148,211,5265,5264,5275,208,5326,206,5359,5325
6114,216,6115,214,6086,212,6116,210,6117,6166,6030,209
217,5142,215,213,5451,5148,211,5265,5275,5150,5264,208
218,6114,6044,216,6115,6086,214,6029,212,6116,6030,6027
5097,219,217,5142,215,5451,5148,213,5150,5265,5275,211
220,6044,218,6114,6087,216,6029,6086,6115,214,6027,6030
221,5097,5141,219,5142,217,5357,5451,215,5148,5149,5150
222,6082,220,6044,6087,218,6114,6029,216,6086,6027,6115
223,5140,5141,221,5097,5357,219,5142,5451,217,5149,5150
225,5140,223,5141,5097,221,5160,5357,219,5149,5142,5451
6051,224,6082,222,5915,220,6044,6087,5913,218,6114,6029
6051,227,224,222,6082,220,5915,6044,218,6087,6114,216
5915,227,5900,6082,224,6051,228,6087,5913,222,5907,6044
226,5263,225,5140,223,5160,5141,5357,221,5097,5075,5149
229,5900,5915,227,5913,6082,5907,224,6051,6087,228,222
231,5900,229,5915,5907,5875,5913,227,6082,6087,224,5872
230,5263,226,5076,5140,225,5160,223,5075,5141,5357,5180
232,5914,231,5900,229,5875,5907,5915,5913,5872,227,6082
233,5111,230,5263,5076,226,5055,5140,225,5160,5075,5180
234,5901,5914,232,231,5875,5900,5873,229,5907,5915,5872
235,5047,233,5111,230,5055,5263,5076,226,5180,5160,5140
236,5901,234,5914,232,5873,5875,231,5900,5907,5631,229
237,5112,235,5047,233,5111,5055,230,5263,5076,5054,226
238,5711,5901,236,5873,234,5914,5875,232,5631,231,5900
240,5711,238,5901,5630,236,5873,234,5631,5914,5875,232
239,237,5112,235,5047,4954,233,5111,5055,230,5054,5263
241,5711,240,5630,238,5577,5901,5873,236,5631,234,5632
242,239,4953,237,5112,235,5047,4954,233,5111,5055,230
243,5678,241,5711,5630,5577,240,238,5873,5631,5901,5632
244,242,239,4953,237,5112,235,5047,4954,233,5111,4924
245,5678,243,5577,241,5630,5711,240,5508,5631,5632,238
246,244,5048,242,239,4953,237,4844,5112,235,4954,5047
247,5507,245,5678,5506,243,5577,241,5630,5508,5711,5632
248,246,244,5048,242,239,4953,4844,237,5112,235,4954
249,5425,5507,247,5506,245,5678,5577,5508,243,5452,5630
250,248,4798,246,244,5048,4797,242,239,4953,4844,237
252,4910,250,248,4798,246,244,4797,5048,242,4729,239
251,5425,249,5507,5426,5506,247,245,5508,5678,5577,5527
254,5425,251,5426,249,5506,5507,5427,247,5527,5508,5452
253,252,4910,250,4798,248,4682,246,4797,244,5048,4729
255,5257,254,5425,5426,251,5427,5506,249,5527,5507,5452
256,4823,253,4910,252,4796,250,4798,248,4682,246,4797
257,5257,255,254,5427,5344,5426,5425,251,5527,5439,5506
258,256,4823,253,4910,4796,252,4728,250,4798,4682,248
5136,259,5257,5344,257,5137,5427,255,5426,5342,5439,254
260,258,4777,4823,256,253,4796,4910,4728,252,250,4682
5136,261,5137,5344,5257,259,5343,5342,5427,5155,257,5439
5155,5343,5137,263,5682,5342,5136,5440,5344,5443,261,5439
262,4779,260,4778,4777,258,4823,256,4462,4728,4796,253
263,264,5137,5136,5343,5155,261,5344,5342,5682,5157,5257
5155,264,5157,5343,5682,266,5477,5137,5443,5440,5342,263
265,4821,4779,262,4778,260,4777,258,4823,4462,256,4728
267,5156,5157,5155,264,5477,5682,5343,5443,266,5247,5137
271,262,265,268,260,258,4779,4821,256,4823,4777,253
270,262,265,268,260,258,4779,4821,256,4823,4777,253
271,273,5053,270,265,262,268,260,258,4779,4821,256
272,271,5053,270,265,268,262,260,4779,4821,258,256
268,4821,265,4779,4778,262,4642,4777,260,4462,4420,258
269,5156,267,5157,5129,5477,5155,264,5247,5682,5443,5128
273,272,268,265,274,262,271,4821,260,4779,5053,258
270,5053,271,272,273,276,262,265,268,260,274,258
275,5156,269,5129,267,5157,5477,5247,5155,5128,264,5443
277,270,5053,271,272,273,276,262,265,268,260,274
274,4694,4821,268,4642,265,4778,4421,4779,262,4462,4420
276,268,274,273,280,265,4821,262,272,4779,4694,260
279,277,270,4993,5053,271,4870,272,273,276,281,262
280,4694,274,4821,268,4421,4642,4778,281,265,4779,4420
278,5248,275,5129,5156,269,5128,5477,267,5157,5247,5155
281,280,283,274,268,4855,276,4821,4694,265,4937,273
282,4970,279,277,4993,270,5053,271,4870,272,4967,273
283,4937,280,4694,274,4421,285,4821,4642,268,4770,4778
285,4770,283,287,280,281,274,268,4937,4694,4855,4821
284,278,5248,275,5129,5156,269,5127,5128,267,5477,5157
286,282,4968,4970,279,4969,277,4993,270,5053,4845,4870
288,285,287,283,280,4770,4937,274,281,4694,268,4821
287,4937,283,291,288,4370,280,4694,4421,285,274,4642
290,5081,286,4968,282,4970,279,4969,277,4993,270,5053
291,292,288,287,4500,283,285,4937,4369,280,4770,4826
289,4975,284,5248,278,5283,275,5127,5129,5156,269,5139
292,4369,294,287,4937,291,283,4370,288,4421,280,4500
293,290,5081,286,4968,282,4948,4970,279,4969,4846,277
294,4498,296,291,292,287,288,4500,4369,283,4937,285
296,298,292,294,4369,4498,287,291,4937,4365,288,4370
295,4916,4976,289,4975,284,5283,5248,278,5017,5127,275
297,4971,293,5081,4905,290,286,4968,4948,282,4970,279
299,298,4461,4362,296,294,4498,292,4369,4499,291,287
300,295,4912,4916,4976,289,5138,4975,284,5283,5248,5017
301,4784,4971,297,4758,293,4905,5081,290,4906,286,4968
303,4911,300,4912,295,4916,4976,289,5138,5019,4975,5283
305,303,4911,300,4912,4897,295,4916,4976,5019,5138,289
304,4784,4610,301,4758,4971,297,4905,4704,293,5081,290
306,4917,305,4899,303,4911,300,4897,4912,295,4976,4916
307,304,4610,4784,4614,301,4758,4704,4971,297,4613,4905
308,306,4917,305,4899,4911,303,4897,4888,300,4912,295
310,308,306,305,4896,4917,303,263,261,300,259,266
311,310,308,306,305,4896,4917,303,261,263,259,300
309,4691,307,4610,4614,304,4784,4704,4758,4613,301,4971
310,4896,308,306,4917,4900,4899,305,4911,4888,303,4897
311,312,310,308,306,305,4896,4917,303,300,4911,4899
312,311,315,310,314,308,306,305,4896,4917,303,261
315,5146,311,312,316,310,314,308,306,4896,305,4850
316,312,5146,311,315,317,310,314,308,306,305,4896
313,4612,4691,309,4594,4614,307,4610,4611,304,4613,4784
314,4850,321,310,4896,308,4900,4917,306,4899,4887,305
314,310,4850,308,4896,306,4917,4900,305,4899,303,4911
321,314,320,310,308,4850,4896,306,4917,305,4900,5088
5088,317,315,5146,311,5145,312,316,322,318,321,310
321,320,314,322,310,4850,4896,308,4900,306,4917,4899
322,321,324,320,314,310,308,4850,323,4896,5088,306
318,5145,316,312,5146,311,315,317,5088,323,322,321
4581,319,4550,4612,313,4594,4565,4691,309,4977,4614,4611
323,5088,317,325,315,5146,322,311,5145,321,324,312
324,320,321,314,4850,322,325,310,4896,4712,308,4900
328,323,325,5088,322,317,321,324,315,329,5146,314
325,4946,322,330,321,324,329,328,320,314,323,310
326,318,5145,316,5131,312,5146,311,315,5004,317,5088
331,330,325,328,4946,322,321,323,324,5088,329,5004
327,4550,4581,319,4566,4612,313,4565,4594,4977,4691,309
332,326,5130,318,5145,316,5131,312,5146,311,5004,315
334,327,4550,4566,4581,319,4612,4565,4541,313,4977,4594
335,5221,332,326,5130,318,5145,316,5131,5146,312,5004
337,335,5221,332,326,5130,5100,318,5145,316,5131,5102
338,337,335,5101,5221,332,326,5100,5130,318,5145,5102
336,4540,334,4491,4566,327,4550,4541,4581,319,4490,4565
340,4491,4540,4387,336,4566,334,4541,4490,4550,327,4977
339,5080,338,337,5101,335,5221,332,5023,5100,5130,326
341,4387,4491,340,4540,4490,4541,4566,336,4492,334,4977
342,5031,339,5080,338,5024,337,5101,335,5221,5023,332
343,4387,4283,341,4491,4490,4492,4282,340,4541,4540,4566
344,342,5031,339,5080,5024,338,337,5101,5934,335,5221
345,4283,343,4387,341,4282,4491,4490,4492,4177,340,4541
346,4907,344,5040,342,5031,339,5080,5024,338,5934,337
347,345,4200,4283,343,4387,4282,4177,341,4492,4491,4490
348,346,4907,344,5040,342,5031,4857,339,5080,5024,338
349,347,345,4200,4283,343,4387,341,4282,4177,4491,4492
350,5307,348,346,4907,4856,344,5040,342,5031,4857,339
351,349,4279,347,345,4312,4200,343,4283,4387,4178,341
352,350,5307,348,346,4907,4856,344,5040,342,5031,4857
353,351,4311,349,4279,347,345,4312,4200,343,341,4283
354,4593,352,350,5307,4589,348,4907,346,4856,4825,344
355,4422,353,4311,351,349,4279,347,4281,345,4312,343
356,354,4593,5082,352,350,5307,4589,348,4856,4907,346
357,355,4422,4423,353,4311,351,349,4279,4281,347,345
4531,358,4533,356,354,4593,5082,352,4589,350,4588,5307
4446,359,4435,357,355,4422,4423,4521,353,4311,5341,351
361,4446,359,4435,357,4437,355,4422,4423,4521,353,5341
360,4512,4531,358,4533,356,4532,5082,354,4593,352,4588
362,361,4446,4445,359,4435,357,4437,355,4422,4423,4521
363,4512,360,4531,358,4533,4532,356,4587,5082,354,4593
364,4438,362,361,4445,4446,359,4435,357,4437,355,4422
366,364,4438,362,4308,361,4445,4446,359,4309,4435,4437
365,4376,363,4512,4590,360,4531,358,4675,4532,4533,4587
367,4439,366,364,4438,4308,362,4265,4445,361,4446,4309
368,4378,365,4376,4377,363,4590,4512,360,4675,4531,4532
370,4349,368,4378,365,4376,4377,363,4590,4512,360,4675
369,4530,367,4439,4267,366,4308,4438,364,4265,362,4445
371,370,4349,368,4378,365,4376,4377,363,4590,4512,360
373,371,370,4349,4298,368,4378,365,4377,4350,4376,363
372,4530,369,4267,4439,367,4233,366,4308,4265,4438,364
374,373,371,4299,370,4298,4349,368,4378,365,4350,4377
375,4268,372,4530,369,4267,4439,4233,367,4265,4308,366
376,374,4297,373,4299,371,370,4298,4349,4229,368,4378
378,376,374,4297,373,4299,371,370,4298,4229,4349,368
377,4603,375,4692,4268,4591,372,4530,4266,4267,369,4233
4603,4692,380,377,4591,4268,375,4266,4530,4233,372,4267
379,4356,378,376,4297,4145,374,373,4299,4228,371,370
4692,381,4592,4603,4591,380,4266,4395,377,4268,4274,4233
382,4143,379,4356,378,376,4145,4297,374,373,4228,4299
384,382,4143,379,4079,4356,378,376,4145,4297,4080,374
383,4592,4692,4395,381,4266,4591,4603,4393,4274,380,4273
385,384,4144,382,4143,379,4079,4356,378,376,4145,4080
4522,386,4395,4592,4393,383,4266,4692,4274,4273,381,4591
387,4357,385,4144,4100,384,4143,382,4082,4079,379,4356
4467,388,4522,4393,4434,386,4395,4592,4273,4359,383,4274
390,4467,4434,4428,4393,388,4522,4359,4358,4395,386,4273
391,4428,4434,4467,390,4358,4426,4393,4359,4522,388,4716
389,4357,387,385,4100,4144,384,4083,4143,4082,382,4079
393,4746,389,4116,4357,387,4100,385,4144,4083,384,4082
4222,392,4428,4221,391,4426,4434,4358,4467,390,4223,4716
4222,395,4221,4426,4428,392,4223,4716,4052,4358,391,4434
394,4379,393,4746,389,4116,4357,387,4157,4100,385,4144
4221,396,4222,4223,4426,4052,395,4428,4716,4295,3967,392
398,4052,4221,4223,3968,396,3967,4222,4426,4295,4716,395
4052,3968,399,3967,4223,3849,398,4221,4295,3966,396,3989
397,394,4379,393,4746,4195,389,4116,4357,4157,387,4100
3968,400,3849,4052,399,3554,3967,3966,4223,3551,398,3489
401,397,4206,394,4379,4195,393,4746,389,4116,4040,4157
402,3849,3968,400,3554,4052,3967,399,3551,3489,3966,4223
404,3553,402,3849,3554,3968,400,3489,3551,4052,3967,399
403,4927,401,4206,397,4050,4379,394,4195,393,4041,4746
405,3553,404,402,3554,3490,3849,3489,3968,400,3425,3551
406,4341,403,4927,4207,401,4206,4048,397,4050,4379,394
407,3552,405,3553,404,3490,402,3554,3489,3849,3425,3491
3593,409,3552,407,405,3553,3490,3426,404,402,3554,3491
408,4246,4341,406,4112,4207,403,4927,401,4048,4206,4050
410,3589,3593,409,3580,3552,407,3426,3490,405,3553,3491
411,4246,408,4341,406,4112,4207,403,4927,4048,4049,401
3581,412,3580,3589,3579,410,3593,3426,3552,409,3490,3427
413,4342,411,4113,4246,408,4112,4341,4111,406,4207,403
3581,414,3579,3580,3557,3589,412,3426,3427,410,3935,3593
415,4342,413,4113,411,4287,4246,408,4111,4112,4341,406
416,3590,3581,414,3579,3557,3580,412,3589,3426,3935,3427
417,4245,415,4248,4342,413,4287,4113,411,4246,4111,4247
418,3590,416,3917,3581,414,3579,3557,3580,3936,3935,412
420,418,3918,3590,416,3917,3581,414,3579,3557,3936,3580
419,4108,417,4245,4248,415,4109,4342,4287,413,4113,4247
421,420,3918,418,3590,416,3725,3917,414,3581,3557,3579
422,4108,419,4027,4248,417,4245,4109,415,4287,4342,4030
423,3993,421,420,3918,418,3590,416,3725,3917,414,3581
424,4028,422,4108,4027,419,4248,4109,4245,417,4030,4287
425,423,3993,421,420,3918,3652,418,3590,416,3725,3917
426,4028,424,4021,422,4108,4027,4024,419,4248,4109,4245
427,425,3979,423,4057,3993,421,3614,420,3652,3918,418
428,4023,426,4028,4021,4018,424,4027,422,4108,4024,4022
429,3807,427,3805,425,3979,423,4057,3993,421,3614,420
431,3804,429,3807,427,3805,3979,425,423,3651,4057,3993
430,4019,4023,428,4018,3978,426,4021,4028,424,4024,4027
432,3806,431,3804,429,3799,3807,427,3805,3992,3979,425
433,4019,430,4023,3978,428,4018,426,4021,4028,3899,4022
434,3810,3809,432,3806,431,3804,3799,429,3807,3992,3805
435,3866,433,4019,430,3867,3978,4023,4018,428,3899,3465
436,434,3810,3809,432,3806,3643,431,3804,3799,429,3807
437,3866,435,433,3867,4019,3978,430,3899,4023,3465,4018
438,436,434,3810,3809,3644,432,3643,3806,431,3804,3631
440,438,436,3872,434,3810,3644,3809,432,3628,3643,3806
439,3321,437,3866,435,3711,3867,433,4019,3978,3465,3835
441,440,438,3701,3872,436,434,3810,3630,3644,3809,432
442,3321,439,437,3711,3866,3322,3867,435,3835,433,3465
444,3295,442,3321,439,3322,3711,437,3866,3867,3269,3835
443,3915,441,3685,440,438,3701,3872,436,3630,434,3810
445,3296,3268,444,3295,442,3270,3321,3322,439,3711,3269
446,3686,443,3915,3473,441,3685,440,438,3687,3701,3872
446,448,3686,443,3915,3473,441,3685,440,3687,3701,438
448,451,449,446,3437,3686,443,3915,3473,441,3685,440
449,448,3437,446,3686,443,3473,3915,3685,441,440,3687
3297,447,3268,445,3296,444,3295,3270,3105,442,3322,3321
450,3672,448,451,3438,449,446,3437,3686,443,3475,3915
452,3297,447,3231,3268,445,3296,3105,3270,444,3295,442
453,450,3672,3485,451,448,3438,3808,449,446,3437,3686
454,3230,452,3297,3231,3106,447,3268,445,3296,3105,3023
455,3673,453,450,3672,3485,451,448,3808,3438,449,3375
457,455,3484,3673,453,3485,3672,450,3377,451,3808,3438
456,3289,454,3230,452,3297,3106,3231,3232,447,3268,3023
458,3759,457,3484,455,3374,3673,453,3485,3377,3672,450
459,3233,3164,456,3289,454,3162,3230,452,3297,3232,3106
460,458,3759,457,3374,3484,455,3673,453,3366,3377,3485
461,3233,459,3164,3037,456,3289,3162,454,3230,2923,3232
462,460,3906,458,3759,457,4534,3374,3484,455,3673,453
463,3163,461,3233,3164,459,3037,3467,456,3289,3162,2923
464,3949,462,460,3906,458,3399,3759,4534,457,3374,3364
465,463,3163,3036,461,3037,3164,3233,3467,459,3162,3289
466,3948,464,3949,3795,462,3906,460,3399,458,3759,4534
467,3035,465,3036,3163,463,3037,3467,461,2931,3164,3233
3948,468,466,3949,3795,464,462,3906,3399,460,4534,3365
470,3948,3795,3784,468,3949,466,3399,464,3906,462,3365
469,3035,467,2932,3036,465,3163,463,2931,3467,3037,461
471,3796,470,3795,3784,3948,3399,468,3949,3738,466,3365
472,3175,469,3035,2932,467,3036,2714,465,2931,3163,3467
473,3796,471,3784,3737,3795,470,3948,3738,3399,3365,468
474,3175,2851,472,3035,2932,469,2714,467,3036,2931,465
475,3739,473,3796,3737,471,3784,3738,3292,3795,470,3948
476,2851,474,3175,472,2932,2715,3035,2714,469,467,3036
477,3739,3638,475,3737,473,3796,3784,471,3292,3738,470
479,3638,477,3739,475,3525,3737,473,3292,3796,3784,3738
478,2850,476,2851,474,3175,2715,472,2932,2714,3035,2614
480,3639,479,3638,3525,477,3739,3737,475,3302,3292,473
482,3639,480,3525,3638,479,3302,477,3739,3292,3737,3294
481,2833,478,2850,476,2852,2851,474,2715,3175,472,2614
483,3639,482,3582,3525,480,3302,3638,479,3301,3294,477
2834,484,2833,481,2810,2850,478,2852,3187,476,2851,2715
485,3582,483,3639,482,3525,3302,3301,480,3638,3207,479
3452,487,485,3387,3582,483,3301,3639,3302,3525,482,480
486,2834,484,2810,2833,481,2850,3187,2852,478,2633,476
488,3452,3387,487,3582,485,3184,3301,483,3302,3639,3525
3068,3066,3067,3086,3185,3174,2908,3305,3046,3047,3173,3184
491,3066,3185,3068,493,3305,3174,3086,3184,3067,3204,3173
491,3067,3068,2908,492,3066,2888,3086,3047,3046,3228,3185
493,2908,2888,3067,491,3068,3228,3047,492,2769,2748,3046
490,496,3387,488,3452,3184,487,497,3582,3301,485,3185
497,3184,3387,490,3452,3185,498,488,3301,3305,3582,487
498,496,3184,3185,3305,3387,492,3301,3066,490,3452,3174
3185,497,492,3184,3066,3305,496,491,3174,3387,3301,3068
489,2824,486,2834,2810,484,2811,2833,481,3187,2852,2632
2888,494,2908,2817,3228,493,3067,2748,3047,2747,491,2705
2817,500,2888,2748,3228,494,2705,2908,2747,493,2352,3067
499,2823,489,2824,486,2834,2811,2810,484,2833,2632,3187
501,2817,500,2888,2705,2748,3228,494,2908,2325,2747,2706
503,2704,501,2817,2705,500,2888,2748,2325,3228,494,2706
2984,502,2823,499,489,2824,2785,2811,486,2834,2810,2707
504,503,2704,501,2256,2817,2705,500,2325,2888,2748,2258
505,2984,2987,502,2823,499,2784,2785,489,2824,2841,2811
506,2813,504,2704,503,2256,2257,501,2817,2705,2325,500
508,506,2813,504,503,2704,2256,2257,501,771,772,2817
507,2985,505,2846,2984,2987,502,2986,2784,2823,499,2785
509,508,506,2813,2433,504,781,778,503,779,2704,776
510,2845,2985,507,2795,2846,505,2987,2984,2986,2784,502
511,509,2793,508,789,506,787,2813,785,783,2433,781
513,2694,511,509,2793,797,795,793,508,791,789,787
512,2845,510,2603,2985,507,2795,2846,2604,505,2987,2986
514,513,511,2694,509,803,801,2793,799,797,508,795
515,2789,512,2790,2845,510,2603,2985,2795,507,2604,2846
516,514,513,511,2694,2669,509,809,807,805,803,801
517,515,2510,2789,512,2790,2845,510,2511,2603,2985,507
518,516,2822,514,513,2669,2694,511,813,811,809,509
2530,519,3587,517,515,2510,2789,512,2790,2845,510,2511
520,2825,518,2670,516,2822,514,2638,513,2669,2411,2694
522,520,2825,518,2670,516,2822,514,2638,513,2411,2669
521,2530,519,3587,2514,517,2510,515,2789,2254,512,2790
522,523,520,2825,518,2670,516,2822,2638,514,513,2411
523,525,2861,522,520,3195,2825,518,2575,2670,516,2578
524,2733,521,3586,2530,519,3587,2514,517,2510,515,2254
527,524,2733,521,3586,2530,519,529,3587,2514,517,2512
528,527,524,521,2733,2530,3586,519,3587,517,2514,515
526,2860,523,525,2861,522,3195,520,2825,2575,518,2670
529,528,527,524,521,2733,2530,3586,519,3587,517,2514
528,527,524,529,2733,521,531,2530,3586,519,2529,533
531,529,532,528,527,524,521,2733,2530,3586,519,3587
533,531,529,532,528,527,524,521,2733,2531,2530,3586
534,533,531,529,532,528,527,524,521,2733,2531,2530
532,529,528,531,527,524,533,2733,521,2531,534,2530
536,529,531,532,533,528,534,2731,527,524,535,2733
530,2859,526,2860,523,2737,525,2861,522,3195,2577,520
535,534,3823,533,531,3323,529,537,536,532,2774,528
538,530,2859,526,2860,523,2737,525,2861,522,2577,3195
539,535,3435,534,3823,533,3575,531,3323,3324,529,537
540,538,2935,530,2859,2736,526,2860,523,2737,525,2861
542,3166,540,2935,538,530,2859,2736,526,2860,2646,2737
3433,541,539,3435,535,3823,534,3575,533,3611,531,3323
543,542,3166,540,2935,538,530,2859,2736,526,2860,2646
544,3434,541,3433,3256,539,3435,535,3255,3823,534,3575
546,544,3434,541,3433,3256,539,3435,535,3255,534,3823
2997,545,543,542,3166,2936,540,2935,2895,538,2736,2859
547,546,3471,544,3434,3424,541,3433,3256,539,3257,535
548,2760,2997,545,543,2936,3166,542,2761,540,2935,2895
549,547,3471,546,544,3434,3424,541,3433,3256,539,3257
550,2853,2762,548,2760,2997,545,2679,543,2936,2761,3166
551,3571,549,3543,547,3531,3471,546,3422,544,3434,3424
2749,552,2762,2801,2853,550,2679,2760,548,2997,2761,545
553,551,3572,3571,549,3543,547,3531,3423,3471,546,3422
555,553,551,3572,3571,549,3533,3543,547,3531,3423,3471
554,2653,2749,2801,552,2762,2497,2853,550,2679,2760,548
556,3755,555,3756,553,3572,3961,551,3571,549,3533,3543
558,556,3755,555,3756,553,3961,3572,551,3571,3532,3533
2654,557,2653,554,2569,2801,2749,2497,552,2762,2498,2853
2166,2112,2196,2396,2106,2164,2105,2195,2009,3165,2010,2142
559,558,3812,3755,556,555,3756,553,3961,3572,551,3571
561,2112,2111,2166,2105,2396,3165,2196,2106,2911,2164,2010
562,3812,559,558,3811,3755,556,3756,555,3576,3961,553
2196,561,2166,563,2164,2334,2195,2112,2106,2396,2163,2111
563,2111,561,2112,565,2166,2105,2911,3165,2396,2196,2106
565,2196,2334,2195,561,2166,2164,2262,2264,563,2163,566
564,3812,562,3811,559,558,3755,556,3576,3756,3961,555
560,2651,2654,557,2653,2569,554,2566,2801,2497,2749,2498
566,2515,563,2111,561,2112,2911,2504,565,3165,2105,2166
568,3688,564,3811,3812,562,3576,559,3755,558,3756,3961
2263,567,2334,2262,2196,2333,565,2195,2264,561,2332,2164
570,2515,566,2111,563,2504,2911,561,2112,3165,2499,565
2333,2262,2348,2332,572,2334,2263,2285,2264,2392,2570,567
571,3688,568,3350,3811,564,3576,3812,562,3349,559,3755
569,2652,2651,560,2655,2654,2569,557,2653,2566,554,2497
574,572,2333,2263,2334,2262,567,2348,2332,2264,2196,2195
573,2515,570,2502,566,2504,2111,563,2911,2499,561,2112
575,3688,571,3350,568,3811,3576,564,3300,3349,3812,562
576,2652,569,2655,2651,560,2654,2569,2566,557,2653,2388
2347,574,2348,2333,577,2393,2332,2392,2262,582,572,2570
3065,2393,2392,2588,2347,2818,3712,2348,2570,581,3026,2944
578,2502,573,2515,570,2504,566,2499,2111,2911,2246,563
585,2588,582,3065,2818,2393,3026,2392,3712,2926,3303,2944
2588,584,3026,2926,2818,3065,582,3303,3025,3712,3178,2944
580,2684,576,2668,2652,569,2655,2567,2651,560,2566,2569
2393,582,2347,2392,3065,581,584,2348,2588,2570,3712,574
579,3718,575,3350,3688,571,568,3300,3576,3811,3349,564
587,2347,581,2393,2348,582,574,2392,2333,3065,584,577
2684,586,2668,580,2567,2652,576,2655,2361,569,2566,2651
583,2683,578,2502,2500,573,2515,570,2504,2499,2246,566
585,2926,3026,2588,2925,584,3025,2818,3303,3178,3065,582
588,3718,579,3298,575,3350,3688,3155,571,3300,568,4093
591,2683,583,2500,2502,578,573,2711,2246,2515,2499,2504
592,2926,2925,2927,585,3025,3026,3024,2588,584,3178,3039
590,2685,586,2684,2668,580,2567,2652,576,2655,2361,569
594,2500,591,2683,583,2502,2711,578,2246,2499,573,2515
3154,593,3298,3718,588,3155,579,3350,3299,3300,4093,575
595,2925,2927,2926,592,3038,3024,3025,3039,585,3299,3026
3154,598,3155,3298,3299,593,3718,4093,3300,588,3039,3038
597,2247,594,2500,2683,591,2711,583,2246,2502,2168,578
599,2927,3038,2925,595,3039,3299,3024,2926,592,3025,4093
596,2685,590,586,2684,2360,2668,580,2567,576,2652,2361
600,3299,3155,3154,3038,598,3039,4093,3298,602,3300,2927
601,2247,597,2508,2500,594,2711,2683,591,2168,2246,2062
3038,602,3299,2927,604,599,3039,3155,2925,4093,3024,600
606,604,3299,3038,602,600,3155,3039,2927,3154,4093,599
3140,603,596,590,2685,586,2589,580,2684,2360,2668,576
3140,608,603,596,2685,2589,590,586,2360,2684,580,2668
1809,1915,1807,1914,1988,1806,1805,1916,2192,1989,1927,1775
3140,609,603,2589,608,596,2685,590,2360,2359,586,2668
605,2508,2247,601,2711,597,2062,2168,2500,594,2246,2170
614,2078,1988,1989,615,2077,1915,2157,1916,610,2079,2034
1988,1915,1989,610,2078,1916,1809,2077,1914,2034,2079,2157
614,610,1915,1988,616,1809,1916,1914,1989,1807,2078,1805
1807,610,1809,2192,1806,615,1915,1805,1914,1667,614,1785
612,2508,2062,2247,2168,605,2711,1959,601,2063,2170,2169
608,609,3140,603,611,596,590,586,2685,2589,580,2684
611,609,3140,2589,603,608,618,596,2685,2359,2360,590
2061,617,2062,1959,2508,612,2168,2063,2247,1703,2711,605
2078,613,2157,614,2077,1989,1988,615,2282,2154,2156,1915
616,1807,610,2192,1809,1806,615,1915,1785,1805,1667,614
621,2157,2078,613,2282,2077,2154,1989,614,2156,1988,2359
620,1960,2061,1959,2062,617,1703,1961,2063,2508,612,2168
2384,623,2157,2282,621,2078,2154,2359,2077,2804,2284,613
619,2805,611,609,2804,2589,3140,608,618,603,2359,596
622,1808,616,1807,2082,2192,610,1809,615,1806,1785,1769
2384,625,2444,623,2282,2157,2804,2660,2359,621,2078,2154
626,619,2805,618,609,611,608,2660,3140,603,2804,2589
627,2053,622,1808,616,2082,1807,2192,610,615,1769,1809
624,620,1960,2061,1959,617,1702,2062,1703,612,2508,1961
2444,2660,2804,628,2384,3201,2805,2359,625,2282,626,2589
629,3201,626,619,618,2805,609,2660,608,611,3140,603
628,632,2384,2444,625,623,2282,2660,2804,2157,2359,621
2660,632,3201,2804,2805,2444,626,634,629,628,619,2384
634,632,628,2444,2384,635,625,2660,2804,2282,623,3201
630,2053,627,622,1808,1635,2082,616,1807,2192,610,1769
2040,631,1904,624,620,2061,1960,617,1959,1701,1702,612
640,633,3201,629,626,635,2660,619,2805,632,2804,611
3201,635,2660,629,626,633,632,2805,2804,619,636,2474
2474,634,636,628,632,2444,635,2384,625,2660,623,2804
641,2474,636,634,632,628,635,2444,2384,2660,625,640
641,634,628,2474,642,636,623,625,621,2384,632,2444
637,630,1768,2053,627,1629,1635,622,1808,2082,1631,616
2040,638,1905,631,1904,1701,624,1960,1702,620,2061,1959
2435,643,641,642,2436,2474,634,636,628,632,625,2384
2436,643,646,2435,641,634,642,628,2474,623,636,621
2435,642,641,646,2474,636,634,632,643,628,635,2436
2436,646,647,643,2435,648,641,642,634,2474,636,628
644,1636,637,1768,630,2053,1629,627,1635,622,1808,1631
646,2435,649,648,641,642,643,2436,2474,647,634,636
645,1905,1858,2040,638,1701,1904,631,1735,1702,1646,1960
650,644,1636,637,630,1637,1768,2053,627,1629,622,1630
1858,652,1778,1905,645,1735,1701,2040,1764,1646,1904,638
653,650,644,1636,637,647,630,2436,1637,1768,649,643
1778,654,1858,1859,1735,1764,652,1905,1701,1766,1646,1449
1698,1690,1699,1639,1689,1709,1641,1678,1759,1677,1464,1528
657,1699,1690,1698,1759,1677,1678,1689,1709,1639,2020,1641
1641,1640,1463,1639,1770,1448,1450,1464,1698,1709,1337,657
661,1766,1765,1764,1450,1449,1859,1419,1640,1451,1778,1735
1766,1859,1764,1765,1449,1778,1735,656,1450,1451,1419,1858
655,2279,653,1947,650,647,2436,644,649,1789,643,1636
1859,656,1778,661,1764,1735,654,1766,1858,660,1449,1765
662,649,647,2383,2436,655,651,643,646,2279,2435,653
657,1770,658,1698,1690,1700,1641,1639,1699,1709,1689,659
664,662,2383,655,2279,647,653,649,2436,1947,643,651
1700,1758,658,1699,1759,657,665,1760,1690,2020,1677,1698
1641,659,1770,1639,665,1463,1640,657,1698,1786,1709,1464
659,1786,1640,668,1641,1450,1787,1463,1448,1770,1639,1765
661,663,1859,660,1764,1766,1778,656,1787,1765,1449,1735
668,1770,665,1641,657,659,1639,1698,658,669,1463,1709
660,1787,661,1766,670,1765,1786,1450,1764,1859,1449,663
665,671,1770,657,658,668,1698,667,1641,1639,1700,1690
1786,669,1787,1640,1450,672,659,660,1765,668,1448,1641
2382,664,666,662,2383,649,655,647,2294,2436,651,2279
675,664,2382,677,666,2320,662,649,651,647,2383,2436
2382,675,666,2320,664,662,2383,2294,655,2279,647,653
679,1544,1591,1545,1592,1538,1784,1605,1552,1537,1540,1565
1545,1544,1538,1537,1591,1540,1784,1552,1738,1592,1505,1605
1738,1736,1539,1537,1545,1737,1760,1676,1826,1505,1538,679
1736,680,1738,1760,1826,1539,1737,1537,1758,1676,2020,1545
1669,1545,679,683,1537,1538,1738,678,680,1544,1539,1540
1669,680,682,1738,1537,1545,681,1539,679,1736,1538,1505
1826,1758,667,1700,2000,1760,1759,658,681,1699,1736,2020
674,672,1787,1786,660,669,1450,1765,1640,661,1766,670
672,685,1787,660,674,670,661,1786,1766,1765,1450,669
1591,678,1605,1592,1544,679,1750,1784,1743,1545,682,1486
677,2382,675,676,666,664,2320,662,2383,2294,655,2279
1605,687,1591,1750,1592,1743,678,1544,1486,1742,1848,1784
681,2000,680,1736,1826,1760,1738,683,684,1758,1539,1737
689,1743,1605,1750,1742,687,1591,1848,1592,1486,2150,1488
684,1826,1758,2000,667,690,1760,1700,681,1759,1736,658
691,1743,1742,2150,689,1848,1750,1605,1751,687,1591,1885
688,675,677,676,2382,2307,664,666,2320,2296,662,2383
690,1825,2000,681,1826,692,680,1736,684,1760,1758,1738
693,1742,2150,1743,691,1887,1751,1848,1885,1750,689,1605
692,1825,684,695,1826,2000,690,1758,667,681,1760,1700
694,2343,688,676,675,2307,677,2382,664,666,2320,2296
697,1825,695,692,690,2000,1826,684,681,680,1758,1736
696,2150,1887,693,1742,1885,2076,1751,1743,1884,691,1848
698,694,2343,688,676,675,2307,677,2382,664,666,2320
700,2075,1887,696,2150,2076,693,1742,1885,1884,1751,1743
701,2342,698,694,2308,2343,676,688,675,2307,677,2382
702,2075,700,1887,2076,696,2150,1884,1885,693,1742,2214
703,701,2342,698,694,2308,2343,676,688,675,2307,2382
704,2414,2075,702,2076,700,1887,2213,2214,2150,1884,696
705,703,2440,701,2342,698,694,2309,2308,676,2343,688
707,705,703,2440,701,2342,698,676,694,2343,2309,2308
708,707,705,703,2440,701,2344,2342,698,676,694,2343
706,2414,704,2470,2075,702,2076,3008,2213,700,1887,2214
708,709,712,707,705,703,2440,701,2344,2342,698,676
708,707,711,705,709,2440,703,2344,701,2342,698,694
709,711,708,712,707,2552,705,703,2440,701,2344,2342
710,2471,706,2414,2470,704,3008,2075,702,2076,2213,2703
714,2471,710,2516,706,2470,2414,3008,704,2703,2075,2213
713,3148,709,3273,711,2938,708,712,2873,707,2695,2552
3148,3273,3147,713,711,709,2938,716,708,712,2873,707
716,3148,717,713,3273,709,3147,711,2938,708,712,2873
715,714,2516,2471,710,2542,2470,706,3008,2414,2703,704
3147,717,3272,3273,2938,3148,718,711,708,2873,713,709
719,2516,2542,715,714,2471,2703,2470,3432,3008,710,3104
720,3271,3147,3272,717,3345,3273,2938,718,3148,2873,711
3271,722,3345,3272,720,3340,3147,2873,2938,717,3342,2695
722,723,3271,720,3272,3147,3345,717,718,2938,3340,3273
2481,721,2542,2541,719,2516,715,3432,3104,2703,714,2471
723,3340,3345,3271,724,3216,722,3272,3342,720,2695,2873
725,2482,2481,721,2541,2757,2542,719,3104,3432,2516,2658
3341,726,3340,3216,723,3345,3342,2507,3271,2477,724,2476
727,2482,725,2481,2756,2757,2541,721,2542,2658,3104,3432
728,2627,3341,3216,726,3340,2477,2476,2507,3342,723,3345
729,2480,727,2482,2756,725,2481,2757,2541,2658,721,3104
731,2480,3191,729,2756,727,2482,2745,725,2757,2481,2658
3217,3218,730,2627,2628,728,2476,3341,3216,2735,2477,2478
732,3191,731,2480,729,2756,2745,727,2482,2757,725,2658
2968,3217,733,2628,2627,2735,3218,730,2476,2478,2765,728
734,3006,732,3191,731,2832,2480,2745,729,2756,2482,727
735,2968,2777,3217,733,2628,2735,2763,2627,3218,730,2765
737,2777,2778,735,2968,3217,2763,2735,733,2628,2765,2978
3005,736,734,3006,732,3191,731,2832,2480,729,2745,2756
2778,738,2776,2777,737,2763,2968,735,2978,2735,2765,3217
739,3005,736,3007,734,3006,732,3191,3840,2832,731,2745
3005,741,3007,739,736,3006,3840,2832,734,3191,732,2764
740,2776,2778,738,2976,2777,2763,2978,737,2968,735,2977
742,3010,3007,741,3005,3840,739,736,3006,2832,2977,734
744,3010,742,3186,3007,3840,741,3005,2977,739,736,2832
2969,743,3116,740,2776,2976,2778,738,2978,2977,2763,2777
3388,746,2969,3116,743,3009,2976,2776,740,2977,2778,2978
3115,3197,3186,3009,745,3010,2977,3116,744,3840,2976,742
3197,3115,748,745,3010,3186,744,3009,742,3840,3007,2977
747,3117,3388,746,3771,3116,2969,3009,743,2976,2776,748
3771,748,3009,3117,749,3115,3116,3186,3197,750,3388,2977
3117,750,3771,751,747,3388,3116,3009,746,748,2969,3186
752,751,3771,3117,750,748,3009,3116,3388,747,749,3186
755,2104,2258,1888,2151,2103,2256,2325,2153,2324,1889,1673
754,2104,2258,1888,2151,2103,2256,2153,1889,2325,2324,1673
757,754,755,758,2152,759,2258,2104,2151,1888,2256,2103
756,754,755,758,759,2152,2258,2104,2151,1888,2256,2103
759,755,754,757,756,2104,2152,1888,2258,2151,2103,1889
758,755,754,757,756,2104,1888,2152,2258,2103,2151,1889
756,757,754,2152,755,758,761,759,2258,2104,2151,2256
759,758,755,754,757,756,760,2104,2152,1888,2258,2103
760,756,2152,757,754,755,758,761,759,2258,763,2257
761,759,758,755,754,757,756,760,762,2104,1888,2152
765,762,2152,760,756,757,2257,754,755,2258,758,761
764,762,760,2152,756,757,754,755,758,2257,761,2258
763,761,759,758,2483,755,754,757,756,760,762,765
764,765,762,2152,760,2257,756,757,754,2258,755,758
766,763,761,2483,759,758,755,754,757,756,760,762
767,764,765,762,2152,2257,760,756,757,754,2258,755
768,766,763,761,2483,759,758,755,754,757,756,760
772,769,767,2257,764,765,2152,762,760,756,757,2258
771,769,767,764,765,2257,762,2152,760,756,757,2258
770,768,766,763,2483,761,759,758,755,757,754,756
771,772,769,767,2257,2433,764,765,2152,762,760,756
773,770,768,766,763,2483,761,759,758,755,757,754
774,771,772,769,2433,2257,767,764,765,2152,762,760
775,773,770,768,766,763,2483,761,759,758,755,757
779,776,774,2433,771,772,2257,769,767,764,765,2813
778,776,774,771,2433,772,769,2257,767,764,765,2152
777,775,773,770,768,2184,766,763,2483,761,759,758
778,779,776,2433,774,771,772,2257,769,767,2813,764
780,777,775,2184,773,770,768,766,2483,763,761,759
781,778,779,2433,776,774,2793,771,772,2257,769,767
782,780,777,775,2184,773,770,768,766,2483,763,761
783,781,778,779,2433,776,774,2793,771,772,2257,769
784,782,780,777,775,2184,773,770,768,766,2483,763
785,783,781,778,779,2433,2793,776,774,771,772,2257
786,784,782,780,777,2184,775,773,770,768,766,2483
787,785,783,781,2793,778,779,2433,776,774,771,772
788,786,784,782,780,777,2184,775,773,770,768,766
789,787,785,783,781,2793,778,779,2433,776,774,771
790,788,786,784,782,780,2184,777,775,773,770,768
791,789,787,785,783,2793,781,778,779,2433,776,774
792,790,788,786,2045,784,782,780,2184,777,775,773
793,791,789,787,785,783,2793,781,778,779,2433,776
794,792,790,788,786,2045,784,782,780,2184,777,775
795,793,791,789,787,785,2694,783,2793,781,778,779
796,794,792,790,788,786,784,2045,782,780,777,2184
797,795,793,791,789,787,2694,785,783,2793,781,778
798,796,794,792,790,788,786,2045,784,782,780,777
799,797,795,793,791,789,2694,787,785,2793,783,781
800,798,796,794,792,790,788,786,2045,784,782,780
801,799,797,795,793,791,2694,789,787,785,2793,783
802,800,798,796,794,792,790,788,786,2045,784,782
803,801,799,797,795,793,791,2694,789,787,785,2793
804,802,800,798,2088,796,794,792,790,788,786,2045
805,803,801,799,797,795,793,2694,791,789,787,785
806,804,802,800,798,2088,796,794,792,790,788,786
807,805,803,801,799,797,795,793,2694,791,789,787
808,806,804,802,800,2088,798,796,794,792,790,2029
809,807,805,803,2669,801,799,797,795,793,2694,791
810,808,806,804,802,800,2088,798,796,794,792,790
811,809,807,805,2669,803,801,799,797,795,793,2694
812,810,808,806,804,802,2088,800,798,796,794,792
813,811,809,807,805,2669,803,801,799,797,795,793
814,812,810,808,806,804,802,2088,800,798,796,794
815,813,811,809,807,805,2669,803,801,799,797,795
816,814,812,810,808,806,804,802,2088,800,798,796
817,815,813,811,809,807,2669,805,803,801,799,797
818,816,814,812,810,1754,808,806,804,802,2088,800
819,817,815,813,811,809,807,2669,805,803,801,799
820,818,816,814,812,810,1754,808,806,804,802,2088
821,819,817,815,813,811,809,807,2669,805,803,801
822,820,818,816,814,812,1754,810,808,806,804,802
823,821,819,817,2411,815,813,811,809,807,2669,805
824,822,820,818,816,814,812,1754,810,808,806,804
825,823,821,819,817,2411,815,813,811,809,807,2669
826,824,822,820,818,816,814,812,1754,810,808,806
830,827,825,823,821,819,817,2411,815,813,811,809
829,827,825,823,821,819,817,815,2411,813,811,809
828,826,824,822,820,818,816,814,812,1754,810,808
833,830,829,827,825,823,821,819,817,2411,815,813
832,830,829,827,825,823,821,819,817,815,2411,834
831,828,826,824,822,820,818,816,814,833,812,832
836,833,832,830,829,827,837,838,825,823,839,840
835,833,832,830,837,829,838,827,839,840,825,823
838,839,840,834,836,831,828,835,833,826,824,832
837,839,840,834,831,828,836,826,835,824,833,822
840,838,837,834,831,828,826,824,836,822,835,833
839,834,838,831,837,828,826,824,822,836,820,835
842,836,843,835,844,833,837,832,838,830,839,829
843,841,844,836,835,837,838,833,839,832,840,830
842,844,841,837,836,838,835,839,840,833,832,834
843,837,842,838,841,839,840,836,835,834,833,831
846,2576,2578,2575,2577,2590,3195,2638,2534,2737,2670,2825
845,2576,2578,2575,2577,2590,2534,3195,2638,2670,2737,2410
845,846,848,849,2562,2576,2578,2535,2575,2577,2590,3195
849,846,847,845,2576,2562,2535,2578,2575,2590,2577,2534
848,846,847,845,2576,2535,2562,2578,2590,2575,2577,2534
847,845,846,848,849,2562,851,852,2576,2577,2575,2578
852,849,848,846,847,845,850,2576,2535,2562,2578,2590
851,849,848,846,847,845,2576,850,2535,2562,2590,2578
850,847,845,2562,846,848,849,851,854,852,2576,2577
852,851,849,848,846,847,845,850,2576,2535,853,2562
856,853,857,850,858,847,845,2562,846,848,849,859
855,857,853,850,858,847,845,848,846,859,849,851
858,856,855,853,850,847,848,845,859,846,849,851
857,856,850,855,859,848,847,853,851,849,846,845
854,851,852,858,849,848,857,846,847,856,850,845
861,858,862,857,859,856,854,851,848,855,849,850
862,860,859,858,854,857,851,852,849,856,848,847
861,859,860,854,851,858,852,857,849,848,856,847
865,868,870,876,877,883,874,875,884,878,873,902
925,866,863,869,882,868,875,870,865,876,926,872
877,876,883,904,902,874,1059,878,903,1003,900,923
868,875,863,926,873,874,876,891,865,870,942,907
869,864,863,870,872,866,925,865,868,876,883,884
874,876,873,865,878,907,891,877,893,892,902,901
870,863,865,884,883,877,876,866,948,868,1059,904
865,883,884,877,1059,876,904,1061,902,868,1003,1012
899,867,880,922,869,864,872,950,881,863,870,949
870,869,884,948,883,865,1059,1061,863,964,877,904
874,893,907,892,878,908,913,901,906,905,912,900
878,907,901,892,902,900,893,906,911,908,904,905
891,868,873,874,893,924,907,876,892,913,878,908
877,874,878,902,907,904,900,873,901,903,923,1059
902,904,903,878,1003,923,900,874,1012,936,901,907
901,900,907,902,923,911,906,921,892,903,910,905
925,882,866,864,897,926,875,898,942,891,867,868
867,864,881,925,899,869,879,866,863,922,882,870
925,879,864,882,866,888,867,863,875,926,897,869
926,875,866,891,942,868,873,924,943,863,893,874
877,904,1059,902,1003,876,903,1012,878,923,936,1002
883,1059,1061,904,865,1012,877,1003,1060,1045,903,876
880,871,886,895,867,881,899,864,1034,922,869,925
881,880,887,864,879,871,925,867,890,888,866,882
879,888,881,944,925,882,897,898,880,864,866,926
879,897,898,882,926,925,942,943,875,866,891,864
917,887,890,1036,886,881,879,944,888,1035,1014,925
944,887,888,1035,898,879,897,881,882,952,925,943
893,924,873,913,892,908,972,874,907,914,912,905
908,905,906,912,901,909,930,914,910,911,915,900
913,908,892,914,907,912,905,906,1021,915,930,901
918,885,886,895,880,871,917,881,1034,867,889,899
1034,871,922,899,1106,880,950,867,886,872,869,949
894,885,895,918,871,1034,886,880,922,947,899,917
926,942,882,943,891,989,875,924,951,991,866,893
897,943,942,991,926,882,951,989,990,891,924,925
869,867,872,870,949,863,864,884,865,948,883,866
921,923,911,937,920,906,910,936,919,963,938,962
900,906,911,921,910,923,905,919,909,920,937,931
903,900,923,921,901,1003,936,907,937,911,938,920
923,936,900,937,1002,921,938,1001,1007,945,901,920
903,1003,902,923,936,1002,900,878,921,937,1001,938
930,909,906,910,915,956,932,931,911,986,919,953
910,909,911,919,930,931,921,932,920,915,962,939
892,901,906,900,905,911,908,910,909,921,912,923
912,905,914,915,930,906,909,997,956,986,901,910
910,931,932,919,956,940,955,941,939,953,962,1085
919,931,939,962,920,932,941,940,980,961,956,955
910,919,920,962,909,937,931,939,963,961,980,945
915,930,905,956,986,909,906,932,1085,1019,987,910
908,914,912,1021,892,915,905,997,930,1020,907,986
912,915,997,986,930,905,1019,956,1368,987,1085,909
986,956,930,1019,1085,987,932,953,909,1107,1108,1162
918,917,889,886,894,934,887,885,881,896,880,890
886,887,881,879,890,880,925,885,888,864,944,882
886,885,917,880,881,889,871,895,887,864,867,879
962,939,931,961,980,941,963,976,940,1009,932,1032
962,963,961,919,945,1009,980,939,1008,931,1030,1028
920,937,911,963,919,962,938,961,945,910,939,1030
950,899,949,872,1091,869,867,948,870,965,884,977
921,937,936,938,920,911,963,945,1001,1004,961,919
913,972,893,908,914,992,1021,873,892,912,905,997
866,882,875,926,863,868,897,891,869,873,942,874
891,942,875,924,873,893,989,868,913,972,874,892
894,918,896,916,885,886,917,895,880,889,928,871
1034,895,896,947,1106,894,922,885,871,950,982,984
896,928,894,927,895,946,1034,885,918,947,871,1033
956,909,932,953,1085,931,910,955,940,987,1162,919
941,939,940,962,955,976,969,954,980,953,961,1032
955,940,953,931,954,941,979,1162,969,939,1086,973
934,935,960,1036,889,1014,916,890,1043,917,1035,887
1036,889,890,1014,887,917,1035,944,888,1066,886,879
889,934,916,917,960,1036,890,918,927,887,886,1014
938,1001,937,1007,945,1004,921,1005,963,1030,920,1013
963,945,920,961,1030,1004,1008,962,919,1009,1027,1005
945,937,1004,1030,963,1005,1027,1008,1070,920,961,1069
941,980,976,1032,940,969,1009,975,1031,1084,954,1057
941,954,969,979,973,976,1086,975,974,1076,980,1118
976,969,954,975,980,1032,973,974,1084,1086,979,1024
924,989,891,972,951,893,913,875,992,873,908,1021
951,942,989,990,926,924,992,988,972,891,1316,913
898,888,897,952,879,943,882,926,942,881,991,925
1030,963,1008,1027,961,1009,1070,1026,1028,1029,962,1037
1033,947,928,1018,984,1034,1106,982,895,896,1259,999
1034,1106,982,950,1091,983,895,922,977,949,996,871
884,964,1061,1059,1045,870,883,978,1012,1060,904,1044
948,872,965,884,964,1061,870,869,978,883,1059,1045
949,1091,872,965,948,899,964,884,981,869,870,867
989,988,992,972,1047,924,1422,1021,1020,913,1234,891
1622,991,898,943,1263,990,1285,951,897,888,942,989
955,1162,979,954,940,1205,1086,1216,1118,1207,1233,941
1086,973,969,1076,1118,974,1022,975,976,1074,1233,1023
954,940,979,1086,969,941,973,1205,1118,1076,974,976
1085,953,932,955,1162,1107,979,940,931,954,1205,1216
959,933,958,1383,935,960,971,934,1016,1144,1036,889
960,933,1016,934,1043,1014,1036,935,1147,889,971,1066
971,933,935,958,1120,934,916,889,960,927,1036,917
1014,1036,934,1043,1066,1035,890,889,1269,944,1067,887
1009,980,1008,1028,1031,939,1032,1029,976,1056,1055,1026
961,939,980,1009,976,941,1032,1031,1008,1028,940,1057
961,1008,1030,1009,962,1028,980,1027,1029,1031,1026,939
1045,1061,1044,1060,884,1012,1059,1324,1364,1046,883,1006
964,948,978,1045,1061,872,884,1211,1044,1060,1051,1059
967,957,968,970,959,958,1015,1383,933,971,1428,1144
970,957,959,971,968,1428,933,958,935,1120,1383,1119
1383,957,958,1144,933,1016,959,960,1146,1043,935,934
975,973,974,1086,1084,1024,1076,1022,1032,1023,1025,1102
1428,959,971,957,1120,1119,935,933,916,1101,968,1097
1120,935,916,927,933,889,1097,918,934,917,894,886
913,1021,914,893,908,1020,997,912,1047,915,892,986
974,1076,1022,975,1023,1074,1606,1024,1063,1025,1075,1084
1023,1024,1022,1025,1063,1102,1606,1062,1058,1074,1112,1117
1084,974,1024,1102,1023,1025,1057,1117,1022,1062,1154,1112
1032,975,969,1084,1057,1031,974,1024,973,1117,1102,1055
981,1091,965,993,950,978,949,964,948,1211,1051,995
1211,964,1044,1045,1046,1364,1061,1210,1324,1060,1087,1224
1086,1205,954,1118,1076,1233,973,1207,1128,1074,969,1022
1032,1031,976,1028,1057,1055,1084,975,1056,969,1029,1116
993,978,965,1211,964,1051,1044,1045,949,948,1210,1046
1106,1091,977,950,985,965,949,981,922,994,993,948
982,985,977,994,1091,981,1106,993,965,950,995,1000
982,983,947,996,1106,977,1091,985,1034,1041,950,994
981,977,993,995,1051,965,1091,978,1211,1050,964,1210
987,1085,956,1107,930,1108,953,1162,1317,932,1216,955
1107,1085,1317,1162,956,1216,953,1267,1205,1366,979,1207
1047,992,1422,1234,1020,1021,972,1303,1563,1048,924,1368
924,972,992,913,988,1021,891,893,914,1047,1020,908
1316,951,988,1422,992,1386,989,1047,1563,1234,972,1303
990,951,943,1285,1316,988,989,992,942,1386,1422,1047
1021,972,1047,1020,914,997,913,1234,1048,1368,1019,908
1051,1211,978,1210,1050,965,1046,1044,964,1087,1083,1045
995,985,993,1051,1042,981,1050,977,1211,1210,978,1049
1051,1050,993,1210,1049,1211,1081,1083,981,1082,978,1087
983,994,985,977,1000,993,995,982,981,1051,1091,1040
1019,986,915,1368,987,912,1108,1085,956,1107,930,1235
1041,1039,999,996,1000,1038,983,994,984,985,1033,1040
996,983,984,1041,985,982,994,977,1000,947,981,1091
1040,994,995,1042,1168,1050,985,1081,1051,993,1049,1167
938,1005,1004,945,937,1030,1070,1069,1027,963,1008,1073
1007,1006,1001,936,938,1013,1005,1010,1004,923,937,945
903,1002,936,923,1001,1007,938,1006,937,900,921,1005
1030,945,1027,1070,1008,1037,963,1026,1072,1029,961,1028
1004,1070,1069,1027,1030,1072,945,1037,1071,1026,1008,1238
1007,1010,1013,1001,1005,1077,1073,1069,936,1004,938,1111
1001,1013,1005,1004,938,1069,1070,1073,945,1030,1027,937
1028,1029,1009,1026,1031,1056,1114,1037,980,1055,1182,1032
1028,1031,980,1029,1032,1056,1055,1057,1026,976,1403,1114
1013,1077,1073,1007,1069,1079,1005,1078,1001,1071,1070,1072
1077,1010,1111,1006,1079,1073,1013,1078,1110,1007,1069,1160
1060,1003,1002,904,1006,903,936,1007,1324,1001,1010,923
1005,1069,1073,1001,1070,1004,1071,1072,1078,938,1027,1037
1036,1066,1035,890,944,1067,952,898,888,1261,887,1622
1144,1383,968,1142,1146,1016,958,957,1177,1147,1323,960
1043,1147,960,1014,1269,1323,1268,933,1066,1036,934,1217
968,1015,966,1383,957,1144,958,967,1142,1016,933,959
1033,984,999,983,998,947,982,996,1041,1106,977,985
987,986,1108,1107,1085,1317,956,1267,1162,1216,953,930
1368,997,1048,1019,914,1235,1108,986,915,987,1237,912
1020,997,914,915,1368,1019,986,912,908,1048,987,1108
1606,1023,1063,1075,1103,1025,1058,1024,1125,1127,1062,1064
1025,1063,1058,1062,1606,1103,1065,1221,1112,1064,1075,1195
1025,1102,1023,1062,1112,1117,1154,1058,1063,1065,1156,1195
1062,1058,1063,1112,1065,1221,1195,1154,1156,1064,1222,1103
1029,1114,1182,1028,1181,1056,1113,1254,1252,1115,1031,1253
1026,1037,1008,1029,1182,1114,1238,1028,1009,961,1056,1181
1029,1031,1056,1055,1114,1403,1057,1032,1115,1113,1116,1181
1114,1056,1031,1113,1055,1182,1115,1403,1181,1057,1255,1116
1027,1008,1026,1029,1037,1028,961,1009,1114,1072,1182,1056
1055,1032,1057,1056,1403,1116,1084,1117,1115,1114,1155,1113
1057,1084,1055,975,1117,1116,1102,1403,1024,1056,1154,974
984,947,982,999,928,983,1106,1034,996,1091,977,950
1106,922,950,982,871,1091,899,949,872,977,983,867
944,898,952,888,1067,943,897,887,1622,991,879,1068
890,1035,944,1066,887,898,888,952,917,1067,879,897
1238,1026,1182,1252,1114,1029,1254,1181,1385,1028,1446,1251
1040,1095,1000,1168,1041,1042,1167,994,1081,995,1172,996
1038,1041,1000,1040,996,994,999,1095,1042,995,1168,983
1168,1042,1081,995,1172,1049,994,1050,1080,1051,1082,1315
996,994,1000,983,985,995,1040,1042,993,977,982,981
1081,1049,995,1050,1051,1080,1082,1083,1210,993,1171,1170
1014,1269,1066,1036,1067,1035,1261,934,952,890,1068,944
1364,1045,1046,1324,1011,1224,1060,1087,1061,1006,1010,1012
1060,1324,1364,1012,1006,1059,1011,1002,1010,1003,1224,1007
1087,1364,1224,1011,1755,1324,1045,1109,1111,1077,1010,1124
1020,1234,1048,1021,1368,1236,997,1237,1235,1019,914,1108
1368,1237,1235,1108,1019,1275,997,1266,1267,987,1317,986
1082,1050,1083,1171,1122,1210,1051,1169,1087,1755,1654,1123
1051,1210,1083,1082,1087,1211,1122,1046,1755,1171,978,1224
1210,1211,1083,1046,1087,978,1044,1082,1755,1364,1224,1122
967,1133,970,966,1428,959,957,1134,971,1017,968,1119
1017,966,1477,968,1015,1052,967,957,1145,1383,958,970
1053,1052,966,967,1017,1143,970,1133,968,957,1477,959
1403,1057,1116,1115,1117,1155,1084,1113,1153,1154,1196,1102
1403,1055,1115,1113,1116,1155,1057,1181,1196,1255,1117,1153
1117,1116,1084,1403,1102,1154,1155,1153,1115,1024,1112,1156
1221,1065,1064,1222,1195,1308,1223,1394,1289,1279,1156,1287
1012,904,1003,903,877,1060,1002,902,936,923,1006,1001
1006,1324,1002,1003,1007,1010,1011,1013,1001,936,904,903
1012,1059,1045,1060,1003,883,1002,1324,904,1006,903,877
1112,1065,1058,1195,1156,1221,1223,1222,1159,1277,1064,1278
1103,1058,1064,1221,1125,1289,1062,1065,1394,1222,1258,1308
1221,1394,1308,1287,1222,1420,1395,1257,1279,1325,1421,1223
1222,1221,1223,1279,1308,1278,1064,1277,1159,1327,1394,1325
1067,1035,952,1622,1068,944,898,890,991,1263,943,1262
1068,1622,952,1263,1262,991,1285,898,1280,943,990,944
1263,1622,1262,1280,1285,952,991,1281,990,1316,1386,1411
1070,1072,1071,1037,1004,1238,1027,1089,1090,1030,1026,1182
1037,1027,1072,1030,1026,1238,1182,1008,1089,1029,1252,1114
1072,1090,1089,1238,1070,1250,1251,1037,1184,1252,1385,1286
1238,1037,1089,1252,1182,1027,1251,1026,1385,1250,1254,1446
1078,1069,1071,1072,1005,1160,1090,1070,1089,1238,1161,1037
1075,1606,1127,1022,1125,1103,1126,1063,1141,1023,1258,1149
1125,1126,1103,1258,1289,1063,1149,1148,1064,1257,1287,1058
1074,1022,1606,974,1075,1127,1023,1063,1103,1140,1125,1025
1073,1079,1078,1013,1069,1160,1071,1110,1007,1090,1005,1161
1071,1090,1069,1184,1089,1250,1072,1251,1238,1070,1283,1183
1078,1160,1073,1090,1071,1161,1184,1069,1013,1250,1072,1089
1169,1082,1171,1049,1654,1779,1122,1083,1350,1050,1123,1332
1049,1080,1082,1050,1170,1171,1169,1083,1122,1654,1051,1779
1171,1122,1083,1654,1123,1088,1755,1210,1087,1332,1350,1124
1122,1087,1755,1171,1088,1046,1224,1123,1124,1109,1654,1364
1102,1117,1024,1154,1116,974,1112,1025,1062,1023,1153,1403
1162,953,1107,1216,979,955,1205,932,1317,1207,954,940
1076,973,1118,1074,1022,974,1128,1606,1127,1023,975,1075
1755,1224,1109,1364,1088,1124,1111,1011,1324,1110,1077,1123
1124,1121,1109,1129,1110,1130,1131,1224,1111,1132,1151,1161
1251,1238,1385,1252,1286,1446,1037,1182,1445,1254,1333,1457
1250,1089,1251,1072,1283,1286,1385,1238,1252,1284,1333,1445
949,965,981,948,964,872,978,993,899,884,1061,1045
1189,1094,1093,1777,1190,1039,998,1038,1096,1259,1200,1314
1038,1039,1096,1095,1314,998,1040,1000,1041,1209,1168,1167
998,1039,1093,1259,1041,1038,999,1777,1000,1096,996,1018
1168,1167,1040,1172,1081,1042,1000,1315,1080,1170,1049,995
1095,1038,1209,1167,1040,1168,1039,1000,1172,1312,1315,1042
927,929,896,894,918,916,928,885,895,886,946,935
1136,1099,1101,1100,929,1097,1104,1119,946,928,896,1120
929,1097,1100,896,928,927,946,1120,894,895,918,885
929,946,928,1105,1097,896,1033,947,1034,895,894,927
1119,1099,1097,929,1120,1100,927,896,971,894,928,1104
1154,1112,1062,1025,1156,1153,1195,1023,1065,1058,1159,1155
1125,1289,1064,1258,1058,1287,1221,1257,1394,1148,1308,1420
1105,946,1100,1033,1173,1099,1018,928,929,947,984,1259
1033,1018,946,1259,984,947,999,928,982,998,983,1034
950,1091,922,949,977,965,872,899,871,948,981,985
1317,1216,1162,1205,1366,953,1207,1307,979,1233,1273,955
1317,987,1107,1267,1216,1366,1085,1162,1273,1307,956,1207
1111,1110,1079,1011,1077,1121,1160,1131,1161,1078,1010,1073
1161,1131,1160,1079,1078,1184,1132,1183,1090,1073,1071,1250
1077,1079,1110,1073,1010,1078,1160,1161,1013,1131,1071,1090
1156,1195,1065,1159,1223,1058,1277,1157,1222,1221,1278,1272
1115,1255,1196,1403,1253,1155,1355,1198,1116,1354,1158,1358
1113,1181,1056,1115,1255,1254,1253,1403,1196,1055,1155,1355
1155,1196,1116,1255,1158,1153,1198,1355,1117,1371,1157,1154
1117,1155,1153,1154,1102,1158,1156,1196,1157,1112,1159,1024
1154,1102,1153,1112,1156,1155,1062,1159,1157,1195,1025,1158
1128,1076,1074,1127,973,1140,1022,1606,1075,1141,974,1126
1120,1097,1099,927,971,929,916,894,896,918,959,1100
927,1097,916,918,894,935,896,929,886,917,885,889
1130,1131,1132,1110,1161,1150,1183,1152,1160,1111,1245,1079
1088,1755,1123,1087,1124,1121,1109,1129,1332,1224,1046,1110
1129,1088,1121,1130,1124,1151,1297,1755,1132,1131,1109,1245
1109,1110,1121,1111,1131,1161,1079,1130,1160,1132,1077,1011
1258,1289,1257,1148,1064,1287,1621,1394,1288,1249,1058,1256
1149,1258,1125,1148,1289,1257,1249,1103,1621,1256,1287,1406
1141,1075,1126,1125,1149,1606,1258,1164,1103,1148,1249,1289
1140,1127,1074,1141,1076,1163,1075,1126,1606,1149,1164,1022
1151,1130,1121,1245,1150,1132,1294,1124,1131,1246,1152,1244
1132,1150,1131,1152,1244,1246,1183,1247,1161,1110,1571,1331
1161,1132,1183,1160,1184,1152,1079,1284,1331,1283,1078,1090
1152,1183,1161,1244,1331,1571,1284,1247,1184,1160,1283,1381
1134,970,1428,967,1119,971,1101,1139,959,1120,966,957
1119,1428,1101,970,1098,1120,1097,1099,971,927,1136,967
1105,1173,1104,1018,946,1033,1190,1259,1100,984,1193,999
1104,1100,1099,946,1101,929,1105,1135,928,1097,1033,1119
1138,1135,1104,1136,1105,1175,1173,1098,1100,946,1033,1018
1136,1104,1098,1135,1100,1105,1099,946,1101,1175,1173,929
1101,1098,1134,1099,1136,1119,1138,1097,1100,1428,929,1104
1141,1163,1127,1164,1126,1149,1074,1166,1165,1075,1249,1125
1149,1164,1126,1249,1148,1075,1258,1125,1248,1406,1256,1606
1144,1177,1146,1323,1383,1016,1218,1239,1147,968,1217,958
1477,1053,1017,1145,1015,966,968,1179,1142,1383,1144,957
1146,1383,1016,1147,958,1323,1043,960,1268,1269,1217,1218
1142,1015,1180,1144,1017,1383,1146,1177,968,1178,1016,1323
1323,1147,1016,1268,1217,1218,1043,1269,958,2019,2018,960
1268,1269,1043,1261,1066,2019,1014,960,1067,1260,2018,1068
1621,1256,1257,1406,1288,1289,1619,1580,1460,1287,1329,2036
1249,1148,1258,1256,1406,1125,1248,1257,1621,1289,1460,1329
1244,1247,1152,1132,1571,1381,1655,1382,1131,1331,1183,1474
1245,1130,1150,1246,1132,1121,1247,1244,1152,1293,1131,1655
1571,1331,1183,1284,1381,1471,1474,1334,1283,1382,1184,1570
1156,1157,1159,1158,1112,1197,1195,1272,1371,1277,1062,1198
1156,1112,1153,1062,1159,1195,1157,1065,1158,1277,1223,1272
1158,1153,1196,1157,1198,1154,1371,1197,1156,1159,1355,1112
1159,1195,1157,1277,1223,1272,1065,1197,1278,1341,1222,1340
1159,1197,1272,1371,1270,1277,1341,1271,1195,1370,1372,1376
1157,1371,1197,1198,1271,1159,1272,1376,1377,1156,1270,1372
1277,1272,1341,1197,1223,1278,1270,1370,1340,1345,1222,1271
1078,1090,1184,1250,1071,1183,1283,1089,1251,1284,1069,1072
1160,1184,1183,1090,1078,1283,1284,1250,1152,1331,1071,1251
1205,979,1216,1207,955,1233,1118,1086,1307,954,1128,1176
1165,1141,1164,1291,1149,1127,1248,1249,1126,1330,1148,1406
1149,1249,1248,1406,1126,1148,1256,1330,1329,1258,1328,1460
1164,1248,1330,1249,1141,1149,1406,1328,1329,1408,1126,1148
1165,1291,1163,1164,1248,1330,1470,1141,1149,1249,1408,1406
1172,1168,1315,1081,1170,1040,1080,1595,1042,1049,1609,1169
1081,1172,1042,1080,1049,1170,1050,995,1082,1169,1171,1595
1654,1350,1171,1332,1082,1351,1123,1122,1296,1129,1297,1083
1169,1779,1080,1596,1350,1171,1654,1351,1082,1049,1332,1891
1654,1122,1123,1332,1088,1350,1129,1755,1121,1297,1124,1087
1170,1081,1080,1595,1169,1049,1042,1779,1082,1171,1654,1596
1259,1018,1105,1190,1033,999,998,984,946,1094,947,983
1213,1137,1135,1175,1214,1138,1173,1104,1191,1105,1136,1190
1191,1173,1135,1190,1259,1193,1105,1018,1104,998,1094,1033
1140,1208,1163,1128,1166,1141,1127,1118,1165,1164,1290,1074
1323,1218,1146,1217,1144,1147,2018,1268,1309,2019,1016,1383
1180,1239,1177,1310,1142,1311,1218,1309,1323,1146,1378,1217
1204,1145,1180,1142,1477,1178,1015,1177,1144,1240,1239,1017
1177,1142,1239,1218,1146,1323,1144,1015,1310,1311,1217,1309
1253,1255,1113,1358,1354,1115,1196,1355,2710,1403,1490,1357
1181,1254,1114,1253,1113,1446,1358,1255,1056,1354,1115,1490
1284,1331,1184,1283,1571,1334,1250,1471,1333,1090,1286,1472
1250,1283,1090,1284,1251,1286,1333,1089,1331,1334,1385,1457
1053,1054,1143,966,1017,1052,1477,1202,968,967,1186,1015
1298,1133,1052,1054,1134,970,1212,967,1428,966,1053,1139
1185,1188,1054,1053,1410,1052,1186,966,1143,1017,967,1133
1186,1054,1052,1185,1133,1053,966,1298,967,970,1017,1143
1777,1093,1096,1094,1200,1314,1038,1039,1095,1313,1209,998
1259,998,1094,1018,999,1039,1041,1105,1093,984,1033,996
1193,1190,1173,1092,1094,1259,998,1135,1192,1018,1189,1105
1189,1092,1199,1777,1093,1193,1200,1094,1096,1314,1039,1038
1092,1094,1190,998,1093,1259,1189,1039,1173,1041,999,1777
1192,1092,1189,1193,1199,1191,1094,1093,1777,1190,1614,1200
1223,1065,1159,1277,1278,1222,1221,1272,1279,1341,1340,1327
1198,1355,1158,1371,1377,1153,1197,1157,1357,1376,1271,1431
1270,1271,1272,1372,1370,1376,1341,1459,1369,1277,1345,1510
1371,1377,1376,1271,1197,1431,1157,1459,1270,1458,1372,1414
1189,1200,1777,1314,1092,1093,1342,1096,1313,1209,1094,1193
1314,1313,1777,1096,1209,1343,1312,1093,1095,1167,1038,1971
1203,1202,1179,1204,1145,1410,1143,1477,1232,1230,1180,1178
1477,1143,1145,1179,1017,1015,1053,1142,1204,1180,1144,968
1204,1230,1179,1178,1180,1202,1531,1240,1145,1142,1437,1477
1178,1180,1240,1145,1142,1239,1177,1437,1477,1310,1218,1015
1233,1207,1118,1128,1086,1176,1076,954,1140,1074,1127,973
1208,1365,1176,1207,1290,1166,1163,1233,1399,1140,1205,1128
1233,1176,1128,1118,1140,1208,1163,1127,1086,1074,1141,1076
1166,1163,1290,1165,1291,1140,1164,1141,1128,1470,1248,1330
1167,1095,1315,1172,1168,1610,1038,1040,1170,1081,1595,1609
1087,1083,1046,1755,1224,1044,1364,1122,1109,1088,1011,1124
1046,1210,1044,1087,1364,1045,1083,1224,964,1324,1755,1011
1139,1134,1101,1220,1133,1098,1119,1428,1219,1099,1136,1138
1175,1214,1191,1135,1173,1137,1215,1190,1193,1105,1259,1104
1191,1215,1175,1193,1190,1194,1173,1135,1092,1094,1259,1137
1194,1191,1193,1092,1192,1190,1094,1175,1189,1093,1199,1173
1207,1307,1205,1233,1176,1206,979,1118,1128,1208,1140,1086
2019,2018,1268,1322,1147,1260,1261,1346,1269,1282,1262,1348
1217,2018,1323,1309,2019,1268,1346,1322,1147,1380,1260,1261
1138,1220,1137,1136,1139,1104,1098,1174,1135,1100,1101,1099
1138,1136,1098,1139,1137,1101,1104,1099,1100,1134,929,1119
1222,1308,1394,1223,1279,1395,1325,1287,1278,1420,1327,1326
1279,1308,1278,1325,1327,1394,1326,1277,1395,1340,1387,1420
1278,1222,1277,1279,1327,1340,1308,1341,1326,1387,1325,1345
1109,1111,1011,1077,1124,1324,1079,1010,1110,1073,1006,1121
1213,1214,1174,1175,1191,1215,1135,1137,1228,1173,1193,1190
1228,1214,1215,1225,1213,1191,1194,1227,1175,1193,1174,1092
1524,1194,1615,1192,1215,1199,1618,1092,1189,1614,1193,1214
1227,1194,1215,1524,1214,1361,1192,1092,1191,1193,1615,1199
1201,1536,1203,1232,1392,1179,1204,1230,1202,1391,1409,1531
1204,1178,1240,1437,1180,1179,1239,1310,1311,1177,1436,1142
1390,1536,1229,1389,1232,1203,1391,1393,1201,1230,1499,1500
1230,1531,1203,1204,1240,1178,1437,1508,1179,1180,1310,1239
1128,1118,1176,1140,1127,1074,1086,1076,1163,1141,1208,1075
1048,1236,1237,1020,1368,1235,1302,1275,1021,997,1266,1019
1267,1108,1266,1317,1019,987,1273,1366,1107,1276,1274,1216
1237,1302,1275,1048,1235,1305,1266,1276,1368,1020,1267,1453
1235,1275,1266,1276,1267,1368,1108,1274,1273,1317,1019,1362
1252,1182,1254,1385,1251,1026,1446,1181,1114,1253,1358,1445
1218,1311,1177,1309,2018,1323,1217,1378,1379,1146,1346,1380
1178,1310,1239,1311,1180,1436,1378,1309,1177,1218,1379,1434
1243,1242,1265,1661,1225,1226,1401,1321,1400,1214,1213,1228
1401,1243,1225,1400,1174,1213,1226,1335,1214,1321,1137,1175
1225,1226,1214,1401,1213,1228,1174,1215,1191,1175,1335,1264
1571,1152,1381,1382,1331,1474,1570,1471,1473,1183,1284,1626
1246,1150,1247,1130,1293,1655,1244,1132,1152,1382,1496,1381
1247,1655,1150,1382,1244,1496,1476,1381,1152,1644,1571,1473
1244,1382,1381,1476,1571,1152,1473,1570,1474,1644,1331,1475
1406,1249,1328,1329,1460,1256,1404,1405,1407,1148,1619,1883
1406,1256,1148,1460,1329,1621,1619,1258,1328,1257,1407,1608
1251,1286,1283,1089,1385,1333,1445,1457,1252,1238,1334,1446
1385,1286,1445,1252,1446,1333,1457,1490,1254,1461,1462,1182
1254,1446,1182,1358,1445,1181,1253,1490,1114,2710,1354,1255
1255,1354,1355,2710,1357,1356,1196,1377,1416,1115,1198,1415
1253,1358,1181,1354,1255,1490,2710,1113,1416,1355,1356,1357
1355,1196,1354,1198,1357,1377,1155,2710,1356,1158,1371,1376
1621,1460,1619,1608,1580,1257,2036,1407,1288,1519,1713,1543
1288,1621,1287,1421,1580,1420,1394,1579,1619,1578,1713,1575
1257,1148,1289,1287,1621,1288,1256,1064,1421,1580,1394,1420
1018,998,999,984,1041,1033,996,983,1039,982,947,994
1282,1262,1068,1281,1411,1263,1067,1280,1622,2868,1413,1423
1068,1260,1067,1262,1263,1282,1622,1066,1281,1280,952,1285
1263,1281,1280,1411,1622,1285,1423,2868,1386,1413,991,1316
1280,1285,991,1386,990,1316,1423,2868,951,988,1422,1563
1227,1228,1361,1524,1194,1522,1226,1615,1215,1618,1192,1199
1321,1243,1226,1242,1228,1225,1264,1214,1215,1401,1227,1213
1267,1274,1273,1362,1366,1108,1317,1367,1440,1438,1206,1307
1317,1366,1273,1274,1216,1107,1307,1206,1367,1362,1207,1162
2019,1269,1261,1260,1043,1067,1322,1068,1066,1262,1282,1014
1067,1066,1261,1068,1014,1260,952,1622,1035,1262,1263,1036
1370,1372,1369,1341,1459,1511,1510,1345,1512,1513,1340,1781
1372,1270,1459,1510,1369,1272,1370,1458,1568,1341,1911,1513
1341,1270,1370,1277,1345,1340,1372,1369,1511,1278,1223,1344
1366,1367,1206,1307,1440,1365,1216,1561,1208,1207,1176,1399
1273,1367,1440,1438,1561,1366,1206,1365,1398,1317,1307,1562
1276,1266,1235,1363,1362,1274,1267,1273,1439,1438,1368,1440
1362,1363,1266,1274,1438,1440,1273,1554,1267,1367,1398,1561
1341,1278,1340,1327,1345,1370,1279,1270,1387,1344,1511,1326
1327,1340,1279,1387,1341,1326,1345,1344,1325,1493,1388,1370
1327,1326,1325,1387,1340,1395,1397,1388,1396,1493,1420,1344
1423,1285,1386,1316,1424,990,1563,1566,1422,991,988,1303
1280,2868,1423,1263,1386,1566,1285,1687,1424,1622,1316,1563
1411,1281,1262,1413,2868,1280,1068,1263,1423,1687,1067,1603
1333,1286,1334,1251,1462,1457,1471,1385,1472,1648,1445,1089
1283,1334,1333,1471,1472,1250,1462,1286,1648,1474,1457,1593
1316,990,1386,988,1422,951,1423,1563,943,1424,1047,992
1333,1457,1445,1385,1462,1446,1461,1484,1490,1252,1483,1648
1420,1394,1421,1288,1395,1575,1308,1578,1579,1580,1396,1325
1421,1580,1579,1578,1420,1713,1575,2036,1705,1704,1706,1395
1287,1257,1064,1394,1288,1420,1421,1621,1221,1308,1395,1575
1166,1291,1470,1165,1163,1330,1560,1248,1164,1408,1682,1140
1165,1330,1248,1164,1408,1328,1249,1406,1682,1329,1141,1149
1293,1294,1845,1496,1246,1655,1245,1844,1247,1644,1476,1151
1655,1496,1246,1247,1476,1382,1844,1644,1150,2051,1244,1381
1245,1246,1293,1151,1655,1845,1150,1247,1496,1130,1382,1244
1478,1292,1294,1495,1293,1845,1297,1245,1246,1496,1679,1151
1297,1295,1294,1332,1245,1292,1478,1151,1129,1246,1293,1123
1151,1245,1294,1129,1130,1246,1150,1292,1293,1121,1247,1132
1212,1133,1134,1139,1300,1052,1428,970,1101,1119,1220,1054
1212,1298,1300,1139,1134,1220,1186,1133,1219,1101,1098,1119
1220,1212,1139,1219,1138,1098,1136,1134,1335,1101,1137,1099
1299,1300,1433,1212,1219,1298,1220,1139,1400,1335,1138,1134
1305,1275,1237,1453,1276,1363,1266,1048,1439,1235,1362,1503
1234,1236,1048,1302,1047,1237,1275,1020,1306,1235,1305,1368
1302,1303,1236,1306,1234,1275,1305,1237,1048,1453,1047,1276
1275,1363,1276,1439,1362,1237,1266,1503,1438,1554,1274,1589
1302,1453,1305,1452,1275,1503,1236,1439,1363,1587,1276,1590
1207,1206,1176,1233,1208,1205,1140,1128,1365,1163,1118,1166
1395,1325,1279,1420,1326,1396,1327,1575,1278,1397,1421,1802
2018,1346,1380,1217,1322,1347,1491,2019,1323,1348,1548,1268
1311,1378,1239,1379,1309,1434,1218,1380,1435,1491,1177,2018
1309,1379,1380,1218,1491,2018,1346,1435,1177,1217,1347,1548
1610,1209,1315,1972,1167,1609,1595,1970,1688,1095,1172,1170
1314,1312,1209,1096,1610,1782,1315,1167,1095,1972,1172,1609
1209,1096,1095,1312,1167,1038,1315,1168,1040,1610,1172,1039
1595,1170,1172,1609,1779,1168,1596,1080,1688,1081,1169,2001
1422,988,1563,951,1047,1234,1303,992,1424,989,1020,1048
1366,1216,1307,1273,1207,1162,1205,1206,1233,1176,1367,953
1241,1265,1402,1243,1321,1242,1319,1226,1661,1225,1401,1264
1359,1321,1264,1265,1360,1523,1228,1227,1226,1361,1241,1243
1318,1319,1265,1321,1241,1359,1243,1264,1226,1402,1228,1242
1264,1228,1226,1243,1227,1360,1194,1215,1361,1214,1225,1524
1260,1282,1348,1411,1262,1261,1281,1412,1413,1068,2868,1269
1217,1268,1147,2019,2018,1269,1261,1043,1260,1322,1346,1067
1006,1011,1010,1077,1013,1002,1007,1111,1073,1109,1003,1005
1326,1397,1396,1388,1575,1890,1802,1745,1387,1493,1656,2681
1388,1387,1397,1493,1745,1396,1656,1890,1854,1344,1492,1802
1387,1326,1388,1493,1325,1344,1345,1397,1492,1656,1854,1745
1329,1405,1404,1406,1407,1460,1518,1520,1620,1256,1902,1608
1460,1404,1407,1256,1608,1519,1619,1518,1620,1520,1543,1621
1408,1328,1248,1329,1405,1883,1406,1404,1249,1726,1460,1407
1284,1471,1334,1283,1474,1472,1333,1593,1648,1570,1462,1650
1297,1129,1123,1151,1245,1130,1294,1121,1088,1295,1150,1246
1462,1457,1648,1484,1445,1483,1472,1461,1385,1485,1650,1597
1472,1333,1648,1462,1593,1650,1483,1457,1286,1485,1484,1569
1219,1137,1174,1138,1220,1135,1225,1213,1104,1136,1175,1214
1384,1320,1319,1359,1318,1645,1321,1265,1264,1523,1360,1339
1318,1339,1320,1336,1241,1402,1265,1604,1319,1384,1321,1243
1336,1337,1320,1318,1384,1319,1339,1265,1241,1321,1359,1645
1402,1318,1241,1661,1242,1320,1265,1243,1530,1401,1400,1225
1345,1327,1387,1344,1511,1493,1326,1781,1492,1388,1780,1854
1345,1370,1340,1511,1344,1327,1369,1387,1781,1372,1512,1279
1200,1313,1343,1314,1312,1971,1777,1209,1782,1096,1610,1189
1313,1312,1782,1610,1972,3124,1314,1209,1970,1315,1609,1688
1492,1781,1493,1780,1854,1855,1851,1512,1388,1656,2226,1850
1511,1344,1781,1512,1387,1492,1780,1493,1851,1910,1513,1854
1347,1322,1348,2019,1548,1282,1412,1260,1411,1602,1413,1268
1348,1412,1602,1322,1413,1411,1601,1549,1282,1603,1260,2868
1411,1282,1412,1413,1260,1281,2868,1603,1262,1601,1687,1423
1295,1494,1296,1478,1292,1495,1294,1553,1297,1845,1332,1293
1654,1332,1296,1297,1349,1123,1129,1295,1294,1151,1245,1122
1349,1350,1296,1295,1332,1494,1654,1297,1294,1478,1292,1171
1186,1298,1188,1299,1133,1212,1301,1052,1187,1134,1054,1300
1301,1447,1480,1299,1433,1300,1530,1352,1212,1298,1400,1219
1357,1356,1355,1377,1414,1415,1431,1198,1443,1196,1376,1479
1377,1198,1357,1376,1371,1431,1356,1158,1414,1271,1197,1458
1357,1414,1443,1431,1685,1377,1432,1430,1429,3129,1441,1376
1377,1431,1414,1376,1443,1198,1429,1458,1432,1371,1459,1430
2710,1253,1354,1416,1356,1255,1415,1357,1355,1479,1443,1414
1360,1523,1264,1321,1522,1361,1521,1227,1228,1265,1955,1618
1361,1264,1522,1227,1618,1615,1955,1524,1228,1895,1194,1614
1615,1227,1524,1618,1614,1194,1199,1895,1192,1617,1189,1200
1438,1274,1440,1554,1367,1398,1273,1561,1791,1562,1365,1206
1362,1438,1554,1589,1274,1440,1791,1398,1266,1367,1561,1607
1011,1324,1224,1010,1111,1077,1109,1006,1060,1079,1013,1073
1290,1208,1399,1166,1291,1469,1176,1470,1163,1165,1560,1330
1307,1216,1206,1207,1367,1176,1205,1208,1365,1233,1162,1440
1365,1561,1206,1208,1399,1562,1307,1290,1166,1176,1469,1207
1019,1108,1235,987,986,1267,1317,1107,915,1266,1085,1366
1512,1511,1513,1910,1345,1781,1911,1851,1567,1849,1857,1344
1345,1511,1369,1512,1340,1781,1344,1510,1513,1851,1910,1387
1197,1271,1376,1270,1372,1459,1272,1431,1458,1370,1159,1369
1510,1369,1370,1513,1911,1568,1512,1511,1345,1910,1611,1567
1465,1187,1374,1185,1409,1188,1375,1054,1410,1053,1392,1186
1375,1187,1188,1352,1465,1186,1054,1185,1052,1053,1409,1298
1352,1188,1186,1187,1298,1052,1054,1133,1185,1299,1212,1053
1271,1459,1458,1372,1270,1429,1568,1510,1612,1369,1911,1272
1376,1431,1371,1414,1458,1271,1459,1429,1197,1372,1612,1270
1379,1311,1435,1491,1309,1380,1501,1574,1548,1346,1347,1547
1380,1491,1309,1346,1548,1347,1501,2018,1218,1547,1602,1322
1347,1346,1548,2018,1348,1501,1412,1602,1322,1549,1217,2019
1570,1571,1474,1473,1626,1471,1569,1331,1593,1475,1625,1660
1381,1473,1570,1475,1626,1571,1474,1625,1756,1569,1471,1660
958,1016,1146,960,1147,1043,933,1323,1014,959,934,1036
1645,1359,1319,1320,1523,1647,1360,1264,1321,1318,1265,1521
1446,1252,1445,1490,1254,1457,1358,1461,1182,1416,2710,1253
1316,1563,1422,1424,1303,988,1234,1304,1047,1454,1236,951
1493,1388,1344,1492,1854,1656,1397,1745,1781,1855,1780,1744
1656,1493,1745,1854,3092,1492,1744,1890,1918,1855,1917,1919
1390,1500,1391,1536,1527,1232,1525,1531,1508,1229,1230,1585
1536,1391,1232,1229,1500,1203,1531,1527,1230,1201,1525,1508
1232,1531,1527,1508,1230,1437,1203,1240,1507,1204,1178,1436
1201,1202,1410,1143,1477,1179,1185,1203,1145,1053,1017,1204
1392,1229,1201,1409,1202,1203,1536,1410,1179,1465,1390,1143
1420,1308,1395,1421,1575,1325,1396,1288,1279,1578,1802,1397
1396,1325,1575,1802,1397,1326,1890,1578,1706,2681,1388,1745
1802,1397,1890,2681,1706,1745,2099,1388,1918,1800,1838,1656
1745,1388,1890,1802,1656,1918,2099,1493,3092,2681,1917,1854
1562,1555,1561,1556,1469,1399,1367,1643,1365,1642,1559,1560
1290,1469,1470,1560,1291,1166,1208,1559,1330,1682,1165,1683
1335,1401,1433,1219,1174,1137,1225,1138,1300,1243,1213,1220
1335,1174,1225,1213,1137,1219,1214,1135,1175,1138,1226,1191
1661,1241,1242,1401,1243,1530,1400,1265,1225,1335,1226,1174
1115,1116,1155,1196,1117,1153,1158,1154,1255,1157,1198,1102
1407,1518,1620,1460,1519,1517,1608,1903,1901,1542,1541,1619
1404,1520,1518,1329,1407,1901,1620,1903,1517,1460,1732,1519
1329,1460,1256,1407,1619,1608,1404,1621,1405,1519,2036,1580
1519,1608,1620,1619,1543,1541,1517,2036,1542,1903,1657,1580
1328,1883,1405,1726,1248,1329,1404,1520,1902,1518,1406,1733
1392,1465,1410,1185,1202,1143,1187,1201,1053,1477,1054,1017
1143,1185,1053,1202,1477,1017,1054,1145,966,1015,1179,968
1413,1281,2868,1423,1687,1603,1280,1566,1263,1424,1686,1386
1601,1413,1603,1411,1628,2397,1687,2868,1282,1686,1281,1627
1603,2868,1687,1281,1686,1566,1628,1423,1616,1280,1841,1424
1429,1431,1432,1430,1665,1458,1612,3129,1376,1725,1691,1459
1443,1685,1356,1430,1414,1441,1432,1357,1442,3129,1582,1429
1415,1479,2710,1685,1356,1598,1443,1441,1354,1430,1414,1581
1373,1374,1418,1187,1375,1467,1465,1188,1516,1352,1185,1409
1375,1374,1352,1188,1373,1186,1187,1480,1298,1465,1054,1185
1338,1336,1384,1451,1320,1337,1645,1319,1646,1359,1318,1647
1421,1395,1575,1578,1396,1802,1325,1706,1579,2681,1397,1890
1578,1575,1579,1706,1395,1802,1704,1713,1396,1705,1800,2681
1234,1303,1047,1236,1048,992,1304,1020,1237,1302,1021,1368
1424,1386,1566,1563,1454,1316,1616,1422,1304,1303,990,1455
1563,1454,1304,1303,1422,1455,1236,1302,1234,1306,1456,988
1409,1393,1467,1392,1465,1410,1201,1373,1229,1202,1185,1143
1393,1229,1231,1536,1425,1201,1390,1392,1203,1409,1232,1389
1487,1426,1425,1393,1564,1535,1229,1392,1467,1409,1231,1201
1119,1120,971,1101,959,1097,927,916,935,1099,957,1098
1665,1612,1458,1691,1568,1725,1613,1459,1611,1799,1510,1693
3129,1432,1442,1444,1725,1665,1429,1632,2466,1793,1691,1431
1458,1429,1376,1459,1612,1432,1665,1568,1271,1372,1510,1613
1665,3129,1429,1725,1612,1691,1444,1458,1793,1799,1613,1632
1219,1335,1300,1220,1401,1138,1137,1299,1139,1212,1174,1136
1378,1502,1435,1379,1574,1491,1311,1573,1547,1501,1380,1668
1491,1501,1379,1547,1380,1548,1670,1546,1549,1347,1309,1602
1434,1378,1310,1311,1502,1379,1435,1239,1491,1309,1178,1574
1310,1240,1436,1378,1311,1178,1239,1434,2146,1379,1309,1180
1440,1398,1791,1561,1367,1562,1555,1556,1273,1724,1365,1399
1363,1589,1554,1438,1791,1362,1607,1276,1398,1440,1724,1274
1561,1367,1398,1562,1365,1399,1206,1555,1556,1469,1290,1208
1685,1582,1442,1430,1633,2466,1443,3129,1632,1444,1432,1634
3129,2466,1444,1632,1432,1725,1762,1634,1793,1761,1763,1665
1430,1414,1432,3129,1429,1442,1665,1431,1725,1444,1582,1377
1793,1725,1763,1761,1799,1794,1665,1691,1792,2488,1907,1797
1490,1446,1461,1416,1484,1358,2710,1479,1254,1598,1415,1483
1490,1358,1254,2710,1253,1416,1461,1354,1181,1415,1479,1356
1433,1301,1400,1300,1219,1661,1299,1480,1335,1401,1220,1212
1338,1337,1419,1336,1464,1320,1318,1339,1384,1451,1319,1709
1451,1419,1735,1646,1384,1645,1336,1338,1448,1858,1647,1701
1765,1448,1419,1338,1449,1463,1337,1336,1764,1451,1384,1320
1646,1384,1645,1336,1647,1359,1701,1523,1338,1319,1521,1320
1587,1503,1453,1439,1624,1588,1305,1589,1363,1302,2017,1554
1305,1439,1503,1363,1589,1276,1554,1275,1362,1438,1588,1791
1455,1304,1306,1456,1302,1303,1236,1452,1305,1504,1453,1422
1456,1306,1504,1452,1304,1302,1453,1840,1590,1305,1587,1503
1452,1306,1590,1453,1587,1503,1302,1304,1305,1600,1623,1624
1445,1484,1461,1483,1490,1598,1416,1446,1597,1479,1485,2710
1459,1568,1612,1510,1665,1613,1372,1911,1611,1691,1692,1270
1372,1510,1568,1911,1369,1612,1513,1611,1613,1370,1567,1512
1608,1407,1619,1519,2036,1621,1543,1620,1580,1541,1518,1713
1416,1479,1598,1415,2710,1441,1597,1685,1358,1581,1356,1443
1648,1483,1457,1484,1485,1597,1650,1461,1445,1598,1649,1652
1464,1448,1337,1709,1338,1339,1318,1604,1419,1320,1689,1336
1339,1337,1604,1402,1318,1241,1338,1661,1320,1528,1242,1530
1185,1187,1410,1053,1054,1392,1143,1188,1202,1017,966,1375
1506,1417,1468,1373,1550,1418,1564,1374,1467,1487,1187,1465
1409,1465,1373,1410,1187,1185,1392,1374,1393,1053,1143,1054
1564,1467,1373,1417,1465,1374,1425,1409,1187,1418,1185,1410
1560,1559,1470,1683,1682,1290,1291,1727,1675,1408,1330,1734
1330,1291,1682,1408,1683,1165,1328,1248,1883,1727,1726,1405
1472,1593,1334,1648,1650,1569,1462,1333,1659,1626,1485,1483
1648,1650,1462,1485,1659,1483,1652,1653,1484,1457,1649,1597
1570,1626,1625,1474,1569,1660,1757,1722,1720,1653,1593,1471
1471,1593,1569,1626,1472,1650,1659,1334,1653,1660,1648,1625
1473,1625,1757,1722,1626,1570,2475,1660,1720,2312,2211,1569
1382,1475,1473,1756,1381,1625,1570,1626,1757,1244,2074,1474
1145,1015,1017,1142,968,1144,1383,966,1180,1146,958,957
1292,1845,1293,1294,1679,1496,1844,1246,1655,1245,1297,1812
1685,1415,1441,1443,1581,1430,1582,1356,1442,3129,1432,1414
1299,1352,1301,1298,1212,1375,1186,1300,1433,1134,1133,1139
1494,1553,1349,1495,1478,1295,1681,1351,1679,1292,1771,1296
1891,1481,1349,1596,1680,1494,1351,1553,1772,1295,1779,1495
1484,1485,1597,1598,1649,1461,1652,1581,1651,1479,1441,2212
1598,1461,1597,1479,1581,1416,1441,1490,1649,1651,1685,1415
1649,1652,1597,1484,1651,2212,1856,1581,1598,1816,1880,1633
1565,1488,1427,1487,1784,1509,1489,1564,1425,1426,1552,1393
1564,1425,1467,1468,1393,1409,1426,1392,1373,1465,1410,1417
1489,1427,1565,1584,1426,1487,1535,1393,1425,1509,1583,1231
1426,1535,1427,1231,1393,1498,1229,1487,1425,1390,1536,1201
1416,2710,1358,1461,1415,1479,1356,1354,1253,1598,1685,1443
1380,1548,1501,1347,1602,1346,1549,1412,1546,1348,1601,2018
1854,1855,1780,1744,1656,2226,1920,1851,1850,1919,3092,2472
1854,1492,1656,1855,1744,1780,1745,3092,1920,1919,2226,1851
1478,1495,1295,1292,1845,1679,1296,1294,1293,1844,1496,1843
1478,1679,1845,1292,1844,1293,1843,1812,1496,1294,2051,2002
1644,1655,1476,2051,1382,1475,1756,1247,2002,2044,1473,1381
1499,1389,1534,1500,1390,1638,1391,1525,1527,1231,1585,1536
1390,1389,1231,1497,1499,1536,1391,1426,1500,1229,1232,1534
1500,1389,1525,1391,1527,1390,1585,1586,1507,1531,1508,1536
1527,1525,1391,1508,1507,1531,1586,1232,1536,1437,1526,1436
1548,1549,1546,1602,1671,1719,1347,1601,1412,2397,1712,1346
1574,1435,1668,1547,1378,1670,1491,1501,1666,1379,2693,1671
1439,1589,1588,1363,1554,1607,1791,2017,1741,1438,1362,1724
1456,1590,1452,1600,1587,1623,1306,1624,1503,1664,1453,2273
1506,1676,1466,1550,1552,1417,1551,1468,1418,1516,1509,1373
1417,1418,1374,1468,1516,1373,1375,1352,1514,1187,1467,1188
1508,2146,1526,1436,1437,1434,1572,1785,1502,1378,1310,1240
1437,1436,1310,2146,1240,1434,1378,1230,1311,1178,1502,1572
1564,1487,1468,1467,1466,1425,1427,1373,1417,1409,1465,1506
1911,1513,1369,1611,1567,1512,1910,1857,1613,1511,1718,1692
1781,1512,1344,1851,1910,1780,1513,1492,1849,1387,1850,1493
1910,1851,1781,1849,1857,1780,1850,1567,1954,1492,2226,1822
1910,1512,1567,1857,1849,1851,1718,1892,1781,1954,1822,1850
1516,1515,1480,1353,1352,1418,1529,1301,1299,1375,1447,1298
1353,1529,1480,1447,1516,1301,1528,1299,1352,1433,1530,1418
1418,1352,1480,1375,1374,1353,1186,1298,1299,1188,1529,1301
1715,1542,1716,1541,1998,1913,1684,1543,1912,1852,1922,1658
1517,1620,1903,1407,1715,1542,2702,1519,2219,1541,1998,1608
1541,1543,1542,2036,1517,1658,1684,1657,1715,1716,1713,1695
1901,1518,1903,1404,2702,1517,2219,1620,1715,1407,2026,1998
1955,1703,1522,1961,1895,1360,1618,1959,1361,1894,2063,1264
1618,1895,1361,1615,1961,1894,1617,1227,1614,1524,1199,2063
1360,1521,1522,1955,1361,1264,1703,1895,1618,1227,1961,1615
1615,1192,1194,1199,1189,1614,1092,1215,1777,1200,1193,1093
1586,1527,1507,1508,1526,1769,1391,2146,1531,1436,1785,1437
1572,2146,1667,1502,1573,1434,1436,1508,1806,1574,1437,1378
1508,1507,1531,1437,1436,1232,2146,1240,1526,1230,1310,1434
1530,1447,1661,1400,1353,1433,1402,1301,1339,1401,1335,1242
1447,1353,1528,1530,1301,1480,1433,1604,1400,1299,1661,1300
1400,1661,1447,1433,1335,1401,1242,1301,1219,1241,1300,1174
1437,1508,1230,1240,1310,1436,1178,1507,1204,1239,1311,1378
1497,1498,1499,1389,1534,1390,1535,1500,1576,1231,1638,1391
1497,1576,1532,1534,1499,1638,1389,1631,1498,1500,1629,1585
1499,1500,1525,1585,1389,1586,1527,1391,1635,1769,1507,1390
1231,1426,1498,1390,1229,1536,1393,1389,1497,1391,1203,1232
1232,1203,1391,1230,1531,1201,1204,1527,1179,1240,1178,1437
1538,1539,1505,1540,1676,1544,1552,1466,1737,1506,1550,1784
1540,1552,1505,1466,1784,1539,1509,1506,1468,1676,1565,1417
1676,1505,1737,1550,1540,1551,1506,2020,1466,1552,1759,1846
1466,1552,1505,1506,1468,1509,1417,1676,1550,1564,1373,1418
1684,1658,1716,1657,1696,1852,1694,1695,1697,1913,1912,1707
1541,1716,1684,1913,1852,1912,1658,1696,1924,1853,1707,1922
1657,1541,1658,1713,1695,1684,1542,1705,1697,1694,1696,1579
1784,1538,1552,1592,1540,1509,1565,1486,1466,1505,1468,1487
1537,1538,1544,1738,1540,1505,1539,1552,1784,1466,1736,1676
1719,1549,1712,2397,1602,1747,1548,1601,1943,1945,1627,1412
1501,1546,1671,1549,1491,1711,1719,1548,1712,1602,1944,2397
1602,1347,1549,1412,1601,1348,1719,2397,1413,1603,1322,1628
1602,1719,1601,2397,1412,1747,1712,1628,1603,1627,1413,1943
1506,1418,1516,1417,1514,1846,1374,1352,1375,1515,1480,1468
1846,1550,1514,1516,1515,1418,1506,1677,1480,1352,1353,1529
1509,1466,1468,1564,1487,1417,1506,1467,1373,1425,1550,1676
1495,1681,1494,1679,1478,1845,1843,1773,1295,1292,1812,1844
1438,1791,1398,1440,1607,1555,1724,1561,1562,1274,1556,1674
1556,1642,1643,1562,1559,1469,1672,1561,1675,1399,1560,1683
1643,1559,1469,1560,1399,1675,1683,1470,1673,1682,1734,1727
1532,1533,1583,1497,1498,1576,1499,1534,1584,1389,1638,1630
1583,1557,1532,1584,1498,1533,1497,1594,1535,1389,1577,1499
1683,1560,1675,1727,1734,1682,1470,2072,1726,1408,1813,1733
1682,1683,1470,1727,1408,1726,1734,1330,1883,1291,1733,2072
1562,1399,1365,1469,1290,1556,1206,1208,1470,1166,1560,1559
1469,1399,1556,1559,1365,1560,1643,1290,1470,1683,1682,1291
1303,1422,1304,1234,1236,1454,1302,1047,1048,1306,1237,1455
1467,1425,1409,1373,1465,1417,1392,1393,1410,1187,1185,1374
1487,1509,1427,1564,1552,1425,1468,1467,1489,1393,1426,1466
1424,1616,1454,1455,1563,1304,1386,1599,1303,1306,1456,1422
1718,1857,1892,1910,1822,1717,1821,1849,1730,1954,1851,1828
1911,1611,1510,1613,1567,1692,1513,1718,1691,1369,1693,1892
1593,1653,1660,1659,1721,1650,1472,1723,1720,1816,1652,1648
1474,1626,1569,1593,1660,1625,1471,1653,1659,1472,1720,1650
1331,1474,1471,1570,1284,1593,1472,1334,1569,1473,1626,1283
1573,1667,1502,1434,1574,1668,1666,1436,1435,1670,1547,1378
1668,1574,1502,1666,1670,2693,1547,1435,1711,1775,1671,1501
1547,1670,1435,1501,1671,2693,1546,1711,1491,1549,1379,1548
1802,1578,1706,1396,2681,1890,1800,1704,1397,2099,1838,1705
1638,1631,1629,1534,1585,1635,1497,1499,1768,1525,1500,1586
1630,1576,1533,1557,1629,1637,1638,1631,1534,1532,1497,1499
1706,1704,1802,1800,1705,2681,1801,1396,2060,1838,1890,1714
1578,1713,1705,1704,1706,1575,1657,1800,1695,1801,1802,1714
1713,2036,1579,1657,1421,1705,1578,1543,1704,1695,1519,1420
1582,1441,1633,2466,1442,1685,1634,1749,1856,1430,1632,1762
2466,1442,1634,1632,1430,1762,3129,1444,1749,1761,1803,1432
1584,1532,1498,1535,1497,1231,1489,1389,1390,1533,1499,1426
1535,1489,1498,1231,1426,1532,1390,1497,1427,1389,1229,1536
1586,1525,1769,1526,1500,2082,1507,1785,1527,2146,1508,1808
1526,1507,1785,2146,1527,1572,1508,1436,2192,1667,1502,1434
1503,1624,1588,2017,1589,1453,1439,1663,1607,1741,1554,1739
2017,1589,1607,1741,1439,1739,1791,1674,1724,1554,1740,2045
1607,1554,1791,1724,1741,1438,1555,1398,1674,1362,1739,1440
1623,1587,1624,1452,2273,1503,1663,1588,2017,1453,1662,2028
1592,1544,1784,1750,1486,1565,1538,1552,1545,1509,1488,1848
1784,1565,1486,1509,1488,1487,1552,1427,1538,1564,1540,1468
1472,1650,1659,1648,1653,1652,1485,1721,1816,1462,1483,1649
1489,1584,1488,1535,1583,1486,1426,1427,1498,1231,1532,1565
1170,1779,1596,1169,2001,1351,1350,1891,1080,1654,1081,1482
1779,1351,1891,1349,1350,1169,1296,1481,1295,1494,1654,1332
1581,1598,1649,1651,1441,1633,1582,1856,1479,2212,1749,1685
1479,1441,1581,1685,1582,1415,1651,1633,1442,1430,1443,2466
1504,1455,1456,1840,1454,1452,1590,1306,1600,1839,1587,1623
1623,1664,1590,2273,1624,1662,1587,1663,1752,2028,1452,2017
2397,1603,1628,1413,1627,1686,1747,1687,1841,1411,1748,2868
1412,1601,2397,1603,1719,1413,1628,1348,1747,1627,1411,1687
1628,1687,1686,2868,1841,1616,1627,1566,1599,1748,1281,1423
1402,1661,1339,1528,1530,1400,1241,1242,1318,1447,1401,1433
1750,1591,1592,1486,1848,1565,1784,1544,1488,1509,1427,1487
1075,1103,1063,1125,1289,1058,1126,1064,1258,1025,1221,1257
1724,1791,1674,1555,1740,1642,1672,1398,1438,1556,1643,2102
1519,1543,2036,1620,1541,1657,1580,1713,1658,1542,1517,1695
1595,1596,2001,1779,1170,1891,1351,1482,1172,1169,1350,1349
1972,1609,1315,1688,1595,2001,1167,1596,1170,1172,1728,1779
1718,1692,1567,1892,1717,1693,1513,1857,1730,1910,1731,1821
1613,1568,1691,1611,1692,1693,1911,1799,1510,1718,1567,1797
1692,1611,1693,1718,1911,1717,1567,1797,1731,1892,1513,1795
1200,1342,1199,1313,1777,1783,1314,1192,1189,1343,1096,1209
1614,1199,1192,1200,1617,1194,1189,1342,1777,1092,1314,1313
1455,1454,1599,1456,1424,1306,1504,1304,1767,1563,1452,1840
1342,1614,1783,1200,1343,2176,1313,1199,1971,1314,2231,1777
1615,1614,1617,1524,1199,1342,1200,1896,1783,1192,1194,1777
2036,1608,1580,1543,1713,1519,1657,1288,1579,1705,1541,1620
1519,1517,1542,1541,1715,1543,1684,1716,1658,2036,1998,1913
1580,1288,1619,2036,1713,1579,1421,1608,1287,1657,1578,1543
1263,991,1285,990,1280,1316,943,951,898,1386,988,1423
2273,1624,1663,1662,1587,2028,2017,1588,2029,1452,1503,1754
1663,2017,1588,2029,1503,1741,1739,1589,1607,2088,1754,2045
1722,1626,1660,1720,2475,2211,1569,1653,1723,1931,1721,2288
1660,1569,1653,1720,1722,1593,1659,1723,1721,2211,2475,1472
1748,1746,1841,1842,1686,1767,1999,1599,4396,1839,1687,1840
1627,1841,1686,1748,1687,1599,1746,1767,1616,1842,2868,1566
1631,1768,1635,1638,1585,2053,1769,1534,637,2082,630,1586
1629,1576,1631,1638,1768,1533,1636,1635,1534,1585,644,2053
1638,1585,1635,1534,1769,1586,1525,2082,2053,1499,1500,1526
1444,1761,1763,1793,1907,1792,1725,1794,2488,1799,1804,1898
1634,1582,2466,1749,1762,1442,1803,1632,1991,1761,1444,1907
1762,2466,1803,1632,1907,1761,1991,1900,1804,1444,1763,1792
1769,2082,2053,1585,1808,1586,630,1785,627,2192,1526,1525
644,1768,637,1629,2053,630,1635,1631,627,2082,1808,1576
1636,1630,1629,1768,650,644,1631,1576,1635,637,2053,1638
1534,1585,1525,1635,1499,1586,1500,1769,1389,1527,2082,1507
1709,1464,1463,1689,1604,1337,1339,1690,1448,1678,1402,1528
1450,1448,1463,1765,1337,1338,1639,1419,1464,1766,1336,1709
1639,1463,1640,1698,1464,1709,1448,1337,1689,1450,1339,1690
1643,1556,1675,1673,1559,1683,2072,1562,1469,1813,1734,1889
1559,1675,1683,1469,1673,1560,1734,2072,1727,1813,1682,1399
1476,1756,1475,2044,1382,1473,1757,2074,2043,1625,1722,1381
1523,1647,1359,1521,1360,1319,1702,1522,1264,1955,1320,1703
1647,1645,1701,1702,1384,1523,1521,1359,1904,1336,1703,1360
1521,1702,1523,1703,1955,1359,1522,1960,1360,1961,1895,1319
1483,1650,1485,1484,1652,1597,1457,1649,1659,1598,1461,2212
1651,1856,2212,1581,1880,1633,1749,1939,1598,1814,1582,1634
1652,1485,1659,1483,1649,1816,2212,1721,1597,1484,1856,1651
1633,1581,1856,1749,1582,1634,2466,1939,1441,1803,1762,1991
2212,1649,1816,1856,1880,1597,1651,1814,1815,1939,1879,1749
1721,1659,1723,1816,1815,1652,1650,1932,1814,2212,1931,2039
1332,1123,1129,1122,1297,1296,1088,1151,1121,1130,1245,1294
1382,1476,1247,1644,1381,1473,1244,1475,2051,1570,1756,1571
1854,1744,3092,1855,1919,1917,1918,1920,1921,2525,2226,2052
1695,1705,1658,1697,1714,1704,1694,1684,1801,1696,1818,2025
1694,1695,1697,1696,1818,1708,1714,1852,1707,2025,1704,1801
1721,1652,1816,2212,1485,1815,1723,1649,1814,1880,1483,1856
1653,1720,1723,1721,1659,2211,1815,1593,1931,1816,1932,1650
1400,1242,1401,1335,1433,1243,1225,1174,1219,1265,1213,1137
2028,2273,1753,1754,1663,826,820,831,822,2029,828,824
2029,2017,1739,2088,1754,1588,1741,2045,804,800,806,802
1662,1623,2273,2028,1663,1590,1624,1753,1754,2029,1587,2017
1691,1612,1725,1613,1799,1793,1568,1693,1692,1611,1797,1794
1668,2693,1775,1670,1711,1574,2456,1776,1927,1671,1547,1944
1573,1666,1668,1805,1502,1574,2693,1775,1670,1914,1434,1547
1670,2693,1574,1711,1547,1671,2456,1546,1944,1435,1501,1776
1545,1537,679,1738,680,1538,678,1539,1544,681,1540,1505
1671,1711,1547,1546,1944,2456,1501,1712,1719,1549,1774,1945
1546,1712,1944,1719,1945,1549,1747,1943,1774,2397,1602,1548
2102,1642,1673,1888,1643,1675,1889,1556,1813,761,759,1559
1889,1675,1813,2072,2103,1734,1973,1559,2104,1862,1823,1683
1724,1672,1642,1555,2102,1673,1643,1556,2483,1675,1398,1888
2072,1734,1683,1813,1727,1889,1823,1560,1733,1862,1682,1726
1550,1551,1506,2020,1516,1418,1466,1846,1514,1417,1515,1677
1846,1678,1529,1515,1514,1528,1689,1353,1447,1516,1480,1530
1528,1529,1447,1515,1530,1604,1353,1514,1661,1301,1433,1400
1812,1845,1844,1835,2002,1292,1496,2051,1293,2024,1644,2044
1553,1681,1771,1481,1773,1494,1495,1679,1843,1478,1349,1810
1773,1843,1679,1495,1811,1812,1835,1494,1478,1845,1844,1837
1408,1727,1726,1883,1330,1902,1405,1733,1328,1520,1732,1404
1727,1734,1682,1726,2072,1733,1883,1823,1408,1902,1330,2073
1696,1852,1658,1694,1707,1912,1853,1708,1697,1695,1833,1924
1430,1443,1442,3129,1582,1432,1414,1444,2466,1725,1632,1633
1841,1616,1599,1566,1455,1767,1454,1456,1504,1840,1842,1424
1686,1566,1616,1423,1454,1599,1455,1841,1424,1456,1386,1304
2001,1609,1728,1482,1596,1595,1891,1710,1779,1351,1481,1170
1678,1528,1604,1464,1530,1529,1661,1447,1402,1339,1400,1515
1678,1689,1677,1709,1528,1529,1604,1846,1515,1464,1530,1447
1613,1799,1693,1692,1797,1611,1794,1731,1718,1795,1717,1763
1718,1717,1567,1731,1892,1730,1729,1795,1821,1857,2084,1929
1692,1797,1731,1717,1795,1718,1929,2084,1729,1730,1892,1567
1708,1818,1707,1819,2025,2321,1817,1833,2059,1853,1832,2118
1697,1714,1694,1818,1801,2025,1696,2059,1708,1800,2060,2321
1694,1707,1708,1853,1818,1817,1833,1819,1714,1832,1923,1834
1694,1818,1714,2025,1696,1708,1801,2059,2321,1819,1707,2465
1709,1639,1689,1690,1464,1678,1604,1463,1528,1677,1339,1529
1690,1677,1678,2020,1689,1846,1698,1529,1515,1528,1709,1551
1699,1759,658,1690,1677,657,2020,1678,1698,1846,1737,1689
1702,1647,1904,2040,1960,1521,1645,1703,1523,631,624,1955
1960,1703,1521,1955,624,1523,1959,1961,1522,1895,620,2063
1955,1961,1959,1895,2063,1894,1522,2062,1618,1896,1617,1360
1801,1800,1714,2060,1695,2681,2059,1838,1697,2025,1934,2099
1704,1695,1714,1801,1697,1800,1706,1658,2059,2060,2025,1694
1800,2681,1704,1838,1801,2060,2099,1890,1933,1714,2059,1934
1833,1708,1817,1834,1946,1819,1832,1818,1831,1861,1993,1985
1819,1817,1832,1833,2321,1861,2118,2025,1834,1831,2408,1860
1689,1464,1604,1339,1528,1678,1402,1337,1530,1661,1318,1241
1482,1680,1772,1481,1891,1553,1771,1494,1681,1349,1867,1596
1944,1671,1712,1774,1546,1977,1945,1719,1943,1949,1501,1975
1719,1943,1747,1945,2397,1950,1746,1627,1949,1601,1602,1628
1705,1657,1695,1704,1578,1714,1658,1697,1801,1706,1800,1541
1801,2025,2059,1818,2060,1694,2465,2321,1934,1838,1708,2130
1913,1716,1542,1912,1922,1684,1924,1541,1852,2027,1923,1853
1912,1852,1684,1924,1853,1696,1923,1707,1658,1833,1694,1986
1730,1729,1892,1821,2084,1820,1929,1877,1822,1830,1857,1930
1892,1717,1730,1821,1857,1822,1731,1729,1820,1910,1828,1849
2397,1747,1943,1601,1627,1628,1746,1945,1412,1603,1748,1950
1723,1931,1653,1932,1721,1815,2037,2287,2039,1659,1816,2038
1816,1815,1814,1652,2212,1932,2039,1880,1879,1878,1649,1485
1720,2211,1660,1931,2288,1723,1653,1932,2369,2287,1569,1721
1721,1815,1932,2039,1816,1814,2037,2038,1956,1878,2212,1652
1555,1642,1556,1672,1643,1398,1562,1559,1673,2102,1675,1469
1793,1691,1799,1612,1763,1794,1797,1693,1613,1761,1795,1692
1883,1902,1733,1520,1405,1732,1901,2073,1328,1518,2219,1404
1726,1733,1883,1902,1823,1408,1732,2073,1520,1405,1901,1330
1482,2001,1710,2015,1891,1609,1481,1596,1772,1680,1942,1595
1877,1830,1820,1930,1821,1872,1876,1827,1828,1829,1873,1874
1821,1729,1820,1822,1828,1830,1877,2084,1829,1827,1872,1893
1929,2084,1717,1729,1730,1930,1909,1877,1892,2602,1876,1830
2219,1901,1864,2702,1520,1865,2026,1903,2113,2269,1518,1998
1902,1732,2073,1883,1901,1824,1520,2219,1864,1865,1405,2702
1727,1733,1823,1726,1682,1862,2073,1902,1883,1732,1824,1408
1646,1451,1701,1645,1647,1905,1384,1419,1702,1904,1523,1521
1737,1539,1760,1676,1537,2020,1758,1505,1759,1551,1550,1700
1676,2020,1551,1759,1550,1846,1505,1514,1677,1506,1516,1699
1539,1537,1736,1505,1737,1676,1538,1760,1540,1550,1551,1506
2045,1741,1740,794,796,792,790,2184,788,1674,786,784
2184,1672,2102,1674,2483,780,777,775,773,770,768,1724
1607,1674,1740,1724,2045,1672,1791,2184,2102,1642,1555,792
1743,1751,1848,1885,1750,1594,1488,1868,1605,1869,1486,1489
1750,1848,1605,1751,1488,1486,1594,1592,1591,1885,1565,1868
1919,1920,3092,2525,1921,2226,1917,2167,2472,2812,2536,2524
1656,1918,3092,1917,2099,1744,1854,2052,1921,1919,1933,1838
1999,1748,1842,4396,2016,1841,1767,2071,1839,1847,2335,1686
1627,1746,1748,1628,1950,1999,1842,1841,1603,2016,1686,1767
1842,1841,1767,1839,4396,1686,1840,1599,1504,1600,1847,2071
1634,1991,1803,2466,1762,1900,1992,1982,1981,1907,1804,1632
1486,1848,1488,1592,1565,1594,1784,1427,1489,1544,1487,1509
1848,1594,1868,1869,1488,1584,1558,1750,1489,1583,2186,1535
1662,1664,1753,2300,2028,2273,831,834,840,828,826,839
831,826,828,834,824,822,840,820,839,1754,818,816
814,816,812,810,818,808,806,2088,804,802,800,2029
1109,1088,1124,1224,1111,1110,1121,1364,1011,1079,1077,1131
1475,2074,1757,1625,1722,2312,2475,1473,2299,1626,2211,1720
1722,2475,1625,2312,2211,1720,2288,1626,1660,2369,2122,1931
1700,1760,1759,1699,2020,658,1737,1677,1690,657,665,1846
2020,1699,1677,1846,1690,1551,1678,1515,1529,1514,1676,1689
1737,1759,2020,1700,1539,1699,1676,1551,1846,1677,658,1550
1763,1907,1792,2488,1898,1793,1804,1794,1906,1899,1798,1799
1761,1907,1632,1763,1804,1792,1444,1900,1898,1793,2488,1899
1794,1792,2488,1799,1796,1797,1795,1898,1798,1906,1929,1693
1449,1735,1451,1646,1419,1858,1701,1645,1384,1647,1336,1448
1449,1419,1764,1448,1451,1338,1336,1735,1384,1646,1463,1337
1764,1765,1449,1419,1451,1450,1735,1778,1646,1448,1384,1336
1840,1839,1599,1504,1600,1590,1456,1623,1664,1847,1455,1452
2053,1635,637,630,1631,2082,627,1808,1769,1585,1638,622
1586,1785,1526,2192,1808,1572,1507,1667,2146,1807,622,1806
1641,657,1698,1639,1709,658,1463,1690,1689,1464,1640,1699
1773,1681,1810,1843,1811,1553,1679,1837,1835,1495,2127,1812
1680,1771,1867,1681,1773,1553,1481,1810,2008,1843,1494,1495
1811,1843,1835,1837,1679,1812,1836,1495,2126,2024,2125,1844
1949,1945,1974,1712,1951,1943,1950,2241,1976,2434,1747,2335
1776,2693,2456,1711,1977,1668,2033,2046,1670,1944,1774,2098
1977,2456,2046,1774,1975,1711,1944,2242,2241,1949,2243,1670
1314,1096,1093,1313,1209,1038,1095,1039,1167,1040,1312,1168
1735,1858,1764,1449,1646,1701,652,1451,1905,1765,1647,645
1350,1169,1351,1654,1891,1296,1332,1171,1349,1297,1295,1123
1855,2226,1850,1854,1849,1920,2472,1953,1744,1954,1656,2525
1851,1780,1492,1910,1850,1849,1855,2226,1493,1854,1954,1857
1972,1610,1970,1312,1688,1609,2064,1315,1728,2001,1209,1595
1343,1971,1342,2231,1313,1782,1200,1312,3124,1610,1314,2065
1509,1565,1552,1487,1540,1564,1468,1466,1427,1488,1467,1425
2192,1526,1572,1667,1806,1573,2146,1502,1666,1809,1668,1805
1787,1640,1450,1765,659,660,1448,1463,1766,1419,1641,661
660,1450,1765,1766,661,1640,1419,1448,1449,1764,1859,659
1790,1789,1637,1630,1636,1947,1629,1577,650,1768,644,1576
1636,650,1637,644,653,1768,1630,637,1629,655,630,2053
1630,1577,1637,1629,1789,1576,1636,1631,1768,1533,1638,1947
1724,1555,1398,1556,1674,1642,1562,1440,1643,1561,1672,1469
2488,1898,1906,1798,1794,1899,2119,1796,1908,2237,2602,1795
1799,1763,1794,1797,1691,2488,1795,1693,1792,1796,1613,1731
1795,1797,2488,1796,1929,1798,1693,1731,2602,1906,1909,2084
1929,1796,1731,2084,1909,1798,2602,1930,1717,1729,1908,1877
1798,1929,2602,1909,1908,2084,1731,2121,1930,1928,2237,2378
1795,1731,1929,1796,1692,1717,2084,1909,1729,1798,1718,2602
2602,1908,2237,1909,2121,1929,2378,2183,1928,2236,1930,2084
1797,1693,1794,1795,1613,1731,1692,2488,1796,1929,1717,1611
2060,1801,1838,2059,2099,1934,1714,1933,2025,2100,2130,2465
2060,2059,2025,1838,1934,2465,1818,2130,2099,1933,2321,2100
2681,1706,1890,2099,1800,1838,1704,1918,1745,1933,2060,1801
1900,1762,1804,1907,1761,1981,1897,1632,1898,1792,1899,1763
1899,1898,1897,1792,1979,2120,2119,1906,1980,1763,2488,2182
1775,1666,1927,2693,1776,1668,1573,2456,2033,1711,1670,2046
1805,1667,1666,1914,1573,1775,1668,1572,2693,1927,1670,1574
2192,1806,1809,1667,1805,1785,1666,1914,1915,1572,1573,1775
622,1807,2192,616,1785,1806,610,1809,1667,1805,1526,615
1805,1914,1806,1666,1775,1916,1927,1667,2033,2693,1776,1573
1773,1837,1811,2127,1843,1681,2125,1835,1836,2126,2203,2145
1835,1843,1836,2126,1812,2024,2125,2042,1679,2201,2002,2138
2002,1844,2024,2051,2044,2043,2042,1644,1496,2041,1756,2074
2072,1862,1823,1973,1734,1824,1866,1733,1683,1727,2153,2073
1880,1879,1878,1939,1992,1958,1956,1856,1957,1982,1991,1749
2039,1814,1816,1878,2212,2038,1880,1956,1879,1957,1958,1939
2212,1814,1880,1649,1856,1879,2039,1939,1878,1992,1651,1956
1832,1834,1831,1819,1861,1860,1994,1926,2118,2408,1993,1925
2025,2321,1708,1819,2059,2118,2465,2490,1861,1817,1832,2550
1861,2118,1832,2408,2490,1860,2550,1831,1834,2116,2117,2491
1830,1827,1829,1871,1952,1872,1873,1870,2310,1876,1882,1875
1828,1820,1829,1893,1952,1830,1827,2310,1877,1871,2222,1953
1821,1828,1893,1820,1952,1829,1953,2222,2310,1729,1827,1830
1733,1824,2073,1866,1732,1726,1865,1902,1863,1864,2219,2209
2073,1865,1863,2232,1864,1732,2249,2113,2248,2219,2301,1902
692,1826,2000,690,684,681,1758,1760,1736,667,680,1700
1758,1760,667,1736,1700,1759,1737,2020,1699,658,1738,1539
1870,1871,1873,2310,1882,1881,1875,1990,1966,1874,1968,1967
1829,1952,1820,2310,1827,2222,1871,1830,2223,1870,1990,2537
2310,1871,1827,1870,1990,2223,1882,1873,1967,1872,1881,2365
1872,1827,1873,1870,1829,1874,1875,1871,1966,1881,1882,2083
1994,1860,1926,1925,1962,2408,2117,2290,1964,1963,2208,2116
1861,1831,1860,2408,2118,1994,1925,2117,1926,2550,2116,1964
1834,1817,1946,1993,1831,1832,1926,2091,1819,1994,1861,2093
1831,1926,1993,1994,1832,2290,2208,1962,1925,2093,1860,1861
1812,1836,2024,2002,2042,2201,2043,1844,2041,2051,2044,2124
2042,2201,2024,1812,2124,2041,2139,2002,2043,2200,2044,2442
2126,1811,2125,1836,1835,2138,2201,1843,2042,2024,1812,2202
2060,1933,1934,2100,2059,1918,2130,2052,2465,2131,2101,1917
1600,1840,1847,1664,1623,1590,1504,1752,2067,2273,1662,1624
1600,1504,1590,1623,1664,1456,1452,2273,1624,1587,1662,1663
1767,1599,1842,1616,1504,1840,1839,1455,1456,4396,1600,1566
4396,1839,1767,1847,1840,2071,1600,1664,2067,1504,1599,1623
1835,1812,1679,1836,2024,1844,2002,1845,2051,2042,2126,2043
2051,1496,2002,1644,2044,1756,1476,2024,2043,1655,1475,2074
1496,1844,1293,1644,1655,1812,2051,1246,1476,2002,1245,2044
1514,1515,1516,1529,1353,1480,1678,1447,1352,1418,1528,1301
1752,1664,1662,1600,2215,1623,2273,1840,1753,2028,2300,1590
1488,1594,1486,1489,1868,1584,1592,1427,1565,1535,1583,1426
1954,1850,1822,1953,1893,2226,1892,1828,1821,2222,2472,1855
2226,1953,1954,2472,1893,2473,1920,1822,2222,2536,2525,1952
1849,1850,1780,1954,2226,1857,1953,1855,1822,1893,2472,1854
1853,1707,1696,1833,1923,1708,1694,1946,1817,1834,1985,1697
1833,1707,1946,1985,1834,1817,1708,1993,2091,1831,2089,1926
1744,1855,1920,3092,1919,2226,2525,2472,1917,1921,1850,1918
1920,2226,1744,2472,1919,2525,1850,3092,1953,2536,2812,2473
1939,1749,1633,1879,1991,1634,1992,1803,1582,1982,2466,1900
1822,1849,1954,1892,1821,1893,1850,1828,1730,1953,1820,1780
1905,1701,1735,1646,645,2040,1904,1647,1702,1451,638,631
1764,1778,1735,1766,1449,1858,1765,654,1451,1646,1701,1419
2117,1925,1964,2116,1995,1962,1963,2193,1997,2407,1996,2290
2408,1860,2550,2117,1831,2116,1925,1994,2407,1964,1995,2193
1823,1866,1824,2073,2209,1863,2232,1733,1865,1732,1864,2248
1865,2248,2249,2113,2301,2503,1864,2302,2521,2269,2357,1732
2219,2113,2026,2269,2702,2249,2027,2521,1998,1903,2270,2503
2113,1864,2249,2269,2248,2219,2026,2521,2503,1901,2702,2027
1824,2232,1863,1865,2233,2248,2301,2073,2249,2113,2302,1864
1771,2008,1810,1773,1680,1681,1811,2127,2007,1837,1843,1553
1583,1558,1584,1594,1532,1489,1535,1557,1498,1488,1497,1231
1558,2186,1868,1557,1583,1532,2115,1584,1594,1848,1533,1498
1882,1881,1968,1966,1990,1967,1965,1969,2366,2181,2674,2081
1870,1882,1990,1967,1873,1881,2223,1968,2366,2365,1966,1965
1874,1873,1875,1827,2083,2097,1870,1966,2181,1881,1871,2094
1870,1875,1966,1881,1882,2181,1969,1968,2674,2097,1965,1967
1875,2097,2181,1873,2094,1966,2235,2234,2674,1870,1881,2372
1966,2181,2097,2674,2235,1881,1870,1969,2372,2234,2275,2598
1874,2083,1872,1875,1830,2097,2095,2094,1873,2181,1827,2096
1876,1830,1872,1874,1928,1820,2083,1873,1827,1875,2097,1870
1879,1958,1957,1992,2057,1982,2066,1939,2216,2228,1991,2058
1992,1939,1958,1982,1991,1957,2228,2057,1749,1981,1900,2066
1939,1879,1856,1992,1749,1878,1991,1958,1982,1651,1633,1634
1968,1969,1965,1967,2674,2081,2276,2274,2275,2366,2412,2372
1967,1968,1881,2366,1965,2081,1966,2365,1969,2796,2276,2556
1405,1902,1520,1328,1901,1518,1404,1732,1329,1903,2219,2073
1869,2186,1885,1886,1558,1868,2115,1557,1751,2032,1583,1742
1869,1751,1868,1558,2186,1594,1848,1583,1584,1557,1532,2115
2186,2032,2115,1557,1869,1937,1558,1577,1885,1533,1532,1868
2150,1885,1884,1869,1751,1742,2186,1868,1886,693,1558,1848
1889,2103,2104,1673,1813,1973,2153,2151,1675,2072,1862,2324
2103,1813,1973,2072,1862,2153,1823,1866,2209,1734,1824,2324
2099,2681,1918,1745,1838,1933,1917,1800,3092,2052,1656,2060
1349,1351,1481,1494,1295,1296,1350,1553,1478,1680,1495,1292
1821,1730,1822,1828,1820,1729,1954,1893,1829,1830,1952,1827
1952,1828,2222,1829,2310,2473,2223,2537,1820,2472,1871,1827
1896,1617,1783,1618,2169,2176,1342,1614,1615,1971,1343,2177
1894,1618,1617,1896,1614,1615,1783,1342,1524,2169,1199,2176
2176,1783,1617,1971,2177,1342,2231,1343,1614,3124,2501,1782
1979,1899,1980,2120,1983,1898,2136,2135,2119,2137,2182,1792
1899,1906,2119,2120,2488,2237,1979,1798,2182,1908,2183,2135
1979,2120,2119,2182,1980,1906,2135,2237,2183,2137,1798,2488
1804,1897,1907,1978,1899,1898,1979,1980,1761,1792,2120,1983
2219,2702,1903,1518,2026,1864,1998,1517,1715,2269,1620,2027
1520,1732,1901,1405,2219,1518,1903,2702,1864,1404,2026,1517
2702,1517,1715,1998,1620,2026,1542,1913,1716,2027,1922,1519
1960,631,1702,624,1703,1959,620,1647,1521,2061,1961,1955
2040,1904,1701,631,638,1702,1960,624,1646,1647,1703,1521
1798,2237,2119,1908,2602,1796,2120,2378,2183,2182,2121,1909
1804,1792,1898,1899,1763,2488,1906,1897,2119,1979,2120,1798
2602,2378,2121,2183,2236,1909,2377,1928,2095,2464,2238,1930
1930,1928,2121,1876,1877,2095,2083,2236,2378,1729,1874,1872
1849,1851,1857,1954,1850,1822,1780,1892,1893,1953,2226,1821
1611,1567,1513,1718,1857,1692,1910,1892,1512,1717,1849,1822
1853,1852,1923,1707,1946,1986,1833,1985,1696,2091,1834,2090
1924,1912,1922,1716,1923,1852,1853,2268,1986,1684,1985,1707
1805,1927,1775,2033,1776,1666,2034,2046,2693,2456,2098,1977
1916,1914,1809,1989,1805,1927,2034,2033,1806,1775,2079,1776
2034,2033,1914,1927,2098,2047,2079,2046,1805,1776,1775,2243
2052,1921,2054,1919,2101,2524,2100,2167,2597,2608,1920,2525
1917,2052,1933,3092,1921,2100,2054,2101,1744,1919,1934,2597
2525,2167,1921,2812,2524,2472,2536,2523,2054,2526,2052,2522
2525,2472,1919,2536,2812,2167,2473,1953,1921,2538,2523,2724
2054,2524,2167,2608,2101,2597,2525,2522,2526,2812,2523,2316
1924,2268,1986,1912,1923,2191,2090,1716,1985,1853,1852,2089
1985,1853,1946,2091,1833,2089,1707,1993,1834,2093,2160,2092
1923,1912,1986,1985,1853,2090,1852,1946,2191,2089,2091,1833
1962,1964,1963,2117,1996,1995,2185,1997,2080,2116,2003,2289
1994,2290,1962,2208,1925,2289,2185,1963,1860,2291,1964,2080
2033,1776,1775,2046,2098,1977,2456,2693,2047,2242,1975,2243
2083,1876,2095,1874,2094,2236,2096,1872,2097,2464,1875,2887
2084,1909,1930,2602,1877,1928,1729,2121,1876,1908,1730,2083
1876,1928,1877,2083,1872,1874,1830,2095,2094,2097,1875,2236
1932,2037,2287,1723,2038,2416,1815,2039,2140,1721,1956,2568
2039,2038,1815,1956,1878,2140,1814,2141,2416,1816,1957,1879
2100,2052,1934,2101,1917,2130,2131,2054,1921,2597,2316,2465
2130,2100,2465,2131,2313,2101,2052,2314,2490,2316,2321,2317
1938,1936,2030,1788,1948,1937,1790,1789,2032,1947,2294,1637
1788,1948,1789,1947,1790,1637,2279,1937,650,1636,1630,653
1790,1577,1788,1630,2115,1637,1576,1533,1557,1629,2186,1789
1937,1788,1790,1936,2032,1577,1789,1630,1637,1948,2115,1947
1992,1991,1749,1982,1958,1803,1981,1900,1634,1633,2228,1762
2008,2006,2007,2144,1867,2127,2143,1810,2145,1837,1771,2125
1942,2011,1867,1772,2015,2008,1940,1771,1810,1680,1710,1773
1772,1867,2011,1771,1710,1680,2008,1810,1681,1773,1940,1482
1747,1950,1746,1999,1627,2397,1951,2016,1748,1842,4396,1628
1945,1774,1712,1943,1949,1546,1719,1747,1975,1950,1951,1974
1943,1949,1950,1951,1747,1746,1974,2016,1999,2335,1976,2397
1993,2091,1834,2093,1926,1817,2208,1831,2092,1994,2290,1832
1789,650,653,655,1636,644,1637,637,1768,630,1629,1630
1947,2279,1789,1788,2383,653,650,655,1636,1637,662,1790
1951,1974,1950,1976,1943,2335,2016,2434,2318,1999,2068,1746
2016,1999,1746,2335,2071,1842,4396,2055,1627,1748,2068,2070
2335,1976,2016,1950,2068,2055,1999,2318,2071,1746,2319,2259
2310,1829,2223,1871,1990,2537,1827,3265,2365,1882,1870,2538
2473,2222,1893,2472,2537,2536,1952,2538,1828,2223,2525,3265
1893,1822,1953,1828,2222,1952,1821,2226,2473,2472,1829,1820
1895,1961,1522,1894,1618,2063,1617,1361,1896,1615,1614,2062
1957,2141,1878,2216,1958,2066,1879,2057,2323,2322,2217,1992
2066,2057,1958,2217,2058,2322,2228,1984,1992,1982,2218,2056
2057,1982,2228,2066,1984,1981,1991,2058,1978,2205,1900,2217
2062,2063,1961,1894,1955,2168,2169,2508,1896,1895,2170,2711
1703,1959,1961,620,1521,1955,2061,2062,2063,1894,1895,617
1894,2063,1895,1896,1617,1618,2169,2168,1783,2176,1614,1361
1963,2185,2080,1964,2003,1996,2527,2117,2338,2207,1997,2107
1996,2003,2080,1997,2004,2207,2107,2005,2338,1995,2014,2278
1997,1995,1996,1963,2278,2005,2003,2194,2012,2080,2004,2277
2276,2274,2081,2412,2341,2275,2340,2564,2339,2796,2413,2565
1881,2674,2181,1969,1965,2275,1968,2235,2372,2274,2276,1967
1968,2366,2081,2796,1965,2556,2564,2276,2412,1969,2696,2554
1965,2081,2276,2366,1969,2412,2796,2274,2564,2674,2556,2341
1965,2274,2275,2276,2339,2372,2340,2371,2081,2341,2412,2370
1972,1688,1728,1610,1609,2001,2087,1482,1596,1710,1595,2015
1782,1343,3124,2065,1970,1312,1972,1610,1313,2064,1688,2221
1688,1609,2001,1728,1315,1595,1596,1482,2087,1891,1170,1779
1862,1866,2209,1824,1823,2232,2227,1863,2233,1734,2073,1865
1976,2434,1951,2318,2335,2068,1950,2327,2016,2319,2055,1943
2241,1974,1774,1949,2434,2272,1976,1951,1945,2318,1950,2335
2335,2318,2068,2319,2055,2016,2259,1950,2331,2070,2071,2423
1774,1975,1944,1949,2242,2241,1974,1945,1951,2434,1671,1712
1983,1897,1980,2136,2205,1979,2326,1804,1899,2137,2120,2135
2120,2135,2182,2119,2137,2136,2238,2183,2239,2237,1906,2204
1979,2136,2137,2135,2120,2204,2182,2281,2239,2119,2350,2238
1900,1978,1897,1804,1984,1983,1980,1979,1899,1907,2205,2136
2228,1981,1978,1900,2057,1984,1897,1803,1983,1804,2058,2205
2136,2326,1980,2292,2204,2137,2350,1979,2135,2120,1899,2367
2205,1983,1978,2056,2326,2292,2136,1980,1897,2350,2265,2204
2091,2089,1946,1993,2092,2093,1833,1834,2159,2208,2188,1926
2090,1985,1923,2089,2160,2091,1946,1853,2189,2092,2159,2093
1935,2297,1936,1948,2031,1938,2294,1788,2296,1789,2279,2030
1989,1915,1916,2034,2077,1914,2079,2033,1809,1927,2047,2156
2079,2034,1916,2156,2047,2033,2155,2098,1914,2230,1927,2158
1967,1882,2365,2366,1968,2556,2081,2796,1881,2555,1965,2554
1900,1982,1981,1803,2228,1804,1897,1978,1762,1907,1984,2057
1982,1958,1991,2228,1981,1900,2057,1978,1803,1984,1897,1634
1926,2093,2208,2290,1994,1831,2289,1962,2188,2291,2185,1925
1925,1962,2290,1860,1963,1964,2185,2117,2289,2080,1996,2003
2278,2194,1997,2277,2494,2012,2572,1996,2005,2049,2362,2395
2005,2003,2004,2014,2107,2012,2278,2013,2086,2207,2085,2110
2278,2005,1996,2012,2277,2013,2004,2014,2395,2003,2049,2021
1913,1715,2027,1922,1924,1716,2268,1912,1542,2270,1986,1923
4396,1842,2071,1748,1847,1839,2055,2067,2070,1767,1841,1664
681,1826,1736,1760,1758,680,1737,1738,1539,1759,667,2020
1596,1482,1891,1351,1481,1349,1710,1779,1494,1170,1350,1296
2051,2044,2043,1756,1644,2074,2041,2299,1475,1757,1476,2124
2107,2004,2207,2110,2005,2085,2014,2086,3102,2108,2013,2206
2014,2086,2085,2013,2022,2110,2255,2108,2175,2109,2023,2021
2014,2013,2012,2004,2086,2395,2021,2022,2107,2023,2049,2085
2144,2143,2007,2145,2008,2280,2311,2127,2203,1810,2125,2252
2127,2145,2203,2125,1810,2280,1837,2252,2126,2138,1811,2202
1810,2007,2127,1837,1771,1773,2144,2125,1811,2145,2203,2126
2006,1940,2011,2007,2143,2165,2144,2008,1941,2311,2145,2127
2011,2009,1940,1941,2006,2008,1867,2142,2007,1942,2144,2143
1940,1867,2008,2007,1810,2006,1772,1771,2127,1773,2144,1837
2395,2049,2013,2021,2050,2014,2362,2023,2363,2004,2022,2048
2021,2023,2022,2086,2050,2129,2048,2128,2175,2255,2085,2394
2086,2013,2022,2255,2023,2085,2021,2175,2395,2128,2129,2109
1942,1772,1710,1680,1482,1867,1771,1481,2011,1553,1681,2001
1999,2071,2055,4396,2070,2067,1842,1847,2259,2069,1839,1748
1739,1741,1607,2045,2088,1740,1674,794,1589,796,800,798
1346,1322,2019,1260,1268,1348,1347,1282,1261,1262,1411,1269
1260,1322,1261,1282,1262,1269,1068,1348,1067,1411,1281,1263
1846,1551,1677,1514,1515,1550,1516,1678,1529,1690,1353,1480
2023,2050,2048,2129,2022,2394,2128,2148,2612,2171,2172,2175
2175,2023,2255,2128,2173,2129,2133,2048,2109,2147,2174,2446
2129,2128,2048,2148,2175,2147,2173,2394,2172,2149,2174,2171
2042,2002,2043,2041,2044,2124,2051,2299,2074,1756,2123,2139
2321,2465,2490,1934,1819,2118,2130,2313,2550,2491,1861,2131
2269,2027,1998,1922,2270,2268,1715,1913,2521,1517,1924,2337
1922,2268,2270,1913,1924,1986,2191,2337,2090,1912,1923,2336
1754,1663,2029,2088,814,816,810,812,820,818,808,806
2088,1739,2017,2045,800,804,796,794,802,798,806,808
1937,2032,1938,1886,1790,1577,2115,1788,1936,1630,2186,1884
2030,1935,1938,1937,1936,2032,1788,1790,1886,1948,1577,2297
1937,2115,1577,2186,1790,1557,1533,1630,1576,1788,1558,1869
2098,2046,1776,2047,2243,2242,1977,1975,2230,2456,2250,2241
2047,2033,2098,1927,2243,2230,2046,2155,2242,1776,2250,1775
2162,1941,2010,2011,1942,2967,1867,1940,2009,2015,2008,1772
1713,1657,1543,1705,1579,1695,1658,1541,1704,1697,1578,1714
2038,2416,2140,1932,2141,1956,2039,2487,2323,1815,2216,2663
1956,2141,2140,2039,1878,1957,2216,2323,1814,2066,2322,1958
1956,1878,1814,1957,1879,2141,1958,1880,2216,1992,2212,2066
631,1904,624,1960,1702,620,2061,1959,1703,617,1647,2062
2299,2123,2122,2074,2442,2312,2616,2368,2369,1756,2617,1757
2041,2124,2043,2139,2123,2442,2002,2299,2044,2074,2122,2443
2044,2041,2074,2299,1756,2312,2122,2123,1757,2475,1475,2369
1756,2074,2299,1757,2041,1475,2312,1476,2475,2122,1722,1625
792,790,788,2184,786,784,782,1740,780,777,775,773
1977,2242,1975,2243,2456,2241,1774,1974,2250,2272,1949,2434
2243,2098,2230,2250,2242,2046,2229,2251,2272,1776,2241,1975
2148,2129,2172,2171,2630,2149,2128,2147,2404,2405,2629,2199
2395,2050,2363,2021,2364,2394,2013,2612,2048,2584,2023,2630
2394,2048,2612,2023,2171,2630,2129,2584,2148,2172,3125,2022
2044,1644,1756,2043,2074,1475,1476,1757,2299,2041,1473,1382
2101,2054,2100,1921,2597,2131,2316,2524,2608,2130,2167,2314
627,1808,2082,622,1769,2192,1807,616,1785,1585,610,1806
2597,2608,2524,2522,2316,2596,2167,2605,2131,2526,2315,2625
2070,2071,2259,2069,2067,2215,4396,1847,2261,2260,2423,1752
2292,2205,2265,2326,2367,2350,1983,2624,2136,2349,2204,1978
2228,2058,1984,2205,2056,1978,1983,1981,2218,2292,2326,2265
2056,2205,2218,1984,2292,2265,1983,2326,2266,1978,2350,2367
2025,2465,1934,2130,2321,2490,2313,2100,1933,2131,2118,1819
1934,2059,1933,2130,2465,2025,2100,2131,2313,2321,1818,2052
617,2062,2508,1959,612,2168,2247,2063,605,2711,1703,2169
2168,2508,2063,2169,2711,2170,1961,2247,1896,1894,2246,2177
2169,1894,1896,2168,1895,2176,1617,2170,1783,2177,2711,1618
1970,2087,1728,1688,2967,1972,2015,1710,2001,1482,2162,1609
3124,2064,2161,2220,1970,2087,1782,2967,2210,1728,1972,2911
2217,2057,2058,2218,1984,2056,2267,2228,2205,1982,2265,2292
1847,2215,1752,1664,1662,2300,2260,1753,840,834,839,831
2259,2055,2070,2016,2423,2069,2261,2071,2067,2260,2431,1999
2260,2215,2067,2534,2409,2300,844,843,842,841,2535,1752
2069,2067,2215,2260,1847,1752,2261,2300,2409,2534,1753,840
2067,4396,2070,1847,1752,2215,1839,2069,1664,2260,1662,1600
1734,1823,1862,1727,1733,1973,1824,2073,1726,1866,1682,1732
1732,1865,1864,2219,1902,1863,1901,2113,2026,2249,2702,2269
2299,1757,2312,2475,2122,1475,1722,2369,2288,2211,1625,2123
1887,2076,700,2150,1884,696,2214,1885,1742,1869,1751,1886
2214,1884,1887,1886,2114,1885,2150,1869,2186,2032,696,2115
2156,1989,2079,2155,2158,2034,2283,2047,2230,2229,1916,2493
2077,1989,1988,2156,2154,2079,2034,2155,2158,1916,1915,2283
2047,2155,2034,2230,2158,2243,2098,2229,2033,2250,2251,2493
2003,2207,2338,2107,1996,3102,2004,2110,2420,2085,2206,2005
2412,2796,2276,2564,2565,2341,2413,2696,2752,2274,2754,2797
1808,1769,2192,1785,1807,622,1526,1586,1667,616,1806,1572
1874,2094,2097,2096,1875,2234,2235,2887,2181,2463,1873,2598
1930,1877,1729,1909,1876,1928,1830,1872,2121,2083,1874,1820
2086,2255,2108,2109,2022,2175,2133,2134,2132,2173,2128,2446
2255,2022,2175,2109,2108,2023,2133,2128,2173,2021,2129,2446
2015,1728,1710,1942,1482,1772,1688,2001,1680,1481,1941,1891
804,800,802,798,796,794,792,2045,790,788,786,784
2092,2091,2159,2093,2187,1946,2188,1993,2917,2208,2387,2385
2160,2089,1985,2189,2159,2092,2091,1923,2190,2187,1946,2093
2093,1993,2092,2208,2188,1834,1926,2187,2290,2291,2289,2386
2093,2187,2188,2387,2208,1993,2386,2385,2291,2289,2875,3103
2208,2188,2291,2289,2290,1926,2386,2387,2527,2185,1962,1994
2234,2887,2097,2235,2598,2886,2374,2583,2181,1875,2372,2798
2096,2094,2083,2464,2887,2463,2097,1874,2234,2452,2886,2235
2887,2463,2094,2886,2234,2798,2583,2097,2374,2235,2998,2598
2235,2181,2234,2598,2372,1966,2674,2887,2374,2373,2583,2275
2243,2046,2242,2250,1776,1977,1975,2241,2272,2251,2456,1774
1933,1838,1918,2052,1917,2060,2100,1934,3092,2101,2130,2059
2101,2131,2130,2316,2597,2314,2054,2313,2315,2317,2608,1921
2597,2316,2131,2054,2608,2314,2315,2596,2524,2313,2644,2522
1888,1673,761,759,758,1889,755,1642,754,2104,757,2103
2153,1973,1813,2324,2209,1862,1866,2227,2072,2706,1823,1824
2151,2103,2153,1889,2324,2325,1973,2706,2209,2227,1813,1862
2396,2035,2010,2009,2106,2011,2162,1941,1940,2164,1942,2142
2009,2142,2010,2006,2163,2165,1940,2143,2011,2225,2035,2144
2110,2004,2085,2086,2108,2014,2206,2255,2109,2022,2419,2013
2109,2134,2255,2132,2133,2244,2175,2766,2240,2022,2245,2173
2132,2133,2175,2240,2244,2446,2173,2245,2766,2128,2445,2701
2108,2206,2085,2109,2419,2134,2086,2255,2014,2132,3048,2133
2112,3165,2911,2105,561,2396,2035,2210,2166,2220,2010,2106
2396,2105,2166,2106,3165,2010,2009,2164,2035,2142,2210,2011
2269,2521,2026,2270,2503,2027,2337,2702,2520,2268,1998,1922
2030,1886,2032,2031,1937,1884,2115,2186,1938,1577,1935,1790
1557,1577,1533,1558,1532,1576,1790,1630,1497,1583,1534,1868
2193,2117,2407,1995,2194,2494,1964,2278,2551,1997,2572,2277
1995,1964,2193,1997,2278,2194,1996,1963,2494,2277,2572,2005
1861,2550,2408,2116,2491,1860,2407,2117,2313,2193,2317,1831
2237,2182,2183,1908,2135,2378,1798,2238,2377,2602,2121,2236
2182,2119,2135,2183,2237,2238,2137,2239,2378,1908,2377,1798
2236,1928,2095,2464,1930,2083,2096,2377,1876,2094,2463,2452
2369,2368,2312,2559,2288,2475,2619,2287,2620,2211,2568,1722
2122,2616,2368,2369,2312,2620,2639,2559,2619,2288,2475,2841
2442,2041,2123,2443,2299,2617,2616,2043,2122,2368,2604,2074
2126,2138,2202,2201,1836,2200,2139,2042,2513,1835,2253,2124
2201,1836,2138,2042,2139,1835,2200,2202,2124,2024,2041,2253
2125,1837,2203,2126,1811,2138,1836,1773,2202,2252,2201,1835
2173,2147,2174,2148,2446,2198,2149,2199,2445,2461,2172,2240
2148,2128,2147,2172,2149,2173,2174,2199,2171,2405,2198,2404
2131,2313,2314,2101,2490,2317,2316,2491,2315,2644,2597,2550
2314,2316,2313,2317,2315,2597,2644,2596,2491,2490,2608,2551
2244,2245,2240,2133,2446,2701,2447,2448,2767,2173,2445,2640
2446,2173,2240,2445,2174,2128,2245,2448,2244,2447,2461,2147
2244,2766,2132,2109,2767,2245,2701,2133,2897,2255,2240,2896
2182,2239,2238,2183,2281,2237,2376,2449,2377,2519,2378,2351
2137,2204,2350,2135,2281,2351,2239,2120,2349,2519,2182,2238
2135,2281,2239,2182,2351,2238,2519,2449,2349,2183,2376,2716
2200,2201,2139,2253,1836,2443,2042,2124,2442,2254,2511,2024
2124,2443,2442,2617,2041,2123,2604,2511,2616,2603,2639,2299
2141,2323,1956,2216,2322,2418,2417,2039,1957,2066,2217,1878
2216,2323,1957,2322,2066,2217,1878,2418,2057,1958,2267,2058
2165,2009,2006,2143,2225,2144,2311,1940,2007,2280,2303,2145
2144,2311,2280,2145,2007,2391,2252,2560,2127,2203,2008,2862
2145,2007,2280,2127,2203,2252,2391,2125,2560,2202,1837,1810
2203,2252,2127,2125,2202,2138,2560,1837,2513,2126,2512,2200
1434,1502,1572,1436,1378,1573,1435,1574,1667,1310,1379,1668
2199,2149,2174,2198,2675,2461,2405,2197,2445,2539,2404,3077
2172,2149,2147,2405,2199,2404,2197,2198,2174,2406,2675,2629
2199,2405,2197,2198,2406,2675,2489,2900,3077,2803,2631,2461
1742,1885,1751,1743,1848,1869,1884,1868,1594,1750,1558,2186
2324,2153,2103,2706,2227,2705,2209,1973,1889,2352,2233,2353
2258,754,755,2256,2104,2151,2325,2324,1888,2704,2103,2153
2209,1973,2227,2706,1866,2233,1862,2232,2352,2353,2301,1824
2156,2283,2158,2077,2155,2493,2361,2079,2229,2360,1989,2230
2230,2229,2047,2493,2251,2243,2492,2250,2098,2388,2329,2033
2155,2158,2079,2283,2229,2230,2493,2047,2034,2361,2243,2251
2078,2154,2077,2156,2284,1989,2158,2283,2079,2155,1988,2361
2155,2493,2229,2230,2492,2388,2251,2047,2567,2496,2243,2034
2187,2917,2092,2385,2387,2188,3108,2091,2093,3103,2386,2875
2159,2089,2190,2092,2187,2917,1985,2091,2385,2093,2188,2954
2967,2064,2210,2087,2162,2015,1942,1970,1728,2035,1710,1941
1941,1942,2015,2011,1867,1772,2087,2010,1710,1771,1940,2008
2165,2225,2142,2286,2311,2143,2303,2009,2006,2305,2304,2144
2106,2163,2142,2165,2396,2009,2224,2225,2006,2143,2010,2311
2143,2311,2303,2006,2144,2280,2391,2305,2007,2145,1940,2862
2106,2164,2396,2195,2142,2009,2105,2163,2010,2165,2006,3165
2812,2524,2523,2526,2522,2536,2724,2608,2723,2686,2625,2538
2170,2711,2169,2246,2177,2501,2500,2176,1896,2499,1894,2231
2170,1896,2176,2177,2231,2501,2246,1783,1971,1617,2065,2499
2246,2177,2501,2499,2176,2231,2221,2065,1896,2502,2504,1971
2172,2404,2629,2405,2148,2149,2631,2406,2803,3099,2147,2197
2405,2149,2404,2406,2147,2199,2197,2631,2803,2489,2198,2675
2446,2174,2445,2147,2240,2461,2198,2448,2148,2199,2149,2540
2198,2461,2445,2199,2448,2539,2675,2540,2149,2641,3093,2197
2173,2128,2133,2446,2174,2129,2147,2240,2445,2132,2148,2198
2231,2177,1971,1783,3124,1343,2065,2501,1782,1342,2221,1970
2231,2501,2065,2221,1971,3124,2499,1783,2064,2220,2161,1782
2296,2297,2294,1987,2307,2320,1948,2343,2383,2179,2279,1935
2031,1935,1987,2030,1938,1936,2297,2114,1937,1948,1788,2032
2298,2345,2179,1987,2178,1935,2297,2031,2358,2293,1936,2296
2674,2235,2372,2598,1969,2275,1881,2371,2373,2374,2274,2339
2183,2238,2237,2239,2378,2377,1908,2376,2236,2281,2449,2452
2378,2238,2377,2236,2376,2239,2464,2121,2452,2095,2463,2449
777,775,773,2483,770,768,2102,766,763,761,759,758
2080,1963,2338,2003,2207,2528,2107,1996,3102,2110,2420,1964
1557,1558,2115,1532,1868,1583,1533,1577,1497,1584,1498,1594
2387,2385,2188,2386,3103,2875,3108,2093,2291,2581,2208,3001
2386,2291,2387,2208,2289,2581,2875,2527,2290,3103,2528,2185
2160,2190,2159,2917,2089,2954,2187,2092,2385,2989,3108,1985
2917,2954,2159,3108,2385,2187,2993,3127,2089,3103,2092,2387
2090,2160,2189,1986,2089,2955,2159,2190,1985,1923,2092,2855
1667,1806,1572,1809,1526,1666,1805,1573,1668,1914,2146,1502
2194,2494,1995,2278,2572,2277,2574,1997,1964,2585,2573,2362
2278,2277,2572,2362,1997,2574,2012,2585,2049,2395,2364,2005
2163,2164,2264,2224,2106,2225,2142,2165,2975,2286,2396,2009
2195,2164,2166,2163,2106,2264,2112,2142,2396,2224,2165,2009
2489,2900,2675,3077,2901,3093,2902,3043,3234,2539,2903,3042
2461,2675,2539,3093,2197,2540,3077,2544,2661,2900,3234,2641
2198,2675,2197,3077,2539,2461,3093,2900,2489,2406,3234,2661
2253,2139,2443,2511,2442,2124,2617,2604,2042,2603,2790,2510
2042,2139,2124,2200,2041,2024,2442,2443,2123,2253,2043,2617
2513,2200,2138,2253,2254,2139,2443,2201,2511,2514,2510,2124
2125,2202,2138,2126,2513,1837,2200,2253,2201,2512,2139,1836
2351,2281,2137,2349,2519,2716,2429,2239,2135,2449,2739,2518
2292,2326,1983,2350,2136,2265,2367,2204,1980,2349,2137,1897
2108,2134,2109,3048,2085,2766,2132,2244,2255,2086,2133,3022
2107,2110,3102,2085,2004,2206,2108,2419,2086,2109,2014,2255
2289,2290,2291,2185,2527,1962,2386,1994,2581,2080,2338,1963
1866,2232,2233,2301,1863,2353,1824,2248,2357,2302,1865,2249
2162,2967,2035,1941,1942,2105,2015,2087,2010,2011,2064,1772
1931,1720,1723,2287,1932,2037,2559,1653,2416,2038,1815,1721
1880,1856,1814,1939,1879,1651,1749,1992,1878,1991,1633,1581
2214,2114,2076,2358,1886,2030,1884,2075,2032,2031,1887,2186
1886,2114,1884,2186,2032,1887,2030,1869,2115,1885,1557,1937
2300,1752,1753,840,839,834,838,2409,844,837,831,843
2322,2066,2217,1957,2267,2058,2057,2218,1958,2455,2056,2454
2218,2267,2058,2056,2057,2266,2454,2265,2205,1984,2292,2600
2056,2266,2265,2292,2205,2600,2624,2367,2623,1984,2326,2350
2702,2026,1903,1998,2269,2113,2027,1715,1517,2249,1922,1913
2911,2210,2161,3165,2967,2162,2035,2064,2087,2105,1942,3124
2220,2065,2161,2210,2911,2064,3124,2967,2087,3165,2162,1970
1952,2537,2473,2223,2310,2538,3265,2553,1829,2536,2365,1990
3265,2365,1990,2553,2366,2555,1967,2556,1882,2554,1870,2796
2286,2225,2163,2165,2303,2304,2305,2311,2142,2143,2864,2862
2165,2303,2311,2143,2305,2391,2862,2280,2006,2144,2856,2560
2472,1920,1953,2525,2473,2536,1919,2222,1893,2812,2538,2537
2233,2353,2209,2232,2357,2301,2421,2422,1866,2747,2355,2248
1984,1981,1978,1983,2205,2058,1897,1900,1980,2056,2326,2136
2251,2230,2492,2329,2250,2496,2243,2271,2402,2566,2330,2098
2243,2251,2250,2098,2242,2492,2329,2271,2272,2046,2241,2330
3124,1971,2065,1782,2064,2221,1970,1343,2161,1972,2220,1610
2301,1863,2248,2302,2357,2249,1865,2503,2682,2113,2354,2355
2301,2232,2357,2248,2302,2422,2355,1863,2682,2503,2249,2921
2598,2235,2374,2583,2372,2373,2181,2582,2998,2674,2371,3000
2598,2372,2674,2374,2373,2371,2275,2583,1969,2582,2375,3000
2464,2095,2096,2463,2452,2094,2887,2083,2798,2376,2886,2451
1908,2183,2378,2602,2121,2236,2377,2238,2464,1909,2095,2239
2376,2377,2378,2449,2452,2236,2450,2451,2464,2519,2121,2463
2238,2449,2376,2519,2450,2377,2518,2517,2716,2451,2452,2378
2448,2447,2445,2641,2174,2461,2549,2640,2540,2545,2198,2642
2434,1974,2272,1976,2318,2327,1949,1951,2271,2068,2335,2319
2241,2272,1975,2434,1974,2271,2327,1774,1949,1976,2318,1951
2250,2242,2272,2251,2241,2271,1975,2434,1977,2329,2327,2492
2701,2245,2767,2640,2240,2771,2896,2447,2448,3021,2446,2549
2701,2447,2240,2640,2448,2549,2641,2771,2445,2642,2741,2545
2499,2501,2177,2502,2221,2504,2220,2065,2231,2515,2176,2911
2711,2500,597,2246,2168,594,2683,2170,591,2502,2499,583
2249,2302,2503,2354,2113,2521,2682,2520,2355,2269,2356,1864
2113,2503,2521,2269,2520,2354,2270,2337,2026,2027,2682,2990
2272,2271,2242,2329,2241,2327,2434,2330,2328,1975,2318,1974
2329,2250,2271,2330,2402,2272,2242,2328,2327,2403,2401,2241
2513,2202,2203,2512,2254,2253,2138,2529,2125,2200,2514,2126
2511,2443,2139,2510,2790,2604,2603,2617,2442,2789,3587,2124
2253,2510,2511,3587,2790,2200,2789,517,2443,2603,519,515
2175,2133,2109,2173,2128,2446,2132,2023,2240,2174,2129,2445
2325,2704,2258,2705,2151,504,2706,2324,503,2104,2817,501
2152,2256,2258,2813,760,756,757,754,2325,755,758,2704
2151,2104,2325,2324,2153,2103,2706,2704,1888,2705,2227,1889
2069,2261,2070,2260,2431,2215,2071,2067,2534,2535,2409,854
2409,2534,2300,2215,843,842,844,841,837,836,838,835
2069,2534,2535,2260,854,852,2409,862,859,851,861,849
2264,2285,2195,2975,2224,2571,2196,2163,2708,2286,2164,2304
567,2334,565,2196,2195,2262,561,2264,2333,2166,2164,2163
2224,2975,2163,2286,2225,2164,2165,2304,2708,2142,2303,2305
2292,2367,2624,2623,2350,2430,2326,2689,2349,2740,2622,2739
2265,2623,2624,2056,2601,2689,2367,2622,2292,2430,2740,2713
2454,2218,2266,2600,2599,2265,2058,2056,2623,2601,2624,2057
1986,2191,2090,1924,2336,2160,1923,1985,2089,2189,1912,2990
2027,2270,2521,2268,1998,2337,1922,2191,2520,1913,2336,1924
2268,2337,2191,2336,1922,2990,1986,2090,2160,2189,1924,2955
2330,2328,2327,2403,2331,2434,2401,2424,2318,3314,2319,2680
2434,2327,2271,2318,1974,2328,1976,2331,2319,2330,2068,2424
1663,2028,1624,2029,2017,1754,1587,2088,1739,1588,814,810
2340,2339,2341,2412,2479,2389,2390,2370,2413,2462,2565,3044
2339,2371,2274,2370,2340,2390,2276,2375,2341,2400,2389,2479
2412,2341,2274,2413,2340,2565,2564,2479,2462,2339,2754,2389
2049,2362,2012,2395,2585,2363,2050,2364,2021,2005,2013,2587
2277,2012,2572,2049,2005,2395,2362,2013,2021,2585,2050,2014
1947,655,653,650,1789,644,1636,1788,1637,637,1768,1790
2145,2252,2560,2203,2512,2732,2513,2202,2127,2529,2125,2138
2519,2239,2449,2716,2518,2238,2429,2376,2517,2450,2857,2871
2157,2359,2154,2284,2283,2077,2360,2078,2156,2589,2158,2361
2158,2361,2493,2388,2229,2155,2567,2492,2079,2230,2496,2566
2283,2360,2361,2154,2158,2493,2685,2567,2156,2388,2077,2155
2975,2708,2264,2224,2304,2286,2864,2195,2709,2867,2163,2225
2305,2225,2303,2311,2862,2165,2856,2391,2143,2802,2142,2865
2416,2037,2568,2140,2487,2038,1932,2634,2663,2141,2323,1723
2287,2211,2559,1931,2037,2416,1720,2568,1932,2619,1723,2140
2527,2185,1962,2338,2080,2528,2581,1963,2207,2003,2420,3102
1962,2289,2185,1963,2291,2527,2080,1925,2338,2003,2207,1964
2527,2289,2581,2528,2185,2338,2875,2831,2080,2874,2420,1962
2350,2326,2367,2349,2204,2624,2136,2430,2351,2739,1980,2137
2178,2308,2296,2307,2343,2298,2297,2320,694,688,2294,698
2383,2279,1948,1947,662,655,653,1936,666,1789,650,2382
2178,2298,2293,2180,2297,2296,1987,2308,2307,2179,2294,2345
2294,2297,2320,2383,677,1948,2279,688,662,666,2382,655
2294,1948,1936,2279,2383,1935,2320,1947,1789,655,662,1788
2178,1987,2297,2179,2296,1935,1948,2294,1936,2031,2307,2320
2122,2312,2123,2369,2475,2368,1757,2288,2616,2559,1722,2211
840,839,838,844,837,834,843,831,842,828,841,1753
2302,2357,2248,2682,2503,2355,2354,2249,2356,2839,1865,2836
2682,2354,2503,2356,2249,2520,2839,2486,2521,2484,2485,2113
2311,2862,2391,2280,2143,2732,2802,2560,2144,2730,2863,2252
2305,2864,2286,2856,2303,2865,2862,2225,2802,2863,2866,2311
2303,2862,2856,2802,2391,2311,2863,2732,2866,2730,2773,2280
2309,2293,2295,2308,2178,2342,2296,2307,2298,2343,2180,698
688,2320,2296,677,2382,675,666,2294,2383,662,676,664
2343,2307,698,694,701,688,677,2296,2320,2178,2382,675
2308,2342,2293,2343,701,698,2307,694,2295,703,2178,2296
1871,1990,2223,1882,1870,2365,1967,3265,2537,2366,1968,1873
2391,2280,2144,2862,2560,2145,2732,2252,2007,2802,2203,2512
2475,2369,2288,2211,1722,2559,2368,2287,1931,1720,1625,2619
2317,2314,2491,2644,2550,2551,2316,2407,2315,2573,2597,2494
2317,2315,2644,2491,2551,2573,2596,2607,2407,2608,2643,2550
2644,2596,2607,2573,2606,2551,2643,2605,2645,2574,2626,2494
2315,2314,2596,2644,2608,2317,2607,2605,2573,2606,2522,2551
2644,2551,2407,2315,2573,2494,2607,2574,2193,2596,2643,2116
2319,2068,2331,2335,2259,2423,2055,2424,2016,2070,2261,2069
2068,2423,2259,2424,2261,2055,2431,2432,2069,2070,2016,862
2383,662,666,2294,2382,655,2279,675,664,1948,653,1947
2118,2490,1819,2550,1861,2313,2491,2408,2130,1832,2407,2116
2217,2267,2455,2066,2218,2454,2058,2266,2057,2599,2600,2056
2322,2418,2216,2267,2455,2217,2066,1957,2453,2454,2218,2058
2706,2227,2153,2352,2209,2353,2233,1973,2748,2747,1866,2232
2706,2324,2151,2705,2352,2227,2153,2748,2817,501,2103,2747
2136,2350,2204,1980,2137,2367,2349,2351,2281,1979,2135,2430
2331,2318,2328,2319,2424,1976,2068,2423,2403,3314,2259,2335
2403,2331,2424,3314,2680,2319,2423,2432,2318,2509,2532,2533
2330,2402,2271,2401,2403,2328,2272,2495,2327,2680,3314,2532
2403,2401,2328,2680,3314,2495,2327,2424,2532,2331,2509,2533
2424,2319,2423,3314,2432,2068,2259,2431,2509,2261,2579,862
2285,2571,2262,2708,2975,2264,2709,2224,2304,2867,2286,2864
2262,2332,2285,2334,2264,2570,2571,2975,567,2195,2224,2708
2195,2262,2196,2264,2164,2163,2224,2285,2332,2166,561,2975
2055,2068,2016,2071,2259,2070,2319,1999,2069,2067,4396,2423
2189,2955,2191,2160,2190,2090,2855,2159,1986,2089,2917,2954
2990,2336,2191,2955,2268,2742,2189,2090,2160,1986,2855,2190
2207,3102,2420,2110,2003,2107,2206,2419,2830,2108,2085,2004
2370,2340,2390,2389,2400,2375,3044,2341,2479,2399,2558,2728
2389,2479,2390,3044,2728,2462,2894,2413,2400,2636,2558,3063
2479,2413,2340,2462,2389,2565,2753,2894,2754,2728,2390,2892
701,2308,698,2343,694,688,2307,2293,676,677,675,2382
694,688,2307,677,675,2382,2320,676,2296,666,664,662
2342,2440,2309,703,701,2308,2306,705,698,2343,2293,694
2179,2358,2031,1935,1987,2298,2030,2114,2213,1938,1936,2297
2441,2469,2180,2379,2295,2345,2543,2298,2179,2306,2178,1987
2348,2393,574,2392,2333,2332,2570,3065,577,2262,3712,2571
2332,2392,2333,2570,2571,2262,2285,3712,2708,2709,2264,2975
2351,2429,2739,2716,2858,2519,2281,2738,2857,2518,2929,2898
2349,2204,2351,2430,2429,2739,2137,2281,2716,2519,2740,2858
2716,2519,2429,2281,2518,2857,2449,2239,2858,2871,2517,2929
2747,2353,2421,2227,2422,2769,2233,2921,2357,2768,2209,2355
2422,2233,2357,2421,2355,2921,2301,2836,2232,2682,2302,2768
2356,2486,2520,2484,2742,2990,2521,2485,2337,2854,2840,2955
2682,2836,2839,2356,2302,2838,2485,2920,2354,2484,2486,2837
2484,2486,2485,2840,2520,2854,2742,2837,2990,2992,3074,3142
2355,2682,2302,2836,2839,2248,2354,2356,2503,2838,2920,2485
2031,2114,2030,2179,1935,2214,1938,2032,1937,1886,1987,2076
2284,2589,2360,2283,2154,2361,2685,2157,603,596,2567,2158
2685,2361,2567,2283,596,590,2668,2388,2493,2684,2158,586
2567,2493,2388,2158,2668,2566,2492,2229,2496,2655,2155,2684
2049,2364,2363,2395,2050,2584,2612,2586,2394,2021,3125,2630
2612,2050,2394,2584,2630,3125,2048,2021,2171,2918,2629,2687
2584,2586,2363,2612,2918,2687,3125,2394,2050,2630,2395,3459
2366,2556,2555,2554,1967,2796,2699,2696,2081,2698,2697,1968
2796,2556,2081,2564,2554,2696,2412,1965,2276,2697,2565,2752
2350,2430,2349,2739,2740,2204,2429,2351,2738,2136,2858,2716
2369,2619,2559,2620,2951,2568,2288,2841,2634,2287,2707,2775
2559,2288,2287,2619,2211,2568,1931,2416,2620,2037,2951,2634
2400,2390,2399,2557,2340,2389,3044,2558,2398,2665,2635,2479
2370,2339,2375,2400,2390,2399,3000,2274,2340,2398,2557,2389
2371,2275,2373,2339,2370,2375,2274,3000,2582,2400,2390,2340
2375,3000,2371,2398,2370,2399,2673,2400,2275,2339,2557,2665
2582,2373,3000,2372,2904,2375,2371,2673,2398,2399,2370,2674
2399,2370,2400,2398,2557,2665,2390,2671,2558,2635,2664,3044
2450,2451,2452,2872,2798,2517,2464,3421,2463,2965,2518,2886
2452,2236,2464,2376,2463,2451,2096,2798,2095,2450,2886,2449
2236,2377,2121,2464,2095,2452,2096,1928,2463,2376,2094,2083
2441,2306,2295,2293,2309,2178,2180,2298,2469,2308,2296,2344
2344,2309,2306,2379,2342,2308,2440,2293,2295,701,703,2441
2379,2306,2380,2441,2309,2295,2437,2344,2346,2293,2308,2178
666,664,662,2383,655,649,647,2279,2436,653,651,643
662,2279,655,653,1947,650,1789,644,1636,1788,637,647
2282,2157,623,2359,2804,2154,2284,621,2078,2077,2589,2805
3103,2387,2875,2386,3001,3019,2188,2874,2581,3018,2291,3497
2581,2291,2875,2527,2874,2528,2289,2831,3001,2338,2420,3002
2386,2875,3103,2581,2291,3001,2874,3019,2527,2831,2208,2528
2496,2566,2492,2655,2229,2498,2402,2569,2329,2251,2652,2651
3044,2479,2728,2636,2894,2462,2558,3063,2727,2726,2557,2729
3044,2389,2558,2728,2479,2557,2636,2726,2635,2894,2637,3063
2560,2280,2732,2802,2252,2529,2730,2512,2145,2531,2513,2514
2570,3712,2571,2332,2818,2709,2944,2333,2285,2708,3303,2262
2392,3065,2348,2570,3712,2332,2818,574,2333,2571,2709,2944
2630,2171,2048,3125,2172,2629,2148,2404,2129,2405,2974,2149
2021,2050,2013,2363,2023,2048,2394,2612,2022,2129,2584,2171
2106,2010,2009,2142,2035,1940,2011,2006,1941,2163,2165,2162
1747,1627,1628,1603,1746,1841,1748,1686,1413,1842,1687,1950
2399,2665,2671,2557,2672,2400,2664,2930,2915,2635,2558,2814
2557,2400,2665,2635,2558,2664,2390,2672,2637,3044,2815,2915
2557,2390,2558,3044,2635,2665,2389,2637,2636,2726,2664,2728
2403,2680,2532,3314,2533,2328,2509,2679,2761,2424,2561,2895
2401,2330,2495,2403,2497,2532,2271,2680,2328,2679,3314,2653
3314,2680,2424,2509,2532,2331,2533,2432,2561,2563,2423,2761
2405,2406,2631,2803,2149,2489,2197,3098,2902,3097,2199,2900
2406,2197,2489,2199,2803,2631,2900,2902,2675,3077,2901,3098
2803,2489,2902,2197,3098,2900,2901,3049,2903,3077,2675,3114
2193,2494,2551,2194,1995,2117,2572,2574,2644,2573,2278,2277
2116,2117,1860,2407,2193,1995,2491,1964,1925,2194,2494,1994
841,842,843,836,844,835,837,833,832,838,2300,839
829,830,832,827,833,825,835,823,836,821,841,2411
821,819,823,817,815,813,811,2669,809,807,805,803
2565,2413,2341,2754,2752,2462,2753,2479,2340,2755,2797,2949
2462,2753,2754,2479,2892,2894,2949,2755,2893,2389,2728,2948
2076,2075,2213,704,2214,702,1887,1884,700,2114,1886,2358
2358,2213,2345,2114,2414,2179,2031,2214,2030,2076,2180,1886
2140,2487,2663,2038,2323,2141,2417,1956,2621,2216,2418,2322
2418,2453,2455,2323,2322,2615,2267,2505,2454,2599,2216,2141
2322,2455,2267,2453,2454,2216,2217,2599,2218,2505,2600,2266
2206,3048,2134,2108,3122,2766,3022,2109,2244,2085,2132,3121
3102,2419,2830,2206,2207,2110,3048,3122,3072,2108,2134,2107
2921,2422,2768,2836,2355,2920,2357,2919,2922,2233,2839,2838
2355,2921,2836,2357,2839,2682,2920,2301,2838,2302,2356,2922
2431,2432,2261,2259,862,2535,859,861,854,2579,860,852
2432,2423,2509,2431,2579,2563,862,861,860,859,854,858
2428,2381,2426,2380,2439,2467,2379,2306,2441,2437,2346,2309
2379,2381,2441,2346,2306,2295,2380,2469,2180,2309,2293,2298
2425,2426,2467,2381,2428,2346,2379,2468,2441,2306,2380,2469
2381,2380,2437,2426,2306,3343,2379,2344,2309,2438,2467,2441
2716,2858,2857,2519,2518,2929,2871,2898,2983,2928,3645,2449
2739,2349,2738,2429,2858,2844,2351,3229,2898,2716,2885,2857
862,854,859,2535,861,852,851,860,2261,849,858,848
2579,2431,862,861,2563,860,859,858,857,854,856,855
2257,2813,771,772,769,767,2256,764,508,2152,765,509
2318,1976,2327,2319,2068,1951,2331,2335,2328,2259,2055,2424
641,642,2474,634,636,643,628,2436,632,635,2444,2384
643,641,634,642,628,2474,636,623,625,621,2384,632
2344,2438,2380,2440,2309,2342,2552,703,2306,705,701,2308
2440,2552,2344,705,703,707,2342,2380,701,2309,712,698
2437,3343,2428,2380,2344,2438,2381,2440,2309,2695,2306,2552
703,705,2342,701,698,2309,2308,694,2343,2306,688,676
2295,2180,2298,2469,2306,2178,2293,2345,2179,1987,2297,2309
2617,2616,2123,2604,2639,2368,2122,2299,2620,2603,2795,2986
2604,2617,2442,2603,2790,2639,2616,2795,2123,2845,2789,2986
2384,2804,2282,2359,625,2805,2284,2157,2589,623,2154,2360
2448,2461,2540,2641,2447,2198,2539,2545,2544,2549,2675,2199
2445,2240,2174,2448,2461,2198,2447,2245,2147,2540,2641,2539
2448,2641,2549,2640,2642,2545,2540,2548,2741,2461,2719,2547
2641,2540,2461,2549,2545,2539,2544,2548,2546,2642,2198,2547
2450,2517,2518,2376,3421,2871,2451,2872,2869,2857,2452,2870
3421,2451,2872,2965,2870,2869,2798,2964,2463,2998,3004,3069
2798,2872,2965,3421,2463,2998,2964,2886,3004,2870,2887,2583
2451,2798,2463,2886,2096,2965,2450,2998,2887,2872,2583,2094
2455,2505,2599,2614,2454,2613,2267,2600,2322,2601,2715,2266
2600,2266,2601,2623,2218,2265,2613,2622,2713,2624,2056,2689
2454,2599,2267,2505,2600,2266,2217,2601,2614,2218,2613,2623
1711,1977,1944,1774,1671,1975,1945,1949,1712,1974,1546,1943
2459,2458,2425,2428,2427,2460,2477,2439,2381,2725,2426,2380
2428,2439,2425,2507,2380,2381,2437,3343,2427,2426,3342,2344
2427,2460,2425,2725,2458,2618,2426,2467,2428,2381,2439,3104
2725,2618,2427,2467,3104,2425,2757,2426,2468,2346,2541,2381
2539,2540,2675,2544,2641,3093,2661,2545,2546,3077,2591,2549
2753,2894,2892,2728,3063,2948,2893,2949,3044,2950,3064,2727
2886,2798,2887,2998,2583,2094,2234,2965,2374,2904,3004,2582
2463,2096,2452,2887,2798,2886,2094,2451,2083,2234,2583,2998
2130,2490,2313,2321,2131,2491,2118,2100,2317,2314,2550,1819
1632,1762,1761,1444,1803,3129,1907,1763,1793,1792,1725,1804
2426,2346,2468,2441,2379,2469,2381,2937,3432,2180,2295,2306
2937,2346,2469,2543,2441,2703,2426,2345,2180,2379,2415,3008
2345,2543,2180,2179,2415,2358,2298,2295,1987,2031,3008,1935
2414,2213,2415,706,2076,2214,2075,2543,704,2358,2114,702
710,2470,2414,706,3008,2213,704,2075,2076,2415,702,2214
2536,2473,2525,2538,2812,2222,2537,2724,2167,2523,2553,3265
2538,2537,2536,2553,2724,3265,2223,2812,1952,2698,2523,2555
636,634,628,632,2444,635,2384,625,2660,2804,623,2282
2211,1722,2288,1720,2369,1931,2287,2559,1660,1723,2037,1932
2477,2458,2457,3216,2507,2439,2428,3341,3343,2425,2459,3342
2507,2439,2458,3343,3342,2428,2437,3340,2438,2380,2425,2695
2476,2457,2458,2477,2459,2425,2428,2439,2507,3216,2427,2460
2462,2894,2728,3044,3063,2753,2892,2636,2948,2727,3064,2558
729,2756,2482,727,2757,725,2481,2658,2541,3104,2656,2542
2541,2542,721,3432,2516,3104,719,2703,715,2937,3008,2468
2757,2481,2541,725,3104,2542,3432,721,2618,2468,2516,2703
763,761,759,758,2102,1888,755,754,757,756,760,2104
2840,2854,2742,2992,2988,3074,2989,2855,2990,2955,2994,2993
2484,2837,2840,2486,3142,3074,2854,2992,2988,2742,3158,4383
2742,2484,2854,2990,2840,2855,2955,2337,2336,2989,2988,2992
2140,2323,2417,2418,2141,2322,2506,2038,2216,2455,2453,1956
1798,1796,1906,1795,2602,1908,1929,1797,2237,1909,2119,2121
2900,2902,2901,3077,2903,3043,3042,3049,3234,3051,3093,3050
2491,2550,2118,2313,2317,2407,2408,1861,2116,2314,2551,2193
2317,2407,2551,2644,2116,2494,2193,2573,2315,2574,2194,2117
2496,2329,2251,2402,2498,2330,2271,2250,2401,2495,2569,2403
2388,2229,2492,2496,2251,2566,2230,2329,2402,2655,2498,2047
2572,2194,2574,2585,2277,2278,2362,2643,2587,2049,2364,1997
2401,2532,2679,2801,2680,2761,2403,2533,2762,2760,554,3314
2498,2402,2329,2569,2495,2497,2251,2401,2330,2651,2653,2271
2801,2495,2679,2532,2762,554,2401,2761,2749,2760,2853,2680
2495,2497,2402,2401,2653,2801,2679,2532,2329,2330,557,2403
2504,2501,2221,2220,2911,2515,2065,2161,2210,3165,2231,2111
2683,2246,2502,2499,583,2170,2504,2501,578,2515,573,2221
2221,2065,2231,2220,2504,2161,3124,2064,1971,2911,2210,2515
2504,2515,2499,573,2911,570,2220,2111,2501,2221,566,3165
2354,2520,2521,2337,2486,2990,2356,2269,2270,2742,2336,2484
2911,2220,2221,2111,3165,2210,2161,566,2065,2105,563,2035
2599,2613,2715,2601,2454,2600,2713,2712,2714,2267,2851,2623
2453,2615,2417,2455,2505,2418,2614,2852,2599,2323,2454,2322
3343,3342,2439,2437,2438,2695,2428,3345,2344,2380,2552,2440
2168,2711,2247,2170,601,2246,2500,2169,597,2063,594,2501
2563,2561,2432,2579,855,2646,856,2895,860,857,2580,861
2790,2789,517,2511,515,2603,2845,512,2604,2443,2795,510
2790,2603,2443,2604,2789,2845,2795,2617,517,515,512,2442
2513,2514,2254,2202,2253,3586,2510,3587,2511,2200,2733,519
2254,2253,2200,2514,2511,2138,2510,2443,3587,2139,2790,3586
3587,2254,2510,519,2530,517,521,2253,2511,2789,2790,515
2504,2111,2911,566,563,3165,2220,2112,2105,2210,561,2221
2471,2470,3008,2703,714,710,2414,2415,706,2213,2937,2543
3421,2871,2450,2869,2872,2870,2983,3413,2451,3069,2964,2965
2871,2517,2869,2983,3421,2450,2929,3413,2870,2872,3645,3412
2716,2518,2449,2517,2857,2871,2450,2376,3421,2869,2983,2858
2990,2337,2486,2742,2336,2955,2270,2484,2854,2191,2855,2189
2337,2270,2520,2990,2027,2336,2268,2191,2486,2742,2955,1922
2625,2605,2686,2596,2782,2626,2606,2723,2783,2794,2315,2750
2526,2724,2723,2686,2522,2698,2625,2553,2782,2794,2800,2605
2522,2608,2526,2597,2523,2625,2605,2686,2596,2316,2723,2782
2812,2536,2167,2523,2724,2473,2538,2526,2524,2723,2553,2537
2522,2686,2625,2723,2782,2605,2794,2626,2698,2783,2800,2596
2528,2338,2185,2080,2420,2207,2831,3102,2003,2874,1963,2110
2420,2831,2338,3102,2830,2207,2419,2080,3002,2206,2110,3072
2512,2514,3586,2733,3587,2254,2513,527,524,2530,521,519
519,517,515,2510,2789,512,2790,2845,2511,510,2603,2985
2733,2529,3586,527,524,521,528,2514,2530,3587,519,2512
2533,2680,2761,2895,2509,2561,2760,3314,2936,2646,2563,2853
2561,2895,2509,2646,2563,2936,2580,2736,2432,2579,855,856
2410,2409,2590,835,841,832,836,833,842,829,830,843
2576,2534,2590,846,845,2410,2578,2260,2409,2562,829,832
2812,2538,2724,2523,2537,2553,2698,2723,3265,2526,2555,2223
3265,2553,2223,2365,2555,2724,2698,1990,2556,2699,2554,2366
2553,2537,2724,3265,2698,2523,2555,2223,2723,2365,2699,2800
2544,3093,2661,3077,2591,2546,3234,2662,2545,3157,2900,2593
2544,2545,2539,2546,2591,2547,2661,2548,2592,3093,2593,2650
3432,3104,2542,2703,2468,2937,2618,721,2516,2725,2467,3008
2516,3432,2703,3008,2937,715,2470,2471,2415,2543,2468,714
2415,2345,2358,2179,2180,2213,2031,2114,2030,1935,1987,2298
2546,2591,2661,2662,2593,2592,2547,3234,3157,2667,2650,2594
2547,2548,2546,2592,2647,2544,2650,2593,2719,2611,2591,2595
2592,2591,2593,2547,2650,2595,2661,2594,2662,2647,2611,2667
2650,2592,2647,2611,2595,2593,2648,2610,2591,2594,2649,2609
2647,2547,2719,2648,2650,2611,2592,2546,2690,2595,2649,2593
2642,2548,2545,2719,2547,2647,2540,2546,2722,2650,2592,2648
2407,2491,2116,2408,2193,2117,2317,2551,2494,1860,1995,2194
2494,2573,2574,2193,2572,2643,2607,2194,2585,2587,1995,2645
705,707,2440,703,712,2344,708,2342,701,698,711,2309
3265,2698,2555,2699,2365,2723,2554,2800,2556,2697,2700,2366
2697,2696,2796,2700,3014,2797,2564,2752,2799,2956,2081,3013
2554,2699,2556,2697,2366,2800,2696,2796,2700,3014,1967,2564
2554,2796,2696,2697,2699,2564,2081,2752,3014,2797,2700,2565
2635,2558,2664,2637,3044,2815,2726,2672,2636,2780,2814,2779
2726,2636,2635,2637,2728,2779,2729,2781,2664,2780,2815,2727
2287,2619,2568,2416,2634,2951,2037,1931,2487,2663,2140,2775
2512,2529,2252,2513,2514,2531,2254,2202,3586,2203,2733,2253
2646,2563,2580,855,2579,2736,856,853,857,2562,850,858
845,846,2577,2575,2576,2578,3195,2737,2861,2825,2590,2670
2579,855,856,857,853,860,858,861,850,2580,862,2562
2565,2752,2412,2754,2413,2797,2755,2341,2753,3014,2462,3013
2754,2413,2752,2753,2755,2462,2797,2949,2892,3020,2479,3013
2496,2569,2498,2651,2492,2402,2497,2653,2495,2654,560,2329
2668,2388,2655,2566,2652,2493,2496,580,2569,2651,2492,2498
2416,2634,2663,2487,2140,2037,2775,2621,2417,2323,2038,2632
2498,2497,2653,2654,2495,2801,557,2402,2679,554,2762,2401
2571,2332,2709,2708,2285,2944,2867,2262,2975,2946,2864,2945
2708,2285,2709,2867,2975,2864,2304,2264,2865,2945,2286,2946
2585,2277,2362,2049,2364,2587,2363,2012,2395,2586,2050,2584
2643,2574,2494,2645,2587,2585,2572,2606,2194,2751,2364,2362
2585,2643,2572,2587,2362,2364,2645,2277,2586,2049,2278,2688
2578,3195,2825,2670,2861,2638,2590,522,520,525,2822,518
2578,2590,2575,2534,2638,2410,2411,2670,827,825,829,3195
3195,2575,2861,2825,2578,525,2860,522,2576,2670,520,523
2638,2670,2411,2825,2822,2410,825,821,823,827,2669,819
860,861,858,857,856,862,855,859,853,850,854,851
2562,2577,855,853,2737,856,850,857,847,845,858,846
2528,2831,2874,2527,2420,2338,3002,2830,3003,3102,2185,3072
3000,2673,2373,2398,2375,2999,2671,2399,2371,2930,2665,2370
2374,2582,2904,2598,2373,3000,2673,3004,2999,2372,2398,2375
2612,2918,3125,2630,2394,2974,2629,2171,2973,2048,3099,2404
2362,2364,2587,2586,2363,2049,2584,2688,2612,2395,2050,2687
2687,2584,2918,3459,3125,2612,2363,2973,2947,2974,2630,3384
2586,2364,2688,2362,2687,2584,2918,2363,3459,2879,2612,2947
2818,3065,3026,3303,3712,2944,2392,2393,3178,3079,3025,2570
2360,2685,603,3140,596,2284,590,2361,2567,2283,2668,586
2410,2578,2411,2638,827,825,829,823,830,821,832,819
2593,2662,2667,2592,2594,3156,3157,2595,2650,2666,2970,3274
2650,2593,2595,2594,2611,2610,2609,2667,2666,2662,2835,2649
2594,2595,2667,2666,2609,3156,2970,2610,3157,2953,2835,3274
2666,2609,2970,2953,2610,2971,2884,2835,3274,3563,2972,2807
2594,2609,2610,2835,2666,2884,2667,2649,2953,2676,2807,2970
2605,2607,2606,2644,2626,2573,2625,2645,2643,2751,2782,2551
2608,2316,2596,2315,2605,2522,2314,2607,2644,2606,2625,2317
2374,2373,2372,2371,2582,3000,2674,2375,2275,2370,2339,2904
2454,2600,2601,2613,2713,2623,2266,2622,2712,2714,2743,2218
2601,2623,2266,2622,2713,2624,2689,2265,2743,2712,2821,2740
2713,2622,2623,2743,2712,2689,2744,2821,2624,2820,2740,3176
1909,2121,1928,2378,1930,2236,2084,2095,2183,1876,2083,2464
2604,2795,2845,2985,2617,2639,512,2986,2846,510,2841,2784
2617,2795,2639,2986,2845,2616,2846,2841,2985,2620,2784,512
2625,2626,2606,2782,2607,2751,2686,2750,2783,2645,2794,2879
2751,2626,2645,2750,2643,2879,2782,2688,2783,2587,2881,2574
2573,2643,2606,2645,2574,2751,2587,2626,2585,2688,2494,2750
2522,2605,2596,2625,2526,2315,2606,2626,2607,2686,2782,2523
2884,2835,2666,2953,2807,2971,2952,2676,2970,2972,2809,2791
2835,2676,2609,2884,2807,2677,2953,2791,2717,2666,2952,2809
2610,2649,2595,2835,2676,2609,2678,2593,2594,2677,2884,2807
2630,2394,3125,2171,2918,2629,2974,2048,2404,2172,2973,3099
2712,2713,2714,2601,2744,2600,2931,2622,2743,2932,3176,2623
2505,2715,2613,2714,2599,2712,2851,2601,2713,2932,2454,478
2614,2505,2453,2852,2715,2599,2455,2613,2850,2418,2454,2714
2639,2368,2620,2841,2122,2619,2986,2951,2369,2795,2559,2707
2639,2616,2795,2123,2986,2620,2841,2368,2846,2845,2784,2122
2725,3104,2467,2468,2427,3432,2346,2426,2937,2469,2425,2441
2951,2634,2568,2775,2707,2663,2287,2416,2621,2487,2632,2037
2841,2951,2619,2707,2775,2634,2784,2559,2568,2632,2785,2621
2506,2633,2417,2487,2615,3187,2453,2418,2455,2323,2810,2505
2743,2689,2821,2740,2820,2624,2819,2844,3176,2885,2430,2924
2689,2622,2624,2740,2743,2821,2430,2367,2844,2744,2820,2292
2689,2367,2430,2740,2739,2349,2821,2350,2738,2844,2429,2326
2782,2686,2626,2783,2794,2606,2750,2751,2958,2881,2800,2879
2750,2783,2751,2879,2881,2645,2794,2958,2880,2688,2947,2643
2476,3216,2477,3341,728,2507,2478,3340,2458,2439,3342,726
2476,2478,2627,2477,2458,2659,3218,2457,730,3216,2507,2439
2404,2631,3099,2803,3097,2172,2406,2405,3196,3098,3113,2902
2171,2629,2404,2172,2974,2631,3099,2405,2148,2406,2149,2803
2803,3097,3098,2406,2902,3113,2489,3114,3049,2197,2903,2901
2633,2811,2621,3187,2506,2810,2663,2824,2615,2417,2852,2453
3187,2506,2615,2810,2852,2453,2417,2614,2505,2833,2834,2455
2775,2663,2621,2487,2632,2416,2417,2633,2506,2140,2323,2811
2637,2815,2780,2726,2814,2779,2842,2636,2843,2781,2847,2729
2726,2727,2729,3063,2781,2637,3064,2779,2806,2910,2948,2848
2780,2726,2779,2815,2781,2842,2847,2848,2729,2843,2806,2876
2411,2822,2670,2669,821,819,813,817,823,815,811,809
2986,2841,2620,2846,2784,2707,2951,2368,2985,2987,2619,2785
2642,2549,2741,2641,2548,2719,2448,2770,2545,2772,2722,2647
2549,2545,2540,2548,2642,2546,2547,2544,2647,2539,2592,2719
2548,2719,2647,2722,2545,2547,2648,2690,2611,2721,2720,2650
2645,2587,2585,2751,2688,2572,2364,2586,2362,2687,2879,2584
2573,2551,2607,2643,2574,2494,2606,2645,2572,2587,2585,2605
2751,2587,2688,2879,2586,2750,2585,2687,2947,2364,3459,2881
2580,2736,2737,2577,2562,2859,2935,855,853,856,850,857
2648,2611,2650,2690,2649,2592,2610,2595,2678,2593,2691,2676
2649,2678,2611,2650,2610,2691,2677,2676,2692,2595,2592,2835
2610,2676,2677,2835,2717,2692,2807,2791,2609,2718,2884,2792
2611,2595,2610,2593,2594,2609,2649,2835,2676,2666,2667,2884
2654,2569,560,2653,557,2497,2498,2801,554,2749,2495,2762
2655,569,2651,560,2569,2654,2566,2653,557,2498,2497,2496
2801,2497,554,2762,2749,2679,2495,552,2853,2760,550,2532
2653,557,554,2801,2497,2749,2762,2498,552,2679,2853,2495
2566,2651,2569,569,2498,2496,2654,560,2653,2497,557,2402
2658,2460,2756,2459,2618,2725,2757,3104,2427,2482,2457,2467
2656,2459,2460,2457,2658,2427,2725,2478,2618,2425,2756,2458
2757,2618,2460,3104,2725,2482,2541,2467,2468,2427,2459,3432
2457,2478,2657,2459,2458,2460,2476,2425,2656,2427,2725,2428
2804,2805,626,2444,619,2589,2359,611,2384,2282,609,3140
2662,2591,3234,3157,3156,2593,2667,3171,3288,3043,2592,2594
3156,3157,2667,2593,3288,3274,2594,2970,3171,2666,2595,3287
2487,2621,2417,2506,2323,2140,2633,2418,2453,2455,2322,2615
2815,2635,2814,2637,2780,2843,2842,2916,2779,2726,2847,3030
2664,2557,2672,2635,2815,2814,2637,2558,2816,2780,2843,2726
2970,2971,2953,2884,3563,2972,3274,3947,2835,2952,2807,3286
2594,2970,2666,3274,2971,2609,3288,3563,2953,3287,3286,3947
2655,2652,580,2566,576,2388,2651,569,2569,2496,560,2493
809,807,805,803,801,2694,799,797,795,793,791,514
2822,516,518,514,520,2669,513,2694,813,811,821,819
2672,2915,2665,2664,2399,2816,2914,2814,2557,2635,2815,2400
2664,2814,2816,2815,2635,2916,2843,2981,2637,2842,2780,3030
2671,2398,2930,2915,2665,2399,2672,2979,2375,2914,2664,2557
2275,1969,2372,2371,2274,2339,1965,2373,2370,2276,2340,2375
3093,3077,2539,2900,3234,2661,2489,2544,3043,2540,2901,3157
2835,2717,2791,2807,2884,2809,2808,2718,2792,2952,2953,2826
2717,2676,2718,2791,2758,2792,2835,2826,2807,2849,2808,2809
2677,2649,2692,2759,2676,2717,2718,2610,2758,2835,2791,2786
2761,2762,2532,2760,2853,2533,2936,2895,2680,550,2997,548
2509,2533,3314,2561,2761,2424,2563,2432,2895,2646,2579,2331
2099,1838,1800,2060,1933,1918,1801,1934,2100,1745,2059,2052
2356,2839,2354,2485,2486,2503,2484,2838,2520,2837,2742,2840
2502,583,578,2499,2515,2504,573,2246,570,2911,2501,2220
580,2668,2652,576,2655,2567,569,2651,2566,560,2569,2654
590,2668,2567,2684,586,2361,580,2652,2655,2388,2283,576
2782,2794,2783,2800,2626,2958,2799,2750,2881,2699,2606,2700
3459,2918,2973,2584,3384,2974,3125,3202,2612,3196,3320,3385
2687,3459,2947,2586,2918,3384,2973,2880,3202,2364,2584,3125
2740,2821,2844,2430,2738,2819,2885,2367,2820,2739,3229,2349
2648,2678,2691,2649,2692,2611,2677,2759,2610,2650,2676,2787
2678,2759,2692,2677,2787,2758,2649,2786,2718,2717,3181,3031
2677,2758,2718,2717,2849,2786,3031,2826,2676,2792,2791,3523
1711,1670,2456,1671,1776,1944,1977,1547,1774,1546,1712,2046
513,2793,795,793,511,791,789,787,509,785,783,781
2552,2873,2438,707,712,705,2440,2938,2437,703,2344,708
2797,2752,2564,3014,2565,2755,3013,2754,2412,2956,3020,2413
3014,2700,2696,2797,2956,2799,3013,2752,2564,2755,2957,3278
2699,2800,2555,2554,2700,2794,2697,2686,2799,2556,3014,2782
2554,2697,2800,2700,3014,2799,2696,2794,2956,2797,2796,2957
2799,3014,2956,2957,2696,2797,3013,2958,3521,3278,3118,2752
2640,2771,2447,2741,2642,2549,2240,2933,2770,2448,2641,2772
2026,1998,1715,2027,1517,2269,1913,1922,1542,1716,1620,2268
3008,2415,2543,2470,2469,2471,2213,2345,2358,2414,2346,710
503,2705,2817,2325,501,2748,2706,2888,500,2352,2324,2151
2748,2706,2352,2747,2324,3228,2227,2888,2421,2353,2769,2153
2352,2227,2748,2353,2747,2233,2421,2209,3228,2422,2357,2769
2775,2632,2785,2634,2621,2811,2633,2823,2663,2568,3187,2506
2864,2304,2867,2975,2865,2286,2856,2305,2945,2224,2866,3085
2867,2946,2945,2708,2864,2865,3078,3085,3084,2304,2975,2866
1356,1415,1354,1443,1479,1357,1414,1685,1355,1430,1598,1441
2246,2170,2500,2501,2169,2499,2683,2177,2502,591,2221,2504
2744,2713,2931,3176,2743,3467,2820,2622,3036,2923,3035,2821
2743,2744,2622,2820,2623,3176,2931,2821,2689,2819,3467,2923
2712,2932,2931,2744,2713,3176,3035,3467,3036,472,2601,2743
2714,2851,2613,2712,2932,3175,2931,476,2713,2599,474,2744
2518,2857,2871,2858,2449,2517,2929,2983,2869,3645,2450,3421
2791,2792,2808,2826,2807,2809,2829,2849,2827,3523,2913,2884
2717,2826,2849,2792,3523,2791,2827,2883,2808,2829,2882,3032
2647,2690,2648,2721,2547,2611,2678,2649,2691,2650,2592,2788
2721,2788,2690,2691,2995,2719,2759,2787,2678,2648,2692,3060
2690,2691,2788,2678,2759,2648,2692,2787,2647,2649,2677,2758
2721,2690,2719,2720,2648,2691,2788,2647,2678,2548,2649,2759
2686,2698,2800,2794,2782,2625,2699,2799,2783,2700,2555,2958
2553,2698,2723,2526,2800,2686,2555,3265,2699,2794,2625,2554
2427,2467,2426,2468,3104,2425,2346,2441,2381,2379,3432,2469
2781,2779,2729,2780,2727,2806,2848,2847,2878,2910,2842,3064
2729,3064,2910,2806,2781,3090,3056,2779,2878,2848,2950,3094
3063,2894,2636,2727,3064,2948,2729,2726,2892,2910,3090,2781
2781,2806,2910,3064,2779,2848,2878,3056,3090,2909,2877,2847
2731,2531,2774,527,2529,2733,528,524,3586,2560,532,521
527,528,2531,2733,524,532,3586,521,2529,536,2530,519
2730,2529,2560,2531,2731,2512,3586,2733,2514,527,2252,2774
524,3586,521,2530,519,3587,2514,517,2510,2254,515,2789
2765,2746,2657,2659,2735,2656,2459,2478,2457,2745,2460,2628
2628,2478,2659,3217,2476,2457,2627,2458,2657,2459,2477,3218
2935,2859,2737,2580,2860,540,538,2577,530,2861,526,2562
2861,2577,2860,3195,525,522,526,523,2575,530,2825,520
3229,2858,2898,2941,2429,2929,2928,3027,2899,2857,2716,2940
2429,2858,2738,2716,2351,2898,2857,2929,3229,2519,2928,2518
2844,2430,2738,2739,3229,2885,2819,2858,2898,2349,2429,2941
2642,2772,2722,2719,2549,2720,2548,3119,2690,2721,2647,2648
2955,2854,2855,2336,2989,2190,2189,2988,2954,2191,2993,2992
2820,2821,2819,3176,2689,2924,2923,2885,2844,2740,2942,2624
3176,2743,2820,3467,2923,2622,2819,2821,2924,3037,3232,2689
2656,2756,2658,2480,2757,2657,731,2460,2482,729,2618,3104
2656,2745,2657,2765,2658,2460,2659,3191,2756,2459,2480,2735
2421,2769,2768,2353,2921,3047,2422,2919,2836,2920,2922,2355
2747,3228,2352,2421,2769,2908,2353,3047,2227,2768,2921,2422
552,2853,2762,550,548,2760,2679,2997,545,2761,2936,543
2879,2881,2880,2958,2947,2688,3118,3202,3459,3386,2957,2799
2750,2879,2688,2947,2881,2880,2587,3459,2687,2586,3202,2958
2797,2755,2754,2413,3013,3020,2753,2949,3277,2462,3169,2956
2892,2949,2893,2894,3091,2948,3020,2950,3169,3063,2728,3064
2753,2755,2949,2462,3020,2892,2893,3169,3091,2894,2479,3355
3020,2949,3277,3169,2753,3355,2893,3278,3091,2892,3454,2462
2757,2658,2482,2541,3104,727,2481,2618,2460,725,3432,2725
3104,2541,2618,2481,3432,2542,725,2468,2725,2467,2937,721
2849,3031,2718,2883,2826,3523,3032,3034,2717,2792,2882,3033
2786,2692,2758,3181,3031,2718,2849,2677,3034,3032,3605,2883
2997,2936,2761,548,3166,2895,543,545,542,2533,2736,2935
2895,2533,2936,2561,2646,2997,2736,3166,2509,548,2935,2580
2853,2760,550,548,2761,2997,2936,2532,545,2895,3166,543
2765,2735,2734,2968,2659,2628,2478,735,2657,2746,3217,2457
2832,2746,2734,2763,2765,2745,2657,3006,2656,2659,2735,3191
2735,2659,2478,2657,2628,2457,2459,2476,3217,2656,2458,2460
2767,2244,2897,2701,2896,3120,2132,3021,2245,2771,2933,2640
2701,2896,2771,3021,2245,2640,2933,2770,2741,2447,3235,2642
2921,2922,2920,2836,2422,3045,3227,2838,2966,2355,3193,2839
2768,2919,2421,2921,2922,2920,3045,2422,3046,2836,2353,3227
2772,3119,2741,2722,2720,2996,3059,2642,2721,2719,2690,2788
2770,2741,2640,2772,2642,2934,2722,3119,2549,2447,2719,2720
2722,2720,2721,2996,2719,2690,2642,2788,2691,2648,2548,2995
2774,2731,2730,3011,528,532,2531,527,2732,536,3012,2733
528,532,2731,527,536,524,2531,2733,537,521,3586,529
2632,2621,2663,2633,2811,2506,2417,2487,3187,2615,2416,2810
2778,2978,2763,2777,738,2765,2764,2734,2735,737,2968,735
2968,2735,2763,735,2765,3217,2628,2478,733,2659,2734,2476
2777,2763,737,2968,2735,2978,2765,735,2734,3217,2628,2659
2781,2848,2847,2842,2876,2806,2878,2877,2905,3029,2890,3056
2779,2842,2847,2848,2781,3029,2876,2905,2877,3030,2729,2806
2806,2848,2878,2847,2910,2876,2877,3056,2889,2909,2890,2905
2783,2626,2794,2750,2958,2881,2800,2751,2799,2879,2957,2880
2750,2881,2958,2879,2880,3118,2751,2799,2957,2947,3202,3386
2785,2987,2707,2984,2823,2632,2951,2775,2811,505,502,2824
2823,2632,2811,2775,2824,502,2633,2810,3187,499,2621,2634
3031,2758,3034,3032,3605,2849,2883,3183,3182,2718,3523,3033
2759,3181,2786,3247,2758,3034,3605,3031,2692,3032,2849,3182
2691,2787,2759,2690,3060,2692,2786,2678,3181,2758,2648,3247
515,512,2845,2603,510,2985,2795,2604,507,2846,2986,2987
2789,2603,2845,515,512,2604,2795,2985,510,2846,2617,2986
2808,2809,2792,2913,2829,2952,3404,2826,2827,2828,2912,2961
2808,2829,2827,3523,2828,2913,2809,3055,2912,2882,3404,3052
2433,781,509,778,508,2813,511,779,776,774,506,2257
2958,2783,2799,2957,2881,2700,2750,3118,2956,2697,2880,3521
2986,2846,2985,2639,2784,2841,2987,510,507,2984,2620,2707
2564,2696,2752,2565,2412,2697,2797,2276,3014,2754,2413,2755
2755,3013,3020,2754,2956,3277,3278,2949,3355,2413,3169,2753
2886,2965,2998,2583,2887,2872,3004,2904,2964,2374,2582,2234
2957,2958,2956,3118,3521,3014,2881,3278,3013,3567,2880,2797
2799,2794,2700,2697,2958,2554,2957,2956,3014,2783,2696,2881
2762,2679,2749,2853,2760,552,2761,550,2532,548,2936,2997
2730,2773,2732,2731,2531,3080,2774,2529,3011,2560,527,528
3098,2902,2489,3049,2901,3114,2903,2197,2900,3146,3050,3042
2805,2359,2589,619,2282,611,2284,2360,2685,603,609,3140
619,2589,611,2359,609,3140,603,2685,608,2360,596,618
2878,3056,2910,2848,2877,2889,2909,2876,3058,3094,2891,3096
2809,2791,2952,2808,3404,2913,2972,2792,3461,2829,2971,2961
2829,2913,3404,2912,2828,2961,2827,3055,3461,3242,2962,2959
2808,3404,2913,2829,3461,2961,3242,2912,2828,3462,3626,2963
3187,2833,2852,484,2850,2615,2614,481,2715,2506,478,2505
3187,2810,2824,2633,2834,2852,2615,2621,2833,489,2506,486
2523,2724,2538,2526,2723,2524,2553,2698,2686,2522,2537,2625
2256,506,2704,504,503,2325,2152,2258,2705,501,760,2817
2843,2815,2916,2842,3030,2780,2637,3029,3138,2847,2779,3520
2780,2842,2843,2779,2847,2916,3029,2726,3030,2781,2848,2876
2814,2916,2981,2664,2843,3138,2815,3030,3172,2842,3597,2635
2748,2705,2888,3228,2747,2352,2908,2706,494,2769,2421,3047
3303,2944,3712,3079,2946,3178,2709,2570,3078,2945,2571,3132
2924,2885,2942,2844,3023,3232,2899,3229,2939,3162,2941,2738
2819,2924,2923,2821,3232,2942,2885,3023,3162,2844,2740,2899
2819,2844,2885,2740,2924,3229,2942,2738,2430,2899,3023,2941
514,2669,516,2694,513,809,807,805,803,801,518,511
2824,499,2811,489,2810,2834,2632,486,3187,2633,2833,2775
2834,2810,489,486,2833,3187,484,2852,2633,481,2850,2615
520,2670,518,516,2822,2638,514,513,2411,2669,2694,813
3523,2792,2827,2882,2829,2808,2828,3055,3052,3254,3033,2913
3055,2828,2829,3052,2962,3016,3254,2912,2913,3053,3378,3017
3055,2962,2912,2959,3016,3017,3015,2961,2963,3053,3249,3133
2828,2913,2912,3055,2962,2961,2959,3404,2963,3052,3016,3015
3122,2419,3048,3071,3121,3022,2206,2766,2134,3123,2110,3248
2420,3002,2830,3072,2419,2338,3102,3122,3041,3048,3071,2206
3006,2746,2745,3191,2656,734,2734,2756,2657,732,2480,2658
2850,2852,481,478,2715,2851,2614,476,2615,2714,3175,474
2833,2810,484,481,2852,2850,3187,478,2715,2851,2615,476
2884,2807,2953,2791,2952,2809,2717,2972,2808,2971,3404,2792
2839,2920,2838,2682,2485,2356,2966,2837,2302,2484,2354,3142
3142,3074,2840,3158,4383,2992,2484,3141,2994,3380,2854,2988
2837,2485,2966,3142,2356,2484,2840,3158,3074,3453,4383,2992
2356,2485,2838,2484,2837,2354,2486,2840,2966,3142,2854,2503
2992,3074,2854,2988,2994,2989,4383,3141,2742,2991,2855,2993
2707,2784,2951,2785,2775,2987,2619,2632,2634,2984,2823,2811
2847,3029,2905,3030,2876,3520,2848,3339,2781,2890,2877,2906
2842,3030,3029,2780,3520,2847,3138,2905,3137,3339,2779,2876
2885,3229,2738,2941,2898,2899,2942,2739,2858,3027,2940,3023
2985,2795,510,2846,507,2986,2987,2639,2784,2984,505,2841
2987,2784,2841,2984,507,2785,505,2707,2823,502,2620,2632
2876,2905,2848,3029,2877,2890,3339,2878,2906,3520,2806,2891
2878,2876,2877,2889,3056,2890,2905,2891,3058,2909,2906,2907
3523,2826,2883,2882,3032,2827,2792,3033,3254,3183,3052,2829
2851,2715,478,476,2714,2614,3175,474,2932,2613,472,2505
3175,2932,2714,474,472,3035,2931,2712,469,3036,2613,3467
2614,2715,2850,2505,2851,481,2613,2714,478,2453,476,2599
550,548,2760,2997,545,2936,2761,543,3166,542,2895,540
2989,2855,2988,2992,2955,2993,2954,2994,2190,2991,2336,2189
2989,2190,2954,2993,2189,2988,2917,3127,3108,2159,2991,2160
2863,2802,2866,2862,2773,2303,3080,2730,2732,2391,3139,2731
2929,2871,2983,2518,3645,2517,2928,2869,3413,3412,3421,3236
2929,2898,2857,2928,3645,2983,3027,2941,2871,2518,3412,3236
2860,530,2737,526,523,2861,525,3195,2577,522,520,2825
526,523,525,2861,522,3195,520,2825,2575,518,2670,2578
525,3195,522,523,520,2825,518,2670,2578,516,2638,2822
2802,2391,2732,2730,2863,2560,2773,2280,2531,2529,2731,3080
2773,2802,3080,2730,3011,2774,2731,3189,2732,528,532,2531
2865,2856,2305,2866,3085,2286,2863,2862,2802,2303,3080,3139
2866,3085,2856,2863,3139,3420,3080,2305,2802,3239,2773,2862
2863,3080,3139,2773,2802,3189,3011,3239,3418,2774,3012,2730
2864,2865,2945,3085,2304,2856,2866,3084,3420,2305,2863,3139
1423,1687,1566,1280,1424,1616,1686,1386,1454,1563,1455,1285
3413,3069,2870,3414,2872,3412,3070,3429,3588,2964,3568,3448
3070,2964,3069,3429,3448,3430,3004,3219,3588,3414,3222,3447
2983,2869,3413,3421,3645,3412,3069,2870,2450,3414,2872,3568
2965,2964,2870,3004,3070,2998,3430,3069,2886,2904,3429,2999
712,707,2938,2552,708,705,2438,711,3273,2440,703,3148
3002,2831,3003,2528,3041,3072,2830,3040,2420,3071,3122,2338
2874,3001,2581,2831,3003,3002,2528,3018,2527,2420,3041,3040
2877,2890,2905,2878,2891,2906,2889,3339,2907,3056,3390,5450
2889,2891,2890,3390,2907,3057,3058,2906,2909,3237,3392,3095
2877,3056,2889,3058,2891,2909,2890,3057,3095,2905,3390,3096
2947,2880,2688,3202,3459,3384,3118,3386,2687,3385,2586,2973
3202,2947,3386,3118,3384,3385,3567,3459,3521,3369,3371,2687
2880,2879,3118,2947,3202,2957,3386,3567,3521,2688,3384,3385
3254,3052,2827,3378,3624,3055,3053,3016,3527,2828,2829,3482
3523,2882,3033,3254,2826,3624,2827,3483,3052,3378,2792,3055
2953,2807,2952,2972,2809,2971,2791,3461,3404,3947,2808,3462
2942,3229,2899,2941,2738,3023,2939,2898,2940,2943,3027,2858
2583,2998,2904,2374,2965,2234,2582,3004,2598,2373,2235,2673
2234,2886,2583,2374,2598,2998,2235,2582,2904,2373,2965,2372
3228,2908,2748,3047,2747,3067,2769,2352,3068,2919,491,2421
3058,2891,3057,3390,3095,3190,2907,3237,3096,3357,3411,3392
2891,2907,2906,3390,2889,5450,3338,3057,3392,3337,3237,3566
3390,3057,2907,3237,3058,3392,3338,5450,3357,3190,3095,3391
2893,2948,2950,3091,3063,3064,3090,3169,3088,2727,3210,3089
3091,2950,2948,3088,3170,3089,3090,3210,3064,3454,3336,3455
3063,2892,2948,3064,2727,2893,2950,2636,3090,2729,3091,2910
2646,2561,2736,2580,3166,2935,2563,2737,2859,2577,855,540
2933,2771,2770,2701,3235,2934,2741,2640,2772,3119,2245,3280
2896,2767,3021,2933,2771,3352,2701,2244,3235,2770,3431,3353
2928,2941,3027,2929,3645,2940,3236,3028,2857,2983,3412,2943
2941,2943,2940,2939,3027,3107,2898,3128,3028,2928,3105,3450
3077,2901,3043,3234,3042,3093,2903,3171,3167,3051,2661,3157
2903,3042,3043,3051,3167,3082,3050,3234,3171,3083,3146,3330
2903,2901,3049,2900,3042,3050,3146,3051,3043,3077,3111,3144
3051,3042,3050,3083,3082,3043,3111,3081,3167,3834,3110,3171
2582,2673,2999,3000,2930,3430,2398,2671,2373,2979,2375,2915
2890,3339,2906,2877,2907,3337,2891,5450,3470,3338,3390,2889
5450,2907,3337,3338,3566,2891,4094,3547,3390,3392,3481,3510
3338,3390,5450,3392,3481,4094,3237,3566,3057,3389,3393,3495
3067,3047,3228,2769,3068,2747,2919,3046,2768,3086,2421,3045
3096,3058,3095,3411,3211,2889,3190,3356,3057,3410,3409,2891
3056,2909,3094,2878,3210,3096,3058,2889,2848,3095,3211,3212
3165,2210,2105,2035,2162,2161,2112,2967,2396,2010,1941,1942
2959,2963,2962,3249,3015,2960,3017,3016,3244,3559,3149,3415
2961,2912,2828,3242,2963,2959,2960,2962,3055,3249,3626,3243
2816,2982,2981,2672,2916,3597,2814,3172,3220,3138,2664,2665
2672,2816,2914,2814,2664,2665,2981,2916,2982,2815,2843,2635
2843,3030,3138,2842,3137,3029,3520,3188,2780,3512,2847,3339
2385,3108,2187,3103,2387,3127,2092,3019,2875,2188,3001,2386
3125,2974,2973,2630,2629,3196,3384,3099,2394,3320,2171,2631
3045,2768,2922,3516,3227,2920,3193,2921,3087,2966,3515,2836
2838,2966,3227,2839,2837,2485,3142,3453,3158,3193,2682,3515
2836,2920,2355,2922,2838,2839,2357,2966,2682,3045,3227,2485
2920,3227,2966,3193,2838,2836,3453,3515,3158,3142,2837,3192
3232,2924,3162,3164,3023,2819,3289,3106,2942,3233,2821,2885
3232,3023,2942,3162,2885,3106,2939,2899,2844,3289,3229,2943
2926,3025,3024,3026,3179,3178,585,3304,3303,4093,2588,3315
3025,3026,3178,3024,2588,3303,3179,2818,3079,3065,3132,2944
2925,3024,3039,3025,2926,3304,4093,3179,592,3155,3026,3178
3645,3236,3028,3412,2983,3568,3284,3152,3413,3128,3414,2871
3645,2928,2983,3412,3027,3236,2871,3413,3568,3028,2869,3414
2915,2671,2914,2672,2816,2980,2665,2981,2664,2814,2982,2399
3467,3176,2744,3036,2923,3037,2820,2743,3163,467,2924,3164
2931,3035,3036,3467,469,2712,3176,467,2744,3037,3163,465
2770,2934,2771,3119,2772,2741,3280,3059,2720,2722,2640,2996
3119,2770,3059,2772,2996,3275,2720,2741,3061,2722,2995,2721
2859,540,538,530,2860,526,2737,523,2861,525,2577,3195
3166,2895,2736,2935,2646,542,543,540,2859,2561,538,545
2469,2543,2703,2345,2415,2346,3008,2180,2358,2179,2441,2470
708,712,711,707,709,713,2552,705,2440,703,2344,701
2943,3107,3105,3231,2940,3269,3128,3450,3270,2941,3268,3297
3028,3027,3128,3107,2928,3450,3236,3152,3153,3284,3645,3269
3027,2940,2928,2943,3028,3128,3236,2929,3645,3107,3152,3450
3023,2899,2939,2943,3229,3106,2941,2940,3107,3105,3231,2898
2940,3107,3128,3450,3028,3027,3269,3151,3153,3152,3270,2928
2946,3079,2709,2945,3078,2867,2571,3084,3132,2708,3130,2865
3084,3085,2865,3420,2864,2866,3131,3139,3239,2856,2304,2863
2945,3078,3084,2867,3085,3130,2865,3420,3131,2708,2864,3180
3459,3202,3384,2687,3386,3385,2973,3320,2918,3567,3371,3369
3064,2950,3090,2727,3210,2910,3091,3089,3094,2729,3088,3212
2893,3169,3091,2892,3355,3170,2950,3454,3088,2948,2894,3455
3089,3210,3088,3090,3170,3212,3335,3094,3336,2910,3408,3455
2775,2634,2707,2632,2568,2621,2663,2785,2633,2487,2811,2416
2972,2809,3461,3404,3462,2913,3947,3242,2808,3626,2961,3460
2971,2972,2952,3947,2807,3461,3563,3462,2809,3404,3460,2791
3108,3127,2917,2385,3126,3019,3497,3103,2159,2187,2387,3001
2855,2189,2190,2989,2160,2954,2159,2917,2090,2993,2988,3108
3521,3278,3013,3277,3118,3464,3567,3020,2755,3344,3355,3386
3521,3118,2956,3567,3278,3464,3386,2880,3013,3277,3202,3369
2957,2881,3118,2880,3521,2956,3567,3386,2879,3202,2947,3278
3249,3015,3559,3017,3149,3244,3415,3133,3558,3161,3160,3241
2963,3241,3244,3760,3249,3332,2959,3333,3415,3331,3334,3790
2963,2960,2912,2959,3243,3249,3244,3241,2962,3015,3760,3415
2959,3017,3015,3016,3133,3249,3149,2963,3559,3054,3053,3160
2959,3249,3244,3415,3015,3241,3559,3332,3334,3558,3149,3760
3430,3004,3070,3219,2999,3448,2904,3429,2979,3222,2930,2673
3004,2998,2964,2904,3430,2870,2999,2583,3070,2582,2673,3219
3158,3142,3453,2837,4383,3380,2485,3074,3250,2840,3382,2992
2162,2015,2087,1942,1941,1772,1710,1728,1867,2011,1680,1482
3217,2628,2735,733,2478,2627,2476,2765,3218,2659,730,2477
743,2776,2976,740,2978,2778,2977,2763,2764,738,2777,3840
2971,3563,3947,2953,3286,2972,3460,3287,2884,3462,3562,3311
3947,3563,2972,3462,3460,2952,3286,3461,3610,3562,3626,3770
3947,3462,3461,3460,3626,3404,3610,3242,2809,3770,3669,3562
2974,3196,3320,3125,3099,3385,3348,2629,3371,3113,3346,2630
3099,3196,2629,2631,3097,3113,3320,3348,2404,2171,2803,3098
2286,2224,2304,2305,2225,2864,2163,2303,2867,2856,2165,2862
2978,2776,2764,3840,2763,2778,2734,740,2832,2746,2765,2777
2976,3840,2764,2978,2832,3007,2776,2746,2734,742,2763,3006
2763,2764,2734,2765,2746,2777,2735,2659,2832,2657,2968,2656
2930,2914,2980,2915,2982,2671,2816,3221,2981,2672,3220,3597
2982,2914,3220,3597,2981,3318,2915,3172,3317,2816,3316,3419
2916,3138,3172,2814,3030,3188,2843,3317,3419,3137,3512,3520
3597,2981,3172,3317,2816,3138,3419,2916,3316,3188,3596,2814
3413,3645,3412,2869,3414,3568,3069,3236,3421,2870,3569,3588
502,2823,499,2785,2824,489,2811,2707,2834,2632,486,2810
2846,507,2987,2984,2986,505,2784,2841,502,2823,2785,2707
2846,2841,2784,2987,2707,2620,2785,2984,2951,507,2823,2775
2984,505,2823,2785,502,2707,499,2824,2811,2632,489,2775
2989,2994,2991,2993,3101,3126,2954,3198,3127,3100,2190,3497
2993,2954,2991,2190,3127,3126,3108,3101,2917,3497,3100,3019
2336,2742,2955,2189,2855,2191,2854,2190,2160,2989,2090,2159
3101,3126,2993,3100,3127,3488,3497,2954,3267,3602,3075,3019
2994,2988,3141,2991,3101,2989,3198,2993,3382,3709,2855,3100
3127,3126,2954,3497,3108,3100,3488,3019,2917,3075,2385,3103
3101,2991,3198,3709,3100,2993,3126,2989,3267,3266,3488,3127
3062,2787,3060,2788,3181,2759,3199,3247,2721,2786,2691,3605
2720,2788,2995,2721,2787,2722,2691,3062,3060,2759,2690,3181
543,3166,2936,542,545,540,2935,2736,538,2895,2859,2646
2904,3004,2583,2582,2999,2964,2374,2673,3430,3000,2598,2373
2930,2673,2979,2671,3219,2915,2914,3000,2398,2980,2672,3222
2398,2375,2673,2399,2671,2665,2400,2370,2557,2930,2672,2915
3003,3018,2874,3040,3002,3041,3354,2581,2831,3076,3072,3073
3072,3041,2830,3071,3122,2420,3121,3248,3073,2419,3048,3022
3040,3041,3002,3072,3071,3073,3076,2831,3248,2830,3279,3121
2999,2904,3430,2673,2979,3070,2582,2930,3219,3000,3448,2671
736,3006,734,2832,3191,732,2745,731,2480,2764,2756,2746
3191,734,2745,732,2480,2756,731,2746,2656,729,2658,2482
3005,2832,3006,736,739,734,2764,3191,2745,2746,732,2978
2470,2415,2213,2543,2414,2358,706,2076,2214,2114,2345,2075
3116,3186,2977,2976,2969,3840,3010,746,745,2764,2978,2776
3840,3007,742,2977,3005,2832,741,2764,3006,2976,736,739
2774,3012,532,536,528,537,2731,527,2730,529,3323,524
536,537,532,3323,529,2774,528,531,2731,533,527,3823
3277,3020,3278,2755,3355,3521,3344,3169,3464,2754,2949,3454
2797,3013,2956,2752,2755,3278,3277,2957,3020,3521,2754,2565
3149,3559,3133,3249,3161,3160,3558,3415,3135,3244,3226,3670
3017,3054,3133,3015,3136,3135,3149,2959,3134,3160,3559,3249
3133,3015,3054,3149,3135,3160,3559,3161,3249,3134,3159,3558
3040,3354,3003,3076,3041,3073,2874,3168,3002,3279,3071,3248
3018,3001,3103,3075,3354,3003,3040,2875,2874,3487,3076,3168
3355,3277,3169,2949,3454,3091,3344,3170,2893,3455,3476,2892
2896,2933,3235,3431,2771,2934,2770,3280,2701,3119,3570,2772
2897,3120,2766,3209,3021,2767,2896,3352,2134,2244,2933,2701
2939,3106,2899,3105,2943,3231,3107,3230,3229,2940,2941,3297
3304,3025,3179,3315,3178,3351,3177,3026,3300,3132,3713,3577
3178,3179,3303,3132,3079,3177,3304,3315,2818,2944,3130,3351
3303,2818,3025,3178,3079,2944,3065,3712,3179,3132,2946,2392
2928,3028,3236,3645,3128,3152,3284,3412,3568,2983,3107,3450
3128,3152,3236,3284,3153,3450,3568,3285,3535,3545,3412,3151
3520,2905,3339,2876,2906,3470,3137,2890,3337,2848,2877,3509
3520,3137,3029,3470,3339,3512,2905,3509,2847,3337,2906,3549
3032,2883,2849,3183,3523,3033,2718,2882,2826,3254,3483,3965
3183,2883,3033,3483,3965,2882,3523,3254,3624,3555,2826,3482
3254,3624,3483,2882,3378,3482,3527,3052,2827,3851,3053,3526
3032,3031,3183,3182,2883,3965,3033,2849,3483,3710,3523,3555
3036,467,465,3163,2931,3467,3037,463,3176,3164,461,2923
3467,3037,3163,465,3176,3164,463,2923,3162,3233,461,2744
3164,3162,2923,3233,3232,3289,461,459,2924,2820,3106,456
3299,2927,3039,3155,4093,3024,2925,3304,595,3154,3300,3025
4093,3304,3024,3300,2925,3351,3179,3315,3298,3025,2926,3349
3076,3073,3041,3279,3248,3071,3002,3264,3072,3698,3478,3612
3071,3073,3072,3248,3121,3264,3122,2830,3478,3208,3123,3022
3051,3082,3167,3083,3171,3330,3834,3313,3081,3744,3110,3157
3042,3171,3167,3157,3082,3051,3313,3288,3330,2662,3156,3083
2636,2728,2558,2726,2727,3063,2729,2894,2637,2635,2781,3064
3516,3193,2922,3227,3515,3192,2920,3453,2966,3668,3250,3206
3516,3087,3045,2919,3173,3193,3668,2922,3192,3194,3227,2768
2919,2769,3046,2768,3045,2922,3086,3516,2421,2921,3087,3193
2766,3022,2134,2897,2244,2767,3123,2108,3120,2132,2109,2896
3146,2903,3050,3051,3144,3111,2901,3042,3083,3081,3150,3082
3051,3111,3083,3081,3042,3082,3109,3150,3110,3834,3112,3213
3083,3082,3081,3834,3167,3110,3330,3744,3109,3112,3259,3171
3055,3053,3016,3378,2828,3017,2962,3054,3527,3136,3133,3015
3016,3054,3136,3017,3134,3133,3379,3135,3519,3015,3149,3518
3135,3133,3134,3160,3379,3149,3224,3015,3159,3518,3528,3161
3016,2962,3017,3053,2912,2959,3015,3378,3054,3133,3149,3136
2909,2889,3058,2877,3095,3096,3057,2891,3411,3190,3211,2890
3390,3237,3190,3357,3391,3392,3358,3393,3356,3493,3618,3338
3095,3057,3190,3411,3356,3357,3390,3237,3493,3358,3410,3391
2996,3061,2995,2720,2788,3439,2772,3062,2721,2787,3060,3276
3247,3181,2787,3605,2786,3246,3034,2759,3182,3031,2758,2691
3439,2995,3062,2996,3060,3200,3199,2787,2788,2720,3247,3181
3060,3199,3247,2787,3181,3245,3605,3246,2788,2786,3550,2759
3064,2727,2948,3090,2729,2910,2950,2893,2726,3210,2806,2781
3090,2910,2950,3210,3094,2806,3056,2909,2781,3089,2878,3096
2392,3712,2818,2570,2944,3303,2348,2709,2571,2332,2946,3079
3174,3086,3068,3305,3173,3204,3067,3046,3301,3194,3087,3207
3068,3047,3046,3086,2919,2769,3045,3174,3173,3516,3087,2747
3086,3046,3174,3047,3173,3305,3087,2919,3516,3204,3045,3194
3429,3588,3070,3448,3447,3569,2964,3456,3222,3219,3430,3319
3448,3429,3219,3430,3222,3447,3588,2979,2980,2999,3221,3319
3121,3248,3122,3208,3123,3478,3022,3209,3458,3048,3120,3263
3071,3122,3121,2830,3248,3022,3048,3123,3208,2419,3478,3120
3248,3264,3071,3478,3612,3208,3121,3072,3458,3479,3613,3123
2992,3141,2994,2988,3382,3198,3101,3709,2991,2854,3911,2989
3354,3018,3487,3168,3040,3076,3001,3003,3697,3534,3279,3073
3279,3073,3698,3264,3041,3612,3248,3478,3071,3511,3613,3479
3093,3234,3043,2901,2661,3171,3157,3042,3167,2544,2662,2903
3084,3130,3131,2945,3180,3420,3085,3368,3239,2867,3238,2865
2946,3078,3132,3130,2945,3084,2709,3367,3131,3180,2867,3420
3011,3189,2773,2774,3012,536,532,2731,2730,528,3324,537
3083,3109,3110,3112,3834,3082,3215,3214,3259,3258,3744,3468
3834,3330,3744,3110,3313,3259,3743,3754,3312,3112,3258,3599
3834,3082,3110,3112,3259,3744,3330,3258,3214,3754,3743,3599
3420,3085,3131,3239,3139,2865,3240,2866,3368,3238,3418,2864
3420,2866,3139,3239,3080,2863,3418,2856,3189,3240,3238,3011
3173,3046,3087,3204,3194,3516,3668,3045,3306,3207,2919,3193
3516,3668,3192,3193,3045,3206,3205,3515,3227,3251,2922,3328
3089,3336,3335,3210,3524,3212,3408,3600,3504,3094,3694,3409
3335,3212,3408,3094,3504,3211,3524,3409,3503,3096,2909,3600
3210,3094,2910,3089,3212,2909,3096,3088,3056,2806,3211,3335
3170,3088,2950,3089,3454,3336,3455,3210,3335,3090,3476,3600
1917,1921,1919,2052,1920,2054,2167,2525,2524,1933,2101,2812
2661,3234,2544,3157,2662,3043,2591,3171,3156,2546,2901,3288
3096,2909,3212,3211,3411,3056,3095,3409,3408,3058,3335,3410
3411,3190,3356,3410,3493,3057,3358,3357,3494,3409,3237,3492
3211,3411,3095,3058,3356,3410,3409,3190,3493,3477,3494,3057
3098,3114,2803,3049,3145,2902,3308,3146,2406,3144,2903,3143
3049,2902,3114,3146,2903,2489,3145,2901,3050,3144,3051,3111
3097,2631,3113,3098,2803,3348,2404,3114,3308,2406,3145,2902
3488,3126,3602,3497,3487,3697,3506,3075,3127,3406,3019,3354
3100,3126,3267,2993,3488,3602,3497,3127,3266,3406,3506,3075
2206,2110,2419,2108,2107,2830,2085,2134,3048,2109,2004,3122
3001,2875,2874,3018,2386,3003,2581,3075,3002,3040,2831,2291
3432,2468,2467,2937,2542,2346,2703,2469,2427,2426,2543,2441
3270,3107,3269,3268,3322,2943,3450,3295,3296,3151,3835,447
3231,3230,3105,2939,3297,3268,454,3107,3270,452,2943,2899
3450,3269,3128,3151,3270,3322,3153,3835,3028,3451,3152,3295
2385,3103,3019,3001,3497,2387,2875,3018,3075,2386,2874,3003
3112,3215,3110,3214,3290,3083,3443,3486,3258,3468,3834,3444
3259,3258,3214,3744,3599,3754,3330,3469,3468,3743,3598,3637
3150,3081,3109,3213,3083,3282,3112,3051,3110,3215,3290,3082
3214,3110,3258,3468,3259,3469,3486,3599,3443,3744,3667,3598
3097,3308,3145,3114,3307,3098,3260,3143,3144,3146,3049,2803
3146,3049,3144,3143,3111,3050,2902,3261,2903,3150,3051,3262
3186,745,3010,744,3009,3840,2977,742,3007,3116,2976,3005
2969,2976,2977,3186,2776,743,2978,3840,2764,740,3010,2778
3388,3116,747,3009,746,2969,2976,748,743,3186,2977,2776
3567,3386,3521,3202,3464,3369,3385,2947,3278,3384,3463,3371
2720,2772,2996,3059,2722,2721,2788,2995,3061,2690,2691,2719
3021,2897,3352,2896,3235,3353,2933,3431,2767,2771,2934,3480
3123,3208,3022,3120,3209,3048,2897,3458,3263,3352,2766,3021
3048,3022,3121,3123,2766,3120,2897,3208,2134,2206,3209,2767
3120,3209,3022,3352,2897,3263,3021,3353,2766,2896,3431,3235
1970,2064,1782,1972,1688,2161,1728,1610,2087,1312,1609,2001
2630,2974,2629,2171,3099,2404,3196,2631,2172,2048,3097,2803
3497,3488,3127,3075,3019,3602,3487,3108,3354,3018,3697,3103
3497,3108,3019,3075,3488,3103,2385,3018,3001,3354,3487,2387
3450,3153,3152,3151,3269,3236,3285,3284,3451,3835,3449,3535
1444,1725,1665,1793,1632,1691,1799,1429,1763,1612,1761,1762
3180,3131,3368,3084,3395,3238,3615,3420,3239,3257,2945,3240
3368,3420,3239,3238,3240,3257,3085,3418,3139,3255,3611,3424
3130,3367,3078,3180,3713,2946,3131,3084,3368,3615,3395,2945
3149,3160,3135,3161,3559,3159,3226,3134,3224,3558,3670,3223
3518,3135,3224,3528,3517,3159,3542,3160,3540,3541,3225,3149
3160,3224,3159,3528,3226,3225,3161,3518,3223,3541,3540,3670
3379,3519,3134,3054,3518,3517,3620,3135,3528,3017,3627,3133
3512,3520,3509,3470,3549,3514,3339,3510,3548,3337,3585,3547
3030,3137,3188,3512,3520,3509,3514,3470,3029,3513,3549,2842
3189,3080,3418,3011,3012,2863,3324,3611,2773,536,537,2774
603,596,2685,590,586,2684,2360,580,2668,2567,576,2652
2994,3709,3198,3101,3911,2991,3266,3267,2988,3100,3381,3406
4383,3074,3380,2840,3141,2992,3382,2994,2484,3252,3911,2988
3261,3144,3262,3150,3282,3146,3111,3595,3283,3213,3109,3290
3146,3261,3150,3111,3282,3050,3262,3109,3213,3081,2903,3283
3143,3114,3144,3261,3146,3262,3049,3150,3111,3309,3282,3050
3111,3050,3150,2903,3261,3081,3051,3109,3083,3213,3282,3042
3273,2938,711,3148,708,712,709,2873,713,716,707,2695
713,3273,709,711,2938,708,712,707,2552,705,2438,2440
3161,3160,3559,3558,3226,3135,3670,3159,3415,3417,3223,3724
3213,3282,3109,3081,3290,3215,3283,3112,3443,3083,3110,3444
3835,3451,3153,3465,3449,3711,3285,3900,3152,3899,3867,3787
3284,3285,3153,3535,3545,3568,3536,3449,3537,3544,3451,3569
3285,3451,3449,3537,3535,3536,3465,3900,3787,3545,3899,3659
3298,3155,593,3718,3300,4093,588,3350,3039,579,3304,3351
4093,3298,3300,3039,3304,3718,3350,3351,588,3024,3349,579
3288,2667,3274,2970,3287,2666,2594,3313,3563,3286,2971,3311
3156,3171,3288,2667,3274,3313,3167,3287,2970,2594,2666,3330
3142,3380,4383,3382,3074,3252,3141,3911,2992,2840,3253,3709
3225,3226,3223,3541,3856,3724,3670,3608,3916,3864,3540,3704
3159,3161,3226,3223,3224,3670,3558,3225,3724,3417,3916,3528
3558,3226,3670,3724,3417,3159,3223,3717,3916,3225,3830,3416
3232,3289,3106,3023,3230,459,456,3231,2942,454,2939,3297
463,3164,3037,461,3233,459,3162,3289,456,2923,3232,3230
3233,3162,3289,459,456,3232,3230,3106,454,2924,3023,3231
2105,2035,2210,2162,2010,2396,1941,2967,2011,2161,1942,2009
2935,542,540,2736,538,2859,530,2646,2860,2737,526,2580
3082,3330,3313,3834,3288,3744,3083,3312,3743,3287,3156,3259
3698,3076,3279,3612,3073,3040,3511,3264,3633,3613,3632,3041
3170,3091,3454,2893,3455,3088,3336,3476,2950,3600,3089,3441
3455,3088,3336,3476,3600,3335,3089,3524,3694,3210,3601,3440
3167,3288,3313,3156,3330,3287,3082,3274,3312,2667,3743,3834
3419,3188,3138,3513,2916,3512,3596,3137,3514,3030,3657,3671
3087,3194,3668,3516,3306,3205,3192,3206,3193,3045,3203,3294
3086,3204,3173,3194,3207,3087,3306,3046,3668,3302,3205,3516
472,2932,3035,469,3036,2714,467,2931,3467,465,2712,3163
2923,2820,3037,2924,3232,2819,3162,3164,2821,3163,3023,2942
3713,3367,3132,3130,3615,3180,3394,3395,3079,3078,3423,3368
3303,3079,3132,3177,2944,3078,3130,2946,3367,3315,3712,3713
3177,3315,3178,3132,3713,3367,3079,3577,3303,3130,3615,3180
3368,3395,3131,3238,3257,3240,3422,3084,3424,3239,3420,3255
3605,2786,3034,3031,3182,3246,3032,2758,3183,3965,2883,2849
3965,3183,3710,3032,3483,3555,4902,3850,3033,3031,2883,3624
3965,3483,3033,2883,3555,3624,3482,3254,2882,3851,3850,3523
3387,3305,3301,3452,3582,3174,3066,3204,488,3207,3302,487
3305,3184,3066,3174,3301,3387,3204,3086,3068,3207,3173,3452
3010,2977,3840,744,2976,3007,2764,742,2832,2969,2978,3005
2615,2852,2506,2614,2833,2505,2453,2850,2715,484,2417,481
3512,3514,3513,3137,3549,3657,3509,3030,3585,3671,3520,3548
3012,3011,3324,536,537,532,3323,2774,2773,529,3575,528
3357,3356,3358,3493,3237,3391,3618,3494,3498,3397,3393,4051
2480,2756,2745,731,729,2482,2757,2658,2656,727,725,2541
3515,3206,3251,3250,3453,3328,3253,3578,3380,3158,3326,2966
3515,3227,3192,3453,3250,3206,2966,3251,3158,3380,3253,3142
3306,3668,3205,3087,3203,3206,3294,3192,3328,3516,3293,3291
2825,522,525,520,2670,523,2578,518,516,2638,2822,514
3348,3099,3113,3097,3308,3346,3307,2631,3145,3114,3098,3260
3115,745,3010,744,3186,742,3009,3007,3840,2977,741,3005
3101,3100,3267,2991,3266,3602,3126,3406,3488,2993,3506,3497
3247,3060,3246,3605,3181,3550,3832,2787,3182,3034,3833,2786
3425,3199,3245,3062,3060,3247,3489,3550,3246,2995,3605,3181
626,2660,2805,629,619,2804,611,2589,609,2444,3140,2359
3386,3384,3385,3567,3320,3371,3369,2973,3346,3464,3196,3347
3293,3291,3328,3329,3206,3326,3327,3738,3251,3578,3325,3192
3207,3194,3306,3173,3294,3668,3205,3087,3203,3525,3206,3046
3203,3206,3328,3291,3293,3192,3251,3326,3578,3329,3327,3193
3251,3328,3578,3515,3250,3326,3291,3253,3362,3501,3453,3327
3306,3294,3194,3525,3203,3205,3293,3173,3292,3668,3638,3291
3209,3123,3458,3263,3120,3353,3457,3352,3022,3480,3431,3021
3352,3353,3120,3431,3021,3480,3235,2897,3570,2896,3936,2933
3089,3094,3212,3335,3211,3408,3096,2909,3409,3411,3504,3056
3409,3411,3410,3095,3356,3477,3503,3058,3494,3492,3190,3560
3408,3211,3409,3096,3503,3504,3411,3410,2909,3477,3505,3095
3109,3290,3215,3443,3112,3444,3081,3486,3214,3442,3468,3110
3468,3258,3469,3667,3538,3259,3599,3598,3636,3539,3666,3814
3443,3486,3214,3112,3468,3538,3539,3258,3469,3110,3667,3574
2507,3340,2477,3342,3343,3345,2439,2695,2438,2458,2437,723
2628,2627,3218,2476,730,2478,2477,3216,3341,728,2458,2659
730,2627,728,3341,3216,726,3340,2477,2476,2507,3342,723
3222,2979,2980,3221,3447,2914,2930,3319,2982,3220,2915,3318
3597,3317,2982,3316,3172,3419,3596,2981,3757,3513,3188,3138
3220,3318,2980,3597,2982,3316,3317,3446,2914,3172,3757,2981
3221,2980,3319,3220,2979,3318,3445,2982,2914,3597,3316,3317
3916,3856,3724,3864,3608,3830,3865,3860,3896,3704,3778,3714
3159,3225,3541,3540,3223,3608,3226,3542,3704,3856,3609,3702
3223,3608,3541,3856,3704,3916,3860,3864,3724,3778,3609,3865
3223,3670,3724,3916,3225,3717,3856,3830,3864,3608,3714,3896
3515,3453,2966,3158,3192,3250,3380,3142,2838,2837,4383,3251
2747,2769,3047,3067,2421,2352,2919,2768,2921,3046,3068,2353
2941,2898,2899,3027,2940,2858,2928,2943,2929,3028,2939,3645
3297,454,3231,452,3268,447,3105,3270,3296,445,2939,3295
3297,3268,3105,3270,452,447,3296,3269,3295,3107,445,3322
3023,3106,2942,3289,2939,3230,3231,3105,2885,2899,456,3297
459,3289,456,3162,3230,454,3106,3232,3297,452,3231,3023
3157,3043,3171,2662,3288,3156,3167,2591,3042,3313,2667,3274
2934,2933,3280,2770,3119,3059,3275,2771,3281,2772,2996,2720
3284,3568,3412,3152,3545,3535,3414,3569,3413,3285,3544,3153
3391,3357,3393,3389,3397,3358,3618,3481,3398,3396,4051,3493
3240,3257,3255,3239,3611,3256,3418,3575,3324,3435,3434,3139
3240,3418,3139,3611,3189,3324,3255,3080,3012,3575,3011,537
3611,3418,3255,3324,3139,3575,3189,3256,3323,3435,3012,537
3760,3332,3244,3333,3790,3334,3403,3415,3249,3779,3401,3402
2961,2960,3243,2963,3241,3669,3760,2912,3244,3331,2959,3249
3760,3241,2960,3331,3790,3333,3244,3332,3779,2963,3769,3402
3332,3415,3334,3333,3559,3558,3417,3403,3416,3790,3161,3149
3550,3199,3246,3832,3247,3833,3551,3605,3060,4902,3182,3710
3832,3605,3182,3710,3833,4902,3034,3965,3183,3850,3990,3555
3605,3181,3246,3182,3034,2786,3832,3710,3183,3965,3031,3032
3478,3208,3121,3458,3123,3263,3209,3479,3122,3022,3457,3120
3559,3415,3244,3558,3149,3161,3334,3417,3332,3133,3670,3160
3253,3380,3252,3158,3578,3383,3501,3382,4383,3911,3142,3362
3578,3250,3253,3326,3501,3362,3252,3383,3380,3361,3472,3327
3383,3911,3382,3381,3501,3405,3709,3266,3502,3141,3407,3472
3501,3383,3252,3362,3502,3472,3381,3405,3911,3382,3361,4383
3624,3378,3052,3527,3053,3482,3055,3016,3136,3526,3054,2828
3611,3575,3435,3823,3433,3418,3324,3323,533,544,534,541
3433,3255,3435,544,541,3823,3575,3611,539,534,535,533
3256,3255,3240,3434,3433,3611,3435,544,3239,3575,3418,546
3599,3469,3598,3468,3754,3667,3637,3636,3634,3538,3743,3635
3599,3258,3754,3743,3637,3598,3469,3359,3650,3634,3312,3468
3143,3309,3145,3262,3261,3144,3595,3400,3114,3282,3150,3283
3282,3150,3213,3111,3283,3109,3290,3081,3050,3215,3594,3442
3261,3595,3282,3283,3150,3594,3290,3758,3213,3442,3111,4190
3353,3480,3209,3352,3725,3936,3431,3570,3120,3235,3917,3021
3478,3248,3479,3458,3208,3613,3071,3457,3263,3614,3121,3209
2365,2555,2556,2698,1990,2554,2366,2699,2796,1967,2697,2800
3406,3267,3407,3507,3506,3508,3530,3100,3602,3529,3623,3697
3406,3602,3100,3506,3507,3697,3488,3126,3695,3487,3623,3508
3270,3296,3295,445,3322,3269,444,3711,3321,442,3835,3107
3322,3450,3151,3835,3711,3295,3451,3153,3465,3321,3867,3449
3322,3269,3295,3296,3835,3711,445,3151,3450,3321,444,3465
3272,720,3345,3147,2938,2873,717,3273,712,2695,711,3148
3147,2938,2873,712,3273,717,708,2695,711,707,3148,2552
711,709,2938,708,713,712,707,2552,705,2440,703,2344
2970,3563,3287,3286,2971,3311,3947,3460,3562,3312,2953,2972
3428,3059,3061,3439,2995,3276,2996,3062,3119,3200,3491,2720
3439,3491,3200,3425,3062,3061,3490,3199,3245,3060,2995,3489
3355,3344,3454,3169,3464,3463,3476,2949,3441,3170,3455,3091
3277,3464,3344,3355,3463,3567,3020,3454,3369,3441,3372,3169
3264,3612,3073,3478,3511,3248,3613,3479,3041,3458,3071,3614
3275,2934,3281,3059,3119,3428,3061,2996,2770,3427,2995,3439
3275,3428,3427,3061,3059,3276,3439,2934,3491,3062,3426,2995
3213,3290,3109,3442,3443,3215,3444,3081,3486,3112,3574,3654
3282,3442,3290,3444,3213,3443,3654,3573,3574,3215,3109,3901
3545,3535,3569,3285,3544,3414,3536,3153,3660,3456,3588,3537
3536,3535,3449,3537,3787,3660,3659,3544,3740,3900,3785,3691
3311,3562,3460,3592,3947,3770,3591,3360,3462,3767,3610,2972
3311,3286,3312,3360,3563,3562,3591,3743,3592,3359,3460,3625
3313,3287,3274,3312,2970,3286,3311,3330,3563,3743,3360,2666
3230,456,3106,454,3231,3297,452,3023,3105,3268,447,2939
3443,3444,3215,3486,3574,3539,3654,3468,3112,3214,3603,3538
3327,3326,3325,3361,3578,3362,3363,3365,3251,3364,3366,3472
3737,3293,3738,3329,3739,3203,3365,3784,3291,3796,475,3325
3329,3291,3738,3327,3328,3365,3325,3326,3784,3206,3364,3363
3306,3293,3292,3203,3205,3329,3291,3737,3738,3328,3668,3739
3322,3711,3321,444,442,3835,3867,439,3465,3866,3151,437
445,3295,444,442,3321,3322,3711,439,3269,3835,3867,437
3268,447,3296,445,3270,3105,3295,444,3322,3269,442,3321
3718,3350,3300,588,579,4093,3688,3349,575,3351,3576,3304
3155,3039,4093,3154,2927,3304,3300,3298,3024,2925,3351,3718
3351,3349,3350,3304,3577,3315,3576,3688,3532,575,3713,3179
3207,3302,3582,3204,3174,3525,3306,3294,3194,3173,3639,483
3207,3525,3294,3306,3204,3639,3292,3638,3293,3203,3194,480
3079,2944,2946,3712,3132,3078,2709,2945,3130,3177,2570,3084
3351,3315,3179,3577,3177,3349,3713,3350,3178,3394,3132,3532
3174,3301,3204,3207,3086,3173,3302,3194,3306,3582,3294,3668
3203,3205,3293,3668,3206,3328,3291,3292,3087,3329,3192,3326
3308,3310,3260,3145,3309,3143,3373,3262,3114,3144,3261,3400
3145,3260,3143,3114,3144,3309,3261,3262,3146,3098,3373,3049
3400,3595,3262,3143,3758,3991,3283,3261,3594,3282,4190,3144
3373,3309,3260,3308,3400,3143,3262,3145,3595,3440,3991,3261
3591,3360,3592,3562,3649,3625,3359,3460,3767,3770,3650,3648
3743,3360,3359,3311,3591,3754,3625,3286,3650,3592,3562,3637
3330,3312,3287,3743,3274,3744,3311,3360,3359,3286,3754,3591
2424,2509,2432,2563,2533,2579,2423,2561,2431,860,861,862
3177,3713,3577,3394,3367,3132,3615,3532,3423,3130,3180,3576
3757,3317,3596,3597,3828,3419,3681,3172,3513,3671,3824,3802
3419,3596,3172,3513,3188,3671,3681,3138,3514,3657,3512,3676
3316,3220,3446,3317,3757,3597,3596,3828,2982,3742,3419,3172
3221,3318,3220,3446,3316,2980,3597,3317,3757,2982,3742,3828
3348,3371,3196,3346,3307,3308,3113,3347,3099,3310,3372,3260
439,3711,3866,3867,437,435,3978,3465,4019,3899,433,4018
3835,3711,3151,3465,3321,3867,3451,442,3899,3153,3866,439
531,529,537,533,536,534,532,535,528,2731,527,524
3323,537,3012,3575,529,536,531,3011,3823,533,532,534
3364,3363,3366,4534,3361,3376,3374,3377,3436,3362,3906,3375
3362,3327,3361,3578,3363,3501,3472,3325,3436,3253,3502,3376
3325,3363,3361,3362,3364,3366,3436,3578,3376,3472,4534,3501
3326,3291,3578,3251,3362,3327,3361,3253,3501,3250,3472,3325
3365,3291,3325,3327,3364,3326,3363,3399,3328,3366,3361,4534
3744,3743,3312,3754,3259,3359,3287,3360,3599,3311,3637,3650
3760,3779,3790,3241,3333,3402,4092,3332,3401,3813,4253,3244
3333,3334,3403,3415,3401,3416,3417,3716,3558,3402,3951,3715
3403,3401,3334,3402,3716,3951,3950,3416,3415,4253,3417,4009
3417,3403,3416,3558,3716,3717,3670,3715,3401,3714,3161,4009
3408,3504,3524,3212,3503,3409,3561,3694,3505,3211,3560,3601
3524,3335,3600,3694,3089,3504,3601,3408,3561,3212,3440,3210
3566,3547,5450,3510,3689,4094,3682,3338,2907,3583,3883,3690
3481,4094,3392,3389,3495,3689,3883,3496,3237,3393,3646,3398
2906,3470,3337,5450,2890,3566,3510,3547,3509,2907,3338,4094
3342,3345,2695,2507,3271,3343,2873,3272,2438,2552,722,2439
3340,3216,726,3342,3345,2507,723,2477,2695,3271,3343,724
2695,3343,2438,2552,2873,2437,2439,2440,3272,707,2344,705
2437,2438,2695,2344,2440,2552,2380,705,2873,703,2342,2309
3463,3441,3454,3476,3372,3455,3169,3370,3170,3440,3600,3347
3272,2695,2873,3342,2938,720,3147,712,2552,707,2438,3343
3307,3348,3347,3310,3308,3260,3373,3370,3113,3309,3145,3143
3370,3310,3373,3307,3309,3440,3348,3260,3400,3308,3476,3991
3308,3307,3113,3145,3310,3260,3097,3114,3143,3309,3373,3144
3576,3577,3532,3394,3315,3961,3811,3713,3533,3423,3177,3615
3688,3349,3576,571,3811,3351,3532,568,3577,3961,3812,564
3577,3349,3315,3713,3532,3394,3177,3576,3179,3615,3367,3961
3021,3431,3235,2933,3570,2896,3280,2934,2770,3936,2767,2771
3431,3352,3570,3936,3235,3280,3021,3935,3281,3917,2934,2933
3076,3168,3040,3279,3073,3698,3003,3534,3041,3264,3612,3248
3454,3169,3344,3170,3476,3455,3091,3441,3463,3336,2893,3088
3493,3494,3358,3492,3498,3357,3477,3751,3618,3500,3391,3237
3391,3358,3618,3493,3397,3393,4051,3498,3396,3494,3389,3616
3618,3498,3391,4051,3397,3750,3751,3393,3617,3499,3616,3753
3360,3650,3625,3637,3591,3847,3848,3648,3649,3634,3592,3598
3591,3625,3592,3650,3649,3562,3648,3848,3637,3847,3767,3836
3363,3436,3472,3376,3501,3546,3466,3502,3366,3375,3383,3377
3361,3472,3501,3436,3502,3363,3546,3383,3466,3376,3405,3530
3376,3366,3436,3377,3472,3466,3375,3374,3546,3808,3501,3475
4534,3366,3374,3906,3363,3377,3376,3759,3484,3361,462,460
3364,3325,3399,4534,3366,3795,3327,3363,3906,3374,3949,3326
3377,3374,3376,3484,3375,3808,3436,3759,3485,3466,3673,3438
3180,3130,3615,3395,3368,3131,3422,3423,3078,3257,3238,3424
3238,3257,3240,3424,3255,3239,3256,3420,3611,3418,3434,3471
3372,3371,3463,3347,3346,3370,3441,3320,3344,3310,3373,3307
3373,3440,3310,3400,3309,3991,3601,3600,3307,3260,3758,3595
3346,3347,3372,3348,3307,3310,3370,3373,3196,3308,3441,3260
3370,3347,3441,3373,3440,3310,3476,3346,3400,3307,3309,3991
3400,3309,3991,3260,3595,3601,3758,3262,3600,3658,3143,3694
3484,3759,3377,3673,458,3485,457,455,3808,3376,453,3672
3808,3475,3437,3438,3485,451,3473,3474,449,3686,3672,446
3375,3377,3466,3808,3475,3485,3546,3437,3438,3484,3474,451
3808,3485,3484,3375,3438,3673,3672,451,3437,3466,453,455
3527,3053,3136,3526,3016,3054,3379,3519,3556,3017,3134,3620
3518,3134,3517,3528,3627,3542,3224,3641,3135,3540,3541,3700
3252,4383,3382,3911,3253,3141,3383,3074,3381,3709,3501,3266
3405,3266,3407,3709,3530,3406,3267,3508,3198,3529,3507,3546
3911,3141,3709,3381,3266,3198,3383,2994,3405,3267,3101,3406
3405,3381,3502,3911,3472,3530,3407,3266,3546,3709,3529,3436
3385,2973,3320,3371,3196,3348,3346,3369,2974,3347,3307,3125
3371,3320,3369,3346,3347,3372,3348,3463,3196,3307,3310,3370
3567,3385,3369,3384,3371,3464,3463,3320,3372,3347,3278,3346
3452,3301,3582,487,3302,3305,485,3207,3525,3204,483,3639
746,3116,2969,743,3009,2976,2776,2977,740,3186,2978,2778
3398,3393,3496,3396,3522,4685,3391,3646,3397,3647,3616,3791
3237,3392,3338,3357,3393,3389,3391,3481,3190,4094,3397,3398
3397,3393,3618,4051,3396,3616,3398,3617,3498,4685,3750,3791
3389,3481,3237,3393,3398,3391,3495,3496,3357,3396,3397,3883
3398,3397,3396,3496,4685,3616,3618,4051,3522,3791,3617,3647
3423,3615,3533,3531,3422,3367,3395,3543,3471,3572,3424,3571
3368,3422,3257,3424,3238,3131,3256,3531,3434,3471,3255,3240
4685,3616,3791,3522,4051,4962,3617,3794,3822,3792,3647,3846
3396,4051,3616,3617,3398,3791,4685,4962,3750,3846,3522,3794
3396,4685,3522,3647,3791,3616,3794,3792,4051,3793,4962,4286
4534,3364,3906,3374,3949,3325,3366,3759,462,460,464,3484
3991,3758,3595,3658,3262,3594,4190,3694,3283,3692,3143,3573
3951,3950,3716,4115,4009,4010,3416,4103,3715,4120,4161,4231
4253,3950,3401,4103,3951,4115,3403,4120,3716,4105,4102,4010
3716,3401,3416,3951,3417,3715,4009,3950,3717,4010,3714,4163
2913,3242,2961,3626,2960,2912,2963,3243,2828,2959,3610,3241
3530,3407,3266,3529,3508,3406,3474,3507,3629,3267,3466,3687
3507,3506,3508,3602,3623,3622,3697,3695,3529,3629,3631,3488
3508,3406,3507,3529,3629,3622,3267,3506,3474,3623,3687,3630
3503,3504,3409,3211,3505,3477,3560,3561,3410,3411,3096,3870
3503,3477,3410,3411,3560,3492,3505,3356,3565,3494,3564,3500
3477,3356,3492,3494,3493,3560,3751,3565,3500,3190,3498,3358
3356,3410,3190,3494,3493,3477,3492,3358,3503,3057,3357,3498
3568,3413,3414,3569,3284,3545,3069,3588,3152,3544,3535,3429
3414,3069,3568,3588,3569,3429,2870,3545,3070,3284,3456,3448
3569,3588,3069,3545,3429,3456,3544,3447,3448,3070,3535,3445
3558,3334,3417,3161,3670,3416,3403,3717,3226,3160,3724,3716
3715,3716,3717,3714,4009,3831,4163,3830,3951,3724,4161,3829
3416,3717,3670,3714,3724,3715,3226,3716,3830,3831,3916,4009
3611,3189,3324,3012,537,3323,3575,3080,3011,536,529,531
3513,3188,3514,3671,3657,3512,3138,3681,3549,3137,3656,3585
3239,3139,3240,3418,2866,3238,3189,3080,3611,3324,3255,3012
2872,2870,2869,2964,3069,2965,3070,3413,3429,2798,3004,3430
3424,3471,3434,3257,3543,546,3368,3256,544,547,3238,3433
3531,3422,3471,3543,3395,3424,3571,3572,3434,546,547,3257
3434,3257,3256,544,546,3433,3255,3238,3435,541,547,3240
3245,3489,3550,3199,3554,3553,3062,3551,3246,3833,3247,3832
3491,3490,3552,3276,3425,3593,3200,409,3428,3439,3489,3553
3276,3428,3491,3426,3439,3580,3275,3200,3061,3425,3490,3589
3439,3276,3061,3062,3491,3200,3059,2995,3425,3199,2996,3060
3448,3447,3222,3219,3456,3319,3221,3445,3430,2980,3318,3544
3219,2999,2979,3448,2930,3222,2980,2673,2914,2915,3221,3447
3235,3570,3280,2934,3281,2933,3275,3935,3059,2896,3119,2770
2937,2703,2468,2543,2469,2516,3008,2415,2346,2345,2470,2471
541,3435,539,3823,535,534,3575,533,531,3323,3324,529
544,3256,3433,541,3435,539,3255,3823,535,534,3575,3611
3823,3575,534,539,533,535,531,3323,3324,529,537,3012
3466,3376,3546,3375,3475,3502,3474,3377,3530,3808,3437,3473
3686,449,3473,446,3915,448,443,3685,3687,441,3701,440
451,3437,449,448,446,3686,450,3473,443,3915,3685,3474
3062,3200,3199,2995,3060,3425,3245,3247,2996,3490,2787,3181
3601,3991,3373,3400,3600,3694,3658,3758,3309,3595,3524,4190
3370,3476,3440,3373,3347,3455,3600,3601,3400,3991,3310,3170
3654,3444,3574,3290,3443,3901,3653,3603,3539,3871,3486,3215
3486,3539,3468,3574,3538,3214,3603,3814,3604,3667,3653,3469
3443,3574,3539,3486,3603,3215,3653,3538,3604,3814,3468,4224
3319,3318,3446,3221,3316,3742,3220,3757,3828,3317,2980,3597
3757,3828,3316,3802,3824,3596,3681,3220,3317,3741,3597,3803
3319,3222,3221,3445,3318,3691,2980,3220,3446,3316,2979,3597
3222,3219,3447,3221,3319,2980,2979,3456,3445,3318,3220,2999
3787,3537,3900,3536,3740,3785,3899,3659,4022,3660,3882,3786
3151,3153,3835,3451,3322,3152,3449,3285,3465,3711,3295,3900
3449,3465,3900,3787,3899,3285,3537,3867,3785,4022,3978,3536
3582,487,485,3301,3302,483,3525,3639,3207,482,3305,3294
3158,3380,3250,3142,4383,3252,3382,3253,3251,2837,3074,3141
3455,3476,3170,3336,3441,3600,3088,3440,3524,3370,3601,3372
3336,3600,3524,3088,3601,3440,3694,3335,3370,3991,3089,3504
3445,3691,3447,3319,3660,3318,3446,3221,3222,3742,3316,3659
3725,3480,3263,3936,3353,3918,3917,3209,3570,3993,3935,3431
3263,3457,3480,3209,3353,3725,3652,3123,3936,3352,3570,3120
3384,2973,3202,2918,3320,3385,2974,3196,3386,2584,3125,3371
3770,3562,3462,3610,3592,3680,3767,3626,3669,3461,3591,3649
3404,3626,3242,3610,2961,3243,2913,2960,3669,3770,2963,3331
3610,3626,3461,3770,3669,3242,3680,3243,3404,3331,3767,2960
3372,3441,3370,3347,3476,3371,3440,3454,3373,3346,3455,3310
3463,3344,3369,3372,3441,3355,3370,3347,3385,3371,3476,3454
3899,3867,3900,3978,3449,4022,3866,3787,3785,4018,4019,3537
3475,3375,3474,3437,3808,3473,3530,3438,3529,3687,3686,3485
3176,3037,2923,3163,3162,3164,2820,3232,2924,3233,463,2743
3538,3667,3469,3814,3666,3636,3598,3599,3604,3816,3665,3728
3667,3598,3636,3666,3635,3665,3634,3637,3664,3814,3728,3847
3337,3510,3547,2906,3566,3548,5450,3682,3583,3689,4094,2890
546,3434,547,3424,544,3256,3433,3257,541,539,3435,3255
3436,3546,3502,3466,3530,3405,3376,3474,3475,3375,3381,3529
3686,3687,3685,3915,3701,443,446,441,3629,3630,440,3872
3529,3687,3473,3629,3437,3508,3701,3685,3686,3630,3915,3622
3437,3473,3474,3686,3438,3687,451,449,3685,3915,3529,446
3455,3600,3440,3370,3601,3336,3694,3991,3373,3524,3400,3088
3560,3492,3565,3500,3494,3564,3751,3607,3606,3493,3720,3723
3458,3208,3479,3263,3457,3209,3121,3123,3480,3614,3353,3652
3458,3457,3652,3263,4057,3725,3208,3480,3993,3918,3353,3979
3936,3353,3570,3917,3431,3935,3352,3281,3557,3280,3590,3235
3389,3495,3496,3883,3398,3646,3393,3647,3522,3396,3929,4685
3527,3556,3526,3678,3378,3620,3136,3621,3519,3619,3053,3052
3624,3482,3851,3254,3527,3788,3378,3556,2882,3526,3678,3052
3673,3485,457,455,453,3672,3808,450,451,3438,3375,448
3672,3808,451,3438,453,450,449,448,3437,446,3475,3686
3468,3538,3539,3214,3814,3667,3469,3666,3603,3604,3816,3258
3168,3354,3534,3076,3698,3695,3279,3018,3633,3040,3511,3073
3487,3075,3602,3697,3354,3019,3168,3018,3534,3506,3076,3695
3554,3550,3245,3551,3849,3833,3832,3199,3246,3990,3966,3968
3425,3489,3553,3554,3245,3200,405,3550,3551,404,3849,3199
3425,3200,3490,3439,3245,3489,3062,3199,3061,3553,3550,3554
3500,3751,3565,3720,3607,3498,3499,3606,3722,3358,3719,3752
3358,3494,3498,3618,3751,3492,3391,3750,4051,3499,3397,3500
3492,3751,3498,3358,3500,3499,3618,3720,3565,3750,3753,3607
3646,3496,3389,3929,3647,4286,3398,3522,3393,3793,3931,4685
3398,3646,3647,3522,4685,4286,3396,3792,3793,3794,3791,3397
3075,3488,3019,3018,3354,3487,3602,3001,3103,3040,3168,3076
3751,3750,3499,3753,4051,3617,3720,3878,3397,3845,3846,3616
3753,3878,3750,3752,3845,3880,3940,3722,3846,3617,3877,3879
3720,3607,3751,3722,3499,3719,3752,3498,3879,3878,3753,3956
3383,3472,3502,3405,3546,3436,3381,3530,3911,3466,3407,3474
3405,3530,3546,3381,3407,3474,3529,3466,3266,3508,3475,3629
3560,3505,3477,3564,3565,3410,3870,3492,3500,3693,3606,3692
3505,3503,3561,3870,3560,3409,3477,3564,3692,3658,3211,3693
3870,3560,3564,3693,3477,3692,3565,3723,3606,3871,3492,3410
3697,3695,3623,3534,3633,3622,3487,3696,3631,3632,3168,3628
3623,3506,3622,3629,3695,3631,3628,3697,3696,3630,3602,3633
3507,3629,3622,3623,3630,3687,3628,3506,3631,3701,3644,3695
3470,3510,3548,3337,3583,3547,3585,3682,3584,3566,3675,3689
3547,3682,3583,3566,3689,3674,3675,3584,5450,3690,4094,4284
3613,3612,3651,3992,3614,3479,3264,4057,3805,3799,3652,3478
3549,3509,3548,3470,3585,3510,3520,3584,3583,3656,3337,3339
3657,3514,3671,3656,3512,3585,3549,3676,3661,3137,3509,3655
3549,3657,3512,3585,3509,3656,3548,3655,3584,3510,3661,3470
3453,3250,3251,3380,3158,2966,3253,3252,3142,4383,3578,3328
3193,3192,3668,3515,3227,2922,3206,3453,3251,3205,3250,2966
3518,3542,3641,3528,3700,3642,3540,3702,3699,3224,3541,3707
3528,3542,3540,3224,3641,3541,3702,3700,3609,3225,3159,3705
3379,3517,3627,3518,3134,3640,3641,3542,3528,3642,3054,3700
3339,3470,2905,3337,3509,2906,3510,3547,5450,3549,2876,2890
3567,3278,3464,3386,3463,3369,3277,3344,3372,3202,3385,3355
4685,3792,3794,3791,3793,4285,3616,4025,4026,3822,3941,4962
2882,2827,3254,3052,3033,3055,2828,2829,3624,3378,3016,2808
3694,3504,3561,3408,3658,3505,3870,3503,3991,3692,3212,3560
3638,3294,3292,3737,479,3293,3739,3306,3738,477,3203,3329
3519,3620,3136,3379,3621,3627,3517,3053,3640,3518,3134,3054
3526,3136,3556,3053,3519,3379,3620,3054,3016,3134,3621,3517
3224,3540,3541,3542,3702,3225,3609,3159,3704,3608,3700,3705
3629,3508,3687,3622,3630,3507,3473,3701,3628,3685,3623,3644
3529,3474,3407,3508,3629,3687,3475,3507,3406,3473,3622,3630
3471,3543,3422,546,3424,3571,547,3434,549,544,551,3257
3394,3961,3533,3423,3713,3572,3531,3615,3756,3543,3571,3422
3531,3423,3543,3572,3571,3422,3471,3615,549,551,547,546
3698,3633,3168,3511,3632,3279,3612,3696,3076,3613,3651,3992
3536,3544,3660,3537,3659,3691,3449,3456,3742,3787,3588,3740
3537,3660,3659,3740,3787,3691,3742,3741,3786,3456,3900,3785
3787,3659,3740,3660,3786,3785,3741,3882,3742,3801,3691,4022
3814,3667,3666,3816,3604,3469,3636,3728,3665,3815,3747,3598
3603,3814,3538,3604,3468,4224,3816,3666,3667,3815,3817,4717
3702,3541,3609,3704,3705,3707,3608,3225,3706,3703,3776,3778
3704,3608,3609,3702,3778,3856,3703,3705,3223,3860,3706,3707
3540,3702,3700,3609,3541,3707,3705,3699,3708,3704,3776,3706
549,547,3471,551,546,3434,3424,544,541,3256,3433,3257
3660,3456,3691,3536,3445,3659,3742,3447,3446,3319,3537,3318
3569,3535,3544,3456,3660,3536,3588,3285,3691,3445,3659,3537
3466,3530,3474,3475,3529,3405,3375,3473,3687,3407,3437,3629
3566,3682,3689,3583,5450,4094,3690,3674,3883,3338,3675,3495
3583,3584,3510,3675,3682,3547,4284,3663,3655,3674,3337,3683
3548,3509,3585,3584,3510,3583,3470,3655,3675,3663,3682,3547
3833,3832,3551,3246,4902,3990,3710,3247,3966,3605,3182,3988
3833,3990,3966,3832,4902,3967,3987,3988,3989,3246,3710,4295
3490,407,3553,405,3489,3425,3491,3554,404,3849,402,3276
3554,404,3489,3849,402,3551,3968,3550,400,3966,3245,3967
3849,3551,3550,3968,3966,3833,3990,3245,3967,400,4052,3832
3851,3483,3788,3482,3678,3556,3624,3619,3033,3820,3527,3526
3526,3620,3621,3519,3679,3640,3627,3677,3136,3379,3517,3876
3579,3427,3581,3281,3426,3428,3580,3276,414,3491,3275,3589
3670,3417,3717,3226,3724,3416,3714,3223,3159,3830,3403,3916
3558,3161,3415,3670,3160,3417,3226,3334,3717,3724,3159,3332
3565,3564,3492,3606,3500,3607,3723,3693,3719,3494,3751,3871
3870,3505,3692,3693,4190,3503,3564,3560,3573,3871,3723,3594
3592,3770,3767,3591,3649,3610,3680,3462,3768,3625,3836,3669
3286,3947,3460,3562,2972,3462,3311,3770,3610,3592,3461,2952
3723,3606,3565,3871,3607,3719,3721,4062,3500,3492,3901,3722
3500,3607,3606,3719,3720,3751,3723,3722,3721,3956,3499,3752
3689,4094,3682,3338,3883,3690,3495,3481,3674,3392,3929,3646
3464,3369,3463,3385,3372,3371,3344,3347,3441,3384,3277,3370
3545,3284,3569,3414,3535,3544,3588,3456,3069,3660,3285,3429
3588,3456,3544,3535,3691,3447,3429,3445,3660,3319,3536,3448
3935,3281,3280,3275,3235,3557,3428,2934,3427,3059,3061,2933
549,3543,551,547,3471,546,3434,544,3424,541,3433,3256
3571,551,3543,553,549,3531,547,3471,546,3422,3434,3424
3901,3654,3871,3693,3442,3653,4062,3574,3723,3444,3603,4717
3603,3653,3539,4224,3604,3486,4062,3814,4717,3538,3817,3815
3823,3323,533,531,534,529,537,3012,535,539,536,532
3811,3532,3961,3577,3756,3812,3533,3394,3572,3755,562,3423
3394,3713,3532,3615,3177,3423,3533,3367,3961,3531,3422,3395
3362,3501,3253,3361,3472,3383,3502,3252,3436,3363,3546,3405
3580,3426,3427,3589,3491,3276,412,3552,3428,3281,3593,3490
3589,3426,3552,3593,410,3490,3491,409,3425,3276,407,3553
3579,3580,3589,3426,412,3427,3593,410,3552,3491,3490,409
3302,3525,3639,483,3207,482,3294,3638,3204,480,3292,3306
3675,3682,3674,4284,3683,3690,3689,3663,3684,3566,3730,3662
3663,3675,4284,3583,3662,3730,3674,3683,3682,3735,4008,3547
3655,3584,3548,3663,3583,3662,3731,4284,3675,3510,4012,3730
3587,2530,2514,521,524,519,517,2510,2254,515,2789,2790
519,2530,517,2510,515,2789,2790,512,2511,2845,2603,510
3429,3456,3447,3448,3445,3544,3319,3222,3691,3221,3219,3318
3593,410,3552,409,3426,3490,407,3553,3491,405,3425,3489
416,3557,3579,3581,3935,414,3427,3580,3426,3281,3589,3570
3592,3625,3649,3648,3767,3650,3848,3836,3770,3847,3768,3857
3649,3767,3770,3625,3648,3836,3680,3768,3610,3848,3858,3857
3552,409,407,3490,3553,405,404,3491,3489,3554,3425,402
3442,3283,3573,3654,3290,3444,3901,3574,3282,3871,3693,3653
3758,3283,3594,4190,3282,3442,3261,3290,3573,3692,3654,3150
3671,3419,3513,3681,3657,3676,3514,3188,3656,3837,3661,3512
3317,3172,3419,2981,3596,3188,3138,3513,3757,2916,3514,3671
3634,3636,3635,3847,3664,3650,3733,4715,3665,3732,3666,3848
3598,3637,3469,3634,3359,3847,3650,3635,3636,3667,3848,3733
3601,3694,3524,3991,3658,3561,3335,3504,3400,3758,3692,4190
3991,3694,3658,3400,3758,3524,3561,4190,3692,3595,3504,3309
3697,3506,3487,3695,3534,3075,3168,3623,3354,3633,3698,3076
4224,3604,3814,4717,3815,3817,3816,3538,3826,4202,3747,3666
3814,3815,3816,3817,3747,3666,3825,3826,3728,3667,4202,3746
3182,3034,3183,3710,3965,3032,3832,3031,3483,3033,4902,2883
3719,3607,3721,3722,3500,4062,3956,3720,4202,4717,3879,4947
3719,3722,3720,3956,3721,3752,3879,3499,3954,4202,3877,3878
3704,3856,3778,3860,3703,3864,3865,3859,3923,3863,3706,3937
3704,3705,3706,3703,3608,3778,3776,3775,3777,3923,3860,3934
3669,3626,3680,3243,3331,3767,3769,3242,3768,3760,3779,3649
3324,3575,3323,3189,3435,3823,537,3012,531,533,529,3433
3613,3264,3479,3478,3614,3651,3458,3457,3248,3652,4057,3208
3614,3479,4057,3652,3805,3457,3478,3458,3979,3993,3725,3807
4057,3652,3479,3993,3979,3457,3725,3458,3918,425,427,423
3423,3395,3422,3180,3531,3424,3368,3257,3471,3543,3434,3238
3617,3791,4962,4685,3846,3822,4046,3794,4035,3845,3753,4026
3846,4962,3845,4046,3791,4035,3753,3822,3878,4036,4067,3940
4051,3397,3498,3750,3617,3616,3396,3753,3846,3499,4962,3751
3678,3789,3679,3621,3556,3677,3821,3876,3620,3640,3957,3526
3519,3627,3640,3517,3677,3379,3642,3641,3518,3839,3542,3134
3620,3677,3640,3627,3876,3519,3839,3642,3517,3641,3379,3903
3628,3623,3631,3630,3644,3643,3696,3701,3695,3809,3799,3872
3695,3631,3696,3633,3628,3632,3643,3534,3992,3799,3644,3511
3527,3482,3378,3526,3052,3851,3053,3136,3556,3519,3016,3678
3648,3649,3848,3847,3836,3857,3767,3733,3634,3913,3768,3858
3242,3243,3669,3331,2960,3680,3760,2961,3241,3769,3779,3790
3517,3641,3642,3542,3518,3699,3700,3773,3528,3134,3702,3540
3644,3631,3643,3809,3872,3806,3799,3696,3810,3804,3992,432
3630,3622,3701,3628,3644,3631,3623,3685,3872,3643,3809,3810
3644,3628,3872,3809,3643,3631,3810,436,438,440,3623,3806
3696,3643,3799,3992,3806,3632,3809,3633,3804,3807,3805,3810
3992,3511,3651,3613,3799,3805,3614,3612,4057,3807,3804,3979
3632,3511,3698,3992,3651,3613,3612,3799,3279,3805,3614,3643
3847,3635,3733,3732,3848,4715,3664,3857,4318,3648,4107,3868
4715,3664,3732,3733,4107,4318,3930,3726,3848,3868,4106,3857
3664,3665,3635,3634,3726,3728,4107,4715,3729,3732,3847,3733
3847,3650,3634,3598,3848,3625,3635,3733,3648,3732,3636,3591
3737,3739,3292,477,3738,475,3784,3294,3796,473,3293,3329
3525,3638,480,479,3292,477,3739,3737,3294,475,3207,3738
3627,3642,3839,3641,3517,3699,3773,3855,3379,3700,3542,3518
3700,3542,3699,3702,3708,3707,3540,3773,3772,3528,3705,3934
3699,3641,3773,3700,3772,3708,3853,3542,3854,3707,3702,3774
3806,3809,3799,3804,3810,432,431,3992,3807,434,429,3805
3809,3643,3810,3806,3631,434,436,432,438,3799,3804,431
3412,3236,3568,3413,3414,3284,3028,3545,2869,3569,3152,3069
4286,3647,3793,3522,3931,3932,3398,3792,3941,4685,4285,4119
3793,3522,3792,4285,4685,3932,3941,3794,4432,4194,4025,3791
3836,3857,3913,3858,3733,3768,3868,3912,3732,3813,4104,3680
3648,3767,3836,3848,3768,3857,3858,3680,3913,3813,3769,3733
3847,3625,3848,3634,3648,3733,3649,3857,3635,3592,3732,3836
3613,3614,4057,3805,3979,3807,3652,3479,3993,427,3804,425
3725,3993,3457,3918,423,421,3480,3917,425,3936,420,3263
3603,4224,4717,3817,3604,3539,3721,4202,3815,3826,3814,3816
3901,3574,3653,3603,3444,4062,4224,3539,4717,3443,3723,3604
3663,3731,3662,3584,4284,3735,3843,3730,3675,3583,3736,3762
3661,3655,3585,3731,4012,3549,3662,3584,3663,3843,3844,3548
3656,3585,3549,3655,3661,3512,3548,3584,3731,3509,4012,3663
4190,3692,3758,3561,3870,3594,3573,3693,3595,3505,3871,3442
3741,3740,3742,3786,3802,3803,3801,3882,3785,3828,3446,3824
3691,3659,3742,3445,3741,3446,3740,3802,3828,3786,3787,3319
4012,3731,3655,3844,3843,3662,3585,3842,3663,3889,3735,3736
3663,3735,3730,4284,3762,3736,3734,3675,4008,3683,3761,3999
4284,3730,3675,3735,3683,3762,4008,3674,3734,3736,3995,3999
4107,3726,4715,4106,3729,3930,3732,4318,3745,3733,4168,4261
3664,3726,3729,4107,3727,3745,3635,4106,4715,3749,3930,3746
3728,3665,3636,3747,3729,3664,3727,3726,3746,3825,3635,4107
3666,3636,3665,3598,3728,3816,3664,3635,3729,3726,3747,3634
3206,3205,3192,3328,3193,3251,3203,3515,3250,3291,3578,3227
3331,3243,3769,3760,3779,3790,3768,3241,4092,2960,3333,3402
3724,3717,3830,3223,3916,3416,3714,3715,3864,3856,3896,3225
3676,3657,3656,3661,3514,3585,3838,3655,4012,3549,3731,3512
450,451,448,3438,449,446,3437,3686,443,3475,3473,3915
455,453,3672,3485,450,451,3808,3438,448,449,3375,3437
3690,3684,3683,3995,3929,3883,3931,3994,4008,3646,4006,4286
4284,3674,3683,3730,3684,3690,3995,4008,3689,3762,3994,3929
3661,3656,3838,4012,3657,3844,3731,3655,3888,3585,3843,3889
3640,3839,3642,3627,3903,3773,3855,3641,3699,3519,3517,4561
3556,3621,3679,3620,3677,3526,3640,3876,3519,3821,3527,3627
3677,3621,3876,3821,3640,3839,3620,3903,3891,3627,3642,3526
3769,3669,3768,3331,3779,3813,4092,3836,3858,3243,3760,3790
3837,3671,3676,3513,3869,3838,3656,3657,3661,4012,4066,3514
3689,3674,3690,3675,3883,3684,4094,3683,3929,4284,3495,3995
3995,4008,3684,3994,4006,3690,3762,3999,3931,3929,4119,4096
3995,3931,3994,3929,4119,4286,3932,4006,3646,4096,3942,3999
3701,441,440,3872,443,438,3630,436,3644,3810,434,3809
3915,446,443,3685,441,440,3687,3701,438,3872,3630,436
3701,3629,3630,3685,3872,3915,3644,3622,3628,441,440,438
3811,3576,568,564,3812,3349,3961,3532,562,3756,3755,3351
3690,3883,4094,3495,3674,3929,3646,3481,3684,3496,3931,4286
3929,3883,3684,3931,3646,3495,4286,3995,3994,3481,3932,4119
3445,3446,3742,3319,3318,3659,3828,3757,3316,3802,3741,3221
3693,3870,3573,3871,3594,3564,3901,3723,3654,4062,3442,3560
3871,3723,3564,3901,4062,3606,3654,3721,3653,4717,3565,3719
3658,3561,3504,3692,3870,3758,4190,3505,3693,3408,3503,3573
3633,3534,3696,3632,3631,3511,3698,3992,3168,3651,3799,3628
3632,3633,3992,3799,3643,3511,3651,3805,3807,3804,3806,3613
3695,3534,3487,3633,3168,3623,3698,3696,3511,3354,3632,3076
3279,3511,3612,3613,3264,3632,3073,3479,3651,3614,3478,3992
3708,3772,3700,3853,3707,3774,3934,3702,4073,4072,3705,3776
3707,3702,3708,3705,3540,3934,3772,3776,3609,3774,3706,3775
3630,3872,3644,440,441,438,3628,3810,3809,436,434,3643
3705,3707,3609,3776,3706,3708,3704,3934,3703,3775,3910,3608
3778,3923,3777,3775,3922,3859,3860,3937,3972,3973,3909,4043
3778,3703,3706,3860,3923,3859,3777,3775,3776,3865,3922,3937
3706,3776,3775,3703,3934,3704,3910,3777,3972,3778,3923,3982
3775,3703,3777,3972,3923,3910,3778,3922,3909,3969,3973,3859
3705,3776,3934,3706,3775,3910,3774,3609,3982,3972,3703,4063
3707,3934,3774,3776,3982,4073,3705,4063,3910,3775,3706,4354
3198,3266,3267,3101,3406,3100,3407,2991,3405,3602,3506,3507
3965,3850,3555,3183,3988,3483,3852,3788,3851,3032,3482,3820
3867,3465,3899,3866,3451,3978,439,3900,437,4019,435,4022
2570,2944,2709,2571,2946,2867,2332,3079,2708,2945,2285,3078
3615,3394,3367,3423,3395,3180,3422,3130,3533,3531,3368,3424
3831,3830,3829,4163,3898,3896,3916,4162,3897,4161,3895,3864
4163,4009,3714,3831,4161,4162,3898,4010,3829,3830,4392,4753
4009,3951,3715,4010,4163,4161,3714,4115,3831,3717,4753,4162
3714,3724,3830,3715,3831,3916,3829,3223,3896,4163,3864,4009
579,3350,575,3688,3300,571,3576,3349,568,3811,3351,564
3956,3722,3879,4202,3720,3954,4947,4717,3752,4153,3955,3817
3752,3722,3499,3878,3879,3753,3880,3877,3956,3750,3940,3845
3719,4202,4717,3956,4947,3817,3722,4224,3954,3826,3879,4152
3879,3956,3752,3954,3877,3955,4947,3880,3878,4202,4153,4011
3606,4062,3721,3719,4717,3607,3653,4202,3956,3722,3817,4224
3916,3830,3864,3714,3856,3896,3829,3865,3831,3715,3608,3860
3936,3917,3918,3480,3590,3935,3570,420,3557,421,3353,418
4107,4106,3745,4715,3930,3749,4168,3780,4261,3886,4318,3748
3729,3749,3748,3745,3781,3783,3726,3780,3782,3861,4106,3886
3727,3729,3665,3746,3726,3749,3748,3664,3745,3960,4107,3781
3726,3749,3745,3748,4106,4107,3780,4168,3783,3886,4715,3930
3762,4008,3683,3999,3734,3995,3761,3674,4006,3684,3997,3766
3843,3662,3735,3663,3736,3842,3730,3584,3734,4284,3762,3873
4318,4715,3868,3930,3914,4107,4314,3913,3912,4106,4320,4319
3732,3857,3868,4318,4715,3913,3914,3930,3836,3912,4107,4314
3764,3761,3762,3766,3875,3999,3998,3765,4008,3997,4003,4002
3734,3762,3730,3763,3761,4284,3764,4008,3999,3766,3683,3675
3763,3734,3735,3874,3764,3875,3762,3761,3730,3765,3766,3928
3738,3784,3796,3365,3329,473,3293,3399,471,3795,3364,3325
3365,3329,3784,3325,3364,3399,3291,3327,3795,4534,471,3366
3737,475,3796,3784,473,3738,471,3365,3795,3399,3329,470
3786,3882,3741,3801,3803,3894,3742,4017,3802,3893,3881,4075
3803,3802,3801,3881,3841,3828,3824,3893,3894,4066,4075,3757
3802,3828,3741,3446,3803,3757,3824,3786,3841,3316,3801,3681
3359,3754,3360,3637,3650,3599,3625,3311,3591,3847,3848,3634
3743,3754,3259,3599,3359,3312,3637,3258,3360,3650,3598,3625
3780,4168,4106,3886,3783,4261,4167,3798,3930,3885,3782,4313
3748,3727,3781,3861,3749,3782,3729,3783,3862,3800,4151,3780
3746,3728,3727,3960,3748,3729,3827,3749,3781,3665,3861,3782
3749,3782,3783,3780,3800,3797,3745,3862,3798,3886,3887,3908
3780,3745,3783,3782,3886,3798,4168,4106,3797,3800,3887,4167
3753,3617,3846,3845,3878,3616,4962,4035,3940,4046,4036,3752
3499,3720,3753,3607,3752,3750,3878,3722,3845,3719,4051,3880
3878,3880,3877,3879,3940,3953,3955,3954,3845,3952,4007,4036
3878,3845,3940,3846,3752,3880,4035,4036,4007,4962,4046,3877
3599,3637,3359,3650,3598,3847,3360,3634,3625,3848,3469,3591
556,555,3756,553,3572,551,3571,3533,549,3543,3531,547
555,3572,553,556,551,3571,3533,3543,549,3531,3423,547
3681,3596,3824,3317,3671,3837,3419,3676,3513,3841,3803,3657
4190,3594,3692,3573,3283,3442,3561,3654,3693,3870,3282,3871
458,3484,457,3673,455,453,3485,3377,3672,450,3808,451
3790,3333,3332,3779,3402,3244,3401,3403,3334,4092,4253,3415
3766,3999,3997,4003,3998,4005,4006,3765,4029,4004,4002,4154
3761,3999,4008,3766,3764,3997,4006,3995,4003,3998,4004,4005
3875,3764,3734,3765,3924,4020,3761,3998,3766,3762,4002,4001
3765,3998,3766,3761,4002,4003,4139,4029,3999,4001,3997,4000
4002,3998,4001,4000,4139,3766,4029,4081,4003,4101,4032,4034
4003,3998,3997,4029,4005,4139,4002,4138,4154,4006,4004,4288
3768,3680,3836,3769,3648,3858,3813,3669,3913,3857,4092,3779
3813,3858,3769,4092,3779,4091,4104,3913,3331,4253,3402,3790
3779,4092,3331,3813,3790,3402,3858,3760,4253,4091,3333,4104
3680,3610,3767,3669,3768,3769,3649,3626,3331,3836,3813,3243
3117,3009,3116,3388,748,747,3186,2969,746,2976,2977,3115
3774,3708,4073,4072,4063,3934,4686,3707,3982,4354,4088,3776
3853,3772,3699,3854,4072,4073,3708,3774,3700,4686,4088,4063
4063,3934,3982,4354,4129,3910,3981,3776,4166,3705,4238,3775
3972,3777,3909,3969,3973,3922,3981,3923,3970,4014,3971,4013
3775,3910,3706,3972,3777,3982,3969,3703,3981,3909,4014,3923
3922,3909,3973,3923,3969,4043,3937,3971,3970,3859,4084,4148
3860,3923,3859,3937,3863,3922,3865,3777,4044,4042,3775,4043
3790,4092,3402,4253,3333,3401,4091,3950,4103,3332,3403,4104
3886,3798,4168,3797,3885,3887,4167,3884,4261,4211,3939,4076
3782,3748,3862,3800,3783,3797,4436,3749,3907,3908,3780,3798
3783,3800,3797,3780,3908,3798,3887,3907,3939,3886,3884,4076
3780,3797,3798,3800,3886,3887,3908,3939,3884,3885,4168,4076
3365,3399,3795,3364,3329,4534,3948,3325,3906,470,3949,3366
3882,4017,3740,3786,3894,4024,3801,3741,4249,4030,3893,4075
3801,3741,3803,3894,3893,3881,3802,4017,4075,3841,4074,4249
3740,3785,3882,3786,3659,4022,3741,4017,3801,3894,4024,3742
3851,3619,3820,3678,3789,3556,3482,3679,3621,3818,3526,3620
3679,3821,3876,3678,3957,3677,3621,3891,3903,3556,3839,3640
3333,3402,3401,3332,4253,3403,3950,3951,3716,4091,3334,4103
4962,3794,3822,4026,4046,3792,3846,4205,4025,4045,4035,4285
4285,3794,4025,4194,4432,3941,4026,4192,4127,3822,4095,4191
3941,4285,3792,4432,4194,4095,3942,4025,4127,3794,4192,4098
4026,3822,4025,4285,4194,4205,4191,4046,4432,4045,4192,4193
3399,3949,3906,466,4534,464,462,3364,460,3374,3759,458
3784,471,3795,3399,470,3948,3738,3365,3949,3906,3364,468
3887,3939,3908,3798,4076,3884,3938,4077,4078,3885,4122,4137
3887,3884,3885,4076,3939,4137,4167,4211,4212,3908,4122,4078
3992,3804,3807,3806,3805,429,431,3651,427,432,3979,4057
3908,3797,3907,3939,4077,3887,3938,3798,4208,3780,4076,4209
3893,3803,3881,3894,4075,4074,3802,3841,4066,4249,4213,3824
3803,3824,3841,3881,3837,3757,3681,3869,4066,3893,3676,3596
3881,3841,3893,3824,4066,3869,4074,3837,4075,3681,3888,3980
3807,431,429,3805,427,3979,425,4057,423,3993,3614,421
3979,4057,427,429,425,3614,3993,423,3652,421,3918,3479
3804,431,432,3807,429,3805,427,3979,425,3651,4057,423
3805,429,427,3979,425,4057,423,3993,3614,421,3652,3918
3438,3437,451,3672,3475,449,448,450,3686,453,446,3473
3810,3806,432,434,431,3804,3799,429,3807,3992,3805,427
434,432,3806,431,3804,3799,429,3807,3992,3805,427,3632
3812,3961,3756,3755,562,556,558,3532,559,555,3572,553
3755,558,3756,556,559,555,3961,553,3572,551,3532,3571
4092,4091,4104,4253,3779,4102,3402,4103,3912,3790,4480,4105
3816,3666,3667,3815,3728,3747,3665,3825,3636,3817,3727,3729
3825,3816,3826,3747,3827,3960,3746,4152,3728,3727,3666,3861
3747,3728,3666,3825,3727,3746,3665,3729,3826,3960,3827,3636
3826,3815,4947,4152,3825,3827,4153,3816,3747,3960,3954,4150
3957,3789,3821,3891,3679,3619,3876,3904,3903,4561,3677,3905
3818,3892,3820,3789,3957,3619,3821,3890,3679,3788,3891,3678
3619,3789,3818,3678,3679,3892,3851,3821,3621,3957,3556,3876
3876,3891,3903,3677,4561,3839,3905,3945,3621,3855,3640,3902
4026,4046,4205,4045,4191,4025,4035,4067,4203,4291,4130,4204
533,534,531,535,3323,529,537,536,532,2774,528,2731
3837,3841,3681,3869,3676,3881,4066,3838,3596,3671,3888,3661
3960,3827,3747,3746,3861,3727,3781,4150,3748,3728,4151,3862
4152,3827,3825,4153,3960,4150,3861,3954,3747,3746,4011,4151
3960,3861,4150,3746,4151,3781,4011,3862,4171,3748,4436,4070
3757,3824,3802,3681,3841,3837,3803,3596,3671,3676,3869,3317
3897,3898,3895,4162,4031,4451,4450,4703,4408,4449,3865,4392
3896,3829,3864,3831,3865,3895,3856,4031,3898,3897,4163,4162
4163,3898,3829,4162,3897,4161,4408,4392,4451,3896,3895,4753
4902,3710,3182,3990,3850,3988,3965,3555,3852,3183,3987,3034
3990,3832,4902,3988,3710,3850,3987,3852,3933,3182,3989,3965
3744,3259,3110,3330,3743,3754,3258,3599,3112,3313,3312,3359
3465,3711,3451,3867,3153,3899,3900,3449,3321,3978,3866,3787
3858,3768,3913,3857,3813,4104,3912,3769,3868,4091,4092,4102
3869,3676,3838,3888,3671,4066,3661,4012,3844,3889,3656,3980
3844,4012,3889,3661,3842,3843,3731,3656,3996,3927,3655,3736
3773,3642,3855,3699,3854,3945,3853,3627,3772,3641,3944,4072
3007,2832,2764,3006,3005,2746,2978,736,2745,2734,739,3191
3869,4066,3837,3888,3681,3838,4074,3980,3676,3889,3996,3844
3873,3843,3736,3763,3874,3925,3735,3734,3875,3928,3662,3764
3736,3735,3873,3662,3734,3763,3663,3874,3730,3762,3764,3925
3842,3843,3731,3927,3736,3873,3735,3925,3662,3763,3655,3874
3940,4035,4036,3880,4046,4067,4007,3953,4068,4045,3877,4037
4035,3845,4046,4036,4067,3940,3822,4045,4007,3880,4205,4068
3848,3733,3635,3732,3648,3857,3868,4715,3649,4318,3836,3913
3648,3857,3733,3836,3732,3913,3868,3858,4318,3767,3912,4715
3968,3551,3966,3967,4052,3990,3989,399,3833,4295,4223,3550
3852,3788,3555,3820,3933,3851,3619,3483,3678,3819,3482,3789
3482,3678,3556,3619,3526,3621,3527,3620,3679,3789,3519,3378
3820,3788,3819,3619,3789,3555,3851,3678,3818,3892,3679,3556
4072,3772,4073,4686,3774,4088,4063,3708,4354,4166,3934,3982
4072,3853,4088,4686,4073,3946,3772,4089,4166,4354,3774,3699
3854,3944,3773,3853,4072,3919,3946,4088,3772,3642,3699,4073
3864,3860,3865,3778,3896,3704,3863,3859,4031,3703,3923,4173
3913,3868,3912,3858,3732,4104,4318,3914,3768,4320,3813,4480
3813,3913,4104,4091,3912,4092,4102,4480,4253,3868,3779,4103
3937,3863,4044,4042,3922,4173,4043,4031,4174,4172,4263,3973
3865,3859,3863,3923,4031,3937,4044,3896,4173,3922,4042,4449
4151,3781,3862,4436,4171,3800,3782,3748,3907,4235,4069,3783
3800,4436,3907,3782,4235,3908,3797,4077,3783,4188,4208,3939
4173,4044,3937,4449,4172,4344,4042,3895,4174,4703,3922,4043
3865,3896,3860,4031,3863,3829,3895,3859,3778,4173,4449,4044
3863,4031,3859,4173,3895,4044,4449,3937,3923,4344,4703,4172
435,4019,3978,433,4018,3899,430,4023,428,4022,4021,3900
3978,3899,3866,4019,4018,3900,4022,435,433,4023,430,4021
3914,3912,4318,4320,4314,4319,4480,4104,3930,4258,4410,4257
3888,3838,3889,3980,3676,3844,3996,4012,3661,3842,3927,4065
3693,3564,3560,3871,3723,3573,3606,3565,3901,4062,3477,3721
3901,4062,3723,3654,3653,3721,4717,3606,3574,4224,3603,3719
3810,438,436,3644,440,3809,434,432,3643,3806,3631,431
3874,3763,3736,3875,3734,3928,3924,3764,3735,3765,4020,3761
3875,3924,3763,4020,3765,3976,3764,4033,3734,4001,4117,4002
3765,4020,3764,4002,4001,3998,4033,3766,4000,3761,4139,4117
3677,3903,3839,3640,3855,4561,3642,3945,3773,3620,3627,3854
3955,3953,3952,4070,3940,4007,4038,4011,4069,4153,4071,4037
3940,3880,3845,3877,4036,3953,4007,4035,3846,3879,3955,3952
3954,3877,3955,4153,4011,4947,3880,3953,3952,4070,4152,4150
3940,3953,3877,4007,3952,4036,4038,3955,4037,4035,4070,4068
4066,3841,4074,3869,3980,3888,4064,4213,3837,4065,3996,3838
3786,3894,3801,4017,3893,3741,4075,4249,3803,3881,4030,4074
3495,3929,3646,4286,3496,3684,3931,3647,3389,3932,3793,3398
4137,4076,4122,4134,4212,4218,4078,4123,4136,4327,4217,4458
4211,4212,3884,4137,4458,4218,4260,4327,4076,4122,4134,4328
4167,3798,3885,4211,3884,4313,3887,4212,4260,3797,4137,4458
4076,3884,3939,4122,4078,3885,4137,3938,4123,4134,4212,4124
3889,3996,3838,3844,3927,4065,3842,3977,4012,3925,3843,3873
3844,3842,3927,4012,3873,3843,3925,3977,3736,3874,3731,3763
3904,3957,3959,3818,3891,3921,3905,3986,3821,4561,3789,3983
4561,3905,3903,3902,3945,3876,3855,3920,3839,3919,3677,3944
3818,3890,3957,3789,3904,3821,3891,3959,3619,3905,3679,4561
4075,3881,4074,4213,4066,4064,3980,3841,4247,3869,4110,3888
3893,4075,4249,4213,4074,4030,3881,3803,4247,4064,4066,4109
4703,4449,4450,4451,4173,4822,4344,4487,4485,4486,4172,4584
4031,3865,3829,3895,3863,3897,4449,4173,4703,3898,4450,3859
3895,4451,4450,4703,4408,4485,4449,4822,4597,4487,4486,4407
3897,4408,4451,4392,3895,4450,4407,4597,4485,4278,4703,4822
3978,3900,4022,4018,3785,4019,3787,4024,4021,4017,4023,433
3787,3785,4022,3537,3978,3740,3882,4017,4018,4024,3786,3659
3653,4062,3574,4717,3723,3603,4224,3721,3444,3817,4202,3606
3945,3919,3943,3944,3946,3855,4090,3963,3854,4280,4089,4088
3855,3945,3839,3902,3944,3773,3854,3919,3640,3642,3853,3920
3905,3891,3921,4561,3902,3821,3920,3983,3903,3962,3945,3876
3902,4561,3920,3945,3919,3962,3903,3943,3964,3944,3855,3963
462,3759,4534,460,3374,458,3484,457,3366,3673,3377,455
3908,4077,4208,4209,3938,4236,3797,3939,4210,4234,3887,4352
3939,4077,3938,3887,4076,4210,4078,4209,4124,3884,4352,4122
3970,3973,3971,4016,4013,4084,4043,4015,4148,4056,4053,3937
3969,3972,3775,3981,4014,3909,3970,3777,4129,4114,4013,4056
3381,3709,3266,3405,3198,3407,3267,3406,3502,2994,3101,3530
4480,4320,4104,3914,4102,4257,4319,4185,4258,4091,4314,4105
3912,4104,3868,4480,3813,4320,4091,4102,3914,4318,4092,4185
4314,4319,4320,4410,4258,4480,4409,4261,4257,4313,4502,4412
441,443,3685,440,3701,438,3872,436,3630,3810,434,3644
3864,3830,3856,3896,3865,3860,3829,4031,3608,3863,3895,3831
3590,3557,3935,418,3579,3570,416,3281,3427,3581,3428,414
420,3917,3590,418,3936,416,3557,3480,3935,3579,3581,414
3943,3946,3944,4090,4089,4280,4088,3854,4165,4072,4179,4201
3902,3964,3943,3963,3919,3945,4090,4198,4280,3946,3944,4241
3905,3962,3920,3902,3964,3891,4561,3984,3963,3943,3919,3945
4043,3973,3937,4042,3909,4148,4084,4263,3971,4044,4121,4174
3922,3937,3859,4043,3973,4042,4044,3863,3909,4148,4263,4084
4020,3875,4033,4117,4001,3765,4032,4002,4157,4083,3764,4081
3926,3928,3874,3873,3924,3974,3976,3875,3763,3736,4020,4040
3928,3976,3924,3874,4040,4117,4157,4033,3873,4020,3875,4050
3925,3873,3842,3874,3928,3736,3763,3926,3843,3875,3924,3976
3924,3874,3976,3875,4020,4033,4117,3763,4157,3765,4001,4083
3931,4286,3646,3932,3647,4119,3994,3793,3496,3941,3942,3522
4314,4106,4261,4168,3914,4410,4313,4319,4167,3886,4320,4502
4119,3932,4286,3994,3942,3793,3941,4096,3647,4006,4097,4095
3941,3942,3793,4095,4432,4285,4096,4098,4097,3792,4127,4194
3819,3852,3820,3892,3789,3818,3788,3619,4869,3957,3890,3821
3776,3982,3910,4063,3775,3981,3972,3969,3706,4129,4354,4014
3281,3557,3427,3428,3579,3275,3280,3276,3581,3426,3061,3439
3917,3570,3935,3557,3281,3590,3431,3280,3427,3579,418,3275
4042,4043,4044,4263,4174,4148,3973,4173,4172,4084,4355,4121
4210,4124,4078,4076,4306,4125,4352,4307,4123,4122,3884,4353
4076,3938,4078,3884,4122,4124,4210,4123,4125,4137,4209,3885
4036,4007,3953,4035,4067,4068,4037,4038,3952,4046,4131,3955
4432,4095,4285,4127,4194,4098,4126,4192,4097,4025,4259,4155
4095,4097,4098,3941,4155,4432,4126,4127,4118,4135,4285,4194
4090,4280,3946,4089,4241,4165,3944,4201,4088,4179,4281,3854
3854,3946,4088,4072,4089,4090,3853,4686,3773,4179,4073,4166
3944,3855,3919,3854,3946,3943,4088,4090,3773,4072,3853,4089
4089,4090,4088,4179,4165,4072,4686,4166,3853,4164,4201,4237
3462,3460,3610,3461,3770,3562,3626,3669,3680,3404,3242,3592
3949,466,3795,464,462,3906,3399,460,4534,3759,458,3365
464,462,3906,460,3759,458,4534,3374,457,3364,3484,455
4115,3951,4120,4105,4010,4232,4231,3716,4310,4254,4009,4753
4010,4115,4009,4231,4161,4753,3715,4120,4232,4163,4392,4162
4070,4069,4038,4071,4171,4037,4188,4187,4189,4131,4151,4235
3952,4038,4007,4037,4071,4070,4069,4187,4068,4131,4011,4188
4153,3955,4011,4152,4070,3877,4150,3952,3827,4171,3953,4069
4070,4011,3952,3953,4069,4150,4171,4038,4071,4151,4007,4188
4947,3954,3879,4153,4152,3955,3826,4011,3817,3752,3877,4150
3891,3904,3821,3905,4561,3903,3876,3921,3679,3902,3945,3677
3890,3959,4293,3892,3904,3986,3957,3921,4394,3818,3983,3819
3986,3904,3921,3983,4394,3905,3957,3962,3891,3985,3920,3818
3746,3861,3781,3748,3862,4151,3727,3782,3800,3749,4436,3783
3756,3572,3533,3755,3571,3543,3394,555,553,551,3423,3531
3964,3984,3920,3963,4198,3943,3902,4196,3919,4241,4280,4561
3943,4280,4241,4090,3919,4201,4242,4165,5341,3946,4281,4089
3963,4198,3943,4241,4280,3902,4242,3919,4090,5341,4201,4521
3555,3483,3850,3033,3851,3482,3788,3624,3852,2883,3254,3556
3990,3989,3987,3833,4295,3988,4087,4902,4099,3933,3832,4716
4295,3966,3989,4223,3987,4099,4716,3990,4426,4087,4360,3833
4052,3967,3966,4223,4295,3989,3551,398,4221,3990,3987,4716
4014,3970,3909,4013,4056,3971,4114,4016,3973,4054,4055,4053
4013,4016,3971,4056,3973,4053,4054,4015,4084,4055,4262,4085
4016,4084,4015,4053,4086,4148,4085,4054,4121,4146,4262,4263
3909,3969,3777,3970,3973,4014,3971,3922,4013,3923,4016,4056
3971,4043,4084,4148,4015,4016,4263,4042,4121,4086,4013,4053
3926,4040,3976,3928,4050,4157,4117,4195,3924,4033,3874,4083
3977,3926,3974,4041,3925,3928,4048,4040,3976,3927,4050,3874
4117,3924,4157,4033,4083,4020,4195,4032,4001,3875,4116,4100
3925,3926,3927,3928,3974,3874,3976,3873,4041,3842,3924,4040
4018,4019,4022,4023,4021,4024,430,428,3785,4028,4027,4017
427,425,3993,423,421,3652,3918,420,418,3725,3590,3457
4065,3888,3996,3977,3889,4047,3975,3925,3927,3838,3926,3844
4014,3969,4114,4056,4059,3972,3970,4013,3909,4128,4055,4016
3981,3910,4129,3969,4114,4014,4059,3972,3775,4238,4056,3970
3962,3985,3921,3984,3964,3920,4197,3905,4198,3963,4196,3902
3964,4198,4196,3963,4242,3920,4241,4309,3943,4521,4280,5341
3984,3962,4197,3964,4196,3921,4199,4198,3920,3963,4265,4242
3983,3921,3962,3985,3904,4264,3905,3920,3984,3964,4197,3957
3988,3933,4087,4099,3852,3819,3820,4869,3892,3850,3818,4360
3852,3933,3850,3820,4087,3819,3788,3555,3619,3789,3892,3965
3987,4099,4087,4716,4869,3933,3988,4360,3892,3819,3958,3852
3988,3987,4902,3989,3933,3850,3852,4087,3710,3820,3819,4099
3758,3658,3694,4190,3595,3594,3692,3561,3573,3262,3283,3870
3651,3805,3807,3804,4057,3613,3979,3806,3614,429,427,431
423,421,3918,420,3725,418,3590,3917,416,3936,3480,3557
4119,4096,4006,3942,3932,4004,4097,4286,4118,3941,4098,3997
3994,4006,3999,3931,4119,4096,4004,3929,3997,3932,3942,4097
3977,3889,3927,3925,3975,3842,3926,3844,3873,3874,3928,3974
4005,4003,4154,4004,4169,4138,4029,4170,4118,4096,4139,4156
4139,4029,4003,4000,4101,4138,4288,4005,3997,4081,4336,4034
3997,4006,3766,4004,4003,4005,4154,3994,4096,3998,4118,4029
4101,4139,4034,4288,4029,4230,4080,4228,4229,4003,4138,4336
4002,4081,4000,4032,4139,4034,4101,3998,4080,4082,4029,4228
4000,4139,3998,4029,4101,4081,4034,4003,4288,4230,4138,4080
4029,4005,4138,4139,4169,4154,4288,4336,4101,4427,4004,4170
4154,4096,4118,4170,4005,4097,4169,4156,4155,4159,3942,4098
4154,4169,4138,4170,4427,4336,4288,4186,4118,4156,4470,4101
4004,4096,3997,4154,4119,4118,4097,4005,3942,4003,4170,4155
4037,4038,4068,4131,3952,4067,4187,4071,4132,4602,4130,4069
3999,3995,4006,3761,3994,3997,3684,4004,4096,3766,4119,3931
4161,4010,4163,4753,4162,3831,4392,4231,3714,3898,4278,4408
4753,4161,4231,4392,4277,4163,4278,4232,4162,4374,4407,3831
4070,4150,4171,4151,4069,3952,3861,4436,4188,4071,3862,3960
3844,3843,3731,3842,3655,3736,3662,3735,3873,3927,3663,3734
4016,4054,4053,4055,3971,4262,4015,4061,4361,4085,4060,4084
4056,4013,3970,4016,4055,3909,4054,3971,4128,4053,4060,4061
4086,4085,4146,4262,4147,4149,4121,4300,4303,4271,4361,4272
4053,4015,4054,4262,4085,4084,4146,4086,4361,4303,4061,4300
3894,4030,4249,4075,4027,3893,3801,4109,4247,4213,4074,3881
4021,4023,4024,4022,4028,4027,428,4017,426,4030,3785,424
4023,430,4018,428,4021,4028,426,4022,4024,4027,424,4108
4001,3765,4033,4002,4000,4032,4081,3764,3998,4139,4083,4101
4027,4028,4024,426,4030,4108,4109,424,4017,4248,422,4249
4024,3785,4017,4021,3882,4030,4023,4027,3894,3740,4249,4028
428,4021,4028,426,4027,4024,424,4108,422,4030,4109,4248
4027,4017,4030,4028,4109,4249,3894,4108,3882,4248,4247,426
4194,4026,4192,4193,4191,4127,4205,4252,4250,4259,4204,4251
4205,4191,4045,4193,4203,4204,4192,4252,4291,4511,4067,4127
4109,4030,4108,4248,4287,422,4247,4249,4245,419,417,3894
424,4027,4108,422,4109,4248,419,4030,4245,4287,417,4017
4138,4288,4101,4005,4336,4169,4230,4427,4337,4034,4154,4470
4249,4109,4247,4248,4287,4075,4213,4108,4111,4110,4245,3893
4449,4173,3863,3895,4703,4344,4044,3897,4172,4487,4450,4822
4081,4082,4080,4000,4034,4079,4002,4228,4144,4145,4101,4143
4032,4001,4083,4081,3765,4082,4000,4002,4080,4100,4034,4139
4228,4230,4229,4145,4288,4299,4350,4337,4298,4297,4336,4356
4036,4046,4067,4045,4068,4007,4130,4205,4291,4037,4602,3953
4007,4067,4068,4037,4130,3953,4045,4131,4038,4602,4132,4291
4131,4187,4132,4071,4141,4602,4189,4219,4372,4069,4130,4188
4037,4071,4187,4131,4069,4189,4068,4188,4141,4132,4219,4171
4041,3975,4048,3974,4040,4050,3926,3977,4207,3976,4195,3925
4157,4195,3976,4117,4116,4083,4379,3928,4033,3924,4100,4746
4040,4050,3974,4195,4157,3926,3976,4206,4927,4117,4379,3928
4263,4174,4148,4355,4172,4121,4343,4084,4344,4181,4414,4585
4148,4042,4263,4084,4121,4174,3971,4355,4086,4015,4181,4149
4042,4172,4174,4344,4263,4043,4343,4355,4585,4148,4487,4121
4205,4291,4130,4203,4191,4068,4602,4296,4204,4140,4511,4132
4045,4067,4205,4036,4130,4291,4026,4068,4203,4191,4007,4602
3975,4039,4065,3977,3974,4048,4041,3926,4112,3996,3925,4040
4041,4207,4050,3974,4040,4341,4927,4206,4195,406,403,3926
4039,4048,4047,4112,4041,3975,4207,3974,4050,4065,4246,4040
4195,4206,4040,4379,4157,401,403,4116,397,3976,394,4117
3617,3616,3750,3846,4962,3791,3753,3845,4685,4046,3499,4035
3967,4223,4295,4221,3989,3966,4716,4426,4099,4222,3987,3551
4262,4085,4015,4361,4146,4303,4300,4086,4305,4290,4147,4271
4262,4053,4361,4061,4085,4303,4290,4015,4289,4305,4058,4146
4060,4061,4054,4058,4269,4361,4016,4262,4289,4053,4290,5172
4013,4055,4054,4016,4061,4060,4053,4262,4361,3971,4058,4015
3979,3993,3652,425,427,423,3918,421,3725,3457,420,418
4289,4061,4380,4290,4381,4578,4361,4399,4524,4397,4579,4305
4128,4239,4114,4270,4055,4056,4060,4014,4240,4269,4013,3969
4269,4058,4061,5172,4289,4054,4380,4290,4361,4615,4262,4578
4289,4361,4290,4262,4305,4381,4380,4053,4303,4397,4085,4399
4717,3721,3653,4202,4224,3817,3719,3603,3956,4947,3826,3604
3982,4129,3981,4238,4059,3910,4114,4237,4014,3776,3969,4239
4065,4047,3980,3975,3977,4049,3996,4039,3888,3926,3925,3974
3977,3975,3996,3925,3926,4039,3974,3927,3889,3928,4041,4048
3869,3980,3888,3996,4064,3889,3838,4065,3844,3977,3927,4047
4130,4045,4068,4291,4602,4205,4132,4037,4131,4140,4203,4296
4037,4132,4131,4602,4130,4141,4372,4187,4140,4291,4071,4219
4071,4171,4188,4235,4189,4436,4187,4236,4208,3907,3862,4131
4069,4171,4071,4188,4151,4038,4436,4235,3861,4189,4187,3862
4188,4187,4189,4236,4131,4235,4219,4141,4333,4436,4132,4208
4686,4073,4088,4166,4354,4063,3774,4089,4179,4238,4237,3708
4063,4686,3774,4354,4166,3982,4129,3934,4238,4179,3981,4059
4064,3980,4066,4065,4110,3888,4047,3869,3996,3977,3975,3889
4213,4074,4064,3881,4247,4110,3980,4066,4047,4065,4111,4287
4078,4122,4123,4137,4134,4124,4125,4136,4218,4133,4212,4217
4209,3938,4210,3939,4352,4124,4234,4306,4078,4076,3887,4334
4123,4124,4125,4122,4133,4307,4134,4136,4306,4243,4214,4244
4143,4145,4356,384,382,4228,4297,379,378,376,4299,374
4228,4079,4145,4034,4229,4143,4356,4299,4297,4101,4230,384
4000,4034,4080,4101,4228,4139,4079,4145,4230,4229,4288,4029
4079,4080,4144,4143,4081,4145,4356,384,4228,385,387,382
4100,4082,4032,4144,4357,4080,4081,4079,4001,4143,387,385
4148,4086,4121,4015,4263,4149,4146,4053,4147,4181,4355,4085
4146,4303,4300,4271,4147,4305,4302,4304,4290,4149,4272,4366
4149,4147,4146,4085,4181,4180,4271,4272,4300,4413,4303,4513
4869,3933,3892,3819,3890,3818,3958,3820,3852,3957,3789,4292
4686,4089,4166,4179,4073,4354,4237,4165,4164,4238,4063,3774
4179,4165,4166,4164,4237,4686,4201,4178,4354,4175,4238,4073
4089,4165,4088,4179,4201,4164,4178,4166,4072,4686,4281,4237
4253,4102,4103,4105,3402,4480,3950,4185,4120,4254,3401,4115
4253,4091,3402,3790,4103,3950,4104,4102,3401,4105,3333,4120
3300,3304,3351,3024,3315,3349,3350,3577,3718,3179,3025,3177
3495,3481,3883,3646,3690,3496,3392,3389,3929,3398,4286,3647
4126,4127,4098,4194,4259,4158,4135,4192,4155,4390,4250,4025
4097,3942,4118,4155,4098,4154,4095,4170,4159,3941,4156,4135
4155,4098,4118,4159,4095,4135,4126,4156,4170,4158,4432,4160
4126,4155,4135,4158,4127,4159,4259,4418,4160,4390,4156,4194
4869,4360,4087,3958,3892,3890,4292,3933,3819,3959,3988,3957
4357,4082,4144,4079,387,385,4143,4032,384,4080,382,4356
4288,4034,4230,4229,4337,4336,4228,4138,4350,4470,4427,4145
4105,4185,4103,4254,4120,4257,4256,3950,4310,4325,4258,4255
4105,4120,3950,4254,4185,4115,4310,4232,4256,3951,4325,4257
4102,4091,4480,4103,4185,4105,4320,4253,4257,4254,3914,3402
4254,4185,4120,4310,4256,4325,4232,4257,4115,4255,4323,4373
4168,4261,3886,4167,4314,3780,4313,4410,3914,4211,4260,3885
4106,3930,4318,3745,4261,4168,4314,3914,3749,3886,4167,4410
4248,4245,419,4109,4287,417,4342,415,4113,4247,4111,413
4248,4287,4247,4245,4111,4113,419,4213,4110,4342,417,4075
4047,4049,4064,4039,4065,4112,3975,4048,3980,3977,4041,3974
4049,4110,4112,4047,4048,4246,4039,4064,4207,4041,413,3975
4048,4207,4341,4039,4050,4041,408,4927,406,4206,403,3975
4111,4112,4246,413,4049,411,4110,4048,4207,408,4341,406
4056,4014,4128,4055,4013,4060,3970,4054,4270,4061,4016,4269
4231,4010,4232,4753,4310,4374,4009,4277,4161,4373,4278,4392
4100,4746,4357,4083,393,4082,389,4144,387,385,4032,4033
4033,4083,4032,4116,4020,4100,4082,4001,4081,4080,4357,4746
4155,4170,4156,4159,4098,4169,4135,4184,4186,4160,4126,4095
3942,3932,4096,4097,3941,4095,4098,3793,4004,4155,4432,4118
4310,4232,4115,4254,4325,4231,4373,4256,4374,4010,4324,4277
4149,4181,4086,4355,4180,4147,4413,4414,4146,4514,4272,4343
4134,4123,4136,4218,4133,4217,4125,4214,4328,4216,4215,4327
4133,4125,4136,4214,4244,4243,4307,4217,4215,4225,4216,4345
4125,4307,4306,4123,4353,4243,4347,4133,4351,4122,4348,4244
4133,4307,4243,4244,4347,4214,4136,4345,4353,4346,4348,4225
4158,4259,4135,4390,4418,4192,4250,4159,4160,4510,4509,4193
4259,4192,4126,4250,4158,4390,4193,4135,4251,4510,4418,4191
4060,4055,4270,4056,4269,4061,4058,4382,4054,4013,5172,4289
4059,3981,4114,4128,4239,4014,4056,4176,3969,4055,4270,4013
4291,4602,4140,4132,4296,4203,4372,4131,4511,4371,4141,4204
4132,4141,4187,4602,4372,4219,4189,4220,4140,4142,4333,4188
4372,4141,4140,4220,4219,4142,4189,4296,4371,4332,4333,4330
4214,4244,4243,4345,4225,4215,4416,4346,4347,4216,4424,4348
4217,4136,4328,4123,4216,4275,4214,4215,4133,4326,4125,4276
4158,4160,4418,4390,4259,4182,4184,4317,4509,4183,4250,4510
4214,4215,4133,4216,4244,4225,4275,4226,4227,4276,4243,4425
4218,4134,4122,4327,4217,4328,4136,4458,4123,4078,4326,4275
4336,4169,4288,4427,4470,4337,4170,4186,4230,4562,4156,4471
4029,4101,4288,4138,4034,4230,4336,4005,4337,4229,4080,4427
4372,4371,4142,4503,4339,4141,4220,4433,4330,4504,4332,4557
4219,4220,4372,4142,4333,4332,4329,4330,4236,4371,4331,4234
4330,4339,4332,4338,4340,4433,4429,4331,4329,4557,4430,4431
382,4356,379,378,4145,376,4297,374,4228,4299,373,371
4143,385,384,4079,382,4356,379,4080,4145,378,376,4297
4228,4297,4356,4299,376,374,378,4229,373,379,4298,371
4147,4271,4300,4303,4272,4366,4180,4304,4302,4305,4403,4513
4272,4271,4180,4366,4300,4513,4403,4514,4413,4363,4304,4364
4121,4263,4086,4355,4149,4181,4015,4147,4414,4180,4146,4413
4147,4180,4181,4272,4413,4146,4514,4513,4271,4414,4403,4472
4151,3861,4171,4070,3960,3862,4436,3781,4069,3952,3746,4235
4436,3862,4171,3781,4235,3907,3800,4069,4188,3782,3908,4071
4153,3827,4150,4011,3861,3825,3960,4151,3955,4070,4171,3746
4011,4150,3827,3955,4070,4151,3861,4171,3960,3825,3952,4069
4170,4169,4118,4156,4138,4186,4427,4097,4159,4155,4184,4336
4159,4135,4156,4126,4160,4158,4184,4418,4127,4259,4186,4183
4159,4184,4186,4160,4567,4301,4183,4135,4562,4182,4418,4321
4117,4083,4116,4033,4100,4032,4746,4082,4357,394,4020,4144
4390,4418,4509,4250,4160,4510,4317,4182,4391,4251,4315,4385
4160,4135,4184,4183,4418,4158,4301,4182,4567,4317,4321,4390
4183,4182,4418,4317,4301,4322,4315,4321,4316,4509,4390,4567
4753,4162,4392,4278,4408,3898,4277,4407,4595,4451,4374,3897
4392,3898,4408,4407,4278,4451,3897,4597,4277,4595,4934,4450
4162,4161,3898,4392,4408,4753,3829,3897,4278,4451,4407,4231
4175,4237,4177,4176,4294,4240,4200,4238,4282,4239,4809,4354
4164,4179,4178,4312,4237,4177,4166,4175,4200,4279,4686,4176
4237,4354,4238,4176,4164,4063,4129,4175,4059,4239,4240,3982
4211,4313,4260,3885,4458,4212,4502,4493,4137,4327,3884,4409
3886,4167,4261,4313,3885,4211,3798,4260,4410,4502,4212,4458
4170,4427,4186,4156,4336,4562,4470,4184,4567,4159,4337,4301
4156,4186,4159,4184,4427,4155,4567,4562,4336,4160,4301,4470
4436,4188,4235,3862,4071,3907,4236,4189,4208,3800,3781,4187
4174,4585,4343,4487,4355,4661,4263,4586,4414,4473,4584,4148
4344,4449,4044,4172,4487,4585,4174,4703,4042,4343,4822,4586
4263,4355,4343,4414,4585,4148,4121,4181,4661,4473,4472,4413
4176,4294,4240,4809,4239,4282,4270,4527,4382,4059,4492,4128
4239,4240,4059,4270,4294,4809,4128,4382,4269,4114,4060,4282
4294,4175,4282,4809,4240,4283,4176,4492,4527,4382,345,4239
4177,4164,4200,4175,4282,4294,4237,349,4283,351,4176,347
4166,4237,4164,4175,4176,4238,4178,4354,4177,4239,4312,4240
4514,4513,4272,4403,4474,4520,4441,4271,4366,4363,4731,4401
4413,4180,4414,4514,4472,4147,4474,4513,4272,4473,4520,4709
4315,4317,4316,4322,4321,4384,4509,4385,4386,4404,4647,4391
4182,4321,4322,4316,4647,4315,4317,4404,4457,4386,4646,4384
4301,4183,4567,4160,4321,4182,4647,4322,5036,4418,4316,4317
4256,4254,4257,4255,4325,4310,4120,4323,4412,4324,4528,4232
4567,4184,4562,4301,4470,4159,5036,4183,4647,4160,4471,4321
4189,4141,4219,4132,4188,4333,4220,4236,4372,4329,4235,4234
4235,4236,4189,4208,4333,3907,4219,4234,4209,4077,4141,4329
4236,4333,4219,4141,4234,4208,4329,4220,4209,4334,4372,3907
3692,3573,3594,3693,3442,3654,3871,3870,3901,3283,3574,3723
4204,4193,4252,4203,4511,4504,4291,4251,4250,4548,4296,4130
4193,4250,4259,4251,4191,4252,4390,4510,4158,4204,4548,4539
4252,4250,4251,4204,4548,4510,4504,4203,4539,4390,4511,4158
4192,4127,4193,4259,4250,4126,4026,4191,4251,4158,4252,4390
4379,4157,4116,4746,397,394,4117,4083,4100,393,4357,389
4242,4198,4309,4437,4521,3964,4241,5341,4308,3963,4445,4423
4199,4196,3984,4265,4309,4198,3962,3964,4267,4242,4308,4437
3963,4241,4242,5341,4280,4521,3943,4437,4281,4201,4423,4090
4265,4196,4309,4308,3984,4242,4437,4198,4445,4439,4521,4438
4283,4177,4282,347,345,4492,4294,4387,4175,343,4490,4527
4281,4312,4165,4178,4279,4164,4311,4200,4177,4179,349,351
4947,3817,3956,3826,4152,4153,3954,3815,3827,3879,3825,4150
4204,4511,4296,4504,4252,4140,4503,4602,4371,4548,4663,4251
4252,4511,4504,4296,4548,4503,4251,4663,4140,4371,4557,4539
4203,4191,4291,4204,4130,4511,4296,4252,4193,4504,4140,4602
4379,401,4195,397,394,4746,4116,4040,393,4157,389,4357
4927,4050,4206,406,403,4041,401,4195,4040,4379,397,3974
4209,4077,4234,4210,4352,4333,3908,3938,4334,4306,4124,4329
4352,4210,4306,4334,3938,4351,4124,4353,4329,4307,4335,4375
4306,4124,4352,4307,4351,4078,4353,4125,4334,4347,4375,4076
4212,4260,4458,4327,4137,4493,4218,4494,3884,4328,4326,4134
4218,4327,4137,4458,4328,4134,4494,4326,4217,4493,4122,4275
4110,4064,4074,4047,4111,3980,4065,4049,4066,3975,4039,4113
4244,4215,4225,4227,4216,4416,4345,4425,4424,4226,4346,4481
4227,4225,4226,4425,4276,4648,4481,4424,4416,4505,4484,4345
4215,4226,4276,4227,4506,4505,4225,4648,4507,4425,4244,4481
4216,4275,4136,4215,4276,4226,4214,4456,4506,4133,4227,4225
4328,4134,4217,4326,4275,4136,4216,4494,4456,4123,4215,4604
4333,4220,4329,4332,4234,4142,4334,4331,4330,4208,4335,4340
4332,4142,4329,4330,4333,4331,4340,4339,4338,4234,4334,4335
4222,4426,4223,4716,4428,4295,4358,3967,392,4099,4360,4434
4428,4426,392,4358,4223,4716,4434,391,4295,4360,4467,4359
4295,4716,4426,4099,3989,4360,4428,4358,3966,4869,3987,4087
3817,3604,3815,3826,4202,3816,3814,3825,4947,3747,4152,3827
4425,4424,4416,4227,4484,4481,4226,4415,4444,4648,4626,4454
4227,4505,4648,5110,4481,4425,4507,4626,4545,4650,4424,4651
4425,4481,4648,4424,4626,4484,4505,5110,4482,4650,4625,4454
4229,4299,4297,4230,4298,4356,4350,374,373,376,371,378
4298,4299,4350,4337,4349,4297,4377,371,373,370,374,4378
4229,4337,4350,4336,4298,4470,4299,4377,4471,4427,4349,4562
4753,4277,4374,4278,4161,4596,4392,4373,4595,4488,4407,4162
4231,4374,4373,4277,4325,4753,4488,4324,4596,4278,4323,4489
4265,4199,4267,4197,4530,4308,4309,4196,4439,3985,372,3984
4334,4209,4352,4329,4351,4210,4335,4306,4331,4375,4332,4353
4208,3907,4236,4189,4077,4209,4234,4333,3908,3800,4210,4219
4208,4333,4234,4209,4219,4077,4329,4352,4334,4210,4220,4351
4176,4175,4238,4239,4240,4177,4059,4294,4129,4270,4809,4128
4059,4176,4239,4129,4128,4175,4240,4114,4270,3981,4060,4055
4270,4128,4240,4060,4114,4269,4382,4809,4055,4056,4058,5172
4809,4270,4382,4269,4527,4128,4615,4060,5172,4769,4492,4058
5341,4280,4281,4201,4521,4311,4312,4423,4090,4165,4279,4178
4521,5341,4437,4241,4423,4435,4281,4422,4311,4445,4201,4280
4345,4346,4244,4348,4416,4415,4214,4417,4225,4389,4424,4453
4345,4416,4225,4346,4424,4415,4215,4425,4227,4444,4417,4484
4342,417,4287,4113,415,413,4111,4246,411,4112,4110,4049
408,4112,4341,4207,406,4048,4927,403,4050,4206,401,4041
4287,4213,4110,4111,4113,4049,4064,4245,4047,4074,4112,4342
4245,4287,4113,4247,4342,417,4111,415,413,4112,4110,4246
4075,4213,4247,3893,4109,4074,4110,4064,4287,4111,4248,3881
4251,4510,4390,4539,4252,4509,4548,4391,4418,4204,4519,4504
4548,4539,4510,4504,4547,4391,4519,4663,4509,4511,4516,4664
4251,4504,4548,4511,4663,4539,4510,4503,4547,4296,4557,4519
4103,3950,4102,4105,4120,3401,4115,3951,4254,4185,4480,4310
4310,4325,4256,4232,4323,4373,4255,4324,4115,4374,4528,4231
4323,4528,4529,4325,4411,4549,4324,4853,4668,4310,4690,4373
4255,4325,4323,4310,4412,4324,4528,4373,4549,4529,4232,4668
4255,4256,4412,4409,4254,4323,4528,4325,4411,4529,4502,4310
4257,4409,4412,4255,4411,4502,4185,4256,4529,4528,4493,4323
4250,4390,4158,4510,4193,4251,4418,4509,4539,4391,4252,4317
4458,4493,4212,4494,4411,4327,4690,4218,4326,4137,4529,4328
4313,4410,4167,4260,4319,4502,3886,4211,4409,3885,4458,4493
4361,4085,4303,4305,4300,4290,4146,4302,4397,4289,4271,4086
4355,4121,4181,4414,4343,4149,4086,4413,4180,4472,4585,4015
4633,3985,4197,3983,3984,4233,4199,3962,4196,4265,3964,3921
4308,4309,4439,4196,4445,4438,4437,4242,367,366,3984,4521
4633,4591,4233,4264,4603,4268,4197,4199,4267,4265,4394,3985
4265,4439,4308,369,4199,367,4309,4438,366,4445,364,4196
4530,4267,375,4233,372,369,4265,4439,4308,4199,367,4197
5172,4058,4615,4380,4289,4061,4578,4579,4769,4290,4381,4399
4269,4060,4382,4058,5172,4055,4615,4061,4527,4056,4289,4380
4366,4272,4304,4364,4403,4302,4363,4513,4402,4365,4362,4401
4403,4366,4513,4363,4514,4441,4401,4364,4304,4520,4402,4474
4274,4394,4264,4633,4293,4266,3985,3986,3983,4197,4591,4233
4266,4633,4264,4394,4591,4197,4233,3985,4199,3983,4603,3984
4456,4506,4276,4216,4226,4544,4507,4505,4215,4683,4542,4227
4226,4505,4507,4648,4545,5110,4227,4542,4543,4762,4481,4650
4278,4596,4595,4392,4407,4488,4765,4832,4934,4408,4655,4745
4595,4407,4596,4408,4934,4832,4597,4765,4451,4488,4868,4485
349,351,4200,347,4178,345,4283,4177,4282,4387,4164,343
4090,4201,4165,4089,4281,3946,4178,4312,5341,4179,4164,4088
4312,4311,4279,4178,351,353,349,4200,4165,355,347,4177
4492,4294,4527,4809,4490,4387,4563,4240,4769,4382,4615,343
4387,4492,4282,4490,343,4491,4563,4294,4527,4541,341,4809
3730,3683,3674,4008,3762,3995,3684,3999,3690,4006,3994,3734
4432,4194,4025,4127,4192,4095,4026,4193,4259,4126,4191,4250
3932,3793,3647,3941,4119,3792,4285,3522,3942,4432,4095,4194
4113,4111,4342,4110,4112,4049,4246,4213,415,413,4047,411
4336,4230,4337,4470,4427,4350,4229,4169,4471,4562,4228,4186
4290,4381,4380,4361,4397,4399,4305,4398,4400,4524,4303,4367
4397,4305,4381,4303,4367,4400,4302,4399,4398,4300,302,4461
4203,4296,4140,4511,4602,4204,4371,4503,4504,4132,4372,4252
4293,3958,3959,3986,3890,4394,4273,3983,3904,3921,3892,3957
3986,4394,3959,3983,3921,3985,4264,3890,3904,3962,4274,3905
4809,4240,4527,4492,4382,4270,4239,4615,4769,4563,4269,4490
3989,4099,4716,4360,4087,3987,4869,4358,3958,3990,4292,3933
4140,4503,4371,4504,4372,4142,4433,4663,4557,4339,4548,4330
374,376,4299,373,371,4298,370,4349,368,4350,4378,4377
4349,4377,370,371,4378,373,368,4376,4590,365,4675,4471
4298,373,374,371,4349,370,4350,368,4377,4378,4337,365
4271,4302,4304,4366,4272,4367,4364,4362,4397,4363,4403,4365
4321,4183,4647,4322,5036,4646,4182,4457,4316,4404,4688,4315
4367,4304,4362,302,4364,4366,299,4400,4365,296,4369,4461
4305,4300,4302,4397,4367,4271,4304,4362,4381,4366,4147,4400
4364,4366,4362,4365,4363,4402,302,4369,4403,299,4368,296
4397,4302,4367,4300,4400,4304,302,4362,4398,4271,299,4461
4353,4307,4351,4347,4375,4125,4388,4243,4348,4447,4665,4133
4347,4353,4243,4348,4388,4133,4346,4345,4244,4389,4447,4214
4438,4445,4309,366,4437,362,364,361,4435,4446,359,4242
4437,4445,4242,4521,4435,4438,4423,4198,5341,4446,359,4422
4232,4325,4373,4374,4324,4231,4323,4488,4489,4277,4549,4596
4279,353,351,349,4312,347,4200,4178,345,4283,4177,343
4178,4279,4200,4177,349,351,4164,347,4282,4283,4175,345
4260,4502,4211,4409,4493,4458,4411,3885,4212,4258,4494,4327
4410,4319,4261,4313,4320,4409,4258,4502,4168,4167,4260,4257
4316,4384,4385,4386,4515,4406,4404,4508,4405,4517,4740,5104
4386,4384,4404,4406,4405,4385,5104,4457,4515,5541,4624,4740
4315,4385,4316,4384,4391,4322,4508,4386,4515,4519,4406,4539
3914,3930,4314,4319,4261,4320,4410,4106,3912,4313,4258,4168
4410,4258,4409,4502,4257,4313,4412,4411,4260,4255,4493,4185
4319,4480,4258,4257,4409,4185,4410,4102,4412,4255,4256,4502
4322,4457,4404,4646,4316,5104,4386,4654,4315,4824,4624,4405
4316,4404,4457,4386,4315,5104,4384,4405,4406,4624,4385,4654
4324,4528,4549,4668,4373,4529,4489,4853,4656,4488,4669,4374
4549,4489,4488,4668,4656,4374,4655,4657,4853,4765,4596,4669
4324,4323,4373,4549,4528,4489,4374,4488,4668,4231,4529,4656
4456,4604,4275,4506,4217,4544,4683,4276,4605,4216,4507,4689
4328,4326,4218,4494,4275,4217,4456,4604,4134,4690,4506,4216
4326,4275,4217,4456,4216,4506,4276,4604,4136,4215,4544,4226
4331,4334,4332,4335,4340,4352,4330,4351,4468,4665,4375,4338
4338,4340,4429,4331,4430,4468,4431,4496,4335,4666,4634,4601
4340,4335,4468,4665,4338,4430,4744,4375,4666,4351,4448,4447
4330,4331,4340,4338,4468,4335,4430,4334,4429,4665,4431,4666
4234,4329,4334,4209,4352,4332,4331,4335,4351,4077,4210,4142
4335,4351,4352,4375,4331,4306,4665,4353,4468,4447,4340,4388
4665,4375,4351,4468,4447,4744,4448,4353,4388,4306,4666,4537
4427,4470,4337,4562,4471,4350,4186,4567,5036,4377,4675,4156
4470,4350,4471,4562,4377,4298,4675,5036,4688,4186,4349,4378
4340,4430,4431,4496,4634,4468,4601,4666,4495,4497,4744,4598
4330,4429,4433,4338,4340,4332,4496,4431,4430,4558,4331,4495
4468,4430,4666,4335,4431,4744,4665,4601,4634,4833,4496,4448
406,4927,4207,403,4206,401,4050,397,4379,4195,4041,394
413,4113,4246,411,4112,408,4111,4341,4207,406,4049,4048
4414,4661,4473,4472,4658,4586,4181,4413,4709,4659,4474,4708
4172,4487,4585,4586,4822,4343,4174,4661,4584,4660,4659,4355
4416,4415,4417,4424,4225,4444,4453,4425,4479,4484,4478,4227
4345,4415,4417,4416,4453,4479,4478,4444,4424,4535,4225,4623
4348,4388,4243,4346,4389,4345,4417,4537,4244,4415,4535,4478
4346,4389,4417,4345,4415,4478,4535,4479,4244,4416,4453,4559
370,4378,368,4377,4376,365,4590,363,4675,4512,4471,360
4377,4298,4471,4349,4470,4675,4378,4590,370,4562,371,4688
4375,4353,4447,4665,4388,4307,4347,4448,4468,4537,4348,4744
4351,4306,4353,4375,4335,4124,4307,4347,4665,4388,4447,4331
4347,4388,4447,4348,4243,4389,4665,4537,4346,4448,4417,4345
4063,4238,4129,4059,3982,4237,4176,4239,3981,4114,4128,4175
4414,4181,4343,4413,4472,4149,4473,4180,4514,4086,4474,4661
378,379,376,4297,374,4299,373,371,4229,4298,370,4349
387,4144,385,384,4143,4082,4079,382,4356,379,4032,4080
4292,4360,4359,4293,3958,4099,4393,4869,3959,4273,4394,3986
4293,4273,4292,4394,3986,4395,4274,3959,4264,3958,3983,3985
3958,4292,4869,3890,3959,4293,4087,4359,3892,3986,3904,3957
4290,4303,4305,4085,4397,4300,4302,4381,4367,4146,4380,4400
299,296,4365,4369,298,4364,292,4370,294,4937,287,4368
4402,4401,4442,4365,4573,4368,4440,4443,4469,4419,4370,4553
4363,4365,4402,4368,4401,4442,4573,4369,4370,4419,299,296
4369,4368,4370,4402,296,292,4937,4573,4466,4419,4421,4442
4363,4364,4403,4402,4401,4365,4441,4442,4362,4368,4573,4440
302,4400,4362,299,4461,4304,298,296,4369,4365,294,4460
4419,4370,4573,4466,4464,4553,4421,4937,4641,4469,4420,4639
292,4370,4937,287,4421,4368,283,291,4466,4694,280,288
4421,4937,4466,4419,287,4420,4694,4642,283,4573,4641,4464
4339,4142,4433,4557,4330,4429,4338,4663,4220,4558,4332,4496
4142,4220,4371,4332,4219,4330,4339,4329,4333,4503,4340,4331
4324,4374,4488,4489,4549,4596,4277,4655,4765,4657,4656,4595
4277,4488,4596,4765,4278,4595,4489,4655,4832,4392,4407,4745
4447,4665,4353,4388,4448,4537,4347,4744,4389,4348,4307,4560
365,363,4512,360,4531,4532,4533,358,4587,5082,356,4593
4378,4675,4590,4376,368,4587,4688,365,4512,4532,363,5036
4376,4590,368,365,4512,363,4675,4532,4531,360,4587,4533
4746,394,4116,393,389,4357,4157,4100,387,4083,4117,4144
4399,4381,4524,4398,4290,4459,4580,4397,4400,4577,4460,4305
4397,4399,4398,4400,4305,4367,4460,4459,4461,302,4302,4526
4615,4269,5172,4769,4058,4060,4578,4579,4380,4563,4684,4289
3382,3074,3141,3911,3252,3709,2994,2992,3198,3381,3101,3266
4386,4406,4515,4405,4740,4508,4517,5541,4538,5104,4785,4643
4384,4508,4515,4519,4517,4406,4386,4516,4518,4538,4740,4643
4405,4406,5104,5541,4515,4740,4799,4624,4785,4538,4517,4854
4491,4490,4492,4541,4540,4566,4563,340,4564,4977,4527,336
4389,4348,4537,4535,4346,4417,4478,4243,4559,4560,4345,4536
4535,4478,4417,4346,4559,4479,4536,4623,4415,4453,4345,4649
4510,4509,4418,4317,4391,4251,4539,4385,4519,4182,4315,4548
4519,4385,4508,4516,4547,4315,4518,4517,4515,4384,4572,4571
4278,4408,4407,4595,4451,4934,4597,4596,3897,4832,4485,4868
4273,4395,4359,4274,4394,4592,4264,4266,4293,4292,4633,383
3986,3983,4264,3985,3962,3921,4633,4197,3984,3964,3904,4233
4274,4592,4273,4266,4633,4264,4591,4692,4394,4233,381,4197
1847,1839,2067,1664,1767,1752,1600,1840,2070,2215,1662,1623
4367,4400,4398,4302,302,4461,4362,4460,299,298,4304,4499
4460,4400,4461,4526,4499,302,4367,4498,4501,4523,298,299
4398,4459,4460,4400,4526,4397,4577,4523,4461,4499,4501,4367
4461,302,4460,298,299,4499,4498,4362,294,296,4526,291
4442,4440,4443,4402,4573,4469,4476,4368,4553,4552,4419,4365
4368,4573,4442,4419,4370,4469,4443,4553,4466,4369,4464,4421
4363,4401,4441,4364,4402,4440,4442,4443,4475,4573,4365,4469
4386,5104,4405,4624,4406,4384,4799,5541,5073,4654,4959,4515
5541,4406,4799,4624,4740,4785,4958,4854,4959,5039,4538,4840
4740,5541,4785,4538,4799,4517,4751,4854,4840,4624,4643,4958
4934,4595,4597,4451,4832,4868,4485,4808,4765,4450,4867,4745
4451,4407,4597,4485,4934,4450,4595,4868,4808,3895,4486,4832
4502,4411,4412,4493,4529,4260,4255,4690,4528,4458,4256,4494
4313,4502,4409,4260,4258,4167,4411,4493,4412,4211,4458,4257
4529,4493,4690,4494,4528,4853,4458,4605,4604,4323,4668,4327
4255,4529,4411,4528,4323,4690,4853,4493,4668,4549,4325,4605
4514,4472,4474,4180,4520,4513,4709,4731,4272,4441,4732,4403
4472,4413,4473,4474,4709,4514,4180,4658,4731,4520,4708,4513
4453,4444,4424,4479,4455,4478,4452,4484,4477,4425,4454,4623
4424,4415,4444,4425,4484,4453,4227,4454,4481,4452,4479,4455
4479,4478,4415,4453,4623,4416,4477,4444,4536,4455,4424,4452
4317,4509,4182,4315,4510,4385,4183,4391,4316,4384,4322,4539
4464,4466,4553,4641,4639,4420,4463,4421,4551,4465,4642,4693
4641,4462,4465,4778,4463,4728,4821,4681,4640,4639,4777,4779
4642,4420,4694,4466,4462,4641,4778,4821,4464,274,4465,268
355,353,4311,351,4279,349,4281,347,4312,345,4200,4201
4422,4311,355,353,357,351,4281,4279,349,4312,347,4201
4425,4484,4444,4481,4454,4482,4452,4453,4626,4648,4455,4555
4481,4484,4648,4482,4626,4444,4454,4650,4452,4625,4555,5110
4716,4428,4358,4295,4360,4099,4434,4292,4359,3989,3958,391
4470,4186,4562,4337,4567,4471,4156,5036,4184,4301,4350,4647
4434,4358,4716,4467,4359,4360,4393,4292,390,4295,4293,4099
4338,4496,4431,4495,4430,4340,4634,4497,4632,4601,4600,4955
4666,4601,4634,4744,4635,4833,4497,4598,4495,4665,4448,4560
4634,4495,4497,4430,4601,4600,4598,4666,4599,4635,4468,4833
4194,4127,4095,4192,4126,4259,4025,4098,4250,4193,4158,4390
4429,4558,4496,4338,4431,4330,4495,4632,4955,4572,4340,4430
4467,4393,4359,4358,4273,4522,4292,4395,388,4293,4360,4394
359,357,4422,4446,4423,355,353,5341,4311,351,4281,4279
4235,3907,4188,3800,4208,3908,4236,4077,3782,4189,4209,3797
4521,4435,4423,4422,5341,359,357,355,4446,361,4311,353
362,364,4445,361,4446,359,4435,4437,357,4422,355,4521
367,4308,366,4438,364,362,4445,361,4309,4446,4437,4435
4443,4476,4442,4469,4552,4574,4570,4573,4402,4551,4553,4629
4440,4401,4475,4443,4476,4363,4442,4574,4402,4730,4469,4552
4573,4443,4469,4553,4419,4368,4551,4552,4476,4464,4466,4639
4469,4476,4552,4573,4551,4553,4570,4568,4419,4569,4368,4639
4452,4454,4484,4455,4621,4483,4482,4477,4555,4481,4546,4865
4435,4446,4437,361,359,362,357,4521,4422,4423,355,5341
359,357,355,4422,4423,353,4311,5341,351,349,4279,4281
4448,4537,4388,4389,4560,4535,4559,4347,4348,4833,4478,4536
4537,4560,4833,4559,4388,4535,4389,4711,4649,4635,4536,4478
4703,4344,4487,4822,4172,4450,4585,4044,4586,4584,4174,4486
4703,4822,4485,4486,4487,4584,4597,4808,4344,4956,4586,4662
4450,4485,4597,4703,4822,4486,4934,4808,4868,4449,4584,4956
4621,4483,4546,4555,4554,4865,4556,4482,4877,4852,4622,4608
4455,4444,4477,4452,4623,4865,4621,4454,4546,4697,4484,4483
4452,4483,4555,4482,4621,4877,4556,4554,4609,4625,4546,4800
4452,4621,4865,4546,4483,4554,4454,4698,4622,4852,4555,4556
4506,4544,4683,4276,4507,4689,4542,4762,4216,4505,4226,4669
4404,5104,4654,4624,5073,4405,4386,4825,4959,4799,4588,4857
4327,4493,4494,4326,4218,4328,4690,4604,4456,4275,4217,4134
4526,4523,4398,4460,4525,4501,4963,4499,4400,4461,4583,4498
4499,4461,4526,4501,4498,298,4500,294,302,4525,291,4826
298,4498,4499,294,299,291,296,4500,292,4501,288,4362
4728,4465,4777,4681,4779,4796,4682,4463,4823,4640,262,4910
4638,4640,4465,4681,4795,4680,4679,4728,4729,4682,4794,4760
4641,4639,4463,4420,4465,4638,4693,4640,4462,4642,4795,4681
4681,4728,4640,4682,4638,4729,4679,4796,4777,4797,4680,4798
4641,4420,4464,4642,4553,4463,4462,4465,4694,4639,4778,4551
4393,4522,388,4395,4359,4273,386,4592,4274,4358,4266,4394
4744,4665,4666,4430,4448,4833,4601,4447,4375,4560,4634,4635
4553,4551,4552,4419,4639,4464,4568,4693,4570,4569,4466,4463
4562,4471,5036,4567,4675,4688,4377,4647,4301,4184,4298,4646
4675,4688,5036,4377,4587,4590,4567,4378,4824,4646,4647,4532
4474,4709,4514,4731,4520,4732,4708,4180,4513,4730,4475,4441
4472,4658,4709,4708,4474,4413,4732,4772,4731,4514,4771,4773
4731,4520,4732,4513,4475,4441,4730,4708,4440,4403,4773,4574
4440,4476,4574,4443,4628,4570,4401,4629,4552,4442,4469,4883
4570,4552,4469,4569,4629,4551,4568,4576,4883,4573,4553,4699
4865,4455,4697,4698,4546,4929,4621,4622,4452,4879,4893,4892
4479,4623,4536,4453,4477,4653,4697,4649,4455,4865,4879,4444
4453,4623,4477,4455,4697,4865,4444,4653,4698,4452,4621,4546
4185,4102,4257,4258,4105,4256,4254,4319,4103,4255,4412,4409
4626,4484,4482,4650,4625,4454,5110,4877,4555,4755,4651,4452
4877,4555,4625,4483,4609,4800,4556,4755,4621,4801,4607,4687
4555,4556,4554,4546,4609,4608,4877,4607,4852,4622,4619,4800
4454,4482,4452,4626,4555,4483,4877,4625,4621,4455,4650,4556
4486,4808,4822,4956,4584,4868,4662,4974,4487,4738,4660,4586
4956,4584,4808,4662,4660,4738,4586,4974,4739,4737,4659,4585
4585,4586,4584,4660,4486,4661,4659,4343,4662,4658,4174,4956
4765,4596,4655,4489,4745,4657,4595,4832,4696,4656,4934,4815
4655,4657,4656,4765,4696,4596,4667,4745,4774,4695,4669,4832
4541,4563,4564,4566,4977,4769,4684,4540,4565,4611,4550,4579
4541,4540,4566,4490,336,4977,4550,334,4564,4565,4563,327
4490,4563,4527,4769,4809,4541,4564,4491,4684,4615,4382,4579
4494,4690,4327,4529,4604,4326,4605,4853,4328,4456,4528,4218
4326,4690,4604,4456,4328,4605,4683,4275,4853,4544,4506,4217
4497,4600,4634,4599,4676,4677,4598,4601,4678,4830,4636,4635
4495,4431,4632,4497,4600,4634,4430,4676,4707,4599,4601,4677
4599,4598,4601,4677,4636,4635,4678,4637,4833,4713,4830,4724
294,291,4500,288,292,296,285,287,4770,283,4826,280
4498,4500,4501,294,298,291,288,4826,4770,285,299,296
288,285,291,4770,4826,281,4855,283,287,4747,292,280
4826,4500,4747,4770,4498,288,285,291,4855,294,4748,298
4260,4493,4411,4458,4412,4211,4690,4494,4529,4327,4212,4255
4557,4371,4663,4433,4664,4339,4558,4429,4547,4142,4496,4572
4663,4548,4503,4557,4547,4664,4539,4371,4433,4572,4558,4519
5110,4545,4648,4650,4651,4543,4626,4481,4652,4425,4878,4754
4276,4507,4544,4542,4505,4226,4762,4689,4545,4543,5110,4648
4542,4505,4545,4543,5110,4763,4878,4652,4648,4651,4650,4930
4517,4518,4516,4515,4643,4538,4571,4572,4644,4740,4406,4803
4317,4391,4385,4315,4539,4519,4508,4384,4316,4515,4516,4547
4539,4391,4509,4519,4548,4317,4547,4385,4508,4516,4315,4504
4296,4504,4503,4663,4371,4140,4548,4557,4433,4664,4547,4339
4531,360,4533,4532,358,5082,356,4593,354,4588,4589,352
4403,4441,4520,4401,4440,4363,4366,4475,4731,4443,4442,4364
4513,4474,4520,4441,4731,4403,4709,4475,4440,4401,4732,4730
4517,4406,4740,4538,4643,4518,5541,4785,4751,4405,4803,4644
4572,4518,4571,4517,4644,4955,4643,4707,4515,4538,4752,4803
4643,4518,4538,4740,4644,4803,4751,4571,4785,4752,4749,5541
4643,4644,4571,4538,4803,4707,4752,4955,4740,4751,4750,4749
4516,4547,4508,4572,4518,4571,4517,4664,4515,4643,4955,4644
4441,4731,4475,4440,4403,4730,4732,4401,4476,4574,4443,4363
5341,4423,4422,4435,4311,4281,355,357,353,359,4279,4446
4395,386,4393,4592,4274,4273,4266,383,4692,4359,4591,4633
4963,4526,4525,4583,4748,4501,4460,4925,4747,4705,4499,4826
4399,4459,4577,4398,4523,4381,4526,4460,4582,4583,4963,4400
4501,4747,4748,4826,4499,4500,4845,4855,4770,4967,4846,4498
4501,4525,4499,4963,4826,4747,4500,4461,4498,4748,4770,294
4769,4563,4615,4382,4579,4490,4684,5172,4564,4269,4578,4541
4853,4668,4549,4324,4690,4605,4669,4656,4489,4683,4373,4604
4528,4853,4690,4605,4668,4549,4494,4604,4669,4683,4324,4656
369,4267,4439,367,4308,4265,366,4438,364,4199,362,4445
358,4533,356,5082,4593,354,352,4589,4588,5307,350,348
5082,4533,4588,4531,4593,4589,358,360,356,354,4825,5307
358,5082,4593,356,354,352,4589,5307,350,348,4825,4856
3374,3366,3759,3484,3377,462,460,458,3363,3376,3673,457
4478,4536,4623,4417,4649,4479,4653,4697,4477,4453,4415,4710
4623,4653,4479,4697,4879,4477,4706,4710,4929,4453,4881,4698
4535,4559,4389,4560,4478,4536,4348,4649,4417,4711,4623,4479
4751,4803,4785,4749,4644,4840,4802,4750,4752,4854,4841,4901
4519,4547,4391,4516,4663,4508,4572,4664,4385,4518,4571,4557
336,4566,334,4550,327,4541,4565,4581,4977,319,4612,4594
4566,4977,4564,4565,4550,4611,4684,4594,4769,4645,334,327
4543,4763,4545,4878,4930,4505,4652,4776,4872,5110,4673,4651
4878,4545,4652,4673,4651,5110,4872,4930,4754,4674,4650,4871
4689,4762,4542,4507,4764,4276,4543,4763,4505,4545,4774,4776
5110,4651,4652,4878,4650,4754,4673,4755,4626,4674,4872,4719
4554,4622,4852,4608,4892,4556,4722,4619,4893,4998,4607,4723
4572,4664,4516,4571,4955,4557,4508,4518,4558,4707,4644,4517
4663,4539,4547,4519,4664,4503,4557,4572,4391,4516,4558,4955
4668,4489,4656,4669,4657,4488,4774,4655,4605,4667,4683,4689
4581,4612,4565,319,4594,313,4691,4611,4614,309,4613,4610
4693,4568,4639,4464,4794,4638,4569,4795,4463,4862,4641,4760
4568,4551,4569,4553,4693,4862,4794,4576,4639,4699,4464,4795
4464,4639,4551,4693,4463,4641,4638,4568,4420,4795,4465,4794
4852,4556,4608,4622,4607,4619,4609,4722,4606,4892,5387,4723
4877,4609,4556,4554,4607,4800,4608,4687,4546,5387,4852,4755
4607,4608,4609,5387,4606,4852,4687,4619,4616,4618,4620,4722
4664,4433,4558,4496,4955,4572,4429,4339,4632,4495,4571,4516
4496,4955,4632,4495,4429,4707,4431,4571,4600,4676,4338,4497
4535,4536,4649,4478,4653,4623,4710,4479,4706,4417,4697,4879
4559,4711,4649,4535,4536,4710,4389,4637,4478,4653,4623,4706
3902,3945,3903,3855,3919,3920,3944,3839,3854,3943,3946,3773
4567,5036,4471,4688,4301,4647,4184,4675,4646,4321,4824,4183
4769,4564,4684,4541,4579,4615,4977,4645,4580,4566,4611,4578
4977,4684,4645,4611,4565,4579,4580,4582,4594,4613,4550,4614
4594,4611,4612,4614,4581,319,4613,4691,313,4645,4582,4610
4977,4565,4550,327,4564,4594,4612,4581,4611,319,313,4614
4301,5036,4647,4321,4183,4646,4688,4322,4457,4824,4182,4675
4794,4862,4693,4791,4699,4795,4639,4760,4638,4743,5085,4631
4699,4862,4568,4794,4631,4743,4791,4693,4702,5085,4700,4795
4569,4576,4552,4699,4568,4575,4862,4702,4551,4631,4743,4794
4644,4707,4752,4643,4632,4676,4803,4750,4538,4830,4496,4600
4571,4955,4518,4707,4558,4644,4632,4643,4517,4752,4676,4496
4419,4553,4469,4464,4466,4551,4639,4641,4552,4463,4421,4420
4629,4570,4476,4883,4576,4552,4575,4569,4443,4627,4699,4702
4702,4576,4630,4631,4701,4699,4569,4671,4672,4700,4743,4862
4699,4702,4569,4631,4862,4743,4701,4700,4568,4791,4794,4757
4523,4583,4459,4963,4964,4526,4525,4705,4925,4748,4398,4460
4524,4580,4380,4399,4577,4459,4289,4645,4381,4398,4523,4582
4580,4578,4645,4524,4577,4380,4582,4399,4459,4611,4523,4289
4577,4524,4645,4582,4459,4523,4399,4583,4964,4613,4963,4526
319,4612,313,4594,4691,309,4614,307,4610,4611,4613,304
4964,4613,4583,4577,4705,4704,4523,4963,4925,4906,4748,4758
4963,4705,4925,4748,4525,4906,4846,4526,4747,4845,4948,4758
4660,4586,4662,4956,4659,4739,4661,4738,4737,4658,4772,4804
4661,4586,4343,4659,4584,4473,4658,4660,4414,4355,4472,4772
4660,4659,4661,4658,4739,4662,4772,4473,4708,4804,4737,4414
4532,4824,4588,5082,4512,4646,4533,4654,4531,4589,4825,4593
5082,4589,4825,4654,4593,4533,4856,5073,5307,354,356,352
5307,4856,4825,4907,350,352,354,348,4857,5040,5073,346
4376,4512,4532,4587,4531,365,363,4533,360,5082,4588,4824
4268,4233,4633,4267,377,4530,375,4265,4199,4197,4264,372
4266,4692,4591,4274,381,4603,4633,4233,4273,4268,4264,380
354,352,5307,4589,350,348,4856,4907,346,4825,344,5040
4614,4691,313,4613,4610,4704,309,4964,4582,307,4758,4645
4934,4832,4765,4597,4868,4745,4867,4655,4451,4485,4808,4815
4765,4595,4832,4655,4745,4934,4407,4696,4868,4867,4657,4597
4485,4868,4808,4486,4832,4956,4974,4822,4867,4738,4584,4662
4635,4599,4636,4637,4724,4711,4678,4710,4712,4831,4560,4887
4678,4636,4713,4712,4637,4714,4724,4635,4849,329,4850,4875
4677,4497,4599,4830,4678,4598,4713,4636,4601,4875,4714,4750
4635,4598,4833,4711,4637,4599,4560,4636,4448,4710,4724,4649
4132,4140,4372,4141,4296,4142,4371,4220,4187,4511,4219,4339
377,4268,4591,375,4530,372,4233,4267,369,4633,4265,4439
4456,4683,4605,4544,4689,4506,4275,4669,4762,4542,4507,4276
4683,4669,4689,4668,4544,4456,4764,4762,4774,4656,4506,4542
4616,4620,4617,4618,4786,4723,4767,4768,4766,4787,4903,4922
5387,4606,4687,4616,4618,4619,4620,4903,4938,4786,4617,4787
4619,4606,4607,5387,4722,4723,4617,4616,4620,4687,4618,4768
4607,4687,5387,4938,4608,4618,4801,4606,4903,4616,4787,4957
4758,4784,4704,304,4905,301,4971,4906,4705,4964,297,5081
4613,4594,4645,4614,4582,4964,4704,4691,4580,4610,4705,4577
313,4594,4691,309,4614,4610,4611,307,4613,4704,4784,304
4964,4704,4705,4610,4583,4758,4906,4925,4577,4784,4963,4905
4613,4704,4610,4964,4758,4582,4705,4784,307,4906,304,4905
4579,5172,4578,4684,4580,4380,4058,4524,4645,4564,4399,4289
4620,4786,4787,4767,4617,4904,4922,5174,4939,4766,4861,4923
4620,4768,4766,4767,4858,4786,4861,4860,4983,4859,4922,5037
4787,4616,4786,4939,4620,5174,4904,4767,4922,5044,4999,4617
4723,4606,4617,4768,4620,4851,4616,5387,4766,4767,4858,4983
4767,4786,4766,4922,4861,4904,4768,4923,4860,5174,4858,4941
4546,4483,4554,4556,4852,4622,4555,4608,4698,4607,4609,4619
4892,4852,4722,4998,4994,4619,4608,4723,4851,4556,4997,4995
4697,4477,4653,4879,4929,4698,4865,4455,4706,4881,4893,4546
4959,4799,4958,4857,5934,5541,5039,4856,4854,5040,5024,4785
4877,4755,4800,4801,4555,4609,4754,4938,4719,4687,4957,4556
4650,4625,4482,4877,4755,4651,4800,4555,4454,4754,4801,4609
4575,4630,4702,4629,4671,4576,4672,4701,4631,4570,4699,4835
4883,4629,4790,4574,4627,4575,4570,4576,4670,4476,4702,4630
4575,4570,4576,4702,4569,4699,4630,4631,4552,4862,4568,4701
4702,4672,4701,4631,4576,4718,4949,4756,4757,4700,4699,4743
4700,4743,4701,4757,4862,4742,4741,5085,4791,4756,6067,4794
4495,4600,4676,4707,4497,4677,4431,4752,4830,4599,4634,4713
4233,4197,4199,3985,4265,4268,4267,4196,3984,3983,4309,4308
4601,4497,4598,4666,4635,4599,4600,4833,4636,4637,4744,4711
4711,4637,4560,4710,4636,4649,4724,4831,4559,4537,4706,4678
4724,4712,4637,4887,4831,4714,4850,4710,4900,320,4880,329
4724,4710,4831,4887,4649,4712,4706,4880,4900,4653,4882,4888
4795,4640,4680,4760,4679,4681,4793,4761,4759,4729,4791,4792
4693,4463,4638,4795,4640,4794,4465,4680,4760,4681,4862,4679
4681,4679,4680,4729,4761,4682,4759,4797,4844,4760,4793,4796
4463,4465,4462,4639,4640,4638,4681,4728,4778,4693,4682,4795
4462,4420,4778,4821,4641,4728,4465,4779,268,4777,265,4463
4803,4538,4644,4751,4752,4749,4750,4707,4785,4802,4901,4840
4752,4803,4707,4750,4676,4749,4830,4751,4901,4632,4875,4802
4582,4577,4613,4964,4583,4524,4614,4523,4705,4704,4963,4459
4824,4654,4457,4588,5073,4825,4322,4624,4404,5104,4532,5082
4321,4646,4457,4322,4824,4654,4404,4316,4587,5104,5073,4588
5110,4626,4481,4650,4545,4651,4625,4482,4484,4755,4877,4754
4710,4536,4653,4706,4623,4831,4879,4697,4881,4880,4882,4479
4651,4625,4755,4754,4482,4877,4800,4652,4801,4719,4674,4555
4754,4652,4755,4719,4674,4625,4673,4801,4800,4721,4957,4877
4673,4754,4674,4872,4719,4736,4755,4720,4721,4801,4625,4957
4879,4697,4706,4929,4881,4477,4698,4928,4882,4893,5010,4865
5073,4825,4624,4589,5104,5082,4856,4959,4857,5307,4593,4799
4657,4696,4745,4695,4832,4815,4813,4667,4867,4788,4814,4774
4774,4657,4667,4655,4764,4776,4695,4775,4689,4696,4788,4933
4696,4667,4695,4774,4788,4813,4745,4775,4815,4776,4909,4933
4708,4772,4709,4771,4732,4472,4804,4773,4474,4829,4731,4727
4658,4772,4739,4708,4473,4804,4771,4737,4709,4829,4732,4472
4659,4739,4772,4737,4658,4804,4738,4771,4708,4473,4783,4829
4658,4473,4659,4660,4772,4708,4414,4472,4709,4739,4771,4732
4660,4739,4737,4738,4659,4804,4772,4781,4782,4783,4658,4661
4557,4664,4547,4572,4558,4433,4955,4519,4516,4571,4496,4632
4572,4955,4558,4571,4516,4433,4632,4496,4707,4518,4429,4644
4448,4447,4744,4537,4666,4560,4388,4833,4559,4535,4389,4601
4601,4833,4744,4635,4560,4448,4711,4598,4497,4637,4447,4559
4775,4788,4695,4776,4933,4696,4789,4813,4909,4930,4871,4763
4669,4656,4774,4489,4683,4689,4764,4657,4667,4776,4762,4655
4689,4774,4764,4656,4762,4776,4544,4667,4542,4763,4657,4775
4627,4725,4630,4671,4883,4575,4835,4702,4672,4629,4718,4701
4672,4630,4718,4949,4701,4913,4702,4945,4756,4950,4757,4981
4949,4701,4756,4757,4945,4981,4843,4631,4700,4950,4742,4842
4736,4674,4720,4754,4848,4847,4721,4719,4733,4734,4755,4807
4720,4721,4719,4736,4734,4957,4733,4801,4889,4847,4735,4940
4590,4688,4587,4532,4824,4376,4512,4588,4646,5082,4531,4533
4830,4677,4600,4713,4750,4875,4599,4497,4678,4901,4849,4714
4713,4599,4678,4875,4714,4849,4636,4598,329,4712,4901,324
4714,4636,4712,329,4850,4724,4849,320,324,4637,4900,4887
4729,4761,4844,4759,4797,4924,5048,4793,5192,4953,4798,4954
4759,4793,4679,4761,5192,4729,5222,4924,4844,4792,5213,4797
4682,4729,4679,4797,4796,4798,4761,4844,4680,5048,4910,4759
4797,4729,4798,4910,5048,4679,250,248,252,246,4844,253
4689,4544,4669,4762,4764,4542,4506,4774,4507,4763,4776,4656
4579,4645,4580,4578,4611,4582,4577,4524,4565,4613,4964,4380
3791,3794,3792,4962,3822,4026,3617,3793,4285,4025,4046,3846
4166,4354,4063,4179,4238,4237,3774,4129,3982,4176,4059,4164
5387,4903,4618,4616,4787,4940,4606,4939,4786,4620,5174,4904
4824,4587,4646,4647,4590,4588,4654,4532,5082,4457,4321,4512
4762,4764,4542,4774,4763,4776,4507,4930,4543,4667,4933,4775
4605,4853,4604,4683,4326,4669,4456,4668,4689,4544,4328,4549
4610,309,4614,307,4784,304,4704,4758,4613,301,4971,4964
4591,4603,4266,4268,377,4233,4633,4274,375,4267,4530,372
4795,4794,4638,4760,4463,4862,4680,4791,4640,4793,4792,4465
4642,4821,274,4778,268,4462,4420,4779,265,4777,4728,4641
4788,4813,4909,4775,4815,4972,4789,4933,4814,4873,4890,4866
4695,4813,4815,4972,4788,4814,4867,4909,4775,4866,4818,4890
4929,4879,4698,4865,4893,4928,4881,4622,4455,4892,4546,5010
4893,4622,4892,4546,4928,4994,4852,4722,4998,4554,4995,5010
4862,4631,4743,4700,4791,5085,4794,4701,4741,4742,4757,4792
4742,4757,4741,6067,5085,4756,4842,5033,4791,5087,5032,4843
4757,4700,4756,4742,4949,4743,4842,4741,4843,6067,4981,4945
4631,4701,4699,4700,4672,4743,4757,4756,4862,4742,4741,4949
4822,4487,4344,4584,4486,4485,4585,4586,4172,4660,4597,4956
4758,4705,4906,4925,4784,4905,4583,4948,4846,4971,304,301
4925,4906,4846,4758,4748,4963,4948,4905,4845,4969,4784,4525
4881,4879,4882,4880,5010,4929,4697,4928,5020,4887,4898,4888
4676,4752,4830,4600,4750,4803,4677,4495,4875,4713,4901,4749
4732,4771,4773,4731,4730,4727,4829,4804,4628,4790,4520,4475
4732,4474,4731,4708,4730,4520,4773,4475,4771,4628,4513,4574
4831,4706,4724,4653,4880,4887,4882,4879,4881,4712,4623,4697
4710,4649,4637,4559,4831,4706,4536,4724,4653,4535,4636,4880
4850,4900,4887,320,4896,4831,4888,314,4899,4880,324,310
4849,4714,4678,329,324,4946,4876,320,4712,321,4850,4636
329,320,4850,4712,324,314,321,4946,4900,4896,310,322
4107,3930,4318,4106,4314,3868,3914,4261,4168,3745,4319,4410
4360,4099,4358,4869,4292,3958,4087,4434,4359,3890,3987,4293
3817,4202,4224,3826,4947,3815,3956,3604,4152,3825,4153,3954
4949,4945,4672,4950,4981,4944,4756,4986,4701,4985,4843,5002
4721,4801,4957,4889,4938,4720,4940,4734,4903,4932,4687,4919
4734,4721,4733,4735,4889,4957,4806,4805,4919,4807,4918,4940
4734,4889,4957,4940,4735,4919,4733,4932,4938,4939,4806,4918
4998,4723,4619,4851,4997,4768,4617,4983,4606,5014,4996,4858
4768,4851,4617,4983,4858,4766,4620,4996,4767,4859,4616,5037
4887,4831,4712,4880,4900,4888,4850,4706,4882,320,4898,4899
4671,4835,4630,4627,4915,4718,4672,4914,4913,4575,4949,4702
4828,4670,4725,4834,4790,4627,4671,4836,4835,4883,4630,4915
4790,4726,4670,4627,4883,4628,4828,4725,4575,4630,4629,4671
4796,4682,4681,4823,4910,4798,4729,4640,4797,256,253,252
4797,4844,4761,5048,4798,4953,246,244,4759,248,4924,242
4628,4574,4475,4629,4883,4790,4476,4570,4440,4727,4575,4627
4730,4475,4574,4773,4441,4628,4440,4476,4629,4790,4570,4883
4730,4731,4773,4628,4475,4574,4790,4727,4883,4629,4829,4441
4805,4735,4734,4806,4894,4886,4918,4895,4919,4889,5191,4884
4735,4889,4919,4806,4918,4932,4805,4940,4931,5135,4894,5284
4806,4918,4919,4894,4931,5284,4920,4932,5135,4895,5191,5057
4847,4720,4733,4807,4734,4721,4874,4805,4735,4719,4806,4886
4783,4804,4781,4780,4810,4772,4829,4827,4811,4812,4771,4726
4782,4737,4781,4812,4739,4783,4811,4804,4810,4818,4780,4659
4804,4772,4737,4658,4771,4783,4829,4780,4708,4781,4727,4827
4785,4538,5541,4751,4840,4643,4854,4803,4802,4799,4749,4841
6067,5033,5087,5032,5223,4792,4842,5086,5194,5195,5196,5043
6067,4741,4842,5032,5033,5085,4843,5087,5043,5194,5223,4982
5085,4700,4791,4741,4742,4792,5087,4757,6067,4760,5033,5086
4448,4833,4560,4447,4537,4635,4601,4711,4559,4535,4649,4388
4815,4696,4867,4813,4814,4695,4868,4972,4817,4818,4974,4866
393,389,4357,387,4100,385,4144,4083,384,4082,4143,4079
4826,4967,4855,4845,4770,4870,281,273,276,272,285,4993
4846,4845,4747,4967,4870,4826,4969,4948,4855,4993,4770,272
4802,4838,4901,4750,4839,4841,4876,5035,4875,333,4830,4837
4901,4875,4830,4838,4876,4802,4713,4849,5035,4677,4839,4946
4802,4840,4749,4841,4838,4854,4839,5006,4750,4901,4837,4752
4750,4830,4676,4875,4901,4749,4677,4713,4600,4838,4876,4849
4278,4392,4277,4162,4407,4595,4374,4408,4596,3898,4934,4488
4719,4674,4755,4721,4801,4957,4720,4800,4736,4938,4889,4734
4801,4719,4800,4957,4877,4938,4674,4721,4609,4687,4940,4889
4757,4843,4981,4842,4742,4980,4982,6067,5032,4986,5002,5043
4742,4842,6067,4843,4741,5032,5033,4981,4982,5043,4980,5085
4784,4905,4906,4971,4948,301,5081,4925,297,4968,293,4846
5192,4924,5222,5213,5062,4844,5203,5054,4954,5086,5161,5108
4793,4792,4680,5222,4759,5085,5192,5086,4761,5087,5213,4679
4759,4924,4844,5192,5062,4954,4953,5213,5222,5048,5054,5112
4542,4763,4543,4776,4507,4930,4878,4933,4545,4872,4775,4871
4930,4878,4543,4872,4933,4871,4673,4652,4775,4545,4848,4789
4762,4776,4763,4930,4542,4933,4775,4667,4543,4871,4878,4872
4655,4745,4832,4696,4815,4934,4657,4867,4868,4813,4695,4814
4860,4859,4861,5041,4951,5037,4923,4922,5121,5042,4952,4992
4861,4766,4922,4923,4860,4904,4951,4952,4858,4942,4859,5041
4858,4983,4766,4859,5037,4860,4767,5034,4861,5041,5121,5106
4579,4615,4684,4564,4578,4580,5172,4645,4524,4977,4380,4577
281,285,4855,276,4967,273,274,280,268,283,265,4821
4829,4727,4773,4780,4732,4790,4726,4628,4730,4670,4883,4828
4771,4804,4708,4829,4773,4727,4780,4732,4709,4783,4726,4790
4790,4628,4727,4730,4883,4574,4627,4629,4670,4726,4475,4575
4764,4667,4776,4775,4762,4933,4788,4930,4763,4695,4789,4542
4933,4788,4789,4930,4871,4909,4873,4813,4848,4872,4885,4972
4933,4775,4930,4763,4871,4788,4789,4872,4695,4878,4848,4543
4823,4796,4728,260,258,256,4910,253,252,4682,4798,250
4462,4779,4777,4728,262,4823,4796,260,4465,258,256,4682
262,4777,260,4823,258,256,4796,4728,253,4910,252,4682
4829,4827,4726,4828,4727,4834,4725,4836,4670,4790,4773,5152
4811,4783,4810,4820,5152,4827,4819,4780,4804,4836,4829,5114
4812,4781,4811,4737,4820,4816,4783,4810,4866,4819,5152,4739
4780,4810,4827,4829,4811,4726,4828,4836,5152,4834,4771,4727
301,4971,4905,297,5081,293,4906,290,4948,4968,286,282
4840,4854,4751,5006,4802,4841,5039,4961,4749,4803,4837,4839
4904,4922,4767,5174,4923,4941,4861,4999,4942,4766,5044,4952
5174,4904,4786,5044,4999,4922,4620,4941,5045,4767,5135,5000
4909,4789,4933,4873,4871,4972,4930,4885,4890,4848,4866,4874
4873,4871,4909,4848,4885,4874,4872,4847,4890,4891,4908,4736
4883,4627,4670,4575,4629,4630,4574,4725,4702,4576,4671,4570
5085,4792,4760,4741,4793,5087,5086,5222,4680,5033,4742,4759
5086,5222,4793,5087,5203,5192,5213,5195,4759,5223,5033,5204
5222,4759,5192,5213,5086,4761,5203,4924,5062,5087,5161,5195
4795,4791,4760,4638,4792,4793,5085,4743,4680,5222,4640,4759
4760,4680,4793,4640,4791,4759,4792,4679,4761,5222,5192,5085
4910,4682,4798,253,252,256,250,248,4797,4729,246,5048
5048,4844,246,244,4953,248,242,250,4761,239,5112,4954
248,250,4797,246,5048,244,242,4953,4844,239,5112,237
4958,5039,4854,5934,4785,4857,4961,4840,5023,5006,5024,4751
4801,4938,4609,4687,4957,4903,4719,4607,4940,5387,4556,4618
4938,4957,4940,4721,4687,4903,4889,4939,4932,4618,4734,4720
4841,4839,4838,4837,5035,5006,4901,5005,333,4876,5092,330
4749,4750,4751,4752,4901,4802,4838,4830,4875,4840,4841,4839
4829,4780,4783,4771,4726,4727,4827,4810,4828,4773,4790,4670
4894,4806,4895,4735,5191,4960,4918,4920,4921,4989,4935,5284
4894,4918,4920,4895,5191,5284,4919,4931,4989,4921,5113,5057
4886,4805,4884,4733,4895,4960,4894,4806,4935,4735,5191,4926
4956,4974,4738,4662,4782,4867,4584,4817,4737,4660,4781,4814
4527,4382,4615,4270,4769,4269,5172,4563,4579,4578,4060,4128
4827,5152,4836,4819,4780,4834,4828,5001,4863,4915,4726,5114
4819,4810,5152,5114,4836,4863,4827,5001,5025,4780,4834,4915
4820,4811,4816,4781,4819,4864,4810,5114,5152,4783,4863,4891
4972,4909,4788,4814,4866,4890,4818,4789,4885,4816,4817,4873
4818,4817,4972,4866,4816,4812,4782,4890,4909,4820,4864,4738
4814,4813,4972,4818,4817,4866,4909,4890,4974,4788,4816,4812
4864,4820,5114,4891,4819,4811,4973,4885,4863,5025,4781,5152
4818,4782,4812,4816,4866,4738,4972,4781,4820,4811,4890,4864
4866,4816,4812,4890,4820,4782,4864,4811,4891,5114,4781,4819
5152,5114,4863,5001,5025,4836,4973,5051,4936,4915,5026,4827
4819,5114,4811,5152,4863,4973,5025,4810,5001,4836,4926,5051
4778,265,4779,262,4777,4462,260,4728,4823,258,4796,256
4584,4487,4486,4586,4660,4662,4956,4585,4808,4659,4661,4172
256,253,4910,4796,252,250,4798,4682,248,246,4797,4681
4588,4654,4532,4825,5082,4457,4589,5073,4533,4593,4624,4856
5073,4856,4857,5307,4959,4624,4907,5040,348,350,5934,346
4770,4855,285,281,288,4967,276,291,273,4845,4870,272
4828,4836,4834,4726,4725,4915,4727,4670,4835,5001,4671,4914
4834,4725,4670,4835,4915,4671,4627,4914,4790,5001,4630,4718
4727,4726,4827,4828,4773,4790,4670,4725,4627,4834,4628,4883
4875,4713,4677,4901,4849,4876,4678,4714,4599,329,4946,4838
4880,4887,4706,4882,4888,4900,4881,4898,4653,4879,5020,5010
4745,4867,4868,4815,4696,4814,4974,4808,4817,4813,4657,4485
4635,4560,4711,4559,4637,4649,4710,4598,4537,4535,4536,4831
4915,4725,4835,4914,4671,4670,5026,4913,4718,4943,4630,5051
4914,4913,4718,4671,4943,4950,4672,4945,4944,4949,4630,5064
4834,4915,5001,4828,5026,4914,4835,4725,5051,4913,4943,4671
5092,5005,5147,5004,5035,328,330,5102,323,333,5088,5131
5035,4839,4876,333,5005,331,330,4875,4837,325,4946,328
5035,5005,4837,333,330,5147,5092,328,4876,331,5004,323
4841,5006,4802,4837,4839,4961,4749,5092,4838,5005,5035,5147
4837,4839,5092,5005,4838,5035,5147,330,333,5102,328,4901
5032,6067,5043,4982,5033,5194,5279,5084,5306,5099,5083,5223
4980,4842,4982,5083,5043,5002,5099,5032,6067,5084,5098,5306
4953,5048,4924,4954,5112,242,244,239,246,5054,5192,5047
4870,4967,4993,4969,272,271,5053,4855,270,273,277,4970
4948,4845,4969,4993,4968,4970,4870,4747,4967,277,5081,5053
4807,4733,4805,4886,4720,4884,4806,4734,4735,4908,4895,4894
4847,4874,4736,4807,4885,4733,4884,4720,4908,4886,4805,4674
329,4946,324,4714,321,325,322,320,331,314,4850,333
4896,4900,314,310,4899,308,4887,4917,4888,306,4897,305
4983,4768,4996,4858,5038,4617,5034,5037,4766,5107,4859,5143
4722,4608,4619,4723,4606,4998,4607,4851,4617,4768,4994,5387
4605,4668,4669,4683,4549,4604,4689,4656,4774,4764,4544,4456
5039,4840,5006,4961,4841,5023,5092,4802,4837,5102,4839,5024
276,4967,281,273,272,4870,271,268,274,4993,265,280
4907,5040,4857,348,346,350,344,5031,5024,4959,5934,342
5040,5934,5024,4958,4907,5031,5039,344,346,5023,5080,348
4859,5037,4766,4860,5034,5041,5121,5106,4861,4951,5042,5153
5041,4860,5121,4951,5106,5042,4861,5200,5153,4992,5122,5090
5041,4951,5042,5121,4923,4992,4952,5090,5200,5106,4942,5153
4923,4860,4951,4952,5041,4942,4992,5042,5285,4941,5090,4966
4791,4794,4743,5085,4760,4795,4792,4700,4741,4793,5087,4638
5001,5025,5051,4936,5026,4836,4915,5050,5064,5052,5049,4914
5114,4973,4820,4819,5025,4908,4926,4863,4811,5152,4936,5052
4546,4698,4622,4621,4554,4852,4929,4892,4893,4483,4722,4928
4816,4890,4864,4891,4820,4812,4885,5114,4973,4819,4908,4811
4814,4815,4817,4974,4818,4972,4782,4813,4866,4812,4738,4816
4974,4867,4808,4817,4956,4814,4738,4782,4815,4486,4818,4662
3958,3892,3890,4292,3959,3957,3819,3818,3904,4293,3986,3891
272,4993,271,5053,270,273,277,276,279,281,268,265
4848,4872,4873,4847,4736,4673,4874,4885,4807,4652,4674,4733
4673,4848,4736,4847,4674,4873,4720,4874,4733,4754,4807,4721
4885,4874,4848,4908,4891,4890,4847,4807,4884,4736,4973,4864
4807,4884,4847,4908,4886,4805,4935,4960,4926,4733,4973,4895
4849,4876,4713,4946,331,329,325,324,4714,333,5035,322
331,333,4946,5035,325,4849,322,330,324,321,329,5005
4609,4800,4556,4687,4801,4607,4938,5387,4554,4608,4903,4719
4673,4872,4652,4736,4674,4871,4651,4754,4848,4720,4847,4719
4881,4929,4928,5010,4893,4882,4698,5020,4995,4994,4892,4865
4882,4888,4898,5020,4881,5010,4897,5193,4899,5019,4879,5011
4882,5010,4928,4929,5020,4995,4893,5011,4898,5193,4994,4698
5020,5010,4898,5193,5011,4928,4995,5019,4929,4897,5013,4893
4627,4575,4629,4576,4630,4702,4570,4631,4671,4699,4569,4725
4886,4935,4960,4926,4895,5052,4805,4979,4921,4894,4936,5049
4891,4908,4874,4973,4864,4884,4926,4807,4847,4935,5114,4886
4895,4805,4960,4935,4894,5191,4921,4806,4979,5052,4989,4920
4900,4880,4888,4898,4899,4882,4896,4897,5020,4917,314,5019
4898,4899,4897,5019,4882,4917,5020,4911,5193,4912,5138,306
4932,4940,4919,4735,4939,5135,5044,4903,4918,4931,5174,4806
4891,4864,4885,4816,4973,4908,4820,5114,4812,4874,4926,4819
4973,4908,4864,4926,5114,4884,4874,5025,4820,4935,4819,5052
4998,4994,4722,4852,4997,4995,4851,5014,4723,4619,5012,4608
4892,4994,4622,4995,4998,4722,5014,4997,5011,4852,5012,4851
5191,4920,4918,4989,4921,5284,5113,5134,4991,4931,4979,5057
5191,4894,4921,4989,4920,4979,4991,4978,4918,5134,5284,5049
4917,308,310,4899,306,305,4911,4888,4897,303,4912,300
5019,4912,4911,5138,5193,4976,5017,305,303,300,5283,4916
5020,5193,5019,4897,5010,5011,5017,5138,4912,5013,4911,4995
4917,4897,4911,306,305,4912,303,5019,4898,5138,300,4976
4888,4896,4899,4917,4897,4880,310,308,4898,306,4911,305
4838,4876,4875,5035,333,331,4839,4849,4946,4713,325,5005
3988,3850,3710,3852,3987,3933,3555,3965,3788,3820,4087,3819
4939,4618,4787,5174,4932,4616,5044,4786,4904,4999,4620,5135
4999,4922,4941,4942,4923,5045,5000,4965,4861,4952,5285,5056
4971,5081,4948,4968,293,297,290,286,4970,4846,4969,282
4948,4925,4905,4846,4968,4969,5081,4971,4748,4845,4970,293
346,5040,344,5031,342,5024,5080,339,5934,338,5101,337
4884,4926,4973,4935,4886,5052,4807,4960,5025,5114,4936,4979
4890,4885,4873,4866,4891,4871,4874,4818,4816,4908,4864,4848
252,250,4798,248,246,4797,5048,244,4729,242,4953,4844
4912,303,300,4976,4916,5138,295,5019,4975,289,5283,5017
4976,5138,4916,300,5283,295,5017,4975,289,5139,5013,5127
4950,4944,4718,4945,4985,4986,4949,4984,4981,4672,5002,5022
4913,4943,4944,4950,4718,5064,4984,4945,4671,4985,4986,4949
4914,5026,4835,4913,4943,5064,4718,4944,4671,4950,4984,5050
295,289,4975,284,5283,5248,278,5127,5139,5129,275,5128
306,305,4911,303,4897,4912,300,4976,5019,295,4916,5138
5284,4931,4920,5057,5135,5113,5191,5056,4989,5333,5134,5132
4918,4931,5135,5284,5044,5056,5057,5045,4920,4894,5174,5113
5284,4989,5113,5134,5057,4991,5133,5132,5021,5333,5016,4978
4989,4978,4991,4988,4920,4987,5134,4990,5016,5480,5113,5284
4923,4942,4941,4861,4952,5285,4965,4951,4860,5000,4992,4966
4952,4942,5285,4951,4992,4966,4965,5041,5009,5072,5090,5042
5062,4954,5054,5213,4953,5108,5112,5161,5055,5047,5203,5074
4846,4748,4948,4845,4969,4525,4905,4747,4968,4993,4870,4967
5052,4935,5025,4936,5049,4960,4979,4886,5051,4863,5050,4987
403,4206,401,397,4050,4379,4195,394,4746,393,4040,4116
4893,5010,4995,4994,5011,4892,5020,5014,4998,5012,4622,5193
4893,4698,4928,4892,5010,4994,4622,4995,4546,4998,5020,5011
4933,4871,4872,4878,4789,4848,4673,4873,4736,4652,4847,4909
5284,5057,5056,5333,5045,5113,4920,5132,5078,5000,4999,5079
5044,5135,4919,5174,5045,4931,4999,4787,5056,4918,4904,5284
4871,4789,4872,4848,4873,4909,4878,4874,4885,4673,4847,4736
4868,4832,4597,4867,4808,4485,4745,4974,4956,4815,4486,4817
5052,4960,4979,5049,4936,4921,4895,4978,4987,5191,5050,4894
5049,5051,5050,4979,4987,5064,5026,5046,4978,4990,4921,4943
4421,283,4694,280,4642,4466,274,4420,4821,4778,4462,268
4903,4940,4687,4939,4618,4889,4787,5387,4932,5174,4616,5044
5174,5044,4787,4932,4999,4904,5135,5045,4919,4786,4941,4931
4939,4932,4903,5044,4787,5174,4919,4618,5135,4999,5045,4904
4942,4965,5000,4923,5285,5007,4952,5009,5008,5078,4966,5060
5285,4952,4965,4966,5009,4992,5007,4951,5008,5072,5067,5071
4944,4913,4984,4950,4985,5046,5063,4718,5022,4945,4986,5003
4950,4985,4984,4986,4945,5022,5063,5003,5002,4981,4949,5069
4981,4986,5002,4980,4985,4756,4843,5003,5083,5243,4982,4757
325,322,324,321,329,320,314,330,310,4850,308,4896
4152,4153,3954,3826,3827,4011,4150,3955,3825,3815,3861,4070
4968,4969,4970,5081,4845,286,279,290,4993,282,277,293
4945,4756,4981,4843,4986,4757,4980,5002,4842,4982,4985,4742
4945,4986,4985,4981,4949,5002,5003,5022,4980,4756,4843,5063
4992,5042,4952,5090,5072,5121,4966,5200,5118,5089,5285,5071
4992,5285,4966,5072,5090,4965,5009,5042,5071,5089,5067,5091
5112,242,239,4954,237,5047,235,5055,5111,5054,233,5062
5112,5047,5054,5055,239,237,5111,235,5108,5074,5076,5180
4707,4571,4632,4676,4496,4644,4495,4752,4600,4830,4643,4677
4662,4738,4974,4737,4660,4782,4739,4781,4817,4586,4659,4804
4940,4889,4938,4903,4932,4939,4734,4919,4687,5044,4787,4735
5039,5934,4854,5023,4961,5024,4785,5006,5040,5101,4840,5031
4958,4857,5934,4799,5039,5024,5040,4854,5023,5541,4961,5031
4895,4979,4921,5052,5191,4894,4978,5049,4989,4991,4987,4936
5006,5092,5023,5102,4837,4841,5100,5147,5004,5101,5131,4839
4046,3846,3822,4035,4045,3794,3845,4026,4067,4205,4036,3940
4525,4748,4925,4747,4501,4846,4845,4826,4906,4967,4499,4855
4705,4704,4583,4925,4906,4758,4963,4748,4523,4846,4948,4905
5007,5285,5008,5009,4966,5060,5061,5058,5067,5071,4992,5079
5071,5072,5009,5067,5091,5090,5094,5089,5058,5065,5096,5093
4870,272,273,276,271,4993,281,5053,270,277,268,279
4970,286,282,4969,279,277,4993,270,4845,5053,4870,271
4970,4993,277,279,270,4870,5053,282,271,286,4967,272
279,277,282,4993,270,5053,271,4870,272,4967,273,4855
297,293,5081,290,4968,286,4948,282,4970,4969,279,4846
4866,4818,4890,4909,4816,4864,4885,4891,4812,4820,4873,4789
4926,5114,5025,4936,5052,4935,4863,4884,5051,5049,4960,4979
4817,4782,4738,4814,4812,4818,4781,4662,4737,4816,4866,4972
5248,289,5127,284,278,5129,5128,5169,5144,275,5156,5247
4916,4975,5283,295,289,5127,5248,5139,284,278,5144,5129
4565,4611,4594,4550,4645,4684,4612,4613,4614,4582,4581,319
4988,4991,4990,5480,5016,5046,5029,5134,5015,5063,5027,5021
5049,4978,4921,4987,5050,4990,4991,4988,5191,4989,5046,5480
5083,4982,5099,5243,5098,4842,5084,5043,5305,5306,5276,5032
4980,4843,5002,5083,4982,4842,5243,5099,5003,5098,5043,4742
5099,5043,5084,5306,5305,5032,5098,5279,5304,5303,5194,5416
4858,5037,5034,4859,5107,4766,5106,5121,4860,5105,5041,5122
5063,4985,5022,4950,5029,5069,5003,4986,5070,4945,5015,5028
4986,5022,5003,5002,5069,5243,5070,4981,5068,4980,5083,5028
5002,4981,5003,4980,5243,5083,4843,5068,5098,4982,5070,5099
4990,4978,5046,4988,5029,5064,5480,4991,5063,4984,5016,5015
5480,5016,5029,5027,5015,5021,5177,5063,5069,5030,5028,5133
4991,5134,5113,4978,4988,5016,5021,5133,5480,4990,5057,5132
4988,5029,5480,5063,5015,5016,5069,5027,4984,5028,5022,5134
4988,5134,5016,5480,4990,5021,5113,5027,5133,5177,5029,5015
5090,5072,4966,5089,5071,5118,5091,5093,5200,5067,5009,5094
5053,270,271,277,272,279,273,276,281,265,268,262
4998,5014,4997,5012,4722,4851,5038,4996,5013,5018,4723,4983
4994,5014,5012,5013,4997,4998,5038,5018,5017,5139,4996,4851
4983,5034,5107,5143,5037,4858,4768,5105,5106,5167,4859,5144
4996,4851,5038,4983,5107,5018,5143,4723,5034,4768,4858,5037
4997,4851,5014,4723,4996,5038,4983,4768,4619,5012,4858,4617
5045,4941,5000,5056,4922,4965,4942,5007,5078,4923,5285,5333
5007,5078,4965,5333,5008,5060,4942,5079,5285,5009,5061,5077
5026,4915,5051,4914,4834,5064,4943,4936,5050,4835,4913,4944
5083,4980,5243,5098,5099,4982,5068,5256,5305,5276,5070,5084
5243,5068,5002,5070,5256,5083,5115,5098,5028,4980,5206,5103
5088,5131,323,317,328,5146,315,5145,330,311,312,316
330,5147,328,333,323,5004,5088,331,317,325,5131,322
4841,4837,5092,4839,5102,5147,5005,5004,4838,5035,5100,328
5008,5060,5061,5009,5079,5077,5285,5190,5058,5059,5067,4966
5061,5009,5058,5059,5190,5067,5066,5077,4966,5065,5071,5166
5067,5058,5071,5061,5065,5094,5066,5072,5059,5091,5190,5229
5020,5011,4995,5193,4994,4893,5012,5013,5014,5019,5017,4892
4995,5013,5012,5014,5017,5018,4994,5139,5038,5138,4997,5283
5018,5038,4997,5139,5143,5144,4996,5107,5283,5167,4851,5127
5012,5018,5139,5283,5014,5144,5038,5143,5127,4976,4997,5169
5012,4997,5038,5018,4996,5143,4851,5107,5139,4983,5144,5034
5028,5027,5030,5103,5070,5208,5177,5158,5206,5176,5068,5207
5021,5480,5027,5177,5015,5133,5170,5208,5030,5176,5028,5069
5013,5283,5139,4976,5018,5012,5127,4975,5144,4916,5143,5014
5143,5144,5038,5167,5107,5169,5127,4996,5168,5317,5034,4975
5138,5193,5017,4912,4976,5283,5013,5011,5139,4916,4975,303
5193,5011,4995,5019,5013,5017,5012,4897,5138,5014,4994,4893
5177,5170,5027,5176,5171,5360,5208,5175,5015,5352,5030,5079
5069,5003,5070,5028,5068,4986,5015,5243,5103,5002,5206,5115
5101,5100,5102,5221,5092,5080,5006,5130,5131,337,335,338
5031,5101,5080,5023,342,339,338,5221,5100,337,4961,335
4936,5051,5052,5049,5050,5001,4935,5026,4979,5064,4987,4960
4914,4943,5064,4913,5050,4944,4984,4835,5046,4950,4985,4718
5177,5030,5208,5028,5176,5103,5158,5170,5207,5352,5070,5360
5103,5030,5070,5206,5158,5208,5068,5115,5315,5159,5207,5176
5069,5480,5015,5028,5022,5027,5070,5030,5016,5103,4985,5177
5103,5208,5158,5206,5207,5176,5159,5198,5315,5352,5115,5068
342,5080,339,338,5101,337,5221,5023,335,5100,332,5130
5194,5043,5279,5223,5306,5196,5277,5084,5416,5195,5278,5099
5223,5032,5194,5196,5195,5086,5043,5279,5277,5278,5203,5258
5037,5106,5105,5122,4859,5121,5167,5317,5153,5202,5522,5041
333,330,5005,331,328,325,5147,4946,322,323,4849,5088
4688,4647,4646,4824,4675,4321,4587,4654,4457,4183,4588,4590
4859,5106,5121,5041,4860,5153,5122,5105,5200,5042,4951,5154
5143,4996,5107,5144,5034,5167,4983,5105,5169,5317,5037,5127
4961,5023,5006,5024,5102,4840,5092,5101,5100,4841,4837,5031
5031,5024,344,346,342,5080,5934,339,5101,338,5023,337
5042,5121,4951,5200,5090,4992,5153,5118,4952,5089,5072,5125
5090,5200,5118,4992,5089,5072,5153,5125,5116,5093,4966,5091
5279,5306,5084,5194,5416,5099,5303,5277,5304,5223,5196,5305
5045,5135,4999,4904,5056,5000,4931,4941,5078,5057,5333,4922
5056,5000,5078,4941,5333,5007,5057,4965,5079,4942,5060,5132
5063,4990,5029,4984,5069,5022,5480,4988,5015,4944,4985,5028
5111,235,5055,233,5076,5263,5180,230,5075,5074,5160,226
244,242,246,4953,239,5112,237,4954,5047,235,4924,5111
4987,5050,4978,5046,4990,5064,4921,4988,5029,4991,5026,5063
5064,4987,5046,4990,4984,4943,4978,5063,5029,4988,4944,4914
5026,5050,5064,5049,4943,4915,4914,4987,5046,4984,4979,4944
5049,4936,4979,4987,5050,4978,5051,4921,4895,4990,5046,5064
270,271,262,265,268,260,258,4779,4821,256,4823,4777
5108,5055,5074,5109,5180,5047,5250,5076,5111,5164,5075,5163
5180,5076,5111,5074,5075,5263,5179,5109,5160,233,5255,5164
5333,5078,5057,5000,5079,5132,5007,5113,5060,4941,4965,5077
5333,5113,5132,5079,5078,5133,5134,5171,5000,5077,5021,5060
5066,5065,5059,5166,5094,5186,5229,5165,5185,5178,5096,5184
5066,5166,5165,5185,5065,5186,5178,5189,5188,5182,5229,5094
5061,5077,5190,5008,5059,5187,5058,5171,5009,5165,5066,5175
5059,5190,5058,5066,5165,5166,5187,5065,5067,5185,5186,5189
5108,5054,5161,5250,4954,5109,5204,5074,5205,5055,5163,5162
5029,5022,5069,5015,4985,5070,5028,5480,5003,5103,5030,5068
4943,4984,5046,4944,5063,4913,4985,4990,5029,5022,4950,5069
5066,5229,5186,5166,5184,5096,5218,5178,5183,5335,5151,5185
5166,5186,5229,5178,5185,5165,5184,5183,5182,5218,5096,5335
5094,5065,5058,5066,5229,5091,5096,5059,5186,5166,5218,5095
5115,5256,5206,5315,5299,5098,5312,5276,5083,5159,5199,5158
5028,5015,5070,5103,5030,5003,5027,5068,5206,5158,5115,5208
5068,5103,5206,5115,5030,5243,5315,5256,5158,5299,5159,5208
5067,5094,5091,5096,5065,5229,5095,5058,5093,5066,5151,5218
5089,5071,5091,5093,5067,5094,5118,5095,5096,5116,5065,5117
4624,4959,4857,4856,4958,4799,5934,5040,4405,4907,5039,5024
5180,5164,5179,5075,5163,5076,5255,5249,5267,5160,5547,5254
5255,5160,5179,5149,5254,5357,5140,5267,5150,226,5266,5253
5075,5263,5160,5255,5179,230,5140,5149,226,5357,5254,5164
5187,5190,5061,5175,5165,5059,5189,5360,5058,5362,5166,5066
5007,5079,5060,5077,5008,4965,5061,5190,5171,5187,5009,5133
5077,5171,5060,5190,5187,5061,5175,5170,5008,5059,5165,5360
338,339,5101,337,5221,335,5100,332,5130,326,5102,5131
290,4968,286,282,4970,279,4969,277,4993,270,4845,5053
4593,4589,5307,354,356,352,4825,4856,350,348,4907,5073
5099,5098,4982,5305,5084,5276,5256,5304,5043,5400,5306,5312
5306,5304,5303,5305,5279,5416,5400,5322,5476,5276,5277,5321
4741,4792,5087,5086,5033,6067,5222,5223,4793,5195,5203,5032
5203,5195,5213,5223,5204,5192,5161,5196,5258,5062,5205,5194
5086,5223,5033,5195,5203,5222,5196,5194,5032,5204,5213,5258
317,315,5146,311,312,316,318,321,310,314,320,308
5093,5091,5116,5071,5095,5117,5096,5094,5120,5119,5067,5151
5089,5072,5118,5093,5091,5071,5116,5125,5095,5117,5094,5067
5095,5096,5094,5093,5151,5117,5119,5229,5218,5065,5220,5210
5102,5147,5004,5005,5131,5100,323,328,5088,317,330,5035
5095,5117,5120,5119,5096,5123,5151,5094,5124,5173,5126,5210
5096,5229,5065,5218,5095,5151,5066,5186,5184,5220,5119,5932
5119,5151,5096,5117,5218,5210,5173,5220,5123,5229,5209,5932
5151,5218,5229,5119,5220,5184,5932,5210,5117,5186,5335,5173
219,5142,217,5451,215,5148,213,5150,5275,5265,211,5264
5276,5305,5256,5400,5312,5084,5311,5304,5299,5313,5321,5303
5305,5084,5098,5304,5276,5400,5306,5303,5256,5311,5322,5279
5221,5130,5131,332,335,337,5145,5004,326,5146,318,5147
5221,5100,337,338,335,5130,332,5102,326,5131,5145,5092
5100,5131,5004,5147,5130,5221,317,5088,5146,5145,323,5005
5206,5158,5159,5315,5115,5068,5198,5207,5299,5199,5256,5197
4624,4405,4799,5073,4959,5541,4958,4406,5039,4857,4854,4825
5317,5202,5122,5106,5522,5268,5153,5154,5290,5121,5201,5444
5122,5121,5153,5522,5154,5200,5041,5202,5042,5125,5201,5392
5034,5167,5105,5317,5106,5037,5202,5169,5122,5168,5522,4858
5109,5250,5074,5163,5205,5162,5164,5055,5180,5179,5547,5249
5163,5074,5164,5162,5249,5180,5547,5179,5267,5075,5242,5365
4650,4651,4626,4652,4755,4754,4625,4878,4482,4719,4674,4673
5076,233,5263,230,5160,5180,5075,226,5140,5255,5074,225
5047,237,235,5111,5055,233,5054,5076,5263,230,5180,5074
5134,5132,5133,5333,5021,5079,5171,5016,5170,5078,5177,4988
5025,4863,5152,4926,4936,5051,5001,5052,4836,4935,5049,5026
5315,5299,5256,5312,5159,5199,5314,5276,5098,5313,5197,5311
5120,5093,5117,5126,5124,5123,5095,5091,5119,5230,5228,5173
5123,5119,5173,5124,5151,5212,5228,5210,5209,5230,5232,5220
5116,5089,5093,5125,5120,5091,5117,5095,5126,5392,5071,5124
5151,5173,5210,5220,5209,5218,5212,5211,5932,5216,5219,5228
5124,5117,5123,5230,5228,5119,5095,5173,5212,5293,5232,5231
5153,5200,5042,5122,5118,5154,5125,5090,4992,5522,5392,5116
5522,5153,5154,5201,5392,5200,5290,5125,5289,5288,5042,5444
5228,5212,5173,5119,5232,5214,5211,5231,5210,5227,5209,5151
5228,5230,5123,5232,5212,5293,5231,5173,5291,5227,5119,5214
5392,5116,5126,5120,5124,5288,5093,5117,5089,5230,5123,5228
5124,5120,5230,5293,5228,5123,5435,5117,5231,5291,5232,5660
5169,5144,5128,5248,5129,5168,284,5167,5247,5143,278,5269
5247,5129,5168,5269,5477,5612,5156,5268,5317,5444,5513,5157
5156,5247,5477,5157,269,5612,5269,5443,267,5168,5155,5682
332,5145,326,5131,318,5146,316,312,5004,315,311,317
5146,5145,317,315,5088,326,323,316,311,318,312,328
5133,5079,5171,5078,5077,5170,5021,5060,5175,5187,5007,5177
5021,5170,5171,5177,5079,5175,5360,5077,5176,5027,5187,5208
5021,5133,5016,4988,5132,5177,5170,5480,5027,5171,5333,5176
4931,5045,5056,4999,5057,5284,5000,5333,5078,4904,4941,5113
5344,5257,5427,259,5342,5343,5439,257,5527,5426,255,5440
5136,5344,5343,5342,5439,5427,5440,5257,5682,259,5441,5527
5017,4976,5283,4975,4916,5139,5013,5127,295,300,289,5018
5144,5018,5127,5169,5143,4975,5038,5167,5128,5248,5168,5107
5357,5141,223,5097,5149,221,5451,5150,5255,5142,219,217
5097,5142,221,5451,219,217,5150,5148,215,5275,213,5253
217,215,5148,213,5265,5275,211,5264,5253,5326,208,5325
5107,5167,5169,5317,5105,5034,5168,5202,5128,4983,5268,5106
5169,5143,5167,5168,5128,5107,5317,5248,5105,5268,5269,5247
316,5146,318,312,311,315,317,5088,322,321,310,314
315,311,312,316,310,314,308,306,305,4896,4917,303
5004,328,323,5088,330,317,5131,333,315,5146,331,5130
5265,213,5264,211,5326,208,5359,5325,206,5685,205,5493
5357,5150,5254,5253,5451,5141,5266,5275,5097,5142,5325,5375
5253,5451,5275,5325,5266,5148,5142,5375,5326,5264,5265,217
5218,5220,5210,5932,5173,5209,5184,5219,5224,5335,5216,5212
4836,5001,4863,4915,4827,4834,5051,5026,5025,4828,4914,4936
5154,5200,5125,5392,5118,5201,5126,5116,5090,5288,5120,5290
5392,5201,5125,5288,5126,5289,5118,5120,5116,5435,5230,5124
5343,5682,5443,5440,5137,5342,5563,5136,5612,5344,5488,5551
5157,5477,267,5247,5155,5443,5682,5612,264,5343,5269,5563
5155,5682,5443,264,5343,5612,5563,5440,5488,5137,5342,5269
5159,5198,5207,5315,5287,5115,5197,5352,5351,5199,5286,5299
5198,5199,5197,5299,5286,5314,5287,5297,5316,5296,5312,5363
5149,5255,5140,5357,5141,5150,5254,225,5451,223,5097,5253
5250,5108,5205,5162,5109,5258,5054,5163,5074,5242,5547,5259
5547,5163,5242,5241,5249,5365,5164,5262,5261,5074,5355,5386
5547,5164,5249,5365,5241,5179,5267,5386,5180,5355,5262,5368
5249,5179,5267,5386,5075,5365,5255,5254,5338,5241,5266,5149
5185,5189,5166,5188,5182,5178,5364,5492,5186,5362,5401,5183
5185,5178,5186,5182,5183,5188,5184,5229,5181,5492,5335,5413
5317,5168,5105,5202,5268,5128,5269,5522,5122,5106,5444,5290
5317,5268,5269,5247,5202,5444,5105,5612,5290,5513,5477,5522
5168,5128,5167,5317,5269,5247,5268,5129,5202,5105,5444,5477
5360,5176,5175,5352,5208,5362,5187,5077,5207,5189,5351,5030
5077,5175,5170,5187,5360,5190,5189,5176,5177,5362,5352,5165
4578,4058,4380,4579,4289,4524,4399,4580,4061,4381,4684,4290
5212,5210,5209,5211,5214,5232,5216,5220,5219,5217,5227,5215
5044,4999,4904,5045,4941,5135,4922,5000,5056,4942,4923,4965
5360,5189,5362,5352,5165,5364,5351,5188,5361,5207,5059,5185
5352,5360,5207,5351,5362,5175,5158,5287,5361,5198,5189,5103
5176,5208,5170,5360,5030,5352,5207,5175,5158,5028,5351,5103
5183,5182,5181,5184,5413,5335,5492,5399,5415,5414,5224,5932
5255,5267,5254,5149,5249,5160,5266,5338,5386,5150,5253,5357
5075,5076,5179,5255,5164,5160,5263,5149,5267,5254,5249,5140
5415,5413,5414,5399,5650,5428,5318,5331,5406,5224,5236,5429
5492,5413,5181,5406,5183,5401,5414,5428,5415,5399,5335,5404
5335,5399,5181,5224,5932,5415,5236,5318,5413,5414,5220,5492
5335,5183,5932,5224,5220,5399,5236,5181,5219,5210,5415,5318
5182,5178,5188,5492,5181,5413,5183,5364,5401,5406,5184,5414
5184,5178,5183,5335,5185,5218,5181,5932,5182,5399,5224,5220
5175,5189,5165,5360,5059,5362,5188,5185,5364,5166,5352,5066
5492,5182,5401,5413,5178,5406,5381,5361,5181,5383,5428,5414
5362,5188,5364,5185,5361,5401,5492,5351,5166,5182,5381,5178
5059,5187,5165,5166,5058,5189,5066,5175,5185,5188,5065,5186
4989,4921,4920,4991,5134,5284,4978,5113,4988,5016,5057,5021
5213,5062,4924,5203,5161,5054,5108,5204,4954,5195,5250,5205
5011,5017,5013,5138,5012,4995,5139,5283,4912,5018,4976,5014
5279,5196,5277,5278,5306,5416,5195,5258,5260,5084,5294,5259
5204,5196,5258,5205,5278,5161,5259,5277,5250,5242,5162,5279
5278,5258,5277,5259,5204,5260,5205,5416,5242,5294,5261,5161
5297,5286,5296,5316,5456,5298,5314,5363,5449,5402,5390,5403
5287,5286,5197,5199,5363,5296,5298,5297,5361,5316,5299,5381
5314,5197,5316,5297,5313,5390,5286,5296,5449,5516,5456,5311
5118,5125,5090,5154,5116,5089,5392,5093,5120,5126,5072,5201
5392,5289,5288,5435,5126,5125,5592,5602,5293,5230,5660,5124
5522,5290,5122,5444,5201,5154,5593,5289,5513,5153,5392,5592
5213,5204,5195,5161,5205,5062,5258,5250,5196,5108,5162,5278
5205,5258,5161,5250,5162,5278,5259,5242,5108,5109,5163,5547
5162,5250,5242,5259,5163,5547,5109,5241,5261,5260,5262,5249
5315,5115,5159,5158,5299,5199,5256,5198,5197,5312,5314,5207
5351,5287,5198,5361,5362,5159,5286,5363,5197,5364,5315,5381
5176,5207,5158,5352,5103,5360,5351,5198,5287,5206,5159,5362
5216,5211,5219,5235,5215,5238,5214,5217,5225,5224,5236,5226
5209,5219,5216,5932,5211,5235,5212,5224,5335,5236,5238,5215
5216,5217,5215,5238,5251,5235,5239,5339,5219,5240,5252,5225
5232,5214,5211,5227,5209,5217,5251,5216,5252,5215,5339,5239
5062,5161,5204,5108,5195,5250,5205,5054,5258,5109,5162,4954
5217,5251,5211,5339,5252,5215,5239,5310,5216,5598,5301,5238
5238,5239,5240,5339,5234,5282,5225,5598,5246,5244,5310,5233
5235,5238,5215,5225,5217,5234,5240,5239,5226,5233,5339,5237
5339,5215,5239,5598,5310,5240,5282,5238,5340,5244,5234,5398
5220,5932,5184,5335,5210,5224,5183,5219,5209,5236,5399,5173
5235,5236,5216,5226,5225,5238,5318,5237,5215,5234,5319,5233
5932,5210,5219,5209,5224,5335,5236,5235,5216,5399,5226,5211
335,332,5130,326,5145,5131,318,316,5146,312,5004,315
5086,5213,5203,5192,5195,5062,5161,5204,4924,5223,5108,5205
5195,5196,5194,5258,5278,5204,5277,5203,5279,5259,5205,5260
5236,5399,5219,5226,5318,5415,5235,5225,5319,5331,5237,5216
5237,5233,5234,5319,5334,5273,5245,5240,5272,5246,5330,5239
5225,5237,5319,5334,5233,5331,5238,5330,5273,5234,5332,5272
5252,5251,5214,5217,5310,5339,5301,5211,5239,5215,5598,5347
5232,5212,5231,5227,5214,5173,5291,5252,5211,5251,5292,5302
5184,5218,5186,5932,5151,5335,5183,5220,5178,5224,5210,5119
5293,5228,5231,5291,5123,5232,5660,5212,5227,5302,5292,5252
5232,5227,5292,5252,5214,5212,5251,5301,5464,5310,5300,5217
5227,5214,5251,5252,5211,5217,5292,5339,5310,5301,5209,5215
5273,5272,5245,5334,5246,5270,5472,5274,5394,5330,5271,5590
5233,5245,5246,5272,5273,5244,5274,5271,5282,5270,5334,5472
5225,5238,5226,5215,5234,5237,5233,5240,5217,5318,5319,5239
5226,5318,5319,5225,5415,5235,5237,5331,5216,5650,5334,5332
5334,5233,5273,5330,5272,5234,5245,5394,5332,5472,5393,5270
5234,5225,5240,5233,5239,5246,5237,5245,5282,5244,5272,5273
5282,5240,5598,5244,5398,5340,5246,5234,5372,5271,5347,5389
5246,5282,5234,5244,5245,5271,5233,5398,5372,5274,5281,5272
5262,5355,5365,5249,5309,5368,5469,5353,5386,5356,5373,5308
5241,5547,5261,5262,5163,5365,5355,5469,5295,5249,5309,5164
5098,5256,5083,5068,5115,5276,5099,5305,5312,5299,5206,4982
5271,5372,5246,5281,5274,5371,5280,5396,5245,5442,5433,5270
5272,5274,5270,5271,5472,5280,5590,5369,5281,5394,5372,5684
5245,5271,5274,5281,5280,5270,5272,5372,5369,5442,5273,5371
5477,5269,5612,5443,5157,5513,5444,5268,5488,5682,5563,5155
5129,278,5128,5156,275,5247,5477,5169,269,5157,5168,5269
5365,5386,5267,5338,5368,5355,5373,5266,5254,5353,5255,5337
5109,5162,5163,5547,5074,5164,5242,5249,5241,5259,5180,5365
5339,5217,5310,5239,5301,5598,5215,5340,5347,5282,5358,5240
5301,5251,5310,5339,5358,5300,5347,5217,5598,5340,5467,5239
5325,5375,5275,5326,5493,5336,5337,5264,5148,5685,5902,5265
5266,5253,5150,5338,5375,5325,5337,5275,5451,5336,5373,5326
5149,5254,5357,5150,5267,5266,5253,5451,5141,5338,5275,5375
5312,5299,5276,5315,5311,5314,5305,5313,5400,5199,5159,5390
5427,5426,255,5527,5425,254,5439,5342,5452,5506,251,5508
5278,5205,5259,5242,5162,5260,5261,5250,5547,5241,5262,5163
5242,5261,5260,5262,5295,5162,5241,5294,5469,5547,5308,5163
5294,5261,5295,5469,5242,5308,5262,5476,5346,5241,5468,5162
5262,5469,5295,5241,5308,5309,5355,5547,5377,5346,5468,5365
5469,5355,5309,5365,5353,5308,5356,5377,5368,5249,5468,5386
5160,5140,226,225,5075,5357,5141,5149,5255,223,5097,221
5326,5359,208,211,206,5685,205,5509,203,5493,5510,201
211,5264,208,206,5359,5326,205,5685,203,5509,201,5493
5375,5253,5337,5336,5325,5373,5374,5493,5275,5376,5902,5326
5338,5386,5266,5254,5373,5337,5149,5253,5368,5375,5150,5374
5444,5202,5290,5513,5593,5522,5612,5201,5122,5289,5512,5592
5444,5612,5268,5513,5488,5593,5443,5290,5202,5512,5563,5522
5590,5369,5280,5684,5683,5690,5409,5370,5281,5484,5836,5442
5281,5274,5280,5442,5371,5370,5270,5369,5396,5411,5433,5408
5270,5472,5274,5590,5394,5684,5369,5271,5484,5683,5280,5690
5272,5394,5472,5245,5270,5393,5590,5684,5485,5484,5274,5683
5270,5280,5369,5281,5590,5442,5370,5472,5690,5371,5412,5409
5325,5326,5148,5264,5265,5375,5685,5359,5493,213,211,208
5311,5312,5400,5313,5304,5321,5329,5314,5322,5390,5303,5323
5278,5260,5416,5294,5259,5258,5295,5476,5303,5261,5242,5346
5259,5260,5261,5242,5294,5205,5295,5162,5262,5469,5241,5476
5306,5277,5416,5303,5196,5294,5278,5260,5476,5304,5259,5295
5442,5370,5369,5412,5408,5411,5409,5590,5690,5433,5482,5410
5442,5371,5280,5370,5411,5433,5369,5408,5412,5454,5491,5434
5244,5398,5372,5246,5271,5281,5396,5389,5371,5274,5245,5280
5139,4975,5127,5144,5248,5018,5169,289,5128,284,5143,5129
5057,5113,5132,5333,5056,5134,4989,5133,5045,5079,5078,4991
4966,5009,5067,5008,4992,5071,5072,5058,5090,5061,5094,5065
5298,5363,5296,5297,5382,5403,5381,5402,5456,5316,5407,5383
5363,5286,5361,5298,5381,5197,5382,5364,5296,5297,5401,5383
5435,5126,5293,5230,5660,5124,5602,5291,5120,5228,5231,5302
5435,5592,5602,5288,5660,5564,5293,5725,5126,5230,5471,5291
5593,5201,5289,5592,5154,5512,5392,5288,5435,5602,5488,5564
5302,5231,5292,5464,5252,5227,5232,5470,5300,5301,5465,5251
5252,5301,5300,5227,5358,5465,5251,5310,5467,5347,5466,5214
5291,5660,5231,5302,5228,5471,5292,5232,5725,5227,5464,5123
5295,5346,5308,5261,5320,5469,5468,5350,5324,5262,5242,5377
5308,5469,5346,5468,5262,5377,5309,5350,5241,5349,5324,5355
5402,5456,5403,5382,5517,5449,5478,5479,5407,5424,5516,5515
5296,5456,5449,5402,5298,5516,5479,5403,5390,5478,5515,5517
5382,5296,5403,5402,5407,5383,5456,5424,5517,5405,5478,5404
5312,5314,5199,5313,5276,5311,5316,5390,5197,5329,5297,5400
5467,5358,5301,5466,5385,5347,5384,5543,5310,5542,5544,5388
5358,5310,5347,5467,5384,5340,5339,5385,5598,5466,5389,5217
5464,5292,5231,5300,5465,5252,5301,5227,5664,5232,5358,5466
5476,5416,5322,5400,5320,5294,5321,5346,5323,5260,5311,5324
5303,5400,5322,5321,5476,5416,5311,5320,5323,5329,5294,5346
5304,5400,5276,5311,5303,5322,5321,5306,5312,5313,5476,5329
5416,5303,5304,5277,5476,5294,5322,5400,5260,5196,5278,5320
350,348,4907,4856,346,5040,344,4857,5031,342,5024,339
5468,5469,5377,5350,5349,5309,5354,5379,5356,5345,5348,5355
5356,5353,5377,5354,5368,5380,5366,5379,5367,5378,5458,5349
5339,5347,5340,5598,5239,5389,5398,5282,5384,5244,5240,5397
5313,5321,5329,5390,5314,5322,5323,5328,5516,5320,5316,5391
5313,5311,5314,5390,5400,5329,5199,5321,5316,5516,5304,5328
5390,5329,5321,5516,5316,5328,5323,5391,5449,5322,5515,5297
5313,5390,5316,5516,5329,5297,5449,5328,5321,5391,5456,5515
5159,5299,5199,5314,5197,5312,5198,5316,5313,5297,5276,5286
5297,5449,5390,5516,5456,5296,5515,5479,5391,5402,5329,5328
5202,5268,5522,5290,5269,5444,5122,5106,5247,5593,5513,5201
5331,5319,5226,5650,5332,5237,5420,5330,5334,5225,5429,5447
5334,5330,5237,5332,5273,5393,5420,5394,5233,5447,5272,5485
5324,5346,5323,5350,5345,5468,5327,5308,5295,5349,5328,5348
5329,5323,5320,5328,5324,5390,5476,5327,5516,5391,5346,5350
5320,5321,5476,5323,5324,5329,5346,5294,5350,5328,5327,5345
5324,5328,5327,5345,5350,5391,5346,5417,5516,5418,5348,5432
5350,5345,5327,5468,5348,5349,5418,5308,5431,5432,5417,5377
5326,5493,5685,5336,5264,5510,5902,5359,5509,5265,5473,5376
5685,5359,5493,5510,5509,206,208,205,203,5622,211,5902
5345,5432,5417,5418,5348,5696,5349,5431,5697,5521,5621,5539
5391,5327,5417,5515,5432,5324,5521,5345,5479,5418,5621,5350
5328,5390,5323,5516,5391,5327,5320,5324,5515,5417,5449,5345
5393,5394,5273,5485,5629,5472,5272,5445,5484,5497,5558,5684
5332,5420,5319,5330,5447,5419,5334,5393,5237,5445,5448,5629
5330,5447,5393,5334,5629,5394,5445,5485,5273,5558,5579,5446
5079,5132,5078,5060,5171,5077,5133,5007,5190,5187,5008,5170
5330,5273,5394,5393,5272,5472,5485,5245,5447,5270,5484,5629
5224,5399,5236,5181,5318,5415,5219,5226,5331,5414,5235,5650
5902,5376,5493,5474,5473,5510,5755,5437,5685,5326,5589,5677
5336,5374,5375,5376,5902,5437,5493,5325,5755,5474,5473,5457
5266,5373,5337,5374,5375,5336,5253,5367,5376,5437,5325,5902
5598,5239,5282,5340,5347,5398,5240,5244,5389,5238,5372,5246
5389,5398,5282,5396,5395,5397,5372,5244,5438,5434,5371,5433
4281,4423,4311,4422,4279,4201,353,4312,355,351,357,349
5439,5440,5441,5427,5527,5551,5499,5563,5500,5501,5452,5426
5342,5682,5440,5344,5563,5439,5441,5551,5427,5488,5527,5257
5427,5257,5439,5342,5527,5426,257,5441,5440,255,5452,5499
5348,5418,5349,5431,5432,5696,5379,5539,5417,5377,5422,5430
5350,5468,5308,5324,5349,5469,5345,5377,5348,5379,5327,5309
5340,5384,5389,5598,5397,5385,5398,5395,5388,5282,5396,5544
5431,5418,5539,5379,5696,5422,5432,5430,5354,5378,5537,5673
5348,5379,5431,5354,5418,5422,5378,5539,5356,5696,5380,5540
5468,5345,5349,5348,5377,5327,5379,5431,5418,5354,5539,5422
5361,5287,5363,5364,5198,5381,5286,5401,5298,5382,5159,5188
5351,5362,5207,5361,5287,5364,5189,5198,5363,5381,5286,5401
5366,5356,5367,5380,5373,5458,5354,5436,5374,5437,5421,5378
5378,5380,5379,5421,5366,5540,5422,5458,5431,5575,5460,5538
5353,5309,5368,5356,5386,5366,5367,5373,5377,5380,5354,5338
5354,5380,5366,5378,5458,5379,5421,5367,5436,5540,5460,5422
5141,5150,5451,5097,5142,5254,5275,5253,221,5148,219,217
5467,5347,5384,5385,5310,5340,5389,5388,5397,5544,5543,5598
206,205,5509,203,201,5622,5510,200,5677,5473,198,5643
5352,5362,5351,5189,5207,5361,5364,5287,5165,5188,5158,5198
5381,5363,5401,5382,5286,5298,5383,5492,5406,5296,5404,5407
5351,5364,5361,5287,5188,5381,5401,5363,5492,5185,5198,5286
5298,5381,5382,5383,5296,5403,5401,5407,5297,5402,5406,5404
5401,5361,5188,5381,5492,5406,5363,5383,5182,5382,5413,5404
5355,5386,5368,5353,5373,5267,5338,5309,5367,5356,5366,5374
5458,5380,5436,5421,5437,5460,5378,5374,5457,5540,5575,5755
5366,5374,5437,5436,5458,5376,5457,5337,5755,5380,5460,5421
5353,5373,5367,5366,5338,5374,5356,5337,5437,5436,5380,5458
5409,5690,5370,5412,5683,5408,5572,5836,5585,5482,5411,5496
5408,5412,5411,5409,5482,5410,5572,5690,5491,5454,5503,5483
5433,5442,5411,5454,5280,5370,5434,5491,5408,5494,5410,5412
5281,5371,5271,5396,5442,5433,5280,5411,5274,5434,5370,5395
5374,5337,5367,5437,5376,5336,5366,5375,5436,5755,5902,5457
5437,5376,5336,5755,5436,5902,5457,5474,5458,5528,5493,5473
5336,5325,5493,5902,5326,5376,5685,5374,5510,5473,5474,5264
5902,5755,5474,5457,5473,5493,5528,5589,5510,5459,5643,5548
5354,5356,5379,5349,5378,5380,5353,5431,5348,5366,5422,5421
5540,5421,5422,5458,5575,5538,5537,5460,5628,5539,5436,5530
5378,5431,5422,5540,5380,5539,5421,5537,5538,5458,5575,5366
5458,5421,5378,5540,5460,5436,5575,5422,5538,5437,5530,5457
5383,5382,5406,5298,5492,5404,5407,5405,5403,5428,5413,5296
5383,5407,5403,5405,5404,5424,5402,5423,5517,5511,5428,5475
5404,5405,5407,5511,5428,5403,5475,5423,5424,5429,5448,5414
5397,5388,5389,5544,5340,5487,5395,5438,5524,5670,5398,5396
5544,5388,5384,5523,5670,5397,5524,5770,5487,5389,5729,5693
5338,5373,5368,5266,5337,5374,5367,5353,5254,5375,5366,5437
4616,4618,4606,4620,4903,4786,4787,4617,4767,4939,4904,5174
5524,5487,5397,5670,5505,5438,5693,5486,5389,5395,5734,5504
5395,5397,5398,5396,5438,5434,5487,5372,5433,5371,5453,5244
5516,5328,5391,5449,5515,5323,5417,5456,5479,5327,5521,5296
5515,5417,5521,5327,5479,5432,5621,5520,5478,5697,5418,5345
5126,5288,5120,5230,5289,5435,5124,5293,5116,5228,5602,5123
5485,5629,5394,5558,5497,5484,5579,5472,5555,5495,5578,5272
5485,5472,5484,5684,5497,5558,5270,5590,5495,5683,5496,5555
5438,5434,5396,5453,5433,5486,5494,5454,5371,5455,5461,5505
5433,5434,5371,5281,5454,5438,5494,5442,5411,5453,5491,5280
5487,5395,5438,5486,5524,5434,5453,5505,5396,5504,5461,5494
5372,5396,5244,5371,5395,5281,5271,5433,5434,5246,5397,5442
5415,5318,5236,5331,5226,5414,5650,5319,5219,5420,5332,5237
5321,5311,5322,5329,5313,5323,5320,5476,5390,5328,5314,5324
5492,5406,5381,5383,5413,5404,5428,5382,5405,5414,5511,5407
5517,5478,5479,5424,5518,5519,5407,5520,5490,5515,5521,5423
5402,5407,5424,5517,5478,5519,5423,5405,5490,5518,5479,5885
5511,5405,5429,5407,5475,5448,5423,5650,5419,5446,5424,5489
5511,5475,5423,5448,5424,5489,5429,5490,5732,5446,5419,5517
5404,5428,5383,5511,5414,5405,5429,5382,5407,5650,5448,5475
5405,5424,5423,5490,5475,5517,5511,5519,5732,5489,5448,5885
5410,5482,5412,5491,5572,5483,5409,5503,5481,5839,5554,5463
5572,5585,5836,5839,5482,5503,5708,5584,5865,5410,5570,5483
5481,5482,5483,5554,5503,5553,5572,5571,5610,5839,5639,5561
5408,5491,5410,5482,5412,5481,5463,5483,5572,5455,5553,5409
5409,5572,5482,5410,5503,5839,5585,5483,5836,5491,5570,5584
5414,5428,5406,5404,5415,5650,5429,5511,5383,5399,5420,5331
5650,5428,5415,5429,5331,5420,5511,5404,5318,5448,5419,5332
5650,5331,5318,5420,5429,5319,5428,5332,5226,5419,5447,5330
5294,5476,5260,5295,5322,5278,5346,5320,5259,5261,5308,5321
5432,5521,5621,5697,5696,5418,5520,5698,5681,5430,5348,5738
5696,5431,5539,5430,5697,5379,5422,5673,5738,5537,5621,5699
5445,5447,5446,5629,5332,5579,5393,5591,5489,5330,5558,5600
5447,5419,5332,5448,5445,5393,5330,5629,5446,5475,5334,5579
5540,5575,5460,5436,5538,5530,5628,5459,5457,5576,5879,5537
5537,5540,5538,5673,5421,5575,5573,5576,5628,5430,5740,5458
5490,5475,5732,5489,5885,5519,5582,5446,5546,5591,5545,5605
5490,5423,5519,5885,5732,5518,5475,5489,5605,5546,5545,5582
5506,5507,249,5508,247,5577,5452,5527,5678,245,5632,243
5425,5506,5527,5452,5508,251,5507,249,5499,5577,5525,247
5527,5439,5426,5452,5499,5425,5506,5508,5441,254,251,5525
5404,5429,5511,5650,5448,5405,5420,5419,5475,5331,5407,5446
5448,5420,5419,5331,5475,5447,5446,5445,5332,5489,5629,5393
5699,5738,5673,5740,5686,5700,5537,5672,5573,5689,5679,5680
5539,5422,5696,5537,5378,5673,5430,5540,5538,5697,5380,5421
5696,5697,5418,5621,5430,5738,5698,5539,5431,5681,5699,5520
5454,5411,5494,5442,5491,5453,5463,5455,5410,5408,5370,5481
5494,5433,5453,5454,5455,5463,5461,5491,5411,5562,5442,5462
5660,5293,5230,5725,5291,5471,5302,5231,5124,5470,5603,5228
5457,5460,5459,5755,5528,5530,5376,5575,5474,5529,5531,5628
5755,5457,5436,5376,5474,5528,5459,5902,5460,5589,5473,5529
5453,5486,5434,5461,5494,5455,5505,5504,5433,5454,5596,5562
5527,5441,5499,5452,5426,5500,5551,5501,5508,5525,5526,5506
5563,5551,5441,5439,5501,5502,5514,5500,5499,5527,5427,5552
5500,5501,5499,5527,5502,5526,5452,5550,5552,5514,5525,5549
5370,5411,5408,5412,5369,5410,5454,5491,5482,5409,5572,5494
5682,5563,5488,5440,5513,5343,5551,5514,5512,5444,5342,5441
5513,5593,5290,5512,5592,5488,5289,5201,5514,5602,5564,5563
5579,5629,5591,5558,5393,5600,5578,5485,5581,5582,5497,5555
5445,5591,5579,5582,5600,5629,5732,5581,5558,5578,5583,5546
5445,5629,5393,5330,5579,5446,5485,5558,5394,5591,5497,5600
5419,5475,5446,5445,5489,5447,5423,5591,5579,5629,5732,5332
5515,5479,5391,5478,5521,5402,5328,5417,5520,5517,5518,5621
3566,3338,4094,3689,3481,3392,3495,3883,3390,3682,3389,3690
5142,5148,5275,217,215,5253,5264,5265,213,5325,5326,211
5508,5525,5526,5632,5500,5577,5533,5507,5532,5742,5501,5550
5455,5494,5461,5562,5454,5462,5504,5463,5596,6140,5491,5561
5491,5411,5463,5455,5410,5481,5408,5562,5553,5561,5461,5483
5562,5463,5462,5561,6140,5491,5553,5481,5560,5624,5559,5611
5449,5402,5479,5478,5515,5517,5403,5521,5520,5391,5518,5424
5459,5528,5474,5529,5530,5589,5548,5531,5473,5587,5879,5588
5421,5436,5460,5575,5457,5540,5437,5459,5530,5755,5628,5538
5530,5529,5528,5531,5879,5548,5657,5628,5587,5589,5626,5908
5530,5575,5459,5457,5628,5879,5531,5528,5538,5755,5529,5574
5462,5596,5455,5562,6140,5560,5594,5463,5561,5559,5624,5597
6140,5562,5560,5559,5561,5624,5595,5463,5597,5645,5611,5553
5561,5553,5481,5410,5611,6140,5554,5610,5624,5483,5646,5636
5465,5300,5292,5466,5301,5695,5467,5358,5252,5385,5542,5543
5695,5466,5300,5542,5467,5741,5543,5385,5358,5301,5640,5669
5543,5467,5542,5385,5544,5523,5669,5358,5384,5388,5770,5694
5385,5384,5543,5347,5544,5388,5523,5397,5310,5389,5669,5340
5349,5377,5379,5345,5348,5354,5431,5309,5356,5378,5418,5327
5309,5377,5468,5355,5356,5354,5353,5350,5349,5379,5365,5380
5664,5464,5465,5302,5695,5300,5641,5292,5466,5741,5542,5467
5302,5470,5464,5291,5465,5292,5664,5300,5231,5695,5466,5301
5684,5590,5270,5484,5683,5496,5690,5369,5497,5836,5495,5498
5643,5589,5677,5588,5509,5622,198,200,5528,5548,197,5614
5589,5473,5528,5548,5643,5588,5510,5677,5459,5529,5586,5614
5489,5446,5419,5732,5591,5490,5582,5445,5579,5885,5546,5447
5320,5294,5346,5295,5324,5350,5308,5323,5468,5345,5469,5261
5157,5443,5612,5682,5269,5155,5488,5563,5513,5343,264,5440
5517,5518,5520,5519,5521,5604,5424,5605,5681,5490,5621,5885
5478,5521,5520,5518,5417,5517,5621,5604,5681,5519,5432,5605
5015,5027,5069,5030,5028,5177,5021,5208,5103,5070,5022,5176
5553,5554,5483,5610,5561,5611,5639,5571,5503,5636,5638,5646
5503,5483,5572,5839,5481,5571,5554,5570,5585,5584,5639,5553
5554,5503,5571,5639,5610,5570,5839,5638,5659,5658,5611,5636
5684,5495,5498,5496,5683,5555,5590,5536,5534,5836,5535,5690
5497,5558,5484,5495,5555,5472,5578,5684,5498,5536,5496,5566
5504,5461,5453,5596,5455,5623,5462,5434,5494,5594,5562,5560
5486,5505,5438,5504,5395,5453,5623,5461,5434,5596,5455,5691
5563,5512,5514,5551,5593,5502,5440,5592,5564,5549,5501,5441
5732,5582,5446,5591,5546,5581,5885,5583,5445,5579,5600,5545
5732,5885,5519,5546,5489,5605,5545,5518,5582,5583,5634,5580
5410,5481,5463,5553,5483,5482,5554,5561,5562,5610,5611,5503
5413,5406,5428,5181,5414,5404,5383,5511,5429,5415,5650,5405
5510,5685,5902,5473,5509,5677,5474,5359,5622,5643,5589,5755
5455,5454,5463,5562,5491,5461,5411,5561,5462,5481,5553,5410
5498,5536,5535,5496,5534,5556,5566,5683,5557,5866,5708,5836
5498,5836,5534,5708,5535,5829,5585,5536,5866,5865,5409,5557
5495,5555,5484,5536,5498,5578,5566,5684,5496,5535,5556,5534
5534,5535,5536,5866,5708,5556,5836,5557,5829,5788,5565,5750
5500,5452,5526,5525,5501,5508,5550,5532,5742,5506,5533,5632
5526,5550,5552,5742,5525,5618,5532,5549,5619,5617,5508,5620
5500,5552,5550,5549,5526,5618,5617,5742,5619,5603,5525,5564
5501,5549,5552,5500,5550,5564,5617,5603,5618,5526,5725,5742
5570,5571,5584,5554,5659,5639,5796,5658,5865,5610,5864,5798
5596,5594,5461,5462,5560,5692,5607,5455,5562,5597,6140,5559
5504,5623,5486,5691,5596,5594,5461,5692,5453,5462,5607,5560
5508,5507,5577,5452,247,5632,5678,5525,245,5630,5631,5533
247,5577,5678,245,5508,243,5630,5632,5711,241,5631,5525
5632,5525,5577,5533,5678,5631,5630,5526,5653,5532,245,5651
5622,201,203,5677,200,205,198,5643,197,5589,5588,195
5677,5473,5509,5622,5643,200,201,198,203,5589,205,5588
5448,5475,5429,5419,5446,5423,5489,5420,5445,5447,5732,5424
5592,5514,5564,5549,5602,5502,5289,5551,5725,5603,5435,5552
5488,5512,5593,5592,5514,5290,5563,5564,5289,5551,5602,5502
5502,5549,5564,5501,5552,5592,5603,5617,5602,5500,5725,5550
5521,5479,5417,5520,5621,5478,5432,5327,5518,5681,5697,5517
5391,5449,5515,5328,5479,5417,5456,5521,5327,5478,5520,5432
5424,5519,5518,5490,5885,5605,5520,5423,5604,5732,5545,5521
5519,5604,5605,5885,5681,5917,5911,5545,5634,5621,5732,5546
5885,5605,5732,5545,5604,5546,5634,5917,5489,5582,5911,5580
5518,5604,5681,5621,5911,5605,5698,5519,5917,5679,5697,5666
5621,5520,5681,5432,5697,5518,5698,5604,5911,5696,5738,5679
5154,5201,5290,5153,5392,5289,5444,5593,5288,5125,5200,5126
5770,5544,5670,5734,5388,5524,5693,5728,5748,5487,5384,5747
5505,5487,5693,5623,5486,5504,5691,5438,5748,5692,5594,5596
5533,5526,5632,5532,5742,5651,5653,5550,5648,5631,5620,5630
5742,5550,5532,5533,5620,5619,5618,5648,5632,5651,5649,5617
5452,5499,5508,5506,5525,5500,5526,5507,5632,5501,5577,5533
5548,5529,5589,5588,5587,5586,5531,5643,5657,5614,5616,197
5548,5657,5531,5587,5586,5616,5671,5588,5656,5626,5615,5614
5879,5531,5908,5574,5529,5626,5576,5657,5528,5671,5625,5627
5657,5626,5671,5908,5587,5656,5720,5625,5616,5548,5721,5823
5648,5651,5620,5619,5726,5653,5647,5649,5652,5727,5631,5640
5651,5532,5653,5648,5631,5652,5726,5742,5620,5785,5647,5873
5829,5708,5866,5788,5865,5557,5869,5750,5585,5789,5565,5787
5866,5557,5534,5565,5750,5829,5788,5569,5708,5567,5751,5869
5556,5535,5557,5565,5534,5567,5866,5568,5569,5750,5751,5829
5673,5538,5573,5740,5576,5672,5699,5628,5575,5627,5674,5574
5576,5628,5575,5573,5574,5627,5530,5879,5740,5908,5672,5674
5673,5430,5537,5422,5699,5740,5738,5573,5538,5540,5672,5700
5538,5575,5628,5537,5460,5576,5530,5573,5574,5879,5436,5673
4785,4799,4854,4840,4958,5039,4751,4538,5006,4961,4841,5934
5669,5543,5694,5523,5729,5770,5544,5385,5467,5735,5730,5670
5523,5544,5669,5385,5770,5670,5388,5729,5384,5524,5734,5693
5388,5670,5524,5770,5487,5693,5734,5397,5505,5728,5748,5438
5634,5580,5917,5583,5899,5635,5633,5666,5911,5581,5601,5925
5545,5583,5580,5899,5634,5581,5601,5633,5917,5925,5635,5600
5241,5365,5249,5355,5262,5164,5386,5368,5267,5309,5353,5469
5588,5587,5586,5614,5657,5615,5616,197,5613,195,193,198
5552,5603,5617,5618,5725,5664,5550,5470,5641,5471,5619,5660
5742,5618,5619,5617,5532,5620,5641,5640,5649,5648,5603,5664
5502,5501,5441,5514,5500,5552,5549,5499,5550,5564,5526,5617
5550,5618,5617,5603,5619,5742,5641,5526,5664,5470,5725,5640
5611,5610,5554,5636,5483,5646,5639,5624,5638,5731,5571,5637
5610,5639,5571,5638,5611,5636,5658,5637,5570,5646,5659,5731
5536,5495,5566,5556,5498,5535,5568,5567,5565,5557,5496,5534
5565,5557,5567,5535,5569,5751,5866,5750,5987,5534,5791,5749
5750,5569,5866,5788,5751,5752,5791,5787,5829,5749,5789,5869
5497,5578,5555,5495,5600,5566,5536,5484,5599,5498,5581,5556
5595,5645,5624,5662,5644,5754,5609,5646,5611,5661,5779,5776
5559,5595,5597,6140,5645,5609,5624,5608,5561,5662,5754,5661
5611,5553,5624,5646,5559,5610,5636,5645,5644,5554,5731,5595
6140,5561,5463,5624,5559,5560,5553,5611,5481,5646,5645,5595
5551,5514,5502,5441,5512,5501,5549,5500,5439,5564,5552,5593
5549,5725,5602,5603,5617,5470,5552,5471,5660,5435,5664,5618
5751,5569,5557,5791,5750,5749,5769,5866,5752,5956,5788,5767
5568,5556,5567,5536,5565,5654,5535,5987,5557,5751,5498,5569
5565,5987,5751,5557,5769,5569,5749,5757,5791,5986,5956,5750
5567,5987,5757,5556,5565,5756,5751,5769,5986,5822,5557,5838
5791,5750,5752,5749,5787,5767,5957,5788,5956,5790,5792,5789
5796,5659,5571,5798,5864,5797,5639,5658,6004,5892,5870,5891
5639,5659,5658,5638,5892,5796,5797,5798,5636,5933,5834,5637
5839,5503,5585,5584,5570,5483,5865,5571,5708,5796,5864,5554
5576,5672,5627,5674,5574,5700,5628,5717,5811,5625,5716,5908
5908,5879,5627,5625,5626,5811,5722,5531,5720,5674,5671,5813
5628,5530,5879,5576,5574,5459,5908,5531,5573,5457,5627,5626
5574,5627,5908,5879,5625,5674,5811,5672,5626,5722,5531,5716
5632,5630,5631,5711,5653,5533,5873,5525,241,240,5901,5785
5555,5599,5566,5568,5536,5495,5601,5556,5567,5654,5498,5484
5600,5558,5578,5581,5599,5555,5485,5497,5566,5601,5583,5568
5899,5633,5635,5925,5601,5838,5666,5668,5756,5665,5654,5667
5601,5599,5899,5578,5925,5654,5580,5568,5566,5756,5633,5838
5546,5583,5581,5600,5601,5545,5899,5580,5579,5599,5925,5634
5899,5581,5601,5580,5925,5633,5600,5599,5654,5838,5756,5635
5864,5570,5796,5869,5870,5659,5871,6004,5798,5571,5789,5788
5839,5865,5584,5829,5503,5864,5570,5869,5796,5866,5788,5483
5614,5613,5615,195,5616,193,5642,191,5655,5676,5823,5656
5586,5616,5615,5614,5656,5613,5823,5655,5671,5676,195,5642
5614,5586,197,195,198,5613,5587,193,5615,191,5616,5642
5588,5548,5643,5586,5614,5677,197,5529,5587,198,195,5622
5683,5684,5690,5369,5836,5409,5496,5585,5412,5708,5370,5498
5582,5600,5581,5579,5583,5578,5599,5546,5601,5558,5899,5580
5602,5564,5435,5725,5660,5549,5603,5288,5471,5502,5293,5470
5592,5512,5289,5602,5564,5201,5514,5435,5288,5725,5549,5660
5596,5607,5560,5597,5462,5606,5595,5608,5559,6140,5609,6461
5609,5645,5662,5661,5754,5624,5663,5644,5776,5775,5825,5646
5462,5560,6140,5562,5597,5559,5455,5607,5595,5561,5624,5606
5608,5595,5609,5559,5935,5663,5662,5661,5645,6140,5713,5999
5340,5282,5398,5244,5389,5240,5372,5396,5395,5246,5271,5384
5568,5654,5566,5925,5567,5555,5987,5756,5757,5556,5536,5838
5581,5578,5599,5601,5566,5555,5568,5654,5899,5925,5497,5567
5925,5599,5654,5756,5568,5633,5838,5757,5987,5566,5821,5567
5435,5725,5660,5471,5293,5603,5302,5470,5291,5549,5464,5230
5617,5470,5664,5471,5618,5641,5465,5464,5695,5302,5619,5741
5911,5605,5681,5917,5666,5634,5679,5545,5698,5635,5667,5580
5545,5917,5634,5911,5546,5580,5666,5681,5635,5583,5679,5582
5608,5935,5597,5713,5609,5663,5999,5595,6057,5560,5661,5998
5606,5597,5608,6461,5560,5935,5609,5595,5713,5462,5714,5663
5609,5663,5661,5595,5999,5662,5931,5825,5559,5998,5645,5775
5661,5662,5663,5645,5825,5775,5754,5999,5931,5776,5928,5624
5636,5639,5638,5637,5646,5731,5571,5658,5834,5777,5644,5778
5646,5636,5610,5731,5644,5637,5638,5639,5778,5645,5777,5754
5443,5513,5488,5444,5563,5682,5512,5593,5514,5440,5551,5290
193,5615,5642,191,5676,189,5655,5675,187,5823,5724,185
195,5613,193,5615,191,5642,5616,189,5676,5655,187,5675
5655,5642,5676,5823,193,191,189,5724,5675,5723,5772,187
5823,5656,5615,5655,5772,5676,5723,5613,5721,5642,5724,193
5618,5664,5641,5470,5619,5695,5640,5465,5741,5742,5471,5464
5619,5641,5742,5664,5640,5620,5741,5649,5695,5532,5470,5648
5620,5640,5649,5641,5741,5648,5647,5735,5694,5695,5542,5651
5648,5649,5647,5640,5726,5735,5727,5784,5694,5741,5652,5730
5697,5681,5698,5738,5696,5604,5911,5679,5430,5686,5699,5666
200,201,198,5643,197,5588,195,5614,193,5586,5613,5548
5692,5504,5594,5607,5596,5707,5461,5560,5597,5462,5606,5453
5646,5645,5611,5644,5754,5731,5636,5778,5662,5779,5610,5637
5722,5626,5811,5720,5813,5912,5671,5828,5721,5716,5868,5812
5671,5720,5721,5657,5722,5656,5828,5811,5912,5772,5616,5926
5811,5674,5625,5908,5722,5716,5813,5626,5720,5912,5812,5703
5574,5576,5879,5530,5908,5627,5626,5531,5625,5811,5671,5674
5558,5579,5485,5497,5578,5555,5600,5394,5591,5495,5484,5566
5711,5631,5873,5901,240,5653,238,5785,5875,236,5533,5914
5653,5873,5785,5652,5901,5875,5651,5861,5872,5914,5726,5874
5533,5631,5653,5630,5651,5532,5873,5652,5785,5711,5648,5726
5838,5925,5668,5756,5821,5665,5835,5921,5654,5757,5736,5822
5580,5635,5666,5633,5899,5583,5667,5665,5679,5668,5925,5838
5633,5665,5667,5668,5835,5838,5925,5688,5680,5704,5736,5821
5731,5637,5638,5778,5777,5644,5834,5658,5800,5779,5830,5754
5777,5834,5778,5830,5800,5801,5933,5955,5779,5831,5892,5833
5637,5658,5834,5731,5777,5933,5892,5830,5778,5659,5955,5797
5638,5658,5636,5637,5659,5834,5892,5933,5731,5797,5777,5830
5741,5649,5694,5735,5695,5542,5647,5669,5730,5729,5784,5543
5640,5741,5695,5649,5542,5465,5694,5620,5466,5735,5669,5543
5676,189,5675,187,5724,185,5782,5780,5753,5723,183,5837
5588,198,197,5614,200,195,5548,5586,193,5613,5587,5615
5754,5778,5779,5731,5776,5800,5802,5777,5637,5775,5833,5801
5754,5662,5644,5646,5779,5776,5661,5778,5775,5731,5802,5636
5644,5731,5636,5778,5637,5754,5779,5777,5638,5800,5639,5834
5735,5727,5784,5730,5765,5771,5694,5733,5728,5729,5759,5764
5726,5647,5727,5649,5652,5735,5784,5771,5640,5765,5861,5730
5735,5647,5694,5741,5784,5730,5727,5726,5542,5729,5669,5728
5420,5331,5429,5332,5419,5447,5448,5511,5319,5330,5445,5393
5648,5726,5652,5620,5647,5727,5771,5861,5785,5649,5784,5765
5861,5726,5771,5727,5846,5874,5647,5764,5765,5872,5961,5784
5651,5652,5785,5726,5861,5648,5771,5875,5874,5872,5727,5620
5568,5756,5757,5987,5838,5567,5821,5822,5986,5769,5751,5565
5676,5723,5724,5642,5772,5675,5773,5837,5780,189,5774,187
5823,5721,5772,5655,5723,5926,5828,5615,5774,5676,5724,5773
5587,5671,5656,5616,5823,5721,5586,5615,5772,5655,5720,5723
5892,5933,5834,5797,5637,5889,5798,5955,5997,5891,5830,5777
5797,5798,5892,5658,5891,6004,5889,5933,5890,5870,6042,5834
5471,5302,5291,5464,5470,5292,5231,5603,5465,5664,5228,5300
5825,5775,5931,5776,5928,5754,5827,5826,5946,5779,5852,5930
5661,5754,5776,5775,5825,5779,5644,5826,5802,5827,5778,5931
5661,5931,5825,5928,5946,5662,5775,5930,5827,5945,5776,5852
5641,5695,5465,5741,5464,5640,5466,5542,5619,5300,5694,5543
5835,5704,5668,5688,5736,5687,5702,5921,5838,5737,5821,5816
5667,5635,5680,5665,5688,5686,5633,5835,5668,5689,5704,5899
5665,5688,5835,5704,5689,5687,5668,5739,5633,5736,5702,5700
5835,5921,5736,5821,5704,5756,5816,5822,6326,5757,5737,5702
5523,5770,5729,5544,5670,5734,5730,5728,5385,5747,5388,5693
5524,5693,5734,5505,5487,5748,5691,5623,5747,5397,5486,5504
5656,5721,5720,5772,5828,5616,5823,5926,5722,5912,5794,5723
5674,5717,5627,5716,5703,5811,5739,5719,5705,5574,5625,5813
5740,5699,5573,5672,5700,5538,5576,5686,5674,5717,5627,5689
5716,5811,5703,5813,5625,5719,5722,5812,5739,5908,5705,5718
5782,5780,185,5753,183,5783,5781,5837,182,5804,5786,5773
5675,5724,189,5723,5780,187,5782,5837,185,5773,5753,5783
5622,5643,200,198,201,197,5588,5614,195,5548,5586,193
243,5630,5577,5711,241,5631,240,5873,5632,5901,238,5653
5680,5666,5667,5686,5689,5688,5635,5665,5699,5700,5739,5687
5688,5667,5689,5739,5665,5700,5687,5704,5717,5705,5835,5702
5911,5698,5679,5917,5666,5738,5686,5680,5667,5634,5430,5699
5440,5563,5342,5488,5551,5441,5514,5439,5513,5344,5502,5501
5836,5690,5496,5708,5409,5585,5498,5534,5412,5572,5865,5829
5683,5496,5836,5690,5498,5495,5708,5534,5369,5409,5585,5536
5510,5509,5359,5622,5677,203,205,5473,201,206,200,208
5680,5689,5700,5740,5688,5667,5739,5717,5672,5687,5705,5665
5701,5705,5702,5704,5745,5718,5703,5744,5737,5736,5743,5824
5687,5739,5704,5702,5705,5835,5701,5736,5703,5717,5745,5668
5739,5688,5717,5687,5705,5703,5672,5701,5665,5704,5674,5718
5409,5836,5585,5412,5496,5572,5708,5839,5865,5534,5482,5408
5692,5623,5706,5707,5607,5594,5504,5710,5709,5606,5596,6461
5607,5707,5594,5606,5597,6461,5709,5596,5560,5608,5935,5713
5691,5623,5505,5692,5706,5487,5504,5758,5594,5486,5607,5707
5729,5669,5730,5728,5770,5784,5523,5543,5734,5733,5747,5727
5741,5542,5466,5543,5694,5669,5300,5467,5649,5523,5385,5544
5430,5697,5539,5738,5673,5699,5698,5537,5740,5422,5686,5700
5738,5698,5430,5699,5686,5681,5539,5673,5679,5700,5740,5911
5738,5679,5686,5911,5699,5430,5680,5666,5700,5689,5667,5917
5740,5700,5686,5672,5689,5717,5573,5680,5674,5739,5688,5703
5689,5672,5717,5739,5674,5703,5688,5705,5716,5687,5627,5719
5744,5745,5718,5824,5743,6025,5737,5719,5841,5854,5817,5848
5745,5701,5737,5744,5743,5718,5816,5815,6025,5824,5817,5814
5705,5719,5718,5716,5701,5812,5841,5824,5744,5811,5813,5702
5702,5736,5737,5745,5701,5816,5921,5705,5744,5743,5815,5821
5701,5718,5719,5744,5702,5745,5824,5716,5841,6025,5812,5743
5707,5692,5709,5607,6461,5623,5715,5606,5714,5594,5712,5713
6461,5607,5606,5713,5714,5594,5935,5597,5608,5712,6057,5976
5829,5865,5585,5869,5866,5584,5788,5864,5839,5789,5871,5557
5714,6461,5707,5712,5713,5976,5606,5607,6057,5935,5975,6143
5709,5715,5706,5707,5712,5714,6461,5977,5692,5976,5713,5607
5901,5873,238,5631,236,5875,5914,234,5785,5653,232,5872
5976,5714,5975,6143,5713,6057,6461,6059,6084,6058,5935,6085
5935,6057,5999,5998,5608,6143,6058,5663,5946,5945,5931,5609
5713,5976,6461,6057,5935,6143,5606,5998,5999,6058,5608,6059
5712,5977,5709,5714,5976,5975,6083,6461,5707,5713,6143,6057
5719,5812,5813,5718,5722,5841,5868,5867,5912,5824,5701,5968
5703,5739,5674,5716,5705,5719,5718,5811,5687,5627,5701,5812
5824,5744,5841,5854,6025,5745,5812,5743,5867,5853,5857,5813
5718,5812,5841,5824,5813,5867,5744,5854,5868,5853,6025,5968
5828,5721,5912,5794,5926,5656,5813,5772,5868,5981,5823,5774
5828,5772,5926,5823,5794,5774,5912,5723,5795,5981,5655,5773
5813,5912,5720,5828,5868,5812,5794,5721,5981,5968,5926,5867
5773,5724,5774,5837,5793,5780,5819,5675,5804,5795,5782,5818
5780,5837,5773,5675,5804,5782,5783,5819,5753,185,5793,5805
5471,5603,5470,5660,5302,5464,5664,5617,5291,5465,5292,5695
5727,5647,5771,5765,5784,5861,5735,5764,5846,5759,5730,5733
5765,5784,5771,5764,5759,5733,5730,5846,5762,5728,5799,5746
5747,5734,5746,5748,5758,5762,5761,5759,5670,5693,5691,5706
5728,5770,5734,5523,5747,5670,5733,5748,5544,5746,5693,5758
5728,5729,5733,5747,5734,5770,5765,5746,5759,5762,5523,5748
5778,5637,5777,5800,5779,5834,5801,5830,5802,5833,5776,5658
5885,5546,5582,5545,5583,5591,5605,5581,5580,5634,5899,5600
5746,5728,5759,5762,5747,5761,5758,5760,5734,5799,5748,6072
5748,5747,5693,5691,5758,5746,5524,5706,5623,5505,5761,5692
5730,5784,5694,5727,5729,5728,5733,5765,5669,5747,5770,5771
5921,5816,5737,5702,6326,5814,5745,5815,5822,5743,5840,5701
5745,5815,5743,5814,5817,5744,5847,6025,5848,5849,6242,5840
5699,5686,5700,5679,5673,5740,5680,5689,5672,5717,5537,5667
5705,5687,5703,5701,5718,5702,5719,5704,5716,5744,5745,5824
5672,5700,5573,5717,5674,5689,5576,5627,5739,5716,5703,5811
5542,5694,5669,5735,5543,5466,5729,5730,5523,5770,5647,5728
5620,5532,5619,5648,5649,5640,5651,5647,5641,5726,5735,5741
5817,6025,5815,5848,5849,5857,5858,5884,5854,5847,6009,6007
5824,6025,5743,5854,5848,5841,5817,5857,5815,5884,5853,5855
5744,5743,6025,5817,5824,5815,5848,5814,5854,5857,5849,5841
5761,5758,5760,5710,6072,5748,5706,5715,6056,5983,5691,5709
5746,5758,5748,5761,5762,5706,5710,5691,5693,6072,5760,5692
5691,5758,5693,5706,5692,5710,5623,5761,5707,5505,5709,6072
5956,5791,5767,5766,5768,5957,5752,5856,5938,5936,5937,5790
5788,5787,5752,5789,5791,5792,5869,5790,5810,5957,5749,5871
5749,5769,5569,5791,5956,5767,5986,5768,5752,5750,5766,5957
5790,5792,5957,5767,5809,5808,5810,5856,5807,5806,5871,5938
183,5781,182,5783,180,5803,5786,177,5842,5805,5804,5844
5779,5776,5778,5802,5775,5800,5731,5826,5845,5825,5833,5777
5457,5474,5528,5589,5459,5473,5548,5529,5588,5643,5510,5530
5757,5821,5822,5987,5986,5921,6326,5769,5567,5840,5736,5768
5822,5987,5986,5821,5769,6326,5768,5921,5840,5751,5956,5749
5710,5706,6072,5691,5709,5715,5707,5692,6056,5623,5712,6461
5762,5799,5760,5746,5761,5763,5983,6072,5747,6056,5758,5960
6072,6056,5983,5761,5715,5710,6075,5977,5758,5712,6083,5709
6072,5710,5758,5715,6056,5706,5709,5977,5712,5691,6075,5707
5760,5746,5761,6072,5983,5758,6056,5710,5715,5960,5748,6075
5799,5960,5944,5983,5958,5760,5959,6075,5762,6139,6056,6031
5759,5799,5763,5762,5760,5983,5733,5960,5944,5746,5761,6056
5759,5764,5733,5762,5799,5746,5763,5728,5760,5761,5747,5983
5937,5938,5767,5856,6000,6062,5965,5957,5806,6060,6061,5847
5856,5957,5938,5937,5806,5965,5790,5808,6000,5967,5792,6062
5956,5766,5936,5937,5767,6242,5938,6062,5791,5814,5856,6000
5956,5749,5768,5766,5767,5791,5840,5936,5569,5938,5937,5957
5734,5670,5728,5693,5747,5748,5524,5388,5691,5758,5505,5746
5764,5846,5765,5759,5784,5874,5763,5961,5799,5733,5762,5730
5723,5926,5774,5773,5794,5793,5724,5795,5837,5676,5981,5819
5837,5793,5819,5804,5780,5820,5818,5860,5863,5783,5805,5782
5793,5773,5795,5818,5819,5837,5724,5820,5970,5927,5804,5910
5776,5827,5826,5928,5802,5779,5850,5852,5845,5878,5851,5930
5779,5802,5826,5845,5800,5778,5827,5833,5878,5850,5928,5876
5830,5801,5800,5834,5833,5831,5955,5832,5802,5933,5905,5845
5800,5777,5802,5801,5833,5830,5834,5845,5832,5831,5826,5893
5778,5802,5800,5833,5845,5777,5826,5801,5878,5832,5893,5830
5782,5783,5837,5804,5753,5781,5805,5786,183,5819,5860,5803
5803,180,5786,5783,177,5842,5805,5844,5843,174,5804,172
5753,5781,5783,183,182,5786,5803,180,5804,5837,5805,177
5786,5805,5804,5803,5844,5842,180,5860,5843,5859,177,173
5730,5765,5733,5728,5759,5729,5746,5762,5764,5747,5669,5734
5861,5872,5652,5874,5907,5846,5771,5961,5726,5916,5900,5764
5842,5844,5805,5843,173,177,174,172,166,5859,168,5860
5792,5752,5810,5790,5871,5807,5809,5880,5957,5882,5808,5870
5789,5869,5787,5871,5810,5752,5792,5864,5880,5870,5790,5791
5871,5787,5810,5880,5792,5870,5752,5807,5882,5790,5809,6003
5808,5809,5806,5807,5856,5978,5883,5966,5938,5967,5965,5882
5752,5767,5957,5790,5856,5766,5787,5938,5792,5808,5806,5809
5790,5809,5807,5808,5883,5882,5880,5978,5806,5881,5966,5856
5818,5820,5819,5837,5910,5970,5863,5909,5860,5804,5972,6039
5981,5926,5795,5927,5968,5774,5970,5818,5793,5982,6040,5723
5818,5927,5970,5793,5820,5910,6040,5773,6039,5819,5909,5863
5798,6004,5870,5659,5797,5890,5871,5891,6003,5880,5892,5658
5891,5889,5890,5933,6042,5997,6108,6026,6003,6150,5955,6107
5797,6004,5891,5890,5892,5889,6042,6003,6026,5880,5933,6150
5983,5760,5762,5960,6056,5761,6072,6075,5746,5958,5977,6139
5833,5801,5845,5832,5830,5893,5831,5826,5878,5988,5955,5886
5832,5833,5831,5988,5893,5955,5845,5905,5887,5888,6107,5878
5845,5800,5833,5826,5878,5893,5801,5832,5876,5850,5886,5830
177,5842,5786,174,5843,172,5844,173,5805,166,168,5859
5805,5860,5786,5859,5844,5863,5972,5820,5803,5842,168,173
5844,5859,173,168,5843,5842,5972,167,169,5863,166,172
5966,5967,5965,5978,6078,5979,5971,6024,6061,5883,6034,5947
5883,5882,5881,5978,5808,5950,5947,5949,5948,5966,5971,5806
5806,5966,5978,5883,5967,5971,5965,5979,5947,6078,6034,5881
5808,5807,5883,5978,5966,5806,5881,5947,5882,5971,5967,5979
5880,5792,5807,5882,5809,5790,6003,5883,5881,5950,6004,5808
5813,5722,5716,5812,5912,5720,5719,5868,5828,5867,5841,5981
5867,5841,5868,5968,5853,5912,5824,5854,5982,5981,5855,5794
5812,5868,5912,5867,5968,5981,5841,5828,5794,5853,5982,5927
6242,5815,5847,5936,5817,6062,5849,5743,6009,6008,5937,5766
5817,5847,5849,5848,6242,6009,5858,6025,6008,6062,6007,6063
5814,5737,5815,5840,6242,5847,5745,5743,5817,5936,5768,5849
5849,5848,5858,5847,6009,5884,5857,6007,6063,6008,5924,5897
5820,5910,6039,5909,5819,5863,6088,5939,6191,6228,5860,5972
5860,5820,5804,5863,5972,5805,5909,5859,5783,5910,5862,170
5863,5909,5910,5860,6088,5939,5972,170,6039,5862,165,169
5822,5921,6326,5986,5816,5736,5840,5987,5814,5768,5769,5737
5986,6326,5840,5768,5769,5816,5814,5936,5956,6242,5766,5749
5655,5723,5772,5724,5676,5774,5773,5926,5642,5837,5675,5793
5854,6025,5841,5857,5853,5743,5855,5848,5867,5817,5884,5897
5928,5775,5827,5852,5930,5776,5826,5851,5850,5919,5942,6001
5845,5878,5850,5876,5833,5851,5877,5893,5886,5954,5920,5832
5852,5826,5850,5851,5942,5878,5919,5876,5877,5920,5845,5918
5794,5926,5981,5772,5795,5774,5868,5968,5927,5823,5723,5793
5869,5788,5865,5789,5864,5750,5871,5787,5584,5810,5870,5569
5955,5801,5831,5905,5832,6107,5833,5887,5997,5988,5904,5985
5905,5887,5988,6107,5985,5904,5906,5893,5895,5888,6106,5984
5988,5893,5831,5887,5888,5905,5895,5886,5906,5985,5894,6020
5832,5893,5878,5988,5831,5886,5888,5876,5887,5850,5954,5905
5830,5933,5955,5801,5997,6107,5831,5905,5889,5800,5797,5832
5736,5704,5921,5702,5816,5737,5687,5821,5745,6326,5701,5822
5708,5585,5534,5865,5829,5572,5839,5584,5866,5869,5535,5864
5804,5819,5783,5860,5805,5820,5863,5786,5753,5781,5859,5972
5756,5821,5668,5921,5757,5822,5835,6326,5736,5986,5816,5987
5584,5503,5570,5865,5796,5571,5864,5659,5869,5829,5798,5554
5936,6242,5768,5814,5766,5937,6062,5956,5847,5815,5938,6000
5854,5867,5853,6025,5855,5868,5857,5982,5968,5896,5897,5743
5843,174,172,5844,173,166,168,5859,167,169,5972,5862
173,172,166,168,167,169,5862,170,165,5939,163,161
173,5843,168,5859,166,172,167,174,169,5972,5862,170
5878,5833,5893,5876,5886,5832,5850,5954,5877,5888,5988,5831
5961,5764,5763,5944,5799,5765,5916,5759,5960,5983,5762,5958
6009,6008,5849,6062,6063,6060,6007,5937,6141,5858,5848,6000
5884,5858,5857,5849,5897,6007,5924,6009,5855,6063,5923,6008
6009,5858,6007,6063,6008,5884,5924,6173,6141,5897,6006,6060
5877,5876,5878,5920,5954,5953,5918,5886,6015,6096,5893,5990
5850,5920,5918,5877,5941,6015,5876,5953,5878,5954,5952,5990
5942,5851,5919,5918,5941,5850,5920,5940,5826,5877,6015,5951
5855,5982,5896,5898,5857,5897,6040,5927,5943,5884,5923,5922
5857,5855,5853,5897,5848,5884,5896,5898,5982,5817,5858,5968
5897,5898,5896,5884,5923,5922,5943,5924,6040,5858,6023,5927
5806,5965,5808,5967,6000,5966,6078,6061,5809,5978,5979,6024
5884,5897,5855,5858,5924,5898,5923,5849,5896,6007,5982,6005
6007,5924,5897,6063,6006,6173,5923,6005,6141,5898,6023,6022
167,168,169,173,5862,170,5843,166,165,172,5939,174
5972,5859,5863,5805,169,5862,167,5844,170,5909,168,173
5846,5874,5771,5961,5764,5763,5727,5765,5916,5944,5759,5799
169,165,167,163,5969,161,168,159,6227,6028,157,6215
5972,5909,170,5862,5939,169,5859,165,6088,167,5969,163
5870,5871,5796,6004,5789,5880,5798,5810,6003,5659,5890,5787
5584,5869,5864,5788,5871,5796,5789,5870,5570,6004,5880,5787
5788,5750,5829,5869,5787,5569,5789,5865,5752,5871,5791,5864
5853,5968,5982,5981,5854,5896,5855,5927,6040,5794,5898,5857
5968,5867,5981,5982,5794,5927,5853,5795,5896,5926,6040,5854
5789,5871,5864,5870,5787,5810,5880,5796,6004,5792,6003,5752
6004,5880,6003,5798,5890,5810,5882,5891,6026,5950,5797,5807
5880,5870,5810,6004,6003,5882,5792,5807,5890,5798,5950,5809
5874,5907,5916,5861,5961,5913,5846,5944,6027,5915,5763,5771
5875,5785,5914,5653,5872,234,5907,5652,5861,5874,232,5900
5961,5846,5916,5763,5944,5764,5913,5959,6027,5960,5799,5958
5872,5907,5785,5900,5874,5913,5861,5916,231,5652,5915,5961
5954,5877,5886,5953,6096,5920,5893,6020,5888,5990,5991,5989
5954,5920,5953,6096,5886,5990,6015,5989,5991,6020,6014,6097
5876,5886,5893,5954,5877,6096,5888,5832,5953,5920,6020,5988
5908,5626,5531,5625,5671,5627,5720,5657,5529,5722,5811,5656
5882,6003,5807,5950,5890,5881,6026,5883,5809,5949,5891,6043
5949,5948,5947,6010,5974,6043,6241,5971,6012,5973,6151,6011
5950,5881,5883,5949,6026,5948,6043,5947,5978,6010,6042,6150
5978,5881,5947,5971,5948,5966,5949,5950,5974,5973,6034,5979
5858,5897,5924,5923,6007,5898,6005,6006,6023,6063,5922,5896
5545,5546,5605,5634,5582,5580,5583,5917,5604,5899,5581,5911
5954,6020,6096,5888,5953,5991,5894,6094,5895,5989,6127,6125
5906,5985,5895,5903,5984,5888,5992,6202,5894,5994,6049,6020
6020,5894,5895,6094,6096,6202,6127,5991,5906,5903,5985,5953
5997,6042,6108,6106,6107,6150,5955,6026,6201,6174,5904,5905
6026,6042,6150,5889,5950,6043,6108,5882,5949,6152,6174,5997
5890,6042,5889,6026,6108,6150,5997,6174,5950,6043,6106,6107
5797,5933,5889,5891,5997,5834,6042,5955,5890,6108,6107,5830
5886,5888,5988,6020,5954,5895,6096,5887,5894,5877,5991,5953
6127,6202,6094,5991,5903,6122,6126,6049,6125,6188,6121,5994
5906,5894,5903,6202,6127,5984,6020,6049,5994,6094,6122,6126
5898,6040,5943,5922,5897,5923,6191,6068,5970,6039,6023,6069
5923,5898,5924,5922,6023,6005,6007,5943,6006,6021,6069,6068
5922,5923,5943,6023,6068,5924,6069,6005,6191,6021,6039,6211
5925,5601,5633,5838,5756,5654,5635,5599,5668,5821,5757,5568
5915,5907,5913,6087,5872,6082,227,5916,6027,224,6051,5874
5873,5914,5875,234,232,5907,5900,5785,5872,231,229,5653
5473,5474,5510,5755,5589,5685,5677,5643,5528,5457,5509,5588
5994,6202,6049,5995,6122,6127,5993,6131,6220,6047,6094,6126
5985,5992,5984,5887,6201,5906,5996,5993,5903,6306,5994,5895
5904,5985,5887,5906,6106,5992,5988,5984,5895,5903,6201,5996
5903,5984,5994,6202,6049,5894,5993,5995,5996,6127,6122,6131
5913,5916,5874,5915,6027,6087,5961,5861,6082,5959,5944,5846
5626,5625,5720,5671,5722,5811,5721,5657,5828,5912,5813,5656
5939,6088,170,5972,5862,165,5969,163,169,6227,6228,161
6088,6039,5909,5939,6228,5863,6191,6227,5969,170,6211,5972
5666,5917,5679,5667,5634,5680,5635,5686,5738,5665,5580,5688
5828,5868,5794,5981,5968,5926,5867,5795,5927,5982,5772,5774
6087,6027,5916,6082,6029,5959,6044,224,6030,5961,5944,222
232,5900,5875,5907,231,5872,229,5915,5913,5785,5916,5874
6082,6087,5913,224,6051,6044,222,6027,6029,220,5916,6114
5961,6027,5944,5959,6087,5958,5763,6029,6030,5960,6031,5764
5634,5666,5635,5667,5679,5580,5633,5665,5680,5899,5583,5668
6015,5920,5952,6014,5990,5877,5953,6074,6016,6097,5876,5954
5942,5941,5940,5918,5851,5951,5962,5952,5964,6015,5920,5850
6015,5953,5990,5954,6014,5952,6096,6097,5989,5886,6074,5991
5816,6326,5822,5814,5737,5840,5986,5702,6242,5815,5768,5745
6023,6068,6069,6191,6021,6005,6104,6211,6105,6291,6228,6022
6023,5922,6005,6021,6069,6068,6006,6022,6291,6104,6036,6191
6005,5923,6006,6023,6022,6173,6021,5922,6035,6038,6069,6036
5756,5838,5654,5757,5821,5668,5568,5822,5987,5921,5986,6326
5774,5795,5981,5793,5723,5773,5818,5927,5968,5970,5820,5819
6040,5970,5818,5896,6039,5943,5910,5793,6191,5898,5820,6088
5852,5930,5827,5919,5851,5942,5929,5850,5826,5941,5918,5940
5919,5940,5962,5941,5852,5942,5951,5964,5918,5851,6017,5952
5852,5929,5919,5942,5827,5963,5940,5851,5941,5918,5962,5850
5928,5825,5930,5852,6001,5827,5775,5929,5919,5942,5851,5963
5224,5335,5219,5236,5399,5226,5209,5235,5318,5216,5181,5225
5997,5955,5889,6107,5830,5891,6106,6108,5905,6042,5904,5831
5024,5039,5023,5101,4961,5031,4854,5080,5100,5102,5006,5221
5999,5608,5663,5998,5609,5931,5946,5661,5825,6058,5945,5595
5937,6242,5766,6062,5938,6000,5847,5767,6060,6008,5856,5965
6000,5938,6062,5965,6060,5856,6061,6008,6078,5806,5967,6076
5856,5965,6000,5806,6062,6061,5967,6078,6060,5808,5966,6008
165,5969,170,5862,163,6227,161,169,6215,159,6028,167
5951,5941,5964,5942,5952,6017,5918,6016,6019,6018,5851,6015
5918,5951,5952,6015,5964,6016,5920,6014,6074,5990,6018,5877
5918,5851,5941,5920,6015,5952,5951,5850,5877,5990,6014,5953
6191,6068,5922,6039,6211,6228,5923,6069,6023,6104,5910,6088
5958,5959,5960,6139,6031,5799,5983,6030,6075,6138,6165,5760
6002,6001,5946,5930,5963,5929,6070,5931,5928,5919,6071,5852
5931,6001,5930,5928,6002,5929,5825,5852,5919,5963,6070,5827
5948,5974,5973,6034,6241,6099,6010,6315,6011,6041,6012,5980
6241,6010,5974,6012,6011,5973,6151,6099,6160,6182,6034,6229
6010,5948,6043,6241,6151,6012,5947,5974,6152,6150,6182,6160
5949,6043,5881,6010,5948,6150,6151,6152,5947,6012,6241,5974
5952,6016,6074,5918,6018,6015,6014,6112,6073,6110,6327,5920
6015,6074,6014,6016,6110,5990,6073,6097,6112,6018,6130,5953
5990,6096,5989,5991,6097,6020,6014,6013,6125,6095,6094,6110
6096,5953,6020,5991,5989,5990,5888,6094,5894,6125,6097,6095
6107,5905,5997,5831,5904,6106,5887,5985,5832,6108,5992,5988
5766,5767,5791,5938,5936,5937,5856,5957,6000,5752,6242,5965
5790,5856,5808,5806,5792,5938,5809,5965,5966,5978,5967,5807
6139,6031,6138,6075,6165,5983,6137,6117,6083,6164,6163,6084
5958,6030,6031,6139,5960,6117,6086,6138,6137,6165,6075,5983
5983,5958,6075,6139,6056,6165,5760,6083,6031,6138,5977,6072
5944,5763,5959,5764,5960,5958,5799,6027,5983,6139,5759,6030
5940,6017,5964,5951,6019,6046,5941,6018,6045,6016,5952,5942
5929,5962,6071,5940,5919,6017,5964,5941,5951,6064,5942,5852
5951,6019,6018,6016,6045,5952,6112,6089,6327,6074,6073,6066
6078,5967,6061,5966,6024,6060,5979,6077,6076,5978,6093,5971
5967,5979,5971,6034,6024,5947,6078,5980,5973,6315,5881,6093
6078,5979,6024,5971,6034,5980,6077,6093,6315,6033,6076,5973
5982,5927,5853,6040,5896,5795,5970,5855,5943,5898,5818,6039
163,165,6215,161,6028,159,6226,6258,6214,157,6170,155
5818,6039,5910,5820,5943,6191,6088,5909,6228,5863,6068,6211
6034,5979,5947,5973,6315,5980,5974,6024,6099,5948,6041,6032
5862,169,170,5859,167,5939,165,168,163,5969,173,161
6315,6099,5974,6041,6011,6032,6241,6159,6098,6033,6160,6229
6241,6099,6011,6160,6041,6012,6315,6159,6229,6182,6151,6032
6059,5976,6143,6085,6144,5714,6079,6058,6057,6289,6149,5713
6143,6057,5713,6059,6058,5998,6079,5935,5999,5945,6144,6002
6083,5712,5975,6084,5976,5714,5709,6143,6059,6085,6164,6057
5966,5971,5947,5979,5881,6034,5967,5973,5948,5974,6315,6024
6034,6024,5980,6315,5973,6093,6033,5947,6077,6032,6041,5974
6033,6315,6093,6032,6239,5973,6092,6041,6090,6091,6099,6162
5968,5927,5795,5982,5970,6040,5818,5774,5853,5896,5793,6039
5896,5927,6040,5855,5943,5898,5970,5795,6039,5897,5922,6191
6056,6075,6072,5977,6083,6139,5761,5715,6165,5710,5712,6084
5994,5903,5993,6049,5995,6306,6202,6053,6050,6131,6048,6122
5906,5984,5992,5903,5895,5994,5996,5993,6201,6202,6049,6306
5768,5769,5840,6326,5956,5936,5766,5749,6242,5816,5814,5767
5769,5751,5986,5822,5565,5749,5956,5768,5569,5791,6326,5840
5887,5888,5895,5906,5894,5886,5985,6020,5903,6202,5904,5984
5991,6095,6013,6125,6118,6094,6120,6130,6121,6119,6156,6126
6097,6014,5989,6013,6096,6110,6130,6074,5991,6095,6156,6125
6094,6125,6095,6126,6121,6127,6119,6013,6120,6202,6118,6122
5996,5984,5993,6306,5906,5994,6184,5903,6053,6168,5995,6050
6053,5994,6050,5995,6168,6052,6048,6049,6055,6054,6047,6131
5995,6049,6131,6050,6048,6047,6053,6122,6127,6220,6054,6132
6048,6047,6131,6050,6054,6134,6133,6132,6220,6055,6052,6525
6306,6184,5993,6053,6168,5984,5994,6050,6052,6176,6381,5995
6107,6106,6108,5904,5905,6201,5992,5985,6174,5831,6150,5996
5945,5946,6001,6002,5931,5930,5663,5929,5928,6070,5963,5825
5998,5946,5931,5663,5945,5825,5930,5928,6001,5661,6002,5929
6061,5965,6060,6078,6008,6076,5967,5806,6141,6077,6024,6063
5929,5930,5963,5919,5940,5928,5852,5962,6071,5942,5941,6101
6070,6001,5963,5929,6071,6101,5930,5962,5940,6080,5919,5931
5890,5950,5882,6026,5891,6042,5949,6043,5881,5807,6150,5883
5890,6003,5891,5880,5797,6026,6042,5882,5950,5889,5892,6150
6023,6021,6022,6035,6069,6036,6291,6037,6038,6068,6105,6171
6035,6005,6022,6038,6021,6142,6037,6171,6023,6036,6172,6291
6063,6173,5924,6006,6141,6005,6038,6142,6035,5923,6022,6076
6063,6060,6141,6076,6007,6173,6061,6142,5858,6077,5965,6189
6063,6008,6007,5858,6141,6173,6060,5884,5924,6006,6142,6076
6012,6151,6241,6182,6160,5974,6152,6175,6011,6231,6230,6099
6160,6229,6159,6041,6230,6372,6182,6320,6314,6098,6373,6231
6182,6160,6175,6011,6230,6231,6229,6099,6371,6177,6372,6176
6118,6095,6156,6120,6331,6128,6125,6204,6157,6119,6121,6332
6110,6097,6130,6073,6013,6109,5989,6112,6156,6128,6118,6095
6014,5990,6097,6074,5953,6110,6016,5989,5954,6130,6013,6073
6074,6112,6073,6327,6014,6110,6113,6109,6180,6111,6097,6130
6046,6019,5964,6045,6018,6065,6066,6089,5951,6016,6327,6136
6112,6327,6016,6089,6113,6180,6073,6074,6135,6153,6179,6111
6045,6018,6089,6066,6327,6016,6112,5951,6180,6135,6181,6113
5894,5991,6094,6127,6125,6202,5989,6126,6121,6122,6095,5903
6291,6022,6036,6105,6037,6035,6146,6147,6145,6104,6171,6185
6035,6036,6037,6291,6171,6145,6147,6203,6146,6304,6105,6172
6021,6069,6068,6291,6022,6105,6036,6104,6035,6146,6211,6037
6093,5980,6077,6034,6033,6091,6315,6092,6032,6189,6239,5973
5857,5848,5854,5817,5884,5855,5858,5897,5849,5853,5924,5867
5950,6150,6043,5949,6152,6108,6010,6174,6151,5881,6177,5948
5959,6029,6030,6044,5944,5958,6086,6031,6117,6114,6139,6115
159,6214,6170,157,6347,155,6350,6329,153,6348,6357,151
6030,6086,6114,5959,6117,6115,6031,218,216,6116,5958,6137
6031,6117,6086,5958,6137,6115,6138,6139,6116,6275,216,6163
6138,6137,6139,6117,6165,6163,6275,6164,6288,6075,6116,6084
6090,6239,6041,6098,6237,6161,6162,6159,6314,6316,6238,6236
6239,6092,6032,6090,6162,6237,6041,6192,6098,6161,6236,6255
6315,5973,5980,6041,6032,6033,6099,5974,6093,6239,6090,6098
6171,6037,6036,6172,6304,6145,6203,6291,6147,6216,6255,6249
6037,6145,6147,6146,6203,6217,6105,6186,6187,6304,6263,6185
6145,6203,6304,6147,6217,6216,6146,6264,6249,6263,6186,6248
6035,6171,6172,6022,6037,6304,6189,6255,6203,6036,6249,6021
6191,6228,6088,6211,6068,6227,5909,6104,5922,5939,6226,5969
5943,5970,6039,6191,5898,5910,5818,6068,5922,6228,6211,6088
6159,6098,6090,6314,6239,6229,6161,6320,6316,6237,6160,6372
6150,6108,6026,6174,5997,6043,6152,6106,6201,5950,6177,6107
6151,6152,6010,6012,6175,5948,6174,6177,6241,6182,6160,6231
6114,6029,6086,218,6115,216,6030,214,6117,6116,5959,212
6066,6089,6018,6135,6181,6327,6180,6112,6178,6016,6295,6113
6045,6019,6066,6089,6136,5964,6018,6181,6135,6327,6376,6295
6133,6132,6134,6525,6610,6054,6218,6196,6219,6197,6222,6195
6047,6054,6134,6133,6055,6196,6525,6209,6132,6197,6610,6169
6131,6122,5995,6220,6047,6132,6188,6048,6126,6133,6050,6219
6048,6055,6054,6134,6047,6209,6169,6196,6131,6133,6167,6525
224,222,6082,220,6044,218,6087,6114,6029,216,5913,6086
6055,6169,6050,6167,6054,6209,6048,6382,6384,6383,6196,6134
6052,6050,6055,6381,5995,6048,6054,6169,6167,6209,6400,6047
6196,6134,6209,6197,6208,6525,6133,6384,6195,6294,6292,6382
6054,6209,6169,6196,6384,6134,6382,6208,6197,6047,6294,6427
5977,5715,6083,5712,5710,5975,6165,5709,6084,5976,5714,5706
5998,6058,5999,5935,5945,5946,6079,6002,5663,5931,5608,6001
5945,5998,6079,6002,5946,6001,5999,6070,6081,5963,5931,5930
6144,6143,6079,6058,6149,6081,6100,6057,6002,6070,5945,5998
6061,6141,6076,6063,6078,6077,6142,6173,6189,6024,6007,5967
6078,6076,6077,6024,5967,6141,6189,6093,6142,5979,6091,5966
6008,6000,6060,6009,6061,6141,6063,5965,6076,5849,6078,5856
6141,6173,6142,6006,6076,6038,5924,6061,6189,6035,6005,6172
6046,6065,6017,6194,6045,5962,6019,6066,6136,6286,5964,6089
6046,6136,6066,6045,6181,6376,6019,6295,6089,6135,6178,178
6181,6089,6135,6295,6178,6180,6327,6018,6261,6200,178,6179
5032,5033,5194,5223,5087,5043,5279,5196,4982,5195,5086,5306
6211,6104,6069,6228,6105,6185,6226,6021,6291,6227,6088,6146
6105,6021,6104,6291,6211,6185,6146,6036,6022,6187,6147,6226
6101,6071,5963,6001,5962,6064,5929,6017,5940,6103,5930,5919
5962,6017,6064,6046,5940,5964,6019,5929,6065,6045,5951,6193
5715,6056,5710,5977,5709,5712,5706,6075,5714,6083,5976,5975
6109,6113,6110,6111,6130,6129,6153,6128,6154,6155,6097,6156
6110,6014,6073,6112,6109,6097,6130,6113,6111,6128,6013,6129
6083,6165,6056,5977,6084,6138,5975,6164,5715,5712,6085,6163
6077,6189,6142,6091,6093,6024,6172,6038,6255,6092,6006,6033
6093,6189,6091,6092,6142,5980,6033,6255,6172,6192,6239,6034
6024,6077,5979,6076,6093,5980,6091,6189,6034,6033,5971,6092
6081,6002,6070,5945,6101,5998,6080,6001,5963,6071,5946,6102
6101,6103,6064,6070,6071,6124,6193,6017,6065,6046,5963,6252
6080,6070,6101,6002,6071,6103,6064,5963,6123,5945,6001,5962
222,6087,6044,220,6029,6114,218,6027,6086,6030,216,6115
6084,5975,6164,6085,5712,6059,5976,6289,6143,6163,6144,6149
6085,5975,6289,6059,6149,6144,6143,5976,6232,6100,6079,6148
6059,6149,6144,6100,6232,6143,6079,6148,6081,5976,6102,6446
6115,6117,6116,214,6275,6031,6137,212,6166,6221,210,6138
6029,6027,6044,6030,6086,6114,220,5959,218,6115,6117,6031
6228,6227,5939,5969,165,6211,6215,163,6226,170,5862,161
6327,6135,6180,6112,6113,6179,6178,6016,6200,6153,6073,6199
6161,6237,6098,6238,6316,6462,6314,6236,6313,6319,6251,6272
6092,6255,6192,6033,6162,6172,6239,6249,6236,6237,6240,6032
6162,6239,6192,6237,6236,6032,6090,6249,6240,6161,6238,6098
6033,6091,6092,6239,6032,6162,6315,6255,6192,6090,6237,6041
6127,6126,6125,6121,6202,6122,6188,6095,6119,6256,6220,6049
6120,6118,6119,6121,6331,6156,6205,6126,6204,6256,6299,6332
5991,6020,5989,6094,6125,5894,6095,6127,6097,6013,6126,6121
6013,6130,6110,5989,6156,6095,6118,6109,6128,5991,6125,6120
6314,6161,6316,6237,6320,6319,6462,6238,6313,6380,6372,6236
6011,6041,6159,6229,6160,6098,6032,6314,6320,6090,6372,6230
6102,6081,6080,6123,6103,6101,6079,6070,6124,6064,6253,6002
6071,6064,5963,6017,5962,6046,6193,6065,5929,5940,6019,5964
6123,6080,6103,6124,6081,6101,6253,6064,6193,6252,6070,6071
6193,6064,6101,6252,6065,6194,6286,6071,6046,6017,6284,6136
6185,6105,6226,6187,6291,6328,6146,6227,6258,6215,6147,6186
6146,6185,6187,6147,6328,6186,6226,6333,6145,6258,6360,6217
5904,6201,5992,5996,5985,6174,6184,5984,6306,5887,5906,5993
5904,5905,6106,5985,5992,6108,6201,5887,5906,5984,5996,6174
6106,6174,6201,6150,5904,6152,6184,5996,6177,5992,6043,5905
6128,6129,6111,6154,6156,6158,6157,6155,6190,6013,6267,6204
6130,6109,6128,6013,6156,6111,6129,6113,6157,6118,5989,6158
6154,6155,6129,6267,6128,6212,6190,6198,6158,6268,6337,6420
6073,6113,6180,6111,6153,6110,6109,6179,6155,6129,6154,6130
6153,6111,6155,6179,6109,6154,6198,6129,6212,6199,6267,6128
6115,216,6086,214,6116,212,6117,6030,6166,210,6275,6221
6116,214,212,6117,6166,210,6275,6221,209,6137,6254,6388
6166,6275,6221,210,6388,6254,209,6137,6288,207,6280,6425
6137,6275,6116,6138,6288,6221,6388,6163,6166,212,6139,210
6331,6120,6204,6119,6157,6332,6205,6121,6330,6299,6213,6158
6256,6299,6205,6331,6257,6188,6332,6358,6339,6219,6204,6338
6331,6119,6205,6332,6299,6204,6256,6339,6338,6157,6330,6257
6119,6256,6188,6120,6299,6257,6219,6205,6220,6331,6358,6224
6220,6188,6131,6132,6219,6256,6121,6047,5995,6133,6218,6257
6124,6253,6103,6080,6252,6193,6269,6064,6101,6286,6284,6283
6252,6103,6193,6286,6284,6194,6064,6065,6285,6101,6540,6376
6121,6095,6126,6119,6120,6256,6118,6188,6331,6122,6299,6205
6121,6188,6256,6122,6119,6220,6219,6299,6257,6131,6120,6132
6122,6126,6188,6049,6121,6125,6220,6131,6256,6219,6119,6132
6157,6129,6156,6158,6204,6213,6154,6118,6190,6234,6331,6330
6154,6158,6190,6157,6267,6234,6213,6337,6308,6212,6204,6268
6156,6128,6013,6109,6118,6157,6129,6204,6158,6095,6331,6111
6220,6047,6132,6133,6188,6048,6219,6610,6134,6218,6525,6256
6133,6610,6218,6219,6525,6224,6225,6134,6222,6223,6257,6195
6525,6610,6134,6222,6218,6195,6197,6225,6196,6300,6224,6301
6525,6196,6197,6195,6610,6209,6222,6208,6301,6300,6292,6218
6178,6180,6200,6179,6327,6259,6199,6153,6247,6113,175,6198
6181,6066,6295,178,6178,6045,6261,6135,176,6089,179,175
6275,6138,6163,6288,6388,6164,6221,6289,6232,6165,6282,6166
6165,6164,6163,6289,6084,6288,6083,6275,6232,6085,6388,6149
6165,6138,6075,6083,6164,6084,6137,6163,6056,5977,6289,6085
5559,5624,5561,5645,5595,5611,5646,5644,5553,5754,5662,5609
6076,6142,6173,6189,6038,6077,6006,6172,6078,6035,6091,6255
6189,6038,6172,6255,6035,6171,6091,6304,6249,6022,6037,6093
6058,6079,6057,5998,6144,5945,6002,6081,5999,6070,5946,5935
6100,6081,6079,6102,6080,6148,6070,6058,6101,6002,6123,6103
6147,6203,6217,6263,6264,6186,6216,6265,6187,6278,6266,6248
6147,6187,6186,6145,6217,6328,6333,6360,6265,6263,6203,6620
6186,6217,6187,6265,6203,6263,6360,6333,6264,6278,6328,6620
6102,6123,6183,6100,6253,6080,6103,6124,6270,6081,6101,6252
6148,6100,6144,6102,6446,6081,6123,6183,6080,6079,6103,6271
6152,6174,6043,6177,6151,6201,6175,6184,6010,6106,6176,6012
6012,6175,6182,6177,6241,6231,6160,6176,6230,6011,6400,6184
6177,6151,6175,6184,6176,6182,6012,6231,6168,6241,6400,6160
6155,6198,6111,6212,6199,6154,6420,6267,6207,6129,6268,6210
6267,6190,6212,6158,6337,6268,6234,6308,6420,6157,152,150
6212,6154,6267,6268,6420,6129,6190,6337,152,6210,6207,154
6118,6157,6204,6331,6120,6158,6332,6213,6129,6330,6205,6119
6204,6158,6213,6234,6330,6331,6332,6190,6233,6235,6205,6308
6234,6190,6213,6204,6308,6235,6233,6330,6337,6332,6331,146
6314,6229,6098,6320,6372,6319,6090,6316,6230,6161,6464,6373
6230,6229,6372,6231,6159,6371,6373,6320,6400,6464,6408,6314
6462,6316,6238,6313,6272,6319,6380,6251,6399,6320,6397,6442
6237,6236,6090,6238,6240,6161,6251,6462,6098,6250,6272,6248
6288,6289,6164,6232,6282,6388,6149,6084,6085,6446,6148,6280
6289,6084,6085,6232,6149,6288,5975,6059,6144,6148,6282,6446
6083,6084,6164,6163,6085,6289,5977,5975,6149,6059,6288,6232
6221,209,6254,207,6425,6275,6388,6280,204,6302,202,6288
6383,6169,6382,6408,6384,6393,6055,6209,6386,6427,6409,6387
6381,6053,6052,6400,6050,6167,6055,6169,6231,6383,6054,6371
6382,6209,6384,6054,6427,6386,6196,6208,6294,6393,6134,6368
155,6347,6350,153,6357,151,6348,6329,6351,149,6521,6483
6304,6037,6203,6216,6145,6249,6036,6255,6248,6264,6217,6147
6255,6171,6304,6249,6192,6216,6037,6203,6092,6248,6240,6162
6038,6142,6006,6035,6076,6172,6189,6022,6171,6005,6037,6255
6177,6201,6152,6184,5996,6175,6176,6306,6151,6168,5992,6231
6231,6182,6176,6400,6230,6160,6371,6168,6381,6167,6383,6306
6168,6381,6400,6231,6167,6052,6371,6053,6383,6169,6230,6055
6184,6175,6176,6168,6231,6306,6182,5996,6381,6400,6053,6052
6200,6259,175,6260,6247,6179,6199,6318,6180,171,164,6206
6199,6153,6198,6247,6207,6155,6212,6420,6206,6210,6111,6318
6179,6113,6153,6200,6199,6198,6111,6155,6073,6247,6259,6212
6178,6135,6261,6089,6200,176,6259,175,6180,6179,6327,6260
6231,6160,6230,6371,6400,6176,6229,6373,6372,6408,6383,6381
6123,6253,6270,6102,6124,6269,6287,6252,6103,6100,6283,6080
6306,6168,6176,6053,6175,6381,5993,6052,6400,6231,6050,5984
6187,6328,6146,6258,6333,6186,6329,6215,6147,6360,6214,6028
6360,6265,6333,6217,6620,6263,6278,6410,6364,6349,6266,6329
6328,6186,6333,6360,6258,6329,6265,6410,6620,6217,6349,6214
6220,6256,6219,6132,6257,6224,6218,6299,6047,6358,6610,6133
6091,6255,6172,6093,6092,6192,6249,6304,6171,6033,6162,6035
6234,6308,6337,6268,6235,6213,147,150,146,152,6233,143
6211,6068,6228,6104,6088,6227,6226,6069,6185,6105,6023,5969
6162,6249,6236,6240,6237,6251,6248,6238,6216,6250,6090,6161
6194,6065,6286,6064,6136,6046,6376,6540,6066,6045,6017,6374
6136,6065,6376,6066,6295,6181,6374,6046,178,6045,179,176
6300,6301,6305,6292,6546,6245,6375,6325,6262,6343,6243,6353
6197,6208,6525,6292,6195,6301,6294,6427,6293,6375,6222,6300
6195,6301,6292,6208,6300,6375,6222,6305,6294,6293,6353,6546
6212,6420,6155,6207,6210,6268,154,6267,152,156,6154,158
6207,6198,6206,6210,6420,158,6212,156,6155,160,154,6246
6199,6247,6179,6318,6206,6260,6207,6198,6153,160,164,158
5996,6184,5992,6306,6177,5993,6168,6152,5984,6053,6176,6175
6127,6049,6122,5994,6131,6126,6220,6188,5995,6121,6047,6125
6216,6264,6217,6248,6263,6303,6266,6277,6240,6265,6186,6278
6332,6330,6213,6205,6338,6233,6234,6310,6339,6235,6299,6190
6299,6332,6339,6338,6358,6330,6257,6345,6346,6310,6359,6213
160,158,6207,156,6210,6198,6420,154,6212,152,6268,6155
6210,156,158,6420,154,6212,152,6268,6267,150,6154,6337
6294,6292,6293,6301,6368,6375,6353,6195,6369,6367,6396,6343
6196,6384,6208,6294,6427,6197,6386,6292,6293,6368,6525,6195
154,156,6420,152,6268,150,6267,6337,147,6190,6308,146
6104,6226,6185,6227,6105,6328,6215,6258,6187,5969,6291,6146
6420,6268,6267,152,6210,154,6337,150,6190,156,147,6308
6234,6233,6330,6235,6308,6307,6310,6338,143,146,6312,141
6347,6170,6329,157,6348,6350,155,6357,6349,153,6333,6483
6028,6258,6214,161,159,6170,6328,157,6329,6347,155,6348
6248,6264,6303,6240,6250,6217,6277,6263,6321,6266,6236,6251
6263,6265,6264,6278,6266,6360,6364,6620,6279,6277,6303,6248
6224,6610,6225,6223,6222,6359,6243,6525,6245,6244,6358,6195
6224,6218,6257,6223,6359,6610,6299,6358,6225,6133,6244,6222
6132,6219,6218,6047,6256,6133,6610,6224,6257,6048,6225,6223
6388,6254,6280,6425,6288,6302,6282,207,204,6271,6290,6281
6195,6300,6245,6546,6301,6243,6262,6305,6416,6325,6375,6322
6225,6243,6244,6245,6836,6345,6222,6416,6445,6262,6323,6405
6223,6359,6358,6225,6244,6610,6243,6345,6339,6222,6245,6836
6222,6245,6243,6300,6244,6195,6262,6416,6546,6836,6301,6345
6185,6258,6328,6215,6187,6214,6028,6329,6333,161,6146,163
5969,6215,6226,6258,163,161,165,6028,6214,6185,6328,159
6211,6227,6226,6104,5969,6215,5939,6185,6258,165,6328,6069
6372,6230,6320,6373,6314,6464,6371,6098,6319,6408,6409,6439
6371,6372,6373,6408,6400,6464,6383,6320,6409,6167,6393,6381
6400,6371,6230,6383,6381,6167,6373,6408,6372,6229,6382,6409
6446,6149,6148,6183,6271,6100,6102,6123,6144,6270,6253,6059
6307,6310,6312,143,141,6309,6311,139,146,6470,137,6346
6308,6235,6233,146,143,147,6330,6307,141,150,6312,6310
143,6233,146,6307,141,6312,139,6310,6309,137,6311,136
6240,6251,6238,6250,6161,6272,6462,6273,6248,6274,6313,6316
6161,6238,6236,6462,6251,6316,6240,6272,6313,6314,6250,6273
6462,6251,6272,6313,6316,6399,6273,6539,6250,6274,6380,6442
6090,6162,6237,6161,6236,6192,6098,6238,6462,6240,6316,6251
6250,6248,6251,6303,6273,6238,6321,6272,6264,6274,6462,6161
6012,6160,6011,6099,6182,6229,6230,6159,6175,6041,6231,6372
6062,5847,5937,6008,5766,6000,6009,6060,5849,5938,5817,6063
6836,6416,6245,6262,6323,6405,6546,6445,6324,6336,6300,6322
6836,6243,6445,6405,6416,6323,6245,6489,6407,6262,6336,6406
6262,6546,6416,6322,6325,6324,6836,6305,6323,6336,6362,6334
160,6206,158,6207,156,6210,154,6198,6420,152,6212,6268
6206,6199,6207,160,158,6246,6198,162,6210,156,6420,154
6303,6250,6264,6321,6251,6277,6273,6404,6266,6263,6421,6274
6216,6240,6248,6236,6203,6250,6162,6303,6264,6251,6237,6321
6273,6321,6303,6274,6421,6272,6277,6404,6539,6436,6437,6276
6273,6250,6272,6274,6462,6539,6321,6399,6303,6421,6313,6437
6284,6286,6193,6285,6194,6540,186,6376,6065,188,6374,6136
6124,6269,6252,6103,6283,6284,6193,6285,6286,192,6080,190
6425,6302,6280,204,6388,6290,202,6281,6282,199,6271,6288
6192,6249,6092,6304,6162,6240,6216,6236,6248,6239,6237,6203
6257,6299,6219,6224,6358,6205,6359,6218,6339,6132,6331,6223
6224,6358,6359,6223,6218,6339,6345,6244,6225,6243,6610,6338
6214,6328,6329,6028,6347,6333,6170,6348,159,6349,157,6350
6260,6200,6318,6247,164,6206,6199,6246,162,160,6179,6207
164,6318,162,6246,6247,160,6206,6199,158,6207,6179,156
175,6178,6259,6260,6200,171,6318,6135,164,6247,6199,6246
6322,6324,6325,6336,6323,6334,6362,6335,6344,6341,6405,6406
6278,6266,6265,6279,6364,6277,6298,6620,6303,6276,6296,6297
6303,6263,6266,6277,6278,6321,6250,6298,6276,6404,6265,6279
6278,6620,6364,6279,6266,6410,6363,6296,6298,6297,6349,6277
6298,6277,6279,6276,6364,6297,6404,6379,6296,6321,6411,6620
6268,6337,6190,152,150,6308,147,6234,6158,154,146,6235
152,150,6337,147,6308,146,6234,6235,143,6213,141,6233
6285,6252,6284,190,6124,188,6286,186,6540,6193,6103,6194
6287,6253,6269,6283,194,6123,192,6252,6124,6285,190,6284
6270,6183,6281,6287,6253,6148,6123,6269,196,6317,194,6283
6399,6539,6274,6313,6273,6441,6442,6437,6421,6380,6510,6321
6274,6421,6321,6539,6437,6404,6399,6436,6441,6438,6277,6492
6539,6437,6421,6441,6438,6492,6436,6452,6404,6510,6442,6454
6388,6221,6288,6163,6282,6254,6280,6232,209,6425,6302,6289
6411,6379,6436,6297,6454,6422,6378,6438,6390,6440,6296,6453
6276,6404,6321,6298,6411,6436,6279,6421,6379,6297,6454,6438
6279,6364,6266,6620,6298,6296,6297,6277,6363,6276,6410,6379
6298,6297,6296,6276,6365,6379,6363,6366,6378,6411,6404,6759
6302,6282,6271,6281,6290,6446,202,6270,6232,6317,6183,196
196,6287,6317,6270,194,192,6283,6183,6269,6253,190,6285
6446,6271,6232,6183,6148,6281,6270,6149,6290,6123,6253,6287
190,6285,6269,188,6284,186,6252,6540,6286,6124,184,6193
6286,186,6540,184,6194,6376,6374,6193,181,6136,179,178
188,6284,186,6540,6286,184,6374,181,6376,6194,6193,179
6194,6540,6376,6374,6136,6065,184,178,6295,181,179,6181
6283,192,6269,190,6285,6253,188,6284,6252,186,6124,6123
6388,6282,6232,6289,6446,6280,6271,6149,6148,6183,6302,6085
6232,6149,6085,6148,6446,6144,6282,6100,6059,6102,6183,6271
199,6317,6281,196,194,6287,6271,6270,192,6283,6446,190
6146,6036,6105,6147,6145,6187,6185,6037,6186,6217,6203,6328
6375,6301,6353,6293,6343,6305,6300,6367,6355,6369,6356,6344
6353,6369,6367,6375,6355,6343,6430,6385,6419,6447,6356,6305
6293,6368,6292,6369,6396,6353,6367,6385,6375,6301,6430,6394
6261,6181,176,6178,175,6259,6135,6200,6260,171,6089,6318
6366,6365,6297,6759,6471,6378,6506,6379,6391,6429,6505,6466
6365,6379,6378,6366,6391,6390,6411,6471,6422,6389,6759,6454
6276,6297,6379,6411,6296,6378,6436,6365,6422,6454,6390,6421
6358,6257,6339,6359,6224,6338,6332,6345,6346,6223,6244,6218
6546,6305,6245,6325,6262,6375,6322,6344,6343,6416,6362,6324
6375,6300,6305,6546,6343,6353,6325,6344,6245,6293,6356,6262
6290,6281,202,199,6317,196,6271,6282,6287,194,6270,6446
6321,6277,6404,6273,6266,6276,6421,6298,6436,6274,6411,6278
6216,6249,6203,6248,6145,6264,6192,6240,6303,6217,6250,6236
6325,6344,6343,6362,6322,6356,6262,6354,6370,6355,6341,6324
6053,6168,5993,6052,6050,6176,6381,5994,6055,5995,6169,6048
6312,6309,141,139,6311,137,6377,136,6470,6465,134,6526
146,147,6235,143,141,6233,6307,6312,139,6330,137,6309
6377,137,136,6465,134,6526,132,131,6489,6479,129,128
6470,6311,6307,6346,6309,6312,6377,6526,6489,6465,139,141
6309,6377,6465,6526,136,137,134,6489,132,131,6479,129
139,6309,137,136,6377,6311,134,6465,6470,6526,132,131
6399,6380,6442,6539,6398,6441,6397,6510,6274,6450,6498,6273
6320,6319,6316,6161,6439,6380,6464,6462,6397,6313,6373,6238
6032,6041,6099,6033,6098,6090,6239,6159,6011,6092,6237,6314
6462,6319,6380,6313,6397,6399,6439,6272,6442,6398,6464,6450
196,194,6287,192,6283,6270,190,6269,6285,188,6183,6253
6246,160,162,6206,6247,158,6207,6199,156,6210,6198,6420
6439,6397,6380,6313,6449,6450,6398,6395,6442,6409,6399,6550
6464,6319,6439,6373,6316,6409,6397,6395,6380,6408,6449,6393
6404,6421,6436,6274,6276,6411,6438,6437,6454,6539,6298,6379
6362,6324,6334,6341,6344,6335,6336,6370,6342,6340,6354,6361
6336,6406,6324,6407,6481,6335,6485,6480,6322,6334,6488,6479
6336,6334,6335,6362,6481,6340,6341,6406,6342,6488,6485,6370
6362,6322,6344,6370,6341,6334,6324,6354,6356,6342,6361,6335
5840,5816,5814,5768,6242,5936,5737,5769,5815,5766,5847,5956
6112,6180,6113,6153,6073,6179,6111,6074,6200,6155,6198,6199
6333,6329,6214,6360,6186,6349,6348,6410,6028,6347,6170,6620
6348,6349,6347,6410,6357,6483,6360,6350,6428,6620,155,6521
6233,6338,6310,6307,6235,6339,6346,6470,6311,6312,6309,143
6332,6204,6205,6330,6338,6299,6339,6213,6358,6233,6310,6257
6330,6338,6339,6213,6310,6233,6358,6346,6345,6234,6307,6470
6360,6410,6329,6349,6620,6265,6348,6363,6428,6364,6347,6483
6341,6342,6335,6340,6370,6522,6488,6361,6481,6516,6443,6354
6481,6340,6488,6342,6485,6516,122,6341,124,6522,120,125
6335,6406,6481,6334,6485,6488,6340,6480,124,125,6342,6362
150,6308,147,146,6234,6235,143,6213,141,6233,6307,139
6339,6310,6346,6233,6470,6345,6311,6307,6359,6489,6445,6309
6345,6346,6359,6310,6470,6244,6445,6489,6223,6233,6311,6836
6516,6488,6522,122,120,6443,6361,6515,124,6444,117,6664
6342,6361,6522,6340,6392,6431,6444,6516,6443,6488,6412,6413
6522,6340,6361,6516,6443,6444,6488,6431,6392,120,6515,122
6356,6344,6355,6354,6325,6418,6370,6362,6417,6419,6392,6322
6356,6354,6362,6370,6341,6418,6392,6334,6361,6342,6412,6431
6244,6346,6445,6836,6489,6470,6405,6243,6407,6323,6526,6416
6470,6489,6445,6311,6526,6244,6407,6405,6479,6836,6465,6309
6348,6357,6350,6483,6349,153,6351,6521,151,149,6415,6428
6349,6483,6357,6521,6428,6410,6351,6520,6621,6415,151,6363
6410,6483,6428,6357,6620,6363,6759,6520,6521,6429,6364,6351
6351,151,6357,149,6352,6348,6521,148,6415,6483,145,6621
6352,6415,6521,148,145,6621,6414,144,6483,6533,6403,6520
145,6415,6414,144,6403,142,6533,6521,6621,6402,140,6532
6343,6355,6367,6356,6419,6305,6344,6418,6417,6354,6447,6430
6370,6392,6418,6412,6341,6361,6431,6496,6413,6342,6584,6444
6356,6419,6417,6418,6354,6496,6344,6487,6447,6412,6448,6392
6354,6418,6370,6392,6417,6412,6362,6496,6341,6361,6431,6584
6521,6351,6483,6415,6621,6520,6352,6428,148,6533,6541,6414
6339,6359,6345,6244,6346,6223,6338,6445,6243,6836,6470,6225
6223,6244,6345,6243,6445,6836,6225,6346,6405,6245,6416,6489
6620,6265,6410,6364,6349,6363,6278,6263,6428,6279,6296,6348
6431,6522,6444,6443,6433,6413,6435,6516,6664,6515,120,6502
6341,6370,6334,6342,6354,6361,6340,6335,6392,6522,6418,6431
6759,6296,6366,6428,6506,6429,6365,6471,6297,6520,6505,6298
6279,6296,6363,6297,6366,6298,6365,6759,6428,6276,6379,6471
6471,6378,6391,6506,6466,6389,6505,6390,6458,6469,6551,6422
6365,6506,6471,6429,6505,6391,6378,6466,6528,6551,6458,6552
6419,6355,6447,6417,6487,6343,6356,6475,6418,6486,6448,6496
6369,6293,6385,6367,6430,6353,6292,6426,6472,6447,6419,6355
6367,6430,6447,6419,6353,6472,6355,6475,6487,6417,6486,6375
6341,6361,6392,6342,6431,6522,6412,6444,6340,6413,6443,6433
6408,6383,6373,6167,6372,6409,6393,6382,6464,6169,6320,6395
6373,6320,6464,6409,6408,6439,6314,6319,6383,6395,6393,6397
6408,6409,6464,6383,6393,6395,6439,6167,6382,6387,6319,6386
179,181,178,176,6295,6136,6261,175,6181,171,6178,6260
6343,6305,6353,6344,6356,6325,6355,6546,6354,6367,6362,6418
6374,6136,178,6295,179,176,6181,181,6261,6066,6178,175
6465,136,134,132,6526,131,129,6479,128,6484,6407,6480
6390,6391,6389,6471,6458,6460,6469,6466,6453,6459,6467,6505
6378,6422,6390,6454,6365,6453,6389,6391,6440,6460,6471,6490
6397,6398,6442,6399,6450,6449,6497,6441,6498,6510,6539,6550
6167,6052,6169,6383,6055,6382,6371,6050,6209,6408,6384,6054
6384,6386,6393,6427,6387,6209,6294,6396,6368,6208,6395,6394
6408,6382,6393,6409,6169,6386,6384,6387,6464,6427,6395,6055
6427,6294,6386,6208,6368,6196,6293,6396,6387,6292,6197,6369
6430,6369,6426,6472,6475,6473,6447,6367,6474,6549,6419,6486
6427,6396,6387,6368,6294,6394,6385,6369,6293,6208,6426,6463
6396,6394,6427,6368,6463,6385,6426,6449,6294,6369,6472,6474
6282,6280,6271,6232,6302,6446,6425,6281,6289,6290,204,6183
6469,6460,6459,6458,6467,6604,6466,6482,6490,6499,6468,6608
6389,6453,6460,6490,6391,6459,6469,6451,6458,6499,6514,6482
6458,6466,6389,6469,6505,6467,6551,6459,6468,6460,6604,6553
6412,6431,6361,6413,6433,6584,6444,6522,6423,6435,6432,6424
6387,6386,6395,6396,6427,6394,6384,6368,6463,6294,6385,6449
6463,6426,6385,6474,6368,6472,6473,6550,6369,6430,6905,6475
6387,6449,6394,6463,6396,6397,6386,6426,6550,6450,6385,6474
6368,6394,6385,6369,6426,6463,6430,6293,6472,6367,6473,6474
6450,6449,6398,6550,6442,6497,6463,6498,6399,6474,6510,6542
6450,6497,6498,6550,6510,6507,6441,6542,6509,6474,6463,6508
6539,6441,6442,6274,6510,6437,6398,6492,6498,6509,6421,6450
6167,6371,6381,6383,6408,6382,6169,6373,6052,6393,6409,6055
6534,135,6535,133,6594,6547,130,6662,6595,127,6548,6639
6532,6401,6534,6594,135,6535,6662,6639,133,6547,6595,6663
6402,140,138,6532,6401,6533,6534,135,6594,6639,6662,6535
6436,6276,6411,6421,6454,6438,6298,6379,6422,6437,6440,6452
6323,6407,6406,6336,6480,6479,6485,6481,6324,6484,6335,125
6485,6481,6480,6335,125,6484,124,126,6488,128,122,129
6479,6480,6406,6484,6485,128,129,6336,126,131,6481,125
6409,6393,6464,6382,6387,6395,6386,6439,6169,6384,6396,6427
6393,6395,6387,6439,6382,6386,6394,6449,6396,6463,6397,6427
6620,6363,6428,6364,6759,6483,6296,6366,6429,6520,6279,6357
6454,6422,6379,6438,6390,6440,6453,6378,6452,6451,6460,6389
6584,6413,6431,6423,6424,6433,6625,6432,6361,6477,6444,6494
6433,6423,6432,6435,6444,6434,6625,6477,6456,6476,6502,6664
6403,6533,6402,6532,140,6621,138,6639,6401,6534,6541,6662
6621,6533,6414,6541,6403,6520,6532,6639,142,6402,140,6622
6262,6323,6324,6336,6322,6405,6406,6335,6334,6325,6481,6407
6496,6448,6418,6424,6412,6584,6495,6354,6494,6625,6392,6413
6412,6496,6392,6584,6370,6413,6448,6424,6431,6361,6423,6341
6417,6487,6448,6496,6418,6486,6495,6356,6424,6412,6584,6494
154,152,6268,156,6267,150,6337,6190,147,6308,146,6234
6436,6438,6437,6454,6411,6452,6276,6492,6441,6440,6422,6491
6453,6390,6440,6460,6378,6451,6490,6389,6493,6459,6514,6391
6432,6477,6476,6456,6433,6593,6434,6536,6478,6592,6435,6457
6625,6584,6494,6423,6477,6536,6413,6538,6432,6593,6476,6874
204,6302,202,6290,6280,199,6281,6317,196,6271,6282,194
6473,6472,6474,6905,6430,6549,6475,6542,6369,6447,6561,6560
6294,6368,6396,6293,6208,6369,6385,6394,6292,6367,6353,6430
6759,6429,6520,6506,6366,6521,6527,6621,6296,6528,6541,6471
6506,6527,6528,6623,6505,6541,6471,6552,6622,6673,6365,6665
6447,6475,6367,6419,6486,6487,6549,6417,6560,6495,6355,6448
6433,6444,6413,6435,6443,6432,6664,6434,6423,6502,6456,6515
6456,6476,6434,6478,6457,6435,6593,6502,6592,6628,6455,6563
6435,6434,6432,6502,6456,6664,6455,6504,6457,6476,6477,6478
6456,6502,6455,6457,6478,6563,6504,6503,6628,6529,6531,6640
6502,6664,6434,6504,6455,6531,6456,6457,6530,6529,115,6563
6454,6438,6411,6422,6440,6452,6379,6453,6390,6493,6492,6451
6492,6438,6452,6491,6510,6436,6509,6454,6440,6493,6501,6411
6452,6454,6440,6492,6493,6422,6491,6451,6453,6379,6509,6501
6397,6449,6395,6450,6380,6463,6398,6550,6387,6393,6394,6313
6451,6453,6493,6490,6491,6500,6390,6514,6460,6501,6499,6512
6510,6492,6437,6509,6498,6491,6452,6438,6508,6497,6501,6507
6398,6510,6441,6498,6497,6450,6492,6509,6437,6507,6550,6508
6515,6664,120,117,6531,6435,115,6502,6504,6433,112,6530
6435,6443,6664,6433,6502,6515,6434,6531,6504,120,117,6432
6405,6489,6836,6407,6323,6479,6406,6526,6416,6480,6336,6484
6183,6271,6148,6123,6270,6253,6102,6100,6281,6124,6287,6269
6487,6419,6486,6475,6417,6495,6448,6560,6580,6549,6496,6537
6424,6496,6494,6625,6584,6537,6412,6538,6423,6536,6477,6413
6450,6463,6550,6398,6474,6394,6497,6426,6542,6473,6442,6396
6550,6497,6463,6474,6498,6542,6507,6510,6905,6426,6394,6473
6490,6514,6500,6460,6513,6499,6524,6511,6512,6575,6459,6566
6491,6493,6440,6501,6509,6451,6500,6453,6422,6512,6508,6490
6490,6460,6451,6514,6499,6389,6459,6500,6524,6469,6575,6482
6422,6440,6453,6452,6390,6451,6493,6490,6460,6491,6378,6500
6503,6563,6529,6457,6564,6562,6565,6572,6640,108,110,6628
6478,6457,6628,6592,6455,6563,6640,6627,6667,6503,6504,6629
6563,6628,6640,6503,6564,6667,6627,6562,6529,6666,6632,6599
6469,6467,6468,6604,6551,6459,6608,6553,6482,6656,6657,6554
6482,6604,6499,6467,6661,6575,6603,6608,6524,6468,6697,6760
6459,6490,6499,6469,6482,6514,6604,6575,6458,6524,6661,6467
5713,5606,5935,6057,5608,5976,5999,5597,5663,5998,5609,6143
6313,6272,6399,6380,6442,6539,6319,6274,6441,6273,6397,6398
6426,6550,6474,6473,6385,6472,6905,6497,6542,6549,6430,6368
6409,6439,6395,6319,6393,6449,6397,6387,6463,6394,6450,6380
132,134,131,6479,129,128,6484,6407,6480,126,6406,125
6458,6551,6468,6467,6553,6469,6552,6657,6608,6604,6780,6459
6604,6468,6608,6656,6482,6553,6603,6669,6554,6607,6661,6780
6553,6656,6608,6554,6780,6604,6669,6607,6776,6603,6605,6482
6467,6459,6604,6482,6608,6468,6499,6603,6661,6656,6669,6553
6311,6526,6489,6465,6377,6309,6445,6479,6407,132,131,136
6505,6391,6466,6458,6551,6528,6552,6389,6468,6657,6469,6467
6475,6430,6549,6447,6905,6486,6560,6561,6487,6580,6367,6559
6905,6472,6549,6475,6561,6560,6559,6430,6486,6555,6447,6580
6473,6905,6542,6472,6549,6561,6507,6555,6475,6559,6560,6430
6486,6560,6549,6580,6487,6495,6419,6559,6537,6624,6448,6561
6478,6456,6592,6628,6457,6626,6434,6627,6629,6667,6640,6563
6476,6593,6432,6456,6592,6478,6873,6626,6628,6434,6629,6457
6628,6592,6457,6627,6667,6640,6563,6629,6455,6635,6666,6672
6484,129,131,6480,128,126,132,6406,6485,125,6481,124
6484,6485,126,125,128,129,6481,124,6488,6335,122,6340
6485,6488,124,125,122,6340,6516,126,120,6342,6522,128
6661,6603,6575,6697,6608,6760,6669,6671,6656,6699,6678,6566
6521,6428,6520,6621,6429,6759,6415,6527,6541,6363,6533,6352
128,129,126,125,6485,124,6481,6488,122,6335,6340,120
125,124,126,6488,122,6340,6516,120,6342,117,6522,6515
6495,6580,6487,6560,6537,6448,6494,6624,6581,6538,6417,6559
6448,6495,6417,6496,6424,6494,6537,6580,6418,6584,6625,6538
122,124,6516,120,6522,117,6443,6515,115,6361,6444,6664
6526,6407,6479,6405,6465,6484,131,6480,129,6406,132,6377
6514,6499,6524,6459,6575,6500,6513,6482,6661,6566,6469,6760
6501,6493,6500,6512,6508,6451,6518,6511,6507,6523,6514,6519
6491,6509,6452,6501,6493,6498,6508,6440,6507,6512,6454,6500
6500,6451,6501,6512,6514,6511,6453,6490,6513,6518,6508,6517
6538,6625,6536,6874,6477,6584,6581,6423,6593,6873,6630,6631
6537,6494,6448,6580,6538,6424,6581,6625,6496,6536,6874,6624
6584,6424,6412,6625,6423,6413,6392,6494,6477,6431,6432,6537
6507,6498,6542,6474,6555,6905,6508,6509,6561,6473,6523,6426
6507,6509,6508,6542,6555,6491,6501,6523,6518,6474,6905,6561
6575,6482,6524,6661,6760,6604,6566,6513,6603,6697,6467,6678
6511,6512,6514,6513,6517,6519,6524,6518,6566,6567,6499,6575
6512,6518,6500,6511,6519,6523,6451,6517,6513,6555,6543,6514
6504,6455,6529,6530,6503,6457,6563,6456,112,110,6572,108
6562,6565,6564,6572,6599,6600,103,105,6640,101,6701,100
6530,6529,6455,110,6503,108,6572,105,6565,6563,6457,6562
6551,6552,6466,6657,6553,6458,6673,6468,6623,6659,6780,6467
6505,6471,6528,6552,6466,6527,6551,6391,6623,6673,6657,6458
6555,6542,6508,6523,6561,6905,6556,6518,6501,6473,6543,6559
6523,6518,6555,6501,6512,6556,6543,6561,6519,6511,6500,6683
6491,6508,6501,6507,6518,6493,6512,6523,6555,6500,6542,6511
6498,6509,6492,6491,6508,6507,6497,6452,6501,6493,6438,6555
6517,6513,6519,6567,6545,6566,6524,6544,6543,6643,6619,6598
6511,6519,6517,6513,6543,6544,6514,6545,6567,6566,6524,6556
6517,6566,6524,6567,6575,6643,6760,6545,6619,6661,6544,6598
6524,6513,6499,6575,6566,6511,6517,6760,6567,6661,6459,6482
117,115,6531,6664,112,6504,6530,6435,6502,110,6529,108
120,6443,6515,117,115,6664,6444,6531,112,6435,6504,6502
6567,6545,6566,6544,6619,6598,6643,6596,6760,6618,6575,6597
6512,6519,6543,6511,6556,6544,6517,6545,6683,6513,6597,6596
6517,6544,6545,6513,6567,6596,6597,6598,6566,6683,6619,6618
6621,6429,6527,6541,6622,6533,6528,6623,6506,6639,6414,6366
6621,6415,6520,6541,6533,6414,6527,6429,6639,6622,6403,144
6443,6516,6444,6515,120,6664,6431,117,6435,122,6531,6433
6518,6556,6543,6519,6683,6512,6544,6559,6597,6511,6517,6624
6575,6566,6760,6661,6567,6643,6482,6517,6678,6697,6603,6619
6195,6222,6197,6300,6301,6225,6245,6292,6208,6546,6305,6375
6465,6479,131,132,129,6407,6484,134,128,6480,6405,126
6623,6528,6622,6673,6665,6639,6552,6663,6505,6659,6662,6674
6552,6623,6505,6673,6622,6657,6551,6659,6665,6466,6553,6660
6572,6503,6565,108,105,103,6562,6563,101,6564,6600,6599
110,6529,108,6572,105,6455,6565,6503,103,6562,101,6563
112,6530,6504,110,6502,6529,108,6455,6572,105,6503,6565
6662,6594,6534,6639,6401,6663,6595,6535,6547,6622,135,133
6639,6541,6532,6662,6622,6402,6663,6594,6527,6534,6623,6401
6594,6535,6547,133,6662,6595,130,6548,6574,6663,127,6674
133,6547,130,127,6548,6574,6595,123,6571,6573,6663,121
6873,6593,6477,6630,6626,6687,6476,6592,6646,6648,6629,6432
6538,6494,6581,6874,6536,6631,6424,6625,6630,6649,6873,6648
6874,6536,6630,6631,6873,6625,6593,6648,6477,6687,6646,6626
6441,6437,6492,6442,6510,6421,6438,6452,6509,6491,6498,6436
6374,184,6376,181,6194,179,178,6136,6295,176,6065,6181
6622,6527,6639,6623,6663,6665,6532,6662,6528,6673,6674,6594
6905,6555,6561,6473,6549,6508,6556,6523,6559,6472,6560,6518
6544,6519,6683,6597,6596,6545,6649,6517,6706,6624,6647,6598
6596,6545,6597,6598,6706,6618,6786,6567,6619,6649,6647,6617
6598,6596,6619,6618,6617,6643,6786,6706,6715,6645,6644,6760
6325,6262,6322,6305,6362,6324,6416,6344,6334,6343,6341,6370
6548,6574,6595,130,127,6571,123,6573,6589,6674,121,6579
6571,123,6573,121,6579,119,6589,6578,6591,6590,6583,6582
6560,6559,6561,6486,6624,6580,6556,6683,6495,6581,6537,6487
6474,6497,6542,6905,6426,6473,6507,6498,6561,6555,6472,6549
6657,6553,6468,6780,6659,6467,6554,6605,6656,6469,6608,6776
6657,6673,6551,6659,6553,6780,6605,6665,6468,6660,6658,6554
6780,6554,6656,6776,6605,6608,6607,6677,6606,6658,6609,6669
6656,6776,6607,6606,6609,6669,6677,6642,6641,6651,6719,6650
6523,6561,6556,6518,6559,6543,6683,6549,6512,6519,6624,6560
6683,6559,6543,6624,6597,6649,6544,6519,6581,6580,6706,6647
6569,6570,6568,113,6654,111,6576,6616,109,6602,6587,6588
6577,6569,6557,6582,6588,6576,6654,6570,114,6613,6568,113
6624,6683,6580,6649,6581,6543,6597,6537,6631,6495,6647,6538
6580,6624,6559,6537,6495,6581,6683,6487,6649,6538,6556,6494
6559,6556,6523,6683,6560,6624,6543,6580,6518,6649,6486,6597
6599,6600,6701,101,6601,100,98,6632,6615,96,6717,6728
6503,6564,6640,6562,6599,6565,6632,6701,6667,6572,6666,6600
6599,6562,6701,6632,6601,6600,6666,6717,6723,6700,101,100
6562,103,101,6600,100,6599,6564,98,6601,6701,96,6615
6567,6643,6760,6678,6619,6545,6644,6697,6598,6699,6645,6686
6643,6545,6619,6598,6760,6644,6678,6617,6596,6645,6618,6697
109,6570,6602,6616,107,106,6654,104,6587,6633,6576,102
6654,6570,6576,6588,6587,6568,6616,6586,6585,6602,111,6634
6654,6616,6587,6602,106,109,6634,6633,104,107,6586,102
6579,121,6578,119,6591,6583,6582,6590,118,6558,6577,6638
105,6565,103,101,6562,100,6600,6599,98,6564,96,6601
6571,6579,6591,6590,6583,121,6578,6582,6637,6636,6638,119
6573,6548,6589,6571,6590,6579,123,6591,121,6637,6660,6583
6661,6760,6566,6697,6678,6643,6603,6567,6699,6671,6644,6686
6654,6586,6587,6585,6570,6612,6653,6616,6634,6614,6633,6668
6588,6569,6576,6654,6613,6557,6585,6570,6586,6587,6611,6568
6582,6558,6577,118,6583,6588,6569,6613,116,6557,6576,6638
6578,6583,6582,6591,119,6577,6613,6638,6558,6588,118,6636
6537,6581,6624,6538,6494,6874,6649,6631,6448,6683,6536,6424
6874,6631,6538,6649,6630,6648,6536,6647,6646,6873,6597,6687
6577,6588,6613,6638,6576,6569,6585,6611,6654,6557,6712,6586
6582,6638,6613,6588,6611,6577,6712,6585,6558,6576,6569,6614
6423,6413,6625,6477,6432,6433,6431,6476,6536,6456,6593,6434
6586,6614,6612,6695,6653,6587,6696,6738,6634,6757,6668,6705
6653,6612,6634,6738,6668,6633,6705,6696,6703,6655,6736,104
6634,6586,6616,6633,6653,6668,104,106,6655,102,6612,6703
6576,6585,6611,6654,6586,6614,6587,6612,6570,6695,6653,6634
6590,6573,6637,6591,6658,6636,6571,6579,6652,6675,6583,6638
6591,6636,6675,6583,6638,6579,6652,6712,6582,6713,6613,6578
6583,6638,6636,6582,6613,6578,6712,6675,6611,6588,6577,6713
6627,6629,6628,6667,6672,6635,6680,6457,6640,6666,6681,6790
6626,6592,6476,6629,6478,6687,6627,6456,6628,6680,6672,6646
6547,6595,6535,6574,6663,6548,133,6674,130,6589,127,6573
6574,6674,6589,6573,6548,6660,6590,6571,127,6637,6591,123
6618,6706,6598,6786,6715,6617,6692,6647,6619,6709,6711,6714
6706,6596,6647,6786,6692,6631,6618,6545,6598,6648,6689,6709
6618,6619,6617,6715,6786,6645,6758,6714,6644,6709,6711,6692
6701,6600,6601,6632,6615,6717,100,98,96,6728,6700,94
100,98,6601,96,6615,6701,94,6728,6717,93,6725,6700
6615,6717,6728,96,94,6725,6724,6700,93,6727,6721,91
106,107,6616,104,102,6633,6587,6655,6634,99,6703,6586
6669,6697,6671,6641,6699,6760,6607,6678,6670,6698,6642,6686
6482,6608,6603,6661,6669,6656,6575,6697,6671,6607,6554,6641
6677,6776,6652,6609,6554,6650,6637,6606,6675,6656,6651,6607
6651,6642,6719,6641,6650,6718,6676,6730,6731,6670,6772,6671
6606,6641,6642,6719,6670,6609,6671,6718,6651,6731,6771,6650
6656,6669,6603,6607,6554,6641,6671,6661,6697,6606,6776,6642
6651,6606,6650,6676,6719,6730,6642,6713,6734,6731,6641,6718
6222,6525,6225,6195,6223,6245,6300,6243,6197,6301,6359,6546
6614,6695,6585,6739,6612,6696,6757,6586,6576,6734,6738,6653
6738,6653,6696,6705,6736,6668,6800,6634,6799,6810,6815,6737
6588,6611,6585,6576,6712,6614,6695,6586,6569,6612,6654,6739
6612,6696,6586,6738,6757,6653,6799,6800,6736,6798,6587,6705
94,6728,93,6725,91,6724,6727,89,87,6721,6726,6777
106,104,6633,6634,102,6655,6703,99,6586,6668,6653,97
6758,6715,6714,6645,6711,6685,6716,6709,6707,6741,6693,6684
6786,6715,6617,6709,6714,6711,6692,6758,6645,6693,6707,6830
6617,6645,6644,6618,6758,6678,6715,6685,6714,6684,6786,6686
6364,6363,6296,6279,6428,6759,6366,6297,6365,6298,6483,6429
6541,6533,6527,6639,6622,6532,6429,6623,6403,6662,6663,6402
6623,6665,6663,6673,6662,6674,6660,6595,6594,6552,6659,6589
6673,6665,6552,6663,6659,6660,6674,6657,6662,6551,6658,6605
6581,6649,6683,6537,6631,6538,6874,6597,6647,6648,6630,6494
6477,6423,6536,6593,6476,6432,6873,6874,6456,6592,6478,6626
6629,6592,6680,6627,6672,6688,6790,6478,6694,6628,6635,6667
6667,6635,6672,6666,6681,6640,6682,6790,6722,6723,6632,6679
6667,6627,6640,6635,6666,6563,6672,6564,6632,6723,6682,6681
6672,6627,6680,6635,6790,6628,6667,6681,6694,6682,6666,6679
6646,6873,6687,6648,6688,6626,6689,6593,6680,6629,6690,6692
6648,6647,6630,6646,6689,6687,6692,6873,6706,6536,6688,6830
6701,6723,6700,6717,6722,6601,6720,6721,6728,6682,6724,6600
6655,102,6703,99,6668,6653,97,6702,6704,6705,95,6813
6633,6668,6655,6653,6703,102,99,6705,6704,6702,97,6738
6682,6681,6666,6722,6723,6747,6744,6679,6632,6720,6700,6745
6638,6712,6713,6583,6739,6650,6611,6613,6695,6676,6582,6734
6590,6652,6675,6636,6677,6591,6650,6713,6638,6712,6609,6583
6613,6712,6611,6588,6695,6713,6585,6739,6614,6577,6576,6757
6662,6663,6622,6594,6665,6595,6674,6623,6534,6547,6673,6574
6667,6564,6632,6666,6701,6723,6635,6599,6562,6722,6700,6682
6670,6642,6718,6698,6771,6719,6699,6831,6782,6651,6731,6772
6718,6719,6670,6731,6651,6831,6771,6772,6730,6698,6733,6846
6644,6678,6619,6645,6686,6598,6699,6617,6684,6758,6685,6742
6645,6686,6684,6685,6742,6741,6758,6617,6743,6698,6740,6750
6758,6685,6684,6741,6714,6716,6750,6715,6743,6742,6711,6707
6688,6687,6689,6690,6680,6694,6626,6830,6691,6629,6790,6709
6706,6648,6692,6689,6786,6646,6630,6709,6830,6688,6618,6690
6646,6689,6692,6688,6687,6873,6690,6830,6786,6709,6680,6694
6631,6647,6597,6648,6706,6874,6630,6692,6538,6689,6646,6596
6676,6651,6713,6730,6734,6739,6719,6712,6732,6638,6731,6642
6676,6719,6730,6731,6734,6713,6733,6718,6732,6772,6739,6798
6675,6650,6609,6636,6713,6676,6651,6712,6606,6591,6638,6739
6668,6705,6738,6703,6736,6704,6655,6737,6810,102,6702,99
6587,6616,6586,6634,6585,6633,6602,106,6653,104,109,6612
6703,99,97,6668,6702,6704,95,6705,6813,92,6737,6768
6607,6669,6641,6606,6776,6603,6642,6671,6609,6670,6677,6719
6553,6780,6659,6605,6468,6554,6776,6658,6677,6660,6656,6467
6605,6652,6677,6637,6675,6776,6650,6609,6590,6636,6554,6713
6605,6780,6658,6660,6553,6677,6776,6652,6637,6554,6468,6609
6658,6637,6589,6605,6652,6590,6677,6780,6675,6636,6573,6776
6697,6760,6603,6678,6699,6566,6671,6643,6669,6686,6698,6641
6594,6663,6595,6674,6547,6574,6665,6535,6589,6548,6660,133
6674,6665,6595,6589,6660,6574,6673,6547,6573,6637,6659,6590
6531,6502,6504,115,6530,112,6455,6434,6529,110,108,6503
6674,6673,6660,6659,6589,6595,6658,6637,6657,6605,6574,6590
6723,6722,6632,6682,6700,6720,6701,6744,6717,6747,6721,6756
6666,6635,6682,6632,6723,6722,6681,6564,6700,6701,6720,6790
6703,6705,6704,6702,6737,99,97,6810,6736,6813,6768,95
6641,6607,6671,6642,6670,6697,6606,6699,6698,6718,6719,6771
6771,6718,6698,6831,6782,6719,6846,6772,6847,6742,6731,6826
6641,6699,6698,6670,6642,6771,6686,6782,6742,6718,6831,6847
6681,6790,6635,6682,6667,6679,6747,6746,6666,6722,6752,6691
6659,6660,6657,6658,6605,6674,6780,6551,6553,6637,6589,6677
6589,6660,6574,6637,6590,6573,6658,6659,6548,6652,6591,6605
6636,6713,6650,6712,6676,6638,6609,6739,6651,6734,6583,6611
6734,6730,6739,6732,6719,6733,6798,6731,6757,6695,6822,6805
6652,6609,6650,6675,6651,6606,6676,6713,6636,6607,6719,6730
6686,6699,6644,6742,6698,6684,6671,6645,6782,6741,6685,6740
6752,6745,6747,6682,6754,6908,6753,6751,6744,6722,6769,6792
6790,6672,6694,6627,6681,6746,6691,6679,6635,6667,6752,6682
6682,6679,6747,6722,6745,6744,6666,6752,6753,6723,6720,6769
6722,6744,6747,6723,6720,6769,6756,6700,6745,6753,6721,6764
6649,6597,6544,6647,6581,6706,6631,6596,6648,6874,6537,6692
6741,6685,6743,6740,6750,6782,6876,6716,6763,6783,6847,6748
6741,6750,6716,6743,6748,6763,6707,6749,6740,6876,6762,6761
6742,6684,6698,6782,6740,6645,6741,6743,6685,6847,6771,6670
6626,6688,6680,6629,6694,6690,6672,6790,6592,6627,6691,6830
6694,6690,6680,6691,6830,6790,6746,6629,6708,6672,6735,6693
6830,6690,6688,6709,6687,6694,6691,6708,6693,6680,6711,6715
6691,6694,6708,6693,6746,6735,6680,6790,6904,6710,6752,6679
6746,6735,6904,6752,6790,6908,6679,6792,6710,6754,6745,6837
6709,6689,6830,6715,6690,6711,6693,6646,6688,6708,6714,6617
6708,6710,6707,6904,6691,6749,6735,6837,6716,6792,6694,6746
6691,6746,6790,6679,6735,6708,6672,6752,6681,6904,6908,6745
6614,6757,6696,6612,6799,6798,6738,6800,6586,6732,6805,6806
6799,6738,6800,6736,6806,6653,6815,6805,6705,6814,6869,6810
6699,6678,6671,6686,6698,6643,6641,6644,6742,6670,6782,6684
6782,6742,6771,6847,6740,6684,6846,6831,6718,6783,6743,6876
6686,6698,6742,6782,6644,6670,6684,6771,6740,6847,6645,6642
6717,6720,6721,6724,6756,6728,6755,6744,6726,6727,6615,6769
6601,6717,6700,6723,6728,6615,6724,6721,98,6720,96,100
95,6813,92,6768,6737,6872,90,6819,6767,6810,88,6842
99,6702,6704,97,95,6705,6813,6737,92,6768,6810,6872
6702,6737,6813,6768,95,6810,6767,92,6819,6872,6809,6807
6737,6736,6810,6704,6815,6767,6768,6702,6807,6813,6910,97
6786,6692,6618,6709,6715,6689,6648,6598,6830,6711,6617,6646
6710,6749,6716,6837,6904,6708,6748,6761,6750,6792,6735,6865
6691,6904,6735,6710,6792,6746,6837,6908,6752,6749,6794,6790
6711,6830,6693,6714,6707,6708,6690,6710,6758,6691,6904,6716
6904,6837,6749,6792,6735,6761,6794,6865,6748,6908,6781,6850
6693,6707,6710,6716,6708,6749,6904,6690,6685,6837,6691,6748
6739,6611,6695,6614,6757,6734,6585,6676,6696,6588,6798,6612
6739,6676,6712,6734,6695,6757,6730,6611,6798,6732,6613,6614
6711,6707,6716,6685,6693,6749,6710,6750,6748,6741,6708,6837
6711,6714,6709,6758,6693,6707,6830,6716,6710,6685,6708,6749
6750,6749,6748,6710,6761,6763,6743,6837,6762,6904,6865,6850
6728,6724,6721,6720,6615,6725,6727,6726,6755,6756,94,96
6831,6772,6731,6771,6826,6846,6823,6733,6730,6847,6853,6782
6731,6718,6730,6772,6733,6831,6823,6732,6734,6771,6826,6822
6756,6721,6755,6769,6724,6770,6726,6764,6788,6753,6728,6789
6724,6755,6756,6726,6788,6727,6770,6729,6769,6801,6725,6789
6720,6744,6700,6756,6747,6721,6769,6717,6755,6753,6724,6764
6700,6722,6720,6717,6721,6744,6756,6724,6601,6755,6769,6728
6727,6726,6725,6729,6755,91,6777,6788,93,89,6801,87
91,6727,89,87,6777,6729,6726,85,83,6832,6801,6755
6729,6788,6801,6777,6832,6789,6770,6795,6802,87,89,85
6729,6777,6726,89,87,85,6832,6801,83,6788,6818,81
6724,6725,6727,93,94,91,6721,6726,89,6729,6777,87
6777,6801,6832,87,85,6802,83,6818,6983,81,6795,6789
6733,6731,6732,6734,6822,6798,6823,6772,6805,6757,6824,6831
6772,6733,6823,6831,6826,6732,6822,6825,6824,6846,6827,6798
6798,6822,6805,6823,6835,6799,6869,6824,6806,6870,6828,6825
6732,6822,6823,6824,6805,6798,6835,6825,6826,6869,6870,6854
6798,6732,6757,6695,6733,6805,6799,6822,6731,6696,6614,6869
6908,6792,6752,6754,6781,6794,6837,6679,6745,6793,6751,6865
6810,6815,6737,6807,6910,6814,6767,6704,6768,6907,6829,6808
6768,6767,6807,6813,6819,6809,6808,6910,6872,95,6907,92
6736,6705,6800,6810,6815,6668,6737,6704,6806,6807,6814,6910
6695,6757,6734,6798,6614,6696,6732,6799,6730,6805,6585,6612
6743,6783,6876,6847,6858,6784,6898,6763,6750,6846,7024,6853
6743,6750,6716,6763,6740,6748,6876,6784,6783,6749,6762,6707
6782,6740,6684,6743,6847,6741,6783,6771,6876,6685,6750,6846
6876,6750,6763,6784,6783,6748,6858,6762,6785,7024,6898,6749
6769,6756,6720,6753,6764,6770,6755,6721,6766,6751,6774,6765
6751,6754,6753,6765,6744,6778,6769,6766,6781,6764,6775,6779
6752,6679,6735,6908,6745,6681,6754,6904,6747,6792,6781,6751
6745,6744,6753,6769,6751,6764,6720,6754,6756,6766,6765,6770
6762,6761,6763,6850,6785,6837,6845,6865,6784,7024,6848,6794
6761,6837,6748,6904,6865,6762,6850,6794,6792,6763,6845,6735
6748,6763,6762,6749,6876,6761,6784,6785,6783,6850,6710,7024
6765,6778,6766,6775,6779,6764,6769,6791,6773,6833,6774,6894
6908,6745,6754,6751,6792,6781,6747,6778,6753,6794,6791,6765
6764,6769,6751,6766,6765,6774,6770,6756,6778,6775,6773,6779
6751,6781,6778,6791,6765,6753,6779,6793,6833,6775,6766,6764
6788,6726,6770,6789,6801,6729,6795,6787,6727,6774,6802,6832
6755,6769,6770,6764,6788,6726,6789,6724,6774,6787,6766,6801
6798,6799,6696,6732,6805,6800,6806,6612,6869,6738,6822,6733
6714,6685,6716,6741,6707,6711,6750,6684,6749,6748,6743,6693
6366,6429,6506,6471,6520,6528,6505,6365,6527,6391,6552,6623
6678,6643,6697,6699,6644,6686,6619,6671,6698,6645,6742,6684
6850,6865,6762,6845,6794,6859,6849,6793,6785,6792,6851,6848
6845,6785,6850,6848,6865,6849,6851,7024,6936,6859,6856,6884
6784,6762,6785,7024,6858,6761,6845,6936,6850,6848,6877,6875
6766,6774,6770,6765,6787,6789,6887,6773,6755,6788,6775,6795
6766,6775,6773,6779,6774,6894,6803,6833,6887,6770,6787,6804
6774,6773,6775,6887,6770,6787,6779,6803,6789,6796,6894,6804
6808,6809,6819,6907,6816,6820,6852,6872,6821,6829,6817,6842
6767,6819,6809,6872,6820,6808,92,6842,90,6816,88,6821
6764,6770,6766,6755,6774,6789,6788,6765,6787,6887,6726,6773
6789,6788,6787,6774,6795,6887,6801,6797,6773,6802,6796,6729
6831,6782,6846,6847,6772,6826,6853,6740,6898,6783,6731,6827
6826,6823,6733,6846,6825,6853,6827,6822,6824,6732,6847,6899
6887,6803,6796,6804,6787,7079,6797,6864,6895,6863,6862,6890
6887,6787,6773,6789,6796,6797,6795,6788,6804,6803,6864,6812
6894,6803,6773,6895,6804,6774,6860,6887,6863,6796,6917,6787
6609,6677,6606,6607,6650,6652,6651,6642,6719,6675,6676,6669
85,6832,83,81,6818,6801,79,6983,6802,76,6944,6795
6779,6833,6765,6775,6894,6766,6834,6803,6773,6860,6895,6764
6775,6894,6803,6895,6860,6773,6917,6863,6804,6861,6774,6883
6605,6776,6554,6677,6658,6609,6656,6606,6652,6607,6608,6650
6791,6793,6778,6833,6751,6779,6834,6859,6765,6775,6894,6885
6847,6740,6783,6846,6831,6898,6876,6743,6853,6741,6858,6826
6876,6898,6858,6784,6875,6853,7024,6763,6855,6877,6935,6827
7024,6858,6785,6936,6877,6762,6875,6848,6935,6845,6929,6856
7024,6936,6845,6848,6877,6856,6850,6851,6929,6884,6849,6935
6715,6692,6709,6711,6617,6830,6714,6693,6689,6707,6758,6690
6887,6795,6797,6796,6812,6864,6802,6886,6804,7079,6811,6890
6789,6801,6795,6787,6729,6802,6832,6812,6797,6887,6777,6811
6787,6795,6801,6887,6797,6802,6812,6796,6773,6811,6832,6864
6679,6746,6681,6752,6635,6747,6682,6745,6735,6908,6754,6744
6833,6834,6778,6779,6894,6860,6885,6775,6861,6765,6895,6803
6794,6908,6781,6793,6865,6754,6791,6859,6778,6850,6745,6751
6859,6791,6834,6885,6833,6849,6778,6779,6861,6860,6857,6851
6793,6865,6781,6859,6791,6850,6834,6754,6778,6849,6885,6833
6802,6812,6797,6811,6832,6983,6886,6864,6891,6796,6992,6818
6864,6804,7079,6797,6890,6862,6886,7032,6863,6812,6889,6919
6864,6812,6886,6890,7079,6891,6811,6804,6889,6888,7032,6862
6805,6799,6822,6869,6806,6696,6835,6800,6828,6824,6823,6814
6806,6805,6800,6869,6814,6835,6738,6828,6736,6815,6910,6881
6736,6815,6806,6814,6910,6810,6869,6705,6807,6828,6829,6881
6802,6832,6795,6983,6811,6818,6812,6787,85,83,6797,81
6811,6983,6812,6818,6992,6891,6797,81,79,6886,76,6944
6804,6895,6863,6796,6917,6862,7079,6911,6919,6864,7032,6883
7079,6862,6863,6864,6919,7032,6890,6911,7005,6889,6886,6918
6869,6835,6806,6828,6824,6870,6800,6814,6881,6871,6854,6825
6869,6814,6828,6815,6881,6910,6829,6870,6736,6871,6920,6807
6767,6907,6808,6829,6809,6768,6817,6852,6816,6920,6819,6909
6816,6809,6852,6817,6821,6820,6909,6838,6927,7027,6841,6842
6820,6816,6821,6842,6852,6841,6838,6839,86,88,6840,82
6737,6807,6767,6910,6768,6808,6907,6814,6809,6829,6813,6819
6891,6992,6973,6958,6886,6944,74,72,76,70,6888,79
6811,6891,6886,6864,6983,6992,6888,6890,6958,6889,6973,7079
92,6768,6872,6819,90,6842,88,6767,6809,6820,86,6841
6910,6829,6881,6920,6807,6907,6871,6878,6817,6906,6808,6767
6910,6810,6807,6814,6829,6907,6767,6737,6808,6881,6920,6817
6821,6838,6927,6909,6840,6839,6841,6940,6844,78,7027,6843
6909,7027,6906,6852,6940,6933,6969,6927,6816,6838,6912,6924
81,79,6983,76,6944,74,6992,6811,72,70,6973,6812
6820,6809,6842,88,6841,86,6821,6816,6808,84,82,6839
6841,6821,6816,6839,82,86,84,80,6838,78,6840,6852
6839,6838,6841,6840,78,80,77,82,6927,75,6843,84
6824,6835,6805,6869,6870,6825,6854,6828,6806,6799,6893,6827
6825,6822,6824,6826,6827,6854,6835,6853,6899,6870,6805,6869
6854,6835,6870,6893,6869,6899,6828,6900,6871,6880,6806,6892
6827,6854,6824,6899,6900,6870,6855,6893,6835,6897,6892,6901
6827,6853,6825,6899,6824,6898,6855,6854,6822,6900,6783,6897
6899,6855,6854,6897,6900,6824,6875,6896,6893,6901,6870,6858
6881,6871,6814,6878,6829,6920,6893,6879,6880,6910,6815,6906
6920,6907,6817,6906,6878,6808,7027,6852,6909,6879,6933,6912
6690,6693,6708,6711,6691,6710,6694,6707,6904,6735,6714,6746
6772,6846,6826,6853,6847,6823,6827,6825,6898,6733,6783,6855
6818,6983,6802,83,81,79,6811,76,6992,6944,74,6812
6779,6894,6860,6775,6895,6861,6803,6917,6883,6773,6863,6857
6885,6833,6861,6860,6779,6857,6894,6883,6868,6895,6917,6775
6869,6870,6828,6806,6854,6871,6893,6881,6814,6880,6900,6878
6323,6405,6416,6336,6407,6406,6262,6324,6489,6481,6480,6335
6794,6865,6792,6761,6850,6793,6781,6908,6859,6762,6791,6849
6927,6840,6844,6839,6843,6924,6940,77,75,78,73,71
78,77,6840,80,75,6843,73,6844,71,69,6924,6925
6843,77,75,78,6844,73,71,6924,69,6925,6926,67
82,80,6839,84,78,77,6840,6838,75,6843,73,6927
86,6820,6841,84,82,80,6821,6839,78,6816,77,6840
73,75,71,69,6925,67,6926,6993,64,7000,62,6967
6843,6925,6926,71,73,69,75,67,6993,7000,6967,64
6848,6851,6849,6884,6936,6859,6856,6857,6885,6982,6867,6929
6853,6826,6898,6827,6783,6855,6825,6823,6875,6899,6858,6876
6783,6846,6898,6853,6876,6858,6826,6743,6875,6855,6827,6784
6856,6851,6884,6849,6982,6929,6922,6857,6867,6885,6947,6948
6851,6885,6857,6884,6834,6861,6867,6856,6868,6982,6791,6860
6845,6849,6859,6851,6793,6848,6885,6857,6884,6834,6936,6856
6884,6857,6885,6856,6867,6982,6861,6868,6922,6834,6915,6929
6909,6816,6927,6838,7027,6940,6821,6924,6840,6969,6844,6839
6827,6898,6855,6899,6825,6875,6858,6897,6896,6854,6900,6824
6893,6900,6870,6892,6880,6871,6897,6901,6828,6972,6879,6902
6875,6899,6897,6896,6935,6900,6901,6854,6877,6959,6930,7024
6922,6982,6884,6947,6948,6867,6915,6857,6921,6928,6945,6866
6867,6868,6861,6866,6982,6883,6915,6882,6860,6922,6914,6913
6875,7024,6877,6935,6855,6936,6785,6896,6929,6930,6897,6848
6849,6885,6834,6851,6791,6857,6861,6833,6884,6848,6860,6868
6895,6917,6883,6803,6868,6863,6911,6916,6882,6804,6919,6773
6868,6883,6860,6882,6867,6917,6866,6895,6894,6916,6913,6911
6919,7032,7005,6890,6995,6918,7031,6939,6889,6937,7006,6886
6911,6919,6862,6918,7079,6916,7005,7032,6937,6939,6890,6864
6890,7079,6886,6889,7032,6862,6888,6891,6995,7013,6811,7005
6850,6859,6793,6849,6781,6845,6885,6791,6834,6851,6857,6833
6913,6914,6882,6990,6962,6921,6976,6923,6931,6916,6961,6975
6866,6915,6868,6914,6947,6882,6913,6921,6883,6990,6923,6962
6866,6882,6883,6913,6915,6914,6962,6916,6917,6990,6976,6895
6828,6870,6814,6881,6871,6893,6854,6815,6829,6910,6878,6920
6893,6871,6828,6880,6900,6881,6879,6892,6878,6814,6902,6920
6880,6879,6878,6881,6920,6892,6902,6912,6906,6829,6972,6932
90,6819,88,6842,86,6820,84,6809,6841,82,6821,80
6626,6687,6593,6646,6629,6680,6592,6688,6476,6627,6672,6689
6630,6631,6536,6873,6648,6646,6687,6647,6593,6626,6689,6688
6935,6896,6877,7024,6897,6930,6899,6959,6929,6936,6901,6900
6784,6858,6763,7024,6898,6785,6875,6877,6762,6748,6936,6935
6935,6929,6936,6930,6896,6856,6948,6922,6848,6959,6945,6897
6879,6920,6906,6912,6933,6817,6902,7027,6932,6934,6969,6994
6912,6902,6906,6932,6994,6972,6933,6934,6903,7027,6971,6817
6879,6892,6902,6972,6878,6912,6994,6901,6903,6932,6970,6906
6920,6878,6829,6906,6879,6817,6907,6880,6912,7027,6807,6933
6962,6913,6916,6976,6961,6990,6938,6911,6975,6918,6931,6937
6882,6917,6916,6911,6962,6866,6913,6863,6938,6918,6919,6961
6982,6867,6857,6922,6915,6868,6947,6866,6861,6948,6914,6921
6857,6861,6868,6860,6884,6867,6833,6883,6866,6882,6982,6894
6890,6891,6889,6888,6958,7013,7032,7083,6956,6995,6992,6973
6796,6797,6864,6804,6795,7079,6803,6812,6890,6886,6862,6802
7083,6956,6958,7013,6963,6974,6957,7039,6995,65,66,63
7013,6995,6888,6956,6957,7035,7031,7083,7005,6958,7039,7012
6889,7032,6995,7013,6888,7005,7031,6891,6956,7035,6957,7083
6958,6888,6973,7083,6963,68,70,6889,66,72,6956,74
6972,6901,6902,6903,6879,6970,6994,6959,6932,6912,6878,6971
6880,6892,6871,6879,6902,6972,6901,6878,6881,6912,6903,6994
6895,6803,6860,6917,6863,6773,6804,6883,6911,6919,6796,6862
6917,6863,6911,6804,6883,6919,6916,6862,6918,7079,6796,6882
6959,6930,6901,6945,6929,6970,6955,6948,6972,6892,6922,6928
6896,6901,6959,6892,6970,6972,6930,6893,6955,6945,6880,6903
6875,6855,6858,6827,6896,6935,6899,6784,6877,7024,6897,6825
6900,6854,6897,6893,6901,6896,6892,6870,6959,6880,6972,6935
6892,6901,6897,6893,6972,6880,6970,6896,6959,6902,6871,6903
6972,6970,6959,6903,6955,6902,6952,6994,6945,6879,6971,6946
6994,6932,6903,6912,6971,6970,6934,6942,6952,6933,6906,6950
6994,6971,6952,6932,6950,6942,7050,6954,6946,6934,6966,6985
6792,6735,6837,6794,6908,6781,6865,6752,6761,6793,6754,6850
6561,6549,6559,6555,6560,6556,6475,6523,6624,6683,6508,6486
7027,6933,6912,6969,6909,6934,6940,6943,6932,6852,6968,6927
6808,6817,6852,6920,6909,6816,7027,6809,6906,6927,6838,6878
6754,6781,6794,6745,6751,6778,6791,6793,6865,6779,6833,6747
6940,6927,6969,6838,6924,6933,6968,6844,6943,6821,6840,6926
6829,6807,6907,6920,6881,6817,6808,6767,6852,6906,6878,6909
6919,6918,6916,6862,6937,6938,7005,6939,6962,6960,7079,7032
6933,6932,6934,6994,7027,6943,6942,6969,6971,6903,6941,6940
6990,6976,6962,6931,6961,6923,6975,6916,6991,6938,6997,6996
6990,6923,6913,6931,6976,6882,6996,6949,6997,6962,6991,6961
6914,6921,6866,6923,6990,6913,6949,6882,6931,6996,6976,6962
6962,6938,6918,6937,6961,6919,6939,6960,6976,6978,6975,6862
6911,6916,6863,6919,6918,6882,6862,6962,6804,6938,6937,7005
6937,6939,6938,7005,6960,7007,7006,6961,7031,6978,7032,7068
6918,7005,6939,6937,7032,7031,6938,6995,7006,6960,7007,6890
6906,6817,7027,6912,6879,6933,6909,6852,6969,6940,6808,6934
6923,6949,6914,6990,6996,6931,6964,6953,6913,6997,7058,6976
6947,6982,6948,6915,6928,6921,6945,6867,6914,6949,6866,6923
6996,6931,6990,6997,6964,6976,7058,7034,6991,7033,6951,6965
6926,6968,6844,6925,6967,6843,6988,7000,71,69,73,6993
69,67,6993,7000,64,7003,6998,62,7002,6989,59,6999
6925,6967,7000,6993,69,6989,67,71,6984,7002,6998,73
6940,6924,6844,6840,6968,6843,6926,6925,6839,73,75,71
6949,6921,6946,6953,6923,6915,6964,6914,6996,6954,6951,6952
6922,6856,6948,6930,6947,6982,6945,6884,6928,6959,6915,6921
6948,6945,6959,6922,6955,6928,6856,6947,6970,6901,6946,6982
6997,6991,6976,7033,7034,6975,6981,7058,6961,6977,7045,7057
6934,6942,6971,6933,7050,6941,6985,6943,6950,6952,6969,6988
6969,6934,6943,6940,6968,6941,6988,6942,6924,6927,6985,6967
6943,6942,6941,6969,6988,6985,7050,6968,6986,6984,6940,7018
6896,6930,6929,6959,6897,6936,6948,6945,6922,6856,6901,6955
6929,6848,6856,6922,6884,6930,6851,6982,6948,6947,6849,6896
6960,6939,7007,6978,7068,7082,7006,7031,7052,6975,6979,7108
6937,6961,6960,6978,6939,6975,7068,7007,6977,7082,6979,7005
7007,6960,7006,7031,7082,7052,7068,7035,6978,7051,7110,7136
6924,6968,6943,6926,6844,6988,6967,6840,6843,6925,6941,6984
6985,6988,6986,6984,7018,6967,6987,7009,6989,7008,6966,7020
6985,7050,6941,6943,7018,6986,6966,6988,6984,7009,6954,7010
6988,6941,6968,6984,6967,6924,6985,6986,6926,6989,6987,7050
74,72,70,6973,68,66,6958,65,6963,7083,63,6888
6955,6928,6946,6947,6952,6953,6949,6921,6954,6903,6964,6951
6953,6954,6949,6951,6964,6950,6921,7028,6965,6996,6966,6971
6921,6915,6928,6914,6949,6923,6866,6946,6990,6953,6996,6913
6945,6947,6928,6982,6921,6946,6955,6915,6949,6953,6867,6923
6953,6964,6923,6996,6951,7058,6954,6965,6931,6997,6990,7034
6954,7050,6966,7028,6951,6942,6985,6953,7018,7010,6965,6964
6964,7028,6965,7058,6966,7029,6996,7010,7040,7034,7017,7018
6950,6954,6971,6946,6953,7050,6966,6951,7028,6942,6964,6949
6951,6964,6954,6965,7028,7058,6996,6966,6923,7034,7029,7040
6951,7028,6966,6964,6965,7050,7010,7058,7029,7018,6985,6996
6946,6952,6903,6928,6954,6953,6950,6971,6949,6951,6994,6947
7039,6974,6957,7011,61,60,63,58,57,65,7012,7035
7011,7039,7012,57,56,6974,58,55,7051,60,61,54
7083,6963,66,68,70,65,63,6956,6974,61,7013,60
6955,6970,6945,6972,6948,6952,6946,6903,6928,6922,6953,6947
7068,7007,7082,6979,7052,7006,7108,7110,6977,7107,6980,7136
6975,6978,6977,6991,6937,6960,7068,6979,6981,6980,6939,6997
6961,6938,6976,6975,6978,6937,6918,6991,6931,6960,6977,6919
65,63,6974,61,6956,60,7039,58,6957,7011,57,56
7058,6996,6965,7034,7028,7040,6997,7029,6931,6966,7033,7057
7058,7029,7040,7034,7010,7017,7025,7057,6997,7030,7033,7042
7028,7010,7018,7029,6965,7008,7017,7030,6986,7009,7058,7040
6989,6984,7000,7002,6987,6925,6993,6986,6998,7004,7001,7020
6988,6967,6926,6984,6941,6844,7000,6989,6925,6986,6987,6993
6940,6943,6968,6988,6924,6927,6941,6967,6926,6984,6844,6942
6955,6903,6952,6945,6994,6946,6971,6950,6954,6932,6953,6928
6950,7050,6942,6966,6985,6954,6934,7018,6941,7028,6951,6986
6903,6970,6902,6994,6952,6971,6955,6932,6950,6912,6945,6942
70,68,6958,66,6963,65,7083,63,6888,6974,61,6956
61,60,63,7039,58,57,7011,56,7012,55,7051,54
6977,6978,6981,6980,6979,7056,7068,7033,6960,7045,7015,7014
6975,6961,6991,6997,6977,6978,6981,6938,7033,7056,7034,6980
6980,7056,6979,7014,7015,7068,7045,7107,7046,7108,7043,7082
7068,6960,6977,6979,6980,7082,7007,7108,6981,7107,7015,7056
6980,7107,7015,7108,7014,7056,7109,7098,7043,7110,7112,7052
7015,7014,7107,7043,7046,7098,7044,7108,7109,7053,7097,7055
7056,7045,6977,6980,7046,7057,7014,7055,6979,7015,7044,7053
6915,6947,6867,6921,6866,6914,6928,6868,6923,6913,6990,6945
6811,6992,76,79,6944,74,72,6891,6973,70,6958,68
6987,6989,7009,7020,7000,7002,7004,7008,6998,7021,7001,7016
7018,6986,6966,7009,6984,7008,6988,7010,6987,7028,7030,7020
7009,6984,6987,7008,7020,6989,7010,7016,7030,7004,7021,7002
7020,7004,7002,7021,7016,7038,7001,7078,7030,6998,7019,7073
6984,6967,6986,6989,6926,6987,7000,7009,7002,7018,6925,7020
7002,6987,7004,6998,7001,7020,6993,7078,7021,7038,7003,6999
6931,6976,6991,6997,6996,6962,6975,6961,7033,6981,7034,6977
6981,6975,7033,6977,7056,7045,7034,6978,6980,7057,6979,7014
6973,72,74,6944,70,6891,6958,68,66,6963,65,7083
64,7003,6998,62,7002,59,6999,7001,53,7085,7004,7061
6932,6971,6942,6952,6934,6950,7050,6985,6933,6941,6954,6966
7031,7035,7013,7006,6957,7012,6956,7051,6939,7011,7007,7039
6997,7058,7034,6931,7033,6965,6991,7040,7057,6976,6981,7028
7033,7034,6991,6981,7057,7045,6975,7040,6977,7056,7055,7042
7003,7001,6999,62,7085,59,7004,7078,53,7061,7062,51
7085,7061,53,51,7062,7048,7078,49,7049,47,7111,7038
6993,7002,6998,6989,7003,67,64,7001,62,7004,6999,6987
7085,7078,6999,7062,7038,7061,59,7077,53,7021,7048,51
6998,7001,7004,7003,7078,6999,7085,7038,7020,62,7021,59
62,59,6999,53,7001,7085,7061,51,7078,7048,7004,7062
7038,7001,7078,7021,7085,7073,7077,7062,6999,7019,7099,7061
7031,6939,7006,6995,6937,7007,7035,6960,7052,7013,7051,7082
7007,7052,7051,7035,7082,7012,7136,54,7110,55,6957,7068
7082,7052,7068,7110,7051,7136,7108,7035,6979,54,7060,7012
7030,7009,7016,7017,7022,7020,6987,7023,7021,7019,7025,7026
7020,6987,7016,7030,7021,7004,6989,7022,7017,7019,7023,7038
7017,7030,7008,7029,7022,7009,7025,7016,7040,7023,7026,7020
57,56,55,58,60,54,52,7136,50,7060,7110,48
7011,55,56,7051,57,54,7136,52,58,50,60,7060
6957,6956,7035,7039,7011,7083,7012,6974,57,6963,7006,56
7015,7044,7043,7053,7098,7107,7066,7097,7067,7054,7109,7064
7107,7098,7043,7109,7044,7097,7121,7066,7112,7053,7096,7123
7021,7023,7019,7022,7036,7073,7026,7038,7113,7004,7037,7099
7030,7022,7025,7026,7016,7023,7041,7042,7113,7019,7091,7036
7008,7010,6986,7009,7030,7017,7016,6987,6984,7020,7029,7022
7036,7073,7037,7113,7099,7071,7088,7077,7074,7072,7091,7078
7021,7004,7016,7038,7019,7073,7078,7023,7001,7022,7077,7036
7038,7073,7019,7078,7023,7077,7099,7036,7037,7113,7085,7062
7023,7026,7113,7041,7019,7036,7091,7021,7042,7071,7037,7059
7036,7113,7019,7037,7091,7071,7041,7073,7074,7099,7038,7088
6877,6936,6935,6929,6848,6856,6930,6845,6896,6922,6948,6851
7041,7026,7022,7042,7023,7091,7113,7059,7055,7016,7054,7036
7113,7041,7023,7091,7036,7059,7071,7019,7092,7037,7087,7054
6909,6969,6940,6933,6943,6927,6968,6924,6934,6988,6838,6926
6965,7010,7029,7017,7058,7018,7040,7030,7008,7025,7034,7022
7017,7040,7025,7030,7022,7008,7042,7026,7057,7041,7016,7023
7022,7016,7023,7025,7026,7020,7019,7021,7113,7036,7041,7091
7006,7035,7051,7013,7007,7012,7052,6957,7011,55,7136,7082
6995,6889,7005,7031,7013,7035,7006,6939,6888,6957,6956,7012
6981,7045,7057,7056,7055,7040,6977,7046,7042,6980,7014,7054
7033,7057,7040,7045,6981,7055,7029,7042,7025,7056,7046,7017
7012,6957,7051,7011,55,56,7052,7039,54,57,7136,52
7037,7071,7074,7091,7088,7099,7087,7092,7072,7090,7132,7089
7088,7099,7074,7071,7072,7132,7090,7087,7086,7089,7131,7116
7078,7073,7077,7099,7019,7062,7085,7086,7111,7037,7072,7036
7011,57,58,60,56,61,7012,55,7051,54,52,7136
7057,7025,7042,7017,7055,7041,7045,7022,7026,7030,7054,7059
7059,7091,7113,7054,7092,7065,7071,7036,7064,7087,7053,7019
7041,7055,7054,7059,7026,7091,7046,7065,7053,7064,7113,7092
7066,7097,7096,7121,7067,7070,7120,7119,7112,7064,7076,7123
7043,7066,7067,7064,7097,7070,7098,7096,7069,7139,7065,7076
7055,7056,7046,7014,7042,7054,6980,7053,7044,7015,7064,7043
7053,7014,7044,7054,7064,7043,7067,7015,7066,7059,7065,7139
41,43,7063,40,38,7084,37,7131,35,7147,34,7132
49,47,7049,45,43,7047,7111,41,40,7063,7086,38
45,7047,47,43,7111,41,7063,40,7086,38,7084,7131
6966,6985,7018,7010,7028,6941,6986,7008,7009,6951,7030,7029
54,55,7136,52,56,7011,7110,7060,50,57,7108,7112
7136,7110,7051,54,7108,7060,52,55,7012,7112,50,7109
7064,7044,7067,7065,7139,7066,7043,7069,7070,7093,7097,7092
7053,7064,7059,7065,7067,7044,7139,7091,7092,7093,7069,7066
7054,7046,7053,7059,7041,7064,7044,7014,7065,7067,7091,7026
6980,7014,7046,7015,7055,7044,7043,7053,7107,7054,7098,7066
7055,7045,7042,7046,7025,7054,7056,7041,7059,7053,7014,7026
7034,7040,6997,7029,7057,7033,7025,7017,7042,7045,7010,6991
7065,7091,7092,7064,7093,7053,7071,7139,7087,7094,7036,7067
50,7112,48,7123,46,7121,44,7119,42,7098,7120,7097
7048,51,7062,7049,49,47,45,7111,7047,43,7077,41
7111,7049,7048,7086,7047,7063,47,45,51,49,43,7099
7084,40,7131,38,41,37,7147,35,7116,34,7080,32
7065,7139,7067,7069,7093,7092,7070,7129,7066,7075,7094,7114
7139,7093,7092,7067,7094,7069,7129,7087,7114,7070,7095,7089
7070,7096,7067,7076,7069,7120,7101,7075,7139,7102,7119,7129
7069,7070,7139,7075,7096,7129,7076,7093,7102,7118,7114,7103
6979,7082,7108,7107,7110,6980,7052,7015,7109,7098,7112,7136
7075,7129,7076,7118,7102,7103,7138,7114,7104,7100,7130,7101
7069,7076,7075,7102,7101,7129,7103,7100,7118,7104,33,36
7087,7074,7092,7088,7089,7094,7090,7099,7065,7093,7132,7072
7132,7131,7116,7090,7063,7147,7074,7084,7117,7080,7047,37
7099,7077,7037,7036,7072,7088,7086,7062,7132,7111,7074,7071
7087,7090,7089,7132,7094,7106,7117,7116,7105,7095,7131,7093
7102,7103,7118,7104,7100,7138,7128,7130,7122,33,7127,7145
7102,7100,7075,7103,33,7104,36,7122,30,7118,39,7128
7086,7099,7062,7111,7072,7063,7131,7049,7088,7037,7047,7132
7085,7062,7077,7073,7061,7111,7086,7099,7049,7048,7072,53
6890,7032,6862,6889,6886,6995,6919,7005,7031,7013,6888,6918
7144,32,31,34,7115,29,7081,28,26,7135,7124,24
28,29,26,7135,24,7172,22,7134,20,7142,18,7140
7052,7108,7110,6979,7136,7107,7109,7051,7112,7060,54,7015
6963,6956,6974,65,63,66,61,7039,60,6957,58,7011
37,7147,38,35,34,7080,32,31,7144,7117,29,7115
7062,7061,7048,7049,7077,53,7111,51,49,47,7047,7086
7072,7131,7063,7132,7047,7088,7084,7116,7147,40,38,41
7094,7089,7095,7090,7093,7105,7114,7106,7132,7126,7117,7125
7132,7072,7074,7090,7116,7131,7089,7117,7087,7106,7147,7080
7105,7106,7095,7117,7125,7124,7114,7126,7115,7116,7080,7133
7117,7106,7116,7089,7105,7115,7080,7147,7124,7095,7144,7125
7092,7071,7087,7065,7074,7094,7037,7093,7064,7089,7139,7088
7087,7094,7093,7074,7139,7089,7114,7095,7129,7105,7090,7069
7094,7114,7129,7069,7095,7138,7126,7089,7118,7075,7105,7145
7095,7114,7089,7105,7126,7129,7138,7125,7106,7090,7145,7124
7105,7126,7125,7106,7124,7138,7133,7145,7134,7117,7115,7137
7076,7101,7070,7120,7100,7102,39,36,7075,7069,42,33
7096,7066,7120,7119,7101,7070,7123,7076,42,39,7067,44
7043,7097,7121,7112,7066,7120,7119,7123,7096,44,46,42
7072,7088,7086,7132,7131,7111,7074,7090,7116,7063,7084,7147
33,30,7122,7104,27,7103,7143,7127,25,7128,7118,23
36,7076,39,7100,33,7102,30,7122,7104,7075,27,7103
7103,7104,7100,7122,33,7118,7128,30,7127,27,7143,7130
7104,7128,7127,7130,7122,7161,7149,7143,30,33,27,7145
7122,7127,7128,7143,30,27,25,7149,7148,7130,23,7161
7125,7124,7126,7115,7133,7134,7135,7145,7081,7138,7080,7144
7105,7115,7124,7125,7080,7144,7081,7135,7134,7126,29,28
7109,7098,7043,7112,7121,7097,7123,7060,7044,7119,7066,7120
7107,7110,7109,7112,7098,7015,7060,7136,7121,7123,7043,48
7112,7098,7121,7123,7097,7119,7060,7043,48,46,7120,44
7136,7060,7112,7109,54,52,7107,50,48,7123,7121,55
7086,7047,7063,7131,41,43,7072,40,45,7084,38,47
7123,7121,48,46,7119,50,44,42,7097,7120,39,7096
7036,7091,7071,7037,7092,7087,7074,7059,7088,7073,7065,7099
7095,7138,7126,7145,7125,7118,7105,7130,7133,7075,7137,7106
7081,7144,7124,7135,29,28,31,26,32,7134,7125,24
7117,7080,7147,7084,7106,7144,7115,34,32,35,31,37
7106,7115,7080,7144,7124,7105,7081,31,32,29,34,7135
7103,7130,7128,7145,7104,7161,7137,7127,7149,7122,7168,7133
42,44,7120,39,7101,7096,36,7076,33,7100,7070,30
7101,39,42,36,7076,7100,7070,33,7102,30,7075,7069
7119,7123,7097,7120,44,42,46,7096,48,39,7101,7066
27,7143,7127,25,23,7128,7148,21,7149,19,7159,7161
46,7119,44,42,7120,39,7101,7096,36,7076,33,7070
7135,7134,7081,7133,7172,7144,26,28,24,29,7140,7142
7133,7124,7134,7145,7135,7140,7137,7172,7081,7169,7130,7142
7145,7125,7133,7137,7130,7124,7118,7134,7140,7169,7161,7168
7143,7149,7148,25,23,21,7159,7161,19,7160,7158,17
7127,7161,7149,7143,7148,7168,7160,7159,7137,27,25,23
7138,7114,7118,7075,7103,7126,7130,7145,7095,7102,7128,7076
7161,7128,7137,7168,7133,7149,7169,7160,7127,7140,7165,7159
7084,7116,7147,7080,37,35,38,7117,7090,34,40,32
7116,7090,7131,7117,7147,7080,7084,7106,7063,7089,7115,7144
7137,7140,7134,7169,7168,7142,7141,7135,7167,7172,7161,7165
7140,7172,7142,7141,24,22,26,7169,7137,20,7167,7146
26,7172,24,7134,28,22,7142,20,7140,18,7141,7146
54,7060,52,50,55,7112,48,56,7109,7123,46,7107
7169,7168,7161,7140,7165,7167,7160,7141,7149,7164,7142,7151
7145,7118,7126,7130,7137,7133,7103,7128,7125,7161,7168,7169
7069,7093,7129,7114,7070,7075,7094,7138,7118,7076,7095,7103
7169,7141,7167,7142,7172,7168,7165,7146,7153,20,18,7151
7167,7146,7153,18,16,20,7151,14,7165,7150,12,7164
7141,7146,20,18,16,7167,7153,14,7151,12,7165,7150
25,23,7148,21,19,7149,17,7159,7158,15,7157,7160
31,29,7081,28,26,7135,24,7172,22,7134,20,7142
7137,7130,7133,7161,7168,7169,7140,7128,7134,7165,7160,7167
16,7153,14,12,7150,7151,10,7152,7164,8,7154,7156
7080,35,34,37,32,7144,7117,31,7115,29,7081,7106
21,19,7159,7158,17,7157,15,7160,7175,7162,13,7163
7159,7148,7160,7168,7158,7162,19,21,23,7164,7165,17
12,7152,10,8,7154,1,7155,2,4,7166,6,7170
7152,7156,7150,7155,7154,14,12,7166,10,7163,8,2
7154,7155,8,1,2,10,4,7166,6,7170,7173,5
7151,7150,14,12,7152,10,7156,7154,8,7155,1,7166
1,2,8,4,6,5,0,3,7,7152,7155,7150
4,7154,2,6,7170,1,5,8,7177,0,3,7176
7166,7155,7152,7170,7173,6,7154,4,7150,7171,2,5
7175,13,7174,7171,11,7163,9,7176,7177,7173,7,3
7175,7157,7162,7163,7171,15,7174,13,7173,7166,7177,7156
7158,7162,19,7163,7175,7164,7157,17,7165,7171,15,7156
7159,7162,7164,7165,7158,7156,7163,7167,7151,7175,19,7166
7168,7149,7160,7169,7159,7165,7164,7162,7148,7140,7167,7158
7163,7156,7175,7166,7171,7173,7151,7157,7170,7155,7174,6
7171,7173,7166,7156,7170,7177,7174,6,5,7155,7176,4
7162,7156,7151,7163,7166,7152,7153,7158,7155,7150,7173,7175
7164,7151,7162,7156,7153,7152,7146,7163,7150,7166,7158,7155
7170,7173,6,7155,4,5,7177,2,7154,0,1,7176
7165,7153,7151,7146,7164,7150,16,14,18,7156,7152,12
7169,7165,7160,7164,7167,7159,7162,7151,7141,7156,7153,7158
7167,7165,7141,7160,7164,7151,7142,7153,7146,7162,7156,7159
6,5,4,7177,0,2,3,7154,7,1,8,7173
7173,7177,7176,7170,7166,5,0,3,9,6,11,7
22,7142,20,18,7141,7146,16,7167,7153,14,7169,12
7170,7177,5,6,0,7176,7155,4,3,7,9,2
7176,11,7171,9,7177,7,3,7173,0,5,7170,7166
7171,7174,7163,7173,7177,13,7176,11,9,7170,7166,7
7,3,7177,0,5,7170,6,4,2,7154,1,8
0,3,5,7,6,4,2,7154,1,8,7176,7171
