880,2,837,4,1,3,5,881,7,836,906,799,6,838,831,9
2,837,4,906,0,880,3,881,5,836,6,799,7,831,838,8
4,906,6,831,1,0,837,880,836,881,3,5,8,799,838,7
880,881,837,836,0,1,2,5,7,9,777,799,906,4,838,6
6,8,10,12,2,1,880,0,906,837,836,831,881,838,3,799
881,799,836,906,3,880,0,837,7,9,777,11,1,2,838,790
8,10,12,818,4,837,2,880,906,831,836,838,1,789,881,799
799,777,836,790,5,881,3,880,9,11,13,776,837,0,838,791
10,12,818,14,6,906,4,836,831,838,789,790,837,2,799,16
777,776,791,790,7,5,799,881,11,13,17,19,3,836,838,880
12,14,668,16,8,831,6,838,818,789,907,790,906,650,836,4
777,776,791,773,9,7,799,5,13,17,19,775,790,21,771,881
14,650,16,15,10,8,831,6,818,668,789,907,20,874,18,838
17,776,775,771,11,9,777,7,19,21,24,797,791,773,833,799
16,650,20,18,15,12,10,8,789,818,668,907,661,874,22,831
18,32,30,27,12,10,8,789,16,14,20,650,22,874,668,818
18,20,22,29,15,14,12,818,10,650,668,874,633,907,661,32
771,773,725,772,776,11,777,9,13,19,775,21,24,791,797,833
32,30,27,680,15,16,14,12,20,22,650,874,29,668,818,633
775,771,833,773,17,13,776,11,21,24,797,28,834,772,9,777
22,29,32,30,18,15,650,16,14,668,874,633,661,664,12,818
797,775,833,771,19,17,13,776,24,28,834,33,835,11,875,851
29,32,30,628,18,15,20,874,650,16,633,661,664,629,668,680
36,38,40,31,26,34,643,25,679,27,641,642,639,30,632,-1
797,833,835,875,21,19,775,17,28,834,33,851,35,13,850,1128
26,643,31,34,23,22,18,20,15,27,641,30,680,679,642,32
31,34,679,36,23,643,25,27,641,642,30,38,639,631,632,680
641,643,642,34,25,26,23,22,18,20,15,30,680,32,631,632
834,797,835,833,24,21,19,775,33,851,35,37,850,875,1128,792
32,628,680,631,30,18,27,15,22,874,20,650,633,629,664,630
641,632,643,642,27,25,26,31,22,20,18,874,32,680,631,29
36,38,40,43,23,26,25,27,34,643,679,642,641,639,30,632
680,631,641,632,30,27,25,26,29,22,20,874,628,633,570,629
834,851,835,850,28,24,797,21,35,37,39,792,833,1128,41,902
36,38,40,640,31,23,643,26,25,27,679,642,639,641,626,632
851,792,850,835,33,834,28,24,37,39,41,794,797,902,21,42
38,40,43,640,34,31,643,26,679,639,642,626,23,641,25,624
792,850,902,793,35,851,33,834,39,41,794,42,28,788,835,817
40,43,46,49,36,679,34,31,639,640,642,624,643,23,26,626
792,788,850,793,37,35,851,33,41,794,42,817,44,787,834,802
43,46,49,52,38,639,36,679,640,624,579,626,34,642,31,643
794,792,788,759,39,37,35,851,42,817,44,787,802,45,786,47
817,794,787,788,41,39,37,35,44,802,45,47,862,786,800,792
46,49,52,60,40,38,639,36,640,579,624,557,679,558,627,34
817,802,787,794,42,41,39,37,45,47,862,800,48,786,911,422
802,817,800,787,44,42,41,794,47,862,48,911,56,419,422,421
49,52,60,558,43,640,40,38,579,624,557,627,639,36,65,679
862,802,800,421,45,44,42,41,48,911,56,419,422,420,817,424
862,911,419,420,47,45,44,817,56,912,59,62,421,423,422,426
52,558,60,65,46,43,640,40,579,557,627,534,624,563,63,38
53,933,57,917,58,64,67,71,54,900,934,1107,51,897,901,73
55,61,62,899,50,54,897,900,57,898,901,53,917,59,982,936
60,65,63,563,49,46,43,640,558,579,557,534,66,40,68,533
57,917,900,897,54,51,50,933,58,64,67,934,901,1107,55,71
897,55,61,899,51,50,57,900,53,917,901,933,898,62,58,1107
61,62,898,899,48,51,54,53,50,897,900,57,901,59,982,936
912,911,420,423,48,862,47,45,55,51,59,936,62,935,419,426
900,897,901,61,54,51,55,53,50,917,933,58,1107,934,64,899
933,917,934,900,50,53,57,54,64,67,71,73,1042,1107,1068,75
912,911,935,423,56,48,862,47,55,51,54,62,936,898,61,426
65,63,66,68,52,49,46,579,558,563,557,533,559,43,69,592
898,982,936,937,62,59,56,48,55,51,54,57,897,899,900,901
936,912,935,435,59,56,48,47,55,51,54,57,898,61,982,899
68,69,592,70,60,52,49,46,66,65,563,559,558,672,591,590
67,934,917,1068,58,933,50,53,71,73,1042,75,57,1107,900,78
66,68,559,592,63,60,52,49,46,563,558,590,533,69,534,557
68,592,69,591,63,65,60,558,52,559,563,590,533,672,70,499
934,1068,1107,955,933,58,917,50,64,71,73,1042,75,53,57,1069
592,69,672,70,66,63,65,60,559,563,590,499,591,72,673,675
70,672,72,675,66,63,65,60,68,592,591,559,74,673,76,563
72,74,675,76,69,68,66,63,672,592,673,591,665,559,77,671
1042,934,1068,1069,67,64,933,58,73,75,78,1067,50,917,1107,1137
74,76,665,77,70,69,68,66,672,675,592,673,671,591,666,605
1042,1068,1069,1019,71,67,934,64,75,78,1067,1137,80,933,58,1107
76,665,77,666,72,70,69,592,675,672,673,671,79,605,591,68
1067,1069,1068,1019,73,1042,71,67,78,1137,80,1131,81,1132,64,934
77,666,79,82,74,72,70,672,665,675,605,671,673,69,564,556
79,82,83,1116,76,74,72,70,666,665,675,605,667,564,671,85
1067,1131,1069,1088,75,73,1042,71,80,1137,81,1132,84,1247,67,1208
82,83,1116,667,77,76,74,675,666,665,564,605,85,90,87,72
1137,1067,1131,1247,78,75,73,1042,81,1132,84,1208,86,71,1299,1139
1132,1137,1247,1131,80,78,75,73,84,86,1208,88,1284,1299,1067,1303
83,1116,85,90,79,77,76,74,666,667,564,665,87,605,94,97
85,87,90,94,82,79,77,76,1116,667,666,97,564,99,565,665
1208,1132,1247,1299,81,80,1137,78,86,88,1284,89,1303,1131,1286,1248
87,90,94,83,82,79,666,1116,667,97,99,565,564,77,103,605
1208,1132,1303,1299,84,81,80,1137,88,1284,89,1286,91,1247,1282,1306
85,83,82,79,90,1116,94,99,667,97,103,565,666,564,77,-1
1284,1208,1303,1299,86,84,81,1132,89,91,1286,92,1305,1306,1247,1282
1284,1286,1303,1208,88,86,84,81,91,92,1305,93,1285,1304,1306,1299
87,85,1116,83,667,94,99,97,103,82,565,79,564,666,106,530
1286,1304,1303,1306,89,88,1284,86,92,1305,93,1285,95,1320,1311,1208
1305,1286,1304,1303,91,89,88,1284,93,1285,95,1311,1320,96,1378,1456
1285,1305,1320,1286,92,91,89,88,95,1311,96,1378,1456,98,1304,1324
90,87,1116,85,667,83,99,97,103,565,106,82,564,530,108,666
1311,1285,1320,1305,93,92,91,89,96,1378,98,1456,1318,100,1324,1319
1311,1456,1285,1320,95,93,92,91,98,1378,100,1318,101,1333,1319,1305
99,94,90,1116,85,565,667,564,82,103,106,530,108,528,87,83
1378,1318,1311,1456,96,95,93,92,100,101,1333,102,1332,1445,1285,1319
94,90,87,85,97,565,667,1116,103,106,530,108,83,564,528,82
1318,1378,1311,1456,98,96,95,93,101,1333,102,1445,1332,104,1444,1388
1333,1318,1332,1378,100,98,96,95,102,1445,104,1444,105,1388,1406,109
1445,1333,1332,1388,101,100,98,96,104,1444,105,1406,109,1318,111,1628
97,99,94,90,565,667,528,564,106,530,108,114,527,1116,122,529
1444,1445,1406,1333,102,101,100,98,105,109,111,1628,1388,1332,1485,116
1444,1406,1445,1388,104,102,101,1333,109,111,1628,1485,116,1519,1332,115
103,97,99,94,530,565,528,512,108,114,527,122,120,667,564,90
112,124,1648,121,110,1661,123,1654,127,1653,1636,1649,129,125,1662,131
106,103,97,99,530,565,528,512,114,527,122,120,117,94,564,667
1406,1628,1519,1388,105,1444,104,1445,111,1485,116,1660,102,1495,115,1494
1661,112,1654,1653,107,123,127,129,131,1648,124,1649,121,1636,1662,132
1485,1628,1406,1494,109,105,1444,104,116,1495,115,1660,1650,113,1519,1445
124,1648,121,1636,113,107,110,1661,1654,123,1653,127,125,1649,1662,118
115,1495,1650,116,111,109,105,118,1624,125,121,1660,1629,1612,1636,1613
108,106,103,565,527,530,512,528,122,120,117,119,97,99,513,128
1495,1660,1485,1613,116,111,109,105,113,1650,1624,118,125,1612,1628,1494
1485,1660,1628,1494,111,109,105,1406,113,1495,115,1650,1624,1613,118,1444
120,122,527,512,114,530,513,505,514,494,119,126,128,506,589,130
1624,1650,1495,1612,113,115,116,111,112,107,1661,125,121,1629,1636,124
128,130,122,133,117,120,512,527,513,505,494,496,126,506,589,595
122,527,114,108,530,117,512,513,505,119,128,126,130,106,528,589
125,1629,1624,1644,118,113,115,116,112,1661,107,110,124,1636,1648,1662
114,108,530,106,120,527,117,512,128,126,130,589,119,103,528,513
1654,1653,131,1648,110,1661,107,112,127,129,1649,124,132,1636,1662,121
1636,125,1662,1629,121,118,113,115,112,1661,107,110,1648,1654,1649,1653
1629,1624,1612,1650,118,113,115,116,121,124,112,1661,1636,1662,1648,1644
128,130,133,138,119,117,513,120,506,783,494,505,589,593,595,594
1653,131,1649,132,123,1654,1661,110,129,139,1648,112,107,124,135,1662
130,138,140,117,120,122,527,126,589,119,506,593,133,594,134,595
131,132,1649,135,127,1653,123,1654,139,141,1661,110,1648,136,1643,112
140,142,143,117,120,122,527,128,593,589,126,133,134,620,594,595
132,135,136,1643,1653,1649,1654,1648,129,127,123,139,1657,141,144,1661
135,1643,1646,1647,1649,1654,1662,1648,131,1653,129,127,136,139,1657,141
138,140,142,143,130,128,117,120,593,594,589,126,134,620,137,621
138,140,143,142,133,130,128,126,620,593,594,583,137,621,602,623
1646,1647,1627,1639,1643,1649,1662,1654,132,131,1653,129,136,139,1657,141
1647,1646,1645,1639,135,132,1643,1649,131,129,127,139,1657,141,144,1627
138,140,143,142,134,133,130,128,620,593,583,594,621,602,623,619
140,142,143,130,137,134,133,620,621,145,623,602,146,593,619,594
1657,1647,1645,1639,136,135,132,1646,141,144,147,131,150,129,1640,1643
142,138,137,134,133,143,621,145,623,620,130,146,602,593,619,128
144,147,1645,150,139,1657,136,1647,135,1640,1639,1646,132,155,131,129
140,138,621,137,143,145,146,623,134,133,620,619,602,148,130,593
142,140,138,621,137,134,145,146,623,148,619,602,133,620,149,636
147,1645,150,1640,1657,139,1647,136,141,155,1639,135,1646,159,1638,132
143,142,138,140,623,621,619,137,146,148,149,636,602,134,620,622
145,621,143,142,623,619,636,602,148,149,154,730,137,622,138,140
150,155,1640,159,1645,1657,139,1647,144,141,1639,136,1638,163,1646,135
146,623,145,621,636,619,622,649,149,154,730,160,602,143,648,158
148,146,619,623,636,649,622,613,154,730,160,158,648,168,145,157
155,159,163,161,1640,1645,1657,1638,147,144,141,139,1639,1647,136,1625
153,162,1527,166,1596,1610,1617,1595,1626,1608,1659,1625,152,156,161,1638
153,162,166,1527,1626,151,1608,1596,1659,1625,1638,1609,156,161,163,159
162,1527,166,1528,1596,1610,1617,1529,151,152,1626,1608,156,161,163,1659
149,636,148,146,730,648,649,622,160,158,168,171,157,165,619,623
159,163,161,156,1640,1645,1638,1639,150,147,144,1657,141,1647,1625,1659
162,166,152,1659,1626,151,1638,1625,1640,1639,161,163,159,155,153,1608
165,168,160,171,158,648,730,649,706,654,705,686,739,738,358,365
160,168,730,154,649,149,648,654,705,613,157,165,171,706,739,173
163,161,1638,156,1639,1659,155,1640,150,1645,147,1625,144,1657,152,1647
154,149,636,148,158,730,648,157,168,171,165,173,649,706,739,654
156,1659,152,1626,1638,159,1640,155,163,1625,151,1639,1608,153,150,162
166,1528,169,167,1596,1527,1617,1523,153,151,152,1626,161,1610,1529,156
161,1638,156,1659,159,1640,155,150,152,1639,1625,1645,1626,147,151,1608
170,1591,172,1488,1512,1416,1513,1414,1523,1528,1529,1527,167,169,166,178
168,171,158,648,160,730,157,706,705,654,739,173,176,738,154,174
169,167,170,172,1528,1527,1523,164,162,153,1596,151,1529,1617,152,1610
170,172,178,1488,164,1523,1591,1512,1528,166,1527,1529,169,162,1596,1617
160,154,730,149,158,165,157,648,171,173,739,176,706,649,654,636
170,172,178,1488,167,164,1523,1529,1528,166,1527,162,1591,153,1596,1512
172,1488,178,180,1591,1416,1512,1415,164,167,169,1523,1528,166,1529,1527
168,160,158,154,165,739,157,706,173,176,174,177,648,730,738,705
178,180,1413,182,1488,1591,1416,1415,170,164,167,169,1512,1523,1528,1414
171,165,168,158,739,157,738,706,176,174,177,175,160,705,369,754
176,739,173,706,165,738,754,377,375,177,175,418,179,386,373,388
177,176,400,392,754,390,410,417,405,399,179,181,184,819,416,418
173,739,171,165,174,738,754,706,177,175,179,168,371,369,373,157
174,738,371,176,754,175,400,392,179,181,184,819,399,390,405,388
180,182,183,185,1488,1413,1415,1416,172,170,1591,164,167,1371,1392,187
418,416,417,175,415,409,404,398,181,184,186,826,410,405,397,399
182,183,185,1371,1413,1415,1392,1401,178,1488,172,1591,192,187,170,1416
179,415,418,409,819,414,408,413,184,186,826,188,416,403,404,412
183,1369,1356,1354,1413,1371,1392,1358,180,178,1488,1415,185,187,189,1470
1369,1354,1372,1350,1371,1356,1358,1392,182,180,1413,178,185,187,189,1470
181,179,415,418,819,413,414,412,186,826,188,190,408,409,416,403
1369,1372,1470,1355,183,182,1371,1413,180,178,1488,172,187,189,192,194
184,181,179,414,826,819,941,825,188,190,870,191,412,193,413,411
1372,1470,1355,1383,185,1369,183,182,180,178,1488,172,189,192,194,196
186,184,181,819,826,941,825,876,190,870,191,885,193,869,195,883
1470,1372,1383,1355,187,185,1369,183,180,178,192,194,198,196,1350,182
191,193,188,186,826,184,870,869,941,825,885,195,883,884,197,879
193,188,186,826,184,190,870,869,941,885,195,883,884,197,199,889
194,1383,196,198,1470,189,1372,187,1355,185,1442,1369,1471,1443,200,183
188,186,184,191,885,190,870,195,197,884,199,883,869,1014,826,889
196,198,1442,1471,1470,1383,189,1372,192,205,187,1355,200,1443,201,1369
193,191,190,188,885,883,870,869,197,884,199,1014,202,888,889,1017
1442,1471,200,201,1383,1470,1443,1372,194,192,189,198,205,206,203,1493
195,193,191,190,884,885,883,889,199,1014,202,888,1017,204,890,869
200,201,203,1493,1442,196,1471,1383,194,192,205,206,1487,208,1503,1470
197,195,193,191,1014,884,888,885,202,204,1017,890,207,883,1015,889
203,201,1493,1503,1442,1471,1383,1600,198,196,194,192,205,206,1487,208
1493,1503,1504,1601,1471,1600,1383,1443,200,1442,198,196,203,205,206,1515
199,197,195,193,1014,890,888,884,204,1017,207,1015,209,1016,1013,212
1493,1504,1515,1550,201,1442,1503,1471,200,198,196,194,205,206,1487,208
202,199,197,195,1017,1014,890,888,207,209,1015,212,1013,1016,1082,884
1515,1504,1550,1578,203,200,1493,201,206,1487,208,1514,198,1442,1503,210
1487,1515,1514,1578,205,203,1504,200,208,210,1489,211,1493,201,198,1571
204,202,1014,199,1017,1015,890,1013,209,212,1082,214,1138,1016,888,216
1487,1514,1515,1530,206,205,203,200,210,211,1489,213,215,1571,1504,1578
207,204,1017,202,1015,1082,890,1013,212,214,1138,216,1079,1014,1080,1145
1489,1514,1530,1570,208,206,1487,205,211,213,215,217,1515,1571,219,203
1489,1570,1514,219,210,208,206,1487,213,215,217,1530,205,221,1571,1573
209,1015,207,1017,1082,1079,1013,1080,214,1138,216,1145,204,218,1144,890
215,217,1489,219,211,210,208,206,1570,1530,1514,221,1487,1573,-1,-1
212,209,1015,207,1138,1082,1079,1080,216,218,1145,1144,220,1184,1148,1236
217,219,1570,221,211,1489,210,208,213,1530,1573,1514,223,1487,206,1571
214,212,209,1015,1138,1145,1079,1082,218,1144,220,222,1184,1236,1177,1148
219,1570,221,1530,1489,211,210,1514,215,213,1573,223,208,1593,225,1592
216,214,212,209,1144,1145,1138,1184,220,222,1177,1236,224,1079,1189,1321
221,223,1573,1593,1570,1489,1530,210,217,215,213,211,225,1572,1592,1514
218,216,214,1138,1144,1236,1145,1184,222,1177,224,1189,1321,226,1249,1343
223,225,1593,228,1570,1573,1530,1489,219,217,215,213,1572,1632,1592,233
220,218,216,214,1177,1236,1144,1184,224,1189,1321,226,227,1238,1145,1249
225,1593,228,1632,1573,1570,1572,1530,221,219,217,215,233,1633,1592,1580
222,220,1144,218,1177,1321,1236,1295,1189,226,227,1238,1249,229,1184,1253
228,233,1633,242,1593,1632,1573,1572,223,221,219,1570,1587,1580,1656,1592
1189,224,1177,222,1321,1238,1295,1249,227,229,1253,232,1236,220,1144,1184
226,1189,1321,224,1238,1253,1295,1294,229,232,231,230,1177,222,1236,1249
233,1633,242,1656,1593,1632,1587,1572,225,223,221,219,1573,244,1652,1580
227,1238,226,1189,1253,1295,1327,1294,232,231,230,234,1321,224,1326,1177
231,232,1327,1253,1294,229,1362,1363,1326,1296,234,241,243,1360,1297,1226
232,1253,229,1294,1238,230,1327,1326,1362,234,241,243,250,227,1363,1295
229,227,1238,1295,1253,1327,230,1294,231,234,241,243,226,1326,1321,1189
242,1656,244,245,1633,1632,1587,1652,228,225,1593,223,1580,1572,1586,1573
230,1327,231,1326,1363,1362,1297,1360,241,243,250,254,1296,232,1226,1253
240,249,253,1563,1561,1597,1566,1567,1511,1510,1497,1641,239,248,252,1508
1526,251,255,1559,1635,1541,1642,1525,1544,1547,1543,1586,247,238,237,246
247,251,1526,255,238,1547,236,1544,1586,1652,1546,1656,246,245,244,242
247,251,1526,255,236,1635,1544,1541,1547,1586,1543,1546,237,246,245,244
249,253,259,1563,235,240,1597,1561,1510,1511,1496,1641,248,252,1508,257
249,1563,253,1560,1561,1566,1567,1574,235,1597,1511,1497,239,259,248,262
234,230,1362,231,1363,1360,1297,1226,243,250,254,1449,1327,1326,232,1296
244,245,246,1656,1633,1652,1632,233,228,225,1593,1587,1586,1580,1546,237
241,1363,234,230,1360,1297,1452,1361,250,254,1449,258,1362,231,1327,1450
245,246,1656,1652,1586,1587,242,1633,233,228,237,1632,1546,1580,1547,1593
246,247,1586,237,1547,1546,1656,1652,242,1633,244,1587,233,238,1632,1580
247,251,255,237,238,1547,236,1586,1652,1656,1546,245,244,1587,242,1633
251,255,1559,256,236,1526,1635,1541,238,237,1544,1547,1642,246,1586,1543
259,253,249,262,239,235,1511,240,1510,1508,1496,1642,252,257,1559,256
1560,1605,1569,1562,1563,1568,1567,1566,240,1561,235,239,253,259,262,264
243,1363,241,234,1449,1360,1452,1361,254,258,1450,260,1297,1479,230,1362
255,256,257,1526,1559,1642,1541,247,236,238,1635,237,1544,1547,1508,246
259,262,253,1605,248,1510,239,1511,1508,1559,1642,1496,257,256,255,251
1605,1560,1562,1569,249,1563,1561,1568,240,235,239,248,259,262,264,271
250,1360,243,1363,1449,1450,1452,1479,258,260,261,1451,241,1361,1453,234
256,257,1559,1642,1508,252,251,1526,247,236,1635,238,1541,1544,237,248
257,1559,252,1508,255,251,1526,247,1642,248,236,1510,1635,1541,1496,238
262,259,252,1508,248,1510,1559,255,1642,1526,256,251,239,1496,247,1511
254,1449,250,1360,1450,1452,1453,1479,260,261,1451,263,243,1548,1361,1522
1605,1562,1581,271,253,1560,249,240,235,239,248,252,262,264,1563,1569
258,254,1449,1452,1451,1450,1453,1548,261,263,269,1522,250,1479,1360,1486
260,258,1450,254,1451,1522,1548,1453,263,269,268,1539,1449,1452,250,1479
264,1581,271,1583,259,1605,1562,253,235,239,248,252,1560,273,249,1582
261,260,258,1450,1451,1522,1539,1548,269,268,267,266,1453,1535,254,1502
271,1581,273,1583,1562,259,1605,253,262,248,239,252,275,1582,1622,1560
266,1540,267,1535,1534,1616,1598,1619,1655,270,272,274,1658,1590,1539,268
267,1535,1539,268,1540,1616,1598,1534,265,270,272,274,1522,1619,1655,269
268,269,1539,1535,1522,1502,1540,1534,1598,1616,266,265,270,272,1548,263
269,1522,263,1548,1451,1539,1535,1540,1502,267,266,265,270,261,1534,1486
263,261,1451,260,1522,1539,1548,1535,268,267,266,265,1502,1453,1540,1450
265,1616,266,1540,1619,1590,1620,1655,272,274,1658,278,1598,1589,1631,267
273,275,1622,276,1581,1583,1562,1605,264,262,259,1582,1585,253,1623,1560
270,265,1616,266,1619,1620,1590,1589,274,1658,278,1631,280,1651,1540,279
275,1622,276,1623,1581,1583,1562,1585,271,264,262,1605,1582,277,259,1606
272,270,265,1616,1658,1619,1620,1651,278,1631,280,279,266,1623,1589,277
276,277,279,1631,1622,1583,1623,1585,273,271,1581,264,1651,1582,1562,1606
277,279,280,278,1623,1585,1651,1631,275,1622,273,1583,1581,271,1606,1582
279,280,1623,1651,1631,1658,276,1622,275,1585,1583,273,278,1606,1620,1582
274,272,270,1619,1631,1658,1651,1620,280,279,277,1623,265,1606,1585,1616
280,1631,1651,278,1658,277,1623,276,1622,1585,274,1620,275,1606,272,1583
278,1658,274,272,1631,279,1651,277,1623,1620,276,1619,1585,1622,270,1606
293,295,297,300,282,283,284,459,457,461,464,460,292,291,294,296
283,284,285,286,459,463,462,471,457,461,464,460,281,292,291,294
284,285,286,287,463,471,462,467,459,457,461,464,282,281,292,291
285,286,287,288,463,471,462,467,459,457,461,464,283,282,281,292
286,287,288,289,463,471,467,718,459,457,462,461,284,283,282,281
287,288,289,290,463,471,467,718,459,457,462,464,285,284,283,282
288,289,290,293,463,471,467,718,459,457,462,464,286,285,284,283
289,290,293,295,471,467,718,603,463,459,457,462,287,286,285,284
290,293,295,297,471,467,718,603,463,459,457,462,288,287,286,285
293,295,297,300,471,467,718,603,289,288,287,286,281,292,291,294
292,293,295,297,281,282,283,284,457,461,460,464,294,296,299,298
293,295,297,300,281,282,283,284,457,461,464,460,291,294,296,299
295,297,300,302,471,467,718,603,290,289,288,287,294,296,299,298
296,299,295,297,291,292,281,282,457,461,460,464,298,301,304,458
297,300,302,303,471,467,718,603,293,290,289,288,296,299,298,324
299,331,297,332,294,291,292,281,458,457,461,460,298,301,304,306
300,302,303,305,295,471,467,603,293,290,289,288,325,324,299,334
331,332,330,333,299,296,294,291,458,457,461,460,301,304,306,308
331,332,322,333,296,294,291,292,458,457,461,460,298,301,304,306
302,303,305,307,297,295,471,467,293,290,289,288,325,324,334,323
304,306,331,332,298,299,296,294,458,457,461,460,308,310,312,314
303,305,307,309,471,467,603,718,300,297,295,293,325,324,334,323
305,307,309,311,471,467,603,718,302,300,297,295,325,324,334,336
306,331,332,330,301,298,299,296,458,457,461,460,308,310,312,314
307,309,311,313,303,471,532,467,302,300,297,295,325,324,334,336
331,332,330,329,304,301,298,299,458,457,461,460,308,310,312,314
309,311,313,315,471,532,467,603,305,303,302,300,325,334,324,336
331,330,332,329,306,304,301,298,458,548,457,461,310,312,314,317
311,313,315,316,479,471,532,467,307,305,303,302,325,334,336,324
312,314,317,319,308,306,304,301,458,548,457,461,321,327,328,486
313,315,316,318,309,479,471,532,307,305,303,302,325,334,336,337
314,317,319,331,310,308,306,304,458,548,457,461,321,327,328,486
315,316,318,320,479,471,532,467,311,309,307,305,339,334,337,336
317,319,331,330,312,310,308,306,458,548,457,461,321,327,328,486
316,318,320,326,479,471,532,603,313,311,309,307,339,337,336,334
318,320,326,335,479,471,532,603,315,313,311,309,339,337,336,341
319,329,330,331,314,312,310,308,458,548,457,461,321,327,328,486
320,326,335,338,479,471,532,603,316,315,313,311,339,341,337,343
329,330,331,332,317,314,312,310,486,458,548,469,321,327,328,549
326,335,338,340,318,479,471,532,316,315,313,311,339,341,343,344
328,329,330,331,319,317,314,312,486,548,458,469,327,549,487,546
334,336,337,535,323,324,325,313,319,321,317,314,333,332,331,330
324,325,334,336,315,313,311,320,319,317,314,312,322,333,332,331
325,334,336,337,315,313,320,316,319,317,314,312,323,322,333,332
334,336,337,339,320,315,318,316,324,323,319,321,322,333,332,535
335,338,340,342,479,471,532,603,320,318,316,315,343,344,341,339
328,329,330,536,321,319,331,317,486,548,458,469,549,487,546,489
329,536,535,336,330,319,331,317,327,321,486,548,549,487,546,489
535,336,337,339,330,331,332,333,327,321,319,317,328,536,549,487
535,336,337,339,331,332,333,322,321,319,327,317,329,328,536,549
332,333,334,336,322,323,324,325,319,321,317,314,330,329,328,327
333,334,336,535,322,323,324,325,319,321,317,314,331,330,329,328
334,336,337,535,322,323,324,325,319,321,317,314,332,331,330,329
336,337,339,341,320,318,316,315,325,324,323,322,535,330,329,328
338,515,516,560,477,479,532,471,326,320,318,316,340,342,345,344
337,339,341,343,320,326,318,316,334,325,324,323,535,536,550,549
339,341,343,344,320,326,318,335,336,334,325,324,535,536,550,549
515,516,560,531,335,477,479,532,326,320,318,316,340,342,345,347
341,343,344,346,320,326,338,335,337,336,334,325,535,536,550,549
515,516,560,567,338,335,477,479,326,320,318,339,342,345,347,346
343,344,346,347,340,338,335,326,339,337,336,334,535,536,550,549
345,515,516,560,340,338,335,477,341,326,320,339,347,346,344,343
344,346,347,345,342,340,338,335,341,339,337,336,535,561,536,550
346,347,345,515,342,340,338,335,343,341,339,337,535,561,536,550
515,516,560,567,342,340,338,335,344,343,341,326,347,346,535,561
347,515,516,560,345,342,340,338,344,343,341,339,535,561,536,550
515,516,560,566,345,342,340,338,346,344,343,341,535,561,550,580
349,352,353,355,741,755,707,686,709,708,723,704,351,350,354,359
352,353,355,356,741,755,707,705,348,709,708,723,351,350,354,359
355,356,357,360,351,348,349,352,709,723,708,704,354,359,366,368
352,353,355,356,348,349,741,755,709,708,723,704,350,354,359,366
353,355,356,357,741,755,707,705,349,348,351,709,350,354,359,366
355,356,357,360,755,707,705,686,352,349,348,351,350,354,359,366
360,361,390,388,350,351,348,349,709,723,708,704,359,366,368,370
356,357,360,361,755,705,686,706,353,352,349,348,354,359,366,368
357,360,361,362,755,705,686,706,355,353,352,349,354,359,366,392
360,361,362,363,755,705,686,706,356,355,353,352,390,354,359,392
738,739,174,165,705,706,686,157,755,356,355,353,365,364,367,363
409,392,390,400,354,350,351,348,709,723,708,704,366,368,370,372
361,362,363,371,364,755,358,705,357,356,355,353,388,390,392,400
362,363,367,371,364,358,755,705,360,357,356,355,377,386,388,390
363,367,369,365,364,358,705,706,360,357,356,755,361,375,377,386
367,365,369,738,364,358,705,706,360,357,755,356,362,361,371,373
365,738,739,174,358,705,706,686,755,357,356,355,363,367,362,369
738,739,174,165,358,705,706,686,364,363,362,361,367,369,371,373
398,404,409,400,359,354,350,351,709,722,723,708,368,370,372,374
738,174,739,176,365,364,358,705,363,362,361,360,369,371,373,375
398,404,409,415,366,359,354,350,722,709,723,704,370,372,374,376
738,174,739,176,367,365,364,358,363,362,361,360,371,373,375,377
397,398,404,409,368,366,359,354,722,709,723,704,372,374,376,385
738,174,739,176,369,367,363,365,362,361,360,357,373,375,377,386
397,398,404,409,370,368,366,359,722,723,704,708,374,376,385,384
738,174,177,739,371,369,367,363,362,361,360,357,375,377,386,388
396,397,398,404,372,370,368,366,722,723,704,708,376,385,384,383
738,177,174,739,373,371,369,367,361,360,357,356,377,386,388,390
396,397,398,404,374,372,370,368,722,721,723,704,385,384,383,395
754,177,174,739,375,373,371,369,360,357,356,355,386,388,390,392
406,407,411,412,379,380,381,382,721,704,703,698,387,389,391,393
380,381,382,383,722,376,374,372,721,704,703,723,378,387,389,391
381,382,383,384,722,376,374,372,721,704,703,723,379,378,387,389
382,383,384,385,722,376,374,372,721,704,703,723,380,379,378,387
383,384,385,394,376,374,372,370,722,721,704,723,381,380,379,378
384,385,394,395,376,374,372,370,722,721,704,723,382,381,380,379
385,395,394,396,376,374,372,370,722,721,704,723,383,382,381,403
395,396,397,398,376,374,372,370,722,721,704,723,384,383,382,394
754,177,174,739,377,375,373,371,360,357,356,355,388,390,392,400
402,406,407,411,378,379,380,381,721,703,704,756,389,391,393,401
754,177,174,739,386,377,375,373,357,356,355,353,390,392,400,399
402,406,407,411,387,378,379,380,721,703,704,756,391,393,401,820
754,177,174,176,388,386,377,375,356,355,353,352,392,400,399,405
401,402,406,407,389,387,378,379,721,703,704,756,393,820,825,877
754,177,174,176,390,388,386,377,355,353,352,368,400,399,405,410
401,402,406,407,391,389,387,378,721,703,704,756,820,825,877,867
404,409,415,418,395,396,397,385,384,383,382,381,403,408,414,413
398,404,409,415,396,397,376,374,385,384,383,382,394,403,408,414
397,398,404,409,372,370,368,366,385,376,384,374,395,394,403,408
398,404,409,415,368,366,400,359,385,376,384,374,396,395,394,403
404,409,415,418,400,392,359,390,397,396,395,385,394,403,408,414
175,177,174,176,400,392,390,388,398,397,396,395,405,410,417,416
754,177,174,176,392,390,388,386,355,353,368,370,399,405,410,417
402,406,407,411,389,387,378,379,393,391,721,703,820,825,877,826
406,407,411,412,378,379,380,381,401,393,391,389,820,825,877,826
409,415,418,416,394,395,396,397,383,382,381,380,408,414,413,412
409,415,418,416,399,400,392,390,398,397,396,395,403,408,414,413
175,177,174,176,399,400,392,390,404,398,397,396,410,417,416,418
407,411,412,413,379,380,381,403,402,401,393,391,820,825,877,826
411,412,413,414,408,403,380,381,406,402,401,393,820,825,826,877
409,415,418,416,403,394,395,396,383,382,406,381,414,413,412,411
415,418,416,417,405,399,400,392,404,398,397,396,414,413,181,412
175,177,174,176,405,399,400,392,409,404,398,397,417,416,418,415
412,413,181,415,414,408,403,394,407,406,402,401,819,820,825,826
415,181,418,179,413,414,408,403,411,407,406,402,819,820,825,826
415,181,418,179,414,408,403,394,411,407,406,402,412,819,820,825
415,418,181,416,408,403,394,395,407,406,402,382,413,412,411,819
418,179,175,177,416,417,410,405,409,404,398,397,181,819,184,186
175,177,174,176,417,410,405,399,409,404,398,397,418,415,179,181
175,177,174,176,410,405,399,400,409,404,398,397,416,418,415,179
175,177,174,176,416,417,410,405,415,409,404,398,179,181,819,184
421,422,424,425,800,862,802,47,911,56,48,59,420,423,426,429
421,422,424,425,419,800,862,802,911,56,48,59,423,426,429,432
422,424,425,427,800,862,802,47,419,911,56,48,420,423,426,429
424,425,427,428,800,862,802,786,419,911,56,48,421,420,423,426
424,441,425,443,420,419,421,422,912,56,48,59,426,429,432,435
425,427,428,430,800,862,802,786,422,421,419,420,423,426,429,432
427,428,430,431,800,862,802,786,424,422,421,419,426,429,446,445
429,437,441,443,423,420,421,419,912,56,48,59,432,435,436,935
428,430,431,433,800,786,802,45,425,424,422,421,446,448,447,445
430,431,433,434,800,786,802,45,425,424,422,421,427,449,448,446
437,441,443,445,426,423,420,421,912,56,48,59,432,435,436,935
431,433,434,438,800,786,802,787,428,427,425,424,450,449,448,446
433,434,438,439,800,786,802,787,428,427,425,424,430,450,449,448
436,437,441,443,429,426,423,420,912,56,936,59,435,935,1103,938
434,438,439,440,800,786,802,787,431,430,428,427,451,450,449,448
438,439,440,442,800,786,802,787,431,430,428,427,433,452,451,450
436,437,441,443,432,429,426,423,912,56,936,59,935,938,974,982
437,441,443,445,432,429,426,423,435,912,56,936,935,1103,938,974
441,443,445,446,429,426,423,420,432,435,912,56,436,1103,935,938
439,440,442,444,786,802,787,759,434,433,431,430,453,452,451,450
440,442,444,454,786,802,787,759,438,434,433,431,453,452,451,450
442,444,454,456,786,802,787,759,438,434,433,431,439,453,455,452
443,445,446,447,423,420,421,422,437,436,432,435,1103,935,938,974
444,454,456,758,440,801,786,802,439,438,434,433,455,453,452,451
445,446,447,448,420,425,427,421,441,437,436,432,1103,935,974,938
454,456,758,757,442,440,801,786,439,438,434,433,455,453,452,451
446,447,448,449,427,425,428,430,443,441,437,436,1103,935,974,938
447,448,449,450,427,430,425,428,443,441,437,436,445,1103,935,974
448,449,450,451,427,430,428,433,446,445,443,441,1103,974,938,982
449,450,451,452,430,433,427,431,446,445,443,441,447,1103,1168,974
450,451,452,453,433,430,431,434,446,445,443,441,448,447,1103,1168
451,452,453,455,433,430,438,434,446,445,427,443,449,448,447,1103
452,453,455,454,444,439,442,438,430,446,445,428,450,449,448,447
453,455,454,456,444,442,439,438,431,430,446,428,451,450,449,448
455,454,456,758,444,442,439,440,433,431,430,428,452,451,450,449
456,758,757,859,444,442,440,801,439,438,434,433,455,453,452,451
456,758,859,810,454,444,442,439,453,452,451,438,872,1103,1168,974
758,859,810,782,454,444,442,440,453,452,451,439,455,872,1103,1168
459,291,281,292,462,481,467,468,464,460,474,465,458,461,548,486
296,298,301,299,294,291,292,281,461,460,483,465,548,486,469,487
283,284,285,286,463,462,467,468,457,464,460,481,282,281,292,291
457,458,459,291,474,464,475,462,466,521,484,520,465,461,483,470
548,458,294,291,460,457,459,464,465,470,466,484,483,469,488,504
463,467,285,286,468,480,472,653,481,464,482,475,457,459,284,283
288,289,290,293,467,468,718,472,462,457,464,481,459,287,286,285
462,457,459,463,481,482,468,497,474,475,521,466,460,461,465,458
461,457,469,548,460,466,474,521,484,503,552,586,470,483,504,524
474,460,464,461,521,551,475,740,520,552,588,553,484,465,470,503
471,603,473,479,718,472,525,653,462,468,481,480,463,290,289,293
467,718,525,471,480,472,653,534,481,482,475,541,462,464,463,457
487,486,549,327,548,461,458,314,488,483,504,465,485,489,502,501
483,488,461,469,465,484,466,552,503,596,586,598,524,504,510,502
532,477,478,476,603,718,473,562,467,463,459,462,295,479,293,297
525,718,473,500,534,533,557,590,480,653,482,541,468,467,462,481
562,490,476,491,500,590,499,533,718,525,472,467,603,471,532,479
464,457,462,459,475,481,482,497,521,466,551,520,460,465,461,484
481,464,462,468,497,482,541,480,551,520,543,740,521,474,466,460
491,492,496,507,490,493,500,499,562,603,473,471,478,532,531,477
516,478,531,567,532,603,476,718,326,479,320,318,335,338,340,515
531,492,507,582,476,491,562,490,532,477,603,479,516,515,335,338
477,515,478,516,471,532,603,718,307,305,303,302,309,313,311,315
472,467,533,525,653,534,627,557,482,541,497,554,468,481,462,475
468,462,467,463,482,480,541,472,475,497,521,551,464,474,457,460
480,468,462,472,541,653,627,554,497,542,551,543,481,475,464,474
469,548,458,487,461,465,460,466,470,524,484,503,488,504,485,502
465,483,460,461,552,466,520,521,586,553,658,587,503,470,524,596
489,487,519,546,469,483,548,461,488,502,504,511,501,508,517,518
327,321,319,328,317,314,312,310,548,469,461,483,549,487,546,489
549,546,536,550,486,548,327,328,469,485,488,461,489,519,547,501
485,469,489,487,483,461,548,465,504,470,524,510,502,501,511,508
546,549,547,550,487,469,548,486,485,488,502,483,519,501,517,545
493,491,496,495,499,498,591,673,500,473,590,525,562,476,603,492
496,494,505,513,493,495,498,499,476,490,562,603,492,507,478,531
507,494,783,506,491,496,493,490,478,476,532,562,531,582,516,567
496,495,505,514,498,556,671,673,490,499,562,500,491,476,494,492
506,513,119,126,496,505,493,495,492,491,476,478,507,783,531,582
514,505,513,512,556,529,671,605,493,498,490,499,496,491,494,492
505,513,506,512,495,514,498,556,491,493,490,476,494,492,507,783
482,481,480,468,542,541,554,555,543,544,740,571,475,551,521,474
495,556,605,514,673,671,672,675,591,499,592,500,493,490,496,491
498,493,671,495,591,559,592,673,590,525,563,533,500,490,562,473
490,493,498,491,499,590,559,591,525,533,472,534,473,562,603,718
517,519,545,546,485,489,488,469,508,502,511,509,518,572,574,575
485,501,489,517,488,504,483,469,510,524,522,596,511,508,509,526
470,504,465,483,484,552,553,466,586,598,798,658,524,596,765,522
488,485,469,501,470,483,465,484,524,596,503,522,502,510,511,508
513,512,119,117,514,556,529,528,496,495,493,491,494,506,507,492
126,589,128,593,119,513,117,505,494,507,496,492,783,595,594,600
783,506,595,600,494,491,496,513,492,478,516,476,531,582,567,569
501,518,517,519,502,485,488,489,509,511,526,510,572,538,573,637
508,572,518,501,511,502,510,485,526,537,523,522,538,540,637,616
502,488,508,485,524,596,504,503,522,523,765,597,511,526,509,537
508,501,485,518,502,510,504,488,526,522,523,537,509,538,572,540
527,120,122,114,528,530,529,565,514,505,495,556,513,117,119,126
119,117,120,128,512,514,528,530,505,494,496,495,506,126,589,783
512,528,530,527,529,605,564,565,556,495,671,493,505,513,496,494
516,560,567,531,477,478,532,471,345,347,342,340,561,566,580,550
531,567,582,507,478,532,492,476,515,477,345,340,560,561,568,566
545,547,609,610,519,489,485,546,518,501,508,572,574,575,577,573
517,574,577,545,501,519,502,485,572,508,509,538,575,573,637,576
547,584,610,585,489,546,487,549,501,485,508,488,517,545,574,518
521,466,474,475,740,551,543,497,588,604,587,646,552,553,484,586
474,464,460,481,551,475,497,543,520,740,588,604,466,552,465,484
510,511,504,502,596,524,598,503,765,597,727,975,523,526,537,539
526,510,511,509,522,765,596,598,597,975,827,727,537,539,615,651
504,483,488,502,470,503,484,465,596,598,765,586,510,522,511,523
473,500,562,499,533,590,563,559,472,534,653,468,718,603,467,471
509,511,508,572,510,522,502,765,537,523,539,975,538,540,615,616
122,114,530,108,106,103,512,528,513,514,120,117,119,126,565,505
530,527,103,106,565,564,97,667,529,514,605,556,512,505,120,513
528,565,530,103,605,564,665,666,556,671,498,675,514,495,512,505
106,108,114,565,103,97,99,528,564,529,514,527,512,122,120,117
582,783,569,600,507,492,476,494,516,478,477,515,567,560,568,645
478,492,531,507,603,476,562,473,471,303,302,300,477,479,316,318
590,500,559,499,563,558,65,66,534,557,653,480,525,472,473,718
533,525,590,500,558,563,49,52,557,653,627,579,472,480,468,718
561,515,560,516,337,336,339,341,324,323,322,333,550,549,580,546
535,550,561,347,329,330,331,332,328,327,321,319,549,546,585,489
526,538,509,511,523,522,597,510,539,975,651,670,615,540,618,652
572,637,573,518,509,526,508,511,540,537,615,618,616,617,681,638
537,526,540,538,975,523,597,827,670,669,724,684,615,651,652,618
538,616,637,572,537,526,509,523,615,652,539,651,618,617,719,638
480,653,468,534,627,554,557,624,542,555,543,544,482,497,481,475
541,482,627,480,555,554,626,624,544,625,571,570,497,543,551,475
497,475,541,482,544,542,555,625,571,604,570,630,551,740,520,521
542,554,497,541,555,625,632,626,570,630,690,628,543,571,740,551
610,584,655,657,547,519,546,585,517,518,501,485,609,574,577,607
585,580,674,656,549,550,536,486,487,489,469,485,547,519,584,545
584,585,656,657,546,549,550,487,519,517,489,501,545,610,609,574
486,310,312,314,458,306,304,301,461,483,460,465,469,487,489,488
550,585,580,561,536,328,327,486,487,548,489,469,546,547,519,584
580,674,566,560,535,561,330,331,549,536,329,328,585,546,547,584
475,474,482,481,543,497,542,544,740,571,588,604,521,520,466,552
466,465,474,460,520,521,740,604,553,588,587,658,484,586,503,470
552,484,466,521,588,646,520,604,587,658,659,910,586,798,503,598
627,579,653,557,624,640,639,642,555,626,625,544,542,541,497,543
554,541,627,482,626,624,642,639,625,632,570,631,542,544,543,497
529,514,528,564,671,605,665,675,498,673,591,490,495,493,505,496
534,533,563,525,579,558,49,52,627,624,640,554,653,480,541,472
563,66,590,559,52,60,65,63,49,579,46,627,557,534,533,653
591,672,673,498,592,68,66,69,563,65,533,60,590,499,500,525
567,568,569,612,516,477,531,478,561,515,347,345,566,644,580,678
560,566,568,567,346,347,344,343,535,341,339,337,580,550,674,585
476,491,493,492,490,500,499,590,473,718,525,467,603,532,478,471
559,592,499,591,65,66,60,63,558,52,557,49,590,533,534,525
565,97,530,103,667,666,1116,82,605,665,556,671,529,528,514,512
97,103,106,99,667,1116,94,90,564,529,605,666,528,530,527,512
644,568,612,611,560,515,567,345,580,561,550,347,678,674,676,585
569,645,600,581,582,531,507,478,516,560,515,477,568,566,644,612
645,581,601,599,567,569,516,582,560,566,561,515,644,612,678,611
581,583,594,599,600,582,783,595,567,531,560,516,645,568,612,601
625,544,555,626,631,632,680,32,628,629,29,633,630,571,690,635
543,551,542,497,544,570,625,555,630,690,635,629,740,604,634,588
518,573,575,517,508,511,501,502,509,538,526,540,637,616,578,681
575,576,574,577,518,517,508,501,637,572,538,616,578,681,688,717
609,607,610,655,517,545,519,501,518,573,572,508,575,577,576,608
577,609,608,607,574,518,517,545,573,572,637,508,576,578,717,688
608,607,696,606,575,577,574,609,578,573,637,681,717,688,745,774
607,606,655,694,609,574,545,610,575,573,518,578,608,576,717,696
576,717,577,608,573,575,572,518,681,637,616,638,688,687,702,774
558,534,60,533,49,46,43,52,640,624,554,639,557,627,653,541
566,678,644,676,561,535,560,346,550,549,536,546,674,585,656,584
583,599,602,622,600,594,582,595,645,569,568,567,601,612,613,611
600,595,594,589,783,507,492,506,531,516,478,560,569,567,568,581
602,134,137,619,594,620,593,595,581,600,569,645,599,622,601,613
657,656,710,685,585,546,674,580,547,545,519,574,610,609,655,607
674,656,678,676,580,550,566,561,547,546,549,519,584,657,610,545
503,484,524,470,553,552,587,588,658,798,659,910,598,596,727,765
553,588,552,520,646,634,604,647,659,689,693,692,658,586,910,798
520,552,551,521,604,740,690,571,587,646,634,659,553,658,586,484
128,593,130,133,126,119,117,513,506,783,494,507,595,594,600,620
499,591,490,498,559,563,66,592,533,534,558,557,500,525,473,472
673,498,671,556,592,672,69,675,559,68,590,66,499,500,490,493
672,673,675,74,69,70,72,68,66,63,563,591,559,499,590,65
130,133,134,137,128,126,119,117,589,595,506,600,594,620,583,602
620,134,133,137,593,595,589,130,600,783,569,582,583,581,602,599
593,128,130,620,589,506,126,119,783,582,507,494,594,600,583,569
524,504,470,502,503,586,484,552,765,598,597,727,522,510,523,511
523,522,596,510,765,727,598,798,827,669,683,728,975,539,670,537
596,503,524,470,586,658,553,484,798,727,728,683,765,522,597,827
622,602,619,636,583,620,600,594,581,601,645,612,613,649,614,730
594,583,593,620,595,783,589,506,582,567,507,531,569,581,645,599
613,599,622,649,645,581,569,583,612,611,644,568,614,654,677,686
621,623,146,148,620,137,134,594,583,599,581,600,619,622,636,613
476,478,491,492,473,562,500,525,718,467,463,472,532,471,479,477
740,520,543,551,571,630,544,629,634,690,647,635,588,646,587,553
564,528,667,565,666,76,77,79,665,671,675,673,529,556,514,495
695,832,723,704,655,609,710,610,607,608,577,717,694,696,698,699
606,655,832,695,609,610,545,657,577,574,576,575,608,696,694,717
606,694,695,832,577,607,609,655,576,575,578,573,696,717,745,699
655,657,710,832,610,545,584,547,574,575,517,518,607,577,608,606
657,710,832,685,584,547,656,585,545,574,519,517,609,655,607,577
614,601,613,654,612,644,645,568,678,676,674,566,677,686,685,707
601,599,613,583,645,568,581,569,644,678,566,560,611,614,676,677
649,622,636,648,599,581,602,583,601,614,611,612,654,686,157,706
613,654,649,648,601,612,599,645,611,677,676,644,686,707,705,755
540,538,616,509,537,539,526,975,651,670,736,724,652,618,617,720
637,681,573,578,538,572,509,526,617,540,618,719,638,711,687,701
616,638,681,637,540,538,615,537,618,719,652,720,711,729,701,733
617,616,638,538,615,540,537,539,652,720,651,736,719,711,729,842
623,148,146,145,602,621,137,620,622,599,583,613,636,149,649,730
134,137,138,621,593,133,130,589,594,595,600,581,583,602,619,599
145,143,142,137,138,134,140,602,620,583,599,623,619,146,148,622
636,619,148,149,602,583,621,137,599,613,601,581,649,730,648,654
146,145,621,143,137,138,619,602,622,599,148,636,149,154,142,140
627,579,557,49,640,639,40,43,626,642,679,625,554,555,541,542
555,626,542,554,632,642,641,639,570,631,680,628,544,571,543,497
624,554,640,627,642,639,679,643,625,632,641,631,555,542,544,543
557,653,534,558,579,640,49,46,554,624,542,555,541,480,482,497
631,570,632,625,680,32,30,641,29,633,22,664,629,630,660,635
630,570,571,544,628,633,29,32,664,661,663,874,660,635,690,647
571,544,625,740,570,628,631,680,629,635,660,664,690,634,604,647
632,625,642,626,641,30,27,25,680,32,628,29,570,629,544,630
626,555,639,554,642,641,679,27,631,680,30,628,625,570,544,542
628,680,631,570,29,22,32,20,874,661,650,668,664,629,660,663
604,588,740,520,690,635,571,630,647,689,662,660,646,587,659,553
690,630,604,571,629,664,570,633,660,662,663,691,647,634,689,646
149,148,146,619,623,602,621,622,649,613,599,730,154,648,160,158
573,578,575,576,572,518,509,508,616,538,540,617,681,638,688,687
681,687,688,578,616,637,540,538,711,617,719,618,701,733,873,734
40,640,43,46,38,36,34,31,679,642,643,632,624,626,554,555
46,579,49,52,43,40,38,639,36,626,679,624,627,554,555,557
642,679,626,36,643,25,26,34,27,30,32,29,631,632,680,625
639,624,40,640,679,643,34,36,641,631,27,25,632,626,625,555
34,679,36,639,26,31,23,25,27,30,32,641,642,632,631,38
612,645,601,614,568,560,569,567,566,674,580,561,678,611,676,677
581,599,583,613,569,600,582,594,568,644,567,566,612,601,611,678
588,740,552,520,634,647,604,690,689,693,662,692,587,659,553,658
634,690,604,588,635,660,630,629,662,692,691,663,689,646,659,587
158,730,160,168,649,636,149,622,654,613,686,614,157,165,706,705
730,636,149,154,622,619,599,623,613,614,601,611,648,654,158,157
20,22,633,29,16,18,15,14,12,818,10,668,874,661,907,789
615,618,537,540,670,539,975,669,724,761,684,737,652,736,720,762
618,540,617,711,651,615,539,670,736,724,762,761,720,719,843,842
534,472,533,525,557,579,558,49,627,541,554,624,480,482,468,481
648,157,158,730,649,613,636,622,686,614,677,611,706,705,358,365
832,710,708,723,610,657,584,656,607,609,577,545,606,695,608,694
676,685,677,611,674,678,580,566,584,585,547,545,657,710,610,655
685,708,707,677,656,585,676,674,610,584,609,545,710,655,832,607
553,586,552,503,587,646,588,689,659,910,742,693,798,598,728,727
587,658,553,588,689,646,647,634,693,692,806,716,910,798,742,728
635,630,690,634,664,629,661,633,663,714,712,713,662,647,691,689
664,633,29,629,874,668,650,22,714,907,818,726,663,660,713,712
647,635,634,690,660,663,664,629,691,712,715,713,689,692,693,659
660,635,629,647,664,661,907,633,713,714,725,726,712,662,691,715
629,628,630,690,633,874,29,668,661,714,907,713,660,663,635,662
605,666,564,667,76,77,79,82,675,74,673,72,671,556,529,498
667,1116,565,85,77,79,82,83,665,76,74,675,605,564,529,671
97,90,94,99,1116,83,82,85,666,79,605,77,564,565,528,529
874,20,22,633,650,14,12,16,818,789,10,8,907,661,714,664
975,597,539,523,827,683,727,764,976,684,682,780,670,724,651,737
539,615,537,523,669,975,976,827,684,737,682,747,651,724,736,652
605,529,514,564,665,675,76,74,673,672,591,592,556,498,495,493
675,671,76,665,72,70,74,592,69,68,559,673,591,498,499,66
671,665,556,605,672,675,72,74,591,592,69,559,498,499,495,493
678,676,644,611,580,566,561,560,585,550,547,546,656,584,685,657
665,605,666,79,74,72,76,77,672,70,69,592,673,671,591,556
677,611,614,686,678,644,566,612,674,656,580,585,685,657,707,710
614,686,654,613,611,678,644,601,676,685,656,674,707,755,741,708
611,612,601,614,644,566,568,560,674,580,585,561,676,656,677,685
639,38,40,640,36,34,31,23,643,641,26,25,642,626,632,631
631,632,625,642,30,641,27,25,32,29,22,633,628,570,629,630
578,688,576,717,637,573,538,572,638,616,617,711,687,702,701,873
976,684,669,827,780,749,683,764,748,751,753,779,747,737,750,724
827,727,597,975,764,728,742,798,780,778,749,781,976,669,682,684
669,670,651,975,976,827,780,683,682,747,748,750,724,737,761,736
677,707,741,686,676,674,678,611,657,656,584,655,710,708,832,709
705,654,706,157,614,613,649,611,677,707,685,676,755,358,364,365
702,688,774,871,681,578,616,637,701,638,711,617,873,700,735,734
774,717,745,746,578,576,573,637,687,681,638,701,702,873,871,735
646,634,587,604,647,662,635,690,692,691,716,715,659,693,910,658
604,571,740,544,630,629,570,628,635,647,660,662,634,646,588,689
662,689,647,635,663,713,660,714,712,715,772,805,692,716,693,806
689,659,647,646,691,662,712,635,715,805,772,875,693,716,806,910
659,658,646,587,692,689,691,647,716,715,805,804,910,806,742,803
698,695,704,703,606,607,832,655,696,608,745,717,699,697,743,756
704,723,721,722,832,655,710,708,694,606,696,607,698,697,703,699
694,698,695,697,608,606,607,577,717,576,774,688,745,699,746,824
756,703,877,721,698,694,704,695,699,696,745,744,743,824,844,845
703,704,721,877,695,606,723,832,694,699,696,745,697,756,743,824
697,743,698,756,694,696,608,606,745,746,774,717,824,744,845,822
735,702,766,871,873,701,687,638,734,784,733,795,731,732,816,767
687,873,702,735,638,681,617,616,711,733,729,719,734,700,784,732
774,746,745,744,688,717,681,578,873,687,700,701,871,735,821,766
721,820,391,393,704,695,722,723,697,698,743,694,756,877,844,867
721,722,378,379,723,832,709,708,695,698,694,606,703,697,756,877
706,739,157,165,654,648,614,649,755,686,741,348,358,365,364,367
157,165,739,168,654,648,158,730,705,686,755,741,358,365,738,364
755,686,355,356,677,676,614,611,708,685,710,832,741,709,348,349
709,707,741,348,685,677,656,676,710,832,657,655,723,722,695,704
351,350,348,354,741,707,685,686,723,708,832,710,722,372,374,376
708,707,709,677,657,685,656,676,655,610,584,607,832,723,695,606
638,701,687,681,617,618,616,540,719,729,720,842,733,734,785,784
691,662,660,689,713,663,714,726,725,772,771,773,715,692,805,716
663,662,664,660,714,907,661,789,725,726,773,771,712,691,772,715
661,663,664,660,907,668,789,818,726,773,790,791,713,725,712,662
691,692,662,693,712,725,713,663,772,875,833,771,805,716,804,1128
693,689,910,742,692,715,691,712,805,804,1128,875,806,803,809,778
696,699,694,606,576,608,577,575,688,578,681,687,745,774,702,746
473,603,562,532,525,500,533,590,472,468,462,480,467,471,463,290
711,617,638,616,618,652,540,615,720,842,736,843,729,733,853,785
719,618,617,711,652,736,651,615,843,762,761,882,842,729,853,852
387,378,389,391,722,374,372,370,703,704,698,695,820,877,825,756
382,383,384,374,359,709,354,350,723,704,695,832,381,380,379,378
709,722,366,359,708,710,707,685,832,695,606,655,704,721,378,387
651,652,539,615,670,684,669,975,737,747,752,748,761,736,762,763
713,712,663,691,726,714,790,907,773,771,791,776,772,715,833,875
714,713,661,663,907,789,838,818,791,790,776,777,773,725,771,712
765,598,596,522,798,586,658,910,728,683,764,742,597,827,975,976
727,598,597,765,798,910,658,659,764,742,778,780,683,827,976,669
733,711,734,701,719,720,617,618,842,853,843,852,785,887,784,830
154,160,149,636,148,622,648,649,654,613,158,168,157,165,171,619
766,811,871,828,735,700,873,701,732,769,734,795,767,816,770,814
731,767,735,766,734,700,733,701,795,784,858,892,769,816,814,796
734,701,700,687,711,719,638,617,785,729,853,842,784,732,858,795
700,873,731,735,701,711,687,638,784,733,785,858,732,795,769,816
871,821,828,746,873,702,687,774,700,732,734,701,731,766,767,816
652,618,615,719,724,651,670,684,761,737,763,752,762,720,843,842
761,724,736,670,684,682,748,669,752,747,750,782,763,762,808,807
174,739,176,173,705,706,165,157,369,371,367,373,377,386,754,388
173,171,165,157,168,158,738,706,705,365,176,174,754,177,369,367
551,521,497,475,543,571,544,542,604,690,634,646,520,588,552,587
353,355,356,357,707,686,677,654,708,723,685,710,349,352,348,351
728,798,727,658,910,693,659,587,806,778,803,781,764,683,780,827
756,844,703,877,697,698,694,696,824,699,744,746,845,822,860,868
824,845,743,697,699,745,696,717,746,821,871,774,823,822,903,828
699,694,697,698,696,717,608,576,774,688,871,702,746,744,824,821
744,699,824,743,745,717,696,694,774,871,702,688,821,823,822,766
737,684,724,761,748,682,751,976,750,753,810,760,752,782,763,808
682,684,976,669,749,780,779,781,751,753,760,768,747,750,737,810
780,764,976,683,781,778,809,803,751,779,768,760,748,682,753,747
752,747,737,763,753,748,760,751,810,757,859,758,782,808,866,807
748,749,682,780,779,781,793,809,760,768,759,757,753,747,750,810
737,763,761,724,747,753,684,748,750,782,810,866,808,807,963,882
748,747,682,737,751,768,749,779,760,757,759,758,750,810,782,752
177,174,176,173,375,373,371,738,388,390,386,392,399,405,175,410
362,363,364,358,686,654,677,614,741,707,709,708,361,360,357,356
877,867,820,825,703,698,721,704,697,743,824,699,844,845,860,868
753,750,751,748,760,759,768,788,801,786,454,444,758,810,456,455
810,782,753,750,757,786,760,759,456,454,801,455,859,1168,866,986
760,768,751,753,788,793,792,39,787,794,817,802,786,757,801,440
751,753,748,749,768,779,793,781,759,788,786,787,757,810,750,758
736,651,652,720,724,684,670,669,737,763,752,747,762,843,882,807
720,652,719,618,761,736,724,737,763,807,752,808,843,882,842,1025
761,762,843,736,737,724,747,684,752,808,782,750,807,882,1025,964
728,727,827,798,742,806,910,658,778,749,781,803,683,780,976,682
522,596,510,524,598,503,798,586,727,827,728,683,597,523,975,539
828,821,823,839,735,871,873,702,731,816,700,732,767,811,812,770
811,828,812,821,731,766,735,700,816,814,732,769,770,815,847,813
779,751,749,781,793,809,792,902,759,788,787,794,760,757,753,786
816,731,767,770,732,784,734,700,795,892,858,1106,814,796,857,886
815,811,812,840,767,816,731,766,814,857,769,796,847,813,849,846
725,713,712,715,773,791,726,777,775,776,17,19,772,833,875,797
715,712,691,716,771,725,773,713,833,775,797,19,875,805,1128,835
725,713,714,712,791,726,790,789,776,777,17,13,771,775,772,833
746,745,696,744,717,578,576,608,702,688,873,687,871,821,735,766
771,772,725,805,17,776,773,11,19,21,13,833,797,24,875,835
773,771,725,726,791,777,790,799,13,11,9,17,19,775,21,7
791,790,773,726,799,881,5,838,9,11,7,776,13,17,771,836
764,742,728,683,803,806,910,716,781,809,779,804,780,749,976,682
781,749,778,780,809,902,803,804,768,793,788,759,751,760,748,753
683,728,827,669,764,778,742,803,749,781,751,779,976,682,748,684
778,780,764,742,803,804,806,716,779,809,793,768,749,751,748,682
752,763,737,761,750,810,753,747,859,758,1168,872,866,808,963,986
595,589,126,594,506,494,119,513,507,531,492,491,582,600,569,567
734,732,700,816,733,701,729,711,858,785,830,853,795,769,892,796
784,733,734,732,729,842,711,719,853,887,922,852,830,858,795,893
757,760,810,753,787,759,788,794,800,802,817,862,801,440,442,439
759,757,768,760,794,788,41,39,817,802,42,44,786,800,801,440
768,793,760,779,792,902,37,850,794,817,41,39,759,787,786,757
818,907,668,14,831,10,12,8,838,790,836,799,726,791,714,773
789,726,907,818,838,836,831,906,799,777,881,9,791,773,776,725
726,725,713,907,790,799,838,789,777,11,9,13,773,776,771,17
793,902,809,779,851,850,834,33,37,39,35,41,788,794,768,787
809,779,781,803,902,850,804,1128,788,792,794,851,768,759,751,760
788,759,793,768,39,792,37,35,41,42,44,817,787,802,786,45
769,732,816,731,784,734,785,733,858,892,893,830,796,814,857,1106
814,816,847,770,769,795,858,732,892,1106,893,959,857,886,913,940
833,875,1128,772,775,19,17,771,24,28,21,834,835,33,851,850
598,586,503,596,658,553,659,587,910,742,764,806,728,727,683,765
838,790,789,726,836,837,906,880,881,7,5,3,777,9,791,11
438,439,440,442,802,787,817,44,862,911,48,45,431,428,430,434
758,757,810,760,786,759,787,817,440,439,438,434,442,444,454,456
787,786,801,759,817,42,794,41,44,45,47,48,862,800,911,424
806,742,764,910,716,693,805,692,804,809,902,1128,781,778,779,749
803,716,806,778,805,875,715,833,1128,902,850,835,809,781,793,779
716,692,691,693,715,772,712,771,875,833,835,850,1128,804,803,902
742,910,659,728,693,716,692,689,803,804,809,805,778,764,781,780
882,762,843,852,808,763,752,782,963,866,972,1054,1025,964,928,973
763,882,761,762,782,752,750,737,866,859,986,1054,807,963,1025,964
781,803,778,806,804,1128,716,805,902,793,850,792,779,768,749,751
750,752,747,737,757,753,760,748,758,801,456,454,782,859,866,808
812,828,839,829,766,735,821,871,767,770,816,731,815,840,813,847
829,839,895,903,828,766,823,821,811,815,767,770,840,841,813,848
840,848,829,841,815,770,812,811,847,849,814,913,846,865,855,863
770,767,815,813,769,816,795,732,796,886,892,1106,857,847,913,849
840,812,829,841,811,767,828,766,770,847,816,814,813,848,846,849
767,811,766,815,731,732,700,735,769,795,796,784,814,770,857,847
787,786,788,759,794,41,39,792,42,44,45,47,802,862,800,801
668,650,16,874,12,10,14,15,789,831,8,838,907,714,726,713
181,184,179,186,412,411,413,414,407,406,402,401,826,825,941,188
819,826,181,415,393,401,391,402,703,756,704,697,825,877,867,941
823,744,822,903,746,774,702,745,871,766,735,767,828,839,811,812
845,860,844,914,824,744,743,746,823,839,821,828,903,861,895,1041
822,861,845,860,744,824,746,699,821,828,766,871,903,839,895,812
743,845,756,844,699,697,745,698,744,746,821,774,822,823,860,903
826,870,186,188,820,819,393,401,877,703,756,844,941,867,876,869
186,188,193,819,184,181,412,825,820,393,867,870,941,190,869,411
597,975,765,523,727,728,598,798,683,976,780,764,669,670,539,684
839,823,903,895,821,871,744,746,766,811,767,735,812,829,815,840
895,894,861,924,839,903,828,823,812,840,815,811,841,896,848,864
858,784,795,796,887,785,853,852,891,922,968,929,893,892,959,967
10,12,818,14,8,6,4,906,836,837,881,838,789,790,799,2
723,708,709,722,710,657,685,584,655,606,607,610,695,704,694,698
875,772,805,715,775,771,17,725,797,24,21,19,835,834,1128,850
835,850,1128,875,797,24,833,21,28,33,851,35,37,792,902,775
1128,875,805,804,797,833,21,775,834,28,24,33,850,851,902,792
838,831,8,789,906,837,4,6,881,880,5,3,799,790,777,791
906,6,831,838,2,4,880,1,0,3,836,881,5,799,8,7
789,10,818,907,831,906,8,6,836,799,881,837,790,791,777,726
903,895,861,822,823,821,744,824,828,812,811,815,829,841,840,896
829,841,896,895,812,811,839,828,815,813,770,847,848,864,846,863
896,894,924,932,829,895,812,839,840,848,815,813,864,905,863,904
729,719,733,711,720,762,736,652,843,852,882,928,853,887,785,922
842,720,729,719,762,736,761,652,882,1025,763,807,852,853,928,887
867,876,825,941,756,877,697,703,845,743,824,822,868,860,914,878
844,868,877,867,743,756,697,699,824,822,744,823,860,861,914,903
848,863,864,904,813,847,840,815,849,856,854,913,865,855,909,908
813,815,840,848,814,770,816,769,857,913,886,796,849,846,854,856
864,841,896,905,840,815,829,812,846,813,849,855,863,865,904,909
846,813,865,848,847,857,770,814,854,913,939,940,855,856,921,908
902,1128,804,809,835,875,797,833,851,834,37,33,792,793,788,794
850,902,1128,793,834,835,28,797,35,33,37,792,39,794,24,875
853,842,887,729,843,882,762,720,928,1025,930,964,922,968,891,830
785,729,733,784,842,843,720,719,852,882,968,928,887,922,830,858
849,855,846,813,913,886,847,857,940,1243,1056,1004,939,856,945,921
865,909,863,848,846,849,813,913,856,854,945,939,908,921,943,952
855,846,908,865,854,849,913,847,939,1243,940,1004,921,945,944,942
847,770,813,767,814,796,769,816,886,892,1106,1055,913,940,854,849
795,784,769,732,785,733,853,729,830,887,891,922,892,893,796,959
866,782,750,808,758,810,801,757,1168,872,456,455,986,974,963,1054
868,878,867,876,845,844,824,743,822,903,823,744,914,861,1041,918
914,918,868,878,860,822,845,824,903,895,839,823,1041,894,932,960
800,427,428,430,45,802,44,817,47,48,911,419,422,421,424,420
904,905,923,896,864,848,841,840,865,846,855,849,909,1078,997,908
905,896,925,924,841,840,829,894,848,865,846,813,863,904,909,923
863,909,904,864,846,848,813,840,855,849,921,856,908,997,952,943
808,807,752,763,782,810,750,758,859,986,1168,872,963,1054,972,1147
941,869,826,870,877,825,820,703,844,756,860,845,876,868,878,879
876,941,879,869,867,844,877,756,860,845,861,822,914,878,918,1041
885,190,191,884,870,941,188,826,876,867,878,868,883,879,889,920
190,191,193,195,188,826,186,184,941,876,825,867,869,885,883,879
821,746,744,745,702,774,688,717,735,873,731,700,766,828,767,811
758,859,810,866,451,452,453,455,450,449,448,447,1168,974,986,938
702,871,774,821,687,688,638,681,701,734,733,711,735,700,731,766
22,633,29,32,650,20,16,18,668,14,818,907,661,664,714,663
805,715,716,691,772,775,771,725,833,835,797,834,1128,804,850,902
869,870,883,885,941,867,825,877,868,844,914,860,879,878,920,889
825,941,819,826,820,703,393,401,756,697,743,845,867,844,868,876
879,869,889,883,876,868,867,941,918,914,1041,860,919,920,960,958
883,889,885,884,869,876,941,870,878,868,918,914,920,994,919,958
837,836,906,4,1,2,0,3,881,5,799,7,6,838,831,9
799,836,906,838,880,837,0,1,5,3,7,777,9,791,2,4
843,842,720,853,762,763,761,736,1025,807,964,808,928,852,930,968
884,195,193,197,885,869,191,870,879,920,876,878,889,888,994,1016
197,199,202,204,195,885,193,191,883,889,869,879,1014,888,890,994
193,195,197,199,191,190,870,188,869,879,941,876,883,884,889,1014
857,913,814,847,796,892,769,795,1106,1055,1056,998,940,854,1243,939
785,858,784,733,853,842,729,843,922,852,968,928,830,891,893,959
1014,1017,199,202,884,883,197,195,889,994,920,879,1016,890,992,1013
888,884,1014,890,883,869,885,876,879,920,878,919,994,1016,958,992
1017,204,202,207,888,1014,199,884,1016,994,992,889,1015,1013,1082,212
830,893,858,892,922,887,852,853,929,968,971,969,967,959,970,998
796,795,769,857,858,830,784,785,893,959,998,891,1106,886,1055,940
892,795,796,769,830,858,887,785,959,891,967,922,1106,998,1055,886
932,1041,931,960,895,861,903,822,841,829,839,840,896,924,905,864
861,1041,932,860,903,823,822,821,829,839,812,840,894,841,896,924
924,932,926,931,894,895,829,839,841,864,848,840,905,925,904,923
899,898,982,915,55,51,61,62,54,57,53,50,900,901,917,916
982,936,938,935,62,59,912,56,61,55,897,51,899,937,915,901
982,937,981,938,898,61,62,936,897,55,900,51,915,901,916,956
901,899,915,916,897,54,51,55,57,53,933,50,917,1107,934,67
915,937,956,982,899,897,54,55,900,917,57,933,916,1107,934,955
809,804,803,781,1128,835,875,805,850,792,851,834,793,779,788,768
861,860,1041,914,823,822,744,845,839,828,812,821,895,829,894,841
923,925,927,924,905,864,896,848,863,909,865,908,1078,1123,997,1122
925,924,926,927,896,841,894,932,864,863,848,909,904,923,1078,1122
831,8,10,789,6,4,837,2,880,881,836,838,799,790,1,0
661,874,664,20,668,818,12,650,789,790,838,831,714,726,713,663
997,909,1078,995,855,865,863,846,921,942,856,944,952,943,953,961
1078,904,923,1123,863,864,848,846,865,908,855,943,997,995,952,1028
658,798,553,586,659,693,587,689,806,716,803,781,742,728,764,778
419,420,421,422,862,47,802,45,56,48,59,62,423,426,429,912
435,426,432,429,420,419,911,421,56,59,62,61,935,936,938,982
847,849,813,846,857,814,796,769,886,940,1106,1243,854,939,856,855
878,876,920,879,860,868,844,845,861,822,903,894,918,1041,960,919
981,1050,988,980,937,899,982,898,901,897,1107,900,916,956,954,955
956,1020,1050,981,915,901,899,937,1107,917,934,900,954,955,1018,1068
901,916,899,915,900,57,54,897,933,53,58,50,1107,934,67,1068
919,878,920,958,914,868,860,876,1041,932,861,894,960,947,931,957
920,994,889,992,878,914,879,868,918,960,1041,931,947,958,957,946
994,889,883,888,879,878,876,869,919,918,947,960,958,992,957,993
908,952,865,997,856,855,854,849,944,945,939,950,942,943,949,953
887,830,785,893,852,853,842,843,968,928,930,971,891,929,967,959
927,1060,1097,926,925,905,864,924,904,1078,909,863,1123,1122,1028,995
931,946,960,947,932,894,1041,895,896,905,864,841,926,925,927,923
927,926,931,965,924,896,932,841,905,904,864,863,923,1122,1060,1078
946,947,966,957,931,924,932,960,925,905,923,896,927,965,1060,1122
965,946,1059,966,926,924,931,896,925,923,905,904,1060,1122,1097,1094
852,922,887,842,1025,882,807,843,964,973,1027,972,930,968,971,929
967,891,959,887,968,922,930,928,971,969,1026,1027,970,978,977,998
968,922,852,891,928,964,1025,807,973,1027,972,1057,971,929,1026,969
947,957,919,966,932,960,1041,918,924,894,925,896,946,926,965,927
960,918,947,919,1041,861,914,903,894,896,895,841,931,924,926,946
917,1107,900,901,53,57,54,897,58,50,64,67,934,71,1042,73
1107,955,1019,916,933,917,53,901,67,64,71,58,1068,1042,73,1069
1103,447,448,449,435,436,437,432,936,59,898,62,938,982,937,980
935,938,435,432,59,912,56,429,898,62,61,55,982,937,899,981
981,938,980,974,982,898,936,935,899,901,61,897,915,956,988,916
974,1168,1147,986,935,1103,435,436,982,937,936,898,980,981,915,988
856,849,921,855,854,940,913,886,1243,1004,1048,1056,945,950,944,1011
854,913,856,849,886,1106,857,796,1055,1056,1108,999,1243,939,1048,1004
870,188,190,186,825,826,819,820,867,877,868,844,869,876,879,883
943,953,908,952,921,945,856,855,944,948,950,1005,949,951,1006,1007
952,961,997,995,921,908,855,856,942,944,949,945,953,951,962,1007
942,921,943,951,945,856,939,855,950,1005,1004,1011,949,948,1006,1007
921,855,943,908,939,856,1243,854,1004,1011,1048,1049,944,950,942,948
957,966,993,958,931,947,960,932,926,927,924,925,965,1061,1060,1059
958,993,920,994,960,919,918,1041,931,932,926,924,957,946,966,965
949,942,1007,951,950,944,945,1004,1005,1012,1011,1008,1006,1009,1040,1037
951,943,953,990,942,944,921,945,948,950,1009,1005,1006,1007,1040,1022
944,949,942,921,1004,945,939,1048,1011,1008,1070,1049,948,1005,1006,1012
953,962,952,961,942,943,921,908,949,1006,944,948,1007,990,1023,1022
995,996,1078,1123,997,908,909,865,943,951,942,921,953,961,962,989
961,989,995,996,943,952,997,908,951,942,949,1007,962,990,1033,991
1020,1050,1051,1076,916,956,915,901,955,1107,1068,1069,1018,1019,1021,1077
954,1018,956,1020,916,1107,901,915,1068,934,1042,67,1019,1069,1077,1067
1050,988,1051,980,915,981,937,899,916,955,901,1107,954,1020,1018,1076
993,992,1081,994,947,958,919,960,946,931,926,932,966,1036,965,1061
994,992,1016,888,919,920,889,878,947,946,960,918,957,993,966,1081
893,1106,892,796,891,830,858,887,967,978,929,970,998,1055,999,1056
919,958,920,993,918,914,878,861,932,1041,894,924,947,931,946,957
996,1127,1028,1029,952,995,997,908,953,943,951,942,989,962,1033,1125
989,996,1125,1127,953,961,952,943,951,1007,942,949,1033,990,991,1024
807,964,1025,763,866,808,782,859,1054,986,1147,1168,972,973,1053,1057
1025,928,882,968,807,808,866,763,972,963,1054,1057,973,930,1027,971
966,1061,1036,993,946,926,957,931,927,925,1122,923,1060,1059,1097,1099
1036,993,1081,1280,957,947,958,919,946,965,926,1060,1061,1178,1059,1281
959,893,1106,892,891,968,922,830,970,929,969,977,978,998,999,979
922,891,887,830,928,852,1025,882,930,971,964,1027,929,969,967,970
970,929,967,978,971,1027,968,930,1026,984,1001,1047,977,985,979,983
967,998,959,893,929,971,891,968,969,984,985,1026,978,977,979,999
929,968,922,967,930,973,928,964,1027,1026,1047,1057,969,970,984,977
964,930,807,1025,963,986,866,808,1054,1053,1147,1052,973,1057,1027,1047
930,928,1025,968,972,964,963,807,1057,1053,1054,1217,1027,971,1047,1026
986,1054,866,963,1168,1103,872,445,938,935,981,936,1147,980,1053,1052
523,537,522,526,597,765,727,728,669,827,976,683,539,670,651,615
669,827,975,597,780,683,764,728,682,749,748,751,684,670,747,724
978,967,999,998,970,969,929,1026,985,984,1002,1003,979,983,1093,1034
998,959,1055,1056,970,967,929,891,977,969,983,985,979,999,1093,987
999,1108,998,1055,978,977,970,967,983,985,1035,1002,1093,987,1034,1083
1147,1053,1054,986,974,938,1103,1168,981,937,956,982,988,1052,1050,1051
980,974,1052,1147,938,982,898,936,937,915,899,916,988,956,1050,1051
938,1103,980,974,936,62,935,59,898,899,61,897,937,981,915,956
1093,979,987,978,985,977,984,970,1002,1003,1102,1000,1034,1035,1083,1092
969,977,970,929,1026,1047,971,1027,1003,1001,1044,1045,985,1002,983,1000
977,979,1093,970,984,969,1026,1047,1003,1000,1001,1045,1002,983,1035,1034
866,963,808,807,859,872,782,758,1168,974,1103,980,1054,1147,1053,972
1108,1048,1056,1055,999,979,978,998,1093,1034,983,1092,1083,1049,1164,1070
1052,1147,1217,1053,981,980,937,938,956,915,954,916,1050,1051,1020,1146
1127,1029,1095,1118,961,996,995,952,962,953,990,951,1033,1125,991,1030
991,1033,989,1030,962,951,953,961,1007,1022,949,1040,1024,1023,1031,1066
1030,1125,1126,1152,1033,962,989,951,1024,990,1023,1066,1031,1032,1064,1063
1016,1013,890,1082,994,888,920,889,993,958,957,966,1081,1080,1036,1280
1081,992,1016,1013,958,994,919,920,957,966,947,946,1036,1280,1061,1178
1016,888,890,1014,889,879,883,884,920,958,919,957,992,1013,993,1081
1123,1028,1029,1122,997,1078,909,923,952,953,908,943,996,961,989,1127
1029,1028,1094,1098,995,1123,997,1078,961,952,962,953,1127,989,1095,1125
1078,1123,1028,923,909,865,904,863,908,943,855,921,952,995,961,953
1055,1106,892,940,959,967,893,891,978,970,979,977,999,1056,1108,987
1055,1056,1106,1243,998,978,967,959,979,1093,977,983,1108,987,1048,1083
1002,985,1035,983,1003,1045,1001,1046,1085,1086,1165,1058,1102,1135,1084,1115
984,1026,985,969,1047,1217,1027,1057,1044,1046,1146,1058,1003,1045,1000,1002
983,1034,977,1093,985,1003,984,1001,1000,1085,1045,1135,1035,1102,1084,1115
985,984,983,977,1001,1026,1044,1047,1045,1046,1058,1086,1000,1002,1085,1102
939,945,944,854,1048,1243,1056,940,1049,1108,1070,987,950,1011,1005,948
948,1006,944,949,950,1011,1004,945,1008,1010,1070,1071,1012,1009,1038,1040
1007,951,990,943,948,949,944,942,1009,1005,1012,1039,1040,1022,1037,1062
990,962,953,991,949,951,942,944,1006,1040,948,1009,1022,1023,1062,1024
1005,1009,950,948,1070,1011,1164,1049,1071,1072,1130,1163,1012,1010,1038,1129
1006,1040,949,1022,1005,948,950,1011,1012,1038,1010,1008,1039,1037,1062,1222
1012,1005,1009,1037,1071,1008,1072,1070,1130,1163,1149,1159,1038,1129,1039,1265
950,948,945,944,1004,1049,1048,1243,1070,1071,1164,1072,1008,1005,1012,1010
1009,948,1006,1040,1008,1005,1011,1070,1010,1071,1129,1130,1038,1039,1037,1265
1082,1015,1017,212,1016,890,888,994,992,1081,993,1036,1080,1079,1280,1124
199,202,204,197,884,195,885,888,889,883,994,1017,890,1016,207,1015
209,207,1017,890,204,202,1013,1016,1080,992,1082,212,1138,214,1014,1079
890,1017,1015,202,888,1014,889,884,992,994,958,993,1013,1081,1080,1082
204,207,202,1014,199,197,890,888,1016,1013,1015,209,212,1082,884,994
1021,1020,1076,1050,954,916,956,1107,1019,955,1068,1069,1077,1074,1088,1090
1018,1021,1020,1050,955,954,1107,916,1069,1068,1042,1067,1077,1088,1074,1131
1076,1051,1146,1058,1050,956,988,981,954,1018,955,916,1021,1075,1077,1074
1075,1076,1058,1086,1020,954,1050,1051,1018,1077,1019,955,1074,1090,1087,1089
1023,1024,990,1032,1007,1006,949,951,1062,1040,1037,1073,1043,1066,1104,1105
1024,991,1031,1033,990,1007,1006,951,1022,1062,1040,1037,1066,1043,1032,1104
991,1031,1033,1030,990,1007,962,951,1023,1022,1043,1062,1032,1066,1064,1065
882,852,843,922,807,763,808,762,964,963,973,972,928,930,968,1027
969,971,929,970,1027,1057,973,930,1047,1001,1044,1217,984,1003,985,977
971,930,968,929,973,972,964,1025,1047,1057,1217,1044,1026,969,984,1001
1094,1097,1099,1060,1123,1122,1078,923,996,995,997,961,1029,1127,1098,1095
1098,1099,1096,1101,1028,1094,1123,1122,1127,996,995,989,1095,1100,1125,1118
1126,1154,1118,1153,1125,1033,989,1127,1031,991,1024,1032,1152,1063,1064,1173
1030,1152,1126,1125,991,1033,990,962,1032,1024,1066,1023,1064,1063,1065,1187
1064,1031,1063,1030,1024,991,1023,990,1066,1104,1043,1022,1065,1187,1186,1188
1125,1127,1126,1095,989,962,961,953,990,1024,951,1023,991,1030,1031,1032
1093,1083,987,1108,983,979,985,977,1035,1084,1002,1102,1092,1164,1120,1091
1034,1093,1083,979,1002,983,985,1003,1102,1000,1135,1085,1084,1092,1115,1120
1280,1081,1080,1124,993,957,992,958,966,1061,965,946,1178,1279,1281,1185
1062,1040,1022,1043,1009,1006,1012,948,1039,1222,1038,1265,1073,1197,1105,1198
1039,1009,1037,1040,1012,1010,1008,1005,1129,1130,1151,1149,1265,1222,1150,1220
1037,1040,1062,1006,1009,1012,1010,1005,1038,1265,1129,1150,1222,1073,1220,1197
1022,1007,1023,990,1006,948,949,1005,1037,1009,1039,1222,1062,1043,1073,1066
960,918,919,878,861,914,860,868,894,895,903,896,932,931,924,947
1068,1069,1019,955,67,934,64,1107,73,71,75,1067,78,1137,933,58
1066,1024,1032,1065,1062,1022,1023,1040,1073,1037,1198,1222,1104,1105,1143,1186
1047,1001,1026,1027,1217,1057,1052,1053,1146,1058,1051,1076,1046,1045,1003,1000
1003,1002,985,984,1046,1001,1044,1146,1058,1086,1075,1113,1000,1085,1165,1102
1001,1003,984,1026,1044,1146,1217,1047,1058,1076,1051,1075,1045,1086,1000,1085
1026,1027,971,969,1057,973,1053,972,1044,1217,1146,1052,1001,1046,984,1003
1243,939,945,854,1056,999,940,1055,1108,1049,987,1083,1004,1011,1070,950
1048,1004,1243,950,1108,987,1056,999,1164,1083,1093,1092,1070,1011,1072,1008
1051,1146,1052,1217,988,981,980,937,956,954,1018,915,1020,1076,1021,1058
1146,1217,1044,1046,988,1052,981,980,1050,1020,956,954,1076,1058,1021,1075
1053,1057,1047,972,1147,980,1054,974,988,1050,981,956,1217,1051,1146,1044
972,973,1027,964,1054,986,963,974,1147,1052,980,988,1057,1217,1047,1044
972,963,973,964,986,866,1168,859,1147,974,980,1103,1053,1057,1052,1217
940,886,796,913,1106,959,967,893,998,999,978,987,1056,1108,1243,1048
1243,940,939,886,1055,998,1106,959,1108,999,987,979,1048,1004,1049,1011
973,1027,964,930,1053,972,1054,1147,1217,1052,1146,980,1047,1044,1026,1001
1046,1045,1044,1001,1146,1051,1217,1050,1076,1075,1021,1020,1086,1090,1113,1085
1061,1281,1178,1036,965,966,946,926,1097,1060,1122,1094,1099,1133,1096,1200
1059,1061,966,1281,927,965,926,925,1122,923,1123,1028,1097,1099,1094,1133
1178,1036,1280,1185,966,993,946,957,1059,965,1060,1097,1281,1133,1099,1200
1022,1023,1066,1024,1040,1007,1009,1006,1037,1222,1039,1197,1043,1073,1105,1104
1152,1173,1154,1153,1031,1030,1126,991,1064,1032,1065,1024,1210,1187,1212,1209
1063,1210,1152,1173,1031,1024,1030,991,1032,1065,1066,1186,1187,1188,1254,1212
1064,1187,1063,1210,1032,1066,1031,1024,1186,1104,1143,1043,1188,1201,1254,1287
1032,1064,1031,991,1024,1023,1022,990,1043,1062,1105,1073,1104,1065,1186,1143
1069,1088,1019,1077,1042,73,1068,71,75,78,80,81,1137,1131,1132,1139
1019,955,1018,954,934,1107,916,917,1042,73,67,71,1069,1067,1077,1088
1019,1077,1018,1074,1068,955,934,1107,1067,1042,73,75,1088,1131,1139,1089
1011,1005,1004,950,1049,1083,1048,1108,1072,1164,1091,1163,1008,1071,1010,1012
1008,1012,1011,1005,1072,1070,1164,1049,1163,1091,1159,1134,1010,1130,1038,1129
1070,1008,1011,1012,1164,1092,1049,1083,1091,1134,1120,1084,1071,1163,1130,1010
1043,1022,1104,1066,1062,1037,1039,1040,1197,1222,1220,1223,1105,1198,1199,1143
1090,1075,1113,1086,1077,1021,1018,1019,1088,1139,1069,1131,1089,1087,1142,1140
1058,1086,1046,1045,1076,1020,1146,1051,1021,1074,1077,1018,1090,1113,1087,1165
1058,1146,1046,1044,1051,1050,988,956,1020,1021,1018,954,1075,1090,1086,1074
1021,1075,1090,1076,1019,1018,955,1068,1069,1067,1131,1042,1088,1074,1089,1139
1123,923,1122,927,904,863,925,905,909,997,952,908,995,1028,996,961
1145,1138,212,214,1082,1013,1015,209,1124,1080,1280,1279,1148,1184,1343,1236
1079,1082,1138,1015,1013,992,1016,890,1081,1280,1036,993,1124,1279,1148,1184
1080,1013,1082,1079,992,1016,958,994,993,1036,966,957,1280,1124,1178,1279
212,209,214,216,1015,890,207,1017,1080,1013,1081,1280,1138,1079,1124,1145
1049,1108,1048,1056,987,1093,979,983,1034,1092,1035,1084,1164,1091,1070,1072
1092,1034,1083,1093,1035,1002,983,1000,1115,1102,1135,1136,1120,1121,1091,1134
1000,1102,1002,1035,1045,1003,1058,1046,1165,1086,1113,1114,1135,1167,1115,1136
1085,1045,1000,1003,1058,1046,1076,1146,1090,1075,1087,1074,1113,1165,1114,1135
1113,1114,1165,1086,1090,1074,1075,1021,1089,1141,1088,1139,1142,1140,1166,1174
1074,1021,1087,1090,1077,1069,1019,1018,1131,1067,1137,1132,1139,1089,1141,1247
1087,1142,1090,1113,1074,1088,1077,1021,1139,1248,1131,1247,1141,1140,1175,1174
1086,1165,1085,1045,1075,1021,1058,1076,1074,1089,1077,1088,1113,1087,1114,1142
1072,1164,1071,1070,1092,1084,1083,1034,1120,1134,1121,1170,1163,1159,1130,1010
1083,1164,987,1049,1034,1035,1093,983,1084,1120,1115,1102,1091,1072,1134,1163
987,999,1108,1049,979,977,978,970,1034,983,1035,985,1083,1092,1164,1091
1099,1096,1059,1133,1097,1122,1060,923,1028,1123,996,1127,1029,1098,1095,1101
1100,1098,1101,1110,1029,996,1094,1028,1127,1125,989,1030,1118,1126,1117,1154
1111,1133,1200,1281,1099,1097,1059,1060,1098,1094,1029,1095,1101,1112,1100,1110
1059,1133,1061,1281,1060,927,965,925,1122,1028,1123,923,1099,1094,1096,1098
1096,1101,1111,1133,1094,1099,1028,1097,1029,1095,1127,996,1100,1118,1110,1117
1133,1281,1200,1191,1097,1059,1060,1061,1094,1122,1029,1028,1096,1098,1111,1101
1101,1110,1112,1109,1098,1096,1029,1094,1095,1118,1127,1126,1117,1154,1119,1157
1112,1111,1191,1190,1096,1099,1133,1094,1100,1098,1095,1118,1110,1109,1117,1157
1084,1035,1034,983,1000,1002,1003,985,1135,1085,1165,1167,1115,1136,1120,1121
872,1168,859,758,443,445,441,446,935,435,912,936,974,938,980,1147
1065,1032,1064,1187,1066,1043,1023,1062,1105,1073,1199,1198,1186,1143,1188,1201
1104,1186,1066,1065,1073,1043,1062,1037,1198,1197,1221,1222,1143,1199,1290,1201
886,796,857,913,892,893,858,795,959,998,967,999,1055,940,1056,1243
916,954,915,956,917,901,900,57,934,933,67,53,955,1068,1019,1042
1048,1056,1243,1004,999,1055,998,978,987,1083,1093,979,1049,1164,1011,1070
1190,1237,1455,1226,1112,1101,1191,1111,1110,1119,1100,1117,1192,1157,1181,1155
1109,1112,1192,1190,1101,1111,1098,1096,1117,1100,1118,1154,1157,1119,1155,1181
1200,1191,1228,1227,1133,1099,1281,1059,1096,1101,1098,1100,1112,1190,1109,1110
1190,1191,1455,1227,1111,1096,1200,1133,1101,1110,1100,1098,1109,1192,1157,1237
1165,1085,1135,1045,1090,1086,1075,1058,1087,1074,1089,1140,1114,1142,1167,1166
1165,1167,1135,1085,1113,1090,1086,1074,1142,1087,1174,1140,1166,1207,1205,1224
1084,1120,1092,1091,1102,1035,1085,1002,1136,1135,1224,1167,1121,1169,1171,1134
90,94,99,83,85,87,82,79,666,77,667,97,564,565,103,605
1110,1157,1109,1112,1100,1095,1101,1098,1154,1118,1126,1152,1119,1153,1172,1155
1117,1100,1110,1101,1095,1127,1098,1029,1126,1125,1030,989,1154,1152,1153,1119
1157,1109,1181,1192,1117,1110,1100,1118,1153,1154,1173,1152,1155,1172,1156,1180
1091,1092,1164,1072,1084,1035,1102,1034,1121,1115,1136,1171,1134,1170,1163,1159
1120,1134,1091,1092,1115,1084,1135,1102,1169,1136,1239,1224,1171,1170,1182,1179
1097,1060,1099,1059,923,927,925,904,1123,1078,995,997,1094,1028,1029,996
1122,1094,1097,927,923,904,925,863,1078,995,997,909,1028,996,1029,1127
1079,1145,1138,1184,1080,1081,1082,1013,1280,1178,1036,993,1279,1148,1185,1343
1118,1095,1100,1117,1127,989,996,1029,1033,991,962,1031,1126,1030,1154,1152
1154,1118,1117,1100,1125,1095,1127,989,1030,1033,1031,991,1152,1153,1063,1173
1095,1029,1098,1100,996,1028,995,1123,989,961,1033,962,1125,1118,1126,1030
804,716,803,806,875,805,833,772,835,850,834,851,902,809,792,793
1265,1038,1039,1012,1130,1010,1071,1163,1149,1158,1160,1159,1151,1150,1220,1162
1010,1038,1008,1012,1163,1071,1072,1091,1159,1160,1134,1179,1149,1129,1151,1158
1139,1088,1089,1077,1067,1069,75,1042,1137,1132,80,78,1247,1248,1299,1208
1247,1131,1139,1248,1137,80,78,1067,81,84,86,1208,1299,1284,1303,75
1281,1200,1228,1185,1059,1061,1060,965,1096,1099,1097,1098,1111,1101,1191,1112
1163,1091,1072,1130,1120,1092,1115,1084,1170,1121,1171,1182,1159,1179,1160,1149
1102,1115,1084,1002,1085,1000,1086,1045,1165,1167,1114,1113,1136,1224,1169,1121
1115,1121,1084,1120,1135,1102,1165,1085,1224,1167,1207,1166,1169,1171,1266,1239
1131,1139,1069,1088,78,1067,75,73,80,81,1132,1247,84,1208,1042,1299
214,216,218,212,1082,209,1015,1079,1080,1124,1013,1145,1144,1148,1184,220
1089,1140,1074,1087,1088,1067,1077,1069,1131,1247,1132,1137,1141,1248,1299,1175
1142,1166,1114,1113,1089,1087,1074,1088,1141,1175,1248,1139,1174,1176,1205,1206
1140,1142,1174,1087,1139,1089,1088,1131,1248,1247,1282,1299,1175,1176,1353,1283
1166,1114,1167,1165,1087,1113,1090,1074,1140,1089,1141,1175,1174,1205,1176,1207
1186,1188,1065,1287,1105,1104,1043,1073,1199,1198,1307,1221,1290,1201,1386,1308
218,220,222,216,1138,214,212,1145,1184,1079,1148,1236,1177,224,1321,1343
1144,216,218,220,1138,214,1082,212,1079,1148,1124,1080,1184,1236,1343,1177
1044,1217,1047,1001,1052,988,1053,980,1051,1076,1050,1020,1046,1058,1045,1075
1053,1054,972,963,974,986,1168,866,980,988,938,981,1052,1057,1217,1051
1184,1145,1144,1236,1124,1079,1080,1138,1279,1280,1185,1178,1343,1183,1249,1229
1129,1010,1265,1038,1130,1159,1163,1071,1160,1161,1179,1170,1151,1158,1150,1195
1220,1265,1222,1197,1129,1149,1038,1130,1151,1162,1158,1637,1194,1223,1196,1219
1150,1265,1220,1038,1149,1129,1130,1159,1158,1160,1195,1161,1162,1194,1637,1196
1154,1153,1117,1172,1126,1030,1118,1125,1063,1031,1064,991,1173,1210,1211,1209
1119,1155,1156,1110,1154,1117,1126,1118,1152,1063,1210,1030,1172,1173,1211,1209
1117,1119,1110,1157,1118,1125,1100,1095,1126,1152,1030,1063,1153,1173,1172,1210
1181,1192,1252,1237,1119,1157,1110,1109,1172,1153,1211,1154,1156,1180,1232,1218
1180,1552,1181,1252,1155,1119,1157,1117,1172,1211,1153,1214,1232,1218,1231,1246
1192,1181,1190,1237,1109,1110,1112,1100,1119,1117,1172,1153,1155,1180,1156,1252
1151,1150,1129,1265,1160,1149,1159,1130,1195,1161,1261,1179,1162,1637,1196,1194
1130,1071,1129,1010,1163,1134,1091,1072,1179,1170,1182,1171,1160,1149,1161,1158
1149,1151,1130,1129,1159,1170,1163,1134,1161,1179,1261,1292,1158,1195,1162,1637
1160,1158,1149,1162,1179,1182,1159,1170,1292,1379,1215,1216,1261,1195,1260,1291
1150,1194,1220,1265,1158,1151,1149,1160,1637,1195,1260,1161,1196,1193,1203,1219
1071,1010,1070,1008,1072,1091,1164,1120,1134,1170,1179,1121,1130,1159,1149,1160
1070,1049,1011,1048,1083,1034,987,1093,1091,1092,1120,1084,1072,1071,1163,1008
1085,1135,1000,1102,1086,1045,1075,1058,1113,1114,1090,1087,1167,1166,1136,1224
1167,1224,1136,1135,1114,1087,1113,1165,1142,1174,1140,1176,1207,1205,1225,1266
1135,1136,1115,1102,1165,1113,1085,1086,1114,1166,1142,1205,1224,1207,1169,1266
986,859,866,782,872,448,449,450,1103,447,446,445,974,1147,1054,980
1171,1121,1170,1120,1136,1167,1115,1135,1224,1266,1207,1242,1239,1182,1256,1215
1134,1159,1163,1091,1121,1120,1115,1136,1171,1182,1169,1239,1179,1160,1292,1161
1170,1134,1120,1159,1121,1136,1115,1167,1169,1239,1266,1224,1182,1215,1179,1256
1156,1155,1232,1180,1153,1119,1117,1154,1173,1209,1152,1210,1211,1218,1214,1231
1172,1218,1119,1156,1153,1152,1154,1126,1210,1063,1187,1064,1211,1209,1212,1214
1205,1166,1207,1114,1142,1140,1087,1089,1176,1175,1141,1283,1206,1225,1288,1241
1176,1140,1174,1206,1248,1141,1139,1247,1282,1299,1306,1303,1353,1283,1288,1336
1174,1205,1166,1225,1140,1141,1142,1089,1175,1353,1282,1248,1283,1206,1288,1259
222,224,220,1144,218,1145,1236,1184,1249,1343,1321,1189,226,1238,227,1295
1280,1279,1124,1148,1036,966,1081,993,1061,1059,1133,965,1185,1281,1228,1183
1160,1159,1149,1158,1170,1171,1134,1121,1292,1182,1215,1216,1161,1261,1195,1379
1252,1230,1251,1361,1155,1181,1157,1192,1232,1156,1218,1172,1552,1231,1293,1478
1251,1226,1361,1297,1192,1237,1109,1190,1157,1155,1156,1119,1252,1180,1230,1232
1179,1170,1159,1160,1171,1169,1121,1224,1239,1256,1242,1266,1215,1292,1216,1161
1343,1249,1184,1236,1148,1279,1124,1178,1228,1185,1200,1281,1229,1250,1227,1262
1236,1144,1177,220,1145,1079,1138,216,1343,1148,1183,1124,1249,1321,1295,1250
1183,1148,1343,1184,1279,1178,1280,1124,1281,1061,1133,1059,1228,1200,1229,1227
1188,1065,1187,1064,1104,1066,1032,1043,1143,1290,1105,1199,1201,1287,1387,1386
1210,1209,1173,1152,1064,1063,1032,1031,1188,1065,1186,1066,1254,1212,1287,1234
1254,1187,1212,1210,1065,1064,1104,1032,1186,1201,1143,1290,1287,1255,1387,1380
224,1177,222,220,1321,1236,1295,1249,226,227,1238,229,1144,1253,218,1184
1455,1226,1296,1262,1191,1227,1111,1200,1109,1112,1157,1110,1192,1237,1181,1251
1227,1229,1262,1296,1200,1228,1133,1281,1112,1111,1101,1096,1190,1455,1109,1192
1237,1251,1455,1226,1109,1190,1112,1191,1157,1110,1155,1119,1181,1252,1180,1156
1196,1203,1194,1219,1637,1162,1195,1261,1263,1260,1264,1270,1202,1268,1204,1315
1220,1223,1197,1221,1150,1151,1265,1158,1196,1162,1637,1193,1219,1203,1316,1204
1158,1162,1151,1150,1161,1160,1149,1179,1261,1292,1291,1379,1637,1260,1193,1196
1194,1219,1223,1316,1637,1162,1195,1150,1193,1263,1260,1264,1203,1202,1204,1268
1073,1105,1062,1043,1222,1265,1037,1039,1223,1220,1194,1150,1198,1221,1219,1199
1105,1143,1043,1104,1197,1073,1222,1062,1223,1220,1219,1316,1221,1199,1307,1290
1290,1143,1201,1104,1198,1105,1197,1073,1307,1221,1223,1316,1308,1386,1407,1454
1228,1227,1229,1183,1281,1185,1178,1059,1111,1133,1096,1101,1191,1112,1190,1455
1287,1188,1254,1255,1186,1143,1104,1065,1290,1199,1308,1307,1387,1386,1380,1454
1204,1203,1194,1219,1193,1196,1637,1260,1263,1264,1271,1270,1268,1315,1435,1373
1219,1316,1223,1221,1196,1194,1162,1637,1202,1193,1263,1268,1204,1435,1314,1315
1314,1316,1407,1221,1203,1219,1196,1194,1315,1202,1268,1373,1435,1317,1599,1374
1207,1266,1224,1167,1166,1142,1140,1114,1174,1206,1176,1288,1225,1241,1242,1259
1205,1225,1207,1242,1176,1174,1166,1140,1288,1283,1352,1175,1259,1241,1289,1257
1224,1169,1136,1135,1166,1167,1114,1142,1205,1174,1206,1176,1266,1225,1242,1239
1299,1247,1248,1282,1132,81,80,1131,84,86,88,89,1284,1303,1286,1306
1211,1214,1218,1172,1173,1063,1153,1152,1212,1210,1187,1254,1213,1234,1235,1233
1173,1209,1211,1153,1063,1152,1031,1030,1187,1064,1254,1188,1212,1213,1234,1255
1218,1156,1232,1231,1172,1173,1153,1152,1209,1210,1212,1063,1214,1213,1246,1235
1209,1213,1214,1211,1210,1187,1173,1063,1254,1188,1287,1065,1234,1255,1233,1381
1214,1235,1246,1218,1209,1211,1210,1173,1234,1212,1381,1254,1233,1438,1385,1244
1218,1246,1231,1232,1211,1172,1173,1153,1213,1209,1212,1234,1235,1233,1245,1438
1292,1179,1161,1170,1182,1239,1171,1169,1256,1312,1242,1258,1216,1379,1261,1345
1379,1292,1261,1161,1215,1256,1182,1239,1312,1258,1240,1404,1345,1291,1465,1301
1047,1057,1027,1026,1052,1053,972,1147,1146,1051,988,1076,1044,1046,1001,1058
1232,1231,1552,1180,1156,1172,1155,1153,1211,1214,1209,1213,1246,1359,1235,1245
1221,1307,1198,1199,1223,1194,1220,1197,1203,1196,1202,1193,1316,1204,1314,1407
1197,1222,1198,1073,1265,1039,1129,1038,1150,1194,1151,1162,1223,1219,1221,1203
1199,1105,1290,1143,1223,1198,1197,1220,1219,1316,1194,1203,1307,1407,1308,1314
1037,1073,1062,1040,1039,1038,1009,1012,1265,1220,1150,1129,1197,1223,1198,1221
1197,1198,1199,1073,1220,1222,1150,1265,1194,1203,1196,1162,1219,1221,1316,1307
1169,1136,1171,1121,1167,1135,1114,1165,1207,1166,1225,1205,1266,1239,1242,1256
1266,1224,1239,1256,1205,1207,1166,1174,1206,1259,1288,1176,1241,1242,1240,1257
1362,1326,1363,1327,1296,1455,1262,1227,1237,1192,1190,1181,1251,1297,1361,1252
1262,1250,1294,1249,1229,1228,1183,1185,1191,1200,1111,1112,1455,1190,1296,1326
1229,1183,1250,1343,1185,1279,1178,1124,1200,1281,1133,1111,1227,1191,1262,1455
1250,1343,1249,1295,1183,1185,1279,1148,1228,1200,1191,1281,1227,1262,1455,1294
1479,1361,1452,1450,1252,1251,1181,1237,1552,1180,1232,1231,1478,1293,1453,1486
1293,1552,1478,1230,1232,1156,1180,1172,1246,1218,1214,1235,1359,1429,1245,1428
1552,1180,1230,1252,1156,1155,1181,1119,1218,1172,1211,1214,1231,1293,1246,1359
1235,1244,1246,1245,1213,1234,1214,1212,1381,1255,1382,1499,1438,1385,1440,1576
1213,1214,1235,1211,1212,1209,1210,1187,1255,1254,1287,1380,1381,1233,1382,1385
1246,1245,1359,1231,1214,1218,1209,1211,1233,1213,1234,1381,1244,1438,1576,1440
1177,222,220,224,1144,218,1145,216,1184,1249,1343,1148,1321,226,1295,1238
1226,1296,1297,1262,1190,1455,1191,1112,1192,1109,1157,1155,1251,1181,1252,1361
227,226,1321,1189,224,1177,1295,1294,1249,1250,229,1253,232,231,1236,1327
1171,1182,1121,1170,1169,1224,1207,1136,1266,1242,1225,1240,1256,1215,1312,1216
1312,1256,1216,1239,1242,1241,1225,1266,1257,1259,1289,1288,1404,1258,1615,1344
1242,1266,1256,1239,1225,1206,1205,1207,1259,1288,1289,1283,1240,1257,1404,1312
1256,1239,1215,1169,1266,1225,1207,1224,1241,1259,1257,1206,1240,1312,1404,1216
939,854,856,913,940,1055,886,1106,1048,1056,1108,1049,1004,945,950,1011
1245,1428,1359,1553,1235,1246,1214,1213,1438,1440,1233,1385,1576,1427,1439,1554
1428,1429,1293,1534,1359,1246,1231,1214,1244,1235,1576,1438,1427,1553,1555,1598
1359,1231,1293,1429,1218,1232,1211,1156,1235,1214,1213,1438,1245,1244,1428,1427
1248,1139,1141,1089,1131,1137,1088,1067,1132,1208,81,84,1299,1282,1303,1175
1141,1140,1089,1176,1139,1131,1088,1137,1299,1247,1303,1208,1282,1175,1353,1306
1236,1321,1177,1238,1343,1184,1148,1144,1183,1229,1227,1279,1295,1250,1294,1262
1295,1321,1253,1238,1249,1183,1343,1184,1229,1227,1228,1455,1262,1294,1326,1296
1297,1360,1362,1363,1237,1226,1296,1455,1181,1192,1180,1157,1252,1361,1230,1452
1361,1297,1452,1360,1251,1181,1237,1192,1180,1155,1232,1156,1230,1552,1479,1478
232,229,227,1238,1295,1321,226,1294,1326,1250,1262,1327,231,230,234,1362
1212,1234,1210,1213,1187,1065,1064,1063,1287,1188,1201,1186,1255,1381,1380,1382
1381,1234,1233,1213,1254,1212,1188,1187,1287,1380,1387,1201,1382,1430,1385,1499
1215,1182,1292,1179,1239,1266,1171,1169,1242,1240,1404,1241,1312,1216,1258,1379
1404,1240,1312,1242,1259,1241,1288,1206,1289,1338,1337,1352,1615,1344,1347,1346
1345,1216,1379,1215,1312,1240,1256,1242,1404,1344,1615,1257,1465,1346,1301,1302
1241,1225,1240,1242,1206,1205,1176,1174,1288,1289,1352,1283,1257,1404,1615,1338
1637,1193,1196,1162,1261,1195,1161,1292,1270,1291,1379,1301,1263,1264,1267,1202
1195,1160,1637,1158,1161,1292,1179,1215,1379,1345,1216,1301,1291,1260,1270,1193
1294,1327,1295,1253,1250,1229,1249,1183,1455,1227,1191,1190,1296,1326,1226,1362
1193,1202,1196,1203,1260,1637,1291,1195,1270,1267,1269,1301,1264,1268,1271,1315
1202,1193,1315,1196,1263,1270,1260,1291,1267,1269,1275,1301,1268,1271,1272,1373
1222,1039,1037,1073,1038,1010,1012,1130,1129,1150,1151,1149,1220,1197,1223,1194
1239,1169,1171,1182,1224,1207,1136,1167,1225,1205,1241,1206,1242,1256,1240,1215
1264,1263,1268,1193,1270,1301,1291,1260,1275,1302,1300,1465,1269,1271,1273,1272
1315,1204,1317,1435,1264,1202,1263,1193,1271,1269,1272,1267,1373,1374,1274,1375
1271,1264,1268,1263,1267,1270,1301,1291,1275,1273,1300,1298,1272,1276,1274,1278
1263,1260,1193,1637,1291,1261,1345,1379,1301,1275,1302,1465,1267,1264,1269,1268
1268,1373,1315,1202,1264,1267,1263,1270,1272,1269,1276,1273,1274,1375,1277,1310
1271,1373,1268,1375,1269,1264,1275,1267,1273,1278,1298,1300,1276,1274,1277,1309
1272,1269,1271,1274,1275,1267,1302,1366,1298,1300,1367,1357,1276,1278,1309,1277
1375,1373,1374,1384,1272,1271,1268,1269,1276,1309,1273,1278,1277,1310,1329,1331
1267,1269,1270,1264,1302,1301,1465,1291,1300,1366,1367,1346,1273,1298,1272,1276
1274,1271,1310,1375,1272,1273,1269,1275,1278,1328,1298,1357,1277,1309,1331,1329
1310,1375,1373,1384,1274,1276,1272,1271,1309,1278,1328,1354,1329,1331,1330,1349
1276,1272,1277,1274,1298,1273,1300,1269,1357,1358,1367,1370,1328,1309,1356,1331
1148,1343,1079,1184,1124,1280,1080,1036,1178,1281,1061,1133,1185,1183,1228,1229
1124,1080,1079,1148,1081,993,1013,992,1036,1178,1061,966,1279,1185,1281,1183
1185,1228,1279,1183,1178,1061,1036,1280,1133,1059,1099,1096,1200,1111,1191,1227
1175,1283,1141,1176,1299,1248,1247,1139,1303,1208,1284,1286,1353,1306,1336,1304
1206,1259,1174,1205,1176,1175,1248,1140,1353,1336,1282,1306,1288,1352,1289,1334
1303,1299,1306,1282,86,1208,84,1132,88,89,1286,91,1305,92,81,1247
1320,1304,1335,1306,1305,92,91,1286,93,95,96,98,1311,1456,1378,1324
1306,1282,1336,1353,1284,1303,88,86,89,91,92,93,1305,1304,1285,1320
1255,1254,1234,1381,1188,1186,1187,1065,1387,1201,1386,1290,1380,1382,1430,1418
1259,1206,1241,1225,1283,1176,1175,1174,1352,1353,1336,1334,1289,1337,1257,1338
1259,1257,1241,1404,1288,1283,1206,1353,1337,1352,1417,1334,1338,1615,1400,1347
1201,1387,1186,1287,1143,1105,1198,1104,1199,1308,1307,1221,1386,1454,1408,1418
1260,1195,1193,1637,1379,1261,1216,1292,1345,1301,1465,1258,1270,1267,1263,1264
1161,1179,1160,1195,1182,1170,1239,1171,1215,1216,1256,1312,1379,1261,1291,1345
1478,1486,1453,1479,1552,1232,1230,1180,1359,1231,1246,1245,1429,1428,1502,1534
1253,1238,232,229,1295,1250,1249,1229,1262,1296,1455,1227,1326,1327,231,1362
1238,1321,227,229,1249,1236,1343,1177,1250,1262,1229,1183,1294,1253,1327,1326
1326,1294,1327,230,1262,1227,1250,1229,1455,1237,1190,1191,1226,1362,1297,1251
1363,243,234,241,1226,1362,1296,1326,1251,1252,1237,1181,1360,1361,1452,250
1273,1276,1272,1269,1300,1275,1313,1366,1367,1393,1364,1370,1278,1357,1328,1358
1248,1175,1141,1176,1247,1132,1139,1131,1208,1284,86,84,1303,1282,1306,1353
1275,1273,1269,1267,1366,1302,1348,1346,1313,1364,1393,1368,1298,1367,1357,1278
1291,1270,1260,1264,1345,1379,1258,1216,1302,1465,1346,1366,1267,1275,1269,1300
1301,1267,1291,1269,1465,1345,1344,1258,1366,1346,1348,1313,1275,1300,1273,1367
1282,1353,1248,1175,1299,1208,1247,84,1284,88,86,89,1306,1286,1304,1305
1336,1334,1353,1352,1306,1286,1303,1284,1305,1285,91,92,1335,1320,1324,1341
1304,1335,1306,1336,1286,91,89,1284,92,93,95,96,1285,1320,1311,1324
1353,1283,1175,1352,1303,1282,1299,1248,1286,1284,1305,89,1336,1304,1335,1334
1308,1199,1290,1386,1221,1198,1223,1105,1316,1219,1314,1203,1407,1408,1464,1454
1290,1386,1201,1387,1199,1221,1143,1198,1307,1407,1316,1409,1454,1408,1464,1538
1277,1329,1274,1310,1276,1278,1272,1273,1328,1356,1357,1358,1331,1354,1330,1350
1384,1374,1411,1396,1375,1274,1373,1272,1277,1309,1276,1331,1329,1376,1349,1330
1320,1324,1335,1304,1285,93,92,1305,95,96,98,100,1378,1456,1318,1319
1216,1215,1379,1292,1256,1242,1241,1239,1240,1404,1257,1615,1258,1345,1344,1465
1366,1300,1302,1275,1348,1346,1347,1395,1368,1365,1399,1397,1364,1367,1398,1393
1407,1307,1464,1408,1316,1203,1219,1221,1435,1204,1317,1315,1599,1409,1396,1420
1435,1204,1599,1314,1202,1203,1263,1193,1268,1373,1271,1264,1317,1374,1375,1396
1307,1221,1199,1308,1219,1223,1194,1197,1204,1203,1435,1196,1314,1407,1409,1599
1599,1314,1409,1407,1435,1315,1204,1202,1374,1373,1375,1268,1396,1384,1420,1411
1456,1319,1324,1322,1378,96,1311,95,1333,98,100,101,1332,1323,1445,1388
1325,1340,1341,1342,1456,1324,1311,1320,1318,1378,1332,96,1323,1322,1391,1390
1335,1341,1334,1336,1305,1304,92,1286,1285,1311,93,95,1324,1456,1319,1325
1189,224,226,1177,1236,222,1184,1295,1249,1343,1250,1238,227,229,1253,220
1340,1480,1342,1339,1325,1319,1324,1456,1323,1390,1318,1332,1391,1468,1389,1446
1322,1325,1480,1340,1319,1318,1456,1378,1332,1388,1333,1445,1390,1391,1389,1405
1341,1342,1334,1417,1320,1335,1285,1304,1456,1311,1378,1318,1325,1319,1322,1340
1342,1400,1417,1339,1324,1341,1335,1320,1319,1456,1323,1318,1340,1322,1480,1391
1327,230,1253,231,1294,1262,1250,1295,1296,1226,1455,1237,1362,234,1363,1297
231,232,229,227,1253,1294,1295,1238,1326,1362,1296,1262,230,234,241,1363
1309,1331,1276,1277,1278,1357,1298,1273,1356,1358,1371,1370,1354,1350,1369,183
1376,1384,1374,1410,1310,1277,1375,1274,1331,1309,1350,1328,1330,1349,1377,1351
1349,1376,1412,1384,1329,1309,1310,1277,1350,1331,1355,1354,1377,1351,1443,1425
1330,1329,1349,1310,1309,1277,1276,1278,1354,1328,1356,1369,1350,1377,1355,1351
1323,1319,1391,1322,1318,100,1378,98,1333,1445,101,1444,1388,1390,1406,1519
1332,1318,1323,1456,100,98,1378,96,101,102,104,1445,1388,1444,1406,105
1337,1352,1289,1288,1336,1283,1306,1353,1335,1304,1324,1320,1417,1341,1342,1400
1334,1417,1352,1337,1304,1336,1306,1286,1320,1305,1285,1456,1341,1324,1325,1342
1352,1283,1288,1289,1306,1353,1282,1303,1304,1286,1305,1320,1334,1335,1337,1341
1289,1259,1257,1615,1352,1288,1336,1283,1334,1341,1335,1325,1417,1338,1400,1342
1615,1257,1344,1404,1337,1289,1259,1352,1417,1400,1342,1334,1347,1395,1339,1365
1395,1365,1347,1348,1400,1342,1417,1338,1340,1480,1322,1325,1399,1446,1397,1368
1339,1400,1395,1338,1342,1325,1341,1417,1322,1391,1319,1323,1480,1399,1446,1468
1417,1337,1400,1352,1335,1334,1336,1304,1324,1320,1319,1456,1342,1325,1340,1322
1400,1417,1395,1338,1341,1334,1337,1335,1325,1324,1322,1319,1340,1339,1480,1399
1184,1236,1144,1321,1148,1145,1124,1079,1183,1279,1229,1185,1249,1250,1295,1227
1258,1465,1345,1216,1404,1312,1257,1240,1615,1347,1338,1365,1346,1348,1302,1366
1379,1291,1261,1260,1216,1312,1292,1215,1465,1258,1344,1346,1301,1302,1270,1267
1465,1302,1301,1345,1344,1258,1615,1404,1348,1347,1365,1395,1366,1313,1300,1367
1346,1344,1465,1258,1615,1338,1404,1257,1395,1400,1339,1399,1348,1365,1366,1313
1366,1346,1302,1465,1347,1344,1615,1338,1365,1395,1399,1339,1313,1368,1300,1364
1376,1412,1410,1424,1329,1310,1384,1277,1330,1377,1331,1350,1351,1425,1443,1600
1377,1330,1329,1351,1331,1328,1309,1277,1354,1369,1356,187,1355,1372,1443,1383
1425,1412,1426,1424,1349,1330,1329,1376,1377,1443,1355,1350,1600,1471,1601,1503
1288,1289,1259,1206,1283,1353,1176,1175,1336,1334,1335,1306,1337,1417,1338,1342
1283,1176,1288,1206,1282,1175,1248,1299,1306,1303,1304,1286,1336,1352,1334,1335
1350,1331,1330,1377,1328,1358,1309,1278,1356,1371,183,182,1369,1355,185,1372
1377,1443,1330,1351,1350,1354,1331,1356,1372,1369,189,187,1383,1470,194,192
1354,1328,1331,1350,1358,1357,1370,1278,1371,182,1392,1413,183,1369,185,187
1278,1273,1276,1309,1298,1367,1364,1300,1370,1393,1392,1394,1358,1328,1356,1371
1328,1278,1309,1331,1357,1393,1298,1367,1370,1392,1413,1415,1356,1371,1354,182
1293,1429,1478,1486,1231,1552,1232,1218,1246,1235,1244,1214,1245,1428,1427,1534
250,243,241,234,1363,1297,1362,1226,1361,1479,1251,1252,1452,1449,254,258
1360,1449,1363,250,1297,1251,1226,1237,1252,1230,1180,1181,1452,1479,1450,1478
234,1327,230,231,1326,1296,1294,1262,1226,1251,1455,1237,1363,1297,241,243
234,241,230,231,1362,1327,1326,1296,1297,1226,1361,1251,243,1360,250,1449
1367,1300,1298,1302,1313,1365,1366,1348,1398,1368,1397,1402,1393,1394,1370,1357
1348,1313,1366,1346,1395,1347,1400,1338,1399,1339,1446,1480,1368,1364,1397,1398
1302,1275,1301,1345,1346,1465,1347,1344,1348,1313,1365,1368,1300,1367,1364,1298
1298,1273,1278,1275,1300,1313,1366,1348,1364,1393,1398,1368,1357,1370,1358,1328
1364,1313,1367,1366,1365,1348,1395,1339,1397,1399,1446,1441,1398,1402,1393,1394
1350,1355,1331,1377,1354,1371,1356,1328,183,185,182,180,1372,187,189,1470
1358,1357,1328,1298,1393,1367,1398,1364,1394,1401,1402,1403,1392,1356,1415,1371
1356,1354,1328,1350,1358,1370,1357,1278,1413,1392,180,1415,183,182,1369,185
1355,1383,1443,1377,1369,1350,1354,1371,189,187,185,183,1470,192,194,196
1374,1315,1317,1435,1268,1264,1202,1263,1271,1274,1272,1277,1375,1310,1384,1329
1317,1396,1435,1599,1315,1268,1204,1202,1375,1373,1310,1274,1384,1411,1376,1410
1374,1396,1317,1411,1373,1271,1315,1268,1274,1277,1272,1276,1310,1384,1376,1329
1410,1411,1419,1431,1384,1310,1375,1396,1349,1329,1330,1277,1412,1424,1351,1425
1351,1349,1425,1412,1330,1331,1329,1309,1355,1350,1372,1369,1443,1383,1600,1471
1456,1319,1320,1324,96,1311,95,93,98,100,101,102,1318,1333,1332,1323
1261,1161,1260,1195,1292,1215,1256,1182,1216,1345,1258,1312,1291,1301,1270,1267
1255,1382,1381,1234,1287,1201,1254,1188,1387,1418,1386,1454,1430,1498,1469,1499
1233,1213,1438,1235,1234,1254,1212,1209,1255,1382,1380,1430,1385,1499,1440,1473
1381,1385,1233,1440,1255,1234,1287,1254,1430,1380,1469,1387,1499,1498,1473,1634
1443,1471,1600,1351,1355,1377,1350,1369,1470,1372,192,189,194,196,1442,198
1396,1411,1420,1599,1375,1374,1317,1373,1310,1329,1274,1277,1376,1410,1349,1412
1440,1438,1576,1235,1381,1233,1234,1255,1499,1382,1634,1498,1473,1472,1439,1558
1387,1380,1287,1188,1290,1201,1143,1199,1308,1408,1307,1407,1454,1418,1538,1430
1380,1287,1255,1382,1201,1188,1186,1143,1386,1454,1290,1308,1418,1430,1469,1538
1390,1323,1389,1391,1332,1333,1318,101,1406,1445,1444,109,1519,1405,1628,1485
1468,1421,1480,1446,1391,1323,1322,1332,1405,1390,1519,1388,1466,1467,1482,1447
1389,1391,1322,1468,1332,1323,1333,1318,1388,1406,1445,1628,1405,1519,1467,1482
1480,1340,1446,1339,1322,1323,1319,1325,1390,1332,1388,1519,1389,1468,1405,1466
1358,1371,1356,1357,1370,1394,1393,1398,1415,1401,1416,1414,1413,182,1488,180
1367,1357,1298,1300,1364,1368,1313,1366,1398,1394,1402,1401,1370,1392,1358,1415
1370,1393,1358,1357,1402,1398,1364,1397,1403,1414,1422,1441,1401,1392,1415,1416
1347,1348,1615,1346,1338,1417,1337,1289,1400,1339,1340,1342,1365,1399,1368,1313
1599,1420,1409,1434,1317,1435,1315,1314,1374,1384,1375,1373,1411,1376,1419,1410
1368,1398,1364,1393,1399,1365,1480,1339,1446,1441,1468,1421,1402,1403,1394,1423
1364,1393,1367,1357,1368,1313,1399,1365,1402,1397,1441,1403,1394,1370,1401,1392
1368,1365,1348,1313,1339,1395,1340,1400,1446,1480,1468,1322,1397,1441,1398,1402
1395,1338,1347,1615,1417,1337,1334,1289,1342,1340,1341,1325,1339,1399,1480,1365
1392,1370,1393,1358,1394,1403,1402,1398,1414,1422,1423,1512,1415,1416,1488,1413
1398,1393,1364,1370,1397,1368,1446,1399,1441,1421,1423,1468,1403,1394,1401,1422
1394,1398,1392,1393,1402,1441,1397,1446,1422,1423,1421,1448,1414,1401,1416,1415
1312,1258,1216,1256,1240,1241,1242,1259,1615,1257,1338,1289,1344,1465,1346,1347
1389,1466,1468,1421,1390,1388,1391,1332,1519,1628,1406,1494,1467,1482,1481,1447
1388,1519,1390,1405,1445,1332,102,1333,1444,109,105,104,1628,1485,1494,116
1408,1308,1454,1290,1307,1316,1221,1199,1314,1599,1435,1204,1464,1409,1517,1462
1454,1386,1418,1387,1308,1307,1290,1199,1464,1407,1517,1409,1462,1538,1463,1460
1464,1408,1462,1308,1314,1407,1316,1307,1599,1435,1396,1317,1517,1420,1434,1460
1431,1419,1433,1434,1411,1384,1420,1396,1412,1376,1349,1351,1424,1426,1436,1425
1419,1420,1434,1517,1396,1374,1599,1317,1384,1376,1375,1310,1410,1431,1424,1412
1424,1410,1431,1436,1376,1411,1329,1384,1349,1351,1330,1377,1425,1426,1600,1601
1371,183,1358,1356,1392,1401,1370,1394,1415,1488,1416,172,182,180,178,185
1401,1415,1394,1392,1422,1403,1423,1402,1448,1513,1447,1529,1416,1512,1591,1488
1413,1392,182,1371,1401,1394,1370,1403,1416,1591,1414,1422,1488,180,178,172
1415,1488,1413,1392,1414,1401,1422,1403,1512,1448,1523,1529,1591,170,172,164
1338,1289,1615,1257,1337,1334,1352,1336,1342,1341,1335,1325,1400,1340,1395,1339
1430,1380,1498,1382,1387,1386,1287,1201,1454,1538,1408,1308,1469,1463,1501,1518
1434,1432,1460,1459,1420,1517,1396,1599,1410,1411,1376,1384,1433,1431,1424,1461
1517,1464,1460,1462,1599,1409,1317,1314,1396,1411,1384,1374,1434,1419,1432,1410
1441,1403,1402,1397,1468,1446,1480,1391,1466,1447,1467,1389,1423,1422,1448,1506
1403,1401,1394,1415,1423,1421,1402,1441,1448,1447,1513,1506,1414,1512,1416,1591
1403,1402,1401,1394,1421,1441,1466,1468,1447,1506,1481,1467,1422,1448,1414,1513
1431,1433,1437,1432,1410,1419,1376,1411,1412,1425,1349,1351,1426,1436,1484,1601
1426,1424,1484,1436,1412,1349,1330,1410,1600,1351,1443,1471,1601,1503,1549,201
1436,1431,1483,1437,1424,1412,1410,1349,1425,1600,1351,1443,1601,1484,1549,1503
1553,1428,1598,1534,1244,1245,1235,1359,1576,1439,1438,1440,1555,1554,1655,1621
1534,1502,1486,1535,1429,1359,1293,1246,1245,1427,1244,1576,1553,1598,1655,1555
1486,1548,1453,1479,1293,1478,1231,1552,1359,1245,1246,1427,1428,1502,1534,1553
1382,1499,1381,1473,1380,1387,1255,1287,1418,1463,1454,1538,1498,1469,1518,1634
1433,1432,1461,1475,1419,1411,1434,1420,1424,1410,1426,1412,1436,1437,1483,1484
1459,1457,1476,1538,1434,1460,1517,1420,1433,1419,1431,1410,1461,1458,1437,1475
1432,1461,1459,1458,1419,1434,1460,1411,1431,1436,1424,1410,1437,1475,1483,1516
1460,1462,1459,1457,1517,1420,1409,1464,1419,1411,1396,1410,1432,1433,1431,1461
1314,1409,1316,1407,1204,1203,1202,1219,1315,1374,1268,1373,1317,1599,1396,1420
1437,1433,1516,1461,1424,1431,1410,1419,1426,1601,1412,1425,1484,1483,1607,1549
1475,1461,1458,1477,1433,1431,1432,1419,1436,1484,1424,1426,1483,1516,1607,1536
1244,1427,1245,1246,1233,1235,1213,1234,1385,1381,1473,1499,1440,1576,1439,1472
1576,1554,1427,1555,1440,1438,1385,1244,1472,1557,1473,1558,1556,1575,1588,1621
1576,1244,1427,1245,1438,1233,1381,1235,1385,1473,1499,1558,1439,1472,1556,1554
1402,1397,1398,1368,1446,1399,1480,1391,1421,1468,1466,1447,1403,1423,1422,1414
201,1493,1503,1504,1471,1383,1600,1443,196,194,1470,192,198,200,203,205
1600,1351,1425,1601,1377,1330,1350,1349,1383,1355,1470,1372,1471,1442,196,1503
1406,1388,1519,1332,1445,102,1333,101,105,104,109,1628,111,1485,116,1390
1388,1332,1390,1323,1333,101,100,1318,102,104,105,1444,1406,109,1519,1628
1397,1399,1368,1398,1480,1339,1340,1322,1468,1466,1391,1389,1441,1421,1402,1403
1423,1421,1422,1403,1466,1467,1389,1468,1481,1482,1507,1494,1506,1448,1513,1505
1422,1414,1403,1416,1423,1447,1421,1466,1506,1618,1505,1481,1513,1512,1529,1523
254,250,1360,243,1363,1297,1452,1479,1361,1453,258,1450,260,1451,261,241
258,260,254,1449,1452,250,1360,1453,1479,1478,1486,1451,261,1548,263,1361
261,260,263,1450,258,1479,1449,1548,1453,1486,1502,1522,269,1539,268,254
1449,254,258,250,1361,1360,1297,1363,1479,1230,1252,1478,1450,1453,260,1451
1450,1451,260,258,1479,1452,1230,1361,1486,1478,1293,1429,1548,1522,1502,1535
1418,1387,1430,1380,1386,1308,1290,1201,1408,1464,1407,1517,1538,1463,1462,1469
1296,1262,1326,1250,1227,1191,1229,1200,1190,1192,1109,1112,1237,1226,1251,1297
1324,1325,1335,1341,1311,1320,1285,95,1378,1318,96,98,1319,1323,1322,1332
1463,1501,1469,1500,1462,1538,1408,1464,1460,1432,1517,1434,1459,1476,1458,1461
1474,1476,1533,1492,1459,1432,1457,1460,1461,1475,1437,1433,1477,1521,1520,1516
1476,1501,1533,1500,1460,1457,1462,1517,1432,1461,1433,1434,1458,1475,1474,1477
1457,1538,1463,1476,1462,1517,1464,1408,1434,1419,1420,1431,1432,1459,1433,1461
1458,1459,1476,1474,1432,1460,1419,1434,1433,1437,1431,1436,1475,1477,1516,1483
1538,1463,1418,1501,1464,1408,1454,1407,1517,1434,1409,1420,1460,1457,1459,1432
1469,1518,1430,1498,1418,1454,1408,1386,1538,1457,1462,1460,1501,1500,1476,1459
1408,1538,1454,1463,1407,1308,1307,1316,1409,1420,1314,1599,1517,1462,1460,1434
1345,1301,1291,1379,1258,1404,1216,1312,1346,1344,1348,1347,1302,1366,1275,1300
1421,1441,1446,1403,1468,1389,1391,1390,1467,1405,1482,1519,1447,1481,1423,1506
1466,1421,1468,1423,1405,1389,1390,1391,1482,1519,1494,1628,1481,1447,1506,1507
1446,1441,1397,1399,1480,1391,1322,1339,1389,1467,1405,1390,1466,1421,1447,1423
1498,1634,1499,1382,1430,1418,1380,1454,1463,1538,1457,1462,1518,1501,1500,1531
1383,1443,1471,1442,1372,1355,1369,1350,189,187,185,192,194,196,198,1377
1600,1503,1601,1425,1443,1351,1355,1377,1383,196,194,1470,1442,201,198,200
1439,1576,1554,1244,1440,1385,1438,1382,1473,1558,1499,1634,1556,1557,1575,1574
1472,1440,1439,1556,1499,1385,1382,1381,1634,1498,1518,1430,1558,1557,1531,1574
1533,1492,1641,1497,1476,1500,1459,1501,1477,1458,1475,1520,1490,1521,1491,1496
1477,1458,1521,1474,1461,1433,1459,1432,1437,1483,1436,1431,1516,1520,1536,1537
1533,1500,1518,1532,1501,1457,1463,1469,1459,1458,1461,1460,1474,1492,1477,1490
1474,1490,1492,1533,1458,1461,1476,1459,1475,1516,1437,1483,1521,1520,1491,1524
1453,1479,1450,1452,1552,1230,1361,1180,1293,1359,1231,1232,1486,1429,1548,1502
1452,1450,1449,1360,1361,1252,1297,1251,1230,1478,1552,1293,1453,1486,1451,1548
1339,1399,1395,1368,1340,1325,1342,1400,1322,1391,1389,1323,1446,1468,1397,1441
1447,1423,1448,1421,1467,1466,1405,1389,1507,1482,1494,1604,1506,1505,1513,1594
1481,1467,1447,1466,1405,1519,1389,1406,1494,1628,1485,1660,1507,1604,1506,1505
1516,1475,1520,1477,1437,1436,1431,1424,1484,1549,1426,1601,1607,1536,1565,1551
1483,1437,1536,1516,1436,1426,1424,1431,1601,1425,1503,1600,1607,1549,1565,1550
1628,1494,1519,1482,109,1406,1444,105,111,116,115,113,1660,1495,1650,1613
1548,1453,1522,1451,1478,1479,1552,1230,1429,1293,1428,1359,1502,1535,1534,1539
1515,1578,1571,1550,205,203,1504,1493,206,208,1514,210,1489,1530,200,201
180,1413,182,183,1415,1401,1392,1414,1591,1416,170,164,178,172,1512,1371
1530,1571,1573,1592,1514,208,1487,206,210,211,213,1570,215,217,219,221
1641,1497,1511,1510,1492,1474,1533,1458,1521,1477,1524,1520,1491,1496,1509,1642
1496,1641,1510,1511,1490,1521,1477,1474,1524,1520,1537,1475,1509,1642,1541,1525
1497,1532,1597,1566,1533,1500,1476,1531,1474,1521,1477,1458,1641,1490,1511,1491
1504,1549,1550,1484,1503,1471,1601,1600,201,203,200,1442,205,1515,206,1487
1482,1481,1405,1467,1628,1519,1406,109,1660,1485,1495,116,1604,1613,1507,1594
1660,1494,1604,1519,116,1485,111,1628,115,113,118,125,1650,1624,1613,1612
1510,1511,248,239,1641,1490,1497,1492,1509,1491,1521,1524,1642,1508,1541,1559
1597,1566,235,1561,1532,1533,1574,1500,1492,1490,1474,1491,1641,1511,1496,1510
1499,1473,1385,1381,1430,1382,1380,1255,1469,1418,1463,1501,1634,1518,1531,1558
1385,1472,1440,1233,1382,1381,1380,1255,1498,1430,1518,1469,1473,1634,1558,1531
1531,1634,1574,1558,1501,1518,1469,1463,1476,1457,1459,1458,1533,1532,1492,1474
1518,1531,1498,1634,1463,1469,1538,1418,1457,1459,1462,1460,1500,1476,1533,1532
1548,1522,1539,1451,1486,1429,1453,1478,1428,1553,1359,1245,1535,1534,1540,1598
1601,1549,1484,1607,1600,1425,1443,1426,201,1471,1442,200,1493,1504,203,205
1550,1549,1565,1607,1503,1601,1471,1600,1493,203,201,205,1515,1487,206,1578
1513,1529,1448,1512,1506,1507,1481,1447,1594,1604,1602,1603,1618,1595,1617,1610
1448,1423,1422,1512,1481,1447,1467,1482,1507,1594,1604,1494,1505,1513,1618,1529
1481,1506,1447,1513,1482,1494,1467,1405,1604,1613,1602,1660,1505,1594,1595,1618
252,248,259,1510,1496,239,1511,1642,1526,1509,1541,1559,257,256,255,1641
1642,1496,1508,1510,1491,1490,1521,1641,1524,1525,1520,1537,1541,1526,1635,1559
248,239,235,240,1511,1641,1497,1597,1496,1642,1509,1490,1508,252,1559,257
239,235,240,1561,1497,1597,1492,1566,1641,1496,1490,1491,1510,248,1508,252
1591,1416,172,1488,1414,1448,1422,1423,1529,1513,1618,1617,1523,164,170,167
1512,1422,1414,1591,1448,1506,1447,1423,1618,1505,1595,1507,1529,1617,1523,1527
1571,1578,1592,1577,1487,1515,205,1550,206,208,210,211,1530,1489,1570,1573
1578,1550,1564,1577,1504,1493,1549,201,1487,205,206,203,1514,1571,1530,1489
1520,1477,1521,1524,1475,1437,1461,1458,1483,1607,1565,1436,1536,1537,1551,1542
1462,1408,1538,1457,1464,1409,1407,1314,1420,1599,1396,1411,1434,1460,1432,1419
1634,1499,1558,1473,1469,1498,1430,1418,1501,1463,1476,1457,1531,1500,1532,1533
1405,1467,1389,1466,1388,1390,1445,1332,1628,1406,1485,1444,1482,1494,1481,1660
1521,1491,1474,1490,1477,1475,1458,1437,1516,1536,1483,1551,1537,1524,1525,1542
1490,1492,1641,1496,1477,1474,1458,1533,1520,1475,1537,1516,1491,1524,1509,1525
269,263,261,1548,1451,1453,260,1535,1502,1486,1534,1539,268,267,1540,266
164,170,1591,172,1512,1513,1448,1414,1529,1527,1617,1618,1528,167,169,166
1491,1509,1490,1642,1521,1520,1477,1475,1537,1542,1516,1551,1525,1541,1544,1635
1541,1635,1509,1642,1524,1537,1491,1520,1542,1545,1551,1630,1544,1543,1547,236
1559,255,256,1508,1642,1509,1496,1524,236,1635,1541,238,251,247,246,1544
1528,1523,169,167,1529,1618,1512,1513,1596,1617,153,151,162,166,156,164
169,167,164,170,1523,1529,1512,1618,1527,162,1596,153,166,1617,1591,151
1523,1512,164,167,1513,1448,1506,1422,1618,1617,1505,1595,1527,1528,1596,169
1592,1572,1577,1579,1571,1514,1578,1487,1489,217,210,215,1570,1573,219,221
1574,1558,1557,1567,1634,1518,1473,1498,1500,1533,1501,1476,1532,1566,1597,1497
1566,1574,1561,1567,1531,1500,1518,1558,1533,1492,1474,1476,1497,1597,1641,1511
1532,1531,1597,1566,1500,1501,1518,1457,1474,1476,1458,1477,1492,1497,1490,1641
1535,1539,266,267,1502,1429,1486,1548,1428,1553,1427,1555,1598,1540,1655,1616
1539,1522,268,269,1502,1548,1486,1451,1534,1598,1428,1553,267,1540,266,265
1537,1520,1524,1525,1516,1483,1475,1437,1607,1565,1484,1549,1551,1564,1542,1630
1524,1521,1491,1541,1520,1516,1475,1477,1551,1536,1565,1564,1542,1525,1630,1543
1463,1418,1469,1430,1454,1408,1386,1308,1462,1464,1460,1517,1457,1501,1459,1476
268,269,263,1522,1548,1451,1486,1535,1540,1502,1534,267,266,265,270,1598
266,267,1539,268,1535,1534,1502,1522,1598,1655,1553,1590,265,1616,270,1619
1642,1526,1559,1508,1509,1524,1491,1496,1525,1543,1542,1537,1635,1544,236,247
1525,1544,1524,1541,1537,1536,1520,1516,1630,1551,1564,1577,1545,1543,1546,1579
1544,1635,238,1541,1542,1525,1551,1537,1545,1630,1579,1580,1547,1546,1586,237
1635,236,247,1526,1541,1525,1524,1509,1543,1542,1545,1546,1547,238,237,1586
1543,1547,1525,1544,1542,1551,1537,1565,1630,1579,1577,1564,1546,1580,1587,1586
1586,1547,237,1544,1545,1543,1630,1542,1580,1579,1632,1572,1587,1652,1656,1633
238,1635,236,247,1543,1544,1525,1542,1546,1545,1587,1580,237,1586,246,1652
1451,263,269,261,1453,1478,1450,1479,1486,1502,1429,1293,1522,1535,1539,268
1607,1565,1483,1536,1484,1601,1426,1436,1504,1503,1493,201,1550,1515,1564,1578
1565,1564,1551,1536,1549,1607,1503,1484,1515,1504,1493,1487,1578,1577,1571,1514
1542,1537,1525,1520,1536,1607,1516,1483,1564,1565,1550,1578,1630,1545,1577,1543
1230,1479,1361,1453,1180,1252,1155,1181,1232,1231,1156,1218,1293,1478,1359,1429
1598,1534,1540,1502,1428,1245,1429,1359,1427,1555,1554,1576,1655,1616,1590,1621
1555,1655,1590,1553,1576,1427,1440,1244,1439,1556,1575,1472,1621,1588,1568,1584
1655,1553,1598,1616,1427,1576,1428,1244,1554,1439,1556,1575,1621,1590,1588,1589
1554,1621,1555,1427,1439,1472,1440,1576,1557,1558,1473,1574,1575,1567,1588,1568
1556,1575,1439,1554,1472,1473,1440,1499,1558,1574,1531,1634,1567,1566,1568,1563
1557,1472,1556,1439,1473,1499,1498,1385,1634,1531,1518,1500,1574,1567,1566,1532
257,252,1508,1642,248,1510,1526,247,236,1635,256,255,251,1541,1509,1496
1569,1582,1584,1583,1568,1588,1567,1575,253,249,1563,240,1605,1562,259,262
1563,249,1568,1560,1566,1567,1574,1557,1597,1497,1511,1532,240,235,253,239
1582,1583,1585,1622,1560,1569,1584,1568,1605,259,253,249,1581,262,264,271
1568,1560,1569,1588,1567,1575,1574,1557,1561,240,235,1566,249,253,1605,259
1630,1551,1542,1545,1565,1536,1607,1549,1578,1550,1515,1504,1577,1571,1579,1592
1536,1551,1516,1537,1607,1483,1484,1601,1550,1549,1504,1515,1564,1578,1630,1577
1567,1563,1568,1575,1574,1531,1557,1558,1532,1497,1492,1641,1561,1597,240,235
1568,1575,1588,1569,1557,1556,1558,1472,1566,1574,1597,1532,1563,1561,249,240
1588,1569,1584,1621,1575,1557,1556,1554,1563,1567,1561,240,1560,249,253,1605
1584,1582,1606,1589,1588,1621,1575,1554,1560,1568,1563,253,1562,1605,259,1583
1573,1592,1593,1572,1530,1489,1514,1571,217,215,213,211,219,221,223,210
1577,1579,1630,1580,1578,1515,1564,1550,1514,1487,1489,206,1592,1530,1572,1573
1580,1587,1546,1652,1592,1579,1577,1571,1573,1530,1570,221,1632,1593,1633,223
1593,1572,1632,1580,1530,1592,1571,1514,1570,219,217,1489,221,223,225,228
1557,1567,1575,1556,1558,1634,1473,1472,1531,1532,1500,1533,1566,1561,1597,1563
1588,1554,1621,1584,1556,1439,1472,1576,1557,1567,1574,1558,1568,1563,1569,1560
1427,1245,1553,1428,1244,1438,1235,1233,1439,1440,1472,1385,1554,1556,1555,1575
1630,1545,1542,1546,1564,1550,1551,1565,1571,1578,1530,1514,1579,1592,1572,1580
1577,1564,1630,1579,1550,1504,1565,1549,1515,1514,1487,206,1571,1592,1530,1572
1545,1546,1543,1547,1577,1630,1564,1542,1592,1571,1578,1573,1580,1572,1587,1632
1546,1652,1586,1543,1579,1545,1577,1630,1572,1592,1573,1571,1587,1632,1633,1593
1583,1622,275,1585,1562,1582,1560,1569,264,262,1605,259,271,273,276,253
1606,1585,1651,1620,1584,1589,1588,1621,1569,1562,1605,1560,1583,1581,1622,273
1622,1585,276,1623,1582,1606,1569,1584,1581,1562,264,1605,273,275,271,262
1589,1606,1620,1619,1588,1621,1590,1555,1569,1568,1560,1575,1582,1585,1562,1583
1623,1651,277,279,1606,1620,1584,1589,1583,1582,1581,1562,1622,276,275,273
237,246,238,236,1547,1543,1544,1545,1652,1546,1587,1633,245,1656,244,242
1652,1586,245,1547,1580,1546,1579,1545,1632,1572,1593,1592,1633,1656,233,242
1621,1589,1590,1606,1554,1556,1555,1439,1575,1568,1563,1567,1584,1569,1560,1582
1619,1658,1616,270,1590,1621,1655,1555,1584,1588,1569,1568,1620,1606,1651,1582
1616,1619,270,265,1655,1555,1598,1553,1621,1588,1554,1569,1589,1620,1584,1606
1488,178,1415,180,1416,1414,1401,1422,164,1512,1523,1528,170,172,167,169
1579,1580,1630,1587,1571,1577,1578,1564,1530,1570,1514,1489,1572,1573,1593,1632
1632,1633,233,1587,1572,1580,1592,1530,223,1573,221,1570,225,228,219,242
1505,1618,1506,1513,1604,1507,1481,1494,1602,1613,1614,1612,1595,1603,1610,1617
1618,1617,1529,1513,1594,1505,1604,1507,1603,1602,1609,1614,1610,1596,1608,151
1527,166,1528,1523,1617,1529,1595,1618,1610,1626,1608,1659,153,151,162,152
1561,240,1563,1567,1566,1532,1574,1531,1497,1641,1492,1533,1511,235,239,1510
1540,265,1535,266,1534,1428,1502,1429,1655,1553,1555,1427,1616,1590,270,1619
1409,1517,1464,1407,1435,1314,1204,1316,1317,1396,1374,1315,1420,1411,1434,1419
1425,1601,1426,1549,1351,1377,1412,1349,1471,1443,1383,196,1503,1442,201,1493
1484,1436,1607,1483,1425,1426,1424,1351,1503,1600,1471,201,1549,1493,1504,1550
1594,1595,1507,1505,1604,1613,1650,1660,1612,1644,1629,1624,1614,1603,1611,1609
1595,1610,1617,1505,1602,1594,1604,1613,1614,1611,1644,1612,1609,1608,1626,1627
1507,1505,1481,1506,1494,1660,1482,1485,1613,1650,1612,1495,1594,1602,1595,1614
1562,1581,1582,1583,1560,1569,1563,1568,259,253,249,240,262,264,271,235
1620,1651,1619,1658,1589,1621,1590,1616,1582,1584,1569,1562,1585,1623,1583,1622
1536,1516,1537,1475,1483,1484,1436,1437,1549,1601,1504,1503,1565,1550,1551,1564
151,153,1596,1617,1610,1603,1595,1614,1609,1625,1627,1611,1626,1659,152,156
1608,1626,1610,151,1603,1614,1602,1594,1611,1627,1646,1644,1625,1659,1639,1638
1596,1617,1527,162,1595,1618,1594,1505,1603,1609,1625,1611,1608,151,1626,153
1609,1603,1608,1610,1614,1644,1602,1612,1643,1662,135,1649,1627,1646,1625,1639
1602,1604,1603,1594,1624,1650,1613,1495,1629,125,118,1636,1614,1644,1611,1643
1604,1594,1507,1482,1660,1495,1494,1485,1650,1624,115,113,1602,1612,1614,1603
1603,1594,1595,1610,1602,1612,1613,1604,1644,1629,1662,1643,1611,1609,1627,1608
1344,1404,1258,1312,1257,1289,1240,1259,1338,1395,1337,1400,1347,1346,1348,1365
265,266,267,1539,1598,1540,1553,1534,1655,1590,1589,1555,270,1619,272,1620
1527,1529,1523,1528,1618,1513,1505,1594,1610,1595,1608,1603,1596,153,151,162
1513,1529,1523,1448,1505,1506,1507,1481,1595,1594,1603,1604,1617,1527,1610,1596
270,272,265,274,1616,1655,1598,1540,1589,1590,1606,1621,1620,1658,1651,1631
1658,1631,272,274,1589,1619,1590,1616,1606,1584,1582,1569,1651,1585,1623,279
1590,1655,1619,1616,1555,1554,1553,1427,1588,1575,1568,1556,1589,1584,1569,1606
276,1623,277,279,1585,1651,1582,1606,1583,273,1581,271,275,1562,1631,264
279,1631,280,278,1651,1606,1620,1658,1622,1585,1583,273,277,276,275,1582
1650,1613,1660,1602,113,115,1495,116,118,125,121,124,1612,1629,1636,1644
1659,1608,1626,152,1609,1611,1603,1614,1639,1627,1646,1647,1638,1640,161,1645
151,153,1596,162,1608,1610,1603,1617,1625,1609,1627,1639,152,1659,156,1638
1609,1625,1608,1659,1611,1644,1614,1603,1646,1643,135,136,1639,1647,1638,1645
1519,1482,1405,1390,1406,1444,1388,105,1485,109,111,116,1494,1660,1495,1613
1612,1614,1602,1613,1624,118,1650,113,125,1636,121,124,1644,1662,1611,1643
1545,1542,1543,1525,1551,1565,1537,1536,1564,1577,1578,1592,1579,1546,1580,1572
280,278,1658,274,272,1619,1651,1623,1620,1585,279,277,276,1606,1622,270
1633,1587,1652,1656,1572,1580,1579,1592,1593,1573,223,221,228,233,225,242
1656,1652,244,245,1587,1580,1572,1546,1632,228,1593,225,233,242,1586,246
1473,1558,1472,1385,1498,1499,1382,1430,1518,1469,1500,1501,1531,1574,1532,1566
1526,251,1642,1559,1541,1509,1524,1491,1544,1547,1525,1543,236,247,238,237
1629,1644,1612,1614,121,125,118,1624,124,112,1654,1661,1662,1648,1649,1643
1162,1194,1150,1219,1195,1158,1151,1161,1260,1261,1270,1291,1193,1196,1263,1202
161,156,152,153,1659,1625,1626,1608,1640,1639,1645,1647,163,159,155,150
1625,1638,1659,1608,1646,1627,1609,1643,1647,1657,136,135,1645,1640,150,147
159,1638,163,161,1639,1625,1659,1646,1645,147,1657,144,155,150,1647,141
1511,1597,239,235,1497,1492,1532,1533,1490,1491,1474,1521,1496,1510,1509,1508
1508,1510,252,257,1496,1491,1641,1490,1509,1541,1635,1524,1559,1526,236,256
1627,1611,1614,1609,1662,1644,1636,1629,1649,132,1648,131,1646,135,1647,136
1614,1602,1609,1603,1629,1612,125,1624,1662,1636,1648,1649,1611,1643,1627,1646
1640,1638,159,163,1647,1639,1646,135,1657,144,141,139,147,150,155,136
1627,1625,1609,1638,1643,1611,1644,1662,135,136,132,1649,1647,1639,1657,139
1639,1640,1625,1638,1646,1627,1643,1611,136,135,139,132,1657,1645,141,144
1662,1629,1643,1644,124,1636,121,125,1654,112,1661,107,1649,1653,127,132
1643,1644,1646,1611,1648,1662,1636,124,1653,1654,129,127,132,131,135,136
1613,1604,1494,1594,1495,1660,115,116,1624,113,118,125,1612,1629,1602,1614
1631,1658,280,278,1620,1589,1619,272,1585,1606,1582,1583,1623,279,277,1622
1586,245,246,237,1546,1547,1579,1545,1587,1633,1580,1632,1656,244,242,233
1649,132,135,1662,1654,1648,1661,112,127,123,110,131,129,136,139,1643
1648,1649,1662,1636,112,124,107,121,1661,123,110,1653,127,129,131,132
1598,1616,1540,265,1553,1534,1427,1428,1555,1621,1554,1588,1590,1619,1589,1620
245,246,237,238,1652,1587,1586,1546,1633,233,1632,228,244,242,1580,1547
1645,1639,1640,155,1647,136,135,1646,139,129,141,144,147,150,132,1627
274,278,272,1619,270,1616,1620,1651,1606,1589,1631,280,279,1623,1585,265
152,151,153,1596,1626,1608,1609,1610,1625,1639,1627,1646,156,1638,161,163
1494,1482,1507,1481,1485,111,1628,109,1495,116,115,1624,1650,1613,1604,1612
1654,1648,124,1649,112,107,110,123,127,1653,129,1636,121,131,1662,132
1644,1611,1612,1614,1636,1629,125,121,1648,124,1654,1653,1649,1643,132,135
