1,3,2,8859,4,7,8857,-1,-1,-1,-1,-1
2,0,3,8859,4,7,8857,5,-1,-1,-1,-1
8859,4,1,3,8857,5,0,7,8855,6,10,8856
8859,1,2,7,0,8857,4,10,5,-1,-1,-1
2,5,8857,8859,8855,6,1,3,7,8,0,8856
6,4,8855,8857,8,2,8859,8854,8856,1,9,3
8,5,8855,4,8854,9,8857,2,8856,8860,12,8859
8859,3,10,8857,11,2,1,4,8856,8846,0,8855
6,9,8854,5,8855,12,8860,4,8857,8856,8852,14
8,12,8860,8854,6,14,8855,8853,8852,5,-1,-1
11,8846,7,13,8850,8856,8857,8859,8833,15,3,8855
13,10,8846,15,8850,7,8833,8856,16,8857,8831,8859
9,8860,14,8853,8,8854,8852,17,6,8851,-1,-1
11,15,8846,8833,10,16,8831,8850,7,18,-1,-1
8853,17,12,8860,8851,9,8852,20,8854,8,-1,-1
13,16,8831,8833,11,8846,18,10,8850,19,8832,8820
15,18,8831,13,8833,19,8832,8846,11,8820,21,-1
14,20,8853,8851,12,8860,22,8852,8842,-1,-1,-1
19,16,8831,8832,15,21,8833,8820,13,8812,-1,-1
18,21,8832,16,8831,23,8812,15,8815,8820,-1,-1
8851,17,22,8842,8853,14,24,8849,8852,8841,8860,-1
23,19,8812,8832,18,8814,25,8815,8831,16,-1,-1
8842,24,20,8851,8841,26,8849,17,8853,8827,-1,-1
21,25,8814,8812,19,8832,8805,27,-1,-1,-1,-1
26,22,8842,8841,8827,8840,20,8851,28,8849,-1,-1
8814,27,23,8805,29,8812,8794,21,8803,30,-1,-1
8840,24,28,8827,8841,8826,22,8842,31,8858,-1,-1
29,8794,25,8805,30,8814,8791,8793,32,23,-1,-1
8840,26,31,8826,8858,8827,34,24,-1,-1,-1,-1
30,27,8794,8791,32,8805,25,8793,33,8814,8796,8795
29,32,8791,8794,27,33,8796,8795,8805,35,8790,25
34,8858,28,36,8838,8826,8840,8818,26,-1,-1,-1
33,30,8796,8791,29,8795,35,8794,27,8789,8790,-1
32,8796,35,30,8795,8791,8789,37,29,-1,-1,-1
31,36,8838,8858,38,28,8835,8818,8817,8826,-1,-1
8796,33,37,8789,32,8795,39,8787,8773,30,-1,-1
34,38,8838,8835,31,8858,40,8817,-1,-1,-1,-1
8789,35,39,8773,8796,8787,33,41,8775,8795,-1,-1
36,40,8835,34,8838,8834,43,8817,8837,-1,-1,-1
37,41,8775,8773,8789,48,35,8769,8787,-1,-1,-1
38,43,8837,8835,8834,36,51,-1,-1,-1,-1,-1
8775,48,39,8773,8768,53,8769,37,8789,-1,-1,-1
50,44,8543,55,8544,46,8542,-1,-1,-1,-1,-1
8837,40,51,8844,8834,38,8843,56,-1,-1,-1,-1
8543,46,42,8544,50,8550,55,8542,45,8572,-1,-1
8550,46,47,8600,8572,8544,8623,44,49,8624,-1,-1
8550,45,44,8544,8572,8543,8600,47,42,-1,-1,-1
49,45,8600,8623,8550,8626,8624,46,52,8572,-1,-1
53,41,8775,8768,8769,57,39,8759,8773,61,8761,-1
8626,47,52,8623,8600,8666,8665,45,54,-1,-1,-1
8543,55,42,44,59,8542,8544,-1,-1,-1,-1,-1
8844,56,43,8837,60,62,8843,40,8845,-1,-1,-1
8626,54,49,8665,8666,58,8623,8675,47,-1,-1,-1
48,57,8768,8759,61,41,8775,8762,63,8761,8769,-1
58,52,8665,8675,8626,65,8666,49,-1,-1,-1,-1
50,59,8543,8542,42,66,8544,44,8599,-1,-1,-1
60,51,8844,62,8845,68,43,8837,-1,-1,-1,-1
61,53,8762,8759,63,8768,48,8745,8750,64,8761,8748
65,54,8675,8665,52,8695,8679,71,8626,8666,-1,-1
55,66,8542,8543,50,69,8632,8599,8183,8544,-1,-1
56,62,8844,8845,68,51,8847,72,-1,-1,-1,-1
57,63,8762,64,53,8750,8759,8745,8751,67,8768,48
60,68,8845,56,8844,8847,72,51,8808,-1,-1,-1
64,61,8762,8750,67,57,8751,8745,53,8759,70,8715
67,63,8751,8750,61,70,8762,8715,57,8736,74,8745
8675,58,71,8695,8665,8679,54,77,8677,-1,-1,-1
69,59,8183,8632,8542,73,55,8599,8475,8408,8543,-1
64,8751,70,63,8715,8750,74,61,8762,8736,8709,8710
72,62,8847,8845,60,8839,78,8861,8808,56,8844,-1
8183,66,8632,73,8475,8408,59,8595,8542,8119,8181,76
74,67,8751,8715,64,8710,75,8750,8709,63,8736,-1
8695,65,77,8675,8677,8679,58,8696,86,-1,-1,-1
68,78,8839,8847,8861,62,83,8806,8845,8807,8808,60
8183,8408,8119,69,76,66,8182,8475,8181,8063,8632,79
70,8710,75,8715,67,8751,80,8707,8709,64,8703,82
80,74,8707,82,8710,70,84,-1,-1,-1,-1,-1
8119,8063,79,73,8182,8408,8064,81,8183,8181,69,-1
71,86,8696,8695,8677,65,8756,93,8675,-1,-1,-1
83,72,8839,8806,68,90,8847,8807,8861,8780,-1,-1
81,8063,76,8064,85,8119,7838,8638,8182,89,8062,73
82,75,8707,84,74,8704,8710,8706,8691,8703,-1,-1
79,85,7838,8063,8064,8638,89,76,8119,7769,8182,92
80,8707,84,8704,8691,75,8706,8670,87,8703,8710,74
78,90,8806,8780,8839,72,8766,96,8779,-1,-1,-1
8691,87,82,8704,80,88,8670,8671,8707,75,91,-1
7838,81,89,8638,79,8064,92,8063,7769,95,8062,-1
8696,77,93,8756,8619,8677,97,71,8678,8687,-1,-1
88,84,8691,8671,91,8670,82,94,8669,8704,-1,-1
87,91,8671,94,8691,84,8669,8670,8660,-1,-1,-1
7838,85,92,7769,8638,81,95,8064,79,98,7793,8063
8780,83,96,8779,8806,78,8766,8767,8781,-1,-1,-1
88,94,8671,87,8669,99,8660,8691,84,-1,-1,-1
95,89,7769,7838,98,85,8638,7793,81,102,7955,-1
8619,97,86,8756,8585,8686,8696,100,8687,8560,77,-1
8669,99,91,8671,88,104,8661,8660,87,-1,-1,-1
98,92,7769,7793,89,102,7838,8638,7955,7687,85,106
8779,101,90,8781,8780,8777,8767,8785,83,8766,-1,-1
8585,93,100,8619,8560,103,8686,8756,86,105,8562,-1
7793,95,102,7769,7687,92,106,7955,89,7792,7688,111
104,94,8669,8661,109,91,8660,8671,8627,-1,-1,-1
103,97,8585,8560,105,8562,8619,93,8584,8561,8686,-1
8781,8785,108,96,8779,8777,8786,8732,8767,-1,-1,-1
106,98,7793,7687,7688,95,111,7792,7769,7883,92,112
105,100,8562,8584,97,8560,8585,107,8563,-1,-1,-1
109,99,8661,8669,8627,113,94,8660,-1,-1,-1,-1
103,8584,107,100,8562,8587,97,8560,8563,8585,110,-1
7688,111,102,7792,112,7687,7774,98,7793,7883,114,7963
8587,105,110,8584,116,103,8502,8570,-1,-1,-1,-1
8785,101,115,8763,8732,8781,119,8786,8718,-1,-1,-1
104,113,8627,8661,118,99,8629,8669,-1,-1,-1,-1
116,107,8587,120,8502,8584,105,-1,-1,-1,-1,-1
7688,106,112,7774,114,7792,102,7775,117,7687,7963,98
114,111,7774,7688,117,7775,106,7792,122,7787,102,-1
118,109,8629,8627,121,104,8661,-1,-1,-1,-1,-1
112,117,7775,111,7774,122,7688,106,7684,-1,-1,-1
8763,119,108,8717,8732,124,8718,8785,-1,-1,-1,-1
8587,120,110,8502,107,123,8570,8501,8584,-1,-1,-1
114,122,112,7775,111,7774,7684,-1,-1,-1,-1,-1
121,113,8629,125,109,8613,8627,8620,-1,-1,-1,-1
8717,124,115,8763,127,8718,8699,108,8732,-1,-1,-1
8502,123,116,8501,8587,8570,128,110,8529,-1,-1,-1
118,125,8613,8629,113,129,8615,8620,8609,-1,-1,-1
126,117,7684,7775,114,131,112,8492,7737,-1,-1,-1
8501,128,120,8502,8529,132,8570,116,8477,8587,-1,-1
127,119,8717,8699,130,115,8763,8718,8693,-1,-1,-1
121,129,8613,8615,118,8521,8609,133,8629,-1,-1,-1
131,122,7684,7737,135,7443,7775,7617,-1,-1,-1,-1
124,130,8699,8693,8717,134,119,8701,-1,-1,-1,-1
132,123,8501,8477,8529,136,120,8272,8502,138,8476,8570
8521,125,133,8615,8616,137,121,8614,8613,8609,-1,-1
127,134,8693,8699,124,8700,140,8701,8692,8717,-1,-1
126,135,7443,7737,139,7684,122,-1,-1,-1,-1,-1
136,128,8477,8272,138,8529,123,142,8501,8271,8155,8476
137,8521,8616,129,141,8614,8445,8615,8487,125,143,-1
130,140,8700,8693,8692,144,127,8649,8617,8699,8701,-1
139,131,7443,126,7737,146,7441,7596,-1,-1,-1,-1
138,8272,132,8155,142,8477,8153,8271,128,145,-1,-1
133,141,8616,8445,8521,143,129,8487,8309,8614,8446,147
136,142,132,8153,8272,145,8155,8374,128,8477,148,-1
135,146,7443,7441,131,152,7442,7737,7596,-1,-1,-1
8700,144,134,8617,8649,149,8693,8692,130,153,8597,8652
137,143,8445,8309,8616,133,147,8446,8487,8281,8521,150
138,145,8374,8153,136,148,132,8155,8272,8154,8187,-1
8309,141,147,8445,150,137,8281,8446,151,8616,8310,133
8617,149,140,8700,153,8649,134,8567,8597,154,-1,-1
142,148,8374,8153,138,8187,8154,151,136,150,-1,-1
152,139,7442,7441,135,7443,7229,155,-1,-1,-1,-1
150,143,8309,8281,151,8310,141,8446,8445,148,8186,8164
145,8374,8187,151,142,150,8186,8154,8153,147,8310,138
153,144,8567,8617,154,140,8597,8649,8700,8565,-1,-1
147,151,8310,8281,143,8309,8186,148,8187,8164,8028,8446
150,8186,8310,148,147,8187,8281,8028,145,7983,8374,143
146,155,7229,7442,157,7441,7228,7394,139,7597,-1,-1
149,154,8567,144,8617,156,8524,8565,8597,140,-1,-1
153,156,8567,8524,149,8565,8568,159,144,8617,-1,-1
7229,157,152,7228,7442,158,7394,7471,146,-1,-1,-1
159,154,8568,8524,153,161,8509,8567,-1,-1,-1,-1
7228,155,158,7229,7184,160,7471,152,7394,-1,-1,-1
160,157,7184,7228,155,7101,162,7471,7229,-1,-1,-1
161,156,8568,8509,8508,163,8524,154,-1,-1,-1,-1
158,162,7101,7184,157,7228,164,7100,6914,-1,-1,-1
8509,159,163,8568,8508,8410,166,156,8503,-1,-1,-1
7101,160,164,6914,165,7184,7100,158,167,-1,-1,-1
166,161,8503,8509,8410,169,159,8508,-1,-1,-1,-1
165,6914,162,167,7101,168,6915,7100,160,-1,-1,-1
164,167,6914,168,6915,162,7101,170,7100,7216,-1,-1
169,8503,163,172,8504,8410,161,8390,8509,-1,-1,-1
168,165,6914,6915,170,164,7216,171,7101,7100,162,6913
170,167,7216,6915,171,165,6914,173,164,6913,6635,-1
172,166,8503,8504,175,8505,163,8390,-1,-1,-1,-1
168,171,7216,173,167,6915,6635,6913,165,174,6914,-1
170,173,7216,6635,168,174,7056,167,6913,6915,176,-1
169,175,8505,8504,177,166,8503,8416,8391,-1,-1,-1
171,174,6635,7056,170,7216,176,168,7074,6913,178,7175
173,176,7056,171,178,6635,6612,7055,170,7074,180,7216
8505,172,177,8416,8504,169,179,8320,8391,-1,-1,-1
178,174,7056,6612,180,173,7055,181,171,6635,7074,-1
175,179,8320,8505,8416,172,8321,8500,182,8504,-1,-1
176,180,6612,181,174,7056,7055,6852,7054,173,183,-1
8320,177,8321,182,8500,8416,175,8505,8204,8278,184,-1
178,181,6612,6852,176,183,7054,7055,7056,174,6853,-1
183,180,6852,6853,178,6612,185,7034,7054,176,7066,6963
8320,8321,179,184,8204,177,8278,8500,7734,186,-1,-1
6853,181,185,6852,6963,7034,180,187,178,7066,-1,-1
182,186,7734,8204,7650,8321,7745,8320,179,-1,-1,-1
187,183,6963,6853,7021,181,7034,188,7025,6852,-1,-1
7650,7734,184,189,7651,8204,7745,191,182,-1,-1,-1
185,188,7021,6963,190,6853,183,6690,7025,6854,-1,-1
190,187,7021,6690,192,185,6963,6854,193,-1,-1,-1
7650,191,186,7651,7637,7734,7649,194,-1,-1,-1,-1
188,192,6690,7021,193,187,6545,6854,195,-1,-1,-1
7637,194,189,7416,7650,196,7651,7649,186,7652,-1,-1
193,190,6690,6545,195,188,7021,6468,6854,198,6772,-1
195,192,6545,6468,6690,198,190,6544,6546,208,6854,6772
196,191,7416,7637,189,197,7652,-1,-1,-1,-1,-1
6468,193,198,6544,6545,192,208,6405,6546,6690,6772,211
7416,194,197,7652,7637,7415,191,199,-1,-1,-1,-1
7415,199,196,7416,7652,7565,7747,200,194,-1,-1,-1
6468,208,195,6405,6544,193,211,6545,192,6404,6546,214
200,197,7415,7565,7566,201,7747,196,7652,-1,-1,-1
7566,201,199,7565,7415,7628,202,197,7647,-1,-1,-1
200,7566,202,7628,7372,7565,199,203,7647,-1,-1,-1
7372,203,201,7628,7371,7566,7556,204,200,-1,-1,-1
204,202,7372,7371,7448,7556,205,201,7628,-1,-1,-1
7448,205,203,7371,7355,7414,7372,206,202,-1,-1,-1
204,206,7355,7448,7282,7414,7467,207,203,7371,-1,-1
7282,205,207,7355,7467,209,7354,7281,7448,204,210,7412
209,7281,7282,206,7354,210,7467,212,7280,7357,7355,205
198,211,6405,6468,195,6544,214,6404,193,-1,-1,-1
207,210,7281,212,7354,7280,7282,206,213,7357,7246,-1
209,212,7281,7280,207,213,7246,7354,215,7357,7282,206
214,208,6405,198,6404,216,6403,6468,6544,195,-1,-1
210,213,7246,7280,209,215,7281,207,7245,7082,217,-1
212,215,7246,210,7082,217,7280,7081,7083,209,7245,7281
211,216,6403,6405,208,6404,6119,218,219,198,-1,-1
213,217,7081,7082,212,7246,6948,220,210,7083,6978,-1
218,214,6119,6403,219,211,6118,6756,221,6404,6071,6605
215,7081,220,6948,213,7082,6833,6978,223,212,7246,-1
219,6119,216,6118,6071,221,6403,214,6756,222,6508,5950
218,221,6071,216,6119,222,6118,5950,6508,214,6403,6069
223,217,6948,6833,7081,6947,215,225,6946,-1,-1,-1
219,222,6071,5950,218,224,6069,216,6118,6119,5938,-1
5950,221,224,219,5938,6071,226,6069,218,-1,-1,-1
225,6947,220,6833,227,6765,6948,6766,217,6946,-1,-1
222,226,5950,5938,221,228,5863,6069,-1,-1,-1,-1
227,223,6947,6765,6833,229,220,6766,6764,-1,-1,-1
228,224,5863,5938,230,5939,222,5937,5950,231,-1,-1
225,229,6765,6764,6947,223,232,6724,6766,-1,-1,-1
230,5939,5863,226,231,5779,224,5938,5864,5937,233,5780
227,6764,232,6765,225,6797,235,6724,6947,6725,-1,-1
5939,231,228,5779,233,5863,226,5780,234,5864,-1,-1
230,233,5939,5780,228,5779,234,5863,226,5697,5696,-1
229,235,6797,6764,6476,227,6725,237,-1,-1,-1,-1
234,231,5780,230,5939,5697,236,5779,228,5696,-1,-1
233,236,5780,5697,231,238,5696,230,5779,5939,-1,-1
6476,237,232,6797,239,6702,6354,229,6764,6725,-1,-1
5697,234,238,5780,233,240,5644,5700,5696,-1,-1,-1
239,6476,235,6354,242,6797,6702,232,6288,6355,-1,-1
240,5700,236,5697,241,5644,5533,234,5643,243,-1,-1
237,242,6354,6288,6476,245,235,6355,-1,-1,-1,-1
238,241,5700,5533,243,236,5643,5644,244,5697,5435,-1
243,240,5533,244,5700,238,5435,5643,248,5554,-1,-1
245,239,6288,6354,251,6272,237,6355,6396,-1,-1,-1
241,244,5533,5435,248,240,5700,252,238,5554,5247,5643
243,248,5435,241,252,5533,5247,240,5436,253,5554,-1
251,242,6272,6288,255,239,6396,6274,6061,6355,6354,-1
249,4758,247,253,4987,250,4757,4689,254,252,-1,-1
250,4987,246,4758,254,249,4689,256,253,4757,-1,-1
244,252,5435,5247,243,253,4986,241,5436,249,5533,-1
253,246,4758,247,252,4757,4986,4987,248,250,4689,-1
254,247,4987,256,4689,4758,246,249,257,4690,-1,-1
255,245,6272,6061,242,6288,258,6274,6396,-1,-1,-1
248,5247,253,4986,244,249,5435,5679,243,5436,4942,246
249,252,4986,4758,246,4757,248,5247,247,5679,244,4987
250,256,4987,247,4689,257,4758,4690,246,-1,-1,-1
251,258,6061,245,6272,6053,6274,260,-1,-1,-1,-1
254,257,250,4689,4987,4690,259,4604,247,-1,-1,-1
256,259,4604,4690,254,261,4689,4987,250,-1,-1,-1
6053,255,260,6061,6047,251,263,6045,-1,-1,-1,-1
261,257,4604,4690,256,262,4279,3953,-1,-1,-1,-1
263,258,6053,6047,6046,265,6045,6061,255,-1,-1,-1
259,262,3953,4604,4279,257,264,4172,4690,-1,-1,-1
3953,264,261,4279,4172,3954,259,266,4604,-1,-1,-1
6046,260,265,6047,6053,267,6037,6038,258,-1,-1,-1
3954,262,266,3953,4172,4173,261,268,4279,-1,-1,-1
267,6046,263,6038,269,6328,6047,6037,260,6329,-1,-1
3954,264,268,4173,4172,270,262,4438,3953,-1,-1,-1
265,269,6328,6038,6329,6046,271,263,6219,6036,-1,-1
270,266,4438,4173,3954,272,264,3636,-1,-1,-1,-1
6329,271,267,6328,6219,265,6038,273,6304,6036,-1,-1
268,272,4438,3636,274,266,4173,3559,3954,-1,-1,-1
6329,269,273,6304,6219,6328,267,275,6220,6305,-1,-1
3636,274,270,4438,268,3558,276,3559,-1,-1,-1,-1
6304,275,271,6305,6329,6219,277,6220,269,6328,279,-1
272,276,3636,3558,270,3559,278,3458,4438,3512,-1,-1
277,273,6305,6304,279,271,6220,6218,281,-1,-1,-1
274,278,3458,3558,280,3801,272,3636,3398,-1,-1,-1
279,275,6305,281,6218,6304,273,6220,5884,283,-1,-1
280,3801,276,3458,282,2833,3558,274,3011,3398,-1,-1
277,281,6305,6218,5884,275,283,6304,6220,6543,273,284
282,278,3801,2833,3458,276,285,3011,-1,-1,-1,-1
283,279,5884,6218,277,284,6305,5949,6543,275,-1,-1
280,285,2833,3801,278,2818,287,3011,3458,2832,-1,-1
281,284,5884,5949,279,286,6218,6543,5912,5777,277,-1
286,283,5949,5912,5884,281,288,6543,5777,5778,279,-1
282,287,2818,2833,280,290,2523,2832,3801,-1,-1,-1
288,284,5912,5949,289,283,6247,5884,5778,291,-1,-1
290,285,2818,2523,292,282,2833,2707,2832,-1,-1,-1
289,286,5912,6247,291,284,5949,5879,293,-1,-1,-1
291,288,6247,293,286,5912,5182,5183,5994,5879,5536,295
2523,292,287,2818,2524,285,2707,294,-1,-1,-1,-1
289,293,5183,5182,6247,288,295,5994,5136,5536,286,5181
290,294,2523,2524,287,2453,297,2707,-1,-1,-1,-1
5183,291,5182,295,5136,289,5070,6247,5994,296,5181,288
2453,292,297,2524,290,2708,299,2523,2452,-1,-1,-1
5183,296,293,5070,5136,291,5182,5073,298,5137,289,-1
298,295,5070,5073,5183,300,293,5071,5137,5136,5048,-1
299,2453,294,2452,301,2708,2524,292,-1,-1,-1,-1
300,296,5073,5071,5070,5072,303,295,5048,-1,-1,-1
297,301,2452,2453,2517,302,294,2732,2708,-1,-1,-1
5071,303,298,5073,5072,5130,305,296,-1,-1,-1,-1
302,2517,299,2452,304,2732,2733,297,306,-1,-1,-1
301,304,2517,2733,306,2732,299,2452,307,-1,-1,-1
305,300,5071,5130,5583,308,298,5072,5584,-1,-1,-1
302,306,2733,2517,301,307,2732,2769,2458,309,2452,-1
308,303,5583,5130,310,300,5584,5071,5582,-1,-1,-1
304,307,2733,2769,2458,302,309,2517,2732,2703,301,311
306,309,2458,2769,304,311,2743,2733,2703,302,-1,-1
5583,305,310,5582,5584,303,312,5130,-1,-1,-1,-1
307,311,2458,2743,306,313,2769,2703,2677,2870,304,2733
308,312,5582,5583,5584,305,314,5485,5338,-1,-1,-1
309,313,2743,2870,2677,2458,307,315,2703,2704,2702,2769
310,314,5582,5485,308,5583,5338,316,5584,5461,-1,-1
2870,315,311,2457,2677,309,2557,2743,317,2458,2596,-1
316,312,5485,5461,5582,310,5166,318,5338,-1,-1,-1
2457,313,317,2870,2557,2556,319,311,2677,-1,-1,-1
5461,314,318,5165,5166,5485,320,312,-1,-1,-1,-1
319,315,2457,2556,321,2557,2870,313,2623,2599,-1,-1
320,5165,316,5461,5576,323,5166,5167,314,5018,-1,-1
321,317,2623,2556,2457,322,315,2599,-1,-1,-1,-1
5576,318,323,5165,5241,5167,324,316,5461,-1,-1,-1
319,322,2623,2798,317,325,2556,2622,2599,-1,-1,-1
325,321,2798,2623,319,327,2622,2797,2806,-1,-1,-1
324,320,5576,5241,326,318,5167,4833,5165,4832,5255,-1
326,323,5241,4832,4833,328,5576,320,5255,4462,-1,-1
327,322,2798,2797,321,329,2661,2806,2623,2622,-1,-1
324,328,4832,4462,4833,330,323,5241,4318,-1,-1,-1
329,325,2661,2797,2798,331,322,3180,3166,2806,-1,-1
326,330,4832,4462,324,332,4318,4833,4316,-1,-1,-1
2661,331,327,3166,2338,2797,333,325,3180,-1,-1,-1
4462,328,332,4832,4316,326,334,4318,-1,-1,-1,-1
2338,329,333,3166,2661,2337,327,335,3180,2470,-1,-1
334,330,4462,4316,328,4463,336,4832,-1,-1,-1,-1
2338,335,331,2337,3166,337,329,1987,2661,2354,2470,-1
332,336,4463,4316,330,4462,4464,4595,339,-1,-1,-1
337,333,2337,1987,2338,338,331,2354,3166,-1,-1,-1
4463,334,339,4595,332,4316,341,4464,4390,4596,-1,-1
335,338,1987,2337,333,340,1911,1988,2237,2354,2338,-1
337,340,1911,1987,1988,342,335,2237,1910,-1,-1,-1
4595,341,336,4596,4683,4463,343,4390,334,-1,-1,-1
1911,342,338,1910,1988,344,337,1987,1909,-1,-1,-1
4683,343,339,4596,4595,4815,345,4816,336,4389,-1,-1
340,344,1911,1910,1909,346,338,2049,1988,-1,-1,-1
4683,345,341,4816,4815,4596,347,5079,339,4603,4595,-1
1909,346,342,1910,2049,2022,340,348,1911,-1,-1,-1
4816,347,343,4683,5079,4815,4999,349,341,4603,4596,4953
344,348,1909,2022,342,350,2049,1910,1921,-1,-1,-1
4999,345,349,4816,5079,4797,343,4457,351,4815,4683,4953
350,346,2022,1921,1909,344,352,1897,2048,2049,-1,-1
351,347,4999,4797,4717,345,4457,4346,353,5079,4816,4458
1921,348,352,1897,2022,1920,346,2048,354,1826,1896,1909
4717,349,353,4797,4346,4798,4999,355,347,4458,-1,-1
350,354,1897,1826,1921,348,1896,356,1920,-1,-1,-1
4717,4798,355,351,4346,4485,357,4797,349,4348,-1,-1
1826,352,356,1897,1667,350,358,1896,-1,-1,-1,-1
353,357,4485,4798,4717,4360,359,4346,351,4348,-1,-1
358,354,1826,1596,1667,352,361,-1,-1,-1,-1,-1
359,355,4485,4360,4359,4798,360,353,4348,4268,-1,-1
356,1596,361,1667,354,1475,1826,363,-1,-1,-1,-1
4359,360,357,4360,4312,4268,362,4485,355,-1,-1,-1
362,359,4359,4312,4310,357,364,4268,4360,4267,-1,-1
363,358,1475,1596,365,356,1595,1433,-1,-1,-1,-1
360,364,4310,4312,4359,359,366,4896,4267,4314,-1,-1
365,361,1475,1433,1431,367,1476,1543,1596,358,-1,-1
362,366,4310,4896,360,4312,4314,368,4897,-1,-1,-1
1431,367,363,1433,1543,1407,1475,370,361,1432,-1,-1
4896,364,368,4897,4310,362,4314,369,5267,-1,-1,-1
1431,1543,365,370,1433,1407,1387,363,372,-1,-1,-1
369,366,5267,4896,4897,371,364,4563,4314,-1,-1,-1
371,5267,368,5132,4897,373,366,4563,4896,5446,-1,-1
372,367,1543,1387,1431,1407,374,365,1349,-1,-1,-1
369,373,5267,5132,5446,375,368,4563,5131,4897,-1,-1
374,370,1388,1387,1729,1349,376,1543,367,1230,-1,-1
5446,375,371,5132,5131,377,369,5267,5330,-1,-1,-1
1388,376,372,1729,1230,378,1349,370,1387,-1,-1,-1
5446,373,377,5131,5330,371,5132,5445,380,-1,-1,-1
1388,374,378,1230,1729,1208,372,379,1238,-1,-1,-1
375,380,5445,5330,5446,381,373,5431,5131,5051,-1,-1
376,379,1230,1208,1388,382,374,1238,1209,1729,-1,-1
382,378,1208,384,1209,1230,1210,376,386,1238,1388,-1
381,5445,377,5431,383,5330,5051,375,5232,-1,-1,-1
5431,383,380,5445,385,377,5051,5232,5386,387,-1,-1
379,384,1210,1208,386,1209,378,388,1230,1239,-1,-1
385,381,5431,5386,387,380,5232,5445,389,5051,-1,-1
382,386,1210,379,388,1209,1208,1239,390,-1,-1,-1
387,383,5386,389,381,5431,5254,5232,5385,-1,-1,-1
1210,388,384,382,1239,390,1209,1245,379,1208,392,-1
385,389,5386,5385,383,5254,391,381,-1,-1,-1,-1
390,386,1210,1245,1239,392,384,1248,1209,382,-1,-1
5385,387,391,5254,5386,385,5387,393,5253,395,383,-1
388,392,1245,1248,386,394,1239,1210,1246,384,-1,-1
5385,393,389,5387,5254,395,387,5253,5386,396,5510,-1
390,1248,394,1245,388,397,1249,1246,398,1252,386,-1
395,391,5387,5385,396,5254,5510,389,5253,400,-1,-1
392,397,1248,398,1252,1249,390,399,1251,1245,1246,-1
396,393,5387,5510,391,400,5385,5253,5254,5252,389,402
395,400,5510,393,5387,5252,402,5253,391,4963,5385,5254
398,1252,1251,394,399,1249,1384,1412,392,1248,401,1486
399,397,1251,1252,394,401,1486,1412,403,392,1249,1384
398,401,1251,397,403,1486,394,1288,1252,1412,404,-1
396,402,5510,5252,395,405,5096,5174,5387,393,-1,-1
403,399,1288,398,1486,404,1251,397,406,-1,-1,-1
405,400,5174,5252,5096,396,407,5510,395,-1,-1,-1
401,404,1288,399,406,1486,1463,398,1251,1464,-1,-1
406,403,1288,1463,401,408,1486,1464,399,1279,-1,-1
402,407,5174,400,5096,4885,409,5252,5337,-1,-1,-1
404,408,1463,403,1288,1279,411,1361,401,1464,-1,-1
405,409,5174,4885,410,402,5337,5096,4746,-1,-1,-1
1279,411,406,1463,1361,404,413,1278,1372,1288,-1,-1
410,407,4885,412,5174,405,4746,4747,5337,4936,-1,-1
409,412,4885,4747,4936,407,4746,414,4937,5337,-1,-1
1279,408,413,1278,1305,1361,406,1463,415,1212,-1,-1
4936,410,4747,414,409,4937,4935,4746,4885,416,-1,-1
1305,411,415,1278,1212,1279,408,1361,417,1303,-1,-1
4936,4935,412,416,410,4747,4937,419,4518,-1,-1,-1
1305,413,1212,417,1362,1278,411,1303,418,1483,-1,-1
419,414,4935,4518,4936,421,412,-1,-1,-1,-1,-1
415,418,1483,1362,1212,1305,420,413,1277,-1,-1,-1
420,1483,417,422,1362,1282,1277,415,1214,1212,-1,-1
421,416,4519,4518,423,4935,414,-1,-1,-1,-1,-1
418,422,1483,1282,1214,425,417,1277,1313,-1,-1,-1
423,4519,419,424,4335,4518,416,-1,-1,-1,-1,-1
1214,425,420,1282,1313,418,428,1483,-1,-1,-1,-1
424,421,4335,4519,426,419,427,4341,-1,-1,-1,-1
426,423,4335,427,421,4519,3826,429,4001,-1,-1,-1
422,1214,428,1313,420,430,1282,1254,-1,-1,-1,-1
424,427,4335,429,423,3826,4001,431,4519,-1,-1,-1
426,429,4001,424,3826,431,4335,3649,423,-1,-1,-1
425,430,1254,1313,1214,422,432,1329,-1,-1,-1,-1
4001,427,431,426,3649,3826,433,424,3648,4335,-1,-1
1254,432,428,434,1313,1439,425,1329,436,1214,-1,-1
429,4001,433,3649,427,3648,435,3826,426,-1,-1,-1
434,430,1254,1439,436,428,437,1411,-1,-1,-1,-1
435,431,3648,429,438,3649,4001,3643,-1,-1,-1,-1
436,432,1439,437,430,1411,1254,1482,-1,-1,-1,-1
438,433,3643,3648,3522,440,431,-1,-1,-1,-1,-1
434,437,1411,1439,432,439,1482,1231,1254,430,-1,-1
439,436,1411,434,1231,441,1439,1482,1233,1106,432,-1
440,435,3522,3643,442,433,3523,3524,-1,-1,-1,-1
437,441,1411,1233,1106,1231,436,443,1482,1159,-1,-1
442,438,3522,3523,444,435,3524,3643,3516,-1,-1,-1
443,439,1106,1233,437,1104,445,1231,1411,1134,-1,-1
440,444,3523,446,3522,438,3625,3526,3516,3524,447,-1
445,441,1106,1104,439,1105,448,1233,1134,1107,-1,-1
446,442,3625,3523,447,3526,440,3548,3516,449,3922,-1
443,448,1104,1105,441,1106,450,1107,-1,-1,-1,-1
447,444,3625,3526,442,3548,449,3922,3523,-1,-1,-1
446,3625,3922,449,3548,444,451,3526,3547,3624,442,-1
450,445,1105,1103,443,1104,1128,452,-1,-1,-1,-1
451,447,3922,446,3624,3625,453,444,-1,-1,-1,-1
448,452,1103,1078,1105,454,1101,445,1128,-1,-1,-1
449,453,3624,3922,447,3660,455,-1,-1,-1,-1,-1
1078,454,450,1103,1101,456,1077,448,1066,-1,-1,-1
455,451,3660,3624,3914,3922,449,457,3626,-1,-1,-1
456,452,1078,1066,1077,458,450,1101,1064,1103,-1,-1
3914,453,457,3660,3624,3809,3502,451,460,-1,-1,-1
1066,458,454,1077,459,1064,1078,452,1057,1300,-1,-1
3914,455,460,3809,3810,3660,3502,3501,453,463,3808,-1
459,456,1066,1300,1057,1064,461,454,1063,1077,1065,-1
1300,458,461,1057,1063,456,1066,462,1056,1064,1062,1065
3810,463,457,3809,3914,3808,4006,467,3501,455,-1,-1
459,1300,1063,462,1056,458,1057,1055,1067,1062,464,-1
1055,464,461,1056,1060,459,1094,1063,1300,1059,465,-1
3810,467,4006,460,5200,3808,3809,470,4005,457,3807,-1
1060,1055,465,462,1059,466,1076,1056,1094,461,-1,-1
466,1060,464,1076,468,1059,1055,469,1115,462,-1,-1
465,468,1076,1060,469,1115,464,1059,471,1079,-1,-1
470,463,5200,4006,3810,472,4098,4005,460,3967,-1,-1
469,466,1115,1076,471,465,1114,1060,1079,473,1059,1129
471,468,1115,1114,466,473,1076,1129,465,1079,-1,-1
472,467,5200,4098,474,463,4006,3967,4099,4005,-1,-1
469,473,1114,1115,468,475,1129,1132,466,1076,-1,-1
470,474,4098,4099,5200,476,467,4399,3964,3967,-1,-1
1114,471,475,1132,469,1115,477,1129,1151,468,-1,-1
476,472,4099,4399,4098,478,4214,470,-1,-1,-1,-1
473,477,1132,1151,1114,471,479,1129,1131,-1,-1,-1
4399,474,478,4214,4099,472,480,-1,-1,-1,-1,-1
1151,479,475,1132,1152,473,481,1186,1187,1114,-1,-1
4399,476,480,4214,474,4099,4215,-1,-1,-1,-1,-1
1152,481,477,1151,1187,1327,482,475,1186,1132,-1,-1
4215,483,478,4214,4399,4134,476,3747,4133,-1,-1,-1
1152,479,482,1327,1228,1187,477,1151,484,-1,-1,-1
481,1228,484,1327,1152,479,1229,1203,1187,486,-1,-1
4134,4215,480,485,4133,4135,3747,4214,-1,-1,-1,-1
1228,1203,482,486,1229,1327,488,481,1213,1227,-1,-1
4135,4134,487,483,4212,489,4133,4107,4215,491,-1,-1
488,1203,484,1213,490,1228,1135,1227,1229,1097,1299,482
489,4212,485,4136,4135,491,4259,492,4134,4107,4108,-1
486,490,1135,1097,1213,1203,495,484,1299,-1,-1,-1
491,487,492,4136,4259,4212,485,493,4135,4388,-1,-1
1097,488,1135,495,486,1213,1299,1154,-1,-1,-1,-1
492,489,4259,493,487,4388,4136,494,4258,4212,485,4015
493,491,4388,494,489,4259,496,487,4015,4136,4529,4258
492,494,4388,491,496,4529,4259,489,497,4015,4452,-1
496,493,4388,4529,492,497,491,498,4452,4259,4015,4530
1097,1135,499,490,1154,1153,488,1299,502,1213,-1,-1
494,497,4529,493,498,4388,492,4530,500,4452,-1,-1
496,498,4529,494,500,4530,493,4388,501,4452,4988,-1
497,500,496,4529,501,4530,4988,494,503,-1,-1,-1
1153,502,1154,495,1201,504,1097,1135,1299,1298,-1,-1
498,501,4988,497,503,4530,4529,496,5160,505,-1,-1
500,503,4988,498,505,5160,4530,497,4930,-1,-1,-1
1153,499,504,1201,1154,508,1191,495,-1,-1,-1,-1
505,501,5160,4988,500,506,5035,5037,498,4930,-1,-1
508,502,1191,1153,1201,499,1202,510,1200,1154,-1,-1
503,5160,506,5035,501,5037,4988,5425,500,507,4727,4930
5035,5425,507,505,503,509,5036,5037,5160,-1,-1,-1
5425,509,506,5035,5036,511,505,5301,-1,-1,-1,-1
504,1191,1202,510,502,1418,1201,1205,1153,1200,515,-1
507,511,5425,5301,5036,506,5035,514,5300,-1,-1,-1
1202,515,508,1205,1418,1191,504,518,1204,-1,-1,-1
5301,509,5300,514,5036,5278,5425,507,5279,5299,4969,513
516,513,5527,517,5299,519,514,5664,-1,-1,-1,-1
5299,512,514,5527,516,5300,5526,5279,511,517,-1,-1
5300,5299,513,511,5279,5301,5278,509,5526,512,5527,-1
1205,518,510,1202,521,1204,1206,1418,508,-1,-1,-1
512,517,5527,519,5664,513,520,5665,5299,-1,-1,-1
519,516,5664,520,5527,512,5665,523,513,-1,-1,-1
515,521,1206,1205,1204,522,510,1207,1202,-1,-1,-1
517,520,5664,516,523,5527,512,5618,5665,-1,-1,-1
519,523,5664,517,525,516,5617,5618,-1,-1,-1,-1
522,518,1206,1207,524,515,1204,1205,1736,1215,-1,-1
524,521,1207,1206,1215,526,518,1226,1736,-1,-1,-1
520,525,5617,5664,519,5618,528,517,5443,-1,-1,-1
522,526,1215,1207,521,527,1206,1222,2459,1226,-1,-1
5617,528,523,5443,5618,529,5616,520,5664,-1,-1,-1
527,524,1215,1222,522,1207,530,2459,1295,-1,-1,-1
526,530,1222,1295,1215,524,532,2459,1294,-1,-1,-1
529,5616,525,5617,5443,531,5441,5615,523,5618,-1,-1
531,528,5616,5615,525,5441,5443,533,5617,5549,-1,-1
1295,527,532,1389,1222,526,534,1294,1310,-1,-1,-1
529,533,5615,5549,5616,528,5441,5611,-1,-1,-1,-1
534,530,1310,1295,1389,1365,536,527,-1,-1,-1,-1
5549,531,535,5615,5482,5611,529,5481,-1,-1,-1,-1
532,536,1365,1310,538,530,1218,1363,1389,-1,-1,-1
537,533,5481,5482,5549,5611,5370,540,-1,-1,-1,-1
538,534,1365,1218,532,539,1363,1310,-1,-1,-1,-1
5481,535,540,5371,5482,5370,542,5480,-1,-1,-1,-1
1218,539,536,1365,541,534,1363,1586,1217,543,-1,-1
541,538,1218,543,1217,536,1586,1365,545,-1,-1,-1
542,5371,5480,537,544,5481,5372,5370,5803,546,5748,535
539,543,1217,1218,545,538,1586,1375,548,-1,-1,-1
540,544,5480,546,5748,5371,537,5803,5372,547,5481,-1
545,541,1217,548,539,1586,1375,1465,1218,549,538,-1
546,542,5748,5480,547,540,5749,5803,551,5371,5372,-1
543,548,1217,1465,549,1375,541,550,1586,2444,539,-1
547,544,5748,5749,542,551,5480,5981,540,5626,5803,-1
546,551,5749,544,5981,5748,553,542,5626,-1,-1,-1
549,545,1465,550,543,1375,1217,2444,1560,541,-1,-1
550,548,1465,545,2444,1560,1375,552,543,1217,-1,-1
549,1465,552,1560,548,2444,545,1631,1375,1480,554,-1
553,547,5981,5749,546,6004,556,5783,5748,544,5626,-1
1560,550,554,1480,1631,2444,549,1481,1616,1465,555,-1
551,5981,6004,556,5749,5783,547,5848,560,-1,-1,-1
1481,1480,555,552,1760,1560,1616,1631,1544,557,550,-1
1481,1760,554,557,1544,1480,1616,1547,1546,552,1545,558
6004,560,553,5848,5981,6005,551,562,5783,-1,-1,-1
1544,555,558,1545,1481,1760,559,1547,554,-1,-1,-1
559,1545,557,561,1556,1544,563,1547,1555,1563,555,-1
561,558,1556,563,1545,1563,557,1576,1561,565,1544,-1
6005,562,556,5848,7782,6004,6003,564,553,6534,-1,-1
559,563,1563,1556,558,1576,1545,1561,565,1800,1574,-1
6005,564,560,7782,6003,556,5848,6356,566,6303,-1,-1
1576,565,561,1563,559,1574,558,567,1556,1800,-1,-1
562,7782,566,6303,6005,560,6356,6003,6101,569,-1,-1
1576,567,563,1574,2592,1563,568,561,559,-1,-1,-1
6303,569,564,6101,7782,6079,562,6077,570,6356,-1,-1
565,568,2592,1576,1574,563,2170,1799,571,-1,-1,-1
2592,567,2170,571,1799,1574,565,1576,2169,2172,573,-1
6101,570,566,6079,6303,6078,572,564,6077,-1,-1,-1
569,572,6078,6101,6079,6102,575,566,6100,-1,-1,-1
2170,568,573,2169,2592,574,2172,567,1799,-1,-1,-1
575,570,6078,6102,6100,577,569,6079,6197,6101,-1,-1
574,2169,571,576,2171,2170,1894,2172,568,-1,-1,-1
573,576,2171,2169,571,578,1894,1895,-1,-1,-1,-1
577,6100,572,6197,6102,580,6078,6125,570,6126,-1,-1
574,2171,578,573,2169,1895,1894,579,-1,-1,-1,-1
6197,580,575,6100,6312,584,572,6147,6125,-1,-1,-1
579,576,2171,1895,574,2008,1894,581,-1,-1,-1,-1
2008,581,578,1895,582,1893,2516,2171,576,-1,-1,-1
577,584,6312,6197,6549,575,586,6147,6454,-1,-1,-1
582,2008,2516,579,583,1893,2007,1895,3297,585,578,-1
581,583,2516,2008,585,3297,579,2007,1893,2334,587,-1
582,585,2516,3297,581,2334,587,2007,2008,588,2499,-1
586,580,6549,6312,577,6547,589,6197,6454,6147,-1,-1
583,587,2334,582,588,2499,3297,2516,581,590,2333,-1
584,6549,589,6547,6312,580,7121,6454,593,-1,-1,-1
588,585,2499,2334,590,583,2333,3054,3297,582,-1,-1
590,587,2499,585,2334,3054,2333,591,583,-1,-1,-1
7121,593,586,6547,6549,6624,6603,584,597,-1,-1,-1
588,2499,591,3054,587,2333,2412,2334,585,2335,592,-1
2412,3054,592,590,2413,2499,594,588,2335,2333,2481,-1
2412,594,2413,2481,591,595,3054,2335,596,2868,2480,590
7121,6603,589,597,6624,6625,6547,599,6623,586,-1,-1
592,595,2481,2412,2413,596,2480,591,2573,2868,3054,598
594,596,2481,2573,592,2480,2412,598,2413,2868,2934,-1
598,595,2573,594,2480,2934,2481,600,592,2575,-1,-1
6625,599,6603,593,7121,6623,6622,601,6624,589,-1,-1
596,600,2934,2573,595,3012,602,2480,2575,2879,594,-1
6625,597,601,6622,6988,6603,603,6623,593,6902,-1,-1
598,602,3012,2934,604,596,3130,2573,2879,3171,-1,-1
6988,603,599,6622,6625,6637,605,7004,597,6902,-1,-1
604,600,3130,3012,606,3214,3129,598,2934,3171,3215,-1
605,601,7004,6988,6637,607,6629,599,6622,6902,7109,-1
606,602,3130,3129,608,600,3012,3215,3214,-1,-1,-1
7004,603,607,6629,6637,609,6988,601,6626,-1,-1,-1
604,3129,608,3130,602,3215,610,3587,3572,3329,-1,-1
609,605,7004,6626,6629,603,611,6637,6627,-1,-1,-1
610,606,3329,3129,3587,604,612,3572,3130,-1,-1,-1
607,6626,611,605,6629,6627,7004,613,6973,6576,-1,-1
3329,608,612,3587,606,3129,3770,3701,-1,-1,-1,-1
609,613,6626,6627,6973,607,615,6670,-1,-1,-1,-1
3329,3770,614,610,3701,3587,3771,608,3573,-1,-1,-1
615,611,6973,6670,6627,616,609,6938,6626,-1,-1,-1
3770,3771,617,612,3701,3703,3329,3782,-1,-1,-1,-1
616,6670,613,6973,618,6938,6869,611,-1,-1,-1,-1
618,615,6670,6869,620,6867,613,6938,6973,-1,-1,-1
3771,619,614,3782,3703,3770,6467,621,3701,-1,-1,-1
616,620,6867,6869,622,615,6670,6839,6938,-1,-1,-1
6467,621,3782,617,4199,4490,3771,624,4089,3703,-1,-1
622,6867,618,623,6869,616,6839,6836,-1,-1,-1,-1
4199,624,619,6467,4490,4881,626,3782,617,-1,-1,-1
620,623,6867,6836,6839,625,618,6869,6812,-1,-1,-1
6836,622,625,6839,620,6812,6867,627,6837,6838,-1,-1
4199,621,626,4881,4535,4490,6467,4378,619,628,4537,4534
623,627,6837,6836,6812,622,629,6901,6811,6838,6839,-1
4535,628,624,4881,4534,4378,4199,630,621,4536,-1,-1
6837,629,625,6901,6812,623,6811,6836,631,6847,-1,-1
4534,626,630,4535,4536,624,4378,4881,632,-1,-1,-1
627,6901,631,6837,6847,625,6922,6811,6810,6812,633,7014
4534,628,632,4536,4459,4535,634,626,4426,4378,-1,-1
6922,633,629,6847,7014,635,6901,627,7052,6849,636,-1
634,4459,630,4476,4534,4536,637,4426,4429,628,-1,-1
635,6922,7014,631,636,7052,6847,638,629,-1,-1,-1
637,632,4476,4459,4710,640,630,4429,4856,4426,-1,-1
633,636,7014,6922,7052,638,631,6847,6965,639,6849,-1
638,635,7014,7052,639,633,6965,6922,641,7840,6847,6849
634,4476,4710,640,4856,632,4496,4459,644,4708,4429,-1
636,639,6965,7052,641,635,7014,7840,7112,642,633,6922
638,641,7112,6965,636,7840,642,7052,7113,643,635,7014
4710,637,644,4496,4476,4708,634,647,4856,5017,-1,-1
642,639,7112,7840,638,643,7113,6965,6925,636,645,7052
641,643,7112,7113,639,645,6925,7840,638,646,6965,7030
642,645,6925,7112,7113,646,641,7030,7840,7122,639,648
4496,647,640,5017,3756,4710,650,637,4708,-1,-1,-1
646,643,6925,7030,648,642,7113,7112,7122,649,641,6884
645,648,7030,6925,643,649,6884,6828,7122,7113,651,642
3756,644,650,5017,4496,3863,654,640,4076,-1,-1,-1
649,646,6884,7030,651,645,6828,6925,652,643,6813,7122
651,648,6884,652,646,7030,6813,6828,653,645,-1,-1
3756,654,647,3863,3080,5017,656,644,4076,4496,3987,-1
652,649,6884,653,648,6813,6841,646,6828,7030,-1,-1
653,651,649,6813,6841,6884,655,648,-1,-1,-1,-1
652,655,6841,651,6813,649,657,6884,6840,6531,-1,-1
3080,650,656,3863,3756,3081,3987,647,658,4076,5017,-1
657,6531,6841,653,6840,652,6656,659,6481,6813,6802,-1
654,658,3080,3081,660,650,3863,3311,3987,3797,-1,-1
6531,659,655,6481,661,6656,653,6840,6841,6380,663,-1
660,656,3081,3311,662,3080,654,3797,3121,-1,-1,-1
661,657,6481,6380,6482,663,6531,6378,655,665,6379,6574
662,658,3311,3121,664,656,3081,3312,-1,-1,-1,-1
659,663,6482,6380,665,657,6481,6379,667,-1,-1,-1
660,664,3121,3311,666,658,2996,3312,3209,-1,-1,-1
661,6482,665,659,6380,667,6379,657,-1,-1,-1,-1
662,666,2996,3121,2624,660,668,3209,3311,3312,2946,-1
667,6482,663,6379,669,661,6380,6367,659,6381,671,-1
668,664,2624,2996,670,662,3121,2625,2946,2615,672,-1
665,669,6379,6482,6381,671,663,6367,6380,661,673,-1
670,666,2624,2625,2615,672,664,2996,2676,2946,-1,-1
667,671,6381,6379,665,673,6367,6364,6373,6482,-1,-1
668,672,2615,2625,666,2624,2676,674,-1,-1,-1,-1
669,673,6381,6373,667,675,6686,6379,6364,665,-1,-1
670,2615,674,668,2676,2625,2624,666,2591,-1,-1,-1
675,671,6686,6373,676,669,6381,6276,667,678,-1,-1
2676,2615,677,672,2591,670,2588,680,2625,-1,-1,-1
676,6686,673,678,671,6373,6276,679,-1,-1,-1,-1
675,678,6686,679,6276,673,6275,681,6373,-1,-1,-1
680,2591,674,2676,684,2570,2342,2588,2615,-1,-1,-1
679,676,681,6275,6276,675,6686,682,6191,6112,673,-1
678,681,6275,682,676,6276,6191,6112,683,6686,675,-1
684,677,2342,2591,2570,686,2386,674,-1,-1,-1,-1
679,682,6275,6191,678,683,6112,6276,6023,676,685,-1
6191,681,683,6275,679,6023,685,6112,6193,678,6276,6022
682,685,6191,6193,6023,681,6275,6879,688,679,6112,6022
680,686,2342,2386,677,687,2570,2591,2564,2438,2565,-1
688,683,6879,6193,682,689,6023,6191,6203,6204,681,691
2386,684,687,2438,2342,680,2565,2559,690,2564,-1,-1
686,690,2559,2438,2386,693,684,2606,2565,2558,-1,-1
689,6879,685,691,6203,6808,6193,683,692,6204,-1,-1
691,688,6808,6879,6203,692,685,6470,694,6341,6204,6193
693,2559,687,2558,696,2438,2606,686,-1,-1,-1,-1
692,6808,689,6203,694,688,6470,6879,6341,695,6864,685
691,694,6808,6470,695,689,6341,6203,6342,697,688,6879
690,696,2558,2559,698,687,2606,2375,2645,2438,700,-1
692,695,6470,6808,691,697,6342,6341,689,6412,6203,699
697,694,6470,692,6342,6412,699,6808,6341,691,-1,-1
698,693,2558,2375,700,690,2559,2645,2606,702,-1,-1
695,6412,699,694,6342,6470,692,5999,701,6213,-1,-1
696,700,2375,2558,693,702,2645,-1,-1,-1,-1,-1
701,697,6412,695,6012,5999,5948,704,694,-1,-1,-1
702,698,2375,696,703,2546,2558,2645,693,-1,-1,-1
699,704,5948,6012,5947,5945,697,706,5999,6412,5842,-1
703,700,2546,2375,705,698,2547,2580,696,-1,-1,-1
705,702,2547,2546,707,700,2581,2375,3279,2580,-1,-1
5947,5948,701,706,5842,5946,5945,6012,699,709,-1,-1
2547,707,703,3279,2546,708,702,2581,2973,710,-1,-1
5946,5947,704,709,5842,5843,711,5948,6082,701,712,5945
708,705,3279,2547,710,703,3055,3147,2973,2581,2546,713
707,710,3147,3279,3055,705,713,2547,3280,2973,-1,-1
5946,711,6082,706,5843,712,5947,5842,704,714,6212,5913
708,713,3147,707,715,3250,3055,3280,3279,705,-1,-1
6082,712,709,5843,5946,714,706,5913,6212,5842,5947,5815
6082,711,714,5913,5843,6212,709,5946,716,5914,5752,706
715,710,3147,3250,708,2999,717,3280,707,-1,-1,-1
5913,716,712,5914,6082,711,6212,5752,718,5843,709,5586
713,717,2999,3250,710,3147,719,-1,-1,-1,-1,-1
5914,714,718,5930,5586,5913,712,5750,5752,720,6082,6212
719,715,2999,2905,713,3250,722,-1,-1,-1,-1,-1
5930,716,720,5586,721,5914,5862,714,5931,-1,-1,-1
2905,717,722,2999,724,2998,715,2997,-1,-1,-1,-1
721,5931,718,5930,723,5862,5977,5586,716,5934,725,-1
720,723,5931,5977,725,718,5930,5934,5862,5976,5962,726
724,719,2998,2905,727,717,2997,2940,-1,-1,-1,-1
725,721,5977,5931,5976,726,720,5962,5934,728,6092,-1
727,722,2998,2940,729,719,2905,3103,2997,-1,-1,-1
726,723,5976,5977,728,721,5962,6092,5931,730,720,5934
725,728,5976,6092,723,730,5977,5962,5960,721,6163,731
724,729,2940,2998,722,3103,732,2770,-1,-1,-1,-1
726,730,6092,5976,725,731,6163,5960,723,5962,5977,-1
727,2940,732,2770,724,3103,2998,734,-1,-1,-1,-1
728,731,6092,726,6163,733,6201,5976,725,5960,-1,-1
733,730,6201,6163,728,6092,735,6210,726,-1,-1,-1
734,729,2770,2940,2867,727,736,2952,-1,-1,-1,-1
731,735,6201,730,6163,737,6210,6323,-1,-1,-1,-1
736,732,2867,2770,738,2953,729,2952,2593,2950,-1,-1
733,737,6201,6323,731,6210,739,6163,6465,-1,-1,-1
738,734,2867,2593,2953,740,732,2950,-1,-1,-1,-1
739,735,6323,6465,6201,741,733,6210,6475,6322,-1,-1
2593,736,740,2953,2831,734,3086,743,2867,-1,-1,-1
6465,741,737,6323,6466,6475,742,735,6322,-1,-1,-1
2831,738,743,2593,3086,3028,736,2953,745,-1,-1,-1
739,742,6465,6466,6475,6474,744,737,6323,6337,-1,-1
744,741,6466,6474,6465,6533,739,746,6337,6475,6400,-1
2831,745,740,3028,3067,2593,738,3086,747,3065,-1,-1
742,746,6533,6474,6466,6532,741,748,6400,6337,-1,-1
743,747,3067,3028,3027,2831,749,3065,740,-1,-1,-1
6533,748,744,6532,6474,6400,742,750,6399,6648,-1,-1
749,3027,745,3067,751,3298,3066,743,3028,3065,-1,-1
746,750,6532,6648,6533,6984,6399,752,744,6400,-1,-1
747,751,3027,3066,3067,753,745,3064,3298,-1,-1,-1
6984,752,748,6648,6532,754,6710,746,6399,6334,-1,-1
753,749,3064,3066,3027,755,747,3299,-1,-1,-1,-1
6984,750,754,6710,6648,756,748,6589,6532,-1,-1,-1
755,3064,751,3543,757,749,3066,3299,-1,-1,-1,-1
756,752,6984,6710,6589,750,758,6648,6567,-1,-1,-1
757,753,3543,3064,759,751,4367,3299,4094,-1,-1,-1
754,758,6589,6710,752,6590,760,6984,6511,6512,-1,-1
755,759,3543,4367,753,4094,3064,761,3299,-1,-1,-1
760,756,6590,6589,762,754,6512,6569,6511,-1,-1,-1
4367,757,761,3543,4392,755,4094,4147,764,-1,-1,-1
762,758,6590,763,6569,6589,756,6512,-1,-1,-1,-1
4392,764,759,4367,4147,4489,757,4094,766,4366,-1,-1
763,760,6590,6569,758,765,6512,6570,6589,-1,-1,-1
762,765,6569,6570,6590,760,767,6512,6513,-1,-1,-1
4489,4392,761,766,4147,4366,4541,4367,759,769,-1,-1
6570,763,767,6569,768,762,7007,6568,6513,7009,770,-1
4541,4489,769,764,4366,4392,771,4542,4540,4147,761,-1
768,765,6570,7009,7007,770,763,6568,7075,6569,7008,-1
770,767,7009,7075,765,772,7007,6570,7001,7008,-1,-1
771,4541,766,4540,773,4366,4542,4062,4489,764,-1,-1
768,772,7075,7009,767,774,7001,765,-1,-1,-1,-1
769,773,4540,4062,775,4541,4012,766,-1,-1,-1,-1
7075,770,774,7001,7009,768,777,7041,-1,-1,-1,-1
775,771,4012,4062,776,769,4540,4013,3971,-1,-1,-1
772,777,7075,7041,7001,770,7169,779,7009,-1,-1,-1
4012,776,773,771,4062,3971,778,4013,-1,-1,-1,-1
775,778,4012,3971,773,781,4013,-1,-1,-1,-1,-1
774,779,7169,7041,780,772,6781,7001,7075,-1,-1,-1
3971,781,776,4012,775,4007,783,4013,4014,-1,-1,-1
780,7169,777,782,6780,7041,774,6781,784,-1,-1,-1
779,782,7169,6780,784,777,6918,6781,7041,786,7884,-1
783,778,4007,3971,785,4387,4014,776,4386,-1,-1,-1
780,784,6780,6918,779,7169,7884,786,6903,6781,6596,7079
785,781,4387,4007,4386,787,778,3971,5158,-1,-1,-1
786,782,7884,6918,780,7079,6780,7048,788,6905,6903,779
4386,783,787,4387,5158,781,4007,790,5159,5410,-1,-1
7884,784,7079,788,7048,6918,782,789,6905,780,-1,-1
4386,785,790,5158,5159,4387,783,5627,5410,793,4848,-1
789,7079,786,791,7048,7884,784,6919,792,7078,6918,6905
788,791,7079,7048,792,7078,6919,786,7884,794,6905,-1
5159,787,793,4848,5627,4386,5158,785,4925,795,-1,-1
789,792,7078,788,6919,7079,794,7048,6923,7884,-1,-1
7078,791,794,789,6923,6919,796,788,7603,6803,7079,7048
4848,795,790,5159,4847,4836,4925,797,787,-1,-1,-1
792,7078,796,7603,6923,791,6803,789,798,6919,-1,-1
4836,793,797,4848,4847,799,4835,790,4925,-1,-1,-1
7603,798,794,6803,6718,792,800,6912,7078,6923,-1,-1
4836,799,795,4835,801,4847,793,802,4848,-1,-1,-1
800,796,6912,7603,6718,6814,804,6717,6803,794,-1,-1
797,801,4836,4835,802,795,4847,4924,803,-1,-1,-1
6814,798,804,6912,807,6817,6752,796,6718,6717,7603,-1
802,799,4835,803,4836,797,4924,805,4847,-1,-1,-1
801,803,4835,805,4924,799,806,4836,797,5053,5138,-1
805,802,806,801,4924,4835,5053,5138,808,799,-1,-1
807,6814,800,6817,809,6945,6912,6752,798,6878,-1,-1
806,803,5053,802,808,4924,5138,5052,801,810,4835,811
805,808,5053,803,5052,810,811,5138,802,5153,4924,813
804,809,6817,6945,6814,800,812,6878,6944,-1,-1,-1
810,806,5052,5053,811,805,5813,813,5365,5153,803,5339
807,6945,812,804,6817,814,6878,6944,6814,-1,-1,-1
808,811,5052,5813,5339,5365,806,813,5053,5075,5153,805
5813,810,813,808,5075,5339,5052,806,5340,816,5365,5053
814,6945,809,6944,815,6878,807,7011,6817,-1,-1,-1
811,5075,5813,816,810,808,5261,5340,5339,806,818,5052
6944,815,812,6945,7011,6878,817,6894,809,7010,6817,-1
7011,814,6944,817,6894,7010,7149,812,6878,6945,819,7150
5075,5261,813,818,5358,5813,5340,820,811,5520,-1,-1
7011,7149,815,819,7010,7148,814,6894,6944,822,7150,7103
820,5358,816,5261,821,5075,5556,5520,813,-1,-1,-1
7149,822,817,7148,7010,7011,825,815,7151,7103,7150,-1
821,818,5358,5261,5556,816,823,5520,5075,-1,-1,-1
820,5358,5556,823,818,5261,5520,5731,824,-1,-1,-1
825,819,7148,7151,7149,827,7152,817,7010,7103,7011,-1
5556,824,821,5731,5358,5885,820,826,5520,-1,-1,-1
5885,826,823,5731,6120,5556,6195,828,5799,821,-1,-1
827,822,7152,7151,7345,819,7148,829,7266,7267,7149,-1
824,828,6120,5885,6121,830,823,6195,6271,5731,-1,-1
7345,7152,825,829,7266,7551,7347,822,7151,831,7267,-1
6121,830,826,6120,6483,832,6363,824,6271,5885,-1,-1
7345,7347,7551,831,827,7266,7152,7541,825,833,7346,-1
6483,832,828,6121,6244,6363,834,826,6306,6120,-1,-1
7347,833,829,7541,7551,7345,835,827,7346,7809,7266,-1
6244,830,834,6483,6306,6427,836,828,6121,6363,-1,-1
835,831,7541,7347,7809,837,829,7551,7811,7345,7434,-1
6244,832,836,6427,6306,6483,6417,830,838,6234,6426,-1
833,837,7809,7811,7541,831,839,8358,7347,-1,-1,-1
838,834,6427,6234,6417,840,6244,8025,832,6269,-1,-1
7811,839,835,7809,7849,842,833,8358,-1,-1,-1,-1
840,6234,8025,836,841,6235,6417,6269,834,6427,843,6349
842,837,7811,7849,844,835,8358,-1,-1,-1,-1,-1
8025,841,838,6234,6235,843,836,6349,6269,845,6417,-1
840,843,8025,6349,6235,838,845,6234,6397,846,6267,-1
839,844,7849,7811,7850,837,847,8358,7810,-1,-1,-1
845,841,6349,840,846,6397,8025,6235,6267,6398,838,848
842,847,7850,7849,839,849,7903,7810,-1,-1,-1,-1
846,843,6397,6349,848,841,6398,850,840,-1,-1,-1
848,845,6398,6397,843,850,6349,6620,841,852,-1,-1
844,849,7850,7903,851,842,7849,7851,-1,-1,-1,-1
846,850,6398,845,852,6397,6620,843,-1,-1,-1,-1
851,7903,847,7927,853,7850,7928,844,7851,-1,-1,-1
848,852,6398,6620,846,854,6397,845,6989,-1,-1,-1
849,853,7927,7903,855,847,7928,7942,7926,-1,-1,-1
854,850,6620,856,6989,848,6398,6872,846,-1,-1,-1
855,851,7927,7942,849,858,7943,7926,7903,-1,-1,-1
856,852,6872,6989,857,850,6620,-1,-1,-1,-1,-1
853,7942,858,851,7927,7943,8113,8114,861,7926,-1,-1
857,854,6872,859,852,6874,6989,6980,860,-1,-1,-1
859,856,6872,6874,860,854,6873,6980,862,6893,6989,-1
8113,855,861,7942,8114,853,863,7943,-1,-1,-1,-1
857,860,6873,6874,862,856,6872,6893,6883,864,6921,-1
6873,859,862,857,864,6883,6874,6893,6892,856,-1,-1
863,8113,858,8114,8191,866,7942,855,-1,-1,-1,-1
864,860,6873,6883,859,865,6893,6785,6892,6874,6642,6644
861,866,8113,8191,868,858,8114,8263,-1,-1,-1,-1
862,6883,865,6785,860,6644,6873,867,6642,6892,859,6893
867,6785,864,6644,869,862,6782,6883,-1,-1,-1,-1
863,868,8263,8191,861,870,8113,8190,-1,-1,-1,-1
865,869,6785,6782,871,6644,864,6551,-1,-1,-1,-1
8263,866,870,863,8264,872,8191,8190,-1,-1,-1,-1
871,867,6782,6551,873,6785,865,874,6550,6644,6501,-1
872,868,8263,8264,8295,876,866,-1,-1,-1,-1,-1
869,873,6551,874,6782,6501,867,6445,875,6530,6550,-1
876,870,8295,8264,877,8329,868,8263,8326,8296,-1,-1
874,871,6445,6501,875,6551,869,6530,6446,6782,878,-1
875,873,6445,6501,871,878,6551,6316,6446,869,-1,-1
874,6445,878,873,6316,6501,871,6446,-1,-1,-1,-1
877,8295,872,8326,8329,879,8331,870,8264,8728,-1,-1
876,879,8331,8326,8295,872,881,8448,8556,8329,-1,-1
6316,880,875,6445,874,6446,882,6444,6501,873,6631,-1
877,881,8331,8448,876,883,8326,8556,8449,-1,-1,-1
882,6316,878,6631,6444,884,6850,6446,6445,885,-1,-1
883,879,8448,8449,8331,877,886,8697,8354,8556,8513,-1
880,884,6850,6631,885,6316,6523,878,6444,887,6462,6578
881,8449,886,8448,8513,879,8697,889,8331,-1,-1,-1
6850,885,882,6631,887,880,6523,6462,888,-1,-1,-1
887,884,6850,6462,888,882,6523,6631,6461,890,880,-1
8449,8513,889,883,8697,8448,881,891,8480,-1,-1,-1
885,888,6462,884,890,6850,6461,6523,882,6525,-1,-1
890,887,6462,6461,885,892,884,6850,6740,-1,-1,-1
891,8513,886,8480,8449,893,8697,883,-1,-1,-1,-1
888,892,6461,887,6462,6740,885,895,-1,-1,-1,-1
893,889,8480,8513,8743,894,886,8697,8439,8402,8449,-1
6740,895,890,6461,888,6526,6741,897,-1,-1,-1,-1
891,894,8743,8480,8402,889,896,8439,8513,8404,-1,-1
8402,896,893,8743,8403,8404,891,898,8480,8653,8439,-1
6740,892,897,6741,6881,899,6461,6526,6671,890,-1,-1
8402,8403,894,898,8404,8743,893,8369,8401,900,8370,-1
899,6881,895,6671,6741,901,7293,6740,6713,6880,892,-1
896,900,8403,8401,902,8402,8369,894,8539,8404,-1,-1
901,897,6671,6713,6881,903,7293,6986,895,-1,-1,-1
902,8401,898,904,8539,8268,8403,896,8369,906,-1,-1
903,6713,899,6671,905,6714,897,6986,7071,7293,-1,-1
904,900,8401,8268,906,898,8539,907,-1,-1,-1,-1
905,901,6713,6714,899,908,7071,6671,6986,7153,-1,-1
906,902,8268,907,900,8401,8267,8210,8539,-1,-1,-1
903,908,6714,901,7153,6713,910,7071,7180,-1,-1,-1
904,907,8267,8268,8210,902,909,8245,900,-1,-1,-1
8267,906,909,8210,904,8245,911,8268,8246,902,-1,-1
910,905,7153,6714,7033,903,7180,912,-1,-1,-1,-1
907,911,8267,8246,8245,906,913,8314,8210,8209,-1,-1
908,7033,912,7153,7167,905,7163,914,6714,7180,7670,-1
909,913,8246,8314,907,8245,8244,8267,915,8209,-1,-1
7033,910,914,7167,7670,7153,916,908,7163,7457,-1,-1
8314,911,915,8244,8246,909,917,8315,8209,8307,8247,-1
7670,916,912,7167,7457,7033,918,910,7165,-1,-1,-1
913,917,8315,8314,8244,8307,911,919,8246,8247,-1,-1
7670,918,914,7457,7167,912,7165,921,7458,-1,-1,-1
8315,915,919,8307,920,8360,913,8244,8314,-1,-1,-1
916,921,7457,7670,7458,914,7671,7165,923,7167,-1,-1
920,8315,917,8360,8307,922,915,8394,8308,-1,-1,-1
8360,919,922,8394,924,8315,917,8308,8307,8443,-1,-1
923,918,7671,7458,925,7582,7457,916,7631,-1,-1,-1
924,920,8394,8360,8443,926,919,8393,8308,-1,-1,-1
925,7582,7671,921,927,7631,7423,7606,7458,929,918,-1
926,922,8443,8394,928,920,8393,8442,8360,-1,-1,-1
923,927,7582,7423,929,7671,7348,921,7606,930,7631,-1
924,928,8443,8442,922,931,8394,8663,8393,-1,-1,-1
929,925,7348,7423,930,923,7582,7425,7606,7424,7671,933
926,931,8663,8442,8443,924,932,8569,8552,-1,-1,-1
927,930,7348,925,7425,7423,933,923,7424,7582,7183,-1
929,933,7348,7425,927,7183,935,925,7181,7423,-1,-1
932,8663,928,8569,934,926,8442,8552,8618,8443,-1,-1
931,934,8569,8663,8618,928,936,8552,8545,-1,-1,-1
7183,930,935,7425,7181,929,7348,938,7259,927,-1,-1
932,936,8618,8569,931,937,8547,8663,8545,-1,-1,-1
7183,938,933,7181,7156,7425,940,930,-1,-1,-1,-1
934,937,8618,8547,932,939,8569,8559,8545,8546,-1,-1
936,939,8559,8547,934,8618,941,8546,-1,-1,-1,-1
940,935,7156,7183,7181,942,7157,933,7230,7182,-1,-1
937,941,8559,936,8518,943,8547,8548,8546,-1,-1,-1
942,938,7156,7157,944,935,7230,7181,7183,-1,-1,-1
939,943,8518,8559,8519,937,8548,946,-1,-1,-1,-1
7157,944,940,7156,945,938,7230,7318,7393,-1,-1,-1
8519,946,941,8518,8581,947,939,8497,8559,-1,-1,-1
942,945,7157,7393,7318,940,948,7230,7385,7156,-1,-1
944,7393,948,7385,7318,942,7157,7337,951,7604,7391,-1
947,943,8519,8581,949,8497,8518,941,8444,950,-1,-1
949,946,8581,8519,950,8444,943,8497,952,-1,-1,-1
7385,951,945,7604,7393,944,953,7391,7629,7337,-1,-1
950,947,8581,8444,952,946,8194,8519,954,8497,-1,-1
949,952,8194,8444,954,947,8581,8118,955,946,-1,-1
953,7604,948,7385,7629,956,7391,945,7393,-1,-1,-1
950,954,8194,8118,949,955,8170,8444,947,8551,957,-1
951,956,7604,7629,958,948,7385,7391,7542,-1,-1,-1
955,952,8118,8170,950,957,8194,8115,8551,8168,949,960
8170,954,957,8118,8168,952,960,8115,8194,8551,950,962
953,958,7629,951,7604,7542,-1,-1,-1,-1,-1,-1
960,955,8168,8170,962,954,8115,8169,8118,964,952,-1
956,7629,959,7542,953,961,7754,7604,-1,-1,-1,-1
961,7754,958,963,7542,7764,7629,965,7605,-1,-1,-1
962,957,8168,8169,964,955,8170,8366,8115,966,954,8117
959,963,7754,965,7764,958,7542,7909,7605,-1,-1,-1
964,960,8366,8168,8169,966,957,8557,8170,955,967,8150
961,965,7754,959,7764,7909,968,7960,7605,7542,7752,-1
962,966,8366,960,967,8557,8169,8493,8168,8150,957,969
968,963,7909,7960,961,7764,7905,959,971,7754,7752,-1
964,967,8493,8366,8557,962,969,960,8169,8488,970,-1
8493,969,966,970,964,8557,8366,8433,8488,962,972,-1
7960,965,971,7909,7905,7959,963,973,-1,-1,-1,-1
967,970,8493,8433,966,972,8488,8557,8432,964,974,-1
969,972,8433,967,974,8493,8432,8488,8530,975,966,-1
973,968,7959,7960,965,7905,8019,977,-1,-1,-1,-1
974,970,8432,8433,975,969,8530,8397,976,8493,967,-1
971,977,8019,7959,8011,8229,968,7960,979,-1,-1,-1
975,972,8432,976,970,8397,8433,8431,8530,978,969,-1
976,974,8432,8431,978,972,8397,8530,8423,980,970,-1
975,978,8431,974,980,8397,8422,8432,8423,972,981,-1
973,979,8011,8019,8020,982,971,7959,-1,-1,-1,-1
980,976,8431,8422,975,981,8423,8397,974,8634,983,-1
8011,982,977,8021,8020,985,8019,973,8275,-1,-1,-1
978,981,8422,976,983,8634,8431,8423,8421,975,984,-1
980,983,8634,8422,984,978,8421,8592,986,8431,976,-1
979,985,8021,8011,8086,987,977,8066,8020,8275,-1,-1
984,981,8634,986,980,8592,8422,988,8421,978,-1,-1
986,983,8634,8592,988,981,8591,989,980,-1,-1,-1
987,982,8086,8066,8021,990,979,8197,8065,-1,-1,-1
984,988,8591,983,989,8592,8634,8664,8574,981,991,-1
8066,990,985,8086,8065,992,982,8197,8021,-1,-1,-1
989,986,8591,8664,984,991,8574,8511,8592,983,993,-1
8664,988,991,8591,8511,986,993,8574,8490,984,994,-1
8066,987,992,8065,8086,995,985,8067,8068,8197,-1,-1
989,993,8664,8511,994,988,8490,8591,996,986,-1,-1
995,990,8068,8067,8065,8066,997,987,8091,8086,8090,999
994,991,8490,996,8664,989,8511,8489,998,988,-1,-1
993,996,8489,8490,991,998,8512,8511,8664,8429,989,1001
8068,997,992,8067,8091,999,990,8065,1000,8066,8090,8093
994,998,8489,8512,993,1001,8490,8429,1003,991,8522,-1
8068,995,999,8091,8067,1000,992,8093,1002,8090,8065,-1
1001,996,8512,8489,1003,994,8522,1005,8490,8429,993,-1
1000,8091,997,8068,1002,8093,8067,995,8090,992,-1,-1
999,1002,8091,8093,997,8068,1004,8067,8359,8400,995,-1
1003,998,8522,8512,1005,996,8489,8523,994,8427,-1,-1
1000,1004,999,8093,8359,8091,8400,997,8447,1006,8068,-1
1005,1001,8522,8523,998,8512,1007,8450,996,8427,8489,-1
8359,1006,1002,8558,8400,1000,8093,1007,8450,8523,-1,-1
1003,8523,8522,1007,1001,8558,8450,8512,998,1006,-1,-1
8558,1007,1004,8359,8523,8400,8450,1005,1002,-1,-1,-1
8523,1006,1005,8558,1003,8522,8450,8359,1004,-1,-1,-1
1009,1011,1010,1012,1014,1015,1013,4276,1016,1017,4929,4930
1008,1012,1011,1015,1010,4276,1017,1014,4929,1013,1019,1016
1011,1014,1013,1008,1016,1009,1018,1012,4930,1020,1022,1015
1010,1008,1014,1009,1012,1013,1016,1015,1018,4930,1020,1022
1015,1009,1008,1017,1011,4276,1010,1019,1014,1021,4929,1013
1014,1016,1018,1010,1020,1011,4727,1022,1008,4930,1024,1009
1013,1010,1016,1011,1018,1020,1008,1022,1009,4930,1024,4727
1012,1017,4276,1009,1019,1008,1011,1021,1010,1023,1025,1014
1013,1018,1014,1020,1010,1022,1011,1024,4727,1008,1026,4930
1019,1015,1012,1021,4276,1023,1009,1025,1008,1011,1027,4229
1020,1016,1013,1022,1014,1024,1010,1026,1011,4727,1028,1008
1017,1021,1023,1015,1025,4276,1027,1012,4229,1029,1009,1031
1018,1022,1016,1024,1013,1014,1026,1028,1010,1011,1030,4727
1023,1019,1025,1017,1027,4229,1029,1015,4276,1031,1012,4227
1024,1020,1026,1018,1028,1016,1014,1030,1013,1010,1011,1032
1021,1025,1027,1019,1029,4229,1017,1031,4227,1015,4207,4276
1026,1022,1028,1020,1018,1030,1016,1032,1014,1013,1034,4546
1027,1023,1021,1029,1019,1031,4227,1017,1033,4229,1035,1015
1024,1028,1022,1030,1020,1032,1018,1034,1016,1014,1013,4546
1025,1029,1023,1031,1021,4227,1019,1033,1035,1017,4207,4229
1030,1026,1024,1032,1022,1034,1020,1018,1036,4546,1038,1016
1031,1027,1025,1033,4227,1035,1023,1021,1019,1037,1017,1039
1028,1032,1026,1034,1024,1022,1036,1038,1020,4783,4546,1018
1029,1033,1035,1027,4227,1025,1037,1023,1039,1021,1042,1019
1034,1030,1028,1036,1026,1038,1024,4783,1040,1044,1045,1046
1035,1031,1037,1029,1039,4227,1027,1042,1041,1025,4228,1048
1032,1036,1038,1030,4783,1028,1040,1044,1045,1026,1046,1053
1033,1037,1031,1039,1029,1042,4227,1041,1027,4228,1048,1025
1038,1034,1040,4783,1032,1043,1044,1052,1051,1053,1030,1045
1039,1035,1042,1033,1041,1031,1048,4227,1029,1047,4228,1046
1036,1040,1034,1043,1044,4783,1052,1051,1053,1050,1032,1045
1042,1041,1037,1048,1035,1033,1047,1046,1031,1045,4228,4227
1038,1043,1051,1036,1052,1050,1049,1053,4783,1044,1034,1054
1042,1039,1048,1047,1037,1046,1045,1035,1033,1044,4547,1053
1039,1041,1037,1048,1047,1035,1046,1033,1045,4547,1031,4228
1050,1049,1040,1051,1052,1054,1038,1053,1036,4783,1044,4651
1045,1053,1046,1052,1038,1047,1051,1040,1036,4547,1048,1043
1046,1044,1047,1053,1048,1052,4547,1038,1041,1051,1040,1036
1045,1047,1048,1044,1053,1041,4547,1042,1052,1039,1038,1034
1046,1048,1045,1041,1044,1042,4547,1039,1053,1037,1052,1038
1047,1041,1046,1042,1039,1045,4547,1044,1037,1053,1035,4567
1050,1054,1043,1051,1040,1052,1053,4565,1038,4651,4783,1036
1049,1043,1051,1054,1052,1040,1053,1038,4651,1044,1036,4783
1052,1050,1043,1049,1053,1040,1054,1038,1044,4651,1045,1036
1051,1053,1050,1043,1044,1040,1049,1038,1054,1045,4651,1036
1052,1044,1051,1045,1040,1050,1046,1038,1043,4547,1049,1047
1049,1050,1051,1043,1052,1040,4651,4565,1053,1038,1044,4783
462,464,1060,1094,1059,1056,461,1058,465,1076,1142,1061
1067,1094,1055,1063,461,462,1061,1300,459,1142,464,1059
1300,1065,1064,458,459,1063,1066,1062,461,456,1071,1074
1059,1142,1339,1094,1096,1079,1055,1076,1060,1116,1085,1061
1060,1058,1055,1076,1094,1079,464,465,1142,466,1339,462
464,1059,465,1076,1055,466,462,1094,468,1079,1058,1115
1142,1067,1069,1094,1085,1056,1070,1058,1072,1063,1096,1055
1063,1071,1067,1068,1065,1057,1069,1300,1074,1056,461,1080
1300,461,1067,1062,1056,1057,459,458,1065,462,1069,1061
1066,1065,1075,1057,1077,458,1074,456,1300,1088,459,454
1074,1057,1064,1071,1062,1075,1300,1066,1090,1063,1087,458
456,1064,458,1077,454,1057,1078,1300,459,1065,1075,452
1063,1069,1056,1062,1061,461,1094,1068,1300,1072,1057,1142
1072,1069,1080,1071,1062,1073,1067,1090,1083,1082,-1,-1
1067,1072,1068,1061,1070,1062,1063,1056,1073,1083,1071,-1
1072,1085,1086,1069,1083,1084,1061,1142,1141,-1,-1,-1
1074,1065,1062,1090,1080,1068,1057,1091,1087,1069,1064,1063
1069,1083,1068,1073,1070,1086,1080,1081,1061,1067,1062,-1
1072,1170,1080,1082,1081,1083,1068,1069,-1,-1,-1,-1
1065,1090,1087,1071,1075,1064,1092,1057,1080,1062,1192,1091
1064,1087,1074,1077,1088,1065,1089,1066,1192,1057,1090,1101
466,1060,468,1059,465,1115,1079,469,464,1055,1058,1129
1066,1078,1064,1101,1088,1075,454,456,452,458,1065,1057
452,1101,454,1077,1103,450,456,1066,1088,1102,1064,-1
1339,1129,1058,1115,1076,1059,1116,1114,1060,468,1096,466
1068,1071,1082,1090,1091,1073,1170,1072,1074,1062,1121,1092
1170,1137,1149,1083,1073,1138,1082,1148,1150,1072,1122,1086
1170,1091,1080,1121,1122,1073,1081,1138,1090,1068,-1,-1
1072,1086,1149,1081,1073,1070,1170,1172,1068,1069,1141,1137
1143,1141,1623,1085,1086,1095,1070,1139,1096,-1,-1,-1
1142,1096,1095,1084,1070,1061,1058,1094,1623,-1,-1,-1
1141,1083,1149,1172,1084,1070,1143,1072,1146,1081,-1,-1
1192,1074,1092,1075,1090,1089,1065,1099,1071,1064,1100,1088
1101,1112,1077,1089,1075,1102,1078,1111,1064,1087,-1,-1
1192,1112,1088,1100,1087,1075,1098,1099,-1,-1,-1,-1
1074,1091,1071,1092,1080,1087,1065,1093,1082,1192,1068,1075
1090,1082,1121,1080,1092,1093,1071,1177,1122,1087,1074,1170
1093,1090,1087,1192,1091,1099,1074,1121,1080,1181,-1,-1
1177,1092,1121,1091,1099,1181,1192,1090,1171,-1,-1,-1
1142,1055,1056,1058,1059,1061,1060,1067,462,1096,1085,464
1096,1623,1184,1085,1117,1084,1339,1142,1143,1140,-1,-1
1339,1095,1142,1058,1085,1117,1116,1079,1094,1184,1061,1059
495,490,1135,488,1154,499,1299,1213,486,1153,-1,-1
1112,1111,1110,1109,1100,1113,1089,1102,-1,-1,-1,-1
1192,1119,1092,1181,1093,1100,1087,1221,1177,1089,-1,-1
1192,1109,1119,1089,1099,1098,1118,1112,1087,-1,-1,-1
1078,1088,1102,1077,1103,452,1112,454,1128,450,1075,1066
1101,1128,1111,1112,1103,1088,1108,1078,1105,1113,1098,-1
450,1101,1078,1128,452,1105,1102,448,454,1077,-1,-1
1106,1107,443,445,1105,1134,441,1233,448,1128,1156,-1
448,1128,1104,445,1107,1103,450,443,1108,1102,1106,-1
1233,441,1104,443,439,1134,445,1231,1159,1107,437,1105
1156,1104,1128,1105,1108,1134,1106,445,1133,443,-1,-1
1128,1111,1107,1156,1113,1133,1102,1105,1112,-1,-1,-1
1118,1100,1110,1098,1120,1119,1123,-1,-1,-1,-1,-1
1123,1109,1124,1098,1113,1120,1111,1127,-1,-1,-1,-1
1112,1113,1102,1108,1098,1128,1088,1110,1101,-1,-1,-1
1111,1088,1098,1102,1089,1101,1113,1100,1108,-1,-1,-1
1111,1124,1108,1110,1133,1098,1112,1155,1102,-1,-1,-1
473,1115,471,1129,1132,469,475,468,1131,1079,1116,1076
469,1114,468,1076,471,1129,1079,466,473,1132,1059,465
1339,1131,1129,1117,1079,1130,1096,1132,1186,1058,1114,1115
1184,1116,1339,1130,1095,1096,1183,1131,1623,1193,-1,-1
1641,1119,1109,1221,1120,1136,1100,1225,-1,-1,-1,-1
1118,1099,1221,1100,1109,1181,1192,1641,1220,-1,-1,-1
1118,1136,1123,1109,1126,1641,1110,1125,-1,-1,-1,-1
1091,1122,1177,1171,1082,1093,1170,1092,1080,-1,-1,-1
1170,1121,1138,1082,1171,1169,1316,1091,1177,1081,1168,-1
1125,1127,1110,1120,1124,1126,1163,1109,-1,-1,-1,-1
1155,1113,1127,1110,1123,1133,1161,1442,1125,-1,-1,-1
1163,1123,1127,1162,1126,1442,1459,1269,1120,1124,-1,-1
1125,1531,1136,1162,1123,1459,1120,1358,1163,-1,-1,-1
1125,1442,1155,1124,1163,1123,1219,1235,1162,1110,-1,-1
1105,1102,1108,1107,1103,1111,1101,448,1104,1156,450,-1
1114,1116,1131,1115,1079,1132,1339,473,471,469,1076,1186
1193,1131,1186,1117,1116,1211,1183,1184,1187,2031,1339,-1
1116,1186,1132,1129,1130,1151,1114,1339,1117,1079,1187,475
1114,475,1131,1129,1151,473,1186,477,1116,471,1115,479
1161,1156,1155,1113,1108,1124,1157,1107,1219,-1,-1,-1
1233,1106,1156,1399,1104,1159,1157,1107,1231,441,443,-1
1097,495,490,1299,1213,488,1154,486,499,1253,1298,1203
1358,1641,1531,1120,1126,1293,1118,1500,1642,-1,-1,-1
1148,1081,1150,1147,1149,1138,1170,1316,1167,1172,1180,1083
1148,1170,1122,1316,1137,1081,1169,1082,1180,1147,-1,-1
1143,1144,1623,1140,1145,1146,1141,1188,1185,1084,1184,-1
1184,1185,1623,1139,1144,1183,1143,1194,1095,-1,-1,-1
1143,1086,1172,1146,1084,1139,1623,1149,1164,1083,1070,-1
1094,1058,1085,1096,1061,1339,1059,1095,1056,1055,1070,1067
1141,1139,1623,1084,1146,1086,1172,1140,1145,1095,1144,1184
1139,1188,1185,1140,1145,1190,1189,1143,1264,1623,1146,-1
1188,1146,1139,1166,1144,1182,1143,1264,1164,-1,-1,-1
1141,1145,1143,1172,1166,1139,1164,1086,1144,-1,-1,-1
1148,1167,1137,1150,1196,1180,1316,1138,1195,-1,-1,-1
1316,1147,1137,1138,1180,1150,1196,1169,1081,1292,1170,-1
1172,1081,1150,1083,1137,1086,1141,1164,-1,-1,-1,-1
1164,1137,1167,1149,1172,1147,1165,1148,1081,-1,-1,-1
477,479,1152,1186,1132,1187,475,1131,481,473,1327,1114
479,1187,481,1327,1151,477,482,1186,1427,1228,1211,-1
499,502,1154,504,1201,495,508,1191,1097,1135,1298,1299
499,1153,1299,495,1201,1298,1135,502,1097,504,1213,1253
1161,1219,1124,1127,1442,1133,1158,1360,1113,1157,-1,-1
1107,1133,1157,1134,1108,1161,1104,1128,1399,-1,-1,-1
1161,1399,1156,1158,1134,1160,1133,1159,1219,1155,-1,-1
1161,1360,1160,1219,1179,1157,1399,1155,1237,1178,-1,-1
1399,1233,1231,1232,1309,1134,1160,1106,1157,1482,439,1411
1158,1399,1309,1179,1320,1157,1159,1360,1161,-1,-1,-1
1158,1155,1157,1219,1133,1156,1360,1160,1442,1124,1399,-1
1125,1459,1163,1380,1269,1126,1458,1235,1531,1127,-1,-1
1125,1235,1442,1162,1269,1127,1178,1380,1123,1126,-1,-1
1165,1172,1150,1166,1146,1167,1216,1149,1141,1145,-1,-1
1216,1164,1167,1166,1195,1150,1263,1182,-1,-1,-1,-1
1164,1182,1165,1145,1146,1216,1188,1172,1261,-1,-1,-1
1165,1147,1150,1195,1164,1196,1137,1216,-1,-1,-1,-1
1176,1171,1175,1169,1174,1197,1290,1177,1173,1122,-1,-1
1316,1175,1122,1168,1171,1138,1292,1148,-1,-1,-1,-1
1082,1081,1138,1122,1073,1137,1121,1080,1083,1148,1091,-1
1168,1177,1121,1122,1169,1197,1176,1175,1093,-1,-1,-1
1141,1149,1164,1150,1146,1086,1143,1166,1083,1137,-1,-1
1318,1175,1174,1315,1292,1289,1335,1168,-1,-1,-1,-1
1176,1175,1173,1290,1168,1199,1289,1318,1197,-1,-1,-1
1168,1173,1169,1292,1174,1176,1316,1171,1315,1318,-1,-1
1168,1290,1197,1174,1175,1171,1199,1198,1177,-1,-1,-1
1093,1171,1121,1197,1181,1168,1220,1091,1176,1122,1099,-1
1235,1360,1234,1442,1237,1219,1236,1266,1163,1179,1311,1158
1360,1160,1158,1321,1237,1320,1219,1309,1311,1178,-1,-1
1148,1316,1314,1196,1147,1292,1368,1138,1137,-1,-1,-1
1220,1099,1177,1093,1221,1119,1197,1092,-1,-1,-1,-1
1265,1166,1261,1188,1145,1264,1216,1490,1262,1165,-1,-1
1193,1184,1194,1140,2031,1130,1185,1117,1211,-1,-1,-1
1117,1623,1140,1095,1183,1096,1130,1139,1193,1185,1143,-1
1194,1189,1140,1144,1190,1183,1139,2031,1188,1280,1184,1224
1131,1151,1187,1130,1132,1211,1152,1193,1116,477,1129,479
1152,1186,1327,1211,1427,1151,479,481,1229,477,1130,1228
1264,1145,1144,1182,1190,1265,1622,1139,1166,1185,-1,-1
1280,1194,1185,1190,1224,1144,2031,1281,1284,-1,-1,-1
1189,1188,1622,1144,1264,1281,1280,1185,-1,-1,-1,-1
1202,508,1200,504,1201,1418,510,502,1205,1291,1153,1244
1087,1099,1100,1092,1089,1119,1075,1093,1090,1074,-1,-1
1211,2031,1183,1130,1194,1223,1186,1427,1187,1117,1184,-1
2031,1189,1185,1224,1183,1193,1223,1140,1280,-1,-1,-1
1167,1508,1165,1263,1402,1196,1216,1861,1147,-1,-1,-1
1402,1180,1147,1368,1167,1314,1195,1148,1508,-1,-1,-1
1176,1177,1220,1290,1168,1198,1171,1181,1174,-1,-1,-1
1220,1290,1276,1275,1225,1197,1176,1199,1221,-1,-1,-1
1337,1290,1276,1382,1174,1289,1176,1336,1198,-1,-1,-1
1191,1395,1418,1244,1291,1201,1202,1420,508,504,1419,1298
502,1191,1153,1154,504,1200,1298,1244,499,508,1299,1202
510,1418,1191,508,1205,515,1200,504,1291,1204,1201,518
486,1229,1228,484,1227,1213,488,1255,1327,482,1427,1135
1205,1206,1736,1418,1291,1396,518,515,1202,521,1207,510
515,1202,1204,510,1418,518,1206,1291,1191,521,508,-1
521,1207,518,522,1736,1204,1205,1226,515,524,1215,-1
1215,522,1206,1226,524,1736,521,2459,526,518,1204,1693
379,1209,378,1230,382,1238,1210,376,1388,384,1240,1239
1208,1210,1239,1240,1238,382,379,386,384,1230,378,388
386,1209,384,1239,388,382,1208,379,1240,1245,390,-1
1193,1427,1187,2031,1186,1130,1223,1327,1183,1255,1152,1229
1305,1362,415,1303,1278,413,417,1304,1483,1277,1578,411
1135,486,1299,1227,1203,488,1253,1097,490,1229,484,495
422,1313,425,1282,420,428,1328,1483,1254,1329,418,430
2459,1207,524,526,1222,1226,522,527,1296,1693,1206,1736
1165,1262,1263,1261,1166,1182,1195,1164,1332,1167,-1,-1
543,1586,545,541,1375,1465,548,1218,539,1374,549,538
538,1586,539,1365,536,1363,541,1217,543,534,1430,1310
1360,1442,1161,1155,1158,1178,1237,1179,1127,1235,1157,1133
1198,1181,1221,1225,1197,1177,1290,1275,1119,-1,-1,-1
1119,1220,1225,1118,1641,1181,1293,1099,1198,-1,-1,-1
2459,527,1215,1295,1294,526,1296,530,524,1226,1389,1693
1255,2031,1427,1224,1256,1211,1229,1193,1194,1227,-1,-1
1194,1189,1223,2031,1280,1284,1256,1255,1185,-1,-1,-1
1220,1221,1293,1275,1198,1641,1359,1118,1821,-1,-1,-1
2459,1693,1207,1736,1215,1440,1206,1296,1635,1222,524,522
1255,1203,1213,1229,1253,1256,486,1299,1223,1228,1427,484
484,1229,1327,1203,482,486,1427,481,1227,1255,1152,1187
1228,1203,1255,1427,1327,1227,484,1223,486,482,1213,1187
1388,376,378,1238,1208,1729,374,379,1209,1259,372,382
1233,1411,1159,1482,1232,439,437,1106,441,436,1399,1309
1309,1482,1308,1159,1231,1307,1306,1399,1411,1233,1532,-1
1106,1231,1159,1134,439,441,1399,1104,1411,443,437,1232
1266,1237,1311,1178,1312,1236,1323,1235,1360,1321,-1,-1
1163,1178,1269,1442,1236,1234,1219,1127,1162,1266,1268,-1
1266,1235,1234,1269,1268,1323,1267,1178,1312,-1,-1,-1
1360,1234,1321,1311,1179,1178,1377,1219,1158,1266,-1,-1
1230,1208,1241,1209,1259,1240,1729,1388,378,376,379,1242
1210,1245,1209,1240,388,1243,386,390,384,1208,1246,1242
1239,1209,1242,1241,1238,1243,1210,1208,1258,1245,1287,-1
1258,1242,1259,1238,1240,1260,1257,1209,1350,1729,1230,-1
1287,1258,1240,1257,1241,1243,1250,1286,1260,1239,1238,-1
1250,1245,1239,1242,1246,1240,1287,1248,1286,-1,-1,-1
1298,1419,1395,1200,1201,1297,1191,1154,-1,-1,-1,-1
1248,1239,390,388,1246,1243,392,386,1210,1249,1240,394
1248,1245,1250,1249,1247,1243,2939,392,390,1239,394,1285
2939,1250,1285,1246,1249,1487,1384,1496,1286,1248,-1,-1
392,1245,394,390,1246,1249,388,397,1252,1243,1239,1247
1252,1248,1246,2939,1384,1247,394,397,392,398,1245,1251
1247,1286,1287,1246,1285,1243,1242,1338,1245,1249,2939,-1
398,397,399,1252,1412,1486,401,1384,394,1288,403,2070
397,1384,1251,1249,398,394,1412,399,2939,2070,1248,1486
1299,1227,1298,1256,1213,1297,1135,1255,1154,1203,-1,-1
430,1329,428,1439,1313,432,434,1306,425,1214,1328,436
1223,1227,1229,1427,1256,1203,1228,1253,2031,1211,1327,1224
1255,1253,1227,1224,1284,1223,1297,-1,-1,-1,-1,-1
1258,1287,1274,1242,1273,1286,1415,1241,1260,-1,-1,-1
1257,1260,1241,1242,1273,1287,1259,1240,1274,1272,-1,-1
1729,1241,1350,1260,1349,1238,1230,1388,1258,1386,-1,-1
1258,1350,1259,1241,1273,1272,1257,1564,1242,-1,-1,-1
1262,1265,1490,1182,1216,1271,1332,1264,1263,1270,1166,-1
1261,1332,1263,1216,1271,1398,1490,1331,1265,1588,1182,-1
1262,1508,1398,1332,1216,1195,1165,1588,1397,1261,-1,-1
1265,1622,1188,1182,1270,1190,1490,1261,1145,1413,1281,1144
1264,1490,1261,1182,1270,1622,1188,1271,1262,-1,-1,-1
1234,1323,1236,1312,1311,1267,1322,1178,1237,1235,-1,-1
1323,1378,1268,1400,1401,1236,1266,1322,-1,-1,-1,-1
1269,1379,1267,1378,1380,1236,1235,1323,-1,-1,-1,-1
1235,1380,1268,1163,1162,1236,1379,1125,1442,-1,-1,-1
1490,1265,1622,1413,1264,1356,1330,1390,1261,1281,-1,-1
1490,1332,1262,1331,1261,1333,1330,1265,1588,-1,-1,-1
1564,1460,1260,1350,1449,1416,1273,1258,-1,-1,-1,-1
1415,1258,1257,1260,1272,1416,1274,1414,-1,-1,-1,-1
1257,1286,1446,1415,1338,1414,1287,1273,1258,-1,-1,-1
1821,1359,1225,1276,1198,1381,1293,1501,1220,1500,1382,-1
1382,1198,1290,1199,1275,1381,1821,1337,1796,-1,-1,-1
1394,1304,1483,1362,1497,1282,418,1212,1303,1578,1328,1524
1305,1361,1279,413,1212,1303,411,1373,415,1372,408,1362
411,1361,408,1278,1463,413,406,1372,1305,1373,404,-1
1189,1283,1281,1284,1224,1190,1194,1622,1185,-1,-1,-1
1622,1413,1283,1280,1421,1190,1390,1189,1264,1270,-1,-1
1214,1483,422,420,1277,1313,1328,1394,425,418,1362,-1
1281,1280,1421,1284,1376,1413,1435,1390,-1,-1,-1,-1
1283,1280,1224,1256,1297,1376,1189,-1,-1,-1,-1,-1
1286,1448,1247,1250,1487,1338,2939,1287,1542,1447,1246,-1
1287,1338,1285,1250,1274,1257,1448,1446,1247,1242,1447,1243
1286,1257,1242,1250,1243,1274,1258,1285,1338,1240,-1,-1
403,404,1486,401,1464,1463,406,399,1251,1372,1484,398
1335,1337,1318,1199,1174,1336,1334,1173,1344,-1,-1,-1
1176,1198,1199,1276,1174,1197,1168,1220,1382,-1,-1,-1
1418,1420,1395,1200,1396,1204,1205,1202,1634,1191,1417,-1
1316,1175,1314,1180,1315,1173,1169,1148,1319,-1,-1,-1
1500,1358,1225,1641,1359,1136,1275,1821,1642,1221,1499,-1
1550,1296,1295,1222,1389,1302,2459,1301,1455,527,530,1441
530,1389,527,1294,1222,532,526,1310,1550,1296,-1,-1
2459,1294,1441,1302,1693,1222,1215,1226,1550,1479,1635,1295
1419,1253,1298,1284,1244,1376,1256,1299,-1,-1,-1,-1
1299,1244,1154,1253,1201,1297,1419,1135,499,1200,1153,1213
1135,1253,1298,1154,1213,495,1097,1227,488,499,490,1201
459,1057,1063,461,458,1062,1066,1065,456,1064,1056,1067
1364,1389,1550,1366,1409,1310,1294,1455,1410,1453,-1,-1
1455,1296,1479,1441,1550,1585,1294,1409,1693,1692,1454,2459
1212,1304,1578,1278,1362,1373,1305,1436,1497,1361,415,1277
1497,1362,1578,1303,1277,1212,1572,1394,1483,1436,1524,1305
413,1212,1278,415,1303,411,1362,1279,417,1361,1304,-1
1329,1482,1308,1439,1385,1254,1411,1232,1532,1328,-1,-1
1515,1532,1308,1309,1232,1512,1320,-1,-1,-1,-1,-1
1306,1532,1232,1482,1307,1385,1329,1309,1512,1231,1439,-1
1160,1232,1399,1159,1307,1320,1179,1231,1308,1515,-1,-1
1365,1389,1366,534,1363,532,1301,536,1295,530,1218,-1
1377,1234,1237,1312,1321,1324,1266,1347,1325,1179,1178,-1
1266,1311,1324,1322,1323,1234,1346,1377,1236,-1,-1,-1
1214,428,1254,425,1329,1328,1282,422,430,420,-1,-1
1319,1180,1368,1292,1315,1196,1316,1369,1402,-1,-1,-1
1319,1318,1611,1173,1292,1314,1317,1175,-1,-1,-1,-1
1148,1169,1180,1292,1138,1175,1122,1147,1314,1137,-1,-1
1318,1335,1344,1611,1425,1383,1315,-1,-1,-1,-1,-1
1335,1173,1317,1315,1289,1344,1174,1611,1175,-1,-1,-1
1314,1369,1611,1368,1315,1507,1367,1292,-1,-1,-1,-1
1515,1179,1321,1309,1307,1160,1325,-1,-1,-1,-1,-1
1377,1237,1179,1325,1311,1320,1360,1515,1234,1347,1324,-1
1351,1346,1323,1312,1352,1401,1266,1324,1746,1558,1267,-1
1266,1267,1322,1312,1401,1236,1234,1351,1268,-1,-1,-1
1377,1346,1347,1312,1311,1345,1348,1322,1325,1321,-1,-1
1377,1515,1321,1326,1347,1426,1320,1311,1512,1324,1348,-1
1426,1515,1512,1514,1513,1325,1521,1347,-1,-1,-1,-1
1228,1152,482,481,1187,1427,1229,484,479,1203,1211,1255
1871,1394,1329,1313,1385,1282,1214,1306,1277,1254,-1,-1
1306,1254,1328,1313,1385,1439,430,1308,1482,428,1214,1871
1490,1340,1343,1356,1333,1271,1270,-1,-1,-1,-1,-1
1588,1332,1342,1333,1502,1271,1398,1589,1262,1600,1629,-1
1262,1588,1398,1331,1263,1271,1261,1502,1216,1508,1629,1333
1340,1331,1342,1271,1330,1341,1600,1343,1490,1332,-1,-1
1344,1336,1335,1370,1371,1456,1289,1337,1383,-1,-1,-1
1344,1318,1289,1334,1317,1383,1173,1336,1456,-1,-1,-1
1337,1370,1334,1445,1443,1289,1382,1371,1335,1199,-1,-1
1336,1382,1199,1445,1289,1334,1276,1796,1370,-1,-1,-1
1286,1447,1446,1448,1285,1274,1287,1250,1511,1493,-1,-1
1116,1096,1058,1079,1117,1129,1142,1095,1131,1059,1130,-1
1343,1333,1341,1357,1330,1355,1600,1342,-1,-1,-1,-1
1600,1340,1342,1333,1357,1599,1548,1587,-1,-1,-1,-1
1600,1331,1589,1502,1587,1333,1341,1588,1599,1340,-1,-1
1340,1354,1355,1356,1330,1357,1391,1333,-1,-1,-1,-1
1335,1383,1334,1456,1317,1318,1371,1425,1457,1289,-1,-1
1348,1498,1353,1346,1347,1618,1324,1352,1426,1682,1377,-1
1324,1352,1322,1345,1353,1312,1351,1347,1747,-1,-1,-1
1348,1377,1426,1324,1345,1325,1498,1311,1346,1326,1682,1321
1498,1426,1347,1345,1682,1514,1618,1324,1569,1377,1522,1325
1729,1386,1387,1259,1350,372,1388,374,1564,370,1230,1406
1564,1260,1259,1386,1349,1272,1729,1460,1241,-1,-1,-1
1352,1558,1322,1746,1401,1747,1346,1559,1654,1323,-1,-1
1351,1346,1353,1747,1746,1322,1558,1345,1685,1401,-1,-1
1747,1352,1618,1345,1685,1346,1498,1684,1746,-1,-1,-1
1391,1392,1343,1355,1393,1356,1390,1573,1505,-1,-1,-1
1391,1477,1354,1343,1505,1357,1478,1340,1393,-1,-1,-1
1390,1392,1354,1413,1270,1343,1330,1490,1421,-1,-1,-1
1478,1340,1355,1477,1341,1343,1548,-1,-1,-1,-1,-1
1500,1136,1531,1642,1293,1641,1359,1499,1530,1126,-1,-1
1821,1500,1501,1275,1499,1293,1381,1358,1225,1642,1665,-1
1219,1237,1158,1179,1178,1161,1442,1160,1321,1234,1155,-1
1279,1372,1278,1463,1373,411,408,1464,1305,1437,413,1303
1212,1304,1277,1483,1303,417,415,1305,418,1497,1578,1278
1365,1430,1366,1218,1586,1310,536,538,534,1410,1374,-1
1408,1301,1409,1366,1410,1453,1568,1550,1430,1428,-1,-1
536,1363,534,1310,1218,538,532,1366,1586,539,1430,-1
1363,1364,1301,1410,1430,1310,1365,1408,1389,-1,-1,-1
1403,1369,1404,1611,1425,1597,1319,1507,-1,-1,-1,-1
1319,1507,1402,1314,1369,1196,1861,1180,1611,-1,-1,-1
1319,1367,1507,1368,1611,1597,1403,1619,1314,1861,-1,-1
1371,1336,1443,1334,1444,1445,1456,1528,1633,1337,-1,-1
1370,1456,1633,1444,1334,1344,1336,1457,1443,-1,-1,-1
1361,1437,1464,1463,1373,1279,1278,1288,1484,408,-1,-1
1372,1303,1361,1436,1437,1578,1278,1438,1279,1304,-1,-1
1375,1430,1429,1586,1471,1217,2444,1472,1465,1410,1363,-1
1465,1217,1374,2444,1586,545,1471,548,549,543,550,1430
1419,1435,1283,1284,1417,1421,1297,1573,-1,-1,-1,-1
1311,1347,1325,1324,1321,1426,1237,1312,1348,1345,-1,-1
1517,1379,1267,1268,1400,1516,1537,1675,-1,-1,-1,-1
1675,1380,1378,1268,1516,1458,1538,1269,1517,-1,-1,-1
1458,1379,1269,1162,1268,1459,1675,1163,-1,-1,-1,-1
1821,1796,1382,1501,1276,1275,1815,1359,1445,1814,-1,-1
1337,1276,1445,1796,1381,1199,1336,1821,1290,1275,-1,-1
1344,1425,1456,1422,1457,1317,1335,1334,1404,-1,-1,-1
1252,2070,2939,1496,1249,1412,397,1251,1247,1518,1485,398
1532,1871,1306,1308,1328,1329,1523,1394,1512,-1,-1,-1
1564,1406,1349,1350,1387,1405,1407,1460,1259,-1,-1,-1
1407,1543,370,1349,1386,1406,372,367,1432,1729,374,1431
376,374,1729,1230,378,372,1238,1349,1208,1259,379,-1
1295,1301,1310,1294,1550,532,530,1222,1366,534,-1,-1
1392,1413,1421,1356,1573,1354,1281,1270,1622,1393,1435,1283
1505,1393,1354,1355,1552,1392,1691,1477,1343,1573,-1,-1
1390,1573,1393,1354,1356,1421,1413,1435,1391,1434,-1,-1
1391,1573,1392,1552,1354,1434,1435,1390,1505,1355,-1,-1
1277,1871,1497,1328,1524,1282,1304,1483,1385,1523,-1,-1
1420,1200,1419,1244,1291,1417,1634,1418,1191,-1,-1,-1
1420,1634,1291,1440,1736,1551,1204,1418,-1,-1,-1,-1
1861,1398,1506,1629,1508,1619,1588,1507,1402,1263,1630,-1
1588,1397,1332,1263,1508,1629,1861,1262,1502,1331,1506,-1
1159,1160,1157,1309,1134,1233,1158,1232,1156,1231,1161,-1
1517,1401,1378,1636,1559,1267,1640,1558,-1,-1,-1,-1
1351,1400,1322,1558,1323,1267,1559,1352,-1,-1,-1,-1
1861,1508,1196,1368,1507,1195,1397,1314,1619,-1,-1,-1
1404,1367,1621,1597,1424,1423,1706,1369,1620,1425,-1,-1
1423,1403,1367,1425,1422,1424,1789,1611,1383,1705,1597,1621
1462,1406,1564,1533,1386,1460,1461,1432,1604,1407,1541,-1
1407,1432,1405,1386,1461,1387,1543,1564,1533,1433,1349,-1
1543,1432,1406,1387,1433,367,1431,370,365,1461,1386,1476
1568,1364,1410,1453,1428,1409,1366,1567,1593,1592,1429,1582
1455,1453,1550,1364,1301,1454,1582,1408,1302,1585,-1,-1
1408,1430,1366,1364,1429,1428,1374,1568,1363,1470,1301,1453
437,436,1231,1482,439,1439,434,1233,1306,1232,441,1159
1251,2070,1486,1485,1384,1252,1484,397,398,399,1518,1496
1390,1622,1281,1270,1356,1421,1392,1264,1283,-1,-1,-1
1509,1415,1452,1446,1510,1274,1689,1525,1416,1273,1511,-1
1414,1273,1452,1416,1274,1257,1446,1509,-1,-1,-1,-1
1415,1449,1452,1451,1450,1272,1273,1414,-1,-1,-1,-1
1435,1420,1419,1634,1395,1434,1376,1573,1291,-1,-1,-1
1202,1291,1205,1200,1191,1204,510,508,515,1395,1420,1396
1244,1395,1376,1417,1297,1435,1298,1420,1200,-1,-1,-1
1634,1291,1395,1396,1417,1551,1200,1434,1418,1419,1204,-1
1390,1283,1573,1435,1392,1413,1281,1376,1356,-1,-1,-1
1789,1423,1383,1404,1425,1457,1790,-1,-1,-1,-1,-1
1789,1404,1424,1705,1422,1403,1767,1790,1425,1704,-1,-1
1423,1403,1706,1621,1704,1705,1404,1789,1703,1866,-1,-1
1404,1383,1611,1317,1367,1422,1344,1423,1403,-1,-1,-1
1348,1514,1347,1326,1325,1682,1377,1498,1522,1345,1513,1515
1229,1211,1255,1327,1187,1223,1228,1152,2031,1227,1193,1203
1470,1408,1568,1410,1593,1429,1632,1472,1474,1592,1364,-1
1374,1472,1470,1410,1430,1471,1428,1474,1408,1375,-1,-1
1374,1363,1410,1366,1586,1429,1218,1375,1365,1364,-1,-1
365,367,1543,1433,363,370,1407,1432,1387,1475,-1,-1
1407,1461,1433,1476,1406,1543,1602,1387,1431,1534,1405,365
365,1431,1432,1543,363,1407,1476,1475,367,1406,1461,361
1634,1573,1393,1435,1551,1417,1552,1420,1392,-1,-1,-1
1573,1417,1376,1421,1434,1419,1392,1634,1393,1283,1390,-1
1578,1438,1467,1572,1373,1466,1303,1497,1304,-1,-1,-1
1372,1468,1464,1373,1438,1484,1361,1489,1469,-1,-1,-1
1436,1469,1466,1468,1437,1467,1373,1578,1756,-1,-1,-1
434,436,1254,1306,1411,1482,432,1329,430,437,1231,1308
1635,1693,1396,1736,1226,1551,1553,1441,1634,2459,1692,-1
1479,1693,1635,1296,1692,1302,2459,1585,1553,1440,1226,1766
1219,1127,1235,1163,1155,1178,1360,1125,1161,1269,1124,-1
1370,1528,1445,1814,1557,1336,1444,1796,1371,-1,-1,-1
1371,1370,1528,1529,1527,1443,1633,-1,-1,-1,-1,-1
1796,1336,1382,1443,1337,1814,1370,1381,-1,-1,-1,-1
1509,1447,1338,1414,1511,1274,1286,1689,1415,1448,-1,-1
1338,1511,1448,1446,1493,1509,1542,1285,1757,1286,-1,-1
1542,1447,1285,1338,1493,1487,1286,1494,1446,-1,-1,-1
1451,1460,1541,1416,1272,1540,1462,1450,1564,-1,-1,-1
1451,1525,1452,1526,1778,1416,1449,1540,1510,1628,-1,-1
1450,1449,1540,1526,1416,1541,1452,1778,1816,1525,-1,-1
1450,1525,1414,1415,1416,1510,1451,1509,-1,-1,-1,-1
1582,1409,1408,1567,1568,1364,1454,1455,1592,1583,1301,1410
1582,1455,1585,1453,1409,1583,1584,1567,1302,-1,-1,-1
1409,1302,1585,1454,1550,1479,1453,1582,1294,1301,1584,-1
1371,1344,1457,1383,1334,1633,1370,1335,-1,-1,-1,-1
1456,1737,1790,1383,1422,1633,1344,1371,1789,1738,-1,-1
1675,1538,1380,1459,1379,1530,1539,1162,1535,1516,1591,-1
1162,1531,1458,1380,1530,1126,1538,1125,-1,-1,-1,-1
1564,1462,1449,1541,1272,1405,1604,1386,1350,1533,-1,-1
1432,1534,1533,1406,1476,1602,1405,1407,1581,1433,1462,-1
1604,1460,1533,1541,1405,1564,1449,1581,1571,1461,-1,-1
406,408,1361,1279,1288,404,1372,1464,403,411,1486,1278
1372,1484,1288,1463,1486,1437,1361,404,403,1468,406,-1
549,548,2444,1375,550,545,1217,1560,543,1471,552,1374
1520,1467,1469,1756,1491,1438,1436,1565,1468,-1,-1,-1
1466,1436,1572,1491,1492,1438,1520,1578,1521,1469,-1,-1
1489,1469,1437,1438,1488,1484,1657,1756,1485,1464,1466,-1
1756,1468,1466,1438,1488,1520,1489,1437,1467,-1,-1,-1
1472,1428,1474,1429,1632,1473,1593,1471,1410,1615,-1,-1
1472,2444,1631,1374,1375,1429,1473,1560,1465,1470,1616,-1
1470,1471,1473,1474,1429,1631,1374,1428,1656,1616,1632,2444
1616,1472,1631,1474,1546,1656,1471,1480,1470,1760,1617,1560
1470,1656,1472,1615,1473,1632,1546,1428,1429,1617,-1,-1
363,361,1476,1595,1596,1433,365,358,1602,1432,1431,-1
1602,1432,1475,1433,1461,1595,1534,1407,363,1625,-1,-1
1478,1355,1549,1505,1503,1357,1391,1504,-1,-1,-1,-1
1477,1504,1549,1548,1357,1601,1726,1355,1503,-1,-1,-1
1441,1585,1692,1766,1302,1455,1635,1296,1691,1584,1693,-1
554,1616,1560,1481,552,1631,1760,555,1546,1473,2444,550
555,554,1760,1480,1544,557,1616,552,1560,1546,1547,-1
1411,1306,1231,1232,1308,1439,437,436,1159,1329,439,1233
418,1277,1362,420,417,1282,422,1304,1212,1214,1394,415
1464,1489,1485,1437,1468,1486,1412,1372,1288,1657,2070,-1
2070,1489,1657,1412,1484,1518,1384,1496,1486,1468,1732,-1
1288,1251,1412,401,399,1464,403,398,1484,397,404,1252
2939,1542,1285,1496,1448,1247,1495,1384,-1,-1,-1,-1
1469,1750,1489,1756,1657,1468,1566,1883,-1,-1,-1,-1
1468,1657,1485,1484,1488,1469,1437,1750,1518,-1,-1,-1
1265,1271,1270,1261,1330,1262,1264,1182,1356,1333,-1,-1
1522,1520,1521,1467,1466,1519,1492,1514,1572,1565,-1,-1
1521,1572,1524,1513,1467,1491,1523,1522,1514,1497,-1,-1
1447,1758,1448,1542,1757,1494,1511,1759,1338,-1,-1,-1
1542,1758,1733,1719,1493,1495,1448,1734,-1,-1,-1,-1
1719,1496,1542,1518,1494,1487,1732,2939,-1,-1,-1,-1
2939,2070,1518,1384,1487,1495,1247,1485,1732,1542,1412,1249
1304,1524,1572,1394,1277,1578,1362,1871,1303,1436,1492,-1
1348,1618,1569,1682,1345,1684,1353,1426,1347,1519,1522,-1
1500,1359,1666,1613,1665,1501,1642,1821,1358,1614,1293,-1
1358,1359,1642,1293,1499,1613,1531,1821,1136,1501,1275,-1
1821,1665,1359,1381,1815,1499,1796,1275,1666,1500,-1,-1
1588,1589,1629,1700,1342,1331,1587,1398,1332,1714,1600,1630
1505,1549,1965,1766,1477,1691,1692,1726,1478,-1,-1,-1
1601,1478,1726,1549,1548,1670,1668,1477,-1,-1,-1,-1
1391,1691,1503,1477,1355,1552,1393,1354,1549,-1,-1,-1
1619,1629,1630,1397,1620,1861,1700,1597,1398,1507,-1,-1
1861,1369,1619,1368,1402,1597,1397,1319,1508,1506,1367,-1
1861,1263,1402,1397,1398,1195,1507,1196,1332,1619,-1,-1
1689,1414,1446,1510,1511,1690,1447,1452,1627,1415,-1,-1
1525,1509,1689,1452,1627,1414,1628,1450,-1,-1,-1,-1
1690,1447,1509,1689,1446,1757,1493,1646,1338,1414,-1,-1
1532,1515,1326,1513,1523,1307,1308,1325,1514,1385,-1,-1
1521,1514,1326,1523,1512,1492,1522,1426,1532,1524,1515,-1
1426,1521,1522,1513,1326,1682,1348,1492,1491,1512,1347,1519
1512,1326,1325,1320,1307,1532,1321,1513,1426,1309,-1,-1
1537,1675,1379,1517,1536,1378,1535,1640,1819,1458,1538,-1
1537,1640,1378,1400,1636,1516,1819,1832,1639,1379,1559,-1
2070,1732,1496,1657,1485,1495,1384,1489,1719,1412,1750,-1
1522,1570,1520,1565,1569,1682,1491,1521,1498,1882,2092,1514
1565,1466,1756,1491,1519,1570,1522,1469,1467,1566,-1,-1
1522,1492,1514,1513,1491,1682,1519,1467,1326,1523,1426,-1
1521,1682,1519,1514,1491,1520,1513,1426,1492,1569,1348,1498
1871,1513,1532,1524,1512,1385,1492,1394,1521,-1,-1,-1
1497,1871,1572,1523,1492,1394,1513,1277,1304,1578,-1,-1
1450,1510,1778,1452,1628,1526,1451,1627,1884,1414,-1,-1
1816,1778,1451,1450,1540,1885,1525,1643,1884,1787,-1,-1
1772,1738,1529,1771,1444,1633,1744,-1,-1,-1,-1,-1
1529,1557,1443,2200,1444,1745,1370,1814,-1,-1,-1,-1
1528,1745,1527,2200,1744,1444,1923,1557,-1,-1,-1,-1
1538,1642,1591,1531,1458,1459,1613,1539,1358,1675,-1,-1
1358,1459,1642,1136,1126,1530,1500,1162,-1,-1,-1,-1
1512,1385,1308,1307,1523,1871,1515,1306,1513,1232,-1,-1
1462,1534,1581,1604,1461,1405,1406,1541,1603,1460,-1,-1
1581,1461,1533,1602,1606,1605,1476,1604,1432,1625,-1,-1
1539,1536,1675,1538,1725,1590,1516,1591,1537,1458,-1,-1
1537,1535,1819,1725,1751,1516,1675,1640,1539,1831,-1,-1
1819,1640,1516,1517,1536,1832,1535,1378,1636,1751,1675,1831
1539,1675,1458,1591,1530,1535,1590,1379,1459,1613,1516,-1
1538,1590,1591,1535,1675,1725,1614,1530,1754,1458,1613,1536
1451,1541,1816,1526,1571,1643,1449,1450,-1,-1,-1,-1
1462,1449,1604,1571,1460,1540,1451,1533,1405,-1,-1,-1
1494,1448,1487,1495,1493,1447,1758,1285,1719,1496,-1,-1
367,1407,1431,370,1433,1387,365,1432,1406,372,363,-1
557,1760,1547,555,1545,1481,558,1546,1616,1617,554,1555
558,1544,559,557,1556,1555,1547,561,3534,1554,1760,555
1616,1617,1760,1656,1547,1473,1544,3534,1480,1631,1474,1481
1544,3534,1617,1546,1545,1760,1555,557,1658,555,1656,1616
1478,1601,1599,1504,1341,1598,1357,1600,1668,-1,-1,-1
1726,1478,1477,1504,1965,1503,1710,1505,-1,-1,-1,-1
1294,1455,1409,1301,1302,1389,1296,1364,1295,-1,-1,-1
1634,1553,1434,1440,1396,1552,1635,1420,-1,-1,-1,-1
1391,1553,1393,1691,1551,1505,1434,1692,1573,-1,-1,-1
1635,1551,1692,1552,1691,1440,1441,1693,-1,-1,-1,-1
1562,1609,1555,1561,1608,1556,1658,1610,1659,1545,1607,-1
3534,1554,1545,1658,1609,1547,1556,1617,1544,558,-1,-1
561,1561,559,1545,1554,558,1555,1563,1800,563,1562,-1
1814,1528,2200,1953,2201,1443,1529,-1,-1,-1,-1,-1
1351,1559,1746,1637,1654,1401,1352,1653,1400,1322,-1,-1
1636,1558,1637,1400,1638,1401,1351,1639,1654,1517,-1,-1
552,1631,2444,550,1480,554,549,1465,1616,1471,1481,548
1800,1556,1562,1610,1554,1563,561,1577,559,-1,-1,-1
1554,1610,1608,1607,1561,1650,1609,1800,1556,-1,-1,-1
1800,561,563,1576,1574,1561,1575,1556,559,565,1577,558
1460,1350,1386,1405,1272,1462,1406,1260,1349,1449,-1,-1
1520,1570,1756,1882,1566,1519,1466,2092,1491,1569,1881,-1
1883,1565,1756,1882,1880,1750,1881,1488,1855,1520,1570,-1
1582,1592,1594,1568,1453,1583,1454,1828,1593,1408,1827,-1
1408,1592,1593,1567,1453,1428,1582,1828,1364,1410,1594,1632
1498,1570,1684,2092,1618,1682,1519,1348,1522,1882,1565,-1
1565,1882,2092,1519,1569,1520,1812,1684,1682,1566,-1,-1
1643,1604,1541,1644,1603,1540,1462,1816,-1,-1,-1,-1
1497,1467,1578,1436,1492,1524,1304,1491,-1,-1,-1,-1
1435,1392,1393,1434,1421,1390,1417,1354,1376,1391,1552,-1
1576,2592,1575,1799,567,565,1563,563,568,1800,2170,1577
1574,1577,1799,1800,1580,1563,1576,1579,2592,1702,-1,-1
565,1574,563,567,1563,2592,561,1575,568,1799,1800,559
1800,1702,1580,1575,1610,1563,1792,1561,1650,1678,1574,-1
1436,1304,1303,1572,1497,1373,1467,1362,1438,1277,1212,1524
1799,1804,1580,2172,1825,1575,1791,2170,1792,2592,-1,-1
1577,1792,1579,1575,1702,1791,1800,1799,1678,1804,-1,-1
1534,1605,1533,1603,1604,1606,1462,1461,1673,1602,-1,-1
1567,1454,1453,1583,1594,1409,1568,1592,1584,1455,1585,1408
1582,1594,1584,1720,1567,1454,1710,1848,1453,1592,-1,-1
1585,1965,1583,1454,1710,1766,1582,1479,1720,1455,-1,-1
1479,1455,1584,1454,1766,1302,1441,1692,1409,1582,-1,-1
1217,1218,1374,1363,1430,1375,541,543,539,538,1365,545
1589,1600,1599,1714,1342,1707,1502,1700,1341,1598,-1,-1
1502,1398,1332,1331,1629,1397,1342,1589,1263,1700,1262,1271
1502,1587,1700,1714,1342,1600,1629,1588,1331,1717,1707,1599
1539,1754,1591,1614,1725,1612,1535,1538,1752,1870,1613,-1
1539,1613,1538,1614,1590,1530,1535,1642,1666,1458,-1,-1
1828,1567,1593,1568,1594,1827,1776,1582,1453,1408,1428,1583
1592,1568,1632,1776,1828,1428,1567,1842,1470,1408,-1,-1
1848,1827,1567,1592,1583,1828,1720,1582,1851,1841,1568,1708
1817,1475,1596,1625,1476,1602,1667,361,-1,-1,-1,-1
358,1667,361,1595,1475,356,1817,1826,363,-1,-1,-1
1403,1619,1369,1507,1367,1621,1620,1506,1861,1404,-1,-1
1669,1599,1668,1601,1713,1548,1707,1711,1587,-1,-1,-1
1600,1587,1598,1548,1341,1707,1342,1601,1589,-1,-1,-1
1342,1341,1599,1587,1589,1333,1548,1502,1331,1340,-1,-1
1668,1504,1548,1598,1670,1669,1711,1478,1726,1599,-1,-1
1476,1534,1625,1606,1461,1595,1432,1475,1624,1581,-1,-1
1604,1581,1644,1605,1673,1571,1533,1643,-1,-1,-1,-1
1462,1603,1571,1533,1541,1581,1534,1460,1605,1405,1644,-1
1581,1673,1603,1606,1626,1534,1677,1624,1604,-1,-1,-1
1534,1624,1605,1581,1602,1625,1626,-1,-1,-1,-1,-1
1649,1562,1608,1650,1651,1648,1610,1701,1554,1663,1659,-1
1659,1562,1609,1607,1554,1648,1649,2177,-1,-1,-1,-1
1658,1659,1608,1554,1555,1660,3534,1562,2177,-1,-1,-1
1562,1650,1702,1561,1800,1577,1607,1554,1678,1563,-1,-1
1319,1367,1425,1317,1369,1315,1318,1404,1368,-1,-1,-1
1754,1968,1869,1614,1870,2033,1590,1752,1666,2032,-1,-1
1591,1642,1614,1499,1666,1530,1500,1869,1539,1538,1665,1590
1869,1591,1666,1613,1612,1590,1539,1754,1968,1499,-1,-1
1777,1656,1474,1842,1632,1655,1617,1806,1470,1776,-1,-1
1480,1546,1631,1760,1473,554,1560,1481,1656,555,552,1617
3534,1656,1546,1547,1655,1658,1760,1615,1555,1616,1544,1473
1684,1498,1353,1345,1685,1569,1348,2092,1683,1747,1682,-1
1506,1861,1507,1397,1597,1620,1629,1630,1369,1508,1402,-1
1621,1630,1506,1619,1699,1866,1597,1706,1403,-1,-1,-1
1706,1403,1620,1424,1866,1597,1704,1699,1404,-1,-1,-1
1264,1281,1413,1270,1190,1265,1188,1390,1280,-1,-1,-1
1143,1184,1095,1140,1139,1084,1141,1117,1085,1144,-1,-1
1625,1606,1696,1721,1626,1697,1775,1817,1605,1602,-1,-1
1624,1817,1602,1595,1721,1606,1476,1534,-1,-1,-1,-1
1697,1605,1677,1624,1696,1606,1698,1673,-1,-1,-1,-1
1689,1645,2128,1646,1628,1510,1690,1509,1525,1798,1647,-1
1525,1627,1778,1647,1645,1884,1510,1450,-1,-1,-1,-1
1506,1588,1397,1502,1700,1398,1630,1589,1619,1332,1861,1331
1506,1700,1717,1620,1699,1629,1619,1714,1866,1502,1397,-1
1560,1616,2444,1480,1473,1471,552,1472,554,550,1546,1760
1593,1470,1615,1474,1842,1776,1428,1777,1472,1568,1656,-1
1738,1371,1456,1457,1737,1444,1527,1772,1370,-1,-1,-1
1420,1551,1434,1417,1396,1291,1395,1435,1440,-1,-1,-1
1553,1693,1441,1692,1440,1479,1551,1226,1691,1296,2459,-1
1559,1640,1639,1517,1400,1638,1832,1537,1637,-1,-1,-1
1653,1654,1795,1558,1559,1638,2009,1636,1746,1652,-1,-1
1639,1637,1795,1694,1636,1695,1559,1653,1868,1735,1640,-1
1832,1640,1735,1638,1636,1694,1831,1793,1819,1695,1559,1517
1832,1537,1517,1636,1639,1819,1735,1831,1516,1536,1400,1638
1118,1136,1293,1221,1225,1120,1358,1119,-1,-1,-1,-1
1500,1358,1613,1530,1531,1499,1591,1359,1293,1136,-1,-1
1816,1787,1571,1644,1674,1540,1526,1885,1672,1603,-1,-1
1643,1672,1603,1571,1674,1673,1676,1787,1604,-1,-1,-1
2128,1904,1627,1647,1798,1628,1646,1905,1927,1926,-1,-1
2128,1690,1797,1689,1627,2019,1798,1645,1757,1511,-1,-1
1884,1645,1905,1904,1628,1903,1985,1927,1778,1627,-1,-1
1649,1659,1671,1608,2177,1663,1607,1651,1780,1781,-1,-1
1663,1651,1648,1607,1608,1671,1650,1661,1781,1701,-1,-1
1701,1610,1607,1702,1678,1651,1562,1662,2302,1649,1577,1792
1649,1701,2302,1607,1650,1663,1661,1664,1648,-1,-1,-1
1940,1653,1868,2009,1795,1939,1915,2091,2045,2176,1637,1654
2009,1795,1637,1652,1654,1868,1915,1638,1558,1940,1755,-1
2009,1653,1746,1637,1558,1755,1747,1915,1351,1795,1652,1559
1658,1617,1777,3534,1806,1615,1656,1660,1842,-1,-1,-1
1617,1546,1474,1615,1473,1655,3534,1616,1547,1472,1777,1632
1489,1750,1485,1518,1732,1488,2070,1883,1468,1855,1484,-1
3534,1609,1660,1655,1555,1617,1659,1806,1554,1547,-1,-1
2177,1608,1609,1660,1648,1658,1554,1780,1671,1607,-1,-1
1806,1658,1659,2177,1609,1655,1805,1777,3534,1780,-1,-1
2279,1664,2376,2302,1651,1663,2234,1649,-1,-1,-1,-1
1678,1681,1701,1679,2302,1680,1792,1664,1650,1688,1686,-1
1649,1781,2376,1651,1648,1671,1661,1607,1973,-1,-1,-1
2279,2302,1679,1687,1661,2089,1662,1701,1688,1651,2234,1681
1666,1501,1815,1499,1722,1869,1821,1359,1613,1953,-1,-1
1869,1665,1614,1499,1613,1722,1968,1501,1612,1591,-1,-1
1817,1826,1596,2226,1896,356,1595,358,354,-1,-1,-1
1601,1711,1669,1598,1670,1504,1709,1808,1811,1713,1548,-1
1668,1713,1711,1808,1598,1601,1811,1807,1724,-1,-1,-1
1726,1709,1708,1668,1504,1601,1711,1710,1720,-1,-1,-1
1782,1781,1780,1648,2177,1783,1663,1649,1886,1659,-1,-1
1676,1674,1644,1786,1784,1673,1643,1677,1748,-1,-1,-1
1677,1605,1676,1603,1644,1672,1626,1581,-1,-1,-1,-1
1787,1672,1643,1644,1784,1785,1816,1823,-1,-1,-1,-1
1538,1458,1379,1516,1535,1539,1380,1536,1378,1537,1530,-1
1672,1677,1748,1673,1786,1644,1698,-1,-1,-1,-1,-1
1676,1698,1673,1626,1748,1697,1605,1749,1672,-1,-1,-1
1792,1662,1702,1701,1650,1680,2302,1580,1681,1610,1577,1791
1664,1681,1662,2302,1688,1687,2279,1701,1686,1680,-1,-1
1681,1803,1792,1662,1813,1678,1791,1686,1802,1679,-1,-1
1686,1679,1662,1680,1688,1813,1678,1731,2302,1687,1664,-1
1522,1348,1498,1514,1569,1426,1519,1521,1345,1347,1618,1570
2002,1684,1914,1812,1685,2092,2003,1618,1977,1899,-1,-1
1618,2092,1683,1569,1685,1498,1812,1570,1353,1914,2002,-1
1914,1747,1684,1353,1618,1683,1755,1913,1352,2003,1746,-1
1813,1681,1688,1731,1838,1680,1906,1803,1679,1662,-1,-1
1741,1688,1664,1679,2279,2089,1730,2511,1681,2302,-1,-1
1731,1686,1681,1687,1679,1730,1741,1664,1813,1662,1838,-1
1509,1690,1627,1646,1510,1511,2128,1446,1414,1757,1797,-1
1646,1757,1689,1511,1797,1509,1627,1873,2128,1759,-1,-1
1692,1505,1503,1553,1552,1766,1391,1635,1479,-1,-1,-1
1479,1635,1691,1441,1553,1766,1693,1585,1503,1552,1302,1440
2459,1635,1226,1441,1296,1440,1215,1736,1692,1553,1222,1207
1695,1793,1735,1639,1638,1794,1832,1936,1795,1867,2024,1868
1694,1868,1795,1867,1794,1638,1793,1639,1939,1961,1652,1735
1697,1775,1624,1773,1721,1774,1626,1860,1698,-1,-1,-1
1696,1698,1774,1626,1773,1677,1624,1845,1775,-1,-1,-1
1697,1677,1749,1845,1774,1748,1626,1696,1676,1917,-1,-1
1866,1717,1718,1630,1620,1727,1712,1621,1706,1912,-1,-1
1589,1630,1714,1502,1629,1717,1506,1587,1588,1712,-1,-1
1650,2302,1662,1678,1651,1702,1679,1607,1664,1649,-1,-1
1577,1678,1792,1610,1580,1650,1800,1701,1575,-1,-1,-1
1768,1704,1769,1705,1770,2029,1863,1912,1767,1933,1706,1424
1706,1703,1769,1705,1912,1424,1768,1866,1621,1423,1770,-1
1789,1423,1703,1704,1767,1768,1424,1933,1706,1769,1404,1790
1704,1866,1621,1912,1424,1403,1769,1705,1703,1620,1699,1727
1724,1715,1714,1587,1713,1712,1598,1599,1589,-1,-1,-1
1830,1848,1720,1709,1851,1670,1710,1827,2148,1829,1594,-1
1830,1711,1811,1708,1829,1670,1668,1851,-1,-1,-1,-1
1720,1726,1965,1584,1583,1670,1708,1848,1549,-1,-1,-1
1668,1811,1669,1709,1808,1670,1601,1598,1839,1829,-1,-1
1715,1717,1716,1714,1718,1707,1724,1723,1700,1699,-1,-1
1724,1669,1807,1707,1808,1598,1715,1668,2005,-1,-1,-1
1589,1712,1587,1700,1717,1707,1715,1502,1630,-1,-1,-1
1724,1712,1716,1723,1707,1807,1718,1713,1714,1717,1728,-1
1715,1718,1723,1728,1712,1724,1717,1727,2078,-1,-1,-1
1712,1699,1630,1714,1700,1718,1716,1589,1715,-1,-1,-1
1716,1727,1699,1712,1717,1728,1715,1866,1723,1902,-1,-1
1734,1495,1732,1494,1733,1855,1788,1542,1518,1856,-1,-1
1710,1848,1708,1583,1594,1670,1851,1726,1827,1584,-1,-1
1775,1817,1860,1624,2226,1625,1696,1773,-1,-1,-1,-1
1869,1665,1968,2032,1953,1666,2199,1815,-1,-1,-1,-1
1716,1715,2006,1724,2078,1807,1728,1712,3686,1718,-1,-1
1715,1807,1713,1723,1707,1716,1712,2006,1808,1669,-1,-1
1752,1754,1753,1536,1590,1535,1751,1539,-1,-1,-1,-1
1549,1710,1504,1965,1670,1720,1601,1478,1503,-1,-1,-1
1912,1718,1902,1866,1728,1865,1699,1716,1706,-1,-1,-1
1716,1902,2078,1718,2021,1723,1727,1715,2028,-1,-1,-1
1388,1230,1349,374,1259,376,372,1238,378,1350,1208,1387
1740,1731,1741,1688,1743,1765,1742,1687,-1,-1,-1,-1
1688,1838,1765,1686,1730,1813,1681,1742,1763,-1,-1,-1
1518,1855,1657,1719,1750,1495,1734,1883,1496,1485,-1,-1
1788,1494,1734,1758,1874,1719,1779,1759,-1,-1,-1,-1
1788,1719,1856,1855,1733,1732,1874,1494,1880,1932,-1,-1
1832,1793,1936,1694,1639,1831,1640,1819,1818,2024,1794,1638
1226,1206,1204,1207,1440,1396,1693,521,1215,522,2459,-1
1738,1739,1790,1457,1633,1900,2037,1772,-1,-1,-1,-1
1772,1633,1737,1739,1527,1967,1771,1457,-1,-1,-1,-1
2037,1737,1738,1901,1772,1967,1900,2054,1790,-1,-1,-1
1809,1742,1764,1743,1730,1929,1765,1741,1761,-1,-1,-1
1687,2511,1743,2089,1730,1834,1688,2279,1740,-1,-1,-1
1765,1740,1764,1761,1762,1730,1763,1809,1731,1929,-1,-1
1741,1740,1834,1809,2511,1810,1730,-1,-1,-1,-1,-1
1924,1745,1923,1771,1529,1527,1925,2074,-1,-1,-1,-1
1923,2200,1529,1744,2073,1528,2182,2074,2201,-1,-1,-1
1747,1654,1351,1558,1352,1755,1353,2009,1637,1322,1685,-1
1746,1685,1353,1352,1755,1914,1351,1654,1618,1346,-1,-1
1749,1676,1677,1786,1916,1955,1698,1917,1672,-1,-1,-1
1917,1748,1845,1698,1916,1677,3245,1952,1774,1955,-1,-1
1883,1657,1488,1855,1732,1566,1880,1489,1756,1518,-1,-1
1819,1820,1753,1831,1536,1818,1725,1832,1854,1537,1752,-1
1754,1753,1870,1852,1725,1854,1590,1612,1820,1751,1853,-1
1752,1854,1820,1725,1751,1852,1754,2013,1853,1870,1818,-1
1752,1590,1612,1870,1725,1753,1614,1539,1852,2033,-1,-1
1913,1747,1914,2009,1654,1746,1915,1685,1653,-1,-1,-1
1469,1520,1565,1466,1488,1566,1750,1468,1438,-1,-1,-1
1759,1690,1873,1758,1511,1797,1493,1779,1646,1447,1689,-1
1759,1493,1494,1779,1757,1733,1873,1542,-1,-1,-1,-1
1873,1758,1757,1779,1872,1797,1493,1733,1690,1875,-1,-1
1481,1544,555,1616,1546,1480,1547,554,557,1617,1631,1473
1762,1764,1930,1958,1948,1742,1929,1950,1740,-1,-1,-1
1951,1761,1763,1742,1948,1950,1765,1949,1764,-1,-1,-1
1949,1765,1951,1943,1762,1838,1742,2151,1731,1950,-1,-1
1929,1742,1740,1761,1809,1930,1835,1996,1762,1958,-1,-1
1742,1763,1731,1838,1762,1730,1740,1943,-1,-1,-1,-1
1479,1503,1585,1692,1965,1691,1584,1441,-1,-1,-1,-1
1933,1789,1768,1705,1790,1900,1919,1423,1703,1863,-1,-1
1703,1933,1863,1767,1705,1770,1919,1704,1769,1789,-1,-1
1703,2029,1912,1704,1865,1770,1768,1706,2185,1862,1705,-1
2029,1703,1863,1769,1768,1862,1864,1933,2185,1704,-1,-1
1772,1924,1967,1744,1527,1966,1738,1972,-1,-1,-1,-1
1738,1967,1771,1527,1739,1737,1633,1901,1966,-1,-1,-1
1775,1774,1849,1844,1696,1697,1860,1850,1721,-1,-1,-1
1773,1845,1697,1844,1698,1696,1843,1775,3245,1749,-1,-1
1860,1773,1696,1721,1849,2226,1995,1624,1774,1697,1844,-1
1828,1842,2100,1593,1632,1841,1592,1827,1840,1777,1615,-1
1806,1842,1615,1655,1840,2100,1660,1776,1656,1632,1805,-1
1526,1884,1525,1450,1628,1885,1816,1985,1451,1647,-1,-1
1759,1875,1872,1758,1874,1873,1733,1757,1788,-1,-1,-1
1782,2177,1805,1889,1671,1886,1847,1659,1783,1648,1660,-1
1973,1783,1663,2376,1671,1782,1974,1649,2076,1648,-1,-1
1780,1886,1671,1889,1783,1781,2177,1891,1887,1857,1805,-1
1781,1886,1782,1973,1891,1974,1671,2075,1780,1889,-1,-1
1822,1823,1786,1674,1672,1824,1785,-1,-1,-1,-1,-1
1787,1823,1941,1674,1986,1784,1885,1985,1822,1816,-1,-1
1676,1955,1672,1784,1748,1824,1822,-1,-1,-1,-1,-1
1816,1674,1785,1643,1885,1941,1526,1985,1644,-1,-1,-1
1734,1874,1856,1733,1932,1719,1931,1855,1898,1779,-1,-1
1423,1767,1790,1705,1422,1404,1424,1457,1768,1900,1933,-1
1789,1737,1767,1457,1422,1900,1423,1933,1705,1739,-1,-1
1792,1804,1802,1580,1803,1680,1579,1678,-1,-1,-1,-1
1678,1791,1580,1702,1680,1577,1662,1579,1650,-1,-1,-1
1735,1936,1694,2024,1794,1695,1934,1639,1831,1832,2000,-1
1793,1961,1867,1695,2024,1694,1954,2000,1735,1868,1936,-1
1653,1868,1695,1637,1638,1652,2009,1694,1867,1654,1939,-1
1381,1445,1814,1382,1815,1501,1821,1443,1337,1276,-1,-1
1873,1690,1646,2019,1757,1992,1759,2128,1872,1689,-1,-1
2128,1926,1904,2019,2052,1645,1927,1646,1627,2051,-1,-1
2592,2170,1574,1579,1575,2172,568,567,1576,1580,571,1825
1577,1563,1561,1610,1575,1702,1574,561,1556,1580,1576,1562
1802,1879,1804,1877,1878,1825,1876,1893,2446,1803,-1,-1
1803,1804,1801,1791,1876,1879,1825,1680,-1,-1,-1,-1
1802,1813,1876,1680,1906,1791,1686,1804,1801,-1,-1,-1
1825,1802,1791,1579,1801,2172,1580,1878,1803,-1,-1,-1
1780,1806,2177,1840,1847,1660,1889,1782,1777,-1,-1,-1
1777,1660,1805,1840,1655,1842,1658,1615,2177,-1,-1,-1
1724,2005,2006,1713,1723,1808,1715,2004,1669,-1,-1,-1
1669,2005,1811,1713,1807,1839,1711,1668,1724,2315,-1,-1
1929,1740,1835,1764,1810,1743,1836,1834,1742,1996,1930,-1
1834,1836,1809,1835,1833,1837,1743,1929,2242,2378,2511,-1
1711,1839,1709,1829,1808,1669,2160,1830,1668,-1,-1,-1
2092,2002,1899,1881,1882,1683,1684,1570,1977,1898,-1,-1
1686,1803,1906,1838,1680,1681,1731,1876,1688,-1,-1,-1
1796,1557,1445,1815,1443,1953,1528,1381,-1,-1,-1,-1
1665,1796,1501,1814,1953,1381,1722,1821,-1,-1,-1,-1
1526,1787,1643,1885,1540,1778,1674,1571,1451,1785,-1,-1
1667,2226,1625,1595,1721,1596,1860,1896,1624,-1,-1,-1
1831,1820,1935,1936,1934,1751,2013,1735,1819,1832,1753,-1
1832,1537,1831,1536,1640,1751,1735,1639,1517,1516,1818,-1
1854,1818,2013,1753,1751,1935,1831,1853,1752,2081,2026,1852
1381,1359,1501,1275,1276,1499,1796,1500,1815,1382,1293,1665
1823,1979,1824,1784,2012,1978,1986,2319,1785,1786,-1,-1
1822,1986,1785,1784,2012,1979,1824,1941,1674,-1,-1,-1
1822,1979,1955,1980,1786,1978,1784,1823,1991,-1,-1,-1
1804,2172,1894,1878,1801,1579,1802,2169,1799,-1,-1,-1
354,1896,352,1897,1667,356,2226,350,1596,358,1920,-1
1848,1851,1828,1841,1594,1592,2148,1776,1720,1708,2100,1567
1592,1827,1776,1841,1593,1594,2100,1567,1568,1848,1851,1842
1830,2160,1811,1709,2147,2148,1839,2105,1851,1708,2228,1711
1851,1708,1829,1709,2148,1848,2147,1811,1827,-1,-1,-1
1832,1818,1819,1735,1936,1751,1640,1820,1639,1793,1934,1537
1640,1735,1831,1819,1639,1537,1936,1636,1694,1751,1793,1517
1834,2378,1837,2241,2282,1810,2511,1836,2370,2249,-1,-1
2511,1810,1833,2378,1743,1741,1809,2278,1837,-1,-1,-1
1836,1929,1996,1809,1810,2127,2242,1764,1930,2126,1837,-1
1835,2242,1837,1810,2127,1809,2243,1996,1929,2248,1833,-1
1836,2242,1833,2249,2241,2243,1810,1835,1834,2281,-1,-1
1731,1943,1906,1813,1686,1765,1763,1907,1688,-1,-1,-1
1811,2228,2315,2160,1808,2005,1829,1711,2104,-1,-1,-1
2100,1806,1777,1805,1847,1842,1846,1776,1841,-1,-1,-1
1827,2100,1828,1846,1851,2148,1776,1848,1594,1840,-1,-1
1777,1776,2100,1615,1632,1840,1806,1593,1828,1655,-1,-1
3245,1844,1944,1947,1845,1946,1774,1945,1850,1917,-1,-1
1850,1773,1843,1774,1849,1947,1859,1845,1775,-1,-1,-1
3245,1774,1749,1917,1698,1843,1697,1945,1844,-1,-1,-1
1858,1847,1841,2100,2148,2147,1840,1857,1851,-1,-1,-1
1857,1889,1846,1858,1840,1805,2100,1780,2023,-1,-1,-1
1851,1827,1720,1594,1708,1830,1583,1828,1841,2148,1710,-1
1773,1859,1775,1860,1995,1844,1850,1962,-1,-1,-1,-1
1844,1963,1859,1947,2351,1849,1964,1773,1843,-1,-1,-1
1848,1827,2148,1830,1708,1841,1594,1720,2147,1828,1829,1846
1854,1853,1752,1870,2071,2050,1753,1754,2013,1820,2033,2519
1854,2081,2050,2519,1852,2013,2071,1820,1753,2080,2026,2096
1753,2013,1853,1820,1852,1752,2081,1935,2050,1751,2519,1870
1883,1734,1732,1750,1856,1880,1719,1788,1657,1566,-1,-1
1788,1734,1898,1880,1855,1932,1883,1881,1874,1719,-1,-1
2023,1889,1858,1847,1887,1886,1890,2105,1846,1782,-1,-1
2023,1857,2147,1846,2105,1847,2148,1890,1889,1887,-1,-1
1964,1849,1962,1850,1963,1995,1860,2208,1844,1920,2207,-1
1775,2226,1995,1721,1849,1896,1773,1696,1817,1859,-1,-1
1397,1507,1402,1508,1619,1506,1368,1398,1195,1597,1629,1369
2029,2185,2016,2030,1864,1770,2014,2027,1769,2066,-1,-1
1933,1919,1768,1864,1770,2015,1703,1918,1767,2014,2054,-1
2014,1863,1918,1862,1770,2016,2015,2101,2029,-1,-1,-1
1902,2029,1769,2185,2028,1912,1727,2027,-1,-1,-1,-1
1699,1706,1912,1621,1727,1620,1704,1718,1630,1424,-1,-1
1868,1961,1938,1695,1794,1939,1795,1954,1694,-1,-1,-1
1795,1867,1939,1695,1652,1653,1940,1938,1794,2091,1638,1694
1968,1666,1614,1612,1722,1665,2032,2033,1613,-1,-1,-1
1752,2033,1754,1852,1612,2071,2072,1968,1753,1854,1590,-1
1394,1385,1524,1523,1328,1532,1497,1329,1277,-1,-1,-1
1875,1873,1992,2184,1779,1759,2265,2183,1797,1874,-1,-1
1759,1872,1797,1779,1757,1992,1758,1690,1875,2019,-1,-1
1788,1875,1931,1779,1733,1932,1734,2265,1872,1856,-1,-1
1872,2265,1931,1874,1779,2184,1873,2264,2246,1759,1992,-1
1879,1802,1908,1906,1803,1907,1801,1813,2446,1877,-1,-1
1893,1879,2446,2007,1878,1801,2008,2516,1908,1895,1876,-1
1894,1893,1895,1877,1825,1801,2008,2171,1804,1879,2172,-1
1877,2446,1908,1876,1801,2042,1802,2007,1878,1907,1893,-1
1883,1881,1856,1898,1855,1566,1750,1882,1899,1734,-1,-1
1880,1882,1812,1898,1899,1566,1883,2092,1856,2002,1565,-1
1570,1881,1565,2092,1812,1566,1880,1569,1519,1883,1899,-1
1750,1880,1566,1855,1881,1856,1488,1732,1657,1882,-1,-1
1985,1778,1647,1903,1885,1628,1941,1526,1525,-1,-1,-1
1985,1816,1787,1884,1941,1526,1778,1785,1903,1643,-1,-1
1782,1887,1891,1783,1889,1857,1780,1974,1892,1671,2023,-1
1886,2023,1857,1888,1891,1890,1892,1889,1782,1858,2105,-1
1890,1892,2328,2103,1887,2023,1922,1891,2104,2105,2229,2223
1857,1782,1780,1886,1847,1805,1887,2023,1858,1783,-1,-1
1888,2023,2105,2103,2104,1887,2328,1892,1857,1858,2160,-1
1974,1886,1892,1783,1887,2225,1888,1782,1973,2075,-1,-1
1888,2225,1891,2328,1922,1887,1974,1890,2103,1886,2223,-1
2008,1877,2516,1878,2007,1895,581,579,582,2446,1879,1801
2171,2169,1825,1878,2172,1895,574,573,576,2170,578,-1
2008,2171,579,578,1878,1893,1894,576,581,1877,2169,574
2226,1897,1826,1920,1995,1667,1860,352,354,1817,1921,350
352,350,1920,1896,1921,1826,354,348,1995,2048,2226,-1
1899,1856,1880,1937,1881,1932,1788,1812,1977,-1,-1,-1
2002,1898,1812,1977,1937,1881,1683,1880,2088,1882,-1,-1
2037,1933,1767,1919,1790,2054,1739,1737,1901,1789,-1,-1
2037,2112,2121,1739,1967,2054,1900,2119,1772,2038,-1,-1
1865,1728,2028,2021,1727,2185,2078,1912,1718,-1,-1,-1
1985,1942,1884,1941,1905,1647,1983,2025,1885,-1,-1,-1
1927,1645,1798,1926,1905,1647,2128,1928,2020,-1,-1,-1
1927,2025,1942,1647,1904,1928,1903,2060,1645,-1,-1,-1
1813,1907,1876,1838,1943,1803,1686,1908,-1,-1,-1,-1
1908,1906,1943,2043,2151,1876,2042,1949,1879,1838,-1,-1
2042,1879,1907,2446,2043,1876,2044,2336,1877,1906,-1,-1
344,2049,346,2022,1910,342,348,2251,2218,1911,1921,340
1911,2049,342,1909,344,2218,1988,340,2022,346,2251,338
340,1988,1910,342,338,344,1987,2218,337,2237,1909,2049
1706,1769,1727,1704,1866,1865,1703,1902,2029,1699,-1,-1
2272,1914,1755,2003,1915,2009,2087,2045,2114,1685,-1,-1
1685,1913,2003,1755,1683,1747,2002,1684,2272,-1,-1,-1
2009,2045,1913,1940,2272,1652,1755,1653,2114,2176,1654,-1
1952,1991,1917,1955,1749,1989,1748,1945,-1,-1,-1,-1
1952,3245,1749,1945,1845,1916,1944,1989,1748,1990,1843,1698
2014,2055,2015,2053,1864,2101,2016,1863,2068,-1,-1,-1
1933,2054,1863,2015,1900,2037,1768,1767,2038,2112,-1,-1
1897,1921,1962,1995,2048,1896,350,352,2226,1826,2022,1859
350,2048,2022,1920,348,1897,352,346,1962,1909,2251,1896
2328,2223,2225,2222,2224,1892,1888,2256,2229,-1,-1,-1
2074,1745,2182,1744,1925,2073,1971,2200,1529,1924,-1,-1
1771,1972,1744,1925,1966,1969,1923,1967,-1,-1,-1,-1
2074,1924,1969,1923,1972,1970,1971,1744,2182,-1,-1,-1
1927,1798,2020,2052,2051,1904,1928,2135,2128,2019,1645,-1
1904,1928,1926,2020,1905,1798,2025,2051,1647,2058,1645,-1
1927,2025,2060,2020,1905,2058,1926,1942,1904,2209,-1,-1
1764,1835,1996,1930,1809,1740,1761,1836,1982,1810,2126,2127
1929,1958,1761,1996,1764,1982,1981,2126,1835,1948,1809,-1
2265,2264,1875,1874,1932,1976,1788,2246,2498,-1,-1,-1
1788,1931,1937,1898,1856,1874,1976,1734,-1,-1,-1,-1
1919,1768,1767,1863,1900,2054,2015,1705,2037,1703,1770,1789
1936,1935,1994,1993,1818,2024,1793,2000,1831,2026,-1,-1
2013,2026,1818,1934,1820,1993,2081,1936,1854,1994,-1,-1
1793,1934,1735,1818,1831,2024,1832,1935,1694,1994,1794,-1
2088,1899,1977,1898,1976,1932,1975,2002,2087,-1,-1,-1
2063,1961,1867,1939,1960,1959,2091,1868,1954,2186,-1,-1
2091,1868,1938,1867,1940,1960,1652,2176,1795,1695,1961,2063
2176,1652,2091,2045,1939,1915,2175,2009,1868,2113,1653,1960
1985,1983,1986,1785,1903,1885,1787,1884,1942,1823,-1,-1
2025,1903,1983,1905,2059,2060,1928,1941,1985,-1,-1,-1
1949,1763,1907,2151,1838,1906,1951,2043,1765,-1,-1,-1
2856,3245,1945,1946,2255,1843,1947,2834,1917,2035,-1,-1
1952,3245,2255,1944,1917,1990,2856,1989,1845,1843,2215,1916
2856,1947,1944,2035,2036,1843,2351,2255,2834,3245,-1,-1
1946,2351,1850,1843,1844,2036,1944,2601,1963,-1,-1,-1
1950,1958,1761,1956,1957,1762,1951,1981,1930,-1,-1,-1
1951,2151,1763,1943,2086,1950,1762,2152,1907,2085,-1,-1
1951,1948,2039,1956,2086,1762,1949,1957,2083,1761,1763,-1
1949,1950,1762,1763,2086,1948,2151,1943,2039,-1,-1,-1
1989,1917,1945,1990,1916,1991,3245,1749,2098,2255,-1,-1
1557,2201,2199,1814,1815,1722,1665,2032,-1,-1,-1,-1
1961,2000,2001,1999,1794,2024,1959,2155,1867,1938,2040,1994
1991,1916,1786,1824,1980,1748,1749,1989,-1,-1,-1,-1
2083,1957,1948,1950,2039,2093,1958,2082,-1,-1,-1,-1
1981,1956,2115,1958,1948,2093,2083,1998,1950,-1,-1,-1
1981,1930,1948,1761,1957,1982,1998,2115,1956,1764,1996,-1
1999,2063,1961,1938,2062,2061,1954,2001,2040,-1,-1,-1
2091,2063,2090,2186,1938,1939,2113,2176,1940,-1,-1,-1
1954,1867,1938,1794,1959,1999,2063,2000,1939,1695,1868,-1
1964,2048,1920,1859,2208,1995,1921,2207,1963,2251,1849,-1
1964,1850,2220,2351,2207,1859,2601,1962,2208,1947,-1,-1
1963,1962,2207,2208,1859,2048,1850,2220,2221,-1,-1,-1
1726,1549,1584,1503,1710,1766,-1,-1,-1,-1,-1,-1
1967,1972,2046,1924,2121,1771,2123,1772,2047,-1,-1,-1
1772,2121,1901,1966,1771,1739,1738,2037,2112,1924,2123,-1
1869,2032,2033,1612,1722,1666,1614,2199,1870,2034,2072,-1
2231,2047,1972,1970,2230,1925,1924,2046,2276,-1,-1,-1
2231,1971,1969,2275,2277,1925,2074,2276,2230,-1,-1,-1
2074,1970,2181,2182,2275,2280,1925,1923,-1,-1,-1,-1
1924,2047,1969,1966,2046,1925,1771,2230,-1,-1,-1,-1
2075,1781,1974,2076,2376,1783,1891,2233,1663,-1,-1,-1
2075,1891,1973,2225,2256,1783,1892,2076,2233,1886,1781,-1
2088,2646,2193,2194,1976,2087,2195,2264,2498,1937,2331,1977
2264,1975,1937,2088,1931,2193,1932,2498,2265,-1,-1,-1
2002,2087,2088,1899,1937,2003,2194,1812,1683,1975,1898,-1
1979,2018,1980,2319,2352,1824,1822,-1,-1,-1,-1,-1
1822,1978,2319,2012,1824,1823,1980,2352,2011,2018,-1,-1
1991,1978,2018,1824,1955,2017,1979,1989,-1,-1,-1,-1
1998,1958,2115,1957,1982,2628,1930,1948,1997,-1,-1,-1
1981,2126,1930,1997,1998,1996,1958,1929,3141,2115,-1,-1
1942,1941,1986,1984,1903,2059,1985,2025,-1,-1,-1,-1
2010,1986,1983,2011,2012,2059,-1,-1,-1,-1,-1,-1
1941,1885,1903,1884,1778,1983,1647,1785,1787,1942,-1,-1
1823,1941,1984,1983,2012,1785,1822,-1,-1,-1,-1,-1
337,2237,335,2354,338,2337,1988,1911,2270,333,340,2338
1911,2237,1910,2218,1987,338,340,2238,342,337,2270,2049
1952,1991,2098,1990,2017,1916,1945,1980,1917,2124,1955,-1
2124,1952,1945,2255,1989,2098,2215,2125,1917,-1,-1,-1
1989,1980,1955,1916,2017,1952,2018,1824,2098,-1,-1,-1
1872,2129,1873,2183,2019,1797,2184,1875,-1,-1,-1,-1
2154,1994,1934,2026,2079,1935,2298,2852,2155,-1,-1,-1
2000,2155,2298,1934,1993,2024,2154,2001,1936,1954,1935,-1
1860,1920,1962,1896,1849,2226,1859,1775,1897,-1,-1,-1
2126,1929,1835,1930,1982,2127,1997,1836,1764,1809,2356,1958
2126,3141,2239,1998,2356,1982,2577,1996,1981,2628,2240,2127
1981,2628,1997,3141,1982,2115,2126,2240,1958,2117,1957,2239
1959,2001,2040,1954,2062,1961,2000,2132,2155,-1,-1,-1
2155,2001,1954,2024,1994,2298,1999,1794,2041,1934,1961,1793
2155,2000,1999,2040,1954,2041,2298,1994,2202,1959,2024,-1
1977,1683,1899,1812,2003,2087,1914,2092,1937,1684,1881,2088
2087,1914,2002,1913,1977,2272,1683,2088,1685,2194,-1,-1
2545,3686,2006,2315,2005,2150,1807,2078,2399,2227,-1,-1
2315,1807,2004,1808,2006,1839,2545,2228,1713,-1,-1,-1
2004,3686,1723,1807,2078,2005,1724,2315,-1,-1,-1,-1
2516,2446,3297,1893,2336,1877,2008,582,581,2042,1879,583
1893,581,579,2516,1895,582,2007,578,1878,1877,583,-1
1915,1653,1654,1652,1755,1913,1940,1637,1795,2045,1746,-1
2341,1984,2339,2011,2382,2059,2314,-1,-1,-1,-1,-1
2382,2319,2010,2012,1984,2364,2341,1979,-1,-1,-1,-1
1979,1822,1823,1986,2011,2319,1984,-1,-1,-1,-1,-1
2081,1854,1820,1935,1853,2026,2519,1753,1818,2080,1852,-1
1864,1918,2101,2016,2055,1862,2137,2015,2136,1863,-1,-1
1919,1918,1863,2038,2053,2054,1864,1933,2014,2055,-1,-1
2014,1862,2137,2030,2101,2066,1864,1918,2136,2185,-1,-1
2018,2098,1991,1989,1980,2097,2099,-1,-1,-1,-1,-1
1978,2099,1980,2017,2352,2139,1991,1979,-1,-1,-1,-1
1797,1798,2128,2052,1646,1992,2129,1873,1926,-1,-1,-1
1927,2135,1928,1926,2051,2058,1904,2133,2060,2052,-1,-1
2028,2078,1902,2077,2064,1728,3686,2027,-1,-1,-1,-1
1909,2049,1921,348,2048,346,2251,350,344,1910,2218,2208
1857,1890,2105,1858,1887,1888,2147,1889,2104,1847,1886,2103
2000,1793,1994,1936,1794,1934,1954,2155,1735,1694,2001,-1
1942,2060,1928,1905,2059,2314,1927,1903,1983,-1,-1,-1
2081,1935,2013,2079,2080,1993,2603,1853,2519,2154,1934,1820
2146,2185,2028,2030,2064,2065,2066,2021,1862,2029,2156,1865
2027,2185,1902,2021,2064,1865,2029,2030,2146,1728,-1,-1
2185,1769,1862,1770,1865,1703,2028,2030,1912,1864,2027,-1
2027,2066,2185,2146,2016,1862,2137,2029,2028,2156,2064,-1
1193,1194,1223,1211,1224,1183,1427,1189,1255,1185,1130,-1
1968,2199,2034,2033,1722,2072,1869,2191,1612,1953,-1,-1
2072,1968,1870,2032,2071,2034,1612,1869,2110,1754,1852,-1
2072,2032,2191,2111,2110,2033,2199,2071,1968,-1,-1,-1
2856,2449,2834,2758,2036,1946,2450,2255,1944,2434,-1,-1
2601,2035,2407,1946,2449,2351,2450,1947,2856,-1,-1,-1
1901,1900,1739,2054,2112,1919,1737,1967,1933,2121,-1,-1
2067,2112,2054,2053,2015,2119,1919,2286,2330,1901,-1,-1
2083,1950,2082,1956,2084,2086,2085,1951,-1,-1,-1,-1
1999,2132,2001,2202,2041,2062,2155,1959,1954,2213,2130,-1
2155,2001,2213,2202,2298,2040,2180,2000,2212,2154,-1,-1
2044,2446,1908,2336,2043,1879,2007,1907,2057,2164,2056,2152
2042,2152,1908,2151,1907,2044,2056,2446,1943,2336,-1,-1
2042,2164,2056,2043,2336,2057,2152,1908,2446,2377,2161,2163
2176,2114,2175,1915,1940,2272,2195,2091,1913,1652,2113,2009
2047,2123,2167,1966,2232,1972,2121,1969,2230,2122,-1,-1
2046,2230,1969,1972,2232,2548,2231,2167,1966,-1,-1,-1
1921,1962,2208,2022,2251,1920,2049,1964,350,348,1897,1909
1909,2251,1910,2218,2022,344,346,342,2048,1911,2217,1988
1853,2071,2519,2094,2096,1852,2081,2110,2072,1854,2095,-1
2133,1926,2135,2052,2020,2134,1927,2667,2129,1798,-1,-1
1926,2129,2051,2134,1798,2019,2133,2128,2020,-1,-1,-1
2330,2055,1918,2067,2038,2068,2015,2069,2101,2106,-1,-1
1919,2037,2112,2038,1901,1900,2015,1933,1739,2119,1863,-1
2068,2101,1918,2053,2102,2330,2014,2136,2015,2106,-1,-1
2164,2163,2044,2152,2161,2085,2377,2043,2162,2042,2057,-1
2164,2336,2333,2377,2334,3297,2044,2499,2335,2042,2056,-1
2020,2209,2135,1928,2060,2210,2211,1927,-1,-1,-1,-1
2314,1942,2025,1983,2339,2010,2060,1984,-1,-1,-1,-1
2314,2025,1928,2209,2058,2059,1942,2313,2339,1905,2020,-1
2063,2647,2186,2779,2131,2062,1959,2513,-1,-1,-1,-1
2132,1999,2040,2131,2061,1959,2130,-1,-1,-1,-1,-1
1938,2186,1960,2061,1959,2779,1961,2090,1939,-1,-1,-1
2027,2065,2158,2146,2028,2077,2021,2185,2149,2030,-1,-1
2158,2146,2156,2157,2064,2027,2159,2066,2290,2149,-1,-1
2030,2144,2137,2146,2156,2016,2027,2145,2065,2290,1862,-1
2286,2330,2038,2069,2053,2119,2112,2120,2106,2068,2122,-1
2330,2055,2106,2102,2107,2053,2069,2297,2101,2067,2108,1918
2330,2286,2166,2120,2067,2106,2068,2297,2168,2053,2122,2119
1384,1485,1518,1412,1496,2939,1252,1657,1251,1484,-1,-1
2072,2050,1852,2110,2033,1870,2094,1853,2034,-1,-1,-1
2071,2110,2033,2034,2032,1870,2094,2111,2050,1968,-1,-1
2182,2201,1745,2200,1923,2192,2191,2074,2181,-1,-1,-1
1923,1971,2182,1925,1970,2181,1745,2073,1744,-1,-1,-1
1974,2233,2076,1973,2256,2225,2235,2369,2376,1891,1783,-1
2075,2235,1973,2376,2234,2233,1974,2369,2278,1781,2256,-1
3686,2149,2064,2021,2078,2158,2150,-1,-1,-1,-1,-1
3686,2021,2006,1723,1728,2077,1716,1902,2004,-1,-1,-1
2603,2154,2852,2026,1993,2179,2080,2196,2081,2298,2178,-1
2603,2081,2095,2026,2519,2196,2079,2013,2179,1853,2096,-1
2013,2519,1853,2080,2026,1854,2095,2050,1935,2603,2079,1820
2083,2464,2039,2252,2084,2118,1956,2462,-1,-1,-1,-1
1956,2118,2082,2039,2093,2464,1957,1950,-1,-1,-1,-1
2085,2163,2039,2082,2162,2252,2086,2152,-1,-1,-1,-1
2163,2086,2152,2084,2056,2151,2039,2162,1949,-1,-1,-1
2085,1949,1951,2039,1950,2151,2152,2084,2163,-1,-1,-1
2194,1977,2003,2088,2272,2114,2002,1913,1975,1937,2195,-1
1975,1977,2087,1937,2194,1976,2646,1899,2003,2193,2002,-1
2279,2511,2278,1741,1687,2234,1664,2378,-1,-1,-1,-1
2113,2186,2368,1960,2173,2091,2779,2174,4053,2176,2063,-1
2176,1960,1939,1940,2113,2090,2175,2045,1652,1938,1868,-1
1812,1684,1570,1882,1569,1683,2002,1618,1881,1565,1519,-1
2083,2115,2118,1957,2117,2116,2486,1956,-1,-1,-1,-1
2110,2096,2050,2284,2109,2071,2072,2519,2111,2436,-1,-1
2519,2096,2196,2080,2285,2603,2081,2602,2284,2050,-1,-1
2095,2519,2094,2284,2050,2285,1853,2080,2081,-1,-1,-1
2141,2138,2098,2125,2142,2017,2099,-1,-1,-1,-1,-1
2124,1989,2125,2017,1990,2097,2141,1952,1991,-1,-1,-1
2018,2138,2140,2139,2097,2017,2352,2566,-1,-1,-1,-1
1840,1776,1841,1842,1846,1828,1777,1847,1827,-1,-1,-1
2014,2136,2055,2137,1918,2016,2102,1864,2068,2145,2189,2053
2136,2068,2055,2108,2189,2101,2107,2106,2145,2330,2137,-1
2104,2328,1888,1890,2229,2227,2223,2228,2105,1892,2023,-1
2228,2103,2105,1890,2160,2227,1888,2023,2229,2315,1839,-1
2023,1890,2147,2104,2160,1858,1857,2103,2228,1829,1888,1887
2297,2330,2068,2069,2166,2107,2309,2067,2296,2102,2120,2053
2108,2297,2106,2068,2296,2102,2188,2330,2189,2321,-1,-1
2189,2188,2107,2102,2187,2136,2266,2320,2068,-1,-1,-1
2436,2190,2284,2111,2110,2094,2332,-1,-1,-1,-1,-1
2072,2094,2111,2071,2034,2109,2050,2033,-1,-1,-1,-1
2110,2192,2190,2034,2109,2191,2072,2181,2094,-1,-1,-1
1901,2119,2054,2038,2121,2037,2067,2123,1967,2286,1919,-1
2176,2090,2091,2174,2175,2173,1960,1940,2045,2186,2368,2195
2195,2175,2272,2045,2194,2174,2087,2176,1915,2646,1913,2274
1981,2117,1957,1998,2628,2093,1958,2116,1982,2544,-1,-1
2485,2487,2117,2486,2543,2093,2538,2695,2115,2544,-1,-1
2487,2115,2116,2628,2544,2093,2543,1998,2542,2485,-1,-1
2464,2083,2486,2082,2537,2093,2462,-1,-1,-1,-1,-1
2112,2286,2122,2067,2121,2038,2123,1901,2120,2069,2054,-1
2286,2069,2165,2168,2166,2122,2067,2310,2119,2106,2330,2167
2123,1901,2112,1967,2119,1966,2046,2122,2037,-1,-1,-1
2286,2167,2165,2120,2119,2123,2069,2067,2530,2121,2046,-1
2121,2046,2122,2167,2119,1966,2112,2286,1967,-1,-1,-1
2125,2215,1990,2098,2216,2255,2214,1989,2141,-1,-1,-1
2124,2141,2098,2214,2097,2216,2215,2471,1990,2142,-1,-1
1996,1997,2356,1982,2127,2239,3093,1930,1998,1835,1929,3141
2242,2126,1836,1996,2248,2356,3093,1835,1929,2243,1997,-1
1646,1798,1645,1627,2019,1904,1797,1689,1690,2052,1926,-1
2183,2052,2134,1992,2206,2019,2184,2051,-1,-1,-1,-1
2132,2325,2153,2131,2326,2062,2327,2202,2040,-1,-1,-1
2327,2647,2130,2325,2513,2061,2062,2415,2132,2779,-1,-1
2040,2202,2130,2153,2062,2212,1999,2131,-1,-1,-1,-1
2203,2051,2134,2667,2135,2205,2204,2304,2052,2211,2020,2206
2133,2129,2205,2051,2206,2052,2203,2183,-1,-1,-1,-1
2020,2211,2051,2667,2133,2058,2203,1926,-1,-1,-1,-1
2189,2101,2137,2145,2102,2055,2108,2266,2016,2014,2144,2068
2136,2145,2066,2016,2144,2101,2014,2030,2189,2267,2102,-1
2140,2142,2097,2099,2143,2141,2685,2139,2776,2566,-1,-1
2566,2567,2140,2352,3134,2099,2018,2138,2776,2627,2777,-1
2566,2138,2139,2776,2143,2099,2142,3134,2777,-1,-1,-1
2125,2142,2471,2214,2097,2138,2472,2098,2685,2124,2216,-1
2138,2141,2471,2685,2143,2097,2140,2125,2214,2686,2520,-1
2686,2776,2685,2140,2138,2142,2687,2566,2688,-1,-1,-1
2066,2145,2290,2267,2156,2137,2266,2146,2136,2292,2350,-1
2266,2136,2137,2144,2189,2267,2066,2101,2187,2102,2290,-1
2027,2065,2156,2066,2030,2064,2185,2158,2144,2157,2028,-1
2148,2105,1858,2160,1829,1846,1830,2023,1851,-1,-1,-1
2147,1851,1830,1846,1841,1829,1858,1827,1848,1708,-1,-1
2158,2295,2150,2077,2159,3686,2064,2065,2399,-1,-1,-1
3686,2149,2545,2004,2399,2295,2077,-1,-1,-1,-1,-1
1949,2152,2043,1943,1907,2086,2085,1951,1763,-1,-1,-1
2085,2056,2151,2043,2163,2044,2086,1949,2164,2042,2084,-1
2212,2132,2760,2130,2786,2202,2326,2562,2325,-1,-1,-1
2852,2298,2079,1993,2180,2178,1994,2155,2179,2603,2026,2041
2298,2000,2001,1994,2041,2154,1954,2040,2024,2180,1993,1999
2290,2065,2146,2144,2066,2157,2350,2030,2158,2267,2027,-1
2065,2293,2350,2156,2159,2290,2158,2431,2146,-1,-1,-1
2065,2149,2064,2159,2077,2157,2146,2295,2156,-1,-1,-1
2431,2158,2157,2149,2294,2295,2293,2065,-1,-1,-1,-1
1829,2228,2104,2105,2147,1839,1811,1890,-1,-1,-1,-1
2056,2164,2414,2391,2163,2377,2162,2335,2044,-1,-1,-1
2163,2392,2391,2161,2084,2252,2085,2574,2056,2463,-1,-1
2085,2056,2162,2161,2152,2084,2164,2086,2044,2391,-1,-1
2377,2056,2044,2057,2161,2333,2336,2163,2414,2335,2042,2152
2120,2530,2310,2122,2167,2168,2286,2494,-1,-1,-1,-1
2069,2309,2297,2168,2106,2120,2330,2286,2307,-1,-1,-1
2122,2232,2530,2123,2046,2165,2047,2529,2120,-1,-1,-1
2120,2166,2310,2307,2165,2309,2308,2069,2297,-1,-1,-1
573,574,1894,571,2171,2170,2172,576,1825,568,1895,-1
571,2592,568,2172,1799,2169,573,567,1574,1894,1579,-1
576,574,1894,578,2169,1895,573,579,1878,2172,-1,-1
2170,1825,2169,1799,1894,1579,2592,571,1804,568,573,2171
2174,4053,2090,2113,2274,2273,2368,2175,2483,2195,2451,-1
2175,2274,2173,2195,2113,2176,2114,2273,2090,2646,2045,4053
2174,2176,2114,2045,2195,2113,2091,1940,2274,2173,2272,2194
2091,2175,1940,2113,2045,2174,2114,1960,1939,1915,1652,2090
1780,1659,1660,1805,1671,1648,1782,1806,1608,1609,-1,-1
2260,2852,2197,2180,2179,2236,2154,2306,2261,2079,-1,-1
2603,2852,2198,2197,2079,2178,2196,2154,2080,2260,3806,-1
2178,2852,2298,2154,2213,2041,2236,2260,2155,-1,-1,-1
2280,2182,2192,2190,1971,2074,2275,2332,2073,2111,-1,-1
2074,2181,1923,2073,2192,1971,1745,2280,1925,2190,2191,-1
2184,2206,2129,2247,1992,2246,1872,2134,2265,-1,-1,-1
2183,2265,1872,2246,1875,1992,2247,2264,2129,2206,-1,-1
2029,2027,2028,2030,1862,1865,2146,1902,1769,2064,1770,2016
2779,2090,2063,1960,2061,2368,2647,2113,1938,-1,-1,-1
2320,2266,2189,2108,2621,2188,2291,2322,2145,-1,-1,-1
2108,2321,2322,2320,2107,2187,2296,2189,2366,-1,-1,-1
2108,2136,2266,2145,2102,2187,2137,2188,2267,2101,2107,-1
2181,2332,2192,2111,2280,2109,2436,2182,-1,-1,-1,-1
2192,2199,2034,2111,2201,2073,2032,2182,-1,-1,-1,-1
2181,2191,2182,2111,2190,2073,2280,-1,-1,-1,-1,-1
2498,1975,2264,2646,2331,2268,1976,2246,2088,-1,-1,-1
2087,2114,2195,1975,2088,2646,2272,1977,2175,2003,2045,2274
2114,2174,2175,2646,2274,2194,2045,1975,2272,2176,2173,2331
2603,2095,2602,2198,2080,2179,2285,3806,2079,2519,-1,-1
2260,2178,2306,2198,2179,2316,2852,3806,2261,2421,-1,-1
3806,2179,2197,2196,2602,2316,2603,2318,2317,-1,-1,-1
2032,2201,2191,1953,2034,1722,1968,-1,-1,-1,-1,-1
1745,1557,1528,2201,1529,2073,1923,-1,-1,-1,-1,-1
2199,2200,2073,1953,1557,2191,1745,-1,-1,-1,-1,-1
2212,2132,2040,2213,2041,2153,2562,2001,2760,2130,-1,-1
2133,2204,2304,2205,2667,2262,2134,2135,2305,2254,-1,-1
2262,2203,2667,2254,2263,2304,2305,2346,2133,2205,2211,-1
2203,2206,2304,2134,2133,2245,2204,2667,2456,-1,-1,-1
2183,2205,2134,2247,2245,2129,2184,2133,-1,-1,-1,-1
2221,1964,2208,2220,1963,2217,2219,2250,1962,2251,1859,-1
1964,2251,2207,2048,1962,2217,2221,1963,2022,2049,1859,-1
2314,2313,2210,2060,2058,2311,2312,2339,1928,-1,-1,-1
2253,2209,2211,2311,2058,2372,2345,2313,-1,-1,-1,-1
2253,2667,2135,2210,2058,2254,2133,2204,2345,-1,-1,-1
2202,2562,2760,2153,2213,2563,2132,2786,2236,2041,-1,-1
2212,2236,2202,2562,2041,2180,2760,2040,-1,-1,-1,-1
2141,2472,2125,2471,2216,2433,3332,2124,2142,2435,-1,-1
2124,2255,2834,2216,2434,1990,2856,2435,2125,1945,-1,-1
2435,2124,2215,2214,2434,2125,2433,2141,2834,-1,-1,-1
2250,2251,2221,2208,2218,2207,2238,2049,2355,2289,-1,-1
2049,1910,2251,2238,1988,2217,1911,1909,2250,2237,2022,-1
2221,2288,2287,2220,2289,2207,2403,2594,2601,2250,-1,-1
2219,2287,1963,2601,2207,2351,2221,1964,2288,-1,-1,-1
2219,2207,2250,2289,2217,2220,2288,2208,2355,2287,1964,-1
1922,2256,2224,2257,2225,2259,2223,2258,-1,-1,-1,-1
2224,2328,2229,1922,2400,2349,2103,2399,2222,1892,1888,-1
2349,2223,1922,2259,2222,2400,2666,2328,2229,-1,-1,-1
2256,1892,1922,1974,1891,2222,2075,2328,1888,-1,-1,-1
1896,1860,1817,1721,1667,1995,1775,1826,1920,1897,-1,-1
2228,2545,2229,2103,2315,2104,2399,2004,-1,-1,-1,-1
2104,2315,1839,2160,2227,2545,2103,2005,2105,1829,-1,-1
2223,2103,2399,2328,2227,2400,2545,2104,1888,1922,2224,-1
2548,2047,2231,2276,1969,2232,2300,2529,2046,1972,1970,-1
1970,2276,1969,2230,2277,2047,2275,2301,2548,2300,-1,-1
2548,2047,2167,2529,2046,2530,2230,2300,-1,-1,-1,-1
2369,2075,2256,2235,2076,2257,2439,1974,2370,1973,-1,-1
2279,2076,2278,2376,2089,2235,1661,1664,-1,-1,-1,-1
2076,2370,2278,2233,2369,2234,2075,2378,-1,-1,-1,-1
2261,2260,2213,2562,2178,2180,2561,2306,2212,-1,-1,-1
2270,1988,1987,2354,2238,1911,2353,337,2337,338,2218,2271
2355,2270,2237,2218,2250,1988,2271,2217,-1,-1,-1,-1
2577,2356,1997,3141,2381,2126,3093,2240,2509,2579,1998,-1
3141,2579,2736,2544,2628,2577,2239,1998,2942,1997,-1,-1
2282,2281,2249,1833,1837,2283,2378,2379,2362,-1,-1,-1
1836,2243,2248,2127,1837,1835,2249,3093,2418,1810,-1,-1
2242,2249,2248,2417,2418,1837,1836,2362,3769,2127,-1,-1
2269,2268,2247,2245,2323,2324,2246,2498,2456,2303,-1,-1
2244,2456,2269,2205,2206,2304,2247,2305,-1,-1,-1,-1
2498,2265,2247,2264,2268,2184,2193,2244,2183,1875,1931,-1
2246,2244,2183,2206,2245,2184,2268,2498,2265,2269,-1,-1
3093,2242,2243,2418,2380,2127,2356,1836,2417,-1,-1,-1
2281,2243,2241,2362,2417,1837,2242,2448,1833,-1,-1,-1
2355,2217,2289,2221,2238,2361,2218,2219,2271,2207,-1,-1
2049,2208,2048,2217,2218,2022,1909,1910,1921,2207,1962,-1
2463,2464,2392,2082,2162,2084,2462,-1,-1,-1,-1,-1
2345,2210,2211,2254,2372,2667,2582,2311,2344,-1,-1,-1
2253,2204,2345,2667,2344,2211,2263,2262,2203,-1,-1,-1
2856,2215,1945,1944,2834,1990,2124,3245,1946,1952,2035,2434
2225,2075,2233,2222,1974,2257,2369,1922,2076,-1,-1,-1
2439,2222,2256,2358,2369,2258,2233,2259,2379,-1,-1,-1
2394,2259,3020,2358,2348,2257,2359,2439,2666,2222,-1,-1
2258,2666,2224,2349,2222,2348,2257,3020,-1,-1,-1,-1
2178,2261,2306,2197,2236,2180,2852,2781,2179,2316,2421,2561
2260,2781,2236,2306,2561,2178,2828,2562,2421,2197,-1,-1
2204,2305,2346,2263,2304,2203,2692,2456,2254,2347,2667,-1
2262,2344,2346,2343,2204,2254,2347,2305,-1,-1,-1,-1
2498,2265,1931,1976,2246,2193,2268,1975,1875,2184,-1,-1
1875,2264,2246,2184,1931,2498,1872,1874,1976,2247,2183,-1
2145,2267,2187,2189,2291,2136,2108,2144,2621,2292,-1,-1
2266,2292,2144,2145,2290,2291,2350,2189,2373,2156,2137,-1
2498,2244,2246,2323,2331,2193,2247,2264,2269,-1,-1,-1
2244,2324,2303,2456,2245,2323,2268,2701,2692,2454,2247,2451
2237,2354,2271,2353,2238,2355,1987,1988,2360,2470,2337,2468
2270,2355,2353,2361,2360,2492,2238,2237,2354,2468,2250,2383
2114,1913,2087,2045,2194,1915,2003,2175,2195,1914,-1,-1
2274,2451,4053,2331,2173,2323,2174,2324,2483,2646,-1,-1
2174,2273,2195,2646,2331,2173,2175,4053,2114,2194,2451,2113
2277,2280,2397,1970,2528,1971,2231,2181,-1,-1,-1,-1
2231,2301,2299,2230,2300,2277,2548,2657,1970,1969,2549,-1
2301,2275,2231,2276,2528,2657,1970,2299,2397,-1,-1,-1
2378,2235,2089,2511,2370,2234,2279,1834,2076,-1,-1,-1
1664,2089,2234,1661,1687,2302,1679,1741,2278,2376,2511,-1
2181,2397,2275,2190,2332,1971,2525,2182,2192,2528,-1,-1
2241,2448,2249,2362,2283,2357,2282,2363,2417,1837,-1,-1
2241,2370,2379,2378,1833,2283,2281,2369,-1,-1,-1,-1
2281,2379,2357,2448,2359,2358,2282,2241,2439,-1,-1,-1
2436,2096,2437,2094,2109,2285,2095,2763,-1,-1,-1,-1
2095,2602,2284,2096,2437,2196,2550,2318,2519,-1,-1,-1
2067,2120,2069,2122,2119,2330,2165,2038,2166,2123,2112,-1
2601,2219,2403,2288,2407,2220,2351,2443,2221,2384,2406,-1
2219,2594,2403,2384,2287,2289,2406,2221,2220,2383,2361,2407
2250,2361,2594,2219,2221,2355,2288,2383,2217,2384,-1,-1
2350,2156,2144,2292,2267,2157,2697,2293,2066,2065,2145,-1
2266,2621,2267,2373,2292,2620,2187,-1,-1,-1,-1,-1
2267,2373,2697,2350,2290,2291,2374,2144,2266,2293,-1,-1
2431,2350,2385,2157,2697,2159,2395,2290,2294,2292,-1,-1
2431,2349,2666,2159,2400,2395,2295,2293,-1,-1,-1,-1
2149,2399,2400,2159,2150,2294,2158,2545,-1,-1,-1,-1
2297,2321,2482,2329,2107,2309,2188,2106,2366,-1,-1,-1
2106,2309,2296,2166,2107,2329,2069,2068,2330,2168,-1,-1
2154,2155,1994,2180,2041,1993,2852,2000,2001,2079,-1,-1
2301,3156,2549,2276,2300,2631,2657,2632,2277,2600,-1,-1
2548,2276,2299,2549,2529,2495,2230,2232,2301,2231,-1,-1
2299,2657,2276,2277,2631,3156,2528,2753,2231,2300,-1,-1
1664,1701,1679,1651,1662,1661,2279,1678,1650,1681,1687,-1
2701,2324,2269,2456,2692,2454,2455,2305,2493,2451,2323,2244
2203,2305,2262,2205,2456,2204,2245,2346,2133,2692,2667,-1
2262,2346,2456,2692,2304,2204,2522,2303,2263,2203,2245,2701
2260,2421,2261,2197,2316,2781,2178,2236,2429,2420,2419,-1
2387,2168,2309,2388,2308,2310,2329,2389,2166,2390,-1,-1
2310,2390,2425,2387,2494,2307,2168,2424,2423,2530,-1,-1
2297,2166,2329,2307,2168,2296,2388,2106,-1,-1,-1,-1
2308,2165,2168,2494,2530,2307,2120,2425,2387,2390,-1,-1
2312,2372,2210,2313,2209,2371,2253,2584,3014,-1,-1,-1
3014,2313,2311,2371,2340,2209,2372,2930,2339,-1,-1,-1
2312,2314,2209,2339,2311,2340,2341,2060,3014,2210,-1,-1
2060,2339,2313,2209,2059,2025,2010,-1,-1,-1,-1,-1
2228,2545,2005,2004,2227,1839,2104,2006,2399,1808,-1,-1
3806,2197,2420,2317,2306,2421,2198,2318,2260,2419,-1,-1
3806,2461,2318,2420,2460,2316,2476,2198,2602,-1,-1,-1
3806,2461,2602,2550,2317,2198,2533,2476,2316,2285,-1,-1
1979,2011,1978,2352,2364,2012,2567,1822,-1,-1,-1,-1
2322,2187,2621,2367,2188,2964,2409,2321,2108,2366,-1,-1
2366,2482,2188,2322,2296,2320,2964,2107,2590,2365,2329,-1
2320,2964,2321,2366,2367,2188,2365,2187,2621,2482,-1,-1
2324,2331,2244,2268,2269,2451,2273,2303,2454,2274,-1,-1
2303,2451,2323,2269,2454,2701,2244,2273,2456,-1,-1,-1
2327,2416,2130,2326,2131,2415,2513,2785,2153,-1,-1,-1
2786,2785,2325,2416,2153,2130,2766,2760,2728,2327,-1,-1
2325,2513,2415,2131,2647,2416,2130,2512,2326,-1,-1,-1
2223,1888,2103,1922,1892,2229,1890,2224,2225,2400,-1,-1
2388,2309,2482,2589,2296,2307,2297,2389,2553,2387,2321,-1
2068,2069,2106,2067,2053,2055,2286,2166,2038,2297,2107,2102
2274,2646,2273,2323,2193,2268,2498,2195,1975,2451,-1,-1
2525,2190,2436,2763,2280,2397,2109,2526,2181,2754,-1,-1
2499,2335,3054,2377,2057,2334,588,590,587,2164,591,2413
585,2499,3297,587,2333,583,2057,588,590,582,2336,2516
2377,3054,2413,2333,2414,2412,591,2499,592,2164,2481,2057
2042,3297,2057,2446,2007,2044,2164,2516,2334,1908,2043,-1
2338,2354,333,335,3166,2470,1987,331,337,2353,2237,2270
333,3166,331,2337,335,2661,2470,329,2354,3180,1987,337
2314,2341,2313,2010,2340,2059,2060,2209,2312,2382,-1,-1
2341,2312,3014,2402,2313,2339,2401,-1,-1,-1,-1,-1
2339,2382,2402,2010,2340,2313,2694,2011,-1,-1,-1,-1
2570,684,2386,680,2564,686,2569,2591,677,2565,2438,-1
2347,2536,2344,2263,2534,2772,2933,2346,2535,2693,-1,-1
2933,2343,2263,2345,2254,2536,2535,2347,2582,2253,-1,-1
2253,2933,2582,2344,2254,2372,3074,2210,2211,-1,-1,-1
2305,2262,2522,2347,2263,2692,2693,2204,2343,2304,2456,2455
2343,2693,2346,2772,2522,2263,2534,2649,2344,2262,2536,2857
3020,2666,2395,2258,2396,2393,2259,2394,2349,2385,-1,-1
2666,2224,2294,2400,2259,2223,2395,2348,-1,-1,-1,-1
2290,2293,2697,2292,2157,2385,2156,2267,2431,2374,2373,2144
2601,1947,1963,2220,1850,2036,1946,2287,-1,-1,-1,-1
2139,2567,2018,2319,1978,2099,2364,1979,-1,-1,-1,-1
2468,2270,2354,2470,2360,2271,2237,2337,2469,2761,2492,3166
2337,2270,2353,2237,1987,2470,2338,335,3166,337,2468,333
2250,2361,2271,2238,2289,2270,2492,2217,2594,2383,2221,-1
3093,2239,2126,1997,2127,2381,2577,2248,3141,1996,2380,-1
2448,2488,2359,2823,2283,2363,2281,2394,2440,2398,2358,2362
2439,2359,2394,2379,2258,2257,2283,2369,2357,3020,-1,-1
2394,2357,2488,2358,2398,2283,3020,2448,2258,2823,2440,-1
2468,2492,2761,2353,2271,2489,2469,2445,2361,2270,2470,2642
2355,2383,2492,2594,2289,2271,2445,2250,2360,2288,2404,-1
2363,2417,2281,2448,2249,2447,3769,2243,2357,2823,2241,2824
2823,2824,2362,2448,2447,2357,2281,2417,2944,2488,2440,-1
2567,2382,2319,2694,2627,2011,2352,3134,-1,-1,-1,-1
2633,2964,2366,2590,2411,2841,2322,2635,2367,2882,2482,2321
2365,2321,2964,2322,2482,2590,2633,2188,2367,2589,2320,2296
2964,2409,2410,2320,2322,2621,2411,2365,2408,2366,2656,-1
2090,2779,4053,2483,2186,2173,2648,2113,2647,-1,-1,-1
2439,2233,2379,2370,2235,2257,2358,2256,2075,2076,2282,-1
2378,2282,2235,2369,2379,2278,2439,2233,1833,-1,-1,-1
2584,2312,3014,2311,2930,2893,2372,2660,-1,-1,-1,-1
2311,2582,2253,2345,2210,2584,2371,2312,2583,-1,-1,-1
2292,2479,2374,2697,2291,2620,2655,2267,2350,2432,-1,-1
2697,2432,2385,2479,2373,2393,2292,2396,2350,-1,-1,-1
700,2645,698,2558,702,2546,696,2580,703,693,2606,2678
1781,1973,2076,1661,2234,1663,2075,2279,-1,-1,-1,-1
2335,2164,2333,2414,2057,2161,3054,2056,2413,2044,2499,2391
1834,1833,2278,2370,2511,2282,2241,2089,2235,1810,-1,-1
2439,2369,2282,2283,2370,2358,2241,2257,-1,-1,-1,-1
2503,3093,2418,2248,2381,2430,2504,2506,2356,3769,-1,-1
2239,3093,2506,2356,2509,2577,2380,2503,-1,-1,-1,-1
2341,2011,2694,2402,2010,2364,2339,-1,-1,-1,-1,-1
2445,2594,2361,2492,2404,2491,2384,2489,2289,2355,2271,2288
2406,2594,2288,2403,2405,2404,2383,2443,2427,2287,2289,-1
2393,2293,2697,2395,2431,2374,2350,2432,2396,2348,-1,-1
686,2342,2564,2565,684,2438,687,2570,680,2569,2568,3085
2307,2389,2423,2390,2388,2308,2422,2552,2310,2329,-1,-1
2389,2329,2387,2553,2589,2307,2309,2423,2552,2482,-1,-1
2388,2552,2423,2553,2387,2589,2467,2307,2554,2329,2390,2626
2308,2422,2424,2387,2423,2425,2465,2494,2389,2307,2496,2310
2574,2414,2392,2162,2161,2868,2813,2163,2377,2413,-1,-1
2574,2463,2391,2162,2252,2679,2813,2868,-1,-1,-1,-1
2396,2385,2395,2374,2432,2348,3020,2697,2431,2477,-1,-1
2359,3020,2258,2358,2398,2488,2357,2348,2396,-1,-1,-1
2666,2431,2385,2348,2393,2294,2293,2349,2396,-1,-1,-1
2393,3020,2398,2477,2432,2348,2394,2374,2395,2683,2385,-1
2525,2280,2528,2754,2275,2332,2526,2527,2763,2277,-1,-1
2488,2396,3020,2440,2394,2683,2477,2359,2357,2823,-1,-1
2545,2229,2295,2150,2227,2400,2223,2004,2149,2315,-1,-1
2223,2349,2229,2295,2399,2294,2224,2666,2328,-1,-1,-1
3014,3287,2931,2402,3107,2930,2340,-1,-1,-1,-1,-1
2341,2931,2694,2340,2401,2382,3014,3287,-1,-1,-1,-1
2406,2287,2443,2288,2407,2384,2219,2601,2450,2427,2594,2405
2383,2445,2384,2405,2491,2594,2426,2406,2492,2361,-1,-1
2406,2384,2428,2404,2427,2426,2403,2443,-1,-1,-1,-1
2384,2403,2443,2427,2405,2442,2288,2407,2428,2404,2287,2594
2450,2601,2403,2287,2443,2036,2406,2449,2288,2442,2759,-1
2409,2654,2655,2410,2653,2620,2652,2367,2656,2621,-1,-1
2408,2621,2367,2410,2620,2655,2320,2653,-1,-1,-1,-1
2656,2409,2408,2367,2653,2411,2964,2712,2691,-1,-1,-1
2841,2964,2656,2365,2410,2633,2691,2367,-1,-1,-1,-1
592,591,594,2413,3054,2481,595,2335,590,2499,-1,-1
2335,2481,592,2412,3054,2414,594,2868,591,595,2377,2333
2335,2391,2413,2377,2868,2161,2481,2164,3054,2574,2333,592
2327,2416,2725,2513,2512,2325,2514,2728,2131,2851,-1,-1
2785,2728,2325,2415,2725,2326,2327,2784,2766,-1,-1,-1
2362,3769,2243,2418,2249,2447,2363,2281,2248,-1,-1,-1
3769,2380,2417,2248,2243,2430,3093,2242,2503,-1,-1,-1
2421,2846,2429,2420,2475,3223,2847,2781,2316,2306,2460,-1
2419,2317,2475,2421,2316,2460,3806,2306,2846,2429,-1,-1
2306,2419,2429,2420,2316,2781,2261,2846,2197,2260,2475,-1
2390,2465,2466,2423,2424,2467,2673,2387,2425,2497,-1,-1
2389,2387,2422,2467,2552,2390,2388,2554,2553,2308,2466,2424
2465,2496,2425,2422,2390,2497,2466,2308,2495,2494,2539,2423
2494,2424,2496,2390,2308,2495,2310,2529,2422,2497,2465,-1
2690,2491,2405,2404,2428,2689,2641,2445,-1,-1,-1,-1
2406,2442,2441,2443,2405,2428,2403,2384,-1,-1,-1,-1
2663,2405,2427,2689,2426,2441,2406,2750,-1,-1,-1,-1
2419,2847,2845,2781,2846,2421,2306,2828,2986,2420,2475,-1
2504,3769,2502,2418,2503,2501,2500,2380,2507,-1,-1,-1
2293,2395,2294,2385,2159,2666,2157,2350,2393,2697,-1,-1
2477,2374,2479,2396,2393,2478,2385,2683,2373,2684,-1,-1
3332,2435,2670,2214,2472,2216,2671,2639,2434,-1,-1,-1
2435,2834,2758,2215,2767,2216,2670,2255,2035,2433,2856,-1
2434,2670,2433,2767,2216,2796,2758,2215,2671,2834,2214,-1
2763,2284,2109,2437,2332,2525,2190,2526,2094,-1,-1,-1
2436,2763,2550,2284,2285,2551,2526,-1,-1,-1,-1,-1
2565,2559,2386,687,686,2606,3085,690,2564,2568,2558,684
2369,2358,2379,2257,2233,2370,2283,2258,-1,-1,-1,-1
2683,2823,2488,2398,2835,2477,2824,2684,2357,2363,2359,-1
2427,2662,2664,2442,2663,2428,2665,-1,-1,-1,-1,-1
2759,2443,2427,2665,2450,2441,2406,3030,2449,2664,2407,-1
2406,2442,2450,2403,2407,2427,2759,2384,2287,2405,-1,-1
1465,1560,1631,1471,550,1375,549,552,548,1374,1480,545
2383,2491,2489,2492,2404,2490,2361,2594,2360,2426,-1,-1
2007,2042,1879,2336,1908,1877,1893,3297,2044,2516,2043,1876
2363,3769,2824,2501,2362,2417,2944,2823,2448,-1,-1,-1
2357,2363,2281,2362,2823,2283,2488,2359,2249,2824,2447,-1
2450,2759,2035,2758,3030,2036,2407,2834,2442,2767,-1,-1
2449,2759,2407,2443,2442,2036,3030,2403,2035,2601,-1,-1
2324,2273,4053,2454,2483,2323,2303,2484,2173,2331,2274,2269
299,2517,2453,2732,2708,2518,301,297,302,2738,2733,294
2708,294,297,2524,2452,299,292,2518,2709,2738,-1,-1
2701,2324,2451,2493,2484,2303,2483,2455,4053,2323,2269,3050
2701,2522,2649,2493,2604,2692,2693,2303,3050,2454,2346,-1
2305,2303,2269,2304,2692,2245,2701,2262,2324,2244,2346,2205
315,2557,317,2556,2870,313,319,2555,2677,2596,2599,311
309,307,2743,2769,2703,311,306,2733,2704,2741,2677,304
1215,1296,1226,1693,1222,1207,1441,1294,526,524,527,1635
2476,2317,2420,2473,2475,2461,2474,2419,-1,-1,-1,-1
2318,2476,2317,2533,2550,2460,3806,2532,2602,2473,-1,-1
2464,2463,2811,2537,2876,2252,2118,2082,2679,-1,-1,-1
2392,2462,2679,2811,2252,2464,2574,2860,2162,-1,-1,-1
2462,2118,2082,2252,2537,2463,2083,2486,-1,-1,-1,-1
2466,2424,2497,2422,2681,2541,2496,2909,2390,2673,2425,2467
2465,2673,2422,2909,2467,2681,2424,2675,2497,2423,-1,-1
2673,2423,2554,2422,2552,2466,2669,2389,2465,-1,-1,-1
2469,2353,2360,2761,2470,3180,2762,2354,2271,3166,2270,2489
2468,3180,2830,2761,2762,2470,2360,2353,3166,2797,2619,2806
3166,2468,2353,3180,2337,2354,2469,2338,2661,331,333,2360
2141,2472,2142,2685,2520,2214,2125,-1,-1,-1,-1,-1
3332,2471,2214,2520,2521,2433,2639,2141,-1,-1,-1,-1
3021,2476,2474,2460,2532,3022,3059,2461,3221,-1,-1,-1
3059,2473,3056,2475,3223,2460,3022,-1,-1,-1,-1,-1
2419,3223,2420,2846,2474,2460,2421,3056,2429,-1,-1,-1
2461,2532,2473,2460,2533,2317,3021,2318,2531,-1,-1,-1
2683,2432,2684,2396,2478,2398,2440,2393,-1,-1,-1,-1
2655,2684,2479,2780,2477,2432,2654,2683,3046,-1,-1,-1
2655,2373,2478,2374,2432,2620,2697,2654,-1,-1,-1,-1
2573,2481,2813,2868,595,2575,596,594,2574,2413,598,592
594,2413,595,592,2480,2868,2412,596,2573,2414,2335,2813
2321,2589,2366,2329,2296,2590,2388,2322,2365,-1,-1,-1
2484,4053,2451,2368,2454,2648,2605,2493,2173,2273,-1,-1
2483,2605,2493,3050,2454,2648,2851,2604,2701,2451,4053,-1
2538,2116,2695,2543,2486,2487,2696,3117,3040,2537,2117,-1
2116,2485,2118,2538,2537,2093,2464,3117,-1,-1,-1,-1
2543,2117,2544,2116,2542,2485,2628,2941,2695,-1,-1,-1
2357,2398,2440,2359,2823,2394,2448,2683,3020,2363,-1,-1
2445,2490,2492,2642,2761,2360,2491,2383,2699,2468,2762,-1
2491,2699,2642,2641,2489,2445,2617,2761,2698,-1,-1,-1
2445,2490,2641,2404,2426,2489,2383,2690,2699,2492,2642,-1
2383,2360,2361,2445,2489,2271,2355,2594,2761,2353,2491,2404
2701,2455,3050,2484,2604,2454,2649,2605,2303,2483,2692,-1
2425,2530,2529,2310,2308,2495,2496,2165,2390,2424,-1,-1
2496,2529,2539,2300,2549,2425,2494,2548,2424,-1,-1,-1
2424,2495,2425,2539,2497,2465,2494,2549,2540,2390,2541,-1
2541,2465,2496,2540,2424,2539,2681,2680,2466,2425,2422,-1
2268,2193,2264,2246,2265,2331,2247,1976,2244,1975,2646,1931
588,590,2333,587,2334,3054,585,591,2335,2057,2377,3297
2502,2508,2501,2966,3142,2430,2504,2505,3769,2944,-1,-1
2500,3769,2447,2944,2966,2430,2502,2824,-1,-1,-1,-1
2504,2500,2508,2505,2430,2507,2501,3142,2503,2585,-1,-1
2504,2380,2507,2506,2430,2381,2510,2502,3093,2418,-1,-1
2502,2507,2503,2430,2505,2508,2500,3079,2506,2380,2510,-1
2508,2502,2504,3079,2507,2586,2585,2500,2510,2587,-1,-1
2510,2503,2507,2509,2578,2381,2504,3079,2731,2380,-1,-1
2504,2510,3079,2503,2506,2505,2502,2731,2578,2430,2587,-1
2502,3142,2505,2500,2585,2504,2803,2966,2586,-1,-1,-1
2577,2578,2579,2506,2576,2381,2239,2510,2730,-1,-1,-1
2507,3079,2731,2506,2578,2587,2509,2503,2730,2504,2505,-1
1834,2089,1741,2378,2278,1743,1833,1687,1810,2279,-1,-1
2851,2513,2605,2415,2514,2648,2327,2647,3050,2650,-1,-1
2327,2647,2512,2415,2131,2648,2779,2325,2605,2851,2061,-1
2851,2725,2895,2650,2512,2515,2415,2605,-1,-1,-1,-1
2725,2899,2895,2726,2514,2727,2728,-1,-1,-1,-1,-1
582,581,2007,2008,583,3297,1893,579,585,1877,2336,2446
302,2732,301,304,2733,2452,299,306,2518,2737,2769,-1
2732,2738,2739,2708,2452,2737,2517,2733,2848,2453,2709,2755
2081,2095,1853,2050,2096,2080,2013,2094,2026,2196,1854,1852
2471,2685,2688,2638,2472,2521,2883,3332,2637,2686,2142,-1
2637,2639,3332,2520,2472,2638,2640,2706,3331,-1,-1,-1
2693,2455,2346,2692,2649,2347,2305,2701,2772,2604,2857,-1
290,2707,287,2524,2818,292,285,2709,2832,294,-1,-1
2523,2453,2708,292,2709,294,2707,290,2738,297,2818,-1
2526,2754,2397,2763,2332,2436,2528,2280,2560,2551,2527,-1
2525,2560,2763,2754,2551,2531,2527,2397,2332,2437,2436,3072
2754,2753,3023,2657,2528,2560,2526,3072,2397,2525,2631,-1
2657,2397,2754,2527,2277,2275,2301,2525,2753,2280,-1,-1
2548,2530,2494,2495,2232,2300,2230,2425,2167,-1,-1,-1
2494,2165,2529,2167,2232,2310,2548,2122,2308,-1,-1,-1
3072,2532,2533,2560,2551,2778,2526,2476,3021,-1,-1,-1
2476,3021,2531,2533,2778,2473,2461,3221,3072,-1,-1,-1
2461,2476,2532,2531,2551,2550,2318,-1,-1,-1,-1,-1
2772,2773,2343,2536,2347,2928,2771,2693,2857,-1,-1,-1
3186,3074,2932,2536,2933,2658,2582,2344,2773,2583,3204,3655
2535,2343,2933,2932,2534,2773,2344,3186,3074,2347,-1,-1
2486,2464,2462,2118,2538,2876,3117,2485,-1,-1,-1,-1
2485,3117,2696,2486,2695,2537,2116,3041,2543,3029,3040,-1
2549,2496,2540,2497,2600,2495,2541,3156,2636,2424,-1,-1
2541,2636,2539,2497,2600,2680,2629,2681,2496,2549,-1,-1
2681,2540,2680,2497,2465,2636,2539,2682,2496,-1,-1,-1
3222,2487,2942,2544,2543,2941,2736,3334,2943,2117,-1,-1
2487,2485,2695,2941,2542,2116,3040,3222,2117,2544,2538,-1
2487,2628,2542,2240,2117,2736,2942,3141,2543,2116,2115,-1
2004,2399,2315,2227,2150,3686,2228,2005,2229,2295,-1,-1
703,702,2547,2580,2581,2375,705,700,2746,2645,3279,707
705,3279,703,2581,707,2546,2973,702,708,2580,2746,3055
2529,2230,2232,2300,2047,2276,2530,2495,2231,-1,-1,-1
2539,3156,2299,2300,2600,2495,2496,2540,2276,-1,-1,-1
2318,2437,2533,2602,2461,2285,2551,3806,-1,-1,-1,-1
2526,2533,2763,2531,2437,2550,2560,2525,-1,-1,-1,-1
2554,2389,2553,2423,2467,2626,2388,2668,2387,2669,-1,-1
2389,2589,2552,2626,2634,2388,2554,2423,2329,-1,-1,-1
2552,2668,2669,2467,2626,2553,2673,2672,2843,2423,2389,-1
2557,2595,2597,2596,2556,2598,2599,2457,2870,2607,-1,-1
2457,317,2599,319,2557,2555,2623,315,321,2870,2595,-1
2457,2870,2596,2555,2677,2556,315,313,317,2597,2702,311
2645,693,696,2559,2606,2375,690,698,2678,700,2438,687
690,2606,2558,2438,687,693,696,2645,3085,686,2565,2386
2526,3072,2754,2531,2527,3023,2551,2525,2763,-1,-1,-1
2828,2261,2562,2563,2781,2829,2236,2845,2260,2760,-1,-1
2212,2563,2561,2213,2760,2236,2261,2202,2829,2153,-1,-1
2829,2760,2562,2561,2782,2212,2828,3013,2786,-1,-1,-1
2569,2386,2565,2571,2342,2568,2570,2438,686,2572,684,3085
2438,2568,2564,2386,3085,2571,686,2606,2342,2559,2569,687
3134,2140,2776,2139,2777,2567,2143,3094,3767,2138,2627,2099
3134,2139,2364,2627,2352,2566,2694,2319,-1,-1,-1,-1
2565,3213,3085,2571,3106,2564,2438,2775,3035,2386,2606,2569
2564,2572,2570,2571,2948,2342,2386,2775,2565,2861,2588,2568
2342,2591,2569,2588,2948,2564,680,684,677,2386,2676,2572
2775,2568,2564,2569,2572,3213,2565,2864,2862,2774,2386,3085
2569,2864,2861,2571,2775,2948,2564,2962,2862,2644,2570,-1
596,2480,598,2934,595,2575,2481,594,2813,600,2879,-1
2813,2392,2391,2868,2679,2463,2480,2812,2414,2162,-1,-1
2573,2812,2813,2879,2934,2480,2859,598,596,-1,-1,-1
2579,2734,2730,2735,2578,2509,2736,2577,3706,2942,-1,-1
2239,2579,2509,3141,2240,2381,1997,2356,2576,2736,-1,-1
2510,2730,2509,2506,2731,2576,2729,2579,2507,3079,-1,-1
2577,2576,2240,2736,2509,2734,3141,2239,2578,2942,-1,-1
2645,2546,2746,2747,2678,2375,2581,2547,702,2558,2606,2972
2547,2746,2973,2546,3279,2971,2580,705,703,707,3045,2972
3074,2583,2345,2372,2933,2584,2535,2253,2658,2660,2344,3186
3074,2660,2659,2658,2584,2582,3186,2894,2535,2933,2893,2892
2371,2583,2660,2582,2372,2893,2659,3074,2311,-1,-1,-1
2803,2508,2757,2586,2505,3142,2756,3347,2502,-1,-1,-1
2587,3079,2585,2505,2756,2963,2954,2508,2757,-1,-1,-1
3079,2963,2731,2764,2586,2510,2729,2505,2820,2507,-1,-1
2676,2591,2948,2643,2570,2625,2615,674,2644,677,2569,-1
2482,2553,2634,2388,2329,2590,2389,2366,-1,-1,-1,-1
2365,2366,2634,2635,2633,2589,2482,2964,2321,-1,-1,-1
677,2676,2570,2588,674,680,2342,2615,684,2948,2625,672
568,567,1799,1574,2170,1576,565,571,1575,2172,1579,-1
738,2953,740,2831,3086,736,2951,743,2867,3028,2950,734
2383,2384,2288,2361,2289,2404,2445,2492,2219,2403,2355,2406
2607,2614,2555,2599,2610,2598,2611,2853,2556,2597,-1,-1
2597,2702,2557,2677,2742,2555,2870,2457,2704,2598,2608,313
2596,2598,2608,2742,2555,2702,2557,2609,2677,2595,-1,-1
2597,2609,2607,2853,2595,2555,2608,2596,3542,2715,2854,2610
2556,2614,2623,2595,2622,2555,319,321,2457,317,2618,2798
3156,2636,2540,2632,2539,2549,2630,2629,2299,2631,-1,-1
2287,2351,2407,2036,2220,2403,2219,1947,1963,2450,-1,-1
2318,3806,2196,2285,2198,2550,2095,2461,2317,-1,-1,-1
2080,2079,2179,2196,2852,2095,2198,2026,2081,2154,-1,-1
3050,2649,2493,2651,2455,2650,2851,2857,2701,2484,2693,2522
2851,3050,2648,2484,2512,2650,2513,2483,2493,2604,2514,-1
3085,2559,2645,2558,2678,2438,2565,690,693,687,3106,2375
2853,2610,2595,2598,2715,2609,2612,2614,2854,2555,-1,-1
2609,3542,2597,2742,2787,2788,2598,2853,2596,2912,-1,-1
2853,3542,2608,2598,2854,2607,2597,2912,2787,2715,-1,-1
2607,2611,2612,2595,2614,2613,2715,2853,2598,-1,-1,-1
2614,2618,2619,2613,2610,2622,2612,2595,2617,2806,2830,-1
2616,2715,2855,2613,2610,2607,2611,3570,2717,2853,-1,-1
2611,2612,3570,2616,2619,2617,2610,2618,-1,-1,-1,-1
2611,2599,2622,2618,2595,2610,2806,2619,2623,2607,-1,-1
672,2676,670,2625,674,668,2588,2591,2624,677,2643,666
2717,3570,2612,2613,2855,2698,2716,2617,2915,2699,3231,-1
3570,2619,2642,2762,2699,2613,2616,2611,2490,2761,2698,-1
2806,2611,2619,2622,2614,2830,2798,2762,2797,2613,2599,-1
2611,2618,2762,2617,2613,2830,2806,3570,2614,2642,2469,-1
2655,2409,2621,2408,2373,2479,2291,2654,-1,-1,-1,-1
2320,2409,2291,2620,2187,2367,2266,2322,2408,-1,-1,-1
2806,2798,2623,2618,2614,2599,322,2797,2611,321,2830,325
321,319,2622,2798,2599,322,2556,317,325,2806,2614,-1
666,668,2996,2625,2946,664,670,2643,2615,3209,3121,672
2624,2615,2676,2643,668,670,2588,2946,672,666,2996,674
2843,2553,2554,2668,2634,2552,4030,2389,-1,-1,-1,-1
3134,2694,2567,3031,3094,2364,2931,2139,2777,2566,-1,-1
1998,2544,3141,2117,2240,2115,2487,1981,1997,-1,-1,-1
3170,2636,2630,2719,2680,3169,2540,2600,2908,2721,-1,-1
2632,2721,2629,2636,2600,2719,2720,3157,3156,-1,-1,-1
3156,2753,2632,2301,2657,2299,2720,2527,2600,-1,-1,-1
3156,2630,2631,2600,2720,2721,2753,2636,2299,-1,-1,-1
2365,2841,2882,2635,2590,2411,2964,2366,2840,2886,-1,-1
4030,2553,2635,2590,2589,2626,2843,-1,-1,-1,-1,-1
4030,2633,2882,2634,2886,2590,2365,2841,2977,3114,-1,-1
2629,2540,2600,2630,2680,3170,2541,2632,2539,-1,-1,-1
2706,2521,2640,2705,2638,2639,2807,2714,2520,2744,-1,-1
2706,2883,2637,2520,2688,2744,2521,2884,2807,-1,-1,-1
3332,3331,2640,2521,2671,2637,2472,2789,2713,2433,-1,-1
2639,2714,2637,3331,2705,2713,2521,3332,2706,-1,-1,-1
2490,2690,2700,2491,2699,2698,2426,2749,2642,-1,-1,-1
2490,2761,2617,2699,2489,2762,3570,2619,2360,2491,2641,-1
2644,2625,2588,2947,2946,2948,2624,2676,2861,2615,2961,-1
2643,2861,2947,2961,2948,3260,2588,2946,2572,2962,-1,-1
2558,2678,2606,2375,2580,2559,3085,2747,2546,696,693,700
1975,2195,2274,2193,2331,2194,2174,2114,2088,2273,2498,-1
2779,2513,2131,2061,2648,2327,2186,2512,2368,-1,-1,-1
2605,2779,2647,2484,2512,2368,2513,2483,2851,3050,-1,-1
2693,2604,2455,2857,2522,2651,2772,2493,2650,3050,2347,2701
2851,2651,2895,3050,2604,2514,2605,2512,2649,2897,-1,-1
2650,2857,2604,2897,2649,2895,3050,2693,2851,2771,-1,-1
3227,2653,2793,2654,2780,2711,2791,2712,2408,3046,-1,-1
2652,2712,2656,2408,2410,2654,2711,3227,2409,-1,-1,-1
2655,2780,2408,2652,2653,2478,2793,3227,2620,2479,-1,-1
2654,2479,2408,2620,2478,2780,2409,2373,-1,-1,-1,-1
2712,2410,2691,2411,2653,2841,2710,2408,2711,2367,-1,-1
2301,2528,2753,2527,2631,2277,2754,2299,3023,2276,-1,-1
3186,2659,2583,2894,3074,3204,2660,2535,2932,2892,2582,-1
2660,2658,2894,2583,2892,2891,3074,2893,3186,2584,3204,-1
2659,2893,2583,2584,2892,2658,2371,2894,3074,2582,2929,-1
329,3166,3180,327,2797,331,2338,325,2470,333,2806,2337
2838,2664,2663,2723,2441,2724,2722,2837,2750,-1,-1,-1
2750,2662,2428,2724,2689,2441,2838,-1,-1,-1,-1,-1
2837,3451,2662,2723,2665,2441,2838,3704,2768,2442,-1,-1
2759,2442,3451,2664,2768,3030,2441,2837,2795,-1,-1,-1
2349,2395,2348,2294,2259,2431,2224,2258,2400,3020,-1,-1
2203,2211,2204,2133,2135,2254,2253,2051,2262,2205,2304,-1
2554,2672,2843,2626,2844,2669,2552,4030,3114,2674,-1,-1
2554,2673,2674,2672,2668,2675,2467,2552,3118,-1,-1,-1
2435,2796,2790,2671,2767,2433,2795,2434,3332,2768,3690,-1
2790,3332,2639,3331,2670,2789,2433,2796,3690,2435,-1,-1
3118,2668,2674,2844,2669,3120,2554,2843,3119,3308,3132,-1
2466,2675,2467,2669,2909,2422,2674,2554,2910,2465,-1,-1
3118,2675,3119,2672,2669,2945,2673,3132,2910,2668,-1,-1
2673,2674,2910,2909,2945,2669,2466,3032,3119,-1,-1,-1
2615,2588,674,2591,2625,672,677,670,2643,2570,668,2948
2702,2870,2743,2596,311,2704,313,2557,309,2703,2457,2742
2645,2747,2606,3085,3106,2580,2558,2976,2746,2375,2568,2559
2463,2812,2574,2813,2392,2811,2860,2462,-1,-1,-1,-1
2541,3170,2908,2540,2636,2629,2681,2682,2497,3169,-1,-1
2541,2465,2909,2682,2497,2466,2680,2540,-1,-1,-1,-1
2906,2907,2681,2908,2909,2910,2680,2541,-1,-1,-1,-1
2440,2477,2684,2398,2835,2488,2823,3046,2478,2396,2432,-1
2683,3046,2478,2780,2477,2835,2440,2793,2904,2432,-1,-1
2686,2688,2142,2471,2520,2143,2141,2138,2687,-1,-1,-1
2687,2688,2685,2143,3025,2883,2776,3026,2520,2142,-1,-1
2686,3767,2776,3026,3025,2143,2777,2688,2685,3303,-1,-1
2883,2686,2685,2520,2638,3025,2884,2687,2143,2744,-1,-1
2750,2690,2749,2663,2428,2748,2426,-1,-1,-1,-1,-1
2700,2749,2641,2689,2426,2916,2491,2748,-1,-1,-1,-1
2656,2841,2712,2842,2840,2710,2411,2958,2882,2410,-1,-1
2305,2701,2522,2303,2455,2456,2346,2262,2493,2304,2269,2649
2772,2649,2522,2857,2347,2455,2346,2534,2771,2651,2604,2343
2627,2931,2402,2382,3031,2364,2567,2341,3097,-1,-1,-1
3040,2485,2696,2543,2538,2941,3043,2116,3039,3042,3117,2487
3041,2695,3040,2538,3117,3042,2485,3029,2923,3039,-1,-1
2350,2374,2385,2292,2293,2373,2290,2393,2479,2431,-1,-1
3570,2699,2915,2700,2717,2616,2641,2916,2617,2490,3231,-1
2490,3570,2698,2642,2617,2641,2700,2489,2616,2491,2762,-1
2916,2690,2641,2915,2749,2698,2699,2917,-1,-1,-1,-1
2303,2455,2493,2454,2692,2324,2522,2456,2604,2484,2269,2649
2677,2704,2742,2596,2743,2597,2740,2557,2870,2703,311,-1
2458,2743,2769,2741,2704,309,307,311,2677,2737,2702,2740
2702,2703,2740,2743,2677,2741,2742,2458,2596,311,2769,4742
2637,2706,2714,2810,2807,2640,2809,3053,-1,-1,-1,-1
2637,2807,2638,2744,2705,2883,2745,2521,3053,2640,-1,-1
2523,2709,2818,2832,2850,2524,290,287,2978,2708,292,-1
2453,2738,2518,2709,2524,2452,2732,294,297,2848,2739,299
2738,2707,2708,2850,2524,2848,2523,2453,2518,2849,2739,-1
2712,2794,2842,2873,2691,2711,2656,2957,2825,2792,-1,-1
3227,2712,2794,2652,2710,2792,2791,2653,2793,2656,-1,-1
2656,2710,2711,2653,2691,2794,2652,2410,2842,3227,-1,-1
3331,2714,3060,2982,2789,3000,2640,2639,2981,-1,-1,-1
2810,2640,2713,3000,2705,3331,4262,2637,3060,-1,-1,-1
2853,2612,2607,2855,2718,2854,2610,2609,2598,2918,-1,-1
3231,2855,2918,3416,2717,3292,2616,2718,2915,2920,2917,-1
2616,2716,3231,2915,2698,2855,3570,2612,2917,3416,2918,-1
2918,2854,2921,2919,2715,2855,2853,2716,2920,-1,-1,-1
3269,2629,3157,3170,3169,3205,2721,2630,3190,-1,-1,-1
2752,2753,2632,2721,2631,3023,2751,2630,-1,-1,-1,-1
3157,2630,2752,3291,2720,2719,2632,3269,3070,2629,-1,-1
2838,3002,3001,2724,2839,3393,2723,2869,2662,3271,-1,-1
2837,2838,2664,2662,2839,2836,2722,3704,3451,2724,-1,-1
2722,2750,2838,2869,2662,2663,3001,3002,2723,2748,2839,-1
2728,2515,2416,2415,2514,2727,2785,2784,-1,-1,-1,-1
2898,2895,2515,2897,2899,2896,2991,-1,-1,-1,-1,-1
2728,3116,2899,2784,2725,2801,2515,2785,-1,-1,-1,-1
2785,2784,2725,2416,2727,2801,2766,2415,2515,2326,-1,-1
3706,2764,2730,2765,2731,2820,2735,2587,2578,3178,2821,-1
2729,3706,2578,2735,2576,2731,2510,2765,2764,2734,2509,3178
2510,2729,2587,2764,2578,2730,3079,2507,3706,2506,2963,-1
2517,2518,2733,2737,2452,302,304,301,2769,2739,2708,2738
2769,304,2732,2517,306,2737,302,307,2458,2518,301,2703
2942,2735,2943,3418,2576,2736,2579,3222,2730,-1,-1,-1
3706,3418,2734,2730,3178,2576,2729,3195,2943,2765,-1,-1
2942,2579,2240,2734,2544,2542,2576,3222,2943,2577,-1,-1
2732,2733,2755,2769,2739,2518,2741,2703,2517,2738,2458,-1
2518,2708,2848,2709,2739,2732,2452,2524,2453,2850,2737,3061
2738,2755,2518,2848,3061,2737,2732,2708,2709,-1,-1,-1
4742,2704,2742,2741,3268,2788,2702,2913,4213,2703,-1,-1
2703,2755,2704,3268,2737,2769,2740,2458,2743,4742,-1,-1
2702,2597,2596,2608,2788,2740,2704,2677,4742,-1,-1,-1
2458,311,2703,309,2677,2704,307,2702,2769,2870,313,2741
2883,2706,2884,2745,2807,2885,2638,3053,2688,2637,-1,-1
3053,3188,3494,2807,2744,2885,2706,2884,3560,3051,3187,-1
2581,2972,2747,2580,2971,2546,2973,2678,2974,2976,2547,-1
2678,2746,2976,2972,2580,3106,2645,3035,2975,3085,2581,-1
2749,2750,2869,3798,3133,2689,2916,2690,2724,-1,-1,-1
2748,2916,2690,2700,2689,3798,2750,2915,2917,2641,-1,-1
2724,2748,2689,2869,2663,2749,2662,3001,2428,-1,-1,-1
3023,2752,3072,3071,3070,2778,2720,3291,2753,-1,-1,-1
3291,3070,2720,2751,2721,3157,3071,3023,3288,-1,-1,-1
2527,3023,2631,2657,2720,2632,2301,2528,2751,-1,-1,-1
2525,2527,2526,2528,2397,2560,2763,2657,3023,2332,-1,-1
2739,2741,2737,3268,3061,3659,2518,2769,-1,-1,-1,-1
2757,2954,2586,2816,2585,2963,2804,2803,-1,-1,-1,-1
2803,2756,2804,2805,2585,3347,2816,2586,-1,-1,-1,-1
2449,2834,2767,3030,2434,2035,2759,2856,2435,2768,-1,-1
3030,2442,2450,2449,2665,2443,2768,2758,2407,-1,-1,-1
2563,2212,2786,2562,2782,2153,2829,2202,2326,2561,2213,-1
2468,2762,2360,2642,2469,2489,2492,2353,2617,2490,2830,-1
2761,2619,2617,2642,2469,2830,2468,2618,2489,2699,-1,-1
2436,2526,2525,2437,2551,2332,2754,2284,2397,2560,-1,-1
2729,2820,2587,2731,2963,2765,3706,3073,2730,3079,2821,-1
3706,2821,2729,2819,2820,3178,2764,2822,3729,2730,2735,-1
2785,3017,2786,2784,2783,2782,2326,2728,2416,2802,-1,-1
2796,2758,2435,3030,2670,2768,2434,2795,2790,2834,2449,-1
2796,3030,3451,2795,2665,2767,2759,3704,2790,2670,2664,2758
2458,2733,2703,307,306,2737,2741,309,2743,304,2732,2517
732,2940,2952,729,3432,2867,3103,734,727,-1,-1,-1
2928,2857,2772,2897,2534,2896,2927,2693,2651,-1,-1,-1
2693,2534,2857,2771,2347,2649,2522,2343,2928,-1,-1,-1
2932,3655,2534,3484,2928,2536,2535,3232,-1,-1,-1,-1
3088,2862,3213,3035,2775,3037,3087,2863,2571,3038,3106,-1
2862,2571,2864,3213,2572,2774,2863,2568,2569,3035,2861,3087
2566,2777,2687,2143,2140,3767,2686,3134,2139,2138,3153,-1
2566,2776,3094,3134,3153,3767,2687,2140,2627,2139,-1,-1
3071,3072,3021,2532,2531,3221,2751,3070,-1,-1,-1,-1
2647,2186,2368,2648,2061,2090,2513,2063,2131,-1,-1,-1
2654,3046,2793,2684,2652,2478,2655,3227,2904,-1,-1,-1
2261,2429,2828,2845,2306,2421,2561,2260,2419,-1,-1,-1
2786,3017,3013,2563,2760,2829,2766,2802,-1,-1,-1,-1
2799,2784,3017,2801,2802,2800,2766,2785,3719,-1,-1,-1
2728,2785,2801,2783,2766,2727,2416,3017,3116,2725,-1,-1
2728,2766,2416,2784,2326,2786,2325,2725,2783,2727,3017,-1
2760,2326,2782,2766,2153,2785,3017,2563,2212,-1,-1,-1
3542,2912,2911,2914,2788,2608,2913,2609,3047,-1,-1,-1
2913,4742,2787,2742,2608,2740,2914,3542,4213,3628,-1,-1
3690,3331,2790,2982,2858,2713,2671,2795,2639,3704,-1,-1
3690,2796,2795,2671,2670,2789,3331,3704,2768,2858,2767,-1
3227,2792,2826,2793,3068,2904,2711,2652,2794,3046,-1,-1
2794,2791,3068,2827,2825,2711,3227,2826,3069,2710,-1,-1
3227,3046,2652,2904,2780,2791,2826,2711,2654,2684,-1,-1
2710,2792,2825,2873,2711,2712,2827,3227,2842,2791,2874,-1
2796,3690,3704,3451,2768,2790,2837,2858,2670,2767,2789,2665
2795,2768,2790,2670,2767,3690,3451,2435,3030,2671,3704,-1
2806,2661,2798,327,3180,325,2830,329,322,2622,3166,2618
322,325,2806,2622,2797,2623,321,327,2618,2830,2661,2599
2802,3019,2800,2783,3018,3017,3101,2801,-1,-1,-1,-1
3719,2799,3376,3019,3101,2801,2783,3100,3352,3116,-1,-1
3719,2784,3116,2783,2800,2727,2728,3100,2799,-1,-1,-1
3017,2799,3018,3013,2984,2783,2987,3019,2782,2766,-1,-1
3347,2757,2585,2805,3142,3069,2508,3270,2756,2804,-1,-1
2757,2817,2815,2816,2805,2814,2756,2803,-1,-1,-1,-1
3571,2803,2757,3347,2814,3069,2804,2827,-1,-1,-1,-1
2797,2618,2798,2830,2622,3180,325,2614,2619,2623,2661,322
2706,3053,2745,2705,2744,2809,2637,3494,3051,2638,-1,-1
4262,2810,2809,3265,3052,3350,3051,-1,-1,-1,-1,-1
2808,3053,3051,2810,2807,2705,3052,3494,4262,-1,-1,-1
2714,2808,4262,2705,2809,3000,3265,-1,-1,-1,-1,-1
2463,2462,2860,2877,2679,2876,2812,-1,-1,-1,-1,-1
2813,2860,2679,2575,2859,2574,2480,2811,2879,-1,-1,-1
2574,2480,2812,2575,2868,2679,2573,2481,2392,2391,-1,-1
3571,2960,2817,2805,2875,2804,3069,2827,2995,-1,-1,-1
3361,2816,3244,2817,2804,3611,3682,-1,-1,-1,-1,-1
2954,2815,2955,3244,2756,2804,2757,-1,-1,-1,-1,-1
3361,2814,2960,2815,2995,2804,3682,-1,-1,-1,-1,-1
287,2832,285,2523,2707,2833,290,282,2978,3011,2850,2524
3729,3178,2821,2969,2968,2765,3706,3195,2967,3273,2822,-1
2764,3785,2822,3073,2765,2821,2963,2729,3243,2587,-1,-1
2822,2765,3729,2819,3273,2820,3785,2967,3442,3178,3706,2968
3785,2821,3273,3442,2820,3729,2765,3243,3073,2819,3274,-1
2440,2363,2488,2824,2357,2448,2835,2683,2398,2359,2362,2447
2363,2944,2823,2447,2835,2440,2448,2362,2501,2965,-1,-1
2794,2827,2874,2792,2873,2875,3571,2710,-1,-1,-1,-1
2904,3068,3270,2965,2791,2793,3069,2792,2966,3227,3046,-1
3571,2825,3069,2792,3068,2875,2794,2814,2805,-1,-1,-1
2845,2561,2829,2866,2781,2563,2261,2986,2429,-1,-1,-1
2563,2828,2866,3013,2782,2561,2760,2562,2984,2845,-1,-1
2806,2469,2618,3180,2762,2619,2797,2622,2761,2798,2468,2661
740,743,3086,3028,2593,738,745,2953,3452,3453,3065,3067
2978,2818,2833,2707,3011,2850,3062,285,2523,3801,3009,287
282,3801,285,280,3011,2818,2832,278,287,2978,3458,-1
2856,2434,2758,2215,2035,2255,1944,2449,1946,2435,2767,2216
2824,3046,2683,2440,2684,2944,2904,2823,2965,-1,-1,-1
2890,2837,3704,2839,2723,2858,3225,2838,3690,3393,2981,3451
2723,3704,3451,2664,2836,2795,2858,2838,2662,2839,3690,2665
2722,2723,2662,2724,2839,2664,3002,2837,3001,2663,2836,3393
3393,2722,2838,2723,2836,3002,3225,2837,3271,3272,2890,3001
2958,2841,2882,2842,2977,2691,2957,2633,3252,2956,2886,-1
2840,2633,2882,2691,2411,2365,2656,2842,2635,2977,2958,-1
2957,2710,2840,2958,2691,2873,2956,3179,2712,2841,2794,-1
4030,3114,2668,2844,2626,3755,2886,2672,2554,2634,-1,-1
2843,3308,3755,2672,2668,3114,3120,3118,4030,3368,-1,-1
2828,2986,2429,2847,2781,2866,2561,2829,-1,-1,-1,-1
2419,2871,3223,2847,2429,2475,2421,2420,3224,-1,-1,-1
2846,2429,2986,2845,2871,2872,2985,2419,-1,-1,-1,-1
2738,2849,2739,2709,2850,3061,2518,2708,3063,-1,-1,-1
2980,2848,2979,3063,2850,3062,3061,3345,2709,-1,-1,-1
3062,2707,2709,2978,2832,2849,2848,2979,2738,2818,-1,-1
2650,2605,2512,3050,2514,2604,2895,2484,2648,2513,2651,2415
2154,2178,2179,2079,2180,2603,2298,2197,2260,1993,-1,-1
2609,2607,2715,2854,2598,3542,2718,2610,2608,2595,2612,-1
2853,2609,3542,2718,2919,2912,2715,3047,2921,2607,2598,-1
2716,2612,2715,2918,2616,2717,2718,3231,3416,-1,-1,-1
2834,2035,1946,2255,1944,2215,1945,2758,2036,2434,-1,-1
2772,2651,2693,2649,2771,2897,2604,2522,2534,2347,-1,-1
3690,2982,3704,2890,2836,2789,2981,2795,2837,2790,3060,-1
2881,2812,2879,2880,2860,2575,2878,-1,-1,-1,-1,-1
2812,2811,2877,2878,2679,2859,2881,2463,-1,-1,-1,-1
2644,2572,2962,2864,2961,2948,3125,2569,2643,2947,2775,-1
2863,2775,2864,2774,3087,3112,3213,3088,2962,2572,2571,3124
2862,3124,3112,2864,2962,3087,2775,3284,3125,3537,2774,-1
2962,2572,2862,2775,2863,2861,3124,2571,3125,2961,-1,-1
2983,2985,2866,2987,4656,2986,2984,-1,-1,-1,-1,-1
2829,2865,2828,2986,2984,2845,3013,2987,2985,-1,-1,-1
734,2950,2953,2952,736,2770,732,2593,738,2951,3034,-1
2481,2574,2480,2414,2391,2813,2413,594,2335,592,595,2392
3001,2748,2750,3133,3015,2724,2722,3798,-1,-1,-1,-1
313,2677,315,2557,2457,311,2596,2743,317,2702,309,2556
2846,3515,3224,2847,2872,3223,3183,-1,-1,-1,-1,-1
2985,3167,2847,2871,3183,3515,2986,4656,-1,-1,-1,-1
2957,2794,3179,2710,2825,2842,2874,2956,-1,-1,-1,-1
3179,2993,2825,2875,2873,2959,2957,2992,2794,-1,-1,-1
3571,2960,2874,2825,2827,2814,2959,-1,-1,-1,-1,-1
3029,2877,3117,2811,2537,2925,2462,-1,-1,-1,-1,-1
2888,2925,2811,2860,2876,2878,3029,-1,-1,-1,-1,-1
2881,2888,2889,2860,2877,2859,2887,-1,-1,-1,-1,-1
2934,2880,3171,2575,3012,2859,2573,2881,598,600,3214,2812
3171,2881,3172,2879,2859,3173,3012,2889,3214,3302,2934,-1
2889,2880,2859,3172,2878,3302,2879,2860,3171,-1,-1,-1
2841,2977,2633,2840,2886,2635,2958,4030,2365,2691,-1,-1
2884,2688,2744,3025,2638,2686,3024,2706,2885,2520,-1,-1
2883,3024,2885,2744,3025,3305,2688,2745,3026,2638,-1,-1
2884,3305,3187,2745,3188,3024,2744,2883,-1,-1,-1,-1
2977,3114,2882,4030,2635,3113,2843,3755,3252,2840,2633,-1
2888,2889,2902,2901,2903,2900,2878,3428,3302,-1,-1,-1
2925,2887,2877,2878,2900,2926,2902,2889,3029,-1,-1,-1
2881,2901,3302,3172,2887,2878,2880,2888,2903,3216,3428,-1
2981,2858,2836,3226,3225,2982,3556,3060,3704,2839,-1,-1
3282,2894,2949,2892,3200,2659,3201,2929,3281,-1,-1,-1
2659,2891,2660,2929,2894,2949,2893,3282,2658,2583,3108,-1
2660,2930,3108,2892,2584,2929,2371,2659,3014,2583,-1,-1
2659,2891,2658,3200,3204,2892,2660,3186,3282,2583,3203,2949
2650,2726,2651,2897,2515,2514,2851,-1,-1,-1,-1,-1
3396,2897,2927,2991,2726,2771,2898,2928,3139,-1,-1,-1
2651,2896,2857,2895,2726,2771,2650,-1,-1,-1,-1,-1
2991,2726,2899,2990,3115,2896,3396,3140,-1,-1,-1,-1
2898,2515,3116,3115,2727,2726,2990,-1,-1,-1,-1,-1
2902,2926,2888,2924,2925,2887,2922,2923,2903,3029,-1,-1
3302,3428,2903,2889,3146,2887,3172,3145,3006,2902,3216,-1
2903,2900,2935,2922,2887,2924,3145,2901,2888,3428,-1,-1
3428,2902,2901,3145,2935,2887,3006,3146,2889,2900,3302,2922
3046,2826,2793,2965,2791,2835,3227,2780,3068,3270,2684,-1
719,2997,2999,722,717,2998,3104,724,3102,-1,-1,-1
2907,3032,2910,3275,2682,3276,2945,2909,2908,3320,-1,-1
2906,3276,3168,2908,2682,3275,3191,3032,2910,-1,-1,-1
3168,3170,2907,3169,2680,2682,3276,2629,2906,3191,-1,-1
2910,2466,2673,2675,2681,2682,2465,2906,-1,-1,-1,-1
2906,3032,2909,2675,2945,2682,2907,2673,3275,2674,-1,-1
3047,2912,2914,3154,2787,3155,3542,3307,2919,-1,-1,-1
3542,3047,2919,2911,2787,2854,2609,3154,2989,2608,2914,-1
4742,3628,2914,2788,4213,3689,2787,3307,2740,-1,-1,-1
2913,2911,3628,2787,3307,3155,2788,4742,2912,-1,-1,-1
2916,2717,3231,2698,2917,2700,2716,2616,2749,3292,3798,-1
2915,2749,2917,2700,3798,2748,3231,2690,2698,-1,-1,-1
2916,3231,3292,3798,2915,3293,3416,3436,2717,2716,2700,2749
2716,2718,3416,2920,2921,2855,3231,2919,3292,2717,2715,-1
2921,3047,2912,2854,2989,2718,3542,2988,2918,2911,3154,-1
3417,3416,2921,2918,2988,3480,3292,2716,3623,2718,3711,-1
2919,2920,2988,2918,2718,2989,3417,3047,3416,2854,-1,-1
2924,2902,2938,2935,2937,2936,2900,2903,-1,-1,-1,-1
3198,2926,3041,2924,3042,3029,2696,2900,2936,3199,3039,-1
2923,2922,2926,3198,2936,2900,2902,3041,2938,-1,-1,-1
3029,2888,2926,2877,2876,2900,3041,3117,-1,-1,-1,-1
2923,3041,3029,2900,2925,2924,2888,3117,3198,3042,-1,-1
3396,3395,2928,3139,2896,3484,2771,2991,3394,3462,-1,-1
2771,2927,3484,2773,2534,2896,2772,3396,3395,-1,-1,-1
3108,2949,2892,3122,3123,2893,2891,3202,2660,-1,-1,-1
3014,2893,3108,3107,2401,2371,2312,3287,-1,-1,-1,-1
3287,3097,2694,3031,2402,2401,3107,2627,3098,-1,-1,-1
3186,2535,3655,2773,2536,3204,3074,2658,2933,3203,3232,-1
2535,2344,3074,2345,2582,2536,3186,2343,2583,2932,-1,-1
598,2879,2573,600,3012,2575,596,3171,602,2480,595,2880
3145,2902,2903,2937,3004,2922,3428,2938,3427,-1,-1,-1
2938,3344,3198,3138,2924,3482,2922,2923,-1,-1,-1,-1
2938,3004,2935,3003,3005,2922,3145,3138,-1,-1,-1,-1
2937,3138,2936,3005,2922,2935,2924,3482,3003,-1,-1,-1
1247,1384,1496,1249,1487,1252,2070,1285,1246,1250,1495,-1
727,3103,729,2998,2770,724,732,3432,2997,3105,722,-1
3043,3222,2543,3333,3334,3040,2695,2542,2487,3039,3343,-1
2736,3222,2943,2734,2542,3334,2544,3418,2579,2240,2576,-1
2942,3222,3418,3334,2734,3192,3195,7213,2736,2542,2735,-1
2824,2965,2966,2501,2447,2835,2363,2500,-1,-1,-1,-1
3032,3119,3495,2910,2674,2675,3320,2906,3118,-1,-1,-1
2624,2947,2996,2643,3209,2625,3208,666,2644,3260,668,664
3260,2946,2644,2643,2961,3208,3259,3209,2861,2624,-1,-1
2588,2569,2644,2572,2861,2570,2643,2591,2676,2564,-1,-1
3282,2891,2929,3123,3281,2892,3201,3562,3122,2894,-1,-1
3033,2867,2953,2952,3034,2951,2593,3161,736,734,-1,-1
3033,2953,3453,2950,3086,3491,2593,3034,2867,2831,3492,-1
2950,3432,2867,3034,3161,2770,3033,3431,734,3493,3103,2953
2593,2951,2950,2867,736,738,3086,734,2831,740,3033,3453
3073,2963,2816,2955,2756,2586,3243,3244,-1,-1,-1,-1
2954,3244,3243,3073,2816,3242,3785,3679,3786,-1,-1,-1
3254,2957,2958,3253,3252,3179,3348,2842,2977,2993,2840,3519
3179,2842,2956,2958,2873,3254,2840,2710,2874,3252,2993,-1
2956,2840,2957,2977,3252,2842,3253,3179,2882,3254,2691,2841
2992,2960,2993,2874,2994,2875,2995,3083,-1,-1,-1,-1
2814,2959,2995,2817,2875,3571,3361,2994,-1,-1,-1,-1
3260,3125,2644,2861,2962,2947,3164,3259,3126,2864,2643,-1
3125,2864,3124,2861,2863,2961,3126,2862,2572,2644,3164,-1
2587,2954,3073,2764,2586,2820,2756,3079,2731,-1,-1,-1
2365,2367,2322,2366,2411,2320,2633,2410,2321,2590,-1,-1
2904,2826,2944,2966,3270,2835,3046,2824,-1,-1,-1,-1
2500,2965,2944,2501,3142,3270,2508,2826,-1,-1,-1,-1
3729,3220,3273,2968,2970,3274,2819,3440,3219,2821,-1,-1
3729,2969,2970,2819,2967,3177,3220,3273,3175,2821,3176,3178
3195,2968,3175,2819,3177,3178,3729,3418,3194,3192,2970,-1
2968,3219,3176,2967,3220,3177,3729,3266,2969,3425,3485,-1
2973,2746,3045,2972,2974,2581,3044,3279,3149,3092,-1,-1
2746,2974,2747,2976,2975,2971,2580,2581,-1,-1,-1,-1
3279,3045,2581,2971,3055,2547,2746,707,3316,708,3149,705
3092,2972,2975,2971,3044,3036,2746,2976,3090,-1,-1,-1
2976,3036,2972,3037,2974,3038,3949,3035,3092,2747,-1,-1
3035,2975,2747,3037,2972,3106,2678,2746,3038,2974,3213,-1
3252,2886,2882,2958,2840,3113,2956,2841,3519,3114,2635,3253
2832,3062,3009,3011,2850,3010,2833,2707,2818,2979,3801,-1
3062,2980,3345,3010,3325,2849,3552,2978,3063,2850,3009,3371
3063,2979,3345,2849,3552,3620,3325,3062,3061,3010,3618,3371
3556,2890,2982,3060,3226,2858,3346,3225,3509,2836,2713,-1
2858,2981,3060,2789,2890,2713,3690,3556,3331,3704,2836,3226
2987,4656,3384,3089,2865,2984,2985,3182,3018,-1,-1,-1
2987,3013,2802,2865,3018,2866,2983,3017,2829,3089,-1,-1
2986,4656,3167,2872,2865,2983,2847,3182,2866,3183,-1,-1
2985,2845,2847,2865,2866,2872,2828,4656,2429,3167,-1,-1
2983,2984,3089,3018,2865,4656,3384,2802,3013,2866,-1,-1
3417,3622,2921,2920,2989,3711,3604,3048,2919,3623,-1,-1
3047,3048,3622,2988,2919,2921,3154,2912,-1,-1,-1,-1
3115,3140,3277,2991,3278,2898,3100,3540,2899,3397,-1,-1
3396,2898,3139,3140,2990,2896,3397,2726,2927,3115,-1,-1
3083,2993,2959,2994,3084,3248,3254,2874,3179,3408,-1,-1
2992,3179,3254,2874,3084,2959,3083,2956,2957,3348,-1,-1
2992,3083,3248,3247,2995,3246,2959,2960,-1,-1,-1,-1
2960,3246,3361,2817,2994,3682,2959,2814,-1,-1,-1,-1
664,2624,666,3121,3209,2946,662,668,3312,2625,3208,-1
3102,2998,2905,3105,3103,3104,722,2940,724,719,3338,-1
724,722,2940,2997,727,3103,2905,729,719,3105,-1,-1
717,3250,715,2905,3104,719,3656,713,3147,-1,-1,-1
3060,2714,4262,3506,3346,2810,2713,3556,3350,-1,-1,-1
2722,3002,3015,2869,2724,3016,3429,2838,3271,3133,2750,3393
2722,3393,3271,3001,2839,3016,3272,2838,3015,3225,2724,-1
3007,3136,3004,2937,3005,3400,3355,3427,2938,-1,-1,-1
3427,3145,2937,3007,2935,3003,3008,3006,2903,-1,-1,-1
3355,2938,3138,3135,3003,3136,2937,-1,-1,-1,-1,-1
3428,3077,3145,3427,3143,3146,3422,3144,3008,2903,2901,3004
3008,3078,3003,3004,3427,3400,3076,3077,3145,-1,-1,-1
3076,3427,3077,3075,3078,3007,3422,3401,3006,3004,-1,-1
3010,3326,2978,3011,3398,4601,3062,2832,3325,2979,3458,3801
3325,3009,2979,3062,4601,2978,3345,3327,3326,2980,-1,-1
3801,2833,3009,2978,3398,3458,2832,280,278,3326,282,2818
3171,602,600,2934,3214,3130,2879,604,598,2880,3173,-1
2984,2782,2829,3017,2802,2866,2563,2987,-1,-1,-1,-1
2312,2930,2401,2340,2371,2313,2893,2402,2311,3107,-1,-1
3429,3001,3133,2869,3430,3016,3436,3438,3002,-1,-1,-1
3429,3271,3468,3002,3015,3001,3438,3392,3393,-1,-1,-1
2802,2766,2782,3013,2783,2799,2786,2984,2784,2785,-1,-1
2987,2799,2802,3019,3089,2984,3174,2983,3352,-1,-1,-1
3352,2799,3101,3018,2800,3174,2802,3376,3374,3089,3373,-1
2394,2348,2396,2398,2258,2359,2393,2488,2259,2666,2358,-1
3221,2532,2473,3022,2778,2476,3071,2531,-1,-1,-1,-1
3059,3021,3221,2473,3057,3058,2474,3241,3056,-1,-1,-1
2753,2527,2751,3072,2560,2720,2752,2754,2657,-1,-1,-1
2884,3305,3196,3025,3026,2885,2883,3187,3197,-1,-1,-1
2686,2883,2884,3026,3024,2687,2688,-1,-1,-1,-1,-1
3303,3025,2687,3024,3767,3196,2686,3304,2884,-1,-1,-1
747,749,3067,3298,3066,751,3065,745,3300,3064,3301,-1
2831,3065,743,3067,745,3452,3086,740,747,2593,3298,3453
2925,3117,3041,2926,2876,2696,2923,2877,2538,2888,2900,-1
2759,2768,2758,2767,2449,2665,2796,2450,2442,3451,2795,-1
3097,3094,2627,2931,2694,3082,3287,3134,3098,-1,-1,-1
2906,3320,2945,2910,3275,3495,2907,3318,2675,3472,-1,-1
3034,2951,2950,3492,3491,3493,2953,3453,2952,4315,-1,-1
3033,3493,3161,2950,2952,3492,4315,2951,3432,2867,-1,-1
3037,3213,3106,2976,2774,3088,2568,2975,2747,3038,2775,-1
3949,2975,3092,3091,3090,2974,3038,3544,-1,-1,-1,-1
3035,3038,3088,2976,2975,2774,3213,3106,3544,-1,-1,-1
3544,3949,3037,3088,2975,3111,3036,3150,3091,2976,3035,2774
3343,3043,3040,3042,3199,3342,3333,2696,3198,2695,2941,3514
3043,2695,3039,2696,3042,2941,3343,3333,2543,3041,2485,3199
2696,2923,3029,2926,3042,3117,2925,2538,3040,3198,2924,-1
3039,2923,3041,3040,3198,2696,3199,3043,3343,2926,2695,-1
3333,3040,3039,3343,2941,3514,2695,3334,3042,3199,7213,3342
3149,3092,3045,2974,3314,3148,2971,3423,2973,3316,-1,-1
2973,3149,3316,3044,2971,3055,3279,3314,2581,3313,3280,-1
2904,2684,2780,2793,2835,2683,2965,2652,2478,3227,2791,2826
2912,3154,2989,2911,2919,3048,3542,2787,2921,2854,3155,-1
3154,3622,3236,3049,2989,3047,3604,2988,3237,3712,-1,-1
3048,3583,3235,3154,3236,3237,3155,3581,-1,-1,-1,-1
2604,2605,2851,2493,2484,2650,2512,2455,2651,2649,2648,2454
3053,3110,3494,3109,2809,3052,2808,3560,2807,2745,3511,-1
2808,3265,3110,3051,3264,3263,2809,3913,4262,-1,-1,-1
2807,3494,3051,2745,2809,3109,3188,2706,2744,2705,3560,-1
591,2335,2412,2333,2499,590,2413,592,588,2377,594,2414
3279,2973,3147,3316,3280,708,3045,707,710,3149,2547,-1
3059,3612,3223,3241,3224,2474,3057,2475,3022,-1,-1,-1
3059,3241,3058,3238,3240,3022,3056,-1,-1,-1,-1,-1
3057,3366,3221,3238,3290,3022,3834,3288,3059,-1,-1,-1
3056,3022,3241,3057,2474,3612,2473,3058,3223,3240,-1,-1
2981,3556,2982,3346,3000,2713,2890,3506,3226,2714,2858,-1
3063,2755,2739,3659,2848,2849,3268,3620,2980,2738,-1,-1
2978,2979,3010,2850,3009,2849,2832,2980,3325,3345,3011,-1
2980,3620,3061,3659,2849,3552,3345,3618,2979,3675,2848,-1
753,3299,755,751,3543,3066,757,749,3301,3027,4094,-1
3067,3777,3028,3298,3452,3027,745,3635,747,3300,2831,743
3027,3301,3064,3298,751,749,3299,3300,753,747,3067,4095
3065,3027,747,745,3298,3028,749,743,3777,3066,3452,2831
2826,3069,2792,2827,2791,3270,3347,3571,2904,-1,-1,-1
3347,3571,3068,2827,2805,3270,2803,2826,2814,2792,3142,-1
3071,3291,2752,3288,3366,2751,3206,3221,2778,3157,2721,-1
3070,2778,3221,3366,2751,3288,3072,3021,2752,3291,-1,-1
2560,3023,2778,2531,2751,3071,2527,2532,2526,-1,-1,-1
3785,2954,3243,2955,2963,2820,2822,2764,-1,-1,-1,-1
2535,3186,2583,2582,2933,2658,2932,2659,2536,2584,2345,3204
3076,3422,3421,3008,3077,3465,3401,3078,3360,3427,3586,3420
3075,3401,3008,3078,3465,3421,3077,3399,3422,3007,4830,3496
3422,3006,3008,3427,3075,3143,3076,3421,3360,3145,3007,3428
3076,3399,3008,3007,3401,3400,3075,4830,3699,3427,-1,-1
2587,2510,2507,2505,2586,2731,2504,2506,2963,2764,2578,-1
654,3081,656,3987,3863,650,3797,658,3756,4076,4074,3311
3080,656,3797,658,3311,3987,654,660,3863,4278,3312,-1
3097,3096,3153,3094,3095,3099,3031,3098,-1,-1,-1,-1
3248,2992,3084,3408,2994,3407,2993,3247,2959,3363,3539,-1
3348,3083,3254,2992,3408,2993,3539,3253,3248,3520,3179,-1
2606,2568,2565,2678,3106,2438,2559,2645,3213,2386,2564,2558
2831,3453,2593,2951,3028,2953,3452,740,738,743,-1,-1
3088,2862,3112,2863,2774,3152,3111,3537,2775,-1,-1,-1
3037,2774,3038,3087,3111,3544,3035,2862,3152,3949,-1,-1
2983,2987,3384,3174,3018,3419,4656,2984,3019,4286,-1,-1
3092,3127,3091,3128,3148,3036,3949,3210,4356,2974,-1,-1
3949,4356,3090,3127,3036,3150,3544,3479,3627,3038,3092,3128
2974,3090,3148,3044,3036,2975,3091,3314,3128,2971,-1,-1
2356,2248,2380,2381,2127,2239,2126,2242,2418,2503,-1,-1
3031,2777,3134,3153,2627,3082,3097,2566,3096,3767,-1,-1
3099,3593,3621,3098,3082,3486,3096,3781,3097,-1,-1,-1
4100,3153,3099,3303,3082,3767,3487,3304,3095,3094,-1,-1
3031,3287,3098,2931,3082,3094,3107,2694,3095,-1,-1,-1
3097,3202,3287,3621,3095,3107,3082,2931,3031,-1,-1,-1
3096,4100,3095,3487,3486,3082,3304,3153,3303,3593,-1,-1
3719,3277,3376,3115,3116,3678,2990,2801,3426,2800,3375,-1
3376,3352,3019,3373,3375,2800,3719,3374,3678,2799,3174,-1
2997,3105,3338,3251,3104,3335,3431,3249,2905,3103,-1,-1
2940,3432,3105,2998,2997,2770,727,729,3431,724,3102,2952
2999,3656,3102,3249,2905,2997,3251,3250,-1,-1,-1,-1
3431,3103,2997,3102,3432,3338,2998,2940,3161,3862,-1,-1
3035,3085,2678,2976,3213,2568,2747,3037,2606,2565,2774,-1
3287,3202,3108,2930,2401,3098,3097,2931,3122,3621,3014,-1
2929,3107,3202,2930,3122,2893,2892,-1,-1,-1,-1,-1
3560,3511,3494,3110,3051,3510,3053,3913,3188,-1,-1,-1
3913,3051,3109,3052,3511,3264,4143,3494,-1,-1,-1,-1
3544,3088,3152,3151,3038,3087,3150,3949,-1,-1,-1,-1
3537,2863,3087,3124,3284,3152,2862,3159,3286,-1,-1,-1
3519,3755,3114,3252,2886,2977,3368,3253,3521,3308,-1,-1
3755,2843,2886,4030,3113,2844,3308,2977,3368,2635,2668,-1
2990,3116,3100,3277,2899,2898,3719,2991,3278,-1,-1,-1
3115,3719,2801,3100,2899,2727,3277,2784,3376,2800,-1,-1
3029,2538,3041,2696,2876,2537,2925,2485,2926,2695,2486,-1
2672,3119,2674,3120,3132,3309,2844,3131,2945,2669,-1,-1
3118,3495,3132,2945,2674,3131,2672,3120,3320,2675,-1,-1
3308,3118,3309,3132,2844,3310,2672,3755,3119,-1,-1,-1
662,664,3312,2996,3209,3311,660,666,3668,2624,2946,658
3202,3123,3330,3108,2929,3621,3107,3563,2949,-1,-1,-1
3562,3122,2949,3563,3330,2929,3281,4249,-1,-1,-1,-1
2863,3284,3125,2962,3126,3112,2864,3537,3328,2862,3163,-1
3126,2962,3164,2961,3124,3260,2861,3165,3328,2863,3284,2864
3328,3125,3124,3165,3164,3284,3163,2962,3162,2961,3230,-1
3479,3128,4356,3090,3091,3212,3477,3976,-1,-1,-1,-1
3210,3127,3090,3211,3212,3148,3423,3479,3565,3092,3091,-1
606,3215,608,604,3572,3130,3587,602,610,3214,3324,3575
604,602,3214,3215,3129,3012,606,3171,600,3218,608,3572
3495,3736,3132,3119,3688,3490,3309,3118,3320,3838,-1,-1
3309,3118,3131,3119,3120,3688,3495,3310,3588,2674,3736,2672
3436,3015,2869,3798,2748,3430,3429,3001,3529,3293,-1,-1
2566,2627,2567,2777,3094,2139,2776,3031,2140,2364,-1,-1
3355,3353,3137,3138,3005,3185,3184,3136,3642,3482,-1,-1
3355,3003,3461,3184,3005,3400,3135,-1,-1,-1,-1,-1
3353,3483,3135,3482,3138,3481,3642,3640,3355,3185,-1,-1
2938,3482,3137,3135,3005,2936,3355,3353,3344,3483,2937,-1
3396,3397,3394,3395,2991,2927,3140,2896,5785,3463,-1,-1
3397,2990,3540,2991,3278,3139,3396,2898,3463,3394,3277,-1
2240,1997,2239,1998,2628,2577,2579,2356,2544,1982,2126,-1
2508,3347,2803,3270,2966,2500,2585,2502,3069,-1,-1,-1
3422,3321,3144,3006,3077,3360,3146,3428,3323,3075,3427,3421
3321,3216,3146,3143,3217,3302,3323,3006,3360,3428,3173,-1
3428,3427,2935,3006,3004,2903,2901,3077,2902,3146,2937,3007
3428,3144,3302,3006,3216,2901,3143,3321,3145,2903,3172,3077
710,3280,708,713,3250,3055,715,3656,707,3279,3316,2999
3423,3092,3314,3210,3090,3128,3044,3149,3610,-1,-1,-1
3314,3316,3045,3313,3044,3423,3315,3055,3148,2973,2971,3386
3544,3949,3627,3160,3151,4356,3091,3111,3038,-1,-1,-1
3160,3633,3150,3152,3111,3158,3159,3544,3627,3538,-1,-1
3159,3537,3111,3151,3112,3633,3087,3538,3286,3088,3544,-1
3096,3767,2777,3094,3303,3082,4100,3099,2776,-1,-1,-1
3047,3048,2911,3049,3155,2989,2912,3583,3622,3236,2919,-1
3583,3307,3154,2911,3049,2914,3306,3047,3235,3628,-1,-1
2299,2632,2600,2631,2549,2301,2539,2630,-1,-1,-1,-1
3269,3291,2721,3206,2719,3207,2752,3205,3288,2630,3070,-1
3160,3633,3630,3631,3632,3734,3151,3538,3627,-1,-1,-1
3537,3538,3633,3152,3286,3151,3112,3630,3285,3284,3163,-1
3627,3151,3158,3632,3150,3633,4356,3976,3631,-1,-1,-1
3431,3493,3034,3432,2952,3862,3783,3105,2950,-1,-1,-1
3379,3163,3328,3230,3283,3377,3165,3284,3286,3815,3126,-1
3162,3286,3284,3328,3283,3379,3537,3126,3230,3159,3285,3124
3125,3259,3260,3165,3126,3957,2961,3328,3262,2962,-1,-1
3328,3957,3230,3126,3164,3229,3162,3125,3259,-1,-1,-1
2338,2661,2470,331,3180,2337,333,329,2354,335,2797,2469
2985,4656,3182,3183,2872,3181,3385,2986,3515,3384,-1,-1
3191,2908,3169,3276,2907,3190,3189,3170,3382,-1,-1,-1
3170,3190,3168,2908,2719,2629,3205,3191,2680,3189,-1,-1
2629,3169,2908,2680,2719,2636,3168,3190,-1,-1,-1,-1
2880,3012,3214,2879,3173,3172,2934,3130,3218,602,2881,600
3302,2880,2881,3173,3216,2889,3171,2901,3146,-1,-1,-1
3218,3171,3216,3214,3172,2880,3217,3302,3215,3012,3144,-1
3352,3089,4286,3019,3374,3419,3018,3101,-1,-1,-1,-1
3195,3194,2969,3192,3193,3177,7213,3418,2968,3425,-1,-1
3266,3425,2970,3219,3177,3449,3194,3852,2968,3450,-1,-1
3194,2968,3176,2969,2970,3175,3425,3195,-1,-1,-1,-1
3706,2819,3195,3418,2969,2735,2765,2821,2729,2968,3729,2730
2957,2993,3254,2956,2874,2873,2958,2842,2992,3084,3253,-1
2661,2469,3166,2797,2470,2830,2806,2468,329,2338,327,331
3183,3385,3524,3516,3167,3182,3525,3517,3523,-1,-1,-1
3385,4656,3167,3384,3383,3181,2983,2985,3524,3183,-1,-1
3515,3517,3167,3181,3525,2872,3516,3182,2871,2985,-1,-1
3355,3357,3461,3460,3136,3185,3135,3855,-1,-1,-1,-1
3353,3357,3642,3355,3184,3354,3135,3356,3137,-1,-1,-1
2658,2932,2535,3074,3204,2583,3655,2933,2659,2536,2894,2582
3257,3305,3188,2885,3197,3667,3560,3256,4069,3024,2745,-1
3560,3187,3494,2745,3667,2885,3257,3053,3305,3109,-1,-1
3489,3191,3382,3190,3763,3488,3168,3380,3365,3276,3317,3169
3169,3489,3189,3205,3168,3365,3191,2719,3170,3488,3382,-1
3189,3382,3168,3276,3317,3190,3489,2907,3380,3169,3763,2908
7213,3195,2943,3175,3334,3418,3193,3222,2969,3333,3194,-1
7213,3194,3175,3765,3514,3424,3192,3333,3764,3334,3195,-1
3175,3424,3425,3193,3177,3765,3176,2969,3852,3192,-1,-1
2969,3418,3175,3192,3178,2819,2943,2735,3177,2968,3193,-1
3304,3255,3024,3305,3026,3197,3303,4270,4100,-1,-1,-1
3255,3305,3257,3256,3187,3258,3196,4270,3304,3024,-1,-1
2923,3344,2924,3042,2936,3199,3039,3482,3041,2926,-1,-1
3039,3344,3342,3343,3198,3042,3665,3043,3666,2923,3040,-1
3233,2894,2891,3754,3282,3203,3201,3204,3446,-1,-1,-1
3282,3446,3677,3233,3705,3281,3200,3389,2891,2949,3390,-1
3107,3122,3621,3098,3108,3287,3330,2929,-1,-1,-1,-1
3754,3204,3232,3655,3234,3200,3233,2932,3388,2894,3186,-1
3186,3203,2658,2894,3655,2932,3200,2659,3754,2535,3232,3074
3269,3365,3207,3714,3190,2719,3157,3489,3169,3206,-1,-1
3288,3207,3269,3291,3289,3157,3290,3070,3714,3366,3205,-1
3714,3269,3206,3289,3205,3157,3414,3365,3288,3291,-1,-1
3261,3209,3259,3260,3668,3262,2947,2946,3312,2996,-1,-1
3121,2996,3312,3208,3668,2946,3261,664,2624,3311,2947,662
3423,3128,3610,3565,3211,3148,3314,3386,3212,3090,3567,-1
3565,3476,3210,3212,3128,3518,3610,3478,-1,-1,-1,-1
3479,3211,3476,3477,3128,3127,3478,3210,-1,-1,-1,-1
2568,3035,2774,2775,2571,3106,2862,3085,3037,2565,2976,-1
3130,3171,3218,3215,3012,3173,602,604,3129,2880,3324,2879
3218,3129,3130,3214,3572,3324,606,604,3173,602,-1,-1
3144,3302,3173,3172,3146,3217,3218,3321,2901,2889,-1,-1
3144,3218,3322,3321,3216,3324,3323,3173,-1,-1,-1,-1
3215,3324,3214,3173,3217,3130,3216,3171,3572,3322,3129,-1
3266,2970,3220,3176,3485,3267,2967,3450,3449,3440,-1,-1
2967,3485,3440,3219,2970,3274,2968,3273,3729,3267,3683,-1
3021,3071,3366,3022,3058,2778,3070,2532,2473,-1,-1,-1
3334,2942,2542,2943,2941,3333,2736,2734,2543,7213,3192,-1
3056,2475,2846,3224,2871,2474,2419,3612,3059,3515,-1,-1
3612,3515,3056,3223,2871,3295,3517,3241,2846,-1,-1,-1
3393,3226,3272,2890,2839,2836,3557,2981,3271,3002,3556,-1
3556,3225,2981,3509,2890,3557,3272,3346,3060,3393,2982,-1
2711,2652,2793,2791,2792,2653,2780,2904,2712,2794,2654,3046
3814,3229,3230,3651,3815,3816,3569,3379,-1,-1,-1,-1
3228,3957,3532,3165,3230,3651,3262,3865,-1,-1,-1,-1
3379,3162,3165,3229,3328,3228,3815,3163,3377,3957,3126,3814
2716,2917,3292,2717,2915,3416,2916,2918,2855,3293,2616,2698
3234,3655,3484,3203,3462,3754,3395,3204,2773,2932,3603,-1
3446,3754,3390,3200,3388,3201,3389,3677,3203,3282,3234,-1
3232,3754,3388,3203,3462,3603,3445,3655,3233,-1,-1,-1
3237,3583,3581,3049,3582,3306,3236,3906,3787,3155,-1,-1
3712,3048,3604,3788,3237,3622,3049,3235,3710,3154,4178,-1
3235,3788,3236,3787,3582,3049,3712,3583,3581,3048,-1,-1
3834,3057,3981,3240,3058,3413,3290,3406,3241,-1,-1,-1
3612,3240,3296,3241,3295,3294,3981,3533,-1,-1,-1,-1
3981,3241,3239,3238,3057,3294,3612,3413,3059,-1,-1,-1
3612,3059,3057,3240,3056,3239,3224,3295,3022,3238,-1,-1
3679,3786,3243,4070,2955,3923,3244,3681,-1,-1,-1,-1
3785,3786,2955,3073,3242,3442,2822,2820,3923,2954,3443,-1
3679,2955,3611,2815,2816,3242,2954,3361,3681,-1,-1,-1
1945,1917,1944,1845,1843,1952,1749,2255,1774,1946,-1,-1
3985,3682,3247,2995,3362,2994,3361,3364,3248,-1,-1,-1
3985,3246,3363,3248,3364,2994,3407,3362,3083,3457,3897,-1
3083,3407,3247,3363,2994,3408,2992,3707,3084,3409,3364,3246
3656,3251,3315,3336,3104,3337,3280,3102,3250,3313,-1,-1
2999,3656,3147,713,715,3280,710,3104,717,3249,3315,-1
3335,3249,3102,3337,3104,3338,3336,3411,3656,-1,-1,-1
3253,2977,2958,2956,3519,3113,3520,3254,2886,2840,2957,3348
3348,3252,2956,3520,3519,3254,2958,3539,3084,3521,3113,3179
2956,3348,3084,3179,3253,2993,2957,2992,3252,3520,3539,2958
4270,3197,3304,3196,3258,3305,3487,3600,3256,4100,-1,-1
3257,3812,4069,4068,3197,3258,3255,3187,3601,3602,3667,-1
3187,3256,4069,3197,3667,3305,3188,4034,4068,-1,-1,-1
4270,3255,3602,3256,3812,3197,3600,3731,3601,3304,-1,-1
3260,3262,3957,3164,3208,3261,3532,2947,3165,2961,-1,-1
3259,2947,2961,3164,3208,3125,2644,3262,3957,2946,3261,-1
3668,3262,3934,3208,3259,3209,3312,3532,4278,3957,3933,3260
3261,3259,3532,3957,3934,3208,3668,3865,3260,3164,3229,-1
3264,3265,3339,3340,3341,3052,3350,-1,-1,-1,-1,-1
3913,3263,3580,3110,3052,3340,3265,4143,-1,-1,-1,-1
3350,2808,3263,4262,3052,3339,3506,3264,2810,3349,-1,-1
3219,3450,3176,3449,3267,2970,3448,3425,4394,3485,-1,-1
4200,3266,3485,3219,3448,3450,3616,3220,3615,-1,-1,-1
2755,4213,4742,3659,2741,2740,3061,3689,-1,-1,-1,-1
3157,3207,3205,3206,2719,3291,3714,2721,3289,3288,3365,-1
2826,3347,3068,3142,2966,3069,2965,2803,2904,-1,-1,-1
3272,3393,3002,3392,3016,3468,3001,3225,3557,2839,2722,-1
3393,3557,3271,3392,3225,3226,3002,2839,3596,-1,-1,-1
3729,2822,2967,2821,3442,3274,3785,2819,3220,2968,-1,-1
3440,3273,2967,3220,3443,3442,3441,3729,2822,3485,-1,-1
3276,3032,2906,3318,2907,3317,3320,3472,2910,-1,-1,-1
3191,2907,3275,3168,3317,3382,2906,3189,2908,3318,-1,-1
3100,3278,3426,3678,2990,3115,3376,3140,3116,3719,-1,-1
3540,3277,3426,3140,2990,3592,3990,3397,3678,3115,-1,-1
707,2973,2547,3055,708,705,2581,3045,3147,703,710,2546
3147,3656,3316,3315,3055,3250,710,708,3249,713,3313,3045
3562,3282,3705,2949,3201,3123,3768,3677,4249,2891,-1,-1
3201,2891,2949,3281,3200,3446,2894,3677,3705,2892,3233,-1
3162,3379,3163,3377,3285,3286,3378,3538,3328,3815,3230,-1
3163,3124,3537,3112,3328,3126,3286,3162,2863,3159,3125,-1
3538,3283,3630,3378,3286,3402,3159,3377,3163,3633,-1,-1
3163,3159,3538,3537,3283,3284,3285,3162,3633,3112,3328,3152
3107,3097,2931,3098,2401,3202,3031,2930,2402,-1,-1,-1
3206,3366,3070,3291,3290,3071,3157,3289,3207,2752,3058,3269
3414,3207,3714,3206,3290,3406,3834,3288,3269,3415,-1,-1
3834,3289,3288,3366,3058,3206,3238,3406,-1,-1,-1,-1
3157,3070,2752,3288,3206,2721,3269,3366,2751,3071,3207,-1
3416,3293,3231,2917,3480,2716,2920,2915,3439,3798,2918,3436
3292,3436,2917,3529,3439,3480,3798,3416,3231,3133,-1,-1
3981,3296,3547,3626,3239,3503,3240,-1,-1,-1,-1,-1
3517,3612,3533,3239,3224,3515,3296,3525,3241,-1,-1,-1
3533,3239,3548,3294,3547,3295,3526,3517,3625,3612,-1,-1
2334,2336,583,2516,2007,2057,582,585,2446,581,2333,587
3027,3065,3067,3300,3777,3066,747,3301,749,3028,-1,-1
3064,3543,4095,4037,3301,4094,3066,755,753,4097,757,4367
3298,4194,3301,3777,4113,3775,3066,3065,3027,-1,-1,-1
4095,3066,4113,3299,3300,4114,3298,3064,4194,4037,3027,-1
3172,2901,3216,3146,2889,3428,3144,2881,3173,2880,2903,2887
4100,3026,3096,3304,3767,3153,3196,3099,3487,2687,-1,-1
4100,3255,4270,3196,3487,3303,3096,3600,3099,3026,3197,3258
3024,3187,3197,2885,3196,2884,3255,3257,3188,-1,-1,-1
3583,3307,3581,3832,3629,3831,3155,3235,3628,-1,-1,-1
3628,3155,3306,3629,2914,3583,2913,3689,2911,-1,-1,-1
3755,3310,3120,3368,2844,3309,3114,2672,3113,3367,-1,-1
3132,3588,3310,3688,3120,3308,3118,3131,3687,3367,-1,-1
3308,3309,3588,3367,3368,3120,3755,3521,3132,-1,-1,-1
3312,660,3081,3121,658,3797,662,4278,656,664,3668,3080
3668,3121,3311,3209,4278,3797,3261,662,2996,660,3208,664
3315,3149,3314,3386,3316,3336,3423,3280,3045,3249,3610,-1
3423,3149,3313,3148,3044,3386,3610,3210,3316,3045,3092,-1
3656,3313,3249,3280,3316,3336,3149,3250,3386,-1,-1,-1
3149,3280,3315,3045,3055,3313,3314,2973,3147,3656,3044,-1
3276,3382,3381,3380,3275,3319,3318,3191,3189,-1,-1,-1
3472,3319,3275,3320,3471,3317,3470,3032,3381,3490,3276,-1
3381,3470,3318,3391,3471,3317,3472,4107,3380,-1,-1,-1
3472,3495,3032,3318,3275,2945,3490,2906,3471,3131,3119,-1
3144,3323,3143,3360,3217,3322,3422,3216,3146,3358,-1,-1
3323,3475,3324,3359,3217,3321,3474,3218,3572,3358,-1,-1
3321,3322,3359,3360,3358,3217,3144,3143,3420,3475,3324,-1
3218,3322,3572,3215,3475,3217,3575,3129,3214,3323,-1,-1
3010,3345,3327,2979,3371,4601,2980,3062,3552,3009,3370,3369
3398,3372,4601,3512,3009,3010,3011,3458,3558,3369,3513,4600
3325,3370,3369,4601,3371,3010,3345,3551,3550,3372,-1,-1
3162,3126,3163,3165,3284,3230,3379,3124,3283,3125,3164,3286
610,612,3587,608,3770,3701,614,606,3129,-1,-1,-1
3563,3621,3122,3593,3594,3123,3202,3562,3781,-1,-1,-1
2639,2789,2713,2640,2671,3332,2790,2714,2982,3690,2521,-1
2639,2472,2433,2671,2521,3331,2214,2670,2520,2640,-1,-1
3043,7213,3334,3514,3343,2941,3222,3039,3040,3193,3192,3342
3222,7213,3333,2943,3192,2941,2942,3043,3514,2542,3193,3418
3411,3251,3338,4009,3337,3102,4008,3410,-1,-1,-1,-1
3249,3337,3315,3387,3313,3386,3251,3656,-1,-1,-1,-1
3411,3335,3410,3336,3387,3251,3249,4008,4009,-1,-1,-1
3335,3431,3102,4009,3105,3862,3251,3411,2997,-1,-1,-1
3350,3341,3349,3263,3351,3265,3506,4262,-1,-1,-1,-1
3579,3577,3341,3263,3580,3578,3264,-1,-1,-1,-1,-1
3578,3339,3351,3340,3263,3695,3579,3955,-1,-1,-1,-1
3666,3343,3514,3765,3199,3665,3039,3764,3766,3333,3043,3344
3039,3043,3342,3514,3333,3199,3040,3765,7213,3666,3042,2941
3482,3198,3199,2936,3665,3483,3138,3342,-1,-1,-1,-1
3552,3325,2980,2979,3371,3010,3327,3063,2849,3619,3620,3062
3556,3506,3605,3060,3000,3509,2981,3505,3226,4262,3350,3349
2803,3069,3270,3142,2805,2757,3068,3571,2585,-1,-1,-1
3253,3539,3520,3254,3084,2956,3408,3519,3541,3252,2993,3521
4285,3350,3605,3339,3351,3504,3506,3505,3346,3507,3265,3901
3506,3339,3265,4262,3349,3605,2808,3263,3351,3346,3000,4285
3504,3901,3341,3339,3349,3695,4285,3578,3350,-1,-1,-1
3101,3374,3019,3174,3373,4286,3375,3376,4288,2800,3018,-1
3642,3137,3135,3185,3481,3355,3354,3483,3138,3641,-1,-1
3642,3936,3356,3977,3641,3185,3353,3481,3357,3856,3938,3839
3135,3184,3136,3005,3185,3353,3461,3357,3138,3137,3003,-1
3357,3354,3936,3839,3459,3185,3642,3460,3938,-1,-1,-1
3460,3356,3184,3185,3459,3355,3354,3461,3854,-1,-1,-1
3420,3561,3360,3359,3323,3536,3473,3421,3321,3584,3586,3322
3474,3323,3473,3358,3322,3561,3475,3576,3360,-1,-1,-1
3422,3321,3420,3358,3323,3421,3143,3075,3077,3144,3359,-1
3682,2815,2817,2995,3611,3246,2960,3244,-1,-1,-1,-1
3985,3680,3682,3897,4033,3246,3364,3247,3611,4624,-1,-1
3407,3457,3364,3247,3248,3409,3433,3985,3707,3758,3083,3408
3985,3457,3363,3897,3758,3247,3362,3246,3455,3248,-1,-1
3489,3714,3205,3488,3469,3190,3207,3189,3414,3269,-1,-1
3288,3221,3071,3058,3070,3290,3206,3291,-1,-1,-1,-1
3521,3310,3589,3541,3588,3833,3368,3309,3308,-1,-1,-1
3521,3755,3308,3519,3310,3367,3113,3520,3114,3541,2844,-1
3825,3327,4600,3372,3370,4601,3550,3326,3325,4368,3824,-1
3327,3551,3550,3549,3369,3371,3823,3825,3325,-1,-1,-1
3345,3327,3325,3551,3619,3370,3552,3618,2979,2980,3745,-1
3326,4600,3512,4601,3369,3513,3398,3825,4495,3327,3009,-1
3375,3352,3374,4288,3101,4190,3376,3647,3019,-1,-1,-1
3352,4286,3373,3647,4288,3174,3101,3019,3598,-1,-1,-1
3678,3373,3376,4190,3101,3597,3426,3352,4288,3100,-1,-1
3101,3719,3100,3678,3375,2800,3277,3373,3019,3352,3116,-1
3379,3405,3283,3378,3815,3162,3403,3569,3285,3230,-1,-1
3377,3403,3285,3404,3283,3402,3405,3379,-1,-1,-1,-1
3162,3377,3815,3230,3283,3163,3328,3405,3228,3378,-1,-1
3382,3381,3746,3763,3317,3748,3189,3191,3319,3391,-1,-1
3380,3319,3391,3746,3317,3382,3470,3318,3747,-1,-1,-1
3380,3189,3191,3763,3317,3276,3489,3381,3168,3746,3190,-1
3599,3385,3384,3182,3419,3643,3524,4656,-1,-1,-1,-1
2983,3383,3182,3089,4656,3419,2987,3385,3599,3167,-1,-1
3524,3182,3383,3181,3643,3522,3516,3384,3599,3167,-1,-1
3610,3313,3423,3387,3314,3336,3567,3210,3565,3149,3315,-1
3337,3410,3567,3835,3386,3336,3610,3411,-1,-1,-1,-1
3445,3390,3754,3234,3233,3444,3603,3446,3531,3203,-1,-1
3447,3677,3446,3390,3951,3952,3201,3233,3705,3444,4993,-1
3446,3389,3444,3233,3447,3388,3677,3754,3445,4993,3201,3952
4133,3381,3470,4107,3319,3747,3746,4134,3380,4215,4135,-1
3271,3272,3468,3638,3596,3557,3016,3393,-1,-1,-1,-1
3272,3002,3271,3225,2839,2722,3557,3392,2836,3226,3016,3001
5785,3397,3395,3139,3462,3463,3464,3603,3140,2927,3396,-1
2927,3394,3462,3139,3484,3396,5785,3232,2928,3397,-1,-1
2896,3139,2991,2927,3395,2898,3140,2928,3394,3397,-1,-1
3140,3463,3394,3139,3540,5785,3990,2991,3278,3395,3396,2990
3458,3326,3512,3011,3558,3009,3801,278,3372,276,4601,-1
3078,3699,3401,4830,3497,3400,3076,3696,-1,-1,-1,-1
3078,3136,3007,3461,3699,3399,3003,-1,-1,-1,-1,-1
3076,4830,3399,3465,3078,3496,3075,3497,3008,-1,-1,-1
3733,3404,3630,3734,3285,3735,3378,3538,-1,-1,-1,-1
4022,3850,3404,3720,3378,3405,3377,3940,-1,-1,-1,-1
3850,3735,3403,3402,3847,3378,4022,3733,-1,-1,-1,-1
3377,3569,3403,3720,3815,3721,3378,3379,4022,-1,-1,-1
3834,3414,3413,3289,3415,3412,3290,3238,-1,-1,-1,-1
3707,3248,3363,3409,3408,3083,3247,3435,3457,3433,3708,-1
3707,3407,3539,3083,3084,3248,3708,3348,3409,2992,3435,3363
3433,3407,3707,3363,3434,3457,3435,3454,3248,3455,3408,-1
3411,4060,3337,3835,4008,3387,3918,3335,4009,-1,-1,-1
3335,4008,3410,3337,4009,4060,3338,3251,3860,3387,-1,-1
3501,3808,3413,3415,3502,3406,3503,3807,3809,-1,-1,-1
3834,3981,3503,3406,3412,3238,3240,-1,-1,-1,-1,-1
3415,3714,3289,3406,3469,3207,4021,3365,3807,-1,-1,-1
3414,3807,4021,3406,3469,3412,3808,3714,4005,3289,-1,-1
3292,2716,2918,2920,3231,3480,2917,3417,3293,2921,2855,2717
3623,2920,2988,3711,3480,2921,3416,3439,3713,3622,-1,-1
3195,2943,2735,2734,3178,3192,3706,2942,2969,3175,3334,-1
4286,3599,3384,3383,3089,3174,3598,-1,-1,-1,-1,-1
3421,3358,3536,3586,3360,3422,3561,3535,3465,3075,3323,-1
3420,3422,3075,3586,3465,3360,3076,3077,3358,3536,3143,-1
3077,3075,3360,3421,3143,3420,3321,3008,3006,3076,3465,3427
3314,3610,3210,3148,3386,3313,3565,3149,3128,3044,3567,-1
3764,3194,3765,3870,3425,3852,3193,3666,3766,3514,-1,-1
3176,3194,3852,3424,3177,3449,3266,3870,3853,2970,3175,-1
3678,3278,3592,3277,3597,3375,3100,3540,-1,-1,-1,-1
3008,3077,3145,3004,3006,3007,3428,3075,3078,2935,3143,3422
2901,3145,3006,2903,3146,3302,3427,2935,3143,2887,2902,3144
3438,3015,3430,3016,3468,3001,3133,3437,3466,-1,-1,-1
3429,3529,3436,3015,3437,3133,3438,4080,-1,-1,-1,-1
3105,3161,3862,3432,3338,3103,4009,3102,3493,2952,-1,-1
3103,3431,3161,2952,3105,2770,2940,3034,3862,-1,-1,-1
3409,3454,3455,3457,3434,3456,3363,3435,3758,3407,-1,-1
3433,3454,3553,3435,3409,3554,3707,3455,3759,3457,3555,-1
3707,3553,3434,3709,3708,3409,3407,3645,3433,3408,-1,-1
3133,3293,3529,3798,3430,2917,3015,3439,3292,-1,-1,-1
4080,3466,3528,3529,3527,3430,3438,3429,-1,-1,-1,-1
3429,3466,3468,3437,3467,3430,3016,3015,-1,-1,-1,-1
4080,3529,3480,3623,3948,3293,3417,3292,3436,3527,-1,-1
3683,3274,3485,3220,3441,3616,2967,3443,3219,-1,-1,-1
3440,3443,3959,3683,3685,3684,3274,-1,-1,-1,-1,-1
2822,3786,3785,3273,3443,3243,3274,2821,-1,-1,-1,-1
3786,3441,3442,3685,3923,3274,3440,3959,3243,-1,-1,-1
3531,3445,3390,3447,3530,4993,3388,3389,5022,3952,3446,-1
3531,3603,5022,3388,3444,3390,3234,3464,3530,5785,3657,-1
3389,3233,3677,3201,3390,3447,3705,3200,3282,3754,3951,3388
3389,3952,4993,3390,3444,3951,3446,3677,4479,3530,4481,-1
4200,3450,3617,3613,3615,3267,3266,3616,3653,4394,3614,-1
3266,3853,3852,3450,3176,3425,4394,3893,3219,-1,-1,-1
3266,3448,4394,3613,3449,3267,3853,4200,3219,3176,3617,-1
2837,2795,2768,2664,3704,2665,2796,2723,3690,3030,2836,-1
3065,3453,3635,3028,3777,3086,3498,2831,3067,-1,-1,-1
3086,2951,3452,3498,3491,3500,3033,3635,2831,2953,3028,-1
3433,3456,3759,3434,3455,3554,3982,3409,3457,3553,-1,-1
3433,3456,3457,3757,3758,3454,3409,3364,3983,3434,3896,3982
3982,3455,3454,3983,3757,3759,3433,5060,3896,4434,-1,-1
3433,3363,3455,3364,3758,3409,3407,3757,3454,3247,3897,3434
3801,278,3398,276,3558,3011,280,3512,274,2833,3326,282
3357,3854,4301,3356,3460,3839,4283,-1,-1,-1,-1,-1
3357,3855,3184,3854,3461,3459,3723,3356,-1,-1,-1,-1
3184,3855,3136,3699,3460,3400,3355,3357,-1,-1,-1,-1
3395,3232,5785,3234,3603,3394,3484,2927,-1,-1,-1,-1
3397,3464,5785,3990,3540,3394,3799,3658,3140,3139,-1,-1
5022,5785,3658,3463,3799,3603,3394,3445,3531,3657,-1,-1
3076,3586,3401,3421,3075,3496,4343,3420,4830,3535,3422,-1
3528,3438,3546,3467,3437,3545,3468,3527,3429,3637,-1,-1
3468,3818,3466,3546,3637,3638,3438,5201,-1,-1,-1,-1
3467,3638,3392,3016,3438,3271,3429,3818,3466,-1,-1,-1
4021,3488,3714,3414,3365,3415,3965,4187,3489,3807,4005,-1
4107,3319,3471,4108,3391,4212,4133,3381,3837,4135,3318,3472
3472,3837,3470,3318,3319,4108,3490,4107,3320,4257,-1,-1
3471,3490,3320,3318,3495,3837,3319,3275,3470,3032,-1,-1
5005,3561,3474,3672,3576,3359,3584,3358,3671,3574,3743,-1
3473,3359,3576,3574,3475,5005,3322,3561,3575,3947,-1,-1
3322,3575,3474,3324,3574,3572,3359,3573,3323,3576,-1,-1
3211,3478,3568,3518,3212,3565,4027,3477,-1,-1,-1,-1
5345,3479,3478,3212,3976,4026,4011,3476,4052,4027,3127,4356
3476,4027,3477,3568,3212,4026,5345,3211,3479,-1,-1,-1
3127,3477,4356,3976,3212,3627,5345,3128,3091,3478,-1,-1
3292,3417,3439,3416,2920,3623,3293,-1,-1,-1,-1,-1
3642,3353,3483,3640,3641,3137,3639,3354,-1,-1,-1,-1
3344,3483,3137,3138,2936,3665,3198,2938,3135,-1,-1,-1
3137,3640,3482,3481,3665,3353,3766,3344,3138,3666,-1,-1
3232,3395,2773,2927,3655,2928,3462,-1,-1,-1,-1,-1
3616,3440,3220,3267,3219,3683,4200,3266,3664,3274,2970,-1
3781,3487,3730,3099,3593,3095,3600,4100,4270,3778,-1,-1
4100,4270,3486,3304,3600,3099,3730,3255,3096,3303,-1,-1
3489,3965,3365,3469,3763,3189,4021,4187,3714,3748,3190,-1
3189,3488,3365,3190,3763,3382,3191,3205,3469,3965,3714,-1
3472,3736,3837,3495,3131,3471,3320,3836,3318,-1,-1,-1
3500,3033,3453,2951,3492,3498,3499,3634,-1,-1,-1,-1
4315,3033,3491,3784,3493,3034,3499,4043,3500,3783,2951,-1
3034,4315,3783,3161,3492,3862,4043,3033,3431,2952,3860,-1
3053,3560,3109,3188,2745,3051,2807,3667,2809,3110,3510,-1
3320,3131,3119,2945,3490,3472,3032,3132,3736,-1,-1,-1
4830,4692,3401,4343,3465,3698,3076,3497,3586,-1,-1,-1
4830,3697,3696,4557,3399,3699,3698,3401,3496,3722,-1,-1
3500,3635,3453,3634,3491,3452,3776,3499,-1,-1,-1,-1
3500,3784,3921,3634,3491,3492,4163,4315,3498,-1,-1,-1
3634,3491,3498,3499,3453,3921,3776,3492,3635,-1,-1,-1
3809,3808,3502,3412,3914,3810,3503,3807,460,457,3660,4006
3501,3914,3503,3809,3660,3626,3412,457,3808,455,3624,-1
3502,3981,3626,3413,3294,3412,3501,3660,-1,-1,-1,-1
4285,3901,3351,3507,3694,3349,3505,3605,3695,3900,-1,-1
4285,3509,3605,3507,3508,3504,3349,3346,3557,3556,-1,-1
3350,3346,3605,4262,3000,3349,3265,4285,3060,3556,3339,-1
3505,4285,3694,3504,3508,3595,3901,3605,3509,3349,-1,-1
3505,3507,3596,3557,3509,3595,4285,3605,-1,-1,-1,-1
3505,3556,3226,3605,3346,3508,3557,4285,2981,3507,-1,-1
3560,4036,4034,3109,3511,4035,3667,4150,3494,-1,-1,-1
3109,4143,3913,3110,4035,3510,4125,3560,4036,3051,3997,-1
3558,3326,3398,3372,3513,3559,3458,4600,3636,274,-1,-1
4495,3559,4773,3512,4600,3372,4437,3558,4368,3636,3326,-1
3765,7213,3343,3333,3342,3193,3043,3666,3334,3764,3039,3424
3517,3224,3183,2871,2872,3295,3525,3612,3167,3223,-1,-1
3525,3523,3524,3526,3181,3522,3533,3517,442,3385,3183,444
3525,3295,3515,3183,3533,3224,3516,3181,3526,3612,3296,-1
3565,3700,3476,3211,3566,3568,3567,3610,-1,-1,-1,-1
3520,3521,3113,3253,3252,3368,3755,3348,3541,2977,2956,-1
3348,3521,3519,3253,3539,3541,3252,3368,3254,3708,3084,-1
3368,3520,3541,3519,3367,3310,3253,3539,3589,3113,3755,3348
3524,440,438,3523,3643,442,435,3516,3385,-1,-1,-1
442,3516,3522,440,444,3524,3526,3625,446,438,3525,3181
3522,3385,3516,3523,3181,3643,440,3525,438,3182,442,3383
3516,3517,3533,3183,3526,3181,3523,3524,3515,3295,-1,-1
3625,3533,3516,3523,444,3525,3548,446,442,447,3517,3296
4080,3528,3591,3948,3944,3437,3728,3439,3466,-1,-1,-1
3466,3545,3527,3546,3591,3437,4080,3590,-1,-1,-1,-1
4080,3436,3439,3430,3293,3437,3948,3133,-1,-1,-1,-1
3531,4781,4993,3444,3657,4724,3445,5022,3447,4284,-1,-1
5022,3445,3530,3444,3657,3658,4781,4993,3603,3388,3464,-1
3865,3262,3957,3229,3651,3934,3261,3259,4706,3866,-1,-1
3526,3296,3517,3525,3295,3548,3625,3516,3239,-1,-1,-1
1617,1658,1547,1555,1655,1609,1546,1656,1545,1660,1544,-1
3909,3586,3585,3536,4343,3584,3420,4345,3673,3465,3908,-1
3420,3584,3535,3561,3586,3585,3358,3421,3672,3909,-1,-1
3159,3112,3286,3284,3152,3163,3538,3124,3633,3087,2863,-1
3159,3285,3630,3633,3286,3537,3283,3158,3152,3402,3163,3151
3348,3520,3408,3708,3541,3084,3707,3253,3521,3254,3083,-1
3990,3278,3397,3140,3463,3592,3426,2990,3800,3799,-1,-1
3521,3520,3589,3708,3539,3367,3348,3519,3709,3368,-1,-1
2609,2912,2787,2608,2854,2853,2919,2911,3047,2598,2788,-1
757,755,3299,4094,4367,3064,759,753,4037,4095,-1,-1
3111,3949,3038,3150,3088,3151,3091,3036,3037,3152,-1,-1
3608,3546,3590,3528,3591,3693,3607,3466,3637,-1,-1,-1
3545,3466,3637,3467,3528,3693,3608,3818,-1,-1,-1,-1
3548,3626,3922,3624,3296,3294,447,3660,3625,-1,-1,-1
3625,3547,447,3922,3296,3526,3533,446,444,3624,-1,-1
3823,3550,3370,3894,3551,3821,3899,3824,3745,-1,-1,-1
3825,3549,3824,3370,3369,3821,4368,3822,3327,4600,3551,3823
3823,3370,3745,3371,3549,3619,3327,3899,3550,3674,-1,-1
3345,3618,3620,2980,3619,3063,3371,2979,3675,3325,3676,-1
3645,3434,3555,3435,3709,3554,3454,-1,-1,-1,-1,-1
3759,3555,3454,3553,3434,3644,3963,3753,-1,-1,-1,-1
3753,3645,3553,3644,3554,3646,4208,3709,3749,3434,-1,-1
2981,3346,3226,3509,3060,3605,2890,2982,3506,3505,3000,3225
3272,3508,3226,3509,3596,3392,3225,3393,3505,3271,-1,-1
274,3512,276,3458,3636,3559,3398,272,278,3513,3326,3801
3636,3513,3558,4437,4438,3512,272,274,4773,270,4495,-1
3494,3109,3667,3188,3510,4034,3511,2745,3187,3051,3053,-1
3473,3584,3358,3672,3536,3359,3420,5005,3474,3585,3670,-1
4249,3281,3563,3123,3768,3705,3779,4059,3330,2949,-1,-1
4249,3330,3562,3594,3779,3123,3768,4059,3122,3780,3593,-1
3918,3716,3700,3835,3828,3830,4060,4834,3566,-1,-1,-1
3610,3211,3210,3567,3518,3423,3476,3700,3128,3386,-1,-1
3718,3716,3568,3715,3700,3518,3717,3564,-1,-1,-1,-1
3565,3610,3387,3700,3835,3386,3518,3210,3423,-1,-1,-1
3718,3476,4027,3478,3566,3518,3851,3715,-1,-1,-1,-1
3814,3721,3815,3405,3875,3377,3228,3720,3816,-1,-1,-1
2617,2616,2699,2698,2613,2717,2642,2612,2619,-1,-1,-1
2814,2827,3069,2805,2875,2960,3347,2825,3068,-1,-1,-1
3575,3324,3215,3129,3475,3587,3573,3218,606,608,3322,3130
3575,3701,3702,3574,3587,3770,3703,3572,3475,3771,3947,612
3474,3573,3576,3575,3702,3475,3947,3473,3701,-1,-1,-1
3573,3572,3475,3574,3587,3701,3324,3702,3474,3129,-1,-1
5005,3474,3947,3473,3574,3743,3672,3671,3702,3359,3475,-1
3579,4846,3995,3994,3340,3580,3996,3997,3578,4087,-1,-1
3579,3341,3955,4087,3695,3340,3351,3577,3994,-1,-1,-1
3577,3578,4087,3994,3340,3955,3995,3341,4082,-1,-1,-1
3997,3913,4846,3264,3577,3340,4143,4124,-1,-1,-1,-1
3235,3583,3906,3831,3306,3582,4817,3832,3237,3049,-1,-1
3235,3905,3237,3581,3906,3787,3904,-1,-1,-1,-1,-1
3235,3155,3581,3306,3049,3307,3154,3237,3831,-1,-1,-1
3585,3672,3561,3536,3670,3535,3473,3673,5005,3671,3358,3909
3584,3673,3535,3909,3536,3670,3672,3908,3561,3586,-1,-1
3535,3420,3421,3465,3536,4343,3909,3075,3585,3358,3496,-1
3329,610,608,3573,3575,3701,612,3572,3129,3770,606,-1
3309,3833,3687,3310,3688,3367,3132,3752,-1,-1,-1,-1
3541,3709,3750,3367,3833,3708,3645,3521,-1,-1,-1,-1
3608,3545,3609,3607,3726,3591,3692,3528,3728,3606,-1,-1
3527,3728,3609,3590,3528,3944,3545,-1,-1,-1,-1,-1
3426,3800,3990,3278,3540,4188,3597,-1,-1,-1,-1,-1
3781,3621,3095,3330,3594,3486,3099,3563,3730,3778,-1,-1
3781,3779,3563,3780,3778,3593,3330,4249,3730,-1,-1,-1
4358,3507,3694,3508,3842,3596,3903,-1,-1,-1,-1,-1
3508,3638,3842,3392,3595,3557,3818,3272,-1,-1,-1,-1
3426,4190,3678,3375,4188,4189,3592,-1,-1,-1,-1,-1
4286,3599,3649,3647,3650,3648,3419,3374,-1,-1,-1,-1
3383,3648,3598,3419,3643,3385,4286,3384,3649,-1,-1,-1
4270,3731,3730,3487,3258,3602,3486,3732,3255,3304,3781,3813
3812,3811,4167,3984,3602,3980,4068,3813,3258,3731,3256,4486
3731,3601,3812,3811,3258,3813,3600,3732,4270,3730,3256,-1
3445,5785,5022,3462,3234,3388,3464,3531,3394,3232,-1,-1
3712,3622,3710,3711,3236,3048,4178,3788,2988,3713,-1,-1
4285,3505,3346,3506,3349,3509,3556,3350,3504,3507,3508,-1
3724,3725,3726,3609,3727,3738,3728,3739,3590,-1,-1,-1
3692,3608,3691,3802,3590,3726,3739,3545,3891,3693,3804,-1
3607,3545,3693,3691,3590,3546,3802,3692,3726,3803,-1,-1
3728,3590,3606,3727,3591,3726,3944,-1,-1,-1,-1,-1
3423,3565,3386,3210,3567,3314,3211,3387,3148,3518,3313,-1
3679,3682,3680,3244,3361,3681,2815,3362,-1,-1,-1,-1
3241,3224,3056,3295,3239,3059,3240,3223,3515,3517,3296,-1
3617,4394,3448,4002,3450,3654,3761,3615,-1,-1,-1,-1
3662,3615,4200,3664,3616,3663,3661,3846,3653,3448,-1,-1
3653,4200,3614,3617,3448,3661,3616,3652,3662,3613,3267,-1
4200,3485,3664,3683,3267,3614,3662,3440,3615,3448,-1,-1
3653,3613,3652,3448,3615,3654,4200,3450,-1,-1,-1,-1
3676,3620,3552,3675,3619,3674,3063,3689,3345,3659,3629,3371
3618,3674,3745,3371,3676,3552,3551,3345,3620,3898,-1,-1
3618,3063,3675,3552,3659,2980,3689,3676,3061,3345,3619,-1
3202,3330,3593,3098,3095,3122,3107,-1,-1,-1,-1,-1
3604,3048,2988,2989,3711,3236,3712,3710,3417,3154,-1,-1
3417,3948,3713,3439,3711,3480,4080,2920,3944,2988,-1,-1
3922,3660,453,451,3626,3547,455,449,447,3914,3548,3502
446,447,3548,3526,444,3922,3533,442,3523,449,3547,3516
3660,3547,3624,3503,3502,3294,3914,3922,453,3981,-1,-1
3160,4356,3976,3150,3632,3479,3151,4011,3158,3091,-1,-1
2913,3689,3307,4213,2914,3629,4742,3675,2788,3155,3306,-1
3689,3307,3628,3675,3676,3832,3306,3618,4213,-1,-1,-1
3538,3734,3285,3158,3633,3402,3159,3733,3631,3286,-1,-1
3734,3632,4010,3744,3158,4011,3733,3630,3160,3986,-1,-1
4011,3631,3627,3160,3158,3976,4010,5345,-1,-1,-1,-1
3159,3538,3151,3158,3630,3152,3160,3537,3286,3285,-1,-1
3500,3921,3776,4253,3499,3498,3491,3635,4066,-1,-1,-1
3498,3777,3775,3452,3776,3065,3774,3453,3634,3500,-1,-1
272,274,3559,4438,270,3558,276,4437,268,3512,4173,3513
3818,5201,3693,3546,3817,3467,3638,3545,4078,3842,3803,3466
3818,3468,3392,3596,3842,3467,5201,3637,-1,-1,-1,-1
3641,3791,3789,3640,3481,3790,3977,3766,3893,3642,-1,-1
3766,3483,3481,3791,3639,3665,3666,3870,3764,3137,3641,-1
3977,3639,3642,3354,3481,3790,3936,3856,3353,3789,3640,-1
3354,3353,3481,3641,3185,3977,3137,3356,3135,3936,3639,-1
3522,3385,435,3524,3599,438,3383,3648,433,440,-1,-1
3753,3963,3555,4208,4207,3554,-1,-1,-1,-1,-1,-1
3555,3709,3750,3553,3646,3753,3435,3589,3752,-1,-1,-1
3645,3753,3751,3749,3750,3752,3555,-1,-1,-1,-1,-1
3650,3374,4286,4288,4293,3598,3649,3373,4342,-1,-1,-1
433,3599,431,3649,435,3598,3643,4001,429,-1,-1,-1
4001,3650,431,3598,3648,429,3826,433,427,3647,4342,3599
3649,3647,4342,4293,3826,3598,4001,4288,-1,-1,-1,-1
3865,3876,3532,3228,3816,3229,3866,3814,-1,-1,-1,-1
4248,3653,3617,3762,3654,3669,4247,3615,-1,-1,-1,-1
3615,3652,3617,3661,3669,4248,3614,3448,-1,-1,-1,-1
3761,3652,3617,4002,3762,3613,3760,4248,-1,-1,-1,-1
2932,3232,3203,2773,3204,3484,3186,3234,2535,-1,-1,-1
3249,3250,3280,3315,3104,2999,3147,3316,3251,3336,-1,-1
3658,3531,4781,5022,3530,4118,3988,3445,3464,-1,-1,-1
5022,3464,3799,3657,3988,3531,3989,3463,-1,-1,-1,-1
3620,3689,4213,3675,3063,3268,3061,3618,2755,-1,-1,-1
3914,455,3624,453,3626,3502,457,451,3809,3547,3922,3503
3653,3844,3663,3669,3615,3614,3950,3662,-1,-1,-1,-1
3614,3846,3664,3663,3843,3616,3661,4200,3684,3615,3945,3683
3662,3843,3844,3661,3846,3614,3845,3664,3943,-1,-1,-1
3662,3683,3616,3846,3614,3684,4200,3663,3485,-1,-1,-1
3666,3483,3344,3342,3482,3766,3640,3199,3764,-1,-1,-1
3342,3764,3766,3765,3665,3514,3640,3870,3343,3424,3199,3483
3560,3257,4034,4069,3188,3187,3510,3494,4036,3256,-1,-1
3261,3312,4278,3209,3934,3208,3262,3121,3933,3311,-1,-1
4248,3653,4247,4246,3950,3652,3661,3844,-1,-1,-1,-1
3584,3672,3840,3673,3795,3671,3585,5005,3841,3561,-1,-1
3840,5005,3672,3743,3741,3670,3742,3576,3473,3584,3795,-1
3584,5005,3473,3671,3670,3561,3585,3576,3840,3536,3743,-1
3585,3841,3908,3670,3909,3795,3584,3930,3929,3535,-1,-1
3676,3898,3745,3832,3619,3618,3831,4817,3551,3899,-1,-1
3689,3620,3618,3676,3629,3659,4213,3628,3552,3063,3832,-1
3618,3674,3832,3675,3629,3619,3620,3689,3898,3552,3745,-1
3389,3705,3446,3201,3951,3447,3390,4277,3233,3281,3282,3952
3426,3375,3376,3277,3100,3597,3101,3278,3719,4190,-1,-1
3681,4070,3244,3242,3611,4275,3680,2955,3923,-1,-1,-1
3362,3681,4624,3611,4033,3682,3679,3897,4275,3985,-1,-1
3679,4275,3680,4624,4070,3611,4533,4033,3242,4000,3244,-1
3361,3246,3362,3611,3680,2995,3985,2815,2817,-1,-1,-1
3440,3664,3616,3441,3485,3684,3220,3662,-1,-1,-1,-1
3959,3664,3846,3683,3958,3945,3441,3662,-1,-1,-1,-1
3959,3923,3443,4000,3998,3441,3786,4070,3958,-1,-1,-1
2004,2078,2006,2077,2150,2545,2021,2149,1723,-1,-1,-1
3880,3588,3838,3752,3688,3833,3309,3736,-1,-1,-1,-1
3309,3736,3687,3131,3132,3838,3588,-1,-1,-1,-1,-1
3675,4213,3628,3629,3659,2913,3620,3676,3307,4742,3618,3268
2795,2790,2858,3704,2789,2796,2982,3451,2837,2671,2836,2768
3802,3608,3804,3607,3803,3693,3692,3817,3805,-1,-1,-1
3739,3607,3802,3891,3726,3691,3725,3892,3740,3608,3590,3924
3608,3637,3691,3817,3546,3803,3545,3607,5201,-1,-1,-1
3507,3901,3903,3504,3900,3595,4285,3902,4358,-1,-1,-1
3901,3955,3351,3578,3956,3341,3900,3504,4087,-1,-1,-1
3723,3697,3699,3855,3497,3722,4557,3399,4282,3854,-1,-1
4557,3722,3696,3497,3970,3723,3698,4555,4556,4830,3699,-1
4557,4692,4830,3496,4556,3497,4691,3697,3970,-1,-1,-1
3399,3696,3855,3461,3400,3497,3723,3078,4830,3697,-1,-1
3564,3518,3716,3567,3835,3566,3565,3918,-1,-1,-1,-1
3770,3573,3771,3702,3703,614,612,3587,3575,3329,3574,617
3703,3947,3573,3701,3574,4166,3771,3770,3575,3576,3782,-1
3771,3702,4166,3782,3701,3770,617,614,3947,3573,4089,619
2837,3690,2795,2858,3451,2836,2723,2790,2890,2768,2664,2789
3677,4277,3768,3281,3951,3201,3389,3446,3562,3282,-1,-1
2729,2735,2765,3178,2730,2819,3418,2764,2731,2821,2576,-1
3407,3435,3408,3409,3708,3539,3248,3434,3363,3709,-1,-1
3707,3539,3541,3435,3709,3589,3408,3520,3407,-1,-1,-1
3645,3589,3435,3553,3750,3708,3707,3555,3541,-1,-1,-1
3604,3712,4178,3713,3819,3711,3622,3788,3236,3820,-1,-1
3604,3417,3710,3713,3622,2988,3623,3712,2920,-1,-1,-1
3604,3788,4178,3710,3236,3882,3622,3237,3711,3819,3048,-1
3710,3944,3623,3948,3711,3819,3728,3604,3417,-1,-1,-1
3207,3414,3365,3469,3289,3205,3269,3206,3488,3415,3489,-1
3718,3773,3772,3717,3566,3851,3568,3829,3887,-1,-1,-1
3564,3830,3566,3700,3828,3717,3918,3827,-1,-1,-1,-1
3830,3715,3827,3867,3829,3772,3716,3566,3718,-1,-1,-1
3715,3568,3566,3851,4027,3773,3717,-1,-1,-1,-1,-1
3100,2801,2800,3376,3116,3115,3101,3678,3277,2783,-1,-1
4022,3939,3403,3721,3940,3405,4047,3850,3569,-1,-1,-1
4047,3569,3720,3939,3875,4029,3405,3814,-1,-1,-1,-1
3697,4732,3723,3696,3970,4282,4555,4557,3497,-1,-1,-1
3696,4282,3855,3854,3722,3697,4732,3699,3460,4283,-1,-1
3881,3606,3727,3738,3820,3928,3883,4532,3725,-1,-1,-1
3739,3740,3738,3606,3737,3726,3692,3724,3892,-1,-1,-1
3692,3607,3606,3590,3725,3739,3609,3608,3740,-1,-1,-1
3728,3724,3606,3819,3609,3820,3881,3944,-1,-1,-1,-1
3944,3609,3727,3819,3591,3713,3527,3606,3590,3948,-1,-1
2819,2967,3273,2821,2968,2822,2969,2970,2765,3220,3274,3178
3781,3731,3732,3600,3778,3486,3487,3813,3594,3602,3877,3780
3732,3602,3600,3730,3813,3778,3811,3258,3877,4270,3781,3601
3731,3813,3778,3730,3877,3780,3781,3600,3602,3979,3811,-1
3849,3734,3735,3744,3402,3631,3404,3848,3630,3915,-1,-1
3733,3631,3630,3744,3158,3402,3849,3735,-1,-1,-1,-1
3733,3849,3847,3404,3848,3402,3916,3850,3734,3744,3915,-1
3838,3131,3490,3688,3836,3837,3495,3687,3132,-1,-1,-1
3740,3919,3927,3725,3920,3738,3739,3892,-1,-1,-1,-1
3725,3724,3928,3737,3606,3927,3881,3740,-1,-1,-1,-1
3692,3740,3725,3891,3892,3726,3802,3607,3737,3920,3606,-1
3739,3737,3892,3920,3725,3891,3919,3692,3738,5139,3726,-1
3796,3840,3743,3671,3742,3792,4028,5005,4088,-1,-1,-1
3840,3794,3793,3792,3741,3795,3671,3796,3929,4122,-1,-1
5005,3947,3671,3576,4028,3741,3672,3840,3473,4166,3796,-1
3849,3733,3986,3631,3915,3734,4010,3735,-1,-1,-1,-1
3674,3823,3551,3899,3898,3619,3912,3549,3676,3371,-1,-1
3380,3748,3381,3966,3747,3391,3763,3382,3964,-1,-1,-1
4215,3966,4133,3746,3391,4214,4134,480,3381,483,3748,-1
3964,3746,3763,3966,3965,3380,3967,4187,3488,3747,-1,-1
3753,4016,4208,3751,3646,4225,3961,3555,4229,-1,-1,-1
3645,3833,3752,3589,3709,3646,3751,-1,-1,-1,-1,-1
3961,3752,4016,3749,3880,3646,3753,3960,3750,3879,-1,-1
3751,3750,3880,3833,3687,3646,3961,3645,3588,-1,-1,-1
3555,4208,3749,3644,3646,3645,4207,3751,3554,4225,-1,-1
3203,3233,3234,3388,3200,3390,3232,3446,3204,-1,-1,-1
3308,3114,3368,3113,2844,2843,3519,3310,3120,2886,3521,-1
650,647,3863,5017,4076,654,4496,644,3080,4709,3987,4708
3896,3455,3758,3456,3983,3895,4003,4032,3457,3982,-1,-1
3757,3364,3897,3457,3455,3895,3896,3985,3433,3363,4033,-1
3982,3454,4434,3554,3456,3963,5060,4226,3434,-1,-1,-1
3761,3762,3993,3992,3991,3654,-1,-1,-1,-1,-1,-1
4002,3760,3992,3857,3654,3762,3993,3859,3858,3613,-1,-1
4248,3760,3652,3991,4291,3654,4247,3761,3993,-1,-1,-1
3382,3748,3380,3189,3488,3489,3965,3746,3191,-1,-1,-1
3666,3765,3870,3766,3424,3342,3791,3852,3514,3193,3640,3665
3764,3514,3666,3342,3193,3424,7213,3343,3766,3870,3194,3333
3666,3640,3764,3791,3870,3665,3765,3483,3342,3639,3424,-1
2687,3153,2777,2776,3303,3026,3096,2566,3094,-1,-1,-1
4249,4277,3562,3705,4059,4627,3281,3779,3563,-1,-1,-1
2417,2418,2501,2447,2430,2362,2500,2243,2380,-1,-1,-1
614,3701,612,3771,3703,617,3329,3573,3587,3702,610,3782
3703,614,3770,617,3701,3782,3702,4166,612,619,3573,-1
3829,3773,3888,3715,3717,3932,3867,3890,4093,-1,-1,-1
3887,3772,3715,3890,3888,3851,3718,4829,3829,-1,-1,-1
4066,4064,4067,3776,3775,3635,4194,4065,4253,4594,-1,-1
3774,3635,4194,3777,4064,3776,3300,-1,-1,-1,-1,-1
3774,3634,3635,4066,3498,4253,3775,3500,-1,-1,-1,-1
3065,3635,3298,3775,3300,3452,3067,4194,3028,-1,-1,-1
3780,3732,3781,3730,3877,3594,3731,3779,3813,3878,3486,3593
4249,3780,4059,3594,3563,3878,3778,3562,4628,3768,-1,-1
3778,3779,3878,3877,3594,3732,3781,4059,4057,4249,3730,3563
3730,3778,3593,3486,3594,3732,3780,3600,3731,3330,3095,-1
619,6467,3703,617,3771,4166,4089,4490,621,614,3702,4199
3493,4315,4043,3861,3860,3862,3161,3492,3784,4102,4040,-1
4043,4315,3499,4040,4163,3492,3921,3783,-1,-1,-1,-1
2822,3243,3073,2820,3442,3786,2821,3273,2955,-1,-1,-1
3243,3923,3443,3442,3242,3785,4070,3685,2955,-1,-1,-1
3904,3788,3237,3882,4305,3582,3883,3235,-1,-1,-1,-1
3712,3882,3237,3787,4178,3236,3604,3710,3883,-1,-1,-1
3893,3859,3791,3639,3790,3853,3870,3857,3641,-1,-1,-1
3789,3977,3856,3857,3858,3639,3641,3859,-1,-1,-1,-1
3870,3639,3789,3766,3893,3640,3764,3852,-1,-1,-1,-1
3796,3794,4181,3742,4123,3741,4122,4088,3840,3793,-1,-1
3929,3794,3742,3972,4121,3795,4122,3840,3841,3792,-1,-1
4122,3792,3742,3793,4121,4123,4202,4182,4181,-1,-1,-1
3929,3840,3670,3793,3841,3742,3673,3671,3972,-1,-1,-1
4088,3792,3741,4181,4028,4264,3742,3743,4089,4263,4123,-1
3081,4278,3987,4075,3311,3080,3312,3933,656,4074,658,-1
2916,2917,3436,3133,2748,2749,3293,2915,3292,2869,-1,-1
3658,3990,3989,3463,3464,3800,3988,3540,5022,-1,-1,-1
3989,3990,4477,3592,4188,3799,4119,3540,-1,-1,-1,-1
280,278,3458,3011,2833,282,3398,276,285,2832,3558,3009
3692,3891,3804,3691,3607,3924,3739,4216,3608,3803,3926,3892
3817,3804,3691,3805,3907,3693,4216,3802,4078,5201,3608,3637
4216,3802,3803,3691,3805,3924,6029,4204,3891,3607,3692,-1
4216,3804,4204,4079,3803,3907,6029,4472,3924,3817,3691,-1
2318,2198,2317,2602,2316,2461,2197,2196,2420,2550,2179,-1
3808,3415,4005,4021,4006,3412,3810,3501,4187,3469,3809,3414
3810,3501,3807,3809,4006,3412,460,463,3415,4005,3502,3914
3501,3914,3810,460,457,3808,3502,463,455,3412,3660,4006
463,460,3808,4006,3809,3501,3807,457,467,4005,3914,5200
3813,3601,3980,3984,3602,3979,3731,4167,3812,4313,3732,4266
3601,3256,4068,3602,4167,3258,3811,4069,3984,-1,-1,-1
3732,3811,3731,3979,3602,3877,3980,3601,3730,3778,3600,-1
3569,3228,3816,3815,3875,3874,3721,3651,3230,-1,-1,-1
3379,3569,3814,3377,3230,3228,3405,3162,3283,-1,-1,-1
3814,3876,3874,3651,3228,3864,3875,3569,-1,-1,-1,-1
5201,3803,4078,3637,3693,3907,3818,3691,3805,3842,-1,-1
5201,3638,3637,3467,3842,3817,3468,4078,3546,3596,-1,-1
3710,3728,3727,3713,3820,4178,3944,3712,-1,-1,-1,-1
3881,4178,3883,3727,3724,3819,3882,4532,3710,-1,-1,-1
3822,4055,3824,3549,3894,3550,4056,4054,4243,3823,-1,-1
4054,3821,3824,4369,4056,4779,4055,3550,4197,4368,-1,-1
3899,3549,3551,3745,3894,3910,3370,3912,3821,3550,-1,-1
3822,3825,3550,4368,4369,3821,4054,4600,3549,3369,-1,-1
3550,4600,4368,3824,3369,4495,3372,3370,4369,-1,-1,-1
4001,4342,4335,427,426,3650,429,3649,4341,424,431,-1
3867,3830,3869,3868,3717,3829,3886,3828,4093,3716,-1,-1
3830,3918,3564,4834,3869,4115,3716,3827,4060,-1,-1,-1
3867,3772,4093,3932,3717,3827,3888,3868,3715,3773,-1,-1
3827,3828,3716,3717,3869,3867,3564,3918,4115,-1,-1,-1
3832,4817,3581,3906,3898,3306,3674,3583,4048,-1,-1,-1
3831,3676,3674,3629,3306,3898,4817,3581,3675,-1,-1,-1
3588,3750,3752,3687,3589,3367,-1,-1,-1,-1,-1,-1
3238,3406,3413,3290,3981,3289,3058,-1,-1,-1,-1,-1
3918,3564,3410,3387,3567,3700,4060,-1,-1,-1,-1,-1
3837,4257,3736,3838,3879,3962,3490,4108,-1,-1,-1,-1
4257,3836,3471,4108,3490,3472,3736,3470,3962,4136,-1,-1
3736,3880,3836,3687,3879,3688,3961,3131,-1,-1,-1,-1
3935,3938,3936,4301,3356,3937,3459,3968,3354,-1,-1,-1
3671,3742,3795,3670,3741,3672,3793,5005,3743,3792,-1,-1
3929,3673,3930,3908,3931,3795,4072,3972,3670,3793,4073,3909
5201,4358,3818,4078,3638,3596,3595,3637,3817,-1,-1,-1
3946,3663,3846,3943,3845,3945,3662,4295,3844,4131,-1,-1
3950,3845,3663,3661,3941,3843,3669,3943,4246,-1,-1,-1
3943,3844,3843,3941,3663,3942,4330,3950,3946,-1,-1,-1
3662,3664,3843,3945,3663,3684,3946,3614,-1,-1,-1,-1
3916,3850,3735,4138,4024,3848,3404,4022,3849,3917,-1,-1
3916,3849,3917,3915,3735,3847,4771,4138,3733,-1,-1,-1
3733,3915,3848,3735,3744,3916,3734,3986,3847,4771,-1,-1
4022,3404,3847,3403,4024,3735,3940,3720,3916,4138,-1,-1
3718,4027,3887,4829,3773,3715,4377,3568,-1,-1,-1,-1
3870,3425,3853,3893,3449,3424,3764,3176,3791,3194,4394,-1
3893,4394,3449,3852,3859,3450,3789,3870,4002,3425,-1,-1
3723,3460,3855,4282,4283,3459,3357,3696,-1,-1,-1,-1
3723,3460,3696,3461,3699,3854,3184,4282,-1,-1,-1,-1
3977,3938,3978,3858,3936,3790,3641,3937,3354,-1,-1,-1
3761,3858,3859,3992,4002,3790,3789,-1,-1,-1,-1,-1
3856,3992,3978,3857,4260,3790,3977,3761,-1,-1,-1,-1
3789,3853,4002,3857,3893,4394,3790,3761,-1,-1,-1,-1
4009,3783,4041,3861,3862,4008,4102,3411,4043,3493,-1,-1
4102,4043,3783,3860,4041,4040,4315,4081,4042,4916,-1,-1
3431,4009,3860,3783,3161,3493,3338,3105,3432,-1,-1,-1
3756,650,3080,4076,654,3987,5017,647,4074,656,3081,4709
3876,3874,3872,3873,3871,3816,3866,4045,-1,-1,-1,-1
3532,4706,3866,3651,3934,3876,3262,3933,4142,3229,3261,4169
3876,3865,4706,3873,4142,3651,4141,3864,4169,3532,-1,-1
3827,3829,4093,3868,3717,3830,3772,3932,3869,4653,-1,-1
3886,3885,3867,3827,4093,3884,4653,3869,3829,4376,-1,-1
3886,3827,4115,3830,4633,3828,3868,3867,3885,4376,4834,-1
3764,3852,3791,3893,3766,3424,3666,3853,3765,3789,3425,3640
3873,3872,4140,4612,4972,3864,4141,4233,3876,5313,-1,-1
4233,3864,3871,3874,4045,4972,4231,4201,3873,-1,-1,-1
4141,3871,3866,3876,4140,3864,4142,4171,4612,3872,4706,-1
3864,4045,3875,3872,3816,3876,3814,4029,4233,-1,-1,-1
3874,3814,3569,4029,3721,3816,4045,4047,-1,-1,-1,-1
3864,3866,3816,3651,3873,3865,3874,3871,-1,-1,-1,-1
3732,4057,3780,3778,3813,3979,3878,3731,3730,4116,-1,-1
3780,4628,4058,4057,3779,4059,3877,3778,4117,4249,4300,-1
3961,3962,3880,3836,3838,3960,4258,4257,3751,-1,-1,-1
3961,3838,3687,3879,3752,3751,3960,4016,-1,-1,-1,-1
3883,4532,3724,3820,3928,3882,5198,3738,3727,4305,-1,-1
3883,3788,4178,4305,3787,3820,3712,4532,3881,-1,-1,-1
3882,4532,3881,3820,4305,4178,5198,3724,3928,3787,3788,-1
3885,4909,4500,4653,4539,3868,3886,4376,5125,4093,-1,-1
3886,3884,4376,4539,3868,4633,4500,4198,4653,3869,4909,-1
3885,4633,3869,4376,3868,4115,3827,3884,4539,4101,-1,-1
4829,3773,3890,4324,3851,4349,4377,3888,3715,4218,-1,-1
3890,3889,3772,3932,4219,3773,3829,3887,4382,4218,-1,-1
4221,4219,4218,3890,3888,4220,4591,3932,4324,4381,-1,-1
3887,3888,3889,4218,3773,4324,4829,4221,3772,4219,-1,-1
3892,3802,3692,3739,3924,3926,3740,3607,3804,5139,-1,-1
3891,3740,3920,3926,5139,3739,3692,3737,3924,3725,3925,3802
3853,3789,3791,3870,3852,3859,4394,3449,3639,-1,-1,-1
4243,3823,4055,3910,3549,3821,3899,4091,-1,-1,-1,-1
3896,4032,3758,4110,3897,4033,4031,3757,-1,-1,-1,-1
3757,4032,4003,3983,3895,4111,3758,3456,4031,3455,4004,-1
4033,3985,3364,3758,3362,3895,3680,3457,3247,4110,-1,-1
3674,4817,3745,3912,3831,3832,3899,3676,4048,3619,-1,-1
3823,3912,3745,3910,3894,3898,3911,3551,3549,4817,4243,3674
3901,3902,3956,3975,3694,3903,3695,3504,4607,3955,-1,-1
3504,3695,3900,3694,3351,3507,3956,4285,3349,-1,-1,-1
4607,3975,3903,3900,4071,4357,4949,3956,3694,4077,3974,-1
3902,4607,4358,3694,4357,3595,3900,3975,4071,-1,-1,-1
4304,3787,3905,4305,4306,3582,5701,4501,-1,-1,-1,-1
5701,3906,3582,4304,3904,4048,4501,4049,4817,-1,-1,-1
4817,3581,3905,3831,4048,3582,5701,3235,-1,-1,-1,-1
3805,4078,4077,4357,3803,3817,4079,5201,-1,-1,-1,-1
3909,4073,3930,3673,3841,4345,3585,5199,4699,3535,-1,-1
3535,3908,4345,3585,3673,4343,4073,3536,3586,3584,3841,4699
4243,3911,3899,3894,3912,4051,3823,4055,4050,4049,-1,-1
4049,3910,3912,4050,4048,4051,3899,4502,4243,5701,4817,-1
3899,4817,3911,3910,3898,4048,4049,3745,3823,-1,-1,-1
4143,3110,3264,3511,3580,3997,3109,3052,4125,-1,-1,-1
457,3660,455,3809,3502,3501,460,453,3626,3810,3624,3808
3849,4505,3986,3848,4771,3744,4504,3733,4598,3735,-1,-1
3848,4138,3917,3847,3735,4608,4024,3849,4771,3850,-1,-1
3916,4769,4608,3848,4771,4138,3847,5462,4657,-1,-1,-1
3564,4060,4834,3828,3835,3410,3716,4115,3700,3830,4008,-1
3920,4333,4018,3737,4334,3927,3740,4407,-1,-1,-1,-1
3740,3919,3892,5139,4334,3737,4333,3739,3926,-1,-1,-1
3634,4400,4253,4163,3499,3500,4580,3784,4164,-1,-1,-1
447,3624,449,451,3547,3548,3625,446,453,3626,3660,444
3786,4070,3685,3443,3242,4000,4275,3679,3243,-1,-1,-1
4216,3926,6029,3891,3804,3802,4161,4204,3892,3805,3692,3925
4475,5139,4473,3926,4161,4474,5328,4524,3892,6029,3924,4334
3924,3892,5139,3925,3891,4161,6029,4475,3920,3802,4216,-1
3737,4019,4020,3738,4018,3919,3928,-1,-1,-1,-1,-1
3881,4532,4020,3738,3724,5198,3927,3883,-1,-1,-1,-1
3841,3972,3793,3795,3931,4210,3930,3673,4121,3742,-1,-1
4072,3908,3841,5199,4073,3931,3673,3929,4254,4585,-1,-1
4072,3929,4210,3930,3972,3841,4224,5199,4254,-1,-1,-1
3829,4382,3888,4093,4219,4652,3772,3867,3889,-1,-1,-1
4169,4278,4706,3934,4075,3797,3668,4170,4142,3865,3261,-1
3261,3933,3262,4706,3865,3668,3532,4278,4169,-1,-1,-1
3968,3937,4301,3839,3969,3938,5221,5457,-1,-1,-1,-1
3938,3354,3977,3839,3356,3856,3937,3641,3642,3978,-1,-1
3938,3935,3969,3978,4139,3839,3936,3968,3856,-1,-1,-1
3937,3936,3856,3978,3839,3935,3977,4139,3356,3354,-1,-1
4047,3940,3720,4023,3721,4044,4022,4029,-1,-1,-1,-1
4022,3939,4025,4023,3720,4024,3850,4425,3403,4047,-1,-1
4158,3845,3950,3844,4160,4159,3942,3943,4246,-1,-1,-1
4330,4160,4365,4331,3943,3941,4329,3845,4332,4158,-1,-1
3845,4330,4295,3946,3843,3942,4332,3844,3941,3663,4131,-1
3728,3948,3713,3527,3591,3819,3609,4080,3727,3623,-1,-1
3846,3946,3999,3958,4131,3843,3684,4157,3662,-1,-1,-1
3843,4295,4131,3945,3943,3846,3999,4330,3845,4132,4332,-1
3702,3576,3743,4166,3574,4028,3703,5005,3573,3474,-1,-1
4080,3944,3623,3527,3439,3713,3529,3728,-1,-1,-1,-1
3544,3091,3038,3036,3150,3111,4356,2975,3090,3088,-1,-1
3844,4246,3669,3941,4159,3661,4247,3845,-1,-1,-1,-1
3952,3677,3389,4277,4481,3705,3447,4569,3446,4479,-1,-1
4479,3447,4481,3951,4993,3389,4480,5395,4569,3677,4724,3444
262,4279,4172,264,261,3954,4604,4281,259,266,4173,4280
266,264,4172,4173,3953,262,268,4280,4438,4279,4281,270
4087,3956,3695,3973,3578,3579,4082,3974,3341,3900,-1,-1
3955,3975,3974,3900,3973,3695,3902,3901,4521,4087,-1,-1
3259,3229,3165,3262,3532,3164,3260,3261,3230,-1,-1,-1
3999,3959,3998,3945,3684,4154,4157,3685,4131,4153,-1,-1
3685,3958,3684,3998,3441,4000,3443,-1,-1,-1,-1,-1
4258,3961,4015,4017,4016,3879,3962,4259,3880,3751,-1,-1
3880,3960,4016,3751,3879,3752,4017,3749,4258,3962,3838,-1
4258,4257,3879,4136,3960,4259,3836,4015,3961,3837,4108,-1
4226,3644,4434,3759,4207,4228,3554,4227,5061,-1,-1,-1
3967,3748,4098,3966,4099,3965,4187,5200,3746,472,4005,-1
4187,3488,3967,3748,4021,3763,3964,3469,4005,3489,-1,-1
3964,3747,3748,4099,4214,3746,4215,4098,-1,-1,-1,-1
4187,3964,4098,5200,4005,3965,4021,3748,4006,470,4099,472
3935,5221,5220,5457,4301,3969,3937,4303,3839,-1,-1,-1
5308,3937,3935,5457,4139,3968,4592,5598,-1,-1,-1,-1
4557,4555,3697,4556,3722,4554,3698,4732,-1,-1,-1,-1
778,4012,4013,4014,4007,781,776,775,783,773,4061,-1
3929,4210,4121,3793,3931,4209,3841,3795,-1,-1,-1,-1
4521,3955,4082,4151,3974,4087,3956,4433,4680,-1,-1,-1
4521,3975,4949,3956,3973,4948,4151,4680,3955,3902,-1,-1
3902,3974,4949,3956,3900,4071,4607,5148,3903,4948,-1,-1
3627,3479,5345,4011,4356,3477,3632,3160,4052,3127,-1,-1
3641,3856,3936,3354,3790,3938,3642,3639,3858,-1,-1,-1
4139,3938,3856,3937,3858,4260,4420,3936,-1,-1,-1,-1
3980,3813,4116,4266,3811,4057,3877,3732,4313,3984,-1,-1
3811,4313,3984,4266,3979,3813,3601,4116,4268,4486,4267,-1
3240,3413,3503,3294,3238,3834,3239,3626,-1,-1,-1,-1
5060,3456,3759,4434,3983,3454,4004,5061,5027,3757,3455,-1
3982,4003,3456,4004,3896,3757,5060,3455,4553,-1,-1,-1
3980,3601,4167,3811,4313,4486,4268,3812,4266,4347,3979,-1
3362,3364,3247,3246,3897,3682,3363,4033,3758,3680,3457,-1
4504,3744,4728,4505,3915,4010,3849,4506,4599,3631,-1,-1
3080,4074,3863,3797,3081,4076,4075,654,656,3756,4353,650
3989,3658,4118,4120,3657,4119,3799,-1,-1,-1,-1,-1
3800,4119,3988,3799,4477,3990,3658,4120,-1,-1,-1,-1
3540,3800,3799,3592,3463,3989,3397,3278,-1,-1,-1,-1
4290,3993,3762,3760,4291,4289,4419,4854,4248,-1,-1,-1
3761,4260,3760,3858,3993,3857,4419,-1,-1,-1,-1,-1
4419,3760,3991,3992,4260,4289,4420,3761,3762,-1,-1,-1
4084,3579,3995,4087,4085,4082,3577,4083,4433,3578,-1,-1
3996,4085,3994,4846,3577,4086,4391,4084,3579,-1,-1,-1
4391,4846,3995,4845,4124,4086,4389,4603,3997,3577,4085,-1
4124,4143,4846,3580,4125,3913,3996,4430,4845,3577,3511,-1
3958,4000,3959,4153,3685,4154,3999,4533,-1,-1,-1,-1
4157,3958,4131,4154,3945,4294,3998,3946,-1,-1,-1,-1
4275,3998,4070,3685,4533,3923,4153,3959,3681,4624,-1,-1
429,3649,431,427,3826,426,3650,433,4335,3648,4342,424
3761,3613,4394,3859,3857,3654,3853,-1,-1,-1,-1,-1
4111,3896,4553,3983,4004,4032,3757,4112,4217,4958,5060,-1
5060,4958,4003,4553,5027,3983,3982,4111,5026,4894,3896,-1
4187,4006,5200,3967,4021,3807,3965,3808,467,4098,3810,463
3810,463,4005,5200,467,3808,3807,460,4187,470,3967,4021
781,4387,4014,783,3971,4579,778,785,4386,5410,4105,4013
3411,4060,4041,4009,3860,3410,3335,4834,4081,3337,3918,-1
3411,3335,3860,4008,3338,3862,3431,4041,3337,3410,-1,-1
4011,3631,4728,3986,4052,3744,3632,5345,4504,-1,-1,-1
5345,3632,4052,4010,3976,3631,3627,3477,4728,4026,-1,-1
775,773,4013,3971,776,4062,778,771,5742,4014,-1,-1
4012,5742,4061,4014,3971,4062,775,773,4063,778,4105,776
4007,4013,4105,4061,3971,4579,5742,4106,4012,781,4387,778
4258,4388,4452,4017,3960,4259,3962,4451,492,493,4529,491
3961,4017,3749,3751,4225,3960,3880,4015,-1,-1,-1,-1
4451,4016,4015,4452,3960,4225,4450,4258,3961,4388,-1,-1
4406,4405,3919,4333,4019,4407,3927,4602,-1,-1,-1,-1
4405,4038,4020,4018,3927,4039,4406,4250,-1,-1,-1,-1
4038,3928,4019,5198,4245,3927,4532,-1,-1,-1,-1,-1
4187,3469,4005,3807,3415,3965,3967,3488,3414,4006,3808,5200
3850,3940,3720,3403,4024,3404,3939,3847,4025,3405,-1,-1
4425,3939,3940,4044,4025,4644,4047,4424,-1,-1,-1,-1
3850,4022,4138,4025,3940,3847,4137,3916,-1,-1,-1,-1
4424,3940,4425,4024,4023,4137,5599,4022,-1,-1,-1,-1
5345,4027,4052,3477,4729,3478,4377,4011,-1,-1,-1,-1
3478,3851,4026,4377,3568,3718,4829,3476,3477,-1,-1,-1
3743,3796,4166,4088,4089,3947,3741,4264,-1,-1,-1,-1
4047,5118,4046,4045,3875,4044,3721,3939,3874,-1,-1,-1
2843,2635,3114,2886,2634,2626,2882,2668,2844,-1,-1,-1
4155,4112,4032,4110,4109,3895,4111,4895,4533,3896,-1,-1
3896,4111,4031,4112,4003,3895,3757,4553,4110,4217,-1,-1
3897,4624,4110,3680,3362,3895,3985,3681,3758,-1,-1,-1
4036,4150,4069,4149,3667,3510,3560,4148,3257,4068,4035,-1
4036,4125,3511,4431,4143,3510,4148,4150,4430,4034,-1,-1
4150,4034,4148,4035,3510,4431,4149,3511,4168,3667,-1,-1
4094,4097,4095,3299,4096,3543,4114,4367,4146,4147,3301,4144
4250,4019,4020,4039,4245,4405,4244,5198,-1,-1,-1,-1
4405,4250,4467,4038,4468,4019,4265,4406,4252,-1,-1,-1
4043,4042,3784,4103,4102,3861,4163,4315,4162,3783,-1,-1
4081,4008,3860,4834,4102,3861,4060,4916,4115,4009,-1,-1
4101,4040,4162,4102,4916,4103,3861,4198,4081,4043,4633,-1
4315,4040,3861,3784,3783,4102,3493,3492,3860,4042,-1,-1
4047,5118,4023,3939,4663,4029,4644,4046,-1,-1,-1,-1
4046,3874,4233,3872,4029,4201,3875,5118,3864,-1,-1,-1
5118,4045,4201,4029,4232,4233,4663,4044,4271,-1,-1,-1
3939,4029,3721,4044,5118,3720,4023,3875,3940,-1,-1,-1
4049,4817,5701,3912,3906,3911,3905,4502,3898,4050,3831,-1
3911,4502,5701,4050,4048,3912,4501,4129,3905,4051,3910,-1
4049,4502,3911,4129,4051,4092,5701,3910,4130,4048,-1,-1
4243,4050,4092,3910,4090,4091,3911,4055,4049,-1,-1,-1
5345,4011,4728,4729,4010,4026,3477,3976,-1,-1,-1,-1
2173,2483,2451,2273,2368,2274,2090,2454,2174,2484,-1,-1
3822,4779,4197,4056,4369,4749,3824,3821,4195,4748,-1,-1
4243,4091,4056,3821,3894,3822,4196,3910,4051,-1,-1,-1
4055,4054,4195,3822,4091,4196,4197,3821,4243,4779,-1,-1
4117,4116,3877,4058,3878,3979,4503,3780,4628,4266,-1,-1
4117,4628,4300,4057,3878,4707,4503,4116,4059,4564,4627,-1
4628,4249,3779,4627,3768,3878,3780,4277,3562,4058,4300,3563
3918,4834,3410,4008,4041,3835,3411,4081,3564,3828,4115,-1
5742,4106,4013,4105,4014,4104,4063,4062,4685,5426,3971,-1
773,5742,4012,4540,4013,771,4063,775,769,4884,4061,-1
5742,4884,4062,4660,4540,4104,4582,4061,4013,4542,-1,-1
4194,3774,4067,4206,3775,4205,4066,5006,4494,-1,-1,-1
5456,4594,4067,4066,4494,4609,4716,3774,4580,5244,4253,4979
4594,3774,4065,4253,4067,3776,4580,4064,3634,4609,-1,-1
4064,4065,3774,4494,4066,4205,5456,4594,4206,-1,-1,-1
4167,4149,4069,3812,3256,4347,3601,4034,3257,4150,-1,-1
3257,4034,4068,3256,4149,3667,4150,3812,3187,-1,-1,-1
4275,3923,3679,3681,4000,3242,3786,4624,3685,4533,-1,-1
4607,5148,4949,3902,4077,3975,4605,4606,4357,3903,-1,-1
4254,3931,3930,5199,4224,4210,3841,4073,4825,4255,-1,-1
3908,4699,4585,5199,4345,3930,3909,4072,4586,4255,3841,4692
4353,4076,3987,4756,4075,3863,4709,4170,3080,4352,3797,4222
4169,3933,4074,3797,3987,4170,4353,4278,-1,-1,-1,-1
4074,3863,5017,4709,4756,3756,3987,4353,3080,650,647,654
4605,4607,4357,4079,4071,3907,5148,4340,3902,4078,-1,-1
5201,4357,4358,3817,3907,3842,3818,3803,4077,3637,-1,-1
4340,4204,3805,4472,4605,4077,3907,4216,-1,-1,-1,-1
3527,3529,3948,3439,3437,3528,3623,3944,3430,-1,-1,-1
4041,4916,4834,4115,4102,4633,3861,4060,4008,4042,4101,-1
4084,4087,4433,4151,3973,3994,3955,4083,4521,4085,3579,-1
4084,4235,4433,4236,4234,4085,5091,4082,4682,3994,4317,4464
4082,4085,4083,4433,3994,4235,4087,4151,3995,4234,-1,-1
4084,4083,3995,4086,4234,3994,4433,4082,3996,-1,-1,-1
4391,4085,3996,4389,4390,3995,4234,4464,-1,-1,-1,-1
3955,4082,3579,3578,3994,3973,4084,3577,3956,3695,4151,-1
4264,3796,4181,4089,4028,4263,4490,3792,4537,3741,-1,-1
4264,6467,4490,4166,3782,4088,4028,619,4199,3703,4537,3796
4321,4091,4092,4196,4128,4051,4243,4130,-1,-1,-1,-1
4243,4196,4055,4090,4051,4056,4321,4195,3894,-1,-1,-1
4130,4090,4050,4129,4051,4128,4127,4502,4321,-1,-1,-1
3867,3829,4653,4652,3932,3868,3827,4382,3772,3884,-1,-1
4037,4367,3543,4096,4147,3299,759,757,4097,761,4095,755
4114,4037,3301,3299,4097,4113,4146,4094,4240,3066,3543,-1
4097,4037,4147,4145,4144,4094,4338,4146,4367,4366,-1,-1
4037,4146,4114,4144,4095,4096,4094,4240,4242,3299,4338,-1
472,5200,3967,470,4099,3964,474,467,4005,4187,3966,-1
474,4098,476,4214,472,3966,3964,4399,478,3967,470,-1
3096,3304,3487,3099,3303,4270,3153,3486,3196,3255,-1,-1
4916,4376,4042,4198,4162,4633,4102,3886,4191,4115,4103,4539
3861,4916,4081,4042,4041,4040,4043,4101,3860,3783,4115,-1
4162,4163,4165,4042,4040,4164,4191,4101,4400,-1,-1,-1
4106,5742,4061,4659,4660,4685,4063,4661,-1,-1,-1,-1
4106,4828,4579,4061,4014,5426,4685,4007,4013,4827,-1,-1
4685,4105,4061,5426,4104,4828,5742,4661,4014,4688,4687,-1
4135,3470,4212,4133,4108,3391,4134,485,487,3319,3471,4136
4212,4257,3837,3470,4107,3471,4136,4135,487,3836,3962,-1
4155,4895,4156,4112,4031,4153,4154,4157,4533,4110,4152,-1
4155,4031,4624,4033,4533,3895,4275,4032,4153,3897,4109,-1
4553,4003,4032,4112,4217,4894,3896,4895,4031,4004,-1,-1
4895,4111,4031,4032,4217,4109,4155,4152,4003,4553,-1,-1
4114,4194,3301,4206,4095,3300,4240,4146,5006,-1,-1,-1
4146,4095,4240,4097,4113,4037,3301,4242,4144,4206,3299,5006
4834,4633,4081,3869,4916,3828,3886,3918,4041,3830,4101,4102
4117,4266,4269,4057,4503,3979,4058,3980,4267,4311,3877,-1
4058,4503,4116,4057,4707,4269,4300,4299,4628,3878,4311,-1
4781,4175,4284,4120,4176,3988,3657,-1,-1,-1,-1,-1
3989,4120,4177,4477,4404,3988,3800,-1,-1,-1,-1,-1
4119,4176,4118,4177,4174,3988,4175,3989,-1,-1,-1,-1
4202,3972,4122,3793,3794,4211,4209,4203,3929,4210,-1,-1
4202,3794,4123,4182,4121,4203,3792,3793,4179,4211,3742,-1
4122,4181,4179,4180,3792,4182,3794,4202,3796,-1,-1,-1
4845,3997,4846,4125,3996,4430,4953,4391,4143,4603,3580,-1
4430,4143,3997,4124,4035,4431,4845,4953,3511,3913,-1,-1
4183,4186,4129,4184,4130,4185,4502,4252,4422,-1,-1,-1
4423,4128,4130,4186,4319,4421,4508,4092,-1,-1,-1,-1
4127,4321,4090,4130,4092,4320,4319,4423,-1,-1,-1,-1
4502,4050,4130,4126,4183,4092,4049,4501,4184,-1,-1,-1
4127,4092,4129,4126,4186,4128,4423,4050,4090,-1,-1,-1
3946,3999,4157,4294,4295,4132,3945,4332,3843,4154,3958,3943
4294,4332,4295,4287,4131,4383,4157,4330,3946,4385,4331,-1
4134,4107,4215,4135,3391,3747,483,485,3470,4212,480,-1
483,4133,485,4135,4215,4107,480,3747,4212,487,3391,-1
485,4134,4212,4107,487,4133,483,489,4108,4136,4215,3470
4212,487,4257,489,4259,3962,4108,491,4258,4135,492,4107
5599,4138,4658,4025,4608,4024,4424,-1,-1,-1,-1,-1
3916,4608,4137,3917,4024,3847,3848,3850,4658,-1,-1,-1
3978,4420,4592,3937,3969,4260,5308,3938,4419,-1,-1,-1
4141,4612,4371,3871,4171,3873,4611,4142,4972,5313,-1,-1
4140,4142,4171,3873,4371,4170,3871,3866,4612,4169,4222,4706
4141,4169,4706,4170,3866,3873,4171,4140,3933,3865,4222,-1
3913,3997,4125,3511,4035,3580,4124,3110,3264,4846,4430,-1
4146,4338,4097,4242,4241,4096,4114,4145,4037,4336,4240,-1
4366,4338,4096,4542,4581,4147,4489,4541,4144,4582,-1,-1
4114,4242,4097,4144,4240,4465,4095,4241,4037,4096,4113,5006
4489,4392,761,764,4367,4096,4366,4094,4145,759,4037,766
4150,4431,4036,4458,4168,4035,4034,4457,4149,-1,-1,-1
4150,4068,4347,4034,4069,4168,4036,4167,4148,-1,-1,-1
4149,4036,4148,4034,4168,4347,4458,4069,4035,3510,4431,4068
4521,4433,4680,4082,3973,4682,4084,4235,3974,4948,4520,4087
4895,4384,4753,4156,4217,4287,4112,4294,4752,4385,4109,-1
4533,4154,4155,3998,4109,4000,4275,4110,3958,-1,-1,-1
4157,4153,3999,3998,3958,4109,4156,4155,4294,4131,-1,-1
4533,4109,4031,4110,4153,4112,4624,4154,4275,-1,-1,-1
4157,4294,4895,4109,4152,4287,4154,4384,-1,-1,-1,-1
4294,3999,4154,4156,4131,4132,3958,4109,4287,3945,-1,-1
4574,4160,4159,3941,4619,4573,4552,4364,3942,-1,-1,-1
4246,4158,4574,4552,3950,3941,4355,4247,-1,-1,-1,-1
4158,4365,4364,3942,4619,3941,4574,4329,-1,-1,-1,-1
6029,4475,3925,3926,5328,4525,3924,4216,4204,4474,5139,-1
4198,4103,4191,4101,4165,4042,4373,4376,4192,4164,4040,-1
3921,4103,3784,4400,4164,3499,4040,-1,-1,-1,-1,-1
4400,4165,4103,4193,4401,4163,4580,4192,3921,4162,-1,-1
4164,4191,4192,4162,4103,4193,4198,4373,4375,-1,-1,-1
3703,3947,3782,4089,3702,4028,3771,3743,6467,-1,-1,-1
3601,4068,3984,4347,3812,4486,4149,3811,-1,-1,-1,-1
4150,4458,4348,4347,4148,4149,4346,4798,4036,-1,-1,-1
3933,4170,4706,4142,4075,4353,4141,3934,3866,4171,4278,4222
4169,4222,4353,4171,4142,4075,4141,3933,4074,4706,4352,-1
4141,4222,4371,4170,4140,4142,4223,4353,4169,4352,3873,4612
3954,3953,4280,4279,4281,264,4173,262,266,4323,261,-1
3954,4438,266,4280,4172,268,4437,264,270,3953,3636,-1
4700,4760,4403,4176,4177,4645,4120,4308,5337,-1,-1,-1
4176,4284,4307,4308,4118,4309,4700,4781,4120,-1,-1,-1
4175,4700,4120,4174,4308,4118,4284,4307,4645,4177,-1,-1
4403,4404,4119,4174,4120,4402,4760,4477,4176,-1,-1,-1
3712,3820,3882,3710,3788,3819,3883,3604,3236,-1,-1,-1
4180,4182,4528,4762,4123,4239,4460,4122,4181,4203,-1,-1
4460,4179,4181,4263,4123,4528,4409,4182,4379,-1,-1,-1
3796,4088,4263,4180,3792,4123,4264,4460,4179,3794,-1,-1
4179,4203,4239,4202,4122,4123,4762,4180,4238,4211,4455,3794
4501,4184,4502,4126,4129,4251,5701,4304,4244,4185,-1,-1
4244,4252,4183,4185,4126,4251,4501,4250,4129,-1,-1,-1
4422,4252,4184,4126,4186,4265,4421,4244,4923,4183,-1,-1
4421,4126,4423,4127,4130,4185,4422,4622,-1,-1,-1,-1
3967,4005,3965,4021,5200,3964,3469,3807,3488,4006,4098,3748
4477,4189,3800,3592,4296,3597,-1,-1,-1,-1,-1,-1
4292,4188,4296,4190,3597,4297,-1,-1,-1,-1,-1,-1
4288,3597,3375,4292,3373,4189,4293,3678,-1,-1,-1,-1
4373,4192,4165,4198,4162,4375,4550,4193,4539,4374,4101,4103
4191,4193,4374,4375,4165,4373,4635,4164,4162,4998,4408,-1
4192,4408,4401,4374,4165,4635,4164,4191,4634,4375,-1,-1
4064,4206,3300,3775,4113,3774,3777,3301,-1,-1,-1,-1
4196,4197,4410,4768,4056,4841,4321,4054,4091,4578,-1,-1
4195,4091,4321,4410,4090,4056,4055,4320,4768,-1,-1,-1
4195,4054,4841,4749,4779,4768,4056,3822,4840,-1,-1,-1
4373,4376,4191,4162,4101,4539,4550,3885,4165,4042,4633,4375
621,4490,4881,624,6467,619,4537,626,4378,4264,4535,4089
3616,3448,3615,3267,3614,3485,3664,3617,3662,3450,-1,-1
4233,4046,4231,4230,4232,4271,4045,5118,3872,-1,-1,-1
4122,4203,4121,4211,4182,3794,4239,4123,4238,4209,-1,-1
4202,4239,4238,4211,4182,4122,4455,4237,4121,4762,4344,4179
4472,4216,6029,3805,4079,4525,4340,3924,3804,4161,4715,-1
5006,4494,4206,5007,4067,4064,5030,5244,-1,-1,-1,-1
5006,4194,4064,4113,4240,4205,4114,5007,4067,-1,-1,-1
4227,1027,1023,1025,1029,4208,4228,4229,1031,1021,3644,3963
3753,4229,4207,3749,3644,4225,1023,1021,1025,1027,1019,4227
4344,4210,4411,3972,4211,4261,4121,4202,4237,4396,-1,-1
3972,4209,4224,3931,4261,4072,4411,3929,4121,-1,-1,-1
4344,4203,4202,4237,4209,4238,4121,4411,4122,4239,4182,4396
4135,487,4136,4108,4107,489,485,4257,3470,4134,4133,491
3689,4742,2913,3628,3268,3659,3675,2740,2788,3629,-1,-1
4399,478,476,4099,480,4215,3966,3747,474,483,-1,-1
4134,483,480,3747,4133,4214,485,4135,478,3966,3391,-1
6029,4204,3804,3924,3805,4161,3802,3803,4079,4472,4525,3926
4111,4894,4895,4112,4753,4152,4553,5346,4032,4384,4003,-1
4221,4351,3889,4324,3890,4591,4350,4220,3887,3888,4413,4620
4382,3889,4381,3932,3888,4220,4221,4652,3890,4545,4412,-1
4221,4380,4412,4381,4219,4413,3889,4591,4382,4218,-1,-1
4591,4220,4218,3889,4413,4351,4380,4219,3890,4674,4620,-1
4352,4353,4171,4170,4223,4756,4371,4141,4074,4372,4142,4169
4222,4370,4371,4352,4372,4544,4171,4776,4611,4353,-1,-1
4210,4072,4254,4261,4825,3931,4436,4583,-1,-1,-1,-1
4450,4229,4016,4017,3749,4208,4451,4276,1021,1023,1019,1017
4228,5061,4434,4567,3963,4227,1042,1037,1039,1035,5222,1041
1029,1031,1027,1033,1035,4228,1025,4207,1037,1023,1039,1021
4227,1035,1037,4226,1042,1033,1039,1031,1041,1029,4567,4207
1023,1021,1019,1025,4276,1017,4450,1027,4208,1015,4225,4207
4271,4416,4274,4231,4201,4273,4272,4232,4325,4233,4328,4256
4233,4274,4256,4230,4201,4972,4416,4271,3872,4512,-1,-1
5069,4271,5118,4046,4663,4201,4325,4230,4662,4740,-1,-1
3872,4231,4201,4972,4045,4046,3871,3874,4230,4256,-1,-1
4464,4083,5091,4085,4236,4086,4390,4084,4235,4463,4316,-1
4236,4433,4682,4083,4317,4432,4084,4151,5091,4318,4234,-1
5091,4235,4083,4318,4317,4234,4464,4433,4316,4682,4833,-1
4398,4344,4396,4238,4211,4395,4411,4454,4203,4397,4549,4209
4203,4398,4239,4237,4397,4455,4211,4202,4344,4182,4454,-1
4203,4455,4182,4762,4238,4179,4202,4543,4397,4211,-1,-1
4114,5006,4146,4465,4206,4242,4113,4097,4095,5007,4144,-1
4336,4242,4144,4337,4338,4339,4146,4440,4581,4465,-1,-1
4146,4465,4241,4144,4339,4240,4114,4466,4097,5006,4338,-1
4055,4091,3910,4051,3894,3911,4090,3821,4056,3899,-1,-1
4252,4250,4184,4245,4251,4038,4185,4183,4306,4265,-1,-1
4244,5198,4038,4250,4306,4020,4251,4252,4532,-1,-1,-1
4247,3950,4159,4355,3669,4248,4552,4291,3844,3941,-1,-1
4248,4246,4355,4291,3669,4354,3950,3652,3762,4159,-1,-1
4247,3652,3762,4291,3669,4246,3653,4355,3991,3654,-1,-1
3562,3779,4059,3563,3768,3594,3281,3780,3123,4627,3878,4628
4038,4252,4244,4039,4245,4265,4467,4184,4019,-1,-1,-1
4244,4501,4306,4184,4183,4304,4245,4252,-1,-1,-1,-1
4244,4250,4185,4184,4265,4422,4245,4039,4251,4126,-1,-1
4594,3921,4066,4580,3634,4400,3776,3774,4065,-1,-1,-1
4072,4583,5199,4825,4224,4255,3930,4584,3931,-1,-1,-1
4583,5199,4586,4585,4584,4254,4587,4072,4073,-1,-1,-1
5313,4274,4512,4231,4831,4972,4272,4612,4233,4230,-1,-1
3962,3837,4108,4136,3836,4212,3879,4258,3471,4259,-1,-1
4015,3962,3960,4259,4388,4136,3879,4017,491,4257,3961,492
491,4258,492,489,4136,4388,4015,3962,493,487,3960,494
4420,3992,4419,3978,4139,3993,3858,4592,-1,-1,-1,-1
4411,4210,4436,4224,4209,4435,4344,4396,-1,-1,-1,-1
3350,2808,3506,2810,3265,3000,2714,3346,3339,2809,3052,-1
4264,4537,4460,4181,4180,4088,4379,4490,4378,3796,4409,-1
4490,4088,4537,4089,4263,6467,4199,4181,4881,3796,4028,4378
4252,4467,4923,5023,4250,4422,4185,4039,4244,-1,-1,-1
3980,4116,4313,4267,4269,3979,4268,3984,3811,4503,4057,4314
4312,4269,4266,4310,4268,4314,4313,4359,362,360,4116,3980
4359,4313,4312,4360,4267,4486,359,360,4266,3984,3980,357
4314,4116,4503,4267,4311,4266,4117,4310,4897,4896,4299,-1
3255,3600,3487,3304,3258,4100,3196,3197,3731,3602,3486,3730
4230,4232,4325,4201,4273,4416,5069,4231,4274,4046,-1,-1
4416,4328,4274,4418,4512,4417,4230,4256,4273,4515,-1,-1
4416,4326,4328,4271,4325,4230,4327,4272,4864,4274,-1,-1
4272,4416,4230,4231,4256,4512,4328,4418,4273,4831,4271,-1
4533,4070,4624,4000,3681,3679,4153,3923,4110,3680,4155,-1
1015,1012,1017,4450,1009,1019,1008,1021,4229,4929,1011,1023
4569,3768,3705,4627,3951,3677,4481,4059,5294,-1,-1,-1
3797,3933,3312,3668,3311,4075,3934,3261,3081,4169,-1,-1
3953,4604,4281,4172,4737,261,262,259,4690,264,3954,4280
4323,4172,4173,4322,4281,4437,3954,4773,4438,4279,3953,4522
4323,4279,4172,4523,4280,4737,3953,4322,4604,3954,4522,-1
3723,4302,4732,3854,3722,4283,4733,3696,3855,-1,-1,-1
5221,3854,4302,4301,4282,4303,3459,3723,-1,-1,-1,-1
4309,4175,4781,4118,4724,4307,4711,4176,3530,4308,-1,-1
3505,3504,3605,3349,3507,3351,3509,3508,3694,3901,3506,3346
3374,3419,3647,3598,3174,3352,3599,3089,-1,-1,-1,-1
4294,4384,4132,4385,4152,4156,4383,4157,4332,-1,-1,-1
4293,3373,4190,3647,3374,4292,3375,3352,3650,-1,-1,-1
4419,4854,4290,3991,4795,3993,4796,4420,-1,-1,-1,-1
4854,4354,3991,4725,4291,4289,4855,4795,-1,-1,-1,-1
4247,4354,4248,4290,3762,3991,4355,4725,4246,-1,-1,-1
4189,4293,4298,4190,4288,4297,4342,-1,-1,-1,-1,-1
4342,4288,4292,3650,4298,3647,4190,-1,-1,-1,-1,-1
4157,4132,4287,4156,4131,3999,4295,4154,4152,4332,-1,-1
3946,4332,4330,4132,3943,4131,3843,4294,4331,4383,-1,-1
4404,4189,4477,4297,4478,4188,-1,-1,-1,-1,-1,-1
4298,4393,4296,4478,5001,4292,4189,-1,-1,-1,-1,-1
4342,4393,4292,4293,4297,4341,5001,-1,-1,-1,-1,-1
4563,4707,4311,4503,4562,4777,4564,4117,4897,5132,4269,-1
4628,4564,5294,4058,4707,4627,4117,4777,4059,4569,3878,4778
5221,3935,3839,3968,4283,3459,4303,5220,-1,-1,-1,-1
4733,4282,4303,4732,4283,4883,4872,5221,4761,-1,-1,-1
5221,4883,4302,5220,4945,4283,4733,3968,4301,4947,-1,-1
4501,3904,5701,4306,3905,4251,4502,4183,4305,-1,-1,-1
3883,4532,4306,3882,3904,3787,5198,3881,4304,-1,-1,-1
4305,4251,4304,5198,3904,4245,4532,4501,4244,-1,-1,-1
4309,4175,4308,4647,4713,4284,4646,4711,4176,4964,-1,-1
4700,4175,4307,4646,4176,5097,4647,4645,4174,4284,-1,-1
4711,4284,4307,4713,4724,5395,4175,4781,4572,4647,-1,-1
364,4312,4314,362,4896,4267,366,360,4269,4897,4359,4311
4314,4503,4897,4563,4299,4269,4896,5267,4707,4117,4310,4116
4359,360,4310,4267,362,4268,359,364,4314,4313,4360,4896
4268,3980,4266,3984,4267,4486,4359,4312,4360,3811,3979,-1
4310,4896,4311,4269,4897,4267,364,366,4312,4503,4563,362
4043,3492,3493,3783,3784,3861,3034,4040,3499,3033,-1,-1
4462,5091,4464,332,4463,334,4318,330,336,4236,4832,4234
4432,4235,4833,4236,5255,4318,4682,4832,4520,5091,5241,4433
4462,5091,4832,4236,4833,4317,4316,4235,330,326,328,4464
4772,4320,4127,4508,4423,4510,4509,4128,4321,4626,-1,-1
4321,4510,4410,4319,4128,4578,4626,4196,-1,-1,-1,-1
4320,4196,4090,4128,4410,4091,4195,4319,4092,-1,-1,-1
4773,4323,4280,4507,4437,4522,4495,4281,-1,-1,-1,-1
4281,4322,4522,4280,4523,4172,4507,4737,4773,4739,4437,-1
4349,4218,4350,3887,3890,4829,4351,4470,3889,-1,-1,-1
4271,5069,4740,4326,4273,4741,4232,4230,-1,-1,-1,-1
4962,4864,4273,4325,4741,4327,4898,4328,-1,-1,-1,-1
4864,4328,4417,4449,4447,4448,4326,4273,4416,-1,-1,-1
4417,4272,4416,4327,4273,4418,4447,4274,4515,4512,4230,4326
4365,4362,4331,4363,3942,4361,4364,4160,4444,4330,-1,-1
4332,3943,4295,4331,3942,3845,4132,3946,4383,4329,-1,-1
4332,4330,4329,4363,4383,3942,4365,4362,4295,4531,4132,-1
4330,4132,4295,4383,4331,3943,4131,3942,4294,3946,4363,4287
4407,4334,3919,4487,4018,4406,3920,4488,4735,-1,-1,-1
4333,4488,5139,3920,4473,4487,3919,4407,4668,3925,-1,-1
424,423,426,4519,3826,4341,427,421,4342,4001,429,-1
4241,4440,4498,4581,4337,4338,4582,4780,4144,-1,-1,-1
4440,4439,4241,4336,4339,4441,4780,-1,-1,-1,-1,-1
4144,4581,4145,4241,4336,4096,4242,4097,-1,-1,-1,-1
4466,4439,4242,4337,4465,4241,4593,-1,-1,-1,-1,-1
4472,4605,4636,4715,4079,4204,5148,4525,5009,4077,-1,-1
4393,4335,4342,4519,4298,3826,4518,423,-1,-1,-1,-1
4293,4298,3826,3650,4341,4335,4393,4001,4292,3647,3649,-1
3535,3586,4345,3496,4692,3909,3465,4699,-1,-1,-1,-1
4411,4237,4211,4396,4209,4261,4435,4398,4238,4203,4395,-1
4699,3909,4073,4692,4343,3908,3535,4585,4691,-1,-1,-1
4798,4717,353,4797,351,4458,4168,4348,4485,355,349,4999
4167,4149,4348,4068,4168,4486,4150,3984,-1,-1,-1,-1
4485,4798,4347,4168,4360,4486,4346,355,353,357,-1,-1
4677,4829,4470,4324,4350,4377,3887,4599,4729,4469,-1,-1
4351,4469,4470,4324,4349,4471,4218,4677,4801,4775,4829,-1
4218,4471,4350,4591,4620,4324,4221,4469,-1,-1,-1,-1
4222,4776,4756,4372,4223,4353,5210,4074,4171,4170,4370,4526
4074,4222,4170,4352,4756,4075,4076,4169,4171,3987,4776,4223
4725,4291,4290,4355,4551,4247,4854,4613,-1,-1,-1,-1
4247,4246,4354,4552,4551,4159,4291,4248,-1,-1,-1,-1
3627,3479,3091,3127,3976,3150,3949,3160,3090,3477,-1,-1
4607,4358,4078,4077,3907,3903,3902,4071,-1,-1,-1,-1
4357,4078,3903,3842,3595,4607,5201,3694,-1,-1,-1,-1
359,4268,4312,360,4360,357,362,4267,4313,4485,4310,4486
4485,4359,357,4268,359,4486,4348,355,4798,360,4313,4312
4362,4443,4364,4442,4365,4445,4444,4329,4446,-1,-1,-1
4444,4329,4363,4361,4365,4443,4331,4589,4364,4588,-1,-1
4362,4531,4331,4329,4589,4444,4383,4332,-1,-1,-1,-1
4365,4445,4619,4160,4361,4329,4158,4362,4442,-1,-1,-1
4329,4364,4160,3942,4361,4362,4331,4619,4445,-1,-1,-1
4489,4541,4145,766,4542,764,4147,4392,769,4540,4581,761
759,4094,757,761,3543,4147,4392,4037,755,764,4489,4096
4495,3825,3824,4600,4507,4369,4773,3550,3822,3513,3369,-1
4779,4054,4368,3822,3824,4507,4748,3825,4495,-1,-1,-1
4544,4456,4372,4223,4453,4397,4371,4352,4611,4538,4526,-1
4611,4544,4140,4171,4223,4612,4141,4538,4222,4370,5313,-1
4776,4370,4352,4526,4456,4223,4543,5210,4544,4222,4756,-1
4550,4191,4198,4539,4375,4192,4500,4376,5028,4162,5126,4165
4635,4192,4892,4375,4998,4193,4408,4191,5126,4634,-1,-1
4192,4373,4550,4374,5126,4191,4998,5028,4193,4198,4165,-1
3885,4198,3886,4101,4633,4539,4373,4916,3884,4162,3869,3868
4829,4677,4027,4729,4349,4026,3851,3887,-1,-1,-1,-1
4535,4881,4379,4537,4536,4534,4426,626,4199,4490,624,628
4378,4460,4426,4409,4537,4536,4263,4535,4881,4180,4534,4264
4413,4412,4415,4220,4414,4517,4221,4674,4381,4591,4671,-1
4382,4412,4219,4516,4220,4545,4517,4380,4652,3889,-1,-1
4652,4381,4219,4545,3932,4093,4516,4220,4910,3888,-1,-1
4332,4531,4385,4132,4331,4363,4287,4330,4295,4842,-1,-1
4152,4752,4385,4287,4753,4755,4895,4842,4217,4156,-1,-1
4384,4531,4842,4752,4383,4287,4132,4152,-1,-1,-1,-1
785,787,5158,4387,783,5410,5159,790,5627,4007,4579,5411
4386,785,5410,4007,783,5158,4579,787,781,4014,5411,-1
493,494,492,4015,4529,4452,4259,496,491,4258,497,489
4391,4596,4603,4390,4815,4086,4595,4845,3996,341,4683,-1
4464,4595,4389,4463,4086,4596,4234,4391,339,5091,336,-1
4389,3996,4845,4603,4086,4124,4815,3995,4390,4596,4953,4846
761,764,4489,4147,4367,759,766,4366,4094,-1,-1,-1
5001,4298,4341,4518,4297,4519,4342,4935,4478,-1,-1,-1
3853,3450,3613,4002,3449,3859,3893,3266,3448,3852,-1,-1
4454,4549,4396,4398,4513,4237,4511,5980,4344,-1,-1,-1
4549,4411,4344,4237,4395,4435,4398,4261,4511,4211,4209,4514
4398,4453,4455,4238,4454,4456,4370,4239,4237,5980,-1,-1
4237,4454,4397,4238,4395,4453,4396,5980,4344,4455,4211,-1
476,478,474,4214,4099,480,472,-1,-1,-1,-1,-1
4164,4580,3921,4253,4401,4163,4594,4103,-1,-1,-1,-1
4580,4408,4193,4400,4610,4164,4609,4594,4634,4635,-1,-1
4403,4478,4937,4746,4747,4404,4177,4760,-1,-1,-1,-1
4760,4402,4177,4174,4746,4645,5337,4404,4747,-1,-1,-1
4177,4296,4477,4478,4402,4119,4403,-1,-1,-1,-1,-1
4406,4019,4039,4468,4018,4038,4602,4407,4467,-1,-1,-1
4405,4407,4602,4468,4018,4333,4019,4735,4039,4736,4734,-1
4406,4333,4602,4735,4487,4018,4405,4734,3919,4468,4334,-1
4634,4635,4401,4610,4193,4374,4893,4609,6394,4580,4192,4892
4461,4426,4460,4379,4429,4528,4427,4536,4459,4180,4428,4378
4195,4321,4320,4578,4196,4768,4510,-1,-1,-1,-1,-1
4344,4261,4396,4435,4209,4237,4210,4549,4211,4436,-1,-1
4517,4380,4381,4415,4220,4516,4413,4672,4705,4545,4219,-1
4380,4674,4591,4221,4220,4414,4412,4620,4415,4218,-1,-1
4380,4675,4415,4674,4671,4413,4676,4978,-1,-1,-1,-1
4517,4380,4671,4412,4705,4414,4413,4888,4672,4978,4516,-1
4272,4273,4328,4230,4274,4271,4512,4231,4418,4417,4327,-1
4328,4447,4515,4418,4327,4272,4701,4448,4416,4482,-1,-1
4272,4515,4512,4417,4511,4328,4513,4274,4416,4447,-1,-1
4420,3993,4289,4796,4260,4592,3991,4139,3992,-1,-1,-1
4419,4592,4139,4260,4796,3993,5184,3978,4289,5308,-1,-1
4622,4186,4422,4423,4794,4185,4508,4127,4923,5246,-1,-1
4185,4421,4923,4794,4186,4265,4252,4622,5023,4126,-1,-1
4127,4508,4421,4622,4186,4319,4772,4130,4128,-1,-1,-1
5599,4425,4642,4025,4137,4643,4693,4023,-1,-1,-1,-1
4424,4023,4025,4643,4644,4642,3940,-1,-1,-1,-1,-1
4409,4536,4459,4429,4379,4378,4461,4460,4534,632,4476,4535
4461,4527,4856,4429,4428,4476,4409,4528,4708,4526,4710,5210
4461,4427,4543,4526,4527,4528,4762,4409,4429,4856,-1,-1
4427,4426,4461,4476,4459,4409,4856,634,4536,4527,632,4710
4953,4125,4431,4845,4124,4457,5079,4603,3997,4035,4143,-1
4148,4430,4457,4125,4035,4458,4953,4036,4150,4797,-1,-1
4520,5255,4317,4682,4679,4681,4235,4833,4680,5167,5241,4678
4235,4084,4151,4083,4082,4682,4236,4085,4680,3973,4521,3994
4226,3982,5061,3759,5060,3963,5027,3456,4228,-1,-1,-1
4411,4809,4549,4396,4261,4514,4436,4344,-1,-1,-1,-1
4261,4809,4861,4825,4822,4435,4224,4411,-1,-1,-1,-1
4773,4438,3559,4322,4280,4173,3513,3636,4495,4323,-1,-1
3636,270,4173,4437,268,3559,272,266,3954,274,4280,-1
4337,4696,4593,4339,4441,4721,4440,4466,4698,-1,-1,-1
4780,4337,4336,4498,4441,4499,4497,4439,4241,-1,-1,-1
4499,4697,4439,4696,4698,4440,4780,4337,4695,-1,-1,-1
4446,4491,4445,4493,4361,4443,4763,4492,4364,-1,-1,-1
4446,4590,4444,5602,4361,4362,4588,4442,4492,-1,-1,-1
4362,4588,4443,4590,4589,4363,4361,4329,4664,-1,-1,-1
4364,4442,4491,4618,4619,4361,4365,-1,-1,-1,-1,-1
4442,4443,4492,5602,4493,4361,4590,4491,4731,4666,-1,-1
4417,4701,4448,4482,4515,4327,4483,4328,4702,4418,4449,-1
4483,4447,4449,4482,4484,4327,4417,4701,4864,4821,4560,4558
4864,4448,4560,4898,4484,4327,4483,4962,4447,4900,-1,-1
4276,4451,4229,4225,1015,1017,4929,1012,1019,1009,1021,1008
4450,4452,4017,4929,4276,4225,4530,1009,1012,4015,1015,1008
4451,4529,4015,4388,4017,4530,494,496,4929,497,4450,493
4397,4544,4370,4454,4538,5980,4456,4398,4611,-1,-1,-1
5980,4398,4395,4453,4397,4513,4538,4237,4831,4238,-1,-1
4239,4543,4456,4397,4762,4238,4203,4398,4182,-1,-1,-1
4370,4455,4543,4372,4397,4453,4526,4544,-1,-1,-1,-1
4999,4953,4431,5079,4797,4458,4430,347,349,4148,4816,-1
4797,4148,4457,4346,4168,4431,4999,4150,351,349,4717,-1
632,4426,634,4536,4476,4429,630,4534,637,4409,4856,4535
4180,4409,4379,4528,4263,4426,4461,4179,4537,4181,4378,-1
4427,4409,4428,4429,4528,4426,4527,4460,4856,4762,4476,4379
330,4832,4316,328,4318,332,326,5091,334,4833,324,-1
4464,336,4595,4316,334,4390,339,5091,332,4234,4596,-1
5091,4463,4234,4390,4316,4236,4595,336,4318,334,4086,4083
4466,4242,5006,5007,4240,4339,4146,4723,4241,-1,-1,-1
4465,4723,5007,4339,4593,5006,4242,4439,4722,5030,-1,-1
5023,4468,4786,4039,4265,4923,4405,5272,4250,4736,-1,-1
4467,4406,4602,4405,4786,4736,4039,4734,4407,5023,-1,-1
4350,4775,4648,4801,4470,4471,4351,4597,4349,4811,-1,-1
4677,4801,4349,4469,4350,4599,4506,4648,4324,4729,-1,-1
4775,4351,4620,4469,4350,4774,4591,4867,4648,-1,-1,-1
4340,4204,4525,4715,4079,6029,4605,4216,4636,4639,3805,-1
4488,4474,3925,5139,4334,4669,4475,4668,4487,-1,-1,-1
4475,4473,4524,3925,4669,4640,4488,5328,4637,4161,5139,-1
5328,3925,4474,4161,4524,4473,4525,4638,6029,3926,4640,-1
634,637,4856,4429,4710,4459,632,4427,640,4426,4708,4527
4119,3800,3989,4188,4404,4296,4177,-1,-1,-1,-1,-1
4402,5001,4937,4404,4297,4296,4393,-1,-1,-1,-1,-1
5395,3952,4480,4993,4481,4724,4711,3447,3951,4572,4571,-1
5395,4570,4481,4571,4479,4572,4711,3952,4712,4569,4778,5049
3952,4569,4480,4479,4571,3951,5395,4277,5294,4570,3447,4993
4483,4701,4821,4447,4702,4448,4823,4515,4558,4484,4417,-1
4482,4558,4821,4448,4484,4447,6076,4449,4853,4823,4702,4701
4483,4560,6076,4559,4558,4448,4449,4561,4482,4821,-1,-1
4798,355,4360,357,4348,353,359,4346,4486,4359,4717,4268
3984,4360,4313,4167,4268,4347,4348,4485,4359,3980,3601,-1
4488,4668,4333,4407,4735,4670,4334,4473,-1,-1,-1,-1
4668,4473,4487,4334,4669,4474,4333,4804,4670,5139,-1,-1
764,4366,4392,4147,766,761,4541,4145,4367,769,4542,-1
4199,6467,4264,4537,4881,4089,621,619,624,4378,4088,3782
4763,4442,4654,4445,4493,4618,4764,4446,4655,-1,-1,-1
4731,4730,5602,4446,4666,4493,4789,4442,4443,5264,-1,-1
4731,4763,4492,4442,4491,4446,4824,4790,4789,-1,-1,-1
5244,5456,4205,4067,4065,5030,4716,4064,5007,-1,-1,-1
4773,4368,4600,3513,4507,3825,4322,3372,4437,4369,3559,-1
644,5017,640,4708,4710,647,3756,4709,637,650,4856,4076
4659,4498,4818,4780,4660,4440,4582,4499,4684,-1,-1,-1
4497,4582,4336,4440,4780,4581,4660,4884,4818,-1,-1,-1
4697,4780,4818,4819,4441,4440,4695,4497,4863,4684,-1,-1
5028,5125,4550,4539,4909,3884,3885,5029,4373,5196,5126,4653
4304,4183,4502,5701,4251,4049,4184,3905,4129,4306,3904,-1
4049,4501,4129,5701,4183,4050,3911,4304,4048,4126,4092,-1
4117,4311,4269,4299,4116,4707,4058,4314,4057,4563,4266,-1
4506,3986,4728,4599,4505,4801,3915,4598,4729,4010,4597,-1
4598,3915,4504,4506,3986,4771,4597,4728,-1,-1,-1,-1
4504,4597,4801,4505,4598,4599,4770,4648,3986,4728,4470,-1
4322,4495,4368,4773,4522,4369,4748,4323,-1,-1,-1,-1
4772,4423,4622,4621,4623,4319,4421,4509,4127,-1,-1,-1
4772,4626,4625,4510,4577,4621,4319,4508,4576,4812,4857,-1
4626,4320,4576,4509,4578,4319,4772,4577,4410,-1,-1,-1
4549,4513,4515,4418,4514,4395,4512,4396,4701,-1,-1,-1
4272,4831,4418,4274,4256,4513,4416,5313,4511,4328,5980,4231
4511,5980,4831,4512,4395,4454,4418,4549,4538,-1,-1,-1
4701,4549,4809,4515,4511,4435,4702,4396,-1,-1,-1,-1
4701,4417,4418,4514,4447,4511,4482,4328,4549,4702,4272,-1
4673,4517,4545,4672,4381,4412,5000,4382,4704,4705,4415,-1
4412,4672,4415,4705,4516,4673,4380,4671,4381,4703,4888,-1
4519,4935,4393,419,5001,4341,416,421,414,4937,-1,-1
421,423,4518,4335,4341,419,424,4393,426,-1,-1,-1
4432,4681,4678,4680,4682,4679,5255,4317,5019,5020,4948,4151
3974,4151,4680,4948,3973,4949,4678,4082,3956,4682,4433,-1
4323,4748,4523,4322,4507,4739,4281,4751,4280,-1,-1,-1
4323,4738,4281,4739,4522,4737,4943,4280,-1,-1,-1,-1
4475,4638,4474,5328,4637,4640,4641,4639,3925,4669,-1,-1
4472,5328,6029,4204,4639,4161,4715,4475,4340,4216,-1,-1
4776,4543,4372,4527,4428,5210,4456,4427,4352,4370,-1,-1
4427,5210,4856,4526,4708,4428,4461,4776,4429,4710,4709,4476
4461,4179,4460,4409,4762,4180,4428,4427,4429,4543,4379,-1
496,497,4530,494,4452,4388,498,493,500,4015,4451,492
4529,4988,4929,498,4452,497,500,4451,496,4930,501,1008
4842,4383,4385,4363,4589,4719,4331,4752,-1,-1,-1,-1
5198,3883,3881,3928,4305,3882,4020,3820,4306,3724,4245,-1
4275,4155,4153,4624,4110,4000,3681,3998,4109,4031,4070,-1
630,4535,628,4536,626,4378,632,4459,4426,4881,4379,624
4534,626,4378,628,4881,4536,630,624,4537,4379,4199,4426
4534,4426,4378,4535,4459,630,4379,632,628,4409,4881,626
4378,4490,4264,4881,4263,4379,4199,4535,4460,6467,4088,4536
5980,4611,4831,4544,5313,4453,4454,4371,4612,4513,4370,-1
3885,4373,4500,4376,4550,4198,3884,5028,3886,4191,4909,4101
4884,4541,769,771,4062,4063,4542,773,4582,766,5742,4366
769,766,4542,4366,4540,4489,771,4884,4145,764,-1,-1
4541,4884,4582,4366,4581,4145,4540,769,766,4489,4063,-1
4455,4526,4428,4762,4456,4239,4372,4528,4527,-1,-1,-1
4370,4611,4371,4453,4538,4223,5980,4372,4456,4612,5313,-1
4382,4516,4652,4381,4910,5000,4673,6296,4412,4219,-1,-1
4783,1020,1028,4727,1032,1018,1034,1030,1024,1022,1026,1036
1046,1047,1045,1048,1053,1044,1052,4651,1041,4567,1051,1042
4783,1049,1043,1040,1050,1054,4726,1036,4650,1038,4565,1051
4396,4511,4395,4514,4435,4411,4513,4809,4515,4237,-1,-1
5028,4373,4500,5126,4375,4539,5125,4191,5196,4198,4998,-1
4354,4575,4613,4552,4615,4725,4355,-1,-1,-1,-1,-1
4575,4574,4355,4159,4551,4573,4158,4246,4615,-1,-1,-1
4894,4111,4003,4004,4958,4217,5024,4032,5346,4112,3983,-1
4629,4631,4820,4555,3970,4556,4886,-1,-1,-1,-1,-1
3970,4761,4732,4820,4554,3722,3697,4733,-1,-1,-1,-1
4557,3970,4691,4629,3698,4554,3697,4586,4692,-1,-1,-1
3697,3698,3970,4556,3497,4830,3722,3696,4691,-1,-1,-1
4483,6076,4931,4821,4853,4484,4559,4482,4955,4823,4448,-1
6076,4561,4933,4484,4560,4932,4899,4976,4558,4931,-1,-1
4561,4449,4484,4898,4900,4559,4899,4864,6076,4448,-1,-1
4899,4559,4560,4976,4900,4933,5124,4484,6076,4898,5123,-1
4777,5132,4563,5131,4299,5331,5446,5267,4564,4707,4778,4311
5267,4897,4299,5132,4562,4311,369,371,4777,4503,4314,368
4777,5294,4300,4778,4707,4299,4571,4058,4562,4627,4628,5331
1054,1049,1050,4651,1043,1051,4650,4782,4548,1052,1040,4568
4651,4547,5222,4793,4568,4567,1053,1052,1045,1046,1051,1044
4547,1048,1042,1041,1047,4226,4228,1039,5222,5061,1046,4566
4792,4651,4566,4782,4565,4791,4793,1054,1049,1050,1051,1052
4277,4481,5294,4571,4627,3951,3952,4480,4300,-1,-1,-1
5049,4480,4712,4571,4778,4572,5395,5050,5331,4481,5294,-1
5294,4480,4570,4481,4569,4778,4564,5049,4479,-1,-1,-1
4712,4711,5395,4570,4713,4480,4714,4309,5049,4479,5050,-1
4574,4575,4614,4619,4552,4618,4158,4655,4615,-1,-1,-1
4158,4573,4552,4159,4619,4575,4160,-1,-1,-1,-1,-1
4615,4552,4573,4614,4551,4574,4617,4616,4613,-1,-1,-1
4626,4876,4813,4578,4510,4577,4870,4509,4814,-1,-1,-1
4626,4814,4812,4576,4509,4625,4813,4510,6054,5145,-1,-1
4876,4410,4576,4768,4510,4320,4874,4626,4195,-1,-1,-1
5410,4105,4828,4387,4007,4014,4827,4386,5426,5158,-1,-1
4594,4401,4400,4609,4253,4066,4610,4164,4065,3921,4408,-1
4582,4338,4542,4336,4145,4498,4884,4366,4241,-1,-1,-1
4884,4581,4542,4498,4660,4063,4497,4540,4336,4145,-1,-1
4254,4584,4825,4826,4255,4861,4630,5199,4587,4224,-1,-1
4583,4630,4587,4255,4632,4826,5157,4586,5801,4254,-1,-1
4586,4699,4073,5199,4255,4691,4587,4345,4629,3930,-1,-1
4585,4587,4629,4255,4691,4699,5199,4631,4584,4073,4556,-1
4586,4632,4584,4629,4631,4255,4585,4630,4583,-1,-1,-1
4590,4667,4664,4444,4589,4443,5081,4719,4665,5602,4362,-1
4588,4719,4531,4363,4842,4444,4667,5081,4362,-1,-1,-1
4588,5602,4664,4443,4444,4665,4667,4666,4446,-1,-1,-1
4221,4620,4413,4351,4218,4674,4471,4220,4934,3889,4380,-1
4420,5308,5184,4139,3969,4796,4419,5598,4260,-1,-1,-1
4466,4439,4721,4722,4723,4696,4339,5076,-1,-1,-1,-1
4580,4066,4065,4609,4253,5456,4401,4400,4067,3774,-1,-1
339,4596,4463,336,4390,341,4389,4464,4683,4815,343,334
4595,4389,341,4815,4683,339,4390,343,4603,4816,4391,4463
4770,4648,4506,4598,4801,4906,4811,4505,4844,5462,4469,4504
4770,4505,4597,4506,5462,4771,4906,4504,4844,3915,4801,-1
4504,4677,4470,4801,4728,4506,4729,4349,3986,-1,-1,-1
4495,3825,3372,4368,3369,3513,4773,3512,3824,3550,3326,4601
3326,3327,3010,3325,3372,3009,3369,3398,4600,2979,-1,-1
4406,4734,4407,4736,4735,4468,4405,4786,4785,4837,4018,-1
4815,4845,4953,4391,4389,5079,4816,4596,4430,3996,4124,345
259,4690,4279,261,257,4737,3953,262,256,4689,4759,4281
5148,4340,4077,4079,4636,4071,4472,4606,4607,4949,-1,-1
5148,5020,5270,4949,4948,4636,4678,4605,4071,5019,5009,5269
3902,4357,4071,4077,3903,4358,3975,4605,3900,5148,-1,-1
3917,4138,4658,4657,4769,4137,3916,4694,5599,-1,-1,-1
4610,4594,4580,5456,4065,4979,4401,4716,4408,4066,-1,-1
4634,4408,4609,6394,4979,4401,4635,4580,5456,4893,-1,-1
4538,4371,4544,4612,5313,4140,4831,5980,4453,4223,4370,-1
4140,4611,5313,3871,4371,4972,4538,4141,4544,4256,3873,4171
4725,4616,4745,4551,4615,4855,4784,4354,4575,-1,-1,-1
4655,4573,4575,4810,4617,4615,4618,-1,-1,-1,-1,-1
4575,4616,4617,4551,4613,4614,4552,4784,4573,4799,-1,-1
4784,4615,4613,4617,4799,4745,4800,4850,4575,-1,-1,-1
4810,4799,4614,4616,4615,4938,4784,4655,4575,-1,-1,-1
4655,4654,4445,4573,4619,4491,4614,-1,-1,-1,-1,-1
4364,4574,4158,4573,4160,4445,4618,4365,-1,-1,-1,-1
4591,4934,4471,4774,4674,4351,4413,4775,4221,4869,4218,-1
4857,4772,4508,4623,4625,4509,4859,4858,4622,5015,-1,-1
4421,4623,4508,4794,4423,5246,4422,4621,4186,5396,4772,-1
4622,4859,4621,5396,5246,4508,4857,4794,4772,-1,-1,-1
4275,4033,3681,4110,4533,3680,4155,4070,3362,4000,-1,-1
4509,4858,4812,4857,4621,4577,4772,4626,5086,-1,-1,-1
4577,4510,4576,4509,4625,4772,4813,4578,4320,4812,4814,4876
4628,4277,4059,4569,4300,5294,3768,4249,4058,4564,-1,-1
4058,4059,4300,4627,3878,3779,5294,4117,4057,4707,4249,4564
4586,4631,4556,4587,4691,4554,4585,4632,-1,-1,-1,-1
4584,5157,5156,5801,4632,4826,4583,4587,5800,4954,-1,-1
4629,5223,4632,4886,4587,4554,4586,5801,-1,-1,-1,-1
5801,4587,4630,4631,4584,5223,5491,5156,4629,-1,-1,-1
3886,4115,4916,4376,4101,3869,4081,3885,4198,4042,4834,-1
4408,4893,4635,4610,6394,5149,4892,4979,4401,4193,5095,4374
4408,4634,4374,4892,4893,4193,5095,4610,4192,4998,4401,6394
4340,5148,5270,5009,4606,4605,4715,4472,5020,5269,-1,-1
4641,4640,4524,4638,4744,4880,5202,5553,4474,-1,-1,-1
4641,4524,4639,4637,5328,5553,4475,5202,5008,4640,-1,-1
4638,5328,5008,4715,4525,5553,4472,4524,4641,5009,-1,-1
4637,4669,4524,4474,4744,4743,4638,4475,-1,-1,-1,-1
5202,4637,4638,5553,4880,4524,5175,5204,4744,4639,5176,-1
5119,4424,5599,4643,4693,5250,4425,5769,-1,-1,-1,-1
4425,5250,4642,5312,4644,4424,5128,5119,-1,-1,-1,-1
4425,4663,5312,4662,4023,4643,4044,-1,-1,-1,-1,-1
4760,4700,5337,5097,5096,4174,4403,4308,5174,4746,5252,4885
4647,4308,4963,5097,4307,4965,4700,4964,5253,-1,-1,-1
4964,4646,4713,4307,4965,4308,4714,4963,4309,-1,-1,-1
4597,4775,4811,4469,4801,4906,4867,4770,4506,4471,4470,-1
4968,5034,4782,4650,5671,5277,5278,4565,-1,-1,-1,-1
4968,4565,4548,4649,4782,4969,1049,1054,1050,5278,1043,4783
1054,1051,1052,1050,1053,1049,1043,4547,1044,4565,4566,1040
4382,4653,4093,4545,4910,3932,4381,4219,4909,-1,-1,-1
4909,3884,4652,4093,4910,3868,3885,5029,4500,3867,-1,-1
4655,4764,4763,4491,4939,4618,5010,4810,4824,-1,-1,-1
4810,4654,4618,4939,4614,4764,4617,4573,4491,-1,-1,-1
2983,2985,3182,3167,3384,2865,2987,2986,3089,2872,3383,-1
4891,4608,4769,4694,4658,4843,3917,-1,-1,-1,-1,-1
5599,4694,4608,4657,4137,4693,4908,4138,-1,-1,-1,-1
4497,4661,4818,4684,4660,4104,4685,4780,-1,-1,-1,-1
4582,4497,4884,4063,4659,4498,4104,5742,-1,-1,-1,-1
4685,4687,4659,4684,4686,4104,4106,4688,4818,-1,-1,-1
5312,5069,4740,4663,4960,4644,5128,4232,-1,-1,-1,-1
5118,5069,4662,4644,4232,4044,4046,5312,4740,-1,-1,-1
4667,4590,4665,4588,4720,5081,4718,5602,4444,5303,-1,-1
5303,4664,4666,4590,5602,4720,5080,5636,4588,5264,4667,-1
5303,5602,5264,4730,4492,4665,5636,4590,4731,5265,4446,-1
5081,4664,4588,4718,4719,4589,4720,4996,4590,4665,-1,-1
4488,4804,4670,4669,4487,4966,4473,4735,4967,4334,4743,-1
4668,4640,4488,4474,4804,4473,4743,4524,-1,-1,-1,-1
4967,4668,4966,4735,4804,4487,4837,5147,4488,4734,-1,-1
4978,4415,4888,4705,4887,4414,4517,4675,5273,4380,5031,-1
4673,4517,4703,4705,4516,4704,5273,5000,4412,4415,4888,-1
4672,5000,4516,4704,4517,4703,4545,4952,6296,4705,4950,-1
4934,4413,4620,4591,4676,4414,4380,4221,4869,4774,-1,-1
4978,4676,4918,4977,4414,4671,-1,-1,-1,-1,-1,-1
4675,4934,4869,4917,4674,4414,4918,-1,-1,-1,-1,-1
4349,4729,4470,4599,4377,4829,4728,4801,4350,-1,-1,-1
5020,4681,4520,4680,4948,5019,4606,4679,5270,4521,4432,5021
4681,5167,5255,4432,4520,5021,5018,5241,4678,5576,5019,5165
4521,4520,4678,4151,4682,4948,4432,5020,4681,4433,3974,3973
4679,4678,5019,4520,5021,5020,4432,5018,4680,5168,5167,5269
4235,4432,4680,4433,4520,4151,4317,4236,4083,4521,5255,4678
343,341,4815,345,4816,4596,339,4595,5079,347,4603,4389
4818,4686,4922,4661,4659,4819,4687,4497,4903,4499,-1,-1
4106,4687,4661,5426,4688,4104,4105,4686,4061,4659,4828,-1
4687,4922,5059,4684,4661,5102,4688,4685,4982,-1,-1,-1
4688,4686,4685,4661,5059,5426,4684,5057,5102,4106,-1,-1
4687,5058,5426,5057,5059,4685,4686,4828,4661,5535,4106,-1
4987,4690,4758,254,256,250,4759,4757,247,257,4604,246
4604,4689,257,4759,256,4737,259,4987,254,4279,261,4757
4699,4556,4586,4629,4692,4585,3698,4345,4557,-1,-1,-1
4699,3698,4345,3496,4343,4691,4830,4073,4556,-1,-1,-1
4908,5599,4642,5119,5769,4694,4658,4424,5683,-1,-1,-1
4908,4658,4657,4907,4891,4693,5599,5683,4608,-1,-1,-1
4697,4698,4862,4981,4863,4441,4499,4766,4696,4819,-1,-1
4721,4698,4439,4593,4766,4441,4722,4767,4695,-1,-1,-1
4499,4695,4819,4863,4441,4698,4862,4903,4818,4780,-1,-1
4695,4766,4696,4981,4441,4697,4721,5173,4862,4439,-1,-1
4585,4345,4691,4073,4692,4586,5199,3908,4343,3909,-1,-1
4308,4645,4174,4176,5097,4760,4175,4646,5337,5096,-1,-1
4515,4482,4702,4447,4514,4417,4809,4821,4448,4511,4483,-1
4701,4809,4482,4822,4823,4821,4514,4447,4483,4515,-1,-1
5273,4672,5361,4704,4951,4705,4673,4888,4950,4517,5414,5359
4673,4950,4703,4672,4952,5000,4951,4516,6296,5376,-1,-1
4517,4888,5273,4672,4671,4415,4703,4887,4673,4516,4412,-1
3865,4169,3933,3866,4142,3934,4170,3532,4141,3873,-1,-1
4299,4564,4117,4300,4503,4058,4777,4628,4311,5294,4562,-1
4709,4710,4496,5210,4856,4527,5017,640,644,4427,4476,4756
5017,4708,4756,5210,4076,4496,4776,3756,4074,3863,4527,4710
640,637,4856,4708,4476,4496,644,634,4527,5017,4427,4429
5395,4309,4572,4713,4724,4479,4480,4284,4307,-1,-1,-1
5049,5050,4572,4570,4714,5051,4480,4713,5331,4778,-1,-1
4711,4647,4309,4572,4964,4307,4714,4712,5395,-1,-1,-1
4712,4964,5051,5050,4713,4572,5232,4647,5049,5431,-1,-1
4472,4340,4639,5009,5008,4636,4525,4204,-1,-1,-1,-1
5456,5244,5077,4979,4494,5078,5243,4609,4065,5030,6394,-1
351,353,4346,4798,4797,349,355,4485,4999,4458,-1,-1
5081,4997,4720,4996,4667,4994,4664,4995,4719,4889,5011,-1
5081,4996,4842,4589,4667,4754,4718,4588,4531,4997,-1,-1
4995,4718,4664,4665,4667,5080,4994,5081,5146,5303,-1,-1
4696,4722,4767,4766,4593,4698,4765,4439,5171,4723,-1,-1
4721,5076,4765,4723,4767,4593,5263,4696,4466,-1,-1,-1
4466,5076,4722,5007,5030,4593,5078,4465,4721,-1,-1,-1
5395,4711,4309,4781,4993,4479,4284,3530,3952,-1,-1,-1
4354,4855,4854,4613,4290,4551,4291,-1,-1,-1,-1,-1
5036,5037,4969,4546,4548,4783,5035,4727,5301,1036,1034,5425
1013,1016,1018,1014,1020,4546,4930,5037,1010,5160,1022,1011
4504,4052,4729,3986,4599,4010,4677,4011,4506,4505,-1,-1
4677,4052,4728,4377,4026,4599,5345,4349,4504,4470,-1,-1
4789,5264,4731,4666,4492,5265,5303,5561,5602,4984,4790,-1
4789,4492,4730,4493,4790,5265,4984,4666,4824,4446,-1,-1
4733,3722,4282,4761,4555,4302,3723,4872,3970,-1,-1,-1
4872,4302,4732,4761,4883,4282,4303,4944,4882,4873,4555,-1
4602,4736,4785,4837,4735,4407,4805,4967,4468,4670,4406,4787
4734,4407,4602,4670,4837,4487,4967,4406,4668,4333,4736,4785
4786,4734,4602,4785,4468,4787,5272,4467,4406,4735,4837,-1
4279,4759,4281,4604,4690,4738,4523,4323,3953,-1,-1,-1
4943,4523,4759,4941,4737,4739,4750,-1,-1,-1,-1,-1
4751,4523,4943,4738,4750,4522,4748,4749,4323,-1,-1,-1
5069,4741,4960,4662,4325,4961,5312,4663,4232,-1,-1,-1
4740,4962,4961,4326,4325,4959,4960,5069,4864,-1,-1,-1
2740,2913,4213,2788,3268,3628,2742,3689,2914,2741,2704,-1
4804,4803,4744,4990,4640,4802,4669,4668,-1,-1,-1,-1
4803,4880,4637,4743,4640,4879,5074,4641,-1,-1,-1,-1
4940,4800,4613,4784,4851,4855,4616,5619,4849,-1,-1,-1
4747,4885,4760,5337,4403,4402,410,412,409,4937,4645,4936
412,4936,4937,4746,410,4402,4885,414,4935,409,4403,-1
4779,4522,4751,4749,4369,4739,4507,4054,-1,-1,-1,-1
4751,4779,4841,4197,4840,4748,4054,4750,4739,4768,-1,-1
4943,4751,4840,4877,4911,4739,4749,4738,-1,-1,-1,-1
4749,4739,4750,4840,4748,4779,4841,4943,4522,-1,-1,-1
4384,4755,4385,4842,4754,4753,5346,4152,4531,-1,-1,-1
5346,4384,4217,4152,4755,4752,4894,5024,4895,-1,-1,-1
4996,4755,4842,4752,4889,5103,4719,5081,-1,-1,-1,-1
5346,4752,5103,4754,4753,5293,5024,4894,4384,4890,4889,-1
4709,4352,4776,4076,4353,4074,5210,5017,4222,4708,4372,-1
4758,4986,4759,4941,4689,253,249,4987,5679,246,4690,247
249,4987,246,4757,247,253,4689,250,4986,254,4759,-1
4757,4690,4737,4689,4738,4941,4758,4604,4987,-1,-1,-1
4403,4645,5337,4174,4746,4700,4885,4177,4402,5096,5097,5174
4733,4820,4872,4732,4555,4873,4944,5040,4302,-1,-1,-1
4239,4179,4543,4528,4455,4428,4182,4203,4461,-1,-1,-1
4764,4491,4824,4654,4493,5010,4442,4790,4939,-1,-1,-1
5010,4763,4654,4824,4939,5163,5310,4655,4491,-1,-1,-1
5263,4767,5463,4722,5266,5076,4721,5078,5242,5458,5171,-1
4698,5173,4721,4767,5171,4696,4981,4695,5170,-1,-1,-1
4721,4765,5171,5266,4766,4722,4696,5173,5463,-1,-1,-1
4841,4195,4578,4410,4197,4874,4876,4840,4749,4196,-1,-1
5462,3917,4657,4608,4843,4771,-1,-1,-1,-1,-1,-1
4906,4598,4844,5462,4597,4648,4506,4771,4904,4811,5121,4843
3917,4598,5462,3915,4505,4769,3848,3916,4770,3849,-1,-1
4509,4508,4621,4319,4625,4423,4510,4626,4623,4857,4622,-1
4495,4322,4437,3513,4507,3559,4368,4600,4280,4323,-1,-1
4867,4934,4620,4868,4775,4471,4869,4674,4811,-1,-1,-1
4867,4471,4648,4469,4811,4774,4868,4620,4905,4906,4801,4350
5210,4352,4372,4526,4756,4709,4527,4223,4222,4353,4708,-1
4564,4562,4778,4299,4707,5331,4563,5294,4300,5049,5131,-1
4564,5049,4777,4570,4571,5294,5331,4712,4562,4480,4300,-1
4054,4749,4748,4369,4197,3822,4751,4841,4056,-1,-1,-1
4440,4499,4497,4818,4498,4441,4337,4697,4336,4819,4659,-1
3530,4284,3657,4118,4724,3531,4175,4309,4993,-1,-1,-1
4565,4649,4650,5034,4568,4791,1054,4651,4968,1049,1050,4792
1036,1038,1040,1034,1043,4548,1032,1050,1049,1051,4546,1052
4800,4616,4799,4850,4745,4940,4617,4613,4852,4615,5100,-1
4734,4805,4736,4788,4787,4837,4602,4786,4735,-1,-1,-1
4736,5272,5023,4467,4468,4787,4602,5271,4785,4734,5325,-1
5272,5271,4785,4736,4788,4786,4806,5402,4734,-1,-1,-1
4785,4805,4807,4808,4806,4787,5143,-1,-1,-1,-1,-1
4731,4984,4730,5265,4790,4492,5264,5055,5283,4493,5400,-1
4789,4731,4824,4985,5055,4984,4493,4730,4763,-1,-1,-1
4792,5033,5063,4782,5032,5034,4568,-1,-1,-1,-1,-1
5032,4793,5347,4791,4568,5033,5025,4566,4890,4782,5026,-1
4792,5026,4566,5222,5347,5025,4568,5032,5027,4651,-1,-1
5246,4923,4421,4422,4622,5325,4623,5023,5327,-1,-1,-1
4865,4854,5619,4866,4289,4796,4855,5085,4290,-1,-1,-1
4419,4420,4866,5184,4592,4795,4289,4865,5082,-1,-1,-1
4999,349,4458,351,4346,4457,4717,347,353,4798,5079,4431
4485,353,4346,355,4348,4717,351,357,4360,4168,4797,-1
4617,4784,4850,5100,4616,4938,4800,4810,4615,-1,-1,-1
4940,4784,4850,4852,4745,4849,4616,4799,4851,-1,-1,-1
4506,4470,4597,4469,4648,4599,4504,4677,4350,4775,4598,-1
4990,4803,4989,4992,4991,4743,6001,5321,4879,-1,-1,-1
4802,4744,4879,4989,4743,4990,4992,4880,5137,-1,-1,-1
4668,4966,4990,4743,4669,4670,4967,4488,6001,-1,-1,-1
5143,4785,4808,5147,4788,4837,4967,4734,5228,-1,-1,-1
5402,5326,4807,4788,5271,4787,5408,5344,-1,-1,-1,-1
4838,4806,4839,4788,4808,5408,5326,-1,-1,-1,-1,-1
5143,4839,4805,4807,4788,5144,5874,4838,5147,-1,-1,-1
4435,4822,4702,4514,4436,4701,4861,4549,4823,-1,-1,-1
4655,4617,4939,4938,4614,4799,5310,4654,-1,-1,-1,-1
4867,4906,4648,4905,4775,4904,4597,4868,4770,4844,4774,4469
5145,5086,4625,4577,4814,4858,4626,4509,4857,5090,-1,-1
6054,4576,4876,4870,4814,4871,4577,4626,4915,6104,-1,-1
6054,4577,6104,5145,4812,4813,4576,4915,4626,5319,4871,-1
4816,4603,4596,343,4683,5079,4389,345,341,4953,4391,347
345,5079,4815,343,347,4683,4603,4999,4953,341,4596,349
3898,4048,3831,3912,3906,3832,3581,3899,3911,3674,3905,-1
4497,4499,4684,4780,4819,4659,4697,4661,4922,4498,-1,-1
4903,4499,4697,4818,4922,4684,4863,4780,4695,4982,-1,-1
5040,4761,4886,4555,4873,4554,-1,-1,-1,-1,-1,-1
4823,4483,4482,4558,4853,4702,4822,4701,4448,4860,4484,-1
4861,4823,4809,4702,4436,4860,4825,4821,-1,-1,-1,-1
4821,4822,4860,4702,4853,4861,4482,4558,4809,4483,-1,-1
4763,4764,5163,4985,4790,5010,4493,4654,4731,5054,-1,-1
4861,4583,4254,4436,4224,4826,4822,4072,-1,-1,-1,-1
4583,5157,4861,4630,4584,4825,4860,5156,-1,-1,-1,-1
4828,5410,5412,5411,5634,5058,4579,5426,4105,5158,-1,-1
5426,4827,4105,4579,5058,5410,4106,5412,4688,4685,-1,-1
3887,4349,4377,4324,3851,4677,3890,3773,4027,4350,-1,-1
3497,3401,3496,3399,3698,4557,3076,3465,3697,3078,4692,3699
5313,5980,4512,4538,4513,4256,4611,4454,4274,-1,-1,-1
326,4833,4462,328,324,4318,330,5241,4317,323,4316,5255
4832,5241,5255,4317,324,4318,326,323,4432,4462,5576,5167
4060,4115,4081,3918,3828,4041,4008,4916,3564,3869,4633,-1
801,799,4836,4924,802,4847,797,803,4926,795,805,4927
797,799,4847,4835,795,801,4848,4924,4926,802,793,4925
4967,4734,4735,4805,5147,4785,4670,4966,4602,4736,5143,-1
4807,5471,4839,5408,5470,5874,5472,4808,-1,-1,-1,-1
5874,4808,4838,4807,5471,5144,5351,5226,5143,-1,-1,-1
4841,4750,4751,4749,4877,4874,4768,4197,-1,-1,-1,-1
4768,4840,4749,4197,4874,4195,4751,4779,-1,-1,-1,-1
4531,4719,4385,4752,4754,4589,4996,5081,4384,4383,-1,-1
5121,4844,5234,5462,4769,4657,4891,4770,-1,-1,-1,-1
5121,4770,4906,5462,4904,4843,5234,5120,4598,4597,4811,-1
4124,4603,4391,4953,4430,3996,4389,5079,4125,4846,3997,4815
3996,3577,3997,4124,3995,3580,4845,4391,4143,-1,-1,-1
4836,4926,4835,4848,4925,795,797,4924,799,793,4927,801
793,4925,5159,790,795,4847,4836,5627,4926,5304,797,787
4940,4919,4851,5134,4920,4852,4800,4921,5085,4745,-1,-1
4800,5100,4784,4852,4799,5135,4940,4616,-1,-1,-1,-1
4940,5085,5619,4920,4849,4745,4800,4855,4865,4919,-1,-1
4850,4800,5134,4940,4849,5133,5135,4784,-1,-1,-1,-1
4558,4821,4823,4955,4954,4931,4860,4483,-1,-1,-1,-1
4290,4855,4795,4725,4289,5619,4354,3991,4865,-1,-1,-1
5619,4854,4725,4745,4613,4795,4851,4865,4290,5085,-1,-1
4427,4476,4710,4527,4708,4429,637,4461,5210,634,640,4496
4621,4858,5015,4859,4625,4623,5016,5116,4772,4509,4812,-1
4857,5086,4625,5016,5015,4812,4621,5089,5145,4859,-1,-1
5396,4857,5116,4623,5015,4621,5245,5329,5246,4858,-1,-1
4823,5157,4861,4822,4826,4954,4853,4821,-1,-1,-1,-1
4822,4825,4826,4860,4436,4823,4583,4809,5157,-1,-1,-1
4981,4863,4901,4695,4980,4697,5044,4902,4698,5173,-1,-1
4903,4862,4697,4695,4902,4901,4819,4499,4981,4982,-1,-1
4962,4898,4326,4449,4327,4273,4560,4448,4959,4741,-1,-1
5085,4866,4795,5619,4973,4920,4851,4855,4796,5082,4854,-1
4865,5082,4796,5184,4795,4973,5083,5085,-1,-1,-1,-1
4775,4868,4811,4905,4774,5109,4648,4471,4869,4904,4906,-1
4867,5109,4928,4869,4905,4774,4934,4811,5497,4775,-1,-1
4934,4868,4917,4928,4774,4676,4867,5109,4674,4620,5496,-1
4876,4871,4875,4874,4813,6054,4576,4877,4878,-1,-1,-1
4870,6054,4915,4878,4875,4813,4912,4876,6104,4814,-1,-1
4733,4944,4761,4882,4883,4873,4946,4302,4732,5041,4947,-1
4944,5040,4761,4872,5041,5042,4820,4733,4946,-1,-1,-1
4876,4870,4841,4840,4768,4877,4875,4578,-1,-1,-1,-1
4870,4877,4871,4914,4878,4874,4876,-1,-1,-1,-1,-1
4870,4576,4578,4813,4874,4871,4768,4875,4626,-1,-1,-1
4875,4750,4840,4911,4914,4874,4870,4943,4942,-1,-1,-1
4913,4871,4912,4915,5379,4875,4914,6054,4870,5436,-1,-1
5074,5047,4803,5048,4989,5137,4744,4880,5129,5072,5175,4802
5074,4744,4641,5202,5175,4637,4879,5047,5176,4803,5129,-1
4199,4378,624,4535,4537,626,4490,621,6467,4534,4379,4536
4947,4944,4946,4872,4883,5108,5209,4945,4733,5041,5251,-1
4303,4733,4882,4872,4947,4302,4945,4944,-1,-1,-1,-1
4582,4063,4540,4542,4660,4541,4581,4062,5742,4498,-1,-1
409,407,5337,4746,5174,410,405,4747,412,5096,4760,4645
5040,5223,4820,4631,4554,5224,5491,-1,-1,-1,-1,-1
4888,5031,4978,4671,5413,5414,5273,4705,4977,-1,-1,-1
5273,4887,4705,4671,5414,4703,4978,5361,5413,5031,4415,4672
5103,4997,4996,5011,5064,4754,4890,5081,4718,4755,-1,-1
5293,5347,5064,5032,5103,5025,5033,4889,4792,5024,4755,-1
5233,4657,4694,5234,4907,4843,5465,-1,-1,-1,-1,-1
5095,4635,4374,4998,5038,4893,4634,5065,5093,4408,-1,-1
4634,5095,5093,4635,5149,4892,6394,4408,5098,4610,5065,-1
5346,4553,5024,4217,4753,4958,4111,5293,4755,4004,5025,-1
4152,4112,4156,4109,4217,4111,4031,4384,4753,-1,-1,-1
366,4897,364,4314,4310,368,4311,362,5267,369,4563,4312
4896,5267,4563,4311,4314,368,366,369,4310,5132,4299,364
4864,4962,4900,4560,4449,4959,4899,4326,4561,4970,-1,-1
4561,5124,4900,4976,4560,5123,4970,4559,4933,5262,4898,-1
4899,4898,5124,4970,4560,4561,4959,4976,4962,5262,4449,-1
4902,4862,5045,4980,4863,4983,4903,5190,-1,-1,-1,-1
4901,4903,5190,4982,4983,4863,4862,5504,4922,5045,-1,-1
4902,4922,4982,4863,4819,5190,4901,4697,4684,-1,-1,-1
5121,4905,5120,4906,4844,4811,5122,4770,4867,-1,-1,-1
5109,4867,4811,4868,4904,5122,4906,4775,5497,4928,-1,-1
4770,4811,4597,4844,4648,4904,4598,5462,5121,4905,4775,4867
5465,4908,4694,5464,5683,5233,4891,-1,-1,-1,-1,-1
5683,4693,4694,5769,4907,5119,4658,5248,5464,-1,-1,-1
5029,3884,4500,5125,4653,4910,6296,5028,4652,5197,4539,3885
5029,6296,4545,4909,4652,5000,4653,4382,5125,-1,-1,-1
5679,4942,4943,4750,4877,4914,4941,4986,-1,-1,-1,-1
4915,5379,5105,5106,4878,4871,4913,6104,5104,6054,5377,-1
5436,5379,4878,5554,4914,4942,4912,5435,5104,-1,-1,-1
4942,4875,4913,5436,4878,4877,4911,5679,-1,-1,-1,-1
4912,6054,4871,6104,5106,4878,5379,5105,4813,4814,-1,-1
4081,4633,4102,4101,4042,4115,4376,4041,4834,3861,-1,-1
5808,4869,4928,5496,4918,4676,4934,5807,-1,-1,-1,-1
5807,4675,4977,5808,4917,4676,5646,6106,-1,-1,-1,-1
4849,5418,4920,4921,5134,5084,5417,4851,4940,5085,5142,-1
5085,4919,5084,4851,4849,4973,5418,4865,5619,4940,-1,-1
5417,5134,4919,5231,5419,5418,5142,4849,5588,5589,-1,-1
4903,4686,4982,4684,4819,5102,4902,4818,5059,-1,-1,-1
5023,4794,4422,5325,4265,5272,4467,4421,4185,5246,-1,-1
4835,5138,802,803,4927,4926,801,805,4847,5053,4836,799
5304,4848,4926,5627,5159,4847,5305,793,790,5388,4927,5411
4927,4847,4925,5305,4924,4835,4836,4848,5304,5138,5322,-1
4926,5138,5322,4924,5305,5152,4847,5389,4835,4925,5053,-1
5496,5109,4868,4869,4917,5497,5808,5495,4905,-1,-1,-1
1009,1008,1012,4276,4930,1011,4451,4450,1010,4530,1015,4988
1010,1013,1014,1011,1008,4727,1016,1009,4929,4988,5160,1018
6076,4955,4558,5302,4932,4853,4559,5348,-1,-1,-1,-1
4933,5302,6076,4931,4559,5350,4974,-1,-1,-1,-1,-1
4976,4932,4975,4559,4561,4974,4899,6076,5123,-1,-1,-1
4869,4674,4620,4774,4676,4868,4591,4917,-1,-1,-1,-1
4936,414,4518,4937,5001,416,412,4747,419,4393,-1,-1
412,414,4935,4747,4937,410,416,409,5001,4746,-1,-1
4747,4936,5001,4935,4402,4478,412,414,4746,410,4518,-1
4810,5310,5274,4799,5100,4939,4957,4617,-1,-1,-1,-1
5310,4810,4764,4655,5010,4654,4938,4763,4957,-1,-1,-1
4800,4849,4851,4745,4852,4784,4850,4920,5134,5619,4919,5085
5679,4943,4757,4986,4738,4759,4911,4942,-1,-1,-1,-1
5679,5436,4914,5247,4911,4986,4913,252,4941,5435,4877,-1
4750,4738,4941,4911,4739,4751,5679,4523,4877,-1,-1,-1
4872,4946,4882,5041,4873,5209,5205,5042,4761,4883,4733,-1
4947,5220,5251,4303,4883,5275,5221,4882,-1,-1,-1,-1
5209,4944,4882,5041,5205,5108,5107,5206,4872,4947,4873,-1
4882,4945,5251,5108,4883,4946,4303,4872,-1,-1,-1,-1
4521,5020,4949,4678,4680,4606,3974,5148,4151,4520,5270,3975
5148,4606,3974,4071,3975,4948,3902,5020,4521,4605,-1,-1
5376,4704,5219,4951,4952,4703,5218,5375,5360,4673,-1,-1
4950,5359,5361,5376,4703,5360,4704,5273,5661,5647,5219,-1
6296,4950,5219,4704,5218,5197,5000,4673,5029,-1,-1,-1
4430,5079,4603,4845,4457,4816,4999,4124,4815,4431,4391,4125
5157,5155,5154,4955,5156,4853,4860,5348,4630,-1,-1,-1
5155,4931,5348,5302,4954,4853,5154,4558,5349,-1,-1,-1
5311,5310,5163,5010,4957,5054,5309,5314,5323,-1,-1,-1
5274,5310,5323,4956,5309,4938,5324,5010,5311,5100,4939,-1
5024,4004,5026,5025,5027,4553,4894,5346,5293,5060,4003,-1
4962,4970,4961,4971,4898,4900,4741,4864,-1,-1,-1,-1
4740,4961,4662,5002,5312,5128,4741,5069,-1,-1,-1,-1
4971,4741,4960,4959,5002,4740,4962,5004,-1,-1,-1,-1
4864,4326,4898,4959,4741,4961,4900,4449,-1,-1,-1,-1
5253,5097,5510,4646,5252,4965,5387,5096,5254,396,4647,-1
4647,4714,5232,4965,4713,4646,5051,4307,-1,-1,-1,-1
5253,4964,4647,4963,5254,4646,5386,5232,5387,-1,-1,-1
4967,6001,4990,4804,4670,5147,4837,4668,4991,5228,-1,-1
4966,4837,5147,4670,6001,4735,4805,4804,4734,4668,4990,5143
5278,4650,4649,4969,5671,5279,5300,5301,4782,4548,4565,-1
4726,5301,4968,5278,4650,4548,5036,5300,511,4783,-1,-1
5124,5003,4900,5262,4971,4959,4899,4898,-1,-1,-1,-1
4961,5004,5003,4970,4959,5002,5194,-1,-1,-1,-1,-1
3871,4233,4256,4231,4612,5313,3872,4140,-1,-1,-1,-1
5083,5085,4865,5084,4866,5140,5082,4920,5367,-1,-1,-1
5404,5350,5403,4975,4933,4932,5513,-1,-1,-1,-1,-1
4976,4933,5406,5404,5123,4974,5649,-1,-1,-1,-1,-1
4899,5123,4561,4933,5124,4975,4559,4900,5262,5406,-1,-1
5585,4978,4675,4918,5031,5646,5807,4887,-1,-1,-1,-1
4671,4675,4977,4887,5031,4414,4888,4415,5585,-1,-1,-1
4716,6394,5456,4610,5077,4609,5243,5244,4634,4065,-1,-1
5044,4862,4901,5043,5045,5046,4981,5173,-1,-1,-1,-1
5173,4862,4695,5044,4698,4766,4980,5170,5171,4863,-1,-1
5190,4903,5504,4922,4902,5102,5503,5432,4983,4686,4819,4863
5190,5189,5045,4902,5432,4901,5188,5504,4982,-1,-1,-1
4789,5400,5055,5265,4790,5283,5399,4731,4730,-1,-1,-1
5163,5055,5056,5054,4824,4790,5010,5161,-1,-1,-1,-1
5679,253,252,4757,5247,4941,249,4758,4942,248,4911,-1
250,4689,247,254,4758,256,246,4757,4690,249,257,4759
501,4930,5160,500,4530,503,4929,498,505,1008,1010,4727
5137,4992,4803,4802,4879,5136,5048,5070,5181,-1,-1,-1
4802,4966,6001,4804,4743,4991,4803,4967,5147,-1,-1,-1
6001,5321,4992,5228,4802,4990,5225,4966,5181,5147,-1,-1
4989,5321,5181,4802,4991,5136,5137,4803,5320,-1,-1,-1
3447,3952,3530,4479,4724,3444,5395,3531,3389,4781,3390,4481
4997,5014,4995,4718,5012,5011,5013,4720,-1,-1,-1,-1
5146,5012,4720,4994,5080,4718,5014,5178,-1,-1,-1,-1
5081,4997,4719,4889,4718,4754,4667,5011,4842,5103,-1,-1
4996,5011,4718,4889,4994,5081,5013,5064,4719,-1,-1,-1
5126,4892,4374,5038,4375,5039,6050,5095,4635,4192,4550,5196
347,349,4797,4457,5079,4816,345,4953,351,4458,4717,4346
4673,6296,4545,4704,4516,4910,4952,4672,5029,-1,-1,-1
4393,4937,4935,4478,4518,4297,4936,4298,-1,-1,-1,-1
5127,5004,4961,4960,5128,4971,5191,-1,-1,-1,-1,-1
4970,5194,4971,5276,5262,5004,5124,-1,-1,-1,-1,-1
5194,5127,4971,5003,5195,5002,4961,5193,-1,-1,-1,-1
3672,3576,3671,3473,3743,3474,3947,3561,3670,3840,3584,3741
5007,4206,4240,4465,4205,4466,4242,4064,4113,4114,5030,4146
5006,4466,5030,4465,4723,4205,4240,4494,4206,-1,-1,-1
5203,5009,5553,5268,4639,4715,5269,5204,4638,-1,-1,-1
5269,5008,5270,5268,4636,4715,5203,4340,5168,5019,4606,4639
4764,5163,5310,4956,4939,4824,5054,4763,4654,4985,4957,-1
4997,5013,4889,5062,5064,4994,4996,5014,4718,5033,-1,-1
5014,5146,4995,5178,5180,4994,5211,5013,5282,-1,-1,-1
5014,5011,5062,5211,5151,4994,4997,5012,5180,-1,-1,-1
5012,5013,5211,5180,4994,4995,5178,5011,5213,5151,-1,-1
5116,4857,5016,4858,4859,5088,5113,5087,5086,4621,-1,-1
5015,5089,4858,5087,5086,5088,5380,5116,4857,5090,-1,-1
3756,4496,4709,4076,647,3863,4708,644,650,4756,640,4710
5021,5165,5167,5164,5166,4679,5576,5461,4681,5168,318,-1
4681,5269,5020,5021,5270,4678,5168,4679,5268,4606,4520,5009
4678,4606,5270,5019,4948,4681,5269,4680,4949,5148,4636,4520
5018,4681,5168,5019,5164,4679,5269,5167,5166,4678,4520,5165
3531,3464,3445,3658,3603,3657,5785,3444,3530,3799,-1,-1
4923,5272,4467,4786,5325,4265,5271,4794,4468,4422,-1,-1
5346,4958,5293,4894,5025,4553,5026,5347,4755,4890,4753,-1
5347,5026,5024,4958,5293,4793,4890,5027,4792,5346,5222,4894
5025,5027,5222,4793,4958,5347,5024,5061,4566,4004,5060,4792
5026,5060,5061,5222,4004,4958,5025,4434,4793,3982,-1,-1
4550,5196,5125,5126,4500,4375,5039,4373,4539,4909,5197,5029
6296,5125,4909,5197,4910,4500,5000,5196,5028,4952,4653,-1
5244,5007,4723,5078,4494,5076,4205,4716,4466,5006,5077,-1
5585,4887,4977,5532,5413,4978,4888,5530,5587,4671,-1,-1
5033,4792,5347,4890,5064,4791,5062,5063,4793,5293,5025,-1
5032,5062,5063,4791,5064,4792,4890,5151,5347,5011,-1,-1
4649,5063,4782,5150,4791,5277,-1,-1,-1,-1,-1,-1
506,5425,5037,5036,505,507,5160,4726,509,503,4727,5301
5425,5301,5035,4726,5037,4969,509,511,506,507,5278,5300
5035,4727,4726,5160,5036,505,4546,5425,506,1013,1016,4930
6050,5095,4998,5065,4892,5067,5039,5066,5126,-1,-1,-1
6050,5196,5126,5112,4998,5038,5110,5066,5028,5067,-1,-1
5042,4886,4820,4873,5224,5489,5041,5223,4761,-1,-1,-1
5042,5205,4944,4946,4873,5484,5209,5489,5040,5107,4872,4882
5489,5040,5041,5484,4873,5224,5490,5205,4944,-1,-1,-1
5046,5172,5169,5044,4980,5522,5685,5170,5524,-1,-1,-1
5173,5172,5170,4980,5043,4981,4862,5416,5169,5171,-1,-1
4901,5046,5540,5189,4983,4980,4902,5541,-1,-1,-1,-1
5043,5540,5045,5522,5555,4980,5169,-1,-1,-1,-1,-1
5048,5074,5072,5129,4879,5175,5073,5137,5071,4880,5130,-1
5047,5137,5073,5072,4879,5070,5074,5129,5071,4989,298,296
4712,5331,4570,5050,4778,5330,4572,4571,4777,4714,5131,4480
4712,5049,5051,5330,4714,5331,5445,4570,5131,5431,4572,-1
5445,5431,5050,4714,5232,5330,380,381,4712,377,4964,383
808,810,5053,5365,5153,806,811,5339,5138,805,5813,5152
806,5052,808,5138,805,5153,810,803,5152,4924,5365,811
5163,5311,5056,5314,4985,4956,5010,5162,5528,5309,5055,4824
4985,5400,5161,4984,5056,4790,4789,5892,5054,-1,-1,-1
5054,5161,4985,5162,5314,5055,5163,5311,5316,-1,-1,-1
5535,5059,4688,5534,5101,5058,4687,5412,-1,-1,-1,-1
5412,4688,5426,4828,5535,4827,5057,5634,5633,-1,-1,-1
4687,5057,4686,4688,5102,5101,5503,5534,4922,-1,-1,-1
3982,5027,4004,4434,5061,3983,3759,3456,4226,4958,5222,5026
4226,5222,4434,5027,5060,4567,5026,3982,4228,4566,3963,-1
5033,5151,5013,5011,5064,5063,5032,-1,-1,-1,-1,-1
5033,5151,5034,5150,4791,5062,5032,5212,-1,-1,-1,-1
4890,5033,5062,5011,5032,4889,5103,5347,5293,4997,-1,-1
5095,5092,5067,5068,5038,5093,5094,4892,6050,4893,5098,5066
6050,5111,5067,5110,5039,5291,5068,5038,5112,5289,5065,-1
5066,6050,5068,5065,5038,5111,5289,5110,5039,5095,5092,5608
5067,5608,5289,5065,5094,5092,5111,5066,5537,6050,-1,-1
4740,4232,4662,4663,4325,4271,5118,4960,4741,-1,-1,-1
295,296,5073,5137,5136,5183,5048,293,298,4989,5182,5072
300,5072,298,303,5073,5130,5048,5129,296,5047,305,-1
5071,5047,5129,5048,5073,5130,300,298,5074,5137,303,5177
5070,5048,298,296,5072,5071,5137,300,5047,295,5136,-1
5047,5175,4880,4879,5129,5048,5072,5202,5176,4744,5177,-1
816,5813,5261,813,5340,811,5358,5339,818,810,5520,820
5078,5263,4722,4723,4765,5030,5242,5244,5463,4593,-1,-1
4716,5078,5243,5244,5242,4979,5456,5263,5373,6394,5030,-1
5076,5077,5263,5244,5242,5030,4716,4723,4765,5463,-1,-1
4816,4953,4999,347,4603,345,4815,4457,4430,343,4845,349
5303,5146,5636,4995,5645,5179,4665,4720,-1,-1,-1,-1
4667,4996,4718,4719,4997,4664,4589,4588,4720,4754,4889,4842
5083,5184,5366,4866,5598,4973,5367,5308,5140,4865,5851,4796
5082,5367,5140,5366,4973,5850,4866,5084,5598,5184,5760,5141
5418,4920,5140,4973,4919,5141,5142,5085,5083,-1,-1,-1
4865,4920,5619,4851,4973,5084,4795,4866,4849,4855,4919,4940
4858,5089,5090,4812,5145,5016,4625,5015,5117,5319,-1,-1
5380,5115,5088,5089,5016,5215,5117,5382,5114,5015,-1,-1
5113,5087,5116,5115,5016,5015,5114,5089,5380,5185,5215,-1
5380,5016,5117,5087,5086,5090,5382,4858,5088,5215,5145,5318
5089,5086,5319,5117,5145,5318,5380,5670,5016,4812,-1,-1
4236,4464,4316,4318,4234,4462,4083,4463,4235,4317,4390,-1
5094,5065,5093,5099,5098,5068,5095,5608,5256,5257,5067,-1
5095,5098,5092,4893,5149,5065,5099,4892,5374,5257,-1,-1
5092,5608,5537,5099,5256,5068,5065,6048,5289,5098,5343,-1
4892,5065,5093,4893,5038,5092,4635,4998,5067,5149,4634,5098
5252,5174,5337,4645,5097,402,405,4885,400,407,4760,4963
4645,4963,4700,4646,5096,5252,4308,5337,5510,4760,-1,-1
5257,5093,5099,5149,5374,5092,5477,4893,5258,5094,5065,5095
5256,5257,5098,5092,5094,5258,5093,5537,5374,6049,6048,5477
5274,4850,4799,5324,5135,4938,4957,4784,-1,-1,-1,-1
5503,5534,5059,5057,5102,5486,5504,5703,5392,-1,-1,-1
4982,5059,5504,5503,4686,5101,4922,5190,4687,-1,-1,-1
4889,4890,4755,5293,4754,5064,5346,4996,5347,-1,-1,-1
5699,5643,5379,5105,5554,5378,4912,5533,4913,5700,-1,-1
4912,5377,5104,5379,5378,5106,4915,5699,5670,-1,-1,-1
5670,6104,4912,5377,4915,5105,5319,6054,5802,-1,-1,-1
6032,5205,5209,5206,5208,5424,4946,5207,5484,5041,5543,-1
5209,4947,5206,4946,5368,4882,5251,5369,-1,-1,-1,-1
5497,4905,4868,4928,5122,4867,5496,5287,4869,-1,-1,-1
5066,5112,6050,5291,5218,5039,5111,5067,5196,5197,-1,-1
5066,5289,5067,5110,5290,5292,5291,5068,6050,5608,-1,-1
5196,5110,5218,5197,5039,6050,5125,5066,5291,5028,5126,-1
5185,5116,5088,5114,5245,5115,5015,5187,5545,-1,-1,-1
5115,5187,5113,5185,5088,5186,5217,5087,5215,5238,-1,-1
5114,5215,5087,5186,5088,5380,5113,5217,-1,-1,-1,-1
5015,5113,5245,5088,4859,5016,4857,5396,5185,5329,-1,-1
5380,5816,5089,5090,5382,5318,5087,5936,5381,5215,5086,-1
4046,4663,4044,4232,4029,4047,5069,4045,4201,-1,-1,-1
5769,4642,5250,5249,4693,4908,5248,4643,5599,-1,-1,-1
5121,5288,5770,4904,5234,5122,5507,4844,-1,-1,-1,-1
4844,5234,5120,4904,4843,5770,4906,5462,4770,-1,-1,-1
5109,5288,4905,5120,5287,5497,4904,-1,-1,-1,-1,-1
4976,5306,5124,5406,5262,4975,4899,5564,4933,4561,-1,-1
4899,5262,4976,4970,5123,4900,4561,5306,5003,-1,-1,-1
5029,5028,4500,5196,4909,5197,6296,4550,5112,5126,3884,4910
5028,4998,4550,5196,5039,4375,5125,4373,4500,5112,4374,5038
5195,5191,5004,5002,5192,5194,5128,-1,-1,-1,-1,-1
5312,5191,5250,4960,5002,4643,4662,5127,-1,-1,-1,-1
5047,5072,5175,5177,5074,5130,5048,5176,5071,5584,4879,4880
5584,5583,5071,303,5072,5129,305,5177,300,308,5582,5047
5446,5331,5330,5132,4562,375,373,377,5050,371,4777,5445
5446,5267,371,373,5131,4562,4563,369,375,4897,5331,4299
5231,5229,5134,5135,5230,4852,-1,-1,-1,-1,-1,-1
4921,4852,4849,5231,5133,4919,4940,-1,-1,-1,-1,-1
5133,5324,5100,4850,5336,5229,4852,5274,-1,-1,-1,-1
5070,5183,293,5182,5181,5137,295,4992,4989,5994,291,296
5048,5070,4989,5073,5136,4879,5047,5072,296,295,4992,4803
5053,5152,4927,4924,5153,5322,806,805,5052,803,808,4926
3925,3926,3920,3892,4473,4334,4488,3740,3891,4474,4161,-1
5083,5367,5141,5084,4973,5760,5366,5479,5082,5418,5850,5142
5142,5140,5479,5478,5084,5418,5760,5367,5589,5417,5083,-1
5589,5418,5141,5417,5478,5479,5084,5588,5911,4921,5140,4919
4808,5228,4805,5147,5144,6001,4839,5225,4788,4967,4837,-1
5143,5874,5226,5228,5225,5227,4839,4808,5351,-1,-1,-1
5319,4812,4814,6104,5086,5090,6054,4577,5089,4858,-1,-1
4995,5178,5012,5179,5080,5280,5180,5645,4720,-1,-1,-1
4967,6001,5143,4966,4805,5228,4837,4670,4808,4991,4990,-1
4606,4605,4071,4949,4636,4340,4077,5270,5020,4948,3975,4607
6394,5374,5098,5093,4893,5243,4634,5257,5373,5095,-1,-1
5212,5063,5277,5034,5151,5284,5286,-1,-1,-1,-1,-1
5212,5062,5063,5211,5013,5150,5213,5033,5014,-1,-1,-1
5153,5322,5363,5138,5053,4927,5420,5052,5364,5389,5365,-1
5152,5052,5365,5053,5363,5138,5364,808,810,5322,806,-1
5155,5156,5800,5518,4954,5348,4955,5157,5801,5492,-1,-1
5154,5348,4955,4954,5518,5156,5349,5302,5800,-1,-1,-1
5154,5157,4630,5801,5800,4954,5155,5491,4632,4826,-1,-1
5156,4630,4954,4826,4860,5154,4584,4861,5801,-1,-1,-1
4386,5627,5410,787,5159,4387,5411,785,790,5304,4579,783
5627,790,4848,5158,787,4925,793,4386,5304,5411,785,-1
505,503,4930,4988,4727,5037,501,5035,1013,1014,1016,1010
5892,5056,5055,5162,5316,5400,5519,5399,4985,5314,-1,-1
5316,5314,5315,5056,5317,5161,5054,5892,-1,-1,-1,-1
5010,5054,4985,4824,4956,4764,5311,5056,5310,-1,-1,-1
5166,5168,5018,5525,5021,5260,5461,5165,5268,5485,5269,-1
318,5576,5018,5167,320,5461,5166,316,323,5241,5164,4679
5461,5164,5525,5018,5165,5485,316,318,314,5021,5260,-1
5576,4679,5241,5018,5165,5255,320,323,5021,4432,318,4681
5269,5164,5021,5268,5260,5019,5018,5203,4681,5270,5009,5525
5685,5172,5524,5043,5522,5521,5523,5416,6095,5044,5046,5170
5416,5173,5172,5171,5044,5415,5524,5460,4981,5043,5266,4766
5173,5170,4767,5266,4766,5415,5416,5044,4765,4981,4721,-1
5169,5416,5170,5524,5043,5044,5685,5173,5460,5415,5521,5522
4981,5170,5171,5044,4766,5172,4698,4767,5416,4862,4980,5415
405,5096,407,4885,5337,402,5252,409,400,4645,4746,4760
5176,5074,5129,5202,4880,5177,5047,5204,4641,5259,5072,4879
5175,5204,5259,5202,5177,5129,5338,5074,5203,5260,5553,4880
5584,5176,5129,5338,5259,5175,5130,5583,5582,5074,5204,5072
5280,5146,5012,5180,5282,5179,5332,4995,5014,5333,-1,-1
5332,5146,5645,5178,5280,5635,5080,5636,5333,-1,-1,-1
5014,5178,5012,5282,5281,5211,5213,5146,5280,5295,5013,-1
5994,5321,5182,4992,5136,5320,5536,293,5183,4991,5225,4989
293,5994,291,5183,5181,5136,6247,289,5536,295,5320,5070
293,295,291,5182,5136,5070,296,289,6247,5994,5181,-1
5082,4592,5308,4866,4796,5598,4420,5366,5083,-1,-1,-1
5113,5187,5545,5239,5245,5114,5116,5240,5088,5344,-1,-1
5215,5115,5217,5214,5216,5114,5429,-1,-1,-1,-1,-1
5238,5185,5114,5240,5239,5217,5113,5473,5621,-1,-1,-1
5432,5394,5189,5393,5391,4983,5541,5190,5392,-1,-1,-1
5541,4983,5540,5188,5394,5045,5432,5740,-1,-1,-1,-1
5504,4983,4982,4902,5432,4903,5392,5188,4901,5102,5503,-1
5127,5128,5250,5249,5192,5002,5195,-1,-1,-1,-1,-1
5236,5195,5127,5235,5191,5249,5237,5193,-1,-1,-1,-1
5195,5298,5235,5194,5601,5437,5004,5276,5474,5192,-1,-1
5193,5004,5298,5003,5195,5276,5127,4971,-1,-1,-1,-1
5127,5193,5194,5004,5192,5235,5298,5191,-1,-1,-1,-1
5028,5112,5125,5039,5126,5197,4550,4500,5029,5110,5218,6050
5029,5112,6296,5125,5218,5196,4952,5028,4909,5110,-1,-1
4532,4245,4020,4306,4305,3928,3883,3881,4038,-1,-1,-1
4072,4073,3930,4254,4585,4255,4586,3908,4583,4699,3931,-1
467,470,4098,4005,3967,4006,4187,463,472,3964,3810,3807
3818,3817,4078,3637,3842,3638,4358,3693,3907,3803,3467,-1
4641,5176,5175,5204,5553,4880,5203,5074,4637,4638,5259,5177
5204,5268,5008,5553,5260,5202,5009,5168,5259,5269,5176,-1
5203,5176,5202,5259,5260,5553,5268,5175,4641,5008,5177,-1
5107,5041,5209,5484,4946,5208,5206,6032,5042,4944,-1,-1
5209,5424,5107,5368,6032,5108,4946,5205,5543,5422,-1,-1
6032,5542,6460,5543,5544,5208,5107,5424,-1,-1,-1,-1
5107,5542,6032,5609,5205,5207,5787,5484,-1,-1,-1,-1
4946,5206,5107,5205,5108,6032,5041,4882,5424,4944,5368,-1
4776,4527,4709,4708,4756,4526,4856,4352,4372,4427,5017,4076
5213,5014,5180,5212,5013,5151,5281,5296,5012,-1,-1,-1
5213,5151,5150,5284,5296,5211,5281,5063,5444,-1,-1,-1
5211,5296,5212,5281,5180,5151,5284,5297,5444,5014,-1,-1
5427,5429,5216,5186,5428,5430,5217,-1,-1,-1,-1,-1
5380,5115,5382,5186,5087,5216,5117,5381,5089,5114,5088,-1
5430,5382,5381,5215,5214,5612,5186,5427,5380,-1,-1,-1
5186,5238,5473,5429,5114,5187,5214,5115,-1,-1,-1,-1
5112,5219,5197,5291,5110,4952,5196,4950,5375,6296,-1,-1
4950,5218,5376,5375,5291,4952,5661,4951,-1,-1,-1,-1
4945,3968,5221,5275,5457,4303,4301,-1,-1,-1,-1,-1
4303,4301,3968,5220,4283,3935,4945,4302,-1,-1,-1,-1
4566,5026,5061,5027,4793,4567,4547,4226,5025,5060,4651,-1
5491,4886,5801,4631,4632,5224,5040,5800,-1,-1,-1,-1
5489,5491,5040,5042,5223,5492,5490,4886,-1,-1,-1,-1
5228,5321,5227,5320,5144,4991,5226,6001,5143,5181,-1,-1
5227,5874,5351,5880,5144,5352,5353,4839,5225,5471,-1,-1
5226,5320,5225,5353,5880,5144,5874,5536,5351,5321,-1,-1
5143,5225,6001,5147,4991,5144,5321,4966,4805,-1,-1,-1
5336,5230,5383,5133,5384,5135,5231,5451,5324,-1,-1,-1
5704,5384,5231,5229,5133,5516,5419,5606,5383,-1,-1,-1
5419,5230,4921,5133,5704,5134,5417,5229,-1,-1,-1,-1
5431,4964,5386,5051,4965,4714,383,381,385,5445,380,-1
5465,5234,4891,5466,5770,4907,5654,5464,-1,-1,-1,-1
5121,5233,5770,4891,4843,5120,4844,5466,-1,-1,-1,-1
5193,5474,5195,5237,5192,5601,5236,-1,-1,-1,-1,-1
5792,5248,5192,5249,5237,5235,5769,5730,-1,-1,-1,-1
5236,5792,5474,5235,5475,5476,5192,-1,-1,-1,-1,-1
5473,5187,5621,5240,5217,6060,5771,5114,5239,-1,-1,-1
5240,5545,5185,5470,5187,5408,5771,5326,5238,-1,-1,-1
5771,5239,5238,5621,5187,5470,5591,5185,5472,-1,-1,-1
5576,323,5255,4833,324,5167,320,4832,326,4679,5165,4432
5263,5373,5077,5798,5078,5463,5243,5076,5374,4765,-1,-1
5077,5373,5374,6394,5149,4979,5242,4716,-1,-1,-1,-1
4716,5030,4494,5078,5456,5077,4979,5076,4065,4205,-1,-1
5329,5116,5344,5113,5396,5545,5185,4859,5327,-1,-1,-1
4794,5396,4623,5327,4622,5325,5329,4923,4421,4859,-1,-1
252,248,4942,5436,5679,4986,5435,244,253,243,-1,-1
5769,5236,5792,5683,5730,5249,5119,5797,4908,-1,-1,-1
5236,5119,5248,5250,5191,5769,5192,-1,-1,-1,-1,-1
5119,4643,5128,5249,5191,4642,5312,5769,-1,-1,-1,-1
4947,5546,4945,5369,5275,5108,5851,6107,4882,-1,-1,-1
5096,5510,400,4963,402,5097,396,5174,5253,405,395,4645
5387,4963,5254,5510,4965,395,391,393,5385,396,5252,5386
5385,5387,5253,391,389,5386,393,387,4965,395,5510,385
4432,5241,4833,5167,4679,4317,5576,4520,324,323,4682,4681
6048,5099,5094,5537,6049,5258,5257,5092,5666,5677,5954,5608
5098,5477,5099,5374,5258,5736,5373,5256,5149,5092,5093,-1
5736,5257,6049,5256,5099,5832,5477,5817,6048,5098,6159,-1
5176,5338,5525,5204,5260,5177,5584,5203,5175,5202,5485,5582
5203,5268,5259,5525,5204,5168,5164,5269,5176,5166,5338,-1
5358,5075,816,5340,818,5520,820,5556,5813,813,821,811
5124,5276,5306,5003,4970,5123,4899,4976,4900,-1,-1,-1
4765,5463,5242,5076,5078,4722,5798,5077,5266,5373,-1,-1
5636,4730,5303,5561,4666,5265,5645,4789,4492,4665,-1,-1
4789,4730,5561,5264,5283,4984,4731,5397,5636,4666,-1,-1
5171,4767,5458,4765,5463,5415,5263,5170,5798,-1,-1,-1
369,4897,371,4563,5132,368,373,4896,5446,366,4311,4562
5203,5269,5168,5009,5008,5260,5204,5270,5019,5553,5164,-1
5268,5270,5168,5019,5009,5020,5021,5008,5203,5260,4636,4681
5269,5020,4606,5009,5019,4636,5268,5148,4678,5168,4948,-1
5402,5272,4787,5327,4806,5325,5326,5344,4786,5023,-1,-1
5271,4786,5023,4787,5325,4736,4923,4467,5402,5327,-1,-1
4888,4703,5361,5414,4705,4887,4672,4951,4671,5647,-1,-1
4957,5100,5324,5323,4938,5310,5309,5135,-1,-1,-1,-1
5851,5457,5220,5546,4945,5251,5598,5850,-1,-1,-1,-1
5262,5003,5194,5298,5307,5306,5193,5437,-1,-1,-1,-1
5286,5150,5671,5285,4649,5034,5284,-1,-1,-1,-1,-1
4968,5300,5279,5301,4969,5671,511,514,4650,5299,4649,5526
5300,5299,5671,5526,5278,514,5285,4968,511,5301,513,5527
5333,5332,5178,5282,5334,5179,5370,5483,5146,5295,5180,5635
5213,5295,5180,5296,5282,5297,5211,5212,5444,-1,-1,-1
5295,5280,5178,5180,5281,5334,5333,5611,5297,5012,-1,-1
5265,5398,5399,5401,4984,5561,5400,5397,4789,-1,-1,-1
5286,5212,5296,5409,5150,5444,5277,5213,5442,5285,-1,-1
5526,5286,5442,5671,5665,5277,5279,5409,5299,5284,5527,-1
5285,5442,5284,5409,5277,5665,5444,5526,5671,5150,5618,-1
6295,5288,5497,5563,5122,5495,5507,5109,5562,5570,-1,-1
5507,5120,5122,5770,5287,6295,5562,-1,-1,-1,-1,-1
5608,5290,5111,5068,5343,5067,5066,5537,5094,5341,5292,-1
5289,5292,5341,5342,5343,5111,5608,-1,-1,-1,-1,-1
5110,5375,5218,5292,5219,5111,5066,5112,-1,-1,-1,-1
5375,5290,5291,5590,5342,5111,5661,5289,-1,-1,-1,-1
5024,4890,5346,5103,5025,5347,4755,4894,4958,5032,5064,-1
4564,4571,4300,4569,4627,4778,4628,4777,4481,4707,4277,4570
5611,5282,5297,5334,5281,5482,5615,5280,5180,5441,5296,5549
5213,5444,5212,5281,5284,5297,5211,5441,5409,5295,-1,-1
5441,5295,5611,5444,5296,5615,5281,5616,5213,5443,5282,5549
5193,5437,5194,5276,5307,5601,5438,5195,-1,-1,-1,-1
514,5279,513,5526,5300,5527,512,5278,511,5671,5665,5285
514,5279,511,5278,5301,5299,513,5671,5526,4968,509,4969
511,5036,5300,5278,4969,509,5425,514,4726,4968,5279,5035
5348,5350,4955,4931,4932,5349,5155,6076,-1,-1,-1,-1
5636,4665,4666,5264,5080,5645,4730,5561,5602,4720,4664,-1
5627,5388,4925,5411,5305,5159,4926,5158,5634,4848,5390,-1
5304,5388,4927,4926,5389,4925,5322,5390,5627,-1,-1,-1
5564,5123,5262,5276,5307,5406,5405,5407,5124,-1,-1,-1
5405,5276,5298,5437,5438,5564,5306,-1,-1,-1,-1,-1
5598,4592,3969,5184,5457,4139,5082,4420,5366,5851,-1,-1
5311,5323,4956,5528,4957,5493,5335,5314,5054,5274,5310,-1
4957,4939,5010,4956,4938,5274,4764,4810,5163,5309,-1,-1
5309,5054,5314,5528,4956,5163,5056,5493,4957,5315,5323,-1
4662,5128,4643,4644,4960,5250,4740,4663,-1,-1,-1,-1
4611,4612,4831,4256,4538,4972,5980,4512,4371,4544,3871,4140
5311,5162,5054,5315,5528,5056,5804,5309,4956,5161,-1,-1
5804,5314,5805,5162,5317,5528,5806,5311,5316,-1,-1,-1
5519,5162,5317,5161,5892,5881,6768,5893,5056,5315,-1,-1
5805,5316,5315,5839,5162,5881,5519,-1,-1,-1,-1,-1
5936,5670,5117,5090,5802,5319,5816,5935,5089,-1,-1,-1
5670,5145,6104,5090,5318,5106,5802,5377,4814,5086,-1,-1
5994,5536,5321,5227,5181,5225,5353,5182,5879,4992,-1,-1
5181,5225,4991,4992,5320,5994,5228,5227,4802,6001,-1,-1
5152,5389,4927,5420,5363,5138,5305,5153,4926,5631,-1,-1
5309,5335,4957,5324,5274,5493,5336,4956,5451,5311,-1,-1
5274,5336,5323,5135,5100,5335,4957,5451,5229,-1,-1,-1
4923,5272,5327,5023,4794,5271,5246,5402,4786,-1,-1,-1
5402,5408,5344,5545,4806,5271,5329,4807,5327,5239,-1,-1
5329,5402,5344,5325,5246,5271,5396,5326,5272,5245,4794,-1
4475,4525,4524,4639,4638,4161,6029,4474,3925,-1,-1,-1
5344,5396,5327,5245,5402,5246,5545,4859,5326,5116,-1,-1
5445,5131,5050,377,375,5051,5331,5446,380,5049,5431,373
5049,5131,4562,5050,4777,5330,4778,5446,4712,4570,5132,4564
5333,5635,5280,5483,5179,5645,5370,5178,5372,5334,5560,-1
5370,5332,5280,5483,5334,5371,5282,5481,5372,5482,5635,5179
5333,5295,5370,5482,5282,5611,5280,5481,5332,5549,-1,-1
5451,5323,5336,5493,5324,5494,5309,5822,5383,-1,-1,-1
5324,5229,5451,5383,5335,5135,5323,5822,-1,-1,-1,-1
4885,4760,4645,5096,5174,4746,407,4403,409,405,5097,5252
5582,5584,5259,5525,5485,5177,5583,312,310,5176,5260,314
5813,5365,5340,810,5362,5552,811,5052,5075,808,813,5520
5075,5813,5261,5520,5339,5552,816,811,813,5358,810,5732
5356,5357,5343,5290,5355,5342,5354,5289,-1,-1,-1,-1
5590,5357,5290,5719,5292,5341,5735,-1,-1,-1,-1,-1
5608,5341,5289,5666,5537,5290,5355,5356,5094,-1,-1,-1
5329,5402,5326,5545,5327,5245,5396,5271,5408,4806,5185,-1
4011,3477,4052,3976,4026,3479,4729,3478,3632,4010,-1,-1
5024,4894,4755,5293,4753,5103,4958,4217,5025,4752,4553,-1
5025,4890,5032,4792,4793,5293,5026,5024,5064,5033,5103,-1
5155,5349,5302,4955,5518,5154,5350,6093,4931,4954,-1,-1
5348,5512,6093,5350,5302,5518,5155,5403,4955,6177,-1,-1
5403,5302,5349,4974,5512,4932,5348,5513,-1,-1,-1,-1
5352,5874,5226,6030,5880,5471,4839,5227,5592,5668,5472,5144
5351,5668,6030,5592,5880,5226,5667,5775,5471,5874,-1,-1
5536,5227,5880,5775,5879,5320,5994,5226,6247,5778,-1,-1
5356,5594,5720,5357,5547,5595,5355,5341,5920,5719,-1,-1
5356,5666,5796,5548,5343,5547,5341,5354,5677,5537,-1,-1
5354,5355,5341,5357,5547,5594,5720,5343,5548,-1,-1,-1
5354,5356,5341,5719,5720,5342,5594,5919,-1,-1,-1,-1
820,5261,5556,821,818,5520,816,5075,5340,823,5731,5732
5360,5647,5361,4951,5648,5376,5702,5661,5660,5531,5414,4703
5359,5661,5376,5660,5648,4951,5647,5361,5375,4950,5590,-1
5273,5359,4703,5647,4951,5414,4888,5531,5360,-1,-1,-1
5365,5339,5550,5551,5364,5552,5052,-1,-1,-1,-1,-1
5152,5420,5364,5153,5322,5421,5614,5389,5138,5365,-1,-1
5363,5365,5550,5153,5362,5421,5152,5052,5420,-1,-1,-1
5052,5339,5153,5362,810,5364,808,5813,5053,811,5152,5363
5367,5851,5083,5598,5850,5082,5140,5184,5546,5760,5308,-1
5083,5850,5366,5140,5760,5851,5082,5141,6107,5479,4973,-1
5424,5206,5423,5369,5422,5108,5209,5638,5543,6032,5565,-1
6107,5368,5546,5638,5251,5423,5108,5850,-1,-1,-1,-1
5333,5481,5371,5334,5482,5483,537,5372,5280,5332,540,535
540,5370,5481,5372,5480,537,5483,542,5333,5803,5482,544
5803,5483,5480,5371,5560,5625,540,5748,542,5370,5333,5635
5374,5242,5798,5477,5243,5257,5463,5077,6159,5149,5263,-1
5373,5257,5149,5098,5477,5243,5798,5242,5099,5093,6394,-1
5661,5376,5219,5291,5590,5292,5360,4950,5218,5660,-1,-1
5661,4950,5360,5219,5375,4951,5359,5660,5590,4704,-1,-1
6041,5670,5105,5802,5106,5378,5782,4912,5319,-1,-1,-1
5782,5699,5105,5104,5377,6041,5698,6940,5643,-1,-1,-1
4912,4913,5104,5105,5554,4878,4915,5436,5643,-1,-1,-1
5087,5382,5117,5215,5089,5115,5816,5016,5090,5381,5216,5088
5612,5382,5816,5216,5836,5430,5837,5117,5936,5215,5380,-1
5380,5381,5215,5816,5117,5216,5087,5612,5089,-1,-1,-1
5451,5515,5822,5384,5336,5229,5867,5335,5230,-1,-1,-1
5230,5515,5383,5516,5514,5229,5704,-1,-1,-1,-1,-1
391,389,5254,393,5387,387,395,5386,5253,385,5510,396
385,387,5254,389,5232,383,4965,5385,5431,391,5253,381
393,395,391,5253,5254,5510,5385,396,389,4963,400,5252
5304,5634,5390,5411,5305,5627,5389,4925,5633,-1,-1,-1
5322,5631,5390,5420,5305,5388,4927,5152,5363,5632,5614,-1
5389,5388,5633,5634,5631,5632,5305,5304,5412,-1,-1,-1
5433,5453,5394,5455,5452,5188,5393,5506,5454,-1,-1,-1
5503,5393,5432,5504,5486,5190,5434,5188,5101,-1,-1,-1
5392,5433,5432,5434,5188,5391,5486,5506,5504,5503,-1,-1
5541,5188,5453,5741,5189,5391,5740,5540,-1,-1,-1,-1
4711,4479,4480,4572,4724,4309,4481,4570,4993,3952,4713,-1
5329,5246,4859,4623,5327,5245,5344,5116,4622,-1,-1,-1
5561,5398,5635,5645,5560,5283,5636,5265,-1,-1,-1,-1
5397,5559,5401,5283,5560,5561,5625,5573,5399,-1,-1,-1
5400,5401,5575,5892,5283,5573,4984,5161,5398,-1,-1,-1
5399,4984,5055,5892,5161,5283,5575,5401,4789,-1,-1,-1
5399,5573,5398,5559,5283,5575,5574,5400,-1,-1,-1,-1
5271,5326,5344,5327,4806,5329,5545,5408,5272,5325,4787,-1
5513,5350,5512,5511,4974,6177,5349,5404,-1,-1,-1,-1
5649,4975,4974,5513,5789,5406,5650,5407,5403,-1,-1,-1
5564,5438,5439,5652,5307,5407,5440,5437,5306,5721,-1,-1
5407,5123,4975,5649,5564,5306,5404,5449,4976,-1,-1,-1
5449,5564,5649,5406,5652,5405,5650,5448,5306,5404,5651,-1
5326,4838,5470,4807,5545,5239,4806,5402,5344,-1,-1,-1
5442,5444,5286,5443,5618,5284,5617,5441,5285,5665,5296,-1
5158,4579,4387,5411,4827,4386,4828,5627,4007,785,787,5634
5627,5410,5304,5388,5158,5634,4827,5159,4386,4925,5412,4387
5058,5634,5633,5535,4827,4828,5057,5411,5390,-1,-1,-1
5530,5414,5532,5529,4887,5531,5031,4888,5883,-1,-1,-1
5273,5361,5413,4888,5531,4887,5647,4703,5359,5529,-1,-1
5416,5460,5266,5458,5171,5170,5459,6094,5524,5172,5173,-1
5170,5460,5524,5172,5415,5169,6095,5171,6094,5044,5459,5173
5589,5142,4921,5418,5419,5588,4919,5478,5911,5231,5141,5831
5142,5084,4919,5417,4921,5141,5589,4920,5140,5478,-1,-1
5417,5704,5588,5231,4921,5831,5589,5606,5230,-1,-1,-1
5363,5614,5631,5389,5322,5421,5152,5669,5364,-1,-1,-1
5614,5597,5890,5363,5364,5420,5550,5613,-1,-1,-1,-1
5424,5565,5543,5423,5368,5517,5206,6032,5637,6460,-1,-1
5638,5422,5368,5565,5637,5369,5639,5424,6107,-1,-1,-1
5206,5422,5543,5368,6032,5107,5423,5209,5207,5517,6460,5565
507,5035,506,509,5036,5301,511,5037,505,4726,-1,-1
4828,4685,4106,4688,4105,5058,4687,4827,4579,4061,-1,-1
5430,5828,5428,6132,5214,5672,5216,5830,5829,-1,-1,-1
5427,5673,5674,6132,5672,5214,5429,5828,5430,-1,-1,-1
5674,6034,5214,5473,5217,5428,6182,5186,5673,-1,-1,-1
5427,5828,5612,5216,5829,5214,5381,6132,5837,5428,5830,-1
381,5445,380,5051,383,5232,385,377,5386,5330,5050,4714
5188,5190,5392,5504,5393,4983,5503,5189,4982,-1,-1,-1
5506,5452,5393,5391,5434,5455,5501,5488,-1,-1,-1,-1
5506,5433,5487,5393,5488,5486,5392,5452,-1,-1,-1,-1
244,243,248,5533,5436,5247,5554,241,252,4913,4942,5643
4913,4942,5247,5435,5554,4914,5679,248,5379,244,252,4878
5438,5298,5601,5307,5600,5193,5405,5440,5276,-1,-1,-1
5437,5405,5440,5439,5307,5600,5298,5564,5652,-1,-1,-1
5440,5405,5721,5438,5652,5450,5448,5447,5564,5469,-1,-1
5439,5438,5469,5450,5600,5714,5405,5437,5721,-1,-1,-1
5616,5297,5615,5443,5444,528,529,5611,5409,5296,5617,531
5665,5409,5286,5285,5618,5526,5664,5284,5443,5617,5527,5444
5617,5616,5441,5409,528,5444,5618,525,529,5442,5615,5297
5296,5409,5441,5443,5297,5284,5616,5286,5213,5442,5281,5615
380,5051,5330,377,5431,381,5050,375,383,5232,5131,5446
373,5131,375,5132,371,5330,377,4562,5267,5331,4563,369
6236,5721,5663,5450,5467,5722,5812,5448,5439,-1,-1,-1
5651,5449,5721,5663,5662,5652,5650,5407,5447,5439,5723,-1
5407,5651,5650,5448,5649,5652,5662,5789,5564,5721,5406,5917
5440,5447,5469,5439,5721,5467,5468,6236,-1,-1,-1,-1
5335,5822,5383,5336,5494,5515,5823,5493,5867,5324,5323,5229
5455,5506,5433,5501,5505,5391,5640,5434,-1,-1,-1,-1
5454,5741,5394,5455,5391,5876,5541,5680,5640,-1,-1,-1
5680,5453,5455,5640,5876,5681,5921,5741,5391,-1,-1,-1
5452,5454,5640,5453,5391,5505,5433,5680,-1,-1,-1,-1
4716,4065,4494,5244,4979,4609,5077,4594,4067,4610,-1,-1
5308,3968,5275,5598,3969,5220,5851,3935,-1,-1,-1,-1
6159,5463,5266,5459,5798,5415,5817,5460,4765,-1,-1,-1
6094,5817,5460,5458,6159,5773,5415,5736,5684,5416,6095,-1
6094,5416,5524,6095,5459,5415,5684,5170,5172,5773,5458,5521
316,5166,314,318,5165,5485,5525,5018,5164,320,312,5576
4770,4769,4844,4598,4771,4843,4906,4597,3917,5121,-1,-1
5263,5798,4765,5458,5266,5242,6159,5373,4767,5076,5078,-1
5465,5730,5683,5729,5654,4907,5797,4908,5233,-1,-1,-1
5233,5464,5654,4907,5466,5729,4891,5683,5571,5770,-1,-1
5571,5770,5465,5233,5654,5507,5234,5569,-1,-1,-1,-1
6236,5812,5811,5468,5447,5450,5810,5722,6678,-1,-1,-1
5811,5713,5467,5469,5450,5784,6344,5714,6678,-1,-1,-1
5714,5440,5468,5450,5713,5600,5604,5439,-1,-1,-1,-1
5771,4838,5472,5408,5239,5240,5471,5591,-1,-1,-1,-1
4838,5874,5472,6030,5351,4839,5470,5352,5226,-1,-1,-1
5771,6030,5591,5471,5470,5593,4838,5592,5351,5240,5621,-1
5238,6060,6034,5217,5621,5429,5187,6270,6469,6182,5674,-1
5855,6011,5235,5237,5476,5601,5579,5193,5475,-1,-1,-1
5476,5797,5875,5792,5508,5237,5730,5474,5729,-1,-1,-1
5475,5855,5474,5509,5508,5237,5875,5579,5792,5797,-1,-1
5257,5736,5373,5798,6159,5374,5258,5817,5098,5832,5099,-1
5479,5589,5142,6031,5911,6242,5141,5639,5417,5588,5760,5418
5639,5478,5760,6242,5141,5142,6031,5638,5140,5589,5637,5367
542,540,5803,5372,544,5748,5371,546,5625,5483,537,5749
537,5482,5370,5371,535,540,5334,5549,5333,5611,533,542
5481,5611,535,5549,5334,5370,537,533,5295,5371,5333,5615
5372,5333,5332,5371,5370,5635,5560,5803,5480,5280,-1,-1
5489,5205,5609,5042,5041,5490,5208,5107,5610,-1,-1,-1
314,5525,5582,5461,5338,312,5166,316,310,5584,5259,5164
5392,5503,5703,5434,5487,5101,5534,5393,-1,-1,-1,-1
5703,5434,5882,5502,5488,5486,5498,5506,-1,-1,-1,-1
5506,5498,5499,5434,5487,5501,5502,5500,5433,-1,-1,-1
5490,5042,5484,5224,5040,5041,5609,5492,5610,-1,-1,-1
5489,5610,5492,6131,5609,5484,5224,5042,5926,5491,5924,-1
5223,5492,5801,5800,5224,4632,5156,4886,5490,-1,-1,-1
5491,6131,5800,5490,5224,5518,5610,5489,5801,5154,5926,-1
5528,5494,5309,5335,5824,5804,5323,5311,5451,-1,-1,-1
5823,5451,5493,5822,5824,5821,5335,5867,-1,-1,-1,-1
5563,5497,5623,5496,5894,5287,5624,4928,6295,-1,-1,-1
4928,5894,5808,5495,5497,4917,6106,5109,5623,4869,-1,-1
5109,5495,4928,5287,5496,5122,5563,4868,4905,5894,-1,-1
5500,5488,5502,5499,5686,6116,5657,6108,5487,5501,-1,-1
5657,5501,5498,5500,5488,5656,5506,5693,5963,-1,-1,-1
5498,6116,5657,5499,5963,5686,5693,6117,5488,5502,-1,-1
5506,5499,5452,5656,5505,5488,5657,5433,5498,-1,-1,-1
5498,6108,5882,5487,5710,5686,5488,5500,-1,-1,-1,-1
5101,5392,5504,5486,5102,5432,5534,5059,4982,5190,5393,-1
5190,5503,5392,4982,5432,5102,5101,4902,4983,5393,-1,-1
5640,5849,5501,5452,5455,5656,5682,-1,-1,-1,-1,-1
5433,5501,5488,5452,5434,5499,5393,5391,5487,-1,-1,-1
5288,5562,6295,5770,5571,5466,5287,5569,5120,-1,-1,-1
5875,5659,5581,5475,5509,5476,5743,5797,5577,-1,-1,-1
5577,5855,5580,5476,5579,5508,5581,5578,-1,-1,-1,-1
396,5387,5252,395,5253,400,4963,393,5254,402,391,5096
6177,5403,5629,5630,5513,5512,5628,5925,-1,-1,-1,-1
6177,5349,5403,6093,5511,5350,5925,5629,-1,-1,-1,-1
5403,5789,5404,5630,5511,4974,5649,5350,5650,-1,-1,-1
5768,5515,5607,5516,6456,5384,5767,5868,5867,-1,-1,-1
5867,5383,5384,5822,5514,5767,5768,5451,5866,-1,-1,-1
5606,5514,5384,5704,5605,5607,5230,5818,-1,-1,-1,-1
5565,6460,5543,5568,5422,5566,5567,5424,5738,-1,-1,-1
5154,5155,6131,5348,6093,5800,5349,5492,5926,-1,-1,-1
5893,5316,6768,5892,5881,5575,5756,5161,5847,5317,-1,-1
5556,5358,5732,5340,5261,5731,5552,5075,821,820,823,818
5685,6095,5524,5538,5169,5523,5539,5522,5172,5684,5460,-1
5685,5555,5169,5523,5046,5043,5558,5521,5540,5172,5983,-1
5685,5557,5558,5538,5521,5522,5169,5694,5555,-1,-1,-1
5416,6095,5169,5172,5460,5521,5685,6094,5170,5415,5043,5684
5485,5166,5259,5338,5164,5260,5461,5582,5168,-1,-1,-1
5299,5285,5279,5665,5527,5671,5442,5300,513,514,5286,5278
516,512,5665,517,513,5299,5526,5664,519,514,5442,5285
5311,5804,5314,5493,5315,5309,5054,5824,-1,-1,-1,-1
5530,5531,5819,5746,5883,5413,5532,5702,5647,5414,-1,-1
5529,5883,5532,5413,5750,5531,5746,5586,5031,5819,-1,-1
5647,5529,5819,5414,5702,5413,5530,5361,5746,5359,-1,-1
5530,5750,5585,5587,5413,5031,5883,5529,5752,5586,-1,-1
241,243,5700,5643,240,5435,5554,244,238,248,5644,5104
5703,5101,5057,5718,5535,5486,5503,5882,5059,-1,-1,-1
5057,5412,5633,5718,5534,5058,4688,5632,-1,-1,-1,-1
5994,5353,5879,6247,5320,5182,5181,5775,5227,289,5912,291
5608,5666,5094,6048,5256,5343,5677,5289,5068,5099,5796,5355
5694,5521,5523,5539,5557,5695,5685,6095,5942,-1,-1,-1
5772,5684,5538,5695,6095,5521,5928,5774,5694,6094,-1,-1
5541,5046,5555,5189,5045,5740,5983,5394,5522,5741,-1,-1
5740,5540,5394,5189,5741,5555,5188,5453,5983,5045,-1,-1
5207,5787,5715,5544,5208,5716,6032,6460,5609,-1,-1,-1
6460,5424,5422,6032,5207,5517,5206,5565,5566,5368,5544,5107
5716,6460,5542,5207,5717,5566,5715,5856,5543,-1,-1,-1
5344,5326,5239,5185,5408,5245,5329,5402,5113,-1,-1,-1
5851,6107,5251,5850,5275,5369,5366,5638,-1,-1,-1,-1
6632,5595,5354,5356,5548,5594,5355,5733,5796,5678,-1,-1
5796,6632,5676,5547,5675,5355,5677,5678,5666,5733,5356,-1
533,5611,5615,5482,535,531,5481,529,5616,5297,5295,5441
5890,5364,5596,5362,5551,5421,5597,-1,-1,-1,-1,-1
5985,5888,5362,5987,5550,5596,5552,-1,-1,-1,-1,-1
5732,5340,5339,5987,5362,5520,5551,5813,-1,-1,-1,-1
4641,5203,5008,5202,4638,5204,4639,5268,4637,5176,-1,-1
5435,4913,5533,5379,5643,5104,5436,243,5700,244,241,5699
5983,5522,5740,5540,5558,5046,5541,5878,5523,5685,-1,-1
5358,821,823,5731,5520,820,5261,5732,824,818,5340,5885
5523,5694,5641,5642,5558,5538,5685,5878,-1,-1,-1,-1
5983,5878,5523,5557,5555,5642,5522,5685,5740,-1,-1,-1
5574,5625,5398,5626,5401,5573,5560,5803,5757,5783,-1,-1
5625,5803,5372,5635,5398,5397,5483,5559,5332,-1,-1,-1
5397,5264,5265,5636,5645,5283,5398,4730,5303,5635,-1,-1
5840,6295,5569,5507,5571,5570,5572,5653,5287,5997,5288,-1
5495,5624,6295,5570,5623,5287,5497,5894,-1,-1,-1,-1
5405,5407,5306,5406,5652,5307,5449,5123,5438,5439,5649,-1
5422,5637,5567,5517,5423,5543,5895,5424,5638,5368,5568,-1
6460,5717,5568,5517,5739,5544,5543,5716,-1,-1,-1,-1
5738,5565,5895,5568,5517,5637,5896,5975,-1,-1,-1,-1
5738,5566,5737,5517,5739,5567,5975,6460,5565,-1,-1,-1
5571,5653,5840,5562,5655,5997,5507,5654,5744,5466,-1,-1
5572,6295,5563,5624,5840,5562,6000,5997,5711,5287,-1,-1
5569,5466,5654,5562,5507,5655,5653,5770,5840,5465,-1,-1
5570,5711,5840,5997,6000,5624,5562,6353,6213,6295,-1,-1
5574,5401,5756,5757,5575,5559,5399,6534,5893,5783,5626,5398
5626,5757,5573,5783,5559,5625,5756,5401,5749,5981,6534,6004
5892,5893,5399,5756,5573,5519,5401,5400,5757,-1,-1,-1
320,5167,5241,323,5165,318,5255,324,5018,4679,4833,5461
5578,5581,5580,5509,5726,6537,5790,5508,5579,5854,-1,-1
5577,5854,5790,5580,6537,5726,5791,6343,5581,5853,5509,-1
5855,5580,5604,5603,6011,5509,5714,6537,5476,5577,5474,-1
5579,6537,5577,5578,5509,5603,5854,5855,5604,5712,-1,-1
5577,5659,5508,5658,5726,5509,5724,5578,5743,-1,-1,-1
310,312,5338,5584,5583,5485,308,314,5177,5525,5130,305
308,5584,310,305,5582,5130,303,5338,312,5177,-1,-1
5583,5582,5177,5338,5130,308,310,305,5129,5259,312,5485
5587,5031,4977,5646,5532,5751,5750,5752,4978,-1,-1,-1
5930,5883,5914,5750,716,718,5862,720,714,5752,5530,5913
5585,5752,5751,5750,5532,5646,6212,5914,5913,5031,-1,-1
5589,5831,5417,5844,5419,5911,5142,5478,6178,5704,4921,-1
5142,5588,5417,5911,5478,5418,6031,5844,5419,5141,5479,4921
5661,5735,5375,5660,5292,5342,5376,5360,-1,-1,-1,-1
5771,5593,6469,5472,5621,5620,5240,6060,6030,5470,5622,-1
5667,5352,6030,5593,5622,5668,5688,5351,5472,-1,-1,-1
5591,5622,5592,6469,5472,6030,5620,5771,5667,5621,-1,-1
5354,5595,5720,5766,5920,5547,5356,5357,5765,6014,-1,-1
5594,5733,5766,5765,5547,6632,5354,5920,-1,-1,-1,-1
5888,5890,5889,5550,5551,5891,5985,5597,-1,-1,-1,-1
5890,5990,5613,5421,5891,6105,5614,6108,5550,5596,-1,-1
5308,5851,5366,5457,5184,5082,5275,5850,4592,5083,3969,-1
4424,4693,4658,4137,4642,4025,4694,5119,4608,-1,-1,-1
5604,5440,5437,5714,5438,6011,5469,5601,-1,-1,-1,-1
5193,5437,6011,5298,5474,5235,5600,-1,-1,-1,-1,-1
4590,4666,4492,4443,4446,4665,4664,4730,5303,4588,-1,-1
5604,5714,5712,6537,5579,5580,5713,6344,-1,-1,-1,-1
5714,6011,5579,5603,5600,5855,5469,5713,5580,-1,-1,-1
5818,5606,5607,6179,6122,5516,6178,5831,5704,-1,-1,-1
5818,5605,5704,5516,5831,6178,5607,5419,5230,6122,-1,-1
6456,5605,6179,5514,6190,5516,5768,5606,5818,6189,-1,-1
5289,5537,5094,5068,5343,5666,5092,5290,5256,5067,5111,-1
5610,5484,5787,5924,5490,5208,5489,5926,5542,-1,-1,-1
5926,5490,6131,5924,5609,5492,5489,6093,5925,5787,5484,-1
5295,5549,5482,5615,5297,5334,533,5441,535,5282,5481,5370
5381,5837,5430,5829,5216,5836,5828,5382,5816,5846,-1,-1
5614,5597,6108,5669,5990,5710,5421,-1,-1,-1,-1,-1
5669,5420,5613,5631,5421,5363,5597,5710,5632,5389,-1,-1
5616,5441,5549,531,5611,529,5297,533,528,5443,5295,5482
528,529,5441,5615,5443,531,5617,525,5297,5444,5549,5611
525,5618,5443,528,523,5616,5664,5409,529,520,5441,5442
5617,5442,5664,5665,5443,5409,523,525,520,528,519,5286
4855,5085,4851,4865,4795,4745,4854,4920,4940,-1,-1,-1
6469,6447,6658,5622,5593,6270,5591,6060,6443,5689,6206,-1
6060,5591,5238,5771,6469,5240,5473,5187,6034,5472,5593,-1
5667,5620,6658,5593,5689,5592,6469,6447,5687,5688,5591,-1
5624,5894,5495,5759,5563,5758,6377,6106,5496,-1,-1,-1
5623,6000,5563,5758,5570,5572,5495,6295,-1,-1,-1,-1
5803,5626,5559,5748,5560,5372,5574,5480,5749,5398,5783,-1
5625,5574,5749,5783,5748,5559,5981,5803,5757,5573,6004,546
5159,5304,5158,5411,4925,5388,4848,790,787,4386,5410,5305
5705,5708,5629,5707,5630,5706,5511,6177,-1,-1,-1,-1
6177,5705,5925,5511,5628,5786,5512,5788,5707,-1,-1,-1
5789,5708,5511,5513,5628,5917,5650,6134,-1,-1,-1,-1
5389,5632,5420,5669,5614,5390,5709,5322,5633,-1,-1,-1
5631,5709,5633,5669,5718,5390,5389,5614,5535,-1,-1,-1
5412,5632,5535,5634,5390,5718,5388,5709,5631,5058,-1,-1
5388,5412,5411,5633,4827,5390,5304,5058,5410,-1,-1,-1
5332,5645,5397,5560,5483,5179,5333,5372,5561,5280,5636,-1
5645,5303,5264,5561,5080,4666,5397,5179,4665,5265,5635,-1
5565,5639,6242,5423,5895,5638,5567,5422,6031,5479,-1,-1
5639,6107,5423,5369,5637,5760,5479,6242,5850,5368,5565,5546
5638,5479,6242,5637,5760,6107,5423,5478,6031,5895,-1,-1
5681,5454,5455,5680,5682,5505,6224,5452,5849,5453,-1,-1
5941,5943,5694,5557,5642,5944,5942,5956,5966,-1,-1,-1
5878,5944,5557,5558,5641,5982,5941,5983,-1,-1,-1,-1
5700,5699,5533,5104,5644,5554,240,241,238,5698,5435,243
5700,5697,5699,5643,238,5698,5696,236,240,5533,5780,-1
5636,5635,5179,5561,5397,5080,5332,5303,5264,5146,-1,-1
5807,5585,5751,4977,5587,5809,4918,6106,-1,-1,-1,-1
5359,5531,5361,5702,5648,5414,5819,5360,4951,5529,5273,-1
5702,5359,5360,5660,5647,5734,5745,5661,-1,-1,-1,-1
5650,5404,5407,5449,5789,5406,5651,4975,5513,5652,5564,-1
5651,5789,5449,5649,5917,5662,5448,5407,5404,5630,5513,-1
5650,5662,5449,5448,5917,5794,5649,5789,5663,5652,5407,5723
5405,5407,5449,5439,5448,5721,5564,5651,5649,5438,-1,-1
5569,5744,5997,5840,5655,5727,5571,6353,5562,-1,-1,-1
5465,5729,5466,5655,5464,5571,5233,5569,5743,-1,-1,-1
5654,5569,5653,5743,5571,5727,5729,-1,-1,-1,-1,-1
5657,5501,5692,5693,5849,5499,5505,-1,-1,-1,-1,-1
5693,5499,5500,5963,5656,5498,6115,5501,6116,5692,-1,-1
5724,5659,5581,5727,5726,5728,5725,5743,5753,-1,-1,-1
5743,5658,5581,5508,5727,5875,5724,-1,-1,-1,-1,-1
5661,5734,5360,5735,5648,5590,5359,5376,5375,-1,-1,-1
5360,5376,5660,5375,5590,5735,5219,5359,5648,4951,5292,-1
5651,5794,5723,5448,5663,5917,5650,5449,6134,5793,5795,-1
5448,5447,5723,5662,5721,5722,6236,5651,5794,-1,-1,-1
519,517,520,5618,5665,523,5527,516,5617,5442,525,512
5442,5527,5526,5664,5618,5285,5286,517,5409,5299,516,519
5537,5796,5677,6048,5355,5343,5608,5548,5256,5954,-1,-1
5688,5622,5592,5687,5689,5668,5764,5593,5352,6658,5690,-1
5352,5688,5690,5592,5775,5667,5880,5351,6030,-1,-1,-1
5709,5614,5710,5631,5632,5613,5420,6108,5882,5718,-1,-1
5802,5319,5377,5106,5318,6041,5936,6104,5090,5105,-1,-1
5279,4968,5285,5278,4649,5277,5526,5300,5299,5286,-1,-1
6132,6209,5673,6393,6208,6174,5428,5427,6395,-1,-1,-1
6208,5674,5428,5672,6181,6209,6182,6132,6239,5429,-1,-1
6182,5673,6034,5429,5428,6181,6180,6208,5473,-1,-1,-1
5676,6059,5677,5954,5796,5548,5910,5909,6632,5927,6048,5678
5678,6632,5675,5910,5908,5548,5796,6149,5909,5733,6059,-1
5796,6048,5954,5666,5675,5548,6049,5537,6059,5355,5256,-1
6632,6149,5676,5908,5733,5548,5910,6633,6033,6634,5547,5675
4942,4986,4941,4911,5247,252,4757,4943,5436,4914,253,-1
5681,5454,5921,5640,5899,5876,6224,5455,5453,5682,-1,-1
6224,5680,5640,5682,5899,5995,5454,5898,5921,-1,-1,-1
5681,5849,5995,5640,5940,6224,5505,5691,5680,-1,-1,-1
4908,5730,5769,5464,5248,4907,4693,5465,5792,4694,5797,-1
6094,5772,5774,6095,5773,5539,5460,5929,5459,5928,5521,5524
5169,5523,5522,5521,5524,5043,5538,5172,5558,5557,6095,5555
6116,6108,5498,5500,5990,6105,5502,6117,5710,5963,-1,-1
5689,5764,5688,5667,5763,5761,5622,5762,6658,-1,-1,-1
5667,5764,5690,5668,5687,6040,5592,5689,5775,5622,-1,-1
6658,5687,5622,5762,5667,5761,6443,5688,5620,6447,5763,-1
6040,5777,5688,5775,5778,5668,5764,6543,5776,5667,5879,-1
5991,5940,5692,5849,5992,6598,6002,5682,5995,-1,-1,-1
5691,6002,5693,5849,5991,5656,6598,5657,5940,6115,-1,-1
5657,6115,5692,6002,5963,5656,5998,5500,5499,6114,-1,-1
5538,5942,5557,5641,5695,5943,5523,5539,-1,-1,-1,-1
5694,5539,5942,5928,5538,5953,5772,-1,-1,-1,-1,-1
5780,5697,5781,6200,5779,5698,5644,234,233,6940,236,5939
236,5644,5780,234,5696,238,233,5700,240,231,5779,5698
6940,5699,5781,5644,5782,5696,5378,6421,5643,5697,6200,6188
5643,5698,5104,5644,5378,5700,5782,5105,6940,5533,5554,-1
240,238,5643,5533,5644,241,5699,5697,236,243,5554,5104
4049,4501,3905,4502,4304,4048,4183,4050,3906,3904,3911,-1
5819,5648,5647,5745,5531,5747,5529,5359,5746,-1,-1,-1
5882,5534,5487,5486,5718,5709,5101,-1,-1,-1,-1,-1
5606,5419,5230,5231,5516,5831,5818,5588,5384,5605,-1,-1
5629,5788,5707,5628,5786,6177,5925,5715,5820,-1,-1,-1
5825,5707,5827,5708,5628,5826,6134,-1,-1,-1,-1,-1
5705,5788,5706,5827,5820,5628,5629,-1,-1,-1,-1,-1
6134,5630,5706,5825,5628,5917,5795,5794,-1,-1,-1,-1
5669,5710,5718,5882,5632,5703,5631,5633,-1,-1,-1,-1
6108,5709,5882,5669,5613,5502,5686,5614,-1,-1,-1,-1
5572,6340,6213,5997,6353,6000,5840,5754,5570,-1,-1,-1
6344,6537,6343,5603,5713,6262,5784,5854,6221,5714,5580,-1
6344,5468,5714,5712,5469,5603,5784,5811,5604,6262,-1,-1
5604,5469,5713,5603,5600,5440,5468,5579,6011,5712,-1,-1
5788,5716,5542,5787,5544,5786,5820,5705,5856,-1,-1,-1
5856,5544,5715,5717,5820,5788,5857,5542,5834,5566,-1,-1
5856,5566,5716,5834,5544,5739,5857,6460,5833,-1,-1,-1
5709,5534,5535,5703,5632,5882,5633,5669,-1,-1,-1,-1
5357,5735,5919,5720,6135,5342,5354,-1,-1,-1,-1,-1
5354,5919,5594,5357,5719,5920,5918,5356,-1,-1,-1,-1
5448,5439,5447,5663,5652,5450,6236,5449,5440,5405,-1,-1
6236,6238,5812,5663,5723,5447,6260,6237,5467,6253,-1,-1
6260,5662,5794,5663,5793,5722,5795,6238,5448,5651,-1,-1
5725,5658,5753,5726,5728,5791,5755,5581,5841,5659,5727,-1
5791,5724,5753,5726,5841,5790,5658,5959,5728,-1,-1,-1
5725,5577,5724,5791,5578,5581,5790,5658,-1,-1,-1,-1
5744,5659,5658,5653,5743,5655,5728,5724,-1,-1,-1,-1
5744,5724,5755,5754,5753,6353,5658,5727,5725,-1,-1,-1
5875,5797,5654,5464,5743,5730,5655,5465,5475,-1,-1,-1
5797,5683,5464,5792,5248,5729,5875,5475,5769,5236,-1,-1
5556,5732,823,824,5885,5799,5520,821,5358,826,5987,6195
5520,5987,5731,5552,5799,5556,5340,5885,5358,5988,-1,-1
6632,5678,5595,5765,6149,6633,5547,5676,5548,5908,5766,-1
5660,5745,6135,6136,5735,5648,-1,-1,-1,-1,-1,-1
5590,5719,5660,6135,5734,5342,5661,-1,-1,-1,-1,-1
5817,5832,6159,5477,5258,5257,6049,5773,5798,5459,5927,-1
5975,6086,5738,5739,5568,5835,6241,5833,6027,5896,-1,-1
5975,5568,5567,5737,5896,6086,5895,6027,5517,-1,-1,-1
5737,5833,5834,5717,5566,5568,5835,5856,-1,-1,-1,-1
5983,5541,5741,5555,5540,5877,5878,5394,5558,5189,-1,-1
5541,5740,5453,5876,5394,5877,5983,5454,5540,-1,-1,-1
4063,4061,4013,4062,4104,4106,4012,4014,4884,4540,4660,-1
5659,5875,5729,5655,5727,5508,5797,5658,5581,5654,-1,-1
5653,6353,5997,5728,5727,5754,5840,5569,-1,-1,-1,-1
5734,5702,5747,6136,5861,5648,5819,-1,-1,-1,-1,-1
5859,5819,5529,5862,5883,5747,5530,5531,5702,5934,5860,5586
5819,5859,5860,5745,5702,5746,5861,-1,-1,-1,-1,-1
5749,5803,544,5480,546,5625,5626,542,547,5372,5981,551
5981,547,551,5748,5626,546,5783,544,553,6004,5625,5574
5914,5586,5532,5752,5587,5883,5530,5913,716,5930,5585,714
6212,5815,5587,5752,5809,5646,5913,5585,5843,5807,5814,-1
5913,5914,5587,6212,5750,5751,714,712,716,5815,5586,5532
5755,5725,5724,5841,6227,5728,5791,5754,5658,-1,-1,-1
6353,5755,6228,6340,5728,5744,6227,5753,5711,6864,5997,-1
5754,5753,6227,6228,5728,6864,6353,5724,6340,5841,-1,-1
5893,6534,5757,5573,5575,5847,5574,5519,6768,6003,5848,-1
6534,5574,5756,5783,5573,5848,6004,6003,5626,5847,5981,5893
6377,5624,5623,5999,6000,6012,5759,5945,-1,-1,-1,-1
6377,6106,5814,5894,5623,5758,5809,5945,-1,-1,-1,-1
5479,5367,5639,5850,6107,5638,5141,5140,5366,6242,5083,5478
5762,5763,5689,5687,5978,5979,6658,6036,6443,-1,-1,-1
6443,5761,6658,5978,5689,6051,6447,6206,5687,6052,-1,-1
6153,5761,5687,6036,5764,5776,5979,5689,6219,6220,-1,-1
6040,5688,5687,5776,5690,5763,6153,5777,5667,6543,-1,-1
5595,5766,6633,5733,6013,6058,6014,6149,5594,-1,-1,-1
6014,5595,5765,5594,5920,6013,5973,5733,-1,-1,-1,-1
5768,5867,5868,5515,5866,5514,5865,6456,5822,5823,-1,-1
6456,5767,5514,5868,5607,5515,5897,5867,5865,6190,-1,-1
5119,5248,4908,5683,4693,5249,4642,5250,5730,5236,-1,-1
5466,5234,5120,5288,5507,5233,5121,5571,5465,-1,-1,-1
5591,5240,5472,5470,5621,5239,5593,6469,5238,-1,-1,-1
5774,5684,5928,5929,5539,5773,5695,6095,5909,6094,5927,6250
5817,5774,6094,5684,5832,5927,5459,5736,5772,5929,6159,5460
5929,5773,5772,5684,5927,6094,6059,5832,5928,5817,5909,5539
5353,5778,5690,5879,5880,5668,5777,5536,5352,5688,-1,-1
6040,6153,6220,5764,6543,6218,5763,5777,6219,5884,6305,5690
5778,6040,6543,5949,5690,5884,5912,5776,5775,5764,6218,5879
5777,5879,5912,5775,5949,5690,6040,6543,6247,286,5353,5536
5939,6200,5780,230,5864,231,5863,5696,228,233,5781,234
233,234,231,5779,5697,5696,5939,230,236,6200,228,5644
6200,6940,6421,5696,5698,6145,6188,5779,5864,5782,6885,5780
6940,6041,6188,5378,6187,5698,6421,5781,5377,5699,-1,-1
5981,6004,5574,5757,5626,5749,5848,553,551,556,6534,5573
6344,6678,5811,6563,6262,6263,5713,5468,5712,6283,-1,-1
3394,3464,3603,3462,3463,3397,3395,5022,3445,3139,-1,-1
5924,5705,5788,5629,5787,5925,5715,5926,6177,-1,-1,-1
5542,5924,5609,5786,5715,5208,5610,-1,-1,-1,-1,-1
5705,5715,5707,5786,5820,5716,5629,-1,-1,-1,-1,-1
5650,5513,5649,5630,5404,5917,5651,5449,-1,-1,-1,-1
5791,5854,5578,5853,5959,5726,5725,6343,6537,5852,5577,-1
5725,5790,5959,5841,5726,5724,5753,5578,5853,5958,5854,-1
5797,5236,5248,5475,5730,5237,5875,5683,5476,-1,-1,-1
5795,6260,5723,5794,5907,6133,6253,6134,5825,5662,-1,-1
5662,6134,5795,5723,5793,5917,5651,5825,6260,5663,5708,-1
6134,5793,5825,5794,5907,5723,5708,5826,5917,5662,-1,-1
5677,5548,5666,5355,5675,6048,5954,6632,5676,5547,5537,-1
5875,5730,5475,5792,5729,5464,5508,5248,5743,5683,5476,-1
5463,5373,6159,5477,5458,5242,5263,5736,5374,5266,5817,-1
5986,5885,5732,5731,5987,5988,6195,824,5985,6194,-1,-1
5154,5491,5492,5156,5801,5518,5155,6131,5223,4630,-1,-1
5491,4632,5156,5800,4630,5223,5154,5492,5157,4584,4631,-1
5670,5935,5936,6041,5377,5318,6187,5319,5106,5816,-1,-1
5372,5625,5480,5748,5560,5626,5483,542,544,5371,540,5559
5824,5806,5315,5528,5805,5493,6128,5314,-1,-1,-1,-1
5806,5317,5315,5839,5838,5804,6128,5824,6154,-1,-1,-1
6128,5805,5804,5824,5838,5315,6127,5821,5839,6083,-1,-1
6106,5646,5808,5809,4918,4977,5894,5751,4917,-1,-1,-1
5807,6106,4917,5496,5894,4918,4928,5809,-1,-1,-1,-1
6106,5807,5814,5751,5815,5646,5759,5808,-1,-1,-1,-1
5812,6678,5811,6237,6284,6283,6261,5467,6236,-1,-1,-1
6678,5467,5468,5784,5810,5812,6283,6344,6263,5713,6236,-1
6236,6237,5467,5810,5722,5447,5811,6238,6261,-1,-1,-1
811,5075,813,810,5340,5339,808,816,5261,5052,5365,5552
5945,6377,5815,5809,5759,5842,5948,5947,6106,6012,5751,5843
6212,5814,5751,5842,5843,5809,5945,5947,5752,5913,712,6082
5936,5381,5117,5382,5836,5318,5380,5612,5935,5802,-1,-1
5773,5736,6159,5832,5459,6094,5927,5458,5477,5774,5258,5798
6178,5606,5605,5831,6122,5844,6179,5972,5704,5516,6021,5607
5702,5746,5529,5531,5747,5859,5647,5745,5530,5883,-1,-1
5856,5716,5788,5857,5707,5871,5827,5715,5705,-1,-1,-1
5824,5951,5823,6128,6083,5494,5806,6084,-1,-1,-1,-1
5867,5451,5823,5383,5515,5494,5866,5335,5767,5336,-1,-1
5867,5951,5866,5822,5821,5494,5952,5451,5824,5767,-1,-1
5804,5821,5806,6128,5494,5493,5528,5823,5805,-1,-1,-1
5795,6134,5706,5826,5708,5907,5794,5793,5827,5905,-1,-1
5906,5825,5905,5827,5907,5872,5706,5795,5871,-1,-1,-1
5871,5706,5826,5707,5820,5872,5857,5825,-1,-1,-1,-1
5830,6132,5427,5430,5829,5612,6174,6109,5428,5837,-1,-1
5828,5837,6109,5830,5612,5430,5845,5846,5427,6132,-1,-1
5828,6109,6174,6132,6140,5829,6431,5427,5430,6402,-1,-1
5606,5588,5818,5844,5419,6178,5704,5605,5911,5417,5589,6021
5736,5817,5927,6049,5773,5258,5774,5954,6159,5477,6059,-1
5834,5886,5835,5739,5858,5869,5857,5737,5873,5993,5717,5856
5833,5857,5856,5717,5739,5858,5871,5886,5716,5835,-1,-1
6241,5833,6086,5886,5737,5993,5739,5989,5834,5975,5873,-1
5846,5936,5837,5816,5381,6301,5612,5935,-1,-1,-1,-1
5846,5829,5612,5836,5845,5381,6419,6301,5430,6109,5828,-1
6127,6154,5806,5839,5805,6068,6128,6063,6165,-1,-1,-1
6154,6063,5805,5881,5838,5317,6062,6068,5806,-1,-1,-1
5562,5997,5572,5569,5570,5653,6295,5711,5571,5744,-1,-1
5725,5958,5791,5753,5957,5959,6227,6022,5724,5755,-1,-1
5947,5843,5948,706,5945,5815,704,5814,5946,709,711,6212
6082,711,712,6212,5842,709,5946,5815,706,5913,5947,714
5911,6021,6178,5588,5831,5971,5589,6031,5818,5972,5974,-1
6402,6336,5846,5837,6109,6419,6401,5829,6431,-1,-1,-1
5837,6419,6301,5836,5845,6336,6302,5829,5935,5612,-1,-1
6155,6534,5893,6003,6356,6768,5756,6062,5757,7782,6077,6005
6004,6005,6534,6003,556,560,5757,5783,5981,553,562,7782
5691,5692,5682,5656,5940,5505,5991,5995,5640,-1,-1,-1
5367,6107,5851,5366,5546,5760,5083,5598,5638,5140,5275,5369
5850,5366,5598,5275,5546,5367,5457,6107,5251,5082,5308,-1
6110,6478,5853,5959,6111,6222,6221,5958,5790,6024,-1,-1
5854,5852,6221,6478,5790,6343,5959,6110,5791,5578,6537,-1
6343,5790,5578,6537,5853,6221,5712,5580,5791,5959,5577,-1
5579,5476,5474,6011,5509,5604,5580,-1,-1,-1,-1,-1
5857,5716,5717,5834,5820,5871,5544,5858,5715,5739,5833,-1
5871,5856,5834,5858,5820,5717,5716,5827,5872,5833,-1,-1
5869,5857,5833,5871,5834,5870,5886,5872,5873,5856,5903,-1
5746,5934,5860,5747,5862,5931,5819,5932,-1,-1,-1,-1
5933,5859,5932,5934,5747,5861,5962,5746,6157,-1,-1,-1
5933,5860,6136,6158,6157,5745,5747,5932,-1,-1,-1,-1
5931,5930,5859,5746,5586,720,5883,5934,718,721,5977,-1
228,5939,5937,5864,226,230,5779,5938,231,6200,224,6169
6200,5937,5863,6169,5779,6145,5939,228,5781,230,6070,5938
5916,5952,5866,5868,6207,5915,5767,5768,5867,6017,5897,-1
5867,5952,5865,5823,5951,5767,5822,6084,5868,5515,5915,-1
5822,5866,5767,5515,5823,5768,5383,5951,5865,5451,5494,5514
5768,5897,5767,6456,5865,6207,5916,6080,5514,5866,6190,-1
5873,5870,5886,5887,5858,5904,5833,5903,5993,5900,-1,-1
5903,5869,5900,5887,5858,5872,5906,5873,6264,5886,-1,-1
5857,5827,5872,5858,5820,5856,5834,5826,-1,-1,-1,-1
5906,5871,5903,5870,5858,5826,5827,5857,5905,-1,-1,-1
5904,5869,5886,5993,5887,5901,6042,5870,6010,5858,5833,5835
5226,4839,5351,5144,5471,4808,5227,4838,5880,6030,5352,-1
5797,5508,5743,5475,5729,5659,5730,5792,5476,-1,-1,-1
5454,5921,5741,5680,5877,5453,5984,-1,-1,-1,-1,-1
5983,5878,5984,5740,5876,5982,5741,5921,-1,-1,-1,-1
5983,5982,5642,5877,5558,5944,5740,5984,5555,5557,-1,-1
5536,5778,6247,5353,5775,5912,5994,5777,288,289,5949,5320
5352,5226,5353,5775,5351,5227,5668,5874,-1,-1,-1,-1
6768,5839,5317,6062,5519,6063,5316,5893,6155,6154,-1,-1
5703,5709,5710,5487,5502,5718,5669,6108,5534,-1,-1,-1
5530,5586,5529,5750,5746,5862,5532,5930,5413,5914,5819,-1
283,281,6543,6218,5949,279,284,5777,6305,6040,277,5776
824,6195,6120,826,5731,5799,823,5986,828,6271,5732,6194
5833,5873,5869,5993,5835,5858,5904,6241,5834,5870,5887,-1
5901,5873,5869,5900,5904,5870,5902,5903,5886,6010,-1,-1
5985,5889,5596,6035,5551,6081,5988,5987,-1,-1,-1,-1
5888,6216,6081,5596,6035,5891,5985,6215,-1,-1,-1,-1
5597,5550,5596,5891,5421,5990,-1,-1,-1,-1,-1,-1
6184,5890,5597,6105,5596,6216,5990,5889,-1,-1,-1,-1
5161,5575,5399,5519,5400,5316,5893,5055,5162,-1,-1,-1
5756,5519,6768,5847,5575,6534,6155,5892,5881,5573,5316,5757
6106,5496,5623,5808,5495,5759,5807,5563,5497,-1,-1,-1
6031,6242,5567,5896,5971,5637,5738,5565,5911,5639,-1,-1
5975,5738,5974,5895,5971,6027,5567,6021,6031,5737,-1,-1
5868,6080,6096,6456,6190,6207,5768,6455,6371,5865,-1,-1
5922,6224,6223,6137,5899,6138,5995,5681,6252,-1,-1,-1
5921,5898,5681,5922,6224,5680,5923,-1,-1,-1,-1,-1
5903,6006,5887,5870,6264,5902,5869,7288,6494,5901,5906,-1
6008,5904,5887,6010,5902,5873,6009,6044,6042,5900,-1,-1
5901,6007,7288,5900,6009,5887,6006,6008,-1,-1,-1,-1
5870,5906,6264,5900,5872,5905,5869,5887,6006,5858,-1,-1
5873,6010,5901,6042,5993,5887,5869,5886,6008,6043,-1,-1
5906,5907,6130,5826,6264,5903,5872,6133,6494,5825,-1,-1
5905,5903,5872,5826,6264,5870,6130,5907,5900,-1,-1,-1
5905,5795,5793,5825,6133,6130,5826,5906,6134,-1,-1,-1
5678,5910,6033,6149,5676,6019,6250,6632,6634,5909,6248,5733
5910,5929,6059,6250,5928,5675,6019,5927,5676,5772,5774,5908
5909,5908,5676,6250,6019,5675,6059,5678,6033,5929,-1,-1
6031,5589,5844,5588,5478,5971,6021,5142,6242,5417,5831,5895
286,288,5949,5778,5879,284,6247,289,5777,283,5884,5536
714,6212,5914,712,5752,6082,716,5843,711,5750,5751,5587
716,5913,5752,714,5750,5586,5930,718,6212,712,5587,6082
5916,5952,6015,6084,6017,5865,6016,6207,5866,6085,-1,-1
6207,5915,6017,5865,5952,6099,5868,6016,6080,-1,-1,-1
6134,5650,5651,5794,5789,5708,5662,5630,5795,5449,-1,-1
6162,5920,5919,6161,5973,6160,5720,6014,6158,6245,6135,-1
5918,5720,6161,5719,6135,5920,6162,5357,-1,-1,-1,-1
5918,5594,5766,5720,6014,5973,5919,6162,5354,5595,-1,-1
5680,5984,5899,5876,5923,5681,5454,5877,5922,-1,-1,-1
5898,6138,6143,5899,5923,6137,6183,6224,6223,5921,6230,-1
5921,6143,5984,5922,6142,5899,6129,-1,-1,-1,-1,-1
5926,5610,5787,5786,5609,5925,6131,6093,5490,-1,-1,-1
6177,5926,5629,6093,5924,5786,5512,5610,5705,6131,5511,-1
5610,6131,5924,6093,5925,5490,5609,5518,5786,6177,5492,-1
5832,6059,5774,5929,5954,6049,5773,5817,5909,5772,5736,5675
5772,6250,5929,5695,5953,5909,5539,5774,5684,6019,-1,-1
5774,5909,5772,6059,5927,5928,6250,5684,5773,5910,5954,-1
718,5586,720,5862,716,5931,5914,5883,721,5750,714,-1
721,720,5977,5934,5862,723,5930,5859,5962,718,725,5976
5962,5933,5860,5960,5961,5934,5976,5977,6157,5859,5861,6092
5932,6157,5860,5961,5861,5962,5960,6158,5934,6246,-1,-1
5931,5859,5977,5962,5860,5932,5862,721,723,5976,720,5933
5936,6301,6187,5802,6041,5836,6302,5846,5318,5816,6188,-1
5935,5816,5802,5318,5836,6301,5117,5670,5381,6041,-1,-1
5863,6070,5864,6169,5938,226,228,5939,6168,5779,6145,6072
5937,5950,224,226,6070,5863,6069,222,228,6072,5864,221
230,5779,228,231,5863,5780,5864,233,226,6200,5937,5696
5691,5995,5682,5992,5849,5996,5991,6224,6223,5692,-1,-1
5966,5944,5943,5641,5968,5642,5965,5969,5970,-1,-1,-1
5956,5694,5695,5955,5943,5641,5953,5967,5538,-1,-1,-1
5956,5941,5641,5965,5966,5942,5694,5967,5944,-1,-1,-1
5941,5642,5968,5982,6142,5641,5878,5966,5943,-1,-1,-1
5948,6377,5814,6012,5842,5947,704,701,5815,5759,5758,706
709,706,711,5843,6082,5947,5842,712,704,5948,6212,-1
704,5842,706,5948,5946,5945,701,5843,709,5814,5815,6012
5945,5947,704,701,6012,5842,706,6377,5814,699,5946,-1
5884,284,5777,5912,6543,283,5778,286,281,6218,6040,288
222,221,6069,224,5938,6071,219,226,6508,6070,218,6072
6084,5952,5821,5823,5866,6083,6085,5867,-1,-1,-1,-1
6084,5866,5951,5915,5865,5916,6015,5823,6085,5867,-1,-1
5955,6250,5928,6019,5695,6018,5942,-1,-1,-1,-1,-1
5677,6049,6059,6048,5675,5927,5796,5832,5256,5666,5909,5929
5956,5967,5953,6091,5942,6018,-1,-1,-1,-1,-1,-1
5967,5943,5942,5955,5965,5964,6091,5641,-1,-1,-1,-1
6022,6023,6204,6193,6227,5958,5841,6864,6112,6191,6879,-1
6022,6110,5841,5959,5957,6024,6023,6112,5852,5791,-1,-1
5791,5852,6110,5790,5958,5853,5841,5725,5854,-1,-1,-1
6092,5961,5976,5962,6163,5932,6211,728,726,5933,730,5977
5933,5960,6157,5932,6246,6211,5962,6163,6245,-1,-1,-1
5976,5932,5977,5934,5960,725,723,6092,726,5931,5860,5933
6116,5657,6115,5500,6114,6117,5693,7463,5499,6171,5686,-1
6064,5967,5965,6066,6065,5956,6073,5969,6091,6075,-1,-1
5964,5943,5956,5966,5969,5967,6065,6064,5941,6066,-1,-1
5941,5969,5965,5968,5943,5970,5944,6065,5641,-1,-1,-1
5956,5964,6091,6066,5955,5965,6064,5943,5942,6074,-1,-1
5944,5941,5970,5966,6142,6129,5982,5969,6141,-1,-1,-1
6065,5966,5970,5965,6521,6600,6198,5964,5968,5941,-1,-1
6141,6198,5969,5968,5966,6129,6521,5941,-1,-1,-1,-1
6021,6031,5911,5895,5974,5844,5896,6242,6178,-1,-1,-1
6021,6025,6178,6020,5974,6122,5818,5844,6123,6027,-1,-1
6014,6160,6090,5918,6162,5920,6057,5766,6185,-1,-1,-1
6021,6027,5972,5896,6020,5971,5975,6178,5844,-1,-1,-1
5738,6086,6027,5737,5896,5989,5974,5568,5567,6241,5835,-1
5962,726,725,6092,5977,5960,728,723,5932,730,5934,721
723,5962,725,5931,721,5976,5934,726,720,5932,6092,5862
5762,6039,6052,5979,5761,6051,6443,6037,-1,-1,-1,-1
6036,5978,5761,6038,6037,6039,5763,6328,6046,-1,-1,-1
4454,4538,4831,4513,4453,4395,4611,5313,4398,4544,4397,4512
6004,551,553,5749,5783,547,556,5626,5848,546,5748,5574
5878,6142,5944,5984,5642,5877,5983,5968,-1,-1,-1,-1
5878,5740,5555,5558,5877,5982,5642,5741,5540,5541,5522,-1
5921,5982,5877,6142,5923,5876,5878,-1,-1,-1,-1,-1
5888,5988,5987,6035,5551,5889,5596,5799,5986,-1,-1,-1
5988,6195,6194,5799,6196,5885,5987,6307,5985,-1,-1,-1
5985,5732,5988,5799,5552,5551,5888,5986,5731,5520,-1,-1
5986,5985,5987,6196,5799,6035,5888,6195,6194,5732,-1,-1
6028,6241,6086,6027,6243,5975,6020,6486,5835,5993,-1,-1
6105,5597,6108,5613,5686,5891,6116,5890,-1,-1,-1,-1
6598,5691,6002,5992,5692,6150,6652,6167,5940,5849,-1,-1
6152,5991,6150,5996,5940,5691,6151,6598,5995,6310,-1,-1
6241,6042,5873,5886,5904,6243,5835,5989,5869,6010,5833,6086
5536,5182,5181,5320,6247,291,293,5353,5321,5879,5136,289
5940,6224,6223,5996,5682,5898,5681,5691,5992,5849,6252,-1
6152,5995,6223,6310,5992,6252,5940,6224,6151,-1,-1,-1
5840,6353,5572,5744,5711,5653,5569,5570,6340,5754,5562,-1
6167,6171,6115,6172,6002,6598,6114,6436,5693,6438,6652,6376
6412,6012,6213,5758,6000,699,697,6377,701,-1,-1,-1
5624,5572,6213,5711,5999,5758,5570,-1,-1,-1,-1,-1
4966,4991,5228,4990,5147,4967,5143,4802,5225,4804,5321,-1
5998,6598,5692,6167,5991,5693,6115,5691,6652,6172,6171,-1
6005,6534,7782,6356,5847,5848,562,560,6155,5757,5756,564
5981,556,553,5848,5783,551,560,5749,5757,6005,6534,5574
560,562,6003,7782,5848,556,564,6534,6356,6004,5847,6303
7288,6494,5900,6264,6348,5902,6007,5903,-1,-1,-1,-1
7288,6232,6009,6277,5902,6278,6006,6233,-1,-1,-1,-1
5901,6009,6010,6044,6087,5902,5904,6233,-1,-1,-1,-1
6008,6233,6007,6232,5902,6087,5901,-1,-1,-1,-1,-1
6044,6042,5904,5901,6008,6043,5873,5993,6087,5887,-1,-1
5604,5855,5474,5579,5601,5600,5714,-1,-1,-1,-1,-1
5999,5948,5945,701,6377,5758,699,6412,704,5947,5814,-1
5765,6055,6014,6058,6057,5766,6056,-1,-1,-1,-1,-1
5766,5973,6057,6013,5920,6090,5918,5765,5594,-1,-1,-1
6192,6084,6085,5915,6164,6016,5952,6166,-1,-1,-1,-1
6017,6562,6706,6192,5915,6015,6435,5916,7459,-1,-1,-1
5916,6099,6016,6207,5915,6435,6080,5865,6097,6706,-1,-1
6019,6248,6091,6033,6249,5955,5953,6250,-1,-1,-1,-1
6250,6033,6018,5908,5910,5953,5909,6248,5928,-1,-1,-1
6028,6025,5972,6027,5974,6026,5989,6021,6124,-1,-1,-1
5844,6178,5974,5972,5971,5911,6020,5896,5818,6122,5831,-1
6023,5958,6112,6024,5957,6191,6110,6193,6275,5841,682,683
6191,6193,6022,6112,683,5957,682,6275,681,685,6204,5958
6113,6112,6022,6110,5958,6111,6276,6275,6318,6023,6191,5852
6124,5972,6123,6020,6026,6122,6028,-1,-1,-1,-1,-1
6124,6434,6028,6486,6025,6020,6411,6123,-1,-1,-1,-1
5975,5989,5974,6086,6020,6028,5896,6241,5738,5737,5972,-1
5989,6020,6486,6026,6243,6027,6241,6086,6434,6025,-1,-1
4161,4216,4204,3924,4525,4472,3926,3805,3804,5328,4475,3925
5472,5352,5592,5351,5471,5593,5591,5874,5668,-1,-1,-1
6242,5911,5895,5971,5478,5589,5479,5844,5637,5639,5896,-1
5107,5207,5424,5543,5206,5208,5209,6460,5205,5422,5542,5368
6248,5908,6634,6019,6149,6018,5678,6345,6249,5910,6633,-1
6182,6060,5473,5674,5429,6270,6180,6181,5621,6469,-1,-1
5985,5888,6214,6081,5988,6196,5889,6279,-1,-1,-1,-1
6328,6153,6219,6038,5979,5763,6329,269,6220,267,5761,5776
6046,6039,6047,6038,6045,5979,265,263,6053,5978,-1,-1
6046,6328,265,267,6037,6036,5979,269,6329,263,6047,6219
6037,6052,5978,6045,6575,5979,6047,6273,6046,6639,-1,-1
5777,6543,5764,5776,5690,5688,5778,5949,6218,5884,6153,6220
5782,5377,6187,5802,5935,5378,6188,5670,6940,5936,-1,-1
6010,5904,6243,5993,6043,5873,6241,6044,6486,5901,-1,-1
6498,6042,6044,6010,6486,6243,6088,6434,6300,5904,-1,-1
6010,6087,6088,6043,6008,6298,6042,6498,5901,-1,-1,-1
6053,6047,6273,6575,6039,6037,6061,6046,6274,258,260,6052
265,6047,263,6037,6038,267,260,6053,6045,6328,6039,5979
6046,6053,263,260,6037,6045,265,258,6038,6039,6061,-1
5677,5256,5537,5666,6049,5954,5796,5094,5258,5099,5675,-1
5954,5832,6048,5258,5256,5927,5677,5736,6059,5099,-1,-1
5066,5039,5067,5038,5110,5112,5111,4998,5065,5196,5068,5126
6443,6205,6052,6206,5762,5978,6240,6447,6639,6180,6658,-1
6205,6575,6639,6051,6039,5978,6045,5762,6273,-1,-1,-1
258,6047,260,6045,6061,263,255,6273,6046,6037,-1,-1
4915,4813,6104,4871,4814,4870,4912,5106,5145,4878,4577,-1
6056,6265,6057,6013,6266,6058,6325,6089,6324,-1,-1,-1
6055,6058,6327,6325,6266,6013,6173,-1,-1,-1,-1,-1
6090,6055,6014,6089,6013,5973,6265,6185,-1,-1,-1,-1
6056,6633,6173,5765,6013,6327,6055,6634,6325,-1,-1,-1
5909,5927,5954,5929,5675,5910,5774,5677,6049,5676,6250,5832
6469,6034,5473,6270,5621,5620,6182,5238,5591,6447,-1,-1
6053,255,6274,6272,6273,258,251,6045,245,6047,6396,260
6155,6063,6103,6768,6077,5881,6356,5847,5839,6154,6067,6079
6154,6062,6103,5839,6067,5881,6077,6068,6768,6155,5838,6079
5964,6073,6066,6075,6065,7135,5967,6600,6074,5965,6761,-1
5969,6600,5964,6064,6073,5965,6521,5966,6761,6066,-1,-1
6064,6074,5964,6091,5967,6075,6249,6073,5965,6065,6256,-1
6103,6102,6126,6078,6154,6063,6068,6079,6100,6062,6077,-1
6154,6165,6126,6127,5838,6067,6063,5839,6125,6156,6102,-1
5950,6072,6507,6071,5938,6508,6070,222,221,6170,6592,224
5937,6072,6170,6169,5938,6168,6069,6507,5863,5864,6591,5950
219,221,6118,6508,218,5950,6069,222,6119,6507,216,6593
6507,6170,6070,6069,6591,6592,6168,5938,6508,6286,5937,5950
6064,7135,6600,6761,6065,6075,5964,6066,6599,6257,6522,-1
6066,6249,6319,6256,6091,6075,6064,6345,6255,5967,6248,-1
6064,7135,6255,6256,6073,6074,6066,6257,5964,-1,-1,-1
4559,4931,4558,4484,4932,4483,4933,4561,4560,5302,-1,-1
6103,6155,6303,6356,6079,6062,6101,7782,6063,5847,6768,566
6102,6079,570,572,6067,6101,6100,6103,569,6126,575,6077
6101,6078,6103,6077,569,6303,570,6067,6102,566,6062,572
6371,6207,6096,5897,6099,6097,5868,5916,6017,6098,-1,-1
6279,6215,5889,6035,6214,6216,5888,6217,6502,-1,-1,-1
711,712,5843,709,714,5946,5913,6212,706,5842,716,5914
6085,6128,6084,6156,5951,5821,6127,6164,5806,-1,-1,-1
6085,5952,5951,6015,6083,5915,6164,5866,6156,5821,-1,-1
6084,6164,6156,6083,6015,5951,6127,6148,6192,5952,6166,5915
5989,5975,6241,5737,5835,6027,5738,6028,6243,5993,-1,-1
6298,6044,6233,6008,6009,6314,6088,6010,6535,-1,-1,-1
6044,6498,6298,6297,6299,6300,6043,6087,-1,-1,-1,-1
6090,6330,6338,6185,6265,6057,6055,-1,-1,-1,-1,-1
6185,6057,6160,6089,5973,6014,6186,6330,-1,-1,-1,-1
6249,6066,5967,6018,5955,6074,6248,5964,5956,-1,-1,-1
728,5976,726,730,6163,5960,731,725,5962,5977,6201,5932
5926,5349,5925,6131,5518,5512,6177,5348,5610,5924,-1,-1
5460,5684,5459,6095,5773,5774,5817,5524,5416,5772,5415,5539
5684,5524,6094,5521,5460,5539,5416,5772,5169,5773,5774,5459
6455,6080,5897,6371,6098,6190,6369,6189,6207,6099,-1,-1
6518,6099,6371,6372,6435,6542,6080,6506,6017,6505,-1,-1
6369,6370,6371,6096,6455,6372,6368,6080,6202,-1,-1,-1
6097,6080,6017,6371,6207,6435,5916,6518,6372,6096,-1,-1
6102,575,6197,6125,6126,572,577,6078,6147,6067,6165,570
569,6079,566,6303,570,6078,6077,6103,564,572,6356,-1
6078,6100,6126,6067,572,575,570,6079,6125,6197,6103,6068
6077,6062,6079,6067,6063,6155,6078,6154,6101,6303,6102,6356
6054,5319,4814,4915,5106,5145,5670,4912,4813,4871,-1,-1
5990,6117,6116,6184,5686,5891,5597,7463,6108,-1,-1,-1
5807,5894,5808,5809,5759,5814,5496,5623,5646,4918,-1,-1
5638,5850,5546,5369,5760,5639,5367,5851,5423,5251,-1,-1
5710,5686,5990,5613,5502,6105,5498,5669,5597,5882,6116,-1
6402,5830,6431,5829,5845,6140,5828,6401,5837,6174,6432,6463
5852,5958,6024,6111,5959,6022,6113,6478,5853,6112,-1,-1
6318,6110,5852,6317,6222,6113,6478,6024,6364,-1,-1,-1
6275,6191,6022,6024,6023,6276,681,682,6113,679,683,5958
6318,6024,6276,6373,6111,6112,6686,6364,6110,6275,6317,-1
7463,6117,6171,6115,6376,5963,5998,6116,6184,6502,5693,-1
5998,6114,5693,6171,5963,6002,5657,6167,6172,5692,6117,6376
6117,5686,5500,5963,6105,5498,6114,5990,5657,7463,6184,6108
6116,7463,6114,6105,6184,5963,5500,6376,5686,6115,6502,-1
6119,6756,6071,218,6508,6602,219,6593,216,6403,221,6755
218,6403,216,6756,6118,219,214,6605,6071,6404,6602,221
826,6121,828,6271,6195,5885,824,830,6194,6363,6493,6483
828,6363,6483,830,6120,6271,826,832,6362,6306,6244,6195
5818,6178,6123,6179,5972,6025,5605,6189,5606,6021,-1,-1
6189,6124,6025,6179,6122,6202,6455,6026,6190,5972,-1,-1
6123,6026,6025,6202,6411,6434,6189,6020,-1,-1,-1,-1
6147,6126,6100,6197,6165,6148,6146,6102,575,577,6312,6068
6102,6125,6100,6068,6165,6067,6078,6154,6197,575,6148,-1
6156,5838,6165,6128,6068,6083,5806,6154,6085,6148,-1,-1
5806,6083,6127,5821,5824,5838,5805,5804,6156,-1,-1,-1
6141,6142,6144,6143,5968,5970,5923,-1,-1,-1,-1,-1
5905,6133,6494,6264,6254,5907,5906,6259,-1,-1,-1,-1
5926,5610,5492,5518,6093,5490,5800,5924,5925,-1,-1,-1
5828,5427,5672,6174,5830,5428,6393,5430,5673,5829,-1,-1
6253,6259,6130,5793,6260,5907,6254,5905,6238,-1,-1,-1
5795,5794,5708,5825,5917,5662,5793,5706,5630,5907,5651,-1
6161,5735,5734,5719,6136,5919,6158,5918,-1,-1,-1,-1
6158,6135,5734,6161,5745,5861,-1,-1,-1,-1,-1,-1
6138,5898,6223,6230,6252,6779,5922,6183,6224,-1,-1,-1
6183,5922,6137,6230,6143,5898,6229,6144,6779,-1,-1,-1
6393,6391,6392,6174,6140,6390,6209,6560,6432,-1,-1,-1
6431,6174,6432,6139,5830,6391,6109,6402,6393,-1,-1,-1
6198,6144,5970,6129,6199,6424,6143,6231,5968,6521,-1,-1
5982,6129,5968,5984,5944,5923,-1,-1,-1,-1,-1,-1
6138,5922,6144,6183,5923,6129,6141,-1,-1,-1,-1,-1
6141,6183,6143,6231,6199,6129,6198,6138,6229,-1,-1,-1
6421,6200,5864,6169,6175,6885,5781,6940,6188,5779,5937,6168
6147,6166,6148,6454,6312,6125,6164,6548,6197,6549,6192,6165
6146,6312,6125,6197,6148,6454,6166,580,6549,577,6100,6165
6146,6165,6147,6125,6156,6164,6166,6454,6085,6126,6127,6197
5678,6633,6634,5908,6033,5733,6632,5676,6248,6173,5765,-1
6652,6598,6151,5992,6225,5991,6226,6167,6152,6436,-1,-1
6152,6150,6289,6226,6309,5992,6310,5996,-1,-1,-1,-1
6310,6151,5996,5992,6309,6252,6150,6289,6509,-1,-1,-1
6220,5776,6036,6219,5763,6328,6304,5764,6329,6218,6040,6305
6068,6063,5839,5838,6067,6103,6126,6127,6062,6165,5881,5805
6356,6062,6077,5847,6768,6103,6003,5893,6303,7782,6063,5881
6085,6127,6165,6164,6148,6083,6128,6068,6084,6166,6146,-1
5933,6158,5961,6245,6246,5861,5932,6162,6186,5860,-1,-1
6157,6161,6245,6136,6162,5861,5933,5918,6135,6246,-1,-1
5817,5736,5798,5458,5459,5477,5832,5463,5773,5373,5258,-1
6186,6090,5973,6162,6185,6245,5918,6339,6246,-1,-1,-1
6158,5919,5918,6162,6135,6136,6245,-1,-1,-1,-1,-1
5918,6245,6160,6161,6158,5973,6186,5919,5920,6157,-1,-1
6201,6092,6210,731,5960,730,6211,733,728,5976,735,726
6085,6166,6156,6015,6148,6192,6146,6084,6083,6165,-1,-1
6068,6148,6126,6125,6156,6127,6147,6146,6154,6100,5838,6164
6146,6164,6192,6454,6148,6548,6147,6015,6562,6156,6085,-1
5998,6598,6652,6172,6436,6002,5991,6171,6225,6115,6150,6437
6170,6169,6176,6175,6286,6070,6072,5937,6145,-1,-1,-1
5937,6168,5864,6145,6175,6070,6170,5863,6200,6176,6885,-1
6072,6168,6286,6591,6070,6507,6169,6176,6661,6069,5937,-1
5998,6376,6114,6172,6115,6438,6167,7463,6002,6437,5963,-1
5998,6167,6436,6171,6437,6438,6652,6115,6439,6376,6002,6450
6327,6634,6345,6058,6375,6633,6056,6248,6149,6325,6319,-1
6393,5830,6132,6139,6140,5672,6209,5828,6109,6390,-1,-1
6885,6176,6168,6169,6145,6287,6421,6302,5864,-1,-1,-1
6285,6175,6168,6287,6286,6830,6170,6336,6885,6169,-1,-1
5629,5512,5925,5511,5403,6093,5705,5786,5926,5628,5349,-1
5818,6021,5844,5972,6122,5831,5606,5605,5588,5974,5971,-1
6189,5605,6123,5607,6122,6190,5818,6456,6455,-1,-1,-1
6182,6206,6181,6240,6270,6447,6034,5674,6443,6051,6239,-1
6180,6182,5673,6208,6239,5674,6240,6206,6034,-1,-1,-1
6180,6034,5674,6181,6270,6206,6060,5673,5429,6240,6447,5473
6138,6229,6144,6231,6230,6143,5922,6137,6199,-1,-1,-1
7463,6117,6216,6105,5891,6502,6114,6376,6116,-1,-1,-1
6090,6186,6330,6160,6339,6089,6331,5973,6057,6245,-1,-1
6160,6339,6245,6185,6246,6090,6162,6330,6157,6331,6211,6322
6188,5935,6041,6302,6301,5782,5802,6940,6885,6421,-1,-1
6421,6187,6940,6885,5782,6302,6041,5781,6145,6301,5698,5935
6123,6455,6179,6190,6202,6369,6124,6096,6122,5607,-1,-1
6189,6456,5897,6455,6179,6096,5607,5768,5868,6123,-1,-1
682,681,6275,6023,6112,683,679,6022,6193,6276,685,678
6166,6015,6562,6164,6548,6016,6085,6604,6146,-1,-1,-1
6023,6879,6204,685,683,5957,6191,682,688,6203,6022,6864
5986,6493,6195,6307,6271,6196,6120,6492,5988,6413,6308,5799
5885,5986,6194,6120,6271,5799,824,826,6493,5988,6121,5731
5986,6308,5988,6214,6194,6307,6035,6413,6195,-1,-1,-1
577,6147,6100,6312,575,580,6125,6146,584,6126,6102,6454
6141,6424,6521,6199,5970,7057,6144,5969,-1,-1,-1,-1
6424,6231,6198,6388,6141,6144,6422,7057,6183,-1,-1,-1
5781,5779,5864,6145,5696,6421,5939,5780,5863,6940,6169,5698
733,735,6210,6163,731,6323,737,730,6211,6322,6092,-1
6369,6124,6189,6455,6411,6123,6368,6098,-1,-1,-1,-1
6808,6879,6864,6341,6204,689,691,688,692,6470,6193,685
6864,6193,6879,6203,5957,6227,6023,685,6341,6808,688,6228
6639,6240,6052,6051,6425,6206,6575,6239,6443,-1,-1,-1
6180,6443,6447,6051,6240,6270,6182,6205,6658,5762,6181,5620
5916,6080,6099,5868,5865,5897,6017,5915,6371,6096,-1,-1
6209,5673,6239,6395,6181,5672,6393,6453,5674,-1,-1,-1
6393,6395,6208,5672,6390,6174,5673,6139,6239,6453,6451,-1
6201,6211,6322,6323,6163,735,737,733,6339,731,6475,5960
6210,6246,5961,6322,6163,5960,6339,6201,6323,6186,-1,-1
5913,5843,5752,5815,712,5751,6082,714,711,5914,5842,5587
6412,5711,5999,6340,6342,6000,697,5572,-1,-1,-1,-1
6279,6308,6035,6081,6196,6311,6613,6413,-1,-1,-1,-1
6279,6502,6217,6081,6216,6282,5889,6376,6280,-1,-1,-1
5889,6502,6184,6215,6081,5891,7463,-1,-1,-1,-1,-1
6279,6281,6215,6280,6282,6311,6829,6081,6697,-1,-1,-1
5884,6305,6543,6220,279,281,5776,277,283,6304,5949,6040
6329,6304,6328,6153,6220,271,6036,269,273,6305,267,5776
6304,6305,6153,6219,6218,5776,273,6543,6329,277,279,275
6343,6478,6477,6262,5853,6563,5854,6222,5852,5712,6344,-1
6478,6317,6366,6477,6111,6504,5852,6221,6318,6564,6365,-1
5898,5995,6252,5996,6224,6137,6310,5922,5940,-1,-1,-1
5995,5681,5898,6223,5899,5682,5940,5922,5680,5996,5640,6137
6652,6385,6436,6226,6450,6150,6167,6598,6291,-1,-1,-1
6225,6290,6385,6151,6289,6291,6150,6652,6382,-1,-1,-1
5755,6864,6204,5957,5753,6228,5841,5754,6203,6193,-1,-1
6864,6341,5754,6340,5755,6227,6342,6203,6204,6353,6470,6808
6230,6231,6183,6387,6251,6646,6138,6388,6779,6144,-1,-1
6229,6138,6779,6183,6137,6251,6231,6252,5922,6387,6700,-1
6229,6199,6388,6183,6144,6387,6230,6141,-1,-1,-1,-1
6007,6278,6233,6292,6009,6293,6277,6651,7288,-1,-1,-1
6009,6293,6314,6087,6232,6298,6008,6292,6007,-1,-1,-1
838,8025,6269,6417,840,6235,836,6427,841,6268,6416,834
8025,6268,6349,6234,840,6269,6267,841,838,843,6397,6418
5447,5812,5467,5722,5663,6237,5450,5810,5721,5811,6238,-1
6238,5812,6261,5810,6258,5722,6236,6253,6284,6260,-1,-1
6253,6237,6260,6258,5722,5812,6261,6259,5723,6236,6133,-1
6208,6453,6395,6425,6240,6181,6209,6205,6180,5673,-1,-1
6205,6180,6206,6239,6181,6051,6425,6182,6639,6443,-1,-1
5989,5993,6086,5835,6243,6042,6028,5886,5737,6027,5975,-1
6031,5639,5479,5637,5478,5895,5911,5638,5971,5760,-1,-1
6042,6241,6486,5989,6028,5993,6043,6086,6498,-1,-1,-1
832,834,6306,6427,6483,830,836,6426,6363,6490,6417,6121
6162,6186,6246,6157,6160,6158,6161,5918,6339,6185,5961,-1
6186,6245,6211,5961,6157,6339,6322,6160,5933,6158,-1,-1
289,291,5536,5994,5879,288,5182,5912,293,286,5183,5353
6033,6249,6345,6634,6018,6019,6091,6319,6149,6173,5908,6074
6248,6074,6091,6345,6319,6018,6066,6033,6634,6256,-1,-1
6019,5909,5928,5910,5953,5929,5908,6018,5772,6059,-1,-1
6646,6229,6700,6230,6779,6387,6701,6647,-1,-1,-1,-1
6310,6223,6509,6779,6137,5996,6152,5898,6230,6309,5995,-1
6259,6238,6260,6258,6133,6692,5793,6237,6254,5722,-1,-1
6494,6259,6442,6692,6130,6348,6133,6253,-1,-1,-1,-1
6257,6256,6320,6321,6075,7135,6655,6704,6074,6407,6319,-1
6255,6319,6655,6074,6320,6075,6257,6407,6375,6321,6249,6066
6255,7135,6599,6704,6321,6075,6320,6256,6761,6073,6682,-1
6253,6409,6238,6259,6261,6692,6237,6408,6260,-1,-1,-1
6253,6692,6254,6133,6258,6238,6409,6130,6442,6260,-1,-1
6253,6238,5793,5723,5722,6133,6259,6258,5794,6237,-1,-1
6237,6408,6284,6258,6409,5810,6238,6410,5812,6479,-1,-1
6563,6344,6221,6343,5712,5784,6477,6263,5713,6564,6537,-1
6563,6678,6283,6496,6564,5784,6262,6497,6477,5811,-1,-1
5903,6494,5906,6130,5905,5900,6006,5870,-1,-1,-1,-1
6055,6089,6324,6338,6333,6266,6057,-1,-1,-1,-1,-1
6325,6324,6056,6055,6335,6326,6265,6327,6333,-1,-1,-1
6350,6268,6349,6235,6397,6351,6352,8025,7046,843,6929,841
6269,6235,6352,6418,6267,6234,6350,8025,6349,6758,6416,-1
6234,6268,6418,6417,6416,6235,8025,838,840,6352,836,6267
6447,6060,6182,6180,6206,6034,5620,6469,6443,6658,5473,-1
6493,6120,6121,6194,6195,6363,6362,828,826,6492,5885,6483
245,6274,251,6288,6396,6061,242,255,6273,6355,6294,-1
6274,6575,6045,6061,6294,6272,6639,6053,6396,6039,6052,-1
6273,6272,6396,6061,6294,6288,6575,245,251,6045,6429,6355
681,679,6191,6112,6276,682,678,6023,683,676,6024,6686
6275,6686,6113,6112,678,679,676,681,6373,6024,675,6191
6346,7288,6278,6007,6348,6357,6232,6347,-1,-1,-1,-1
6651,6346,6347,6232,6292,6277,6007,6358,6360,6359,-1,-1
6217,6081,6214,6311,6215,6281,6308,6035,-1,-1,-1,-1
6829,6217,6282,6439,6281,6607,6747,6654,6438,6215,-1,-1
6829,6217,6697,6747,6280,6311,6279,6654,6695,6613,6607,-1
6280,6376,6438,6502,6215,6217,6439,7463,-1,-1,-1,-1
6678,6263,6497,6284,6496,5810,6410,5811,6563,6564,6571,5784
6283,6410,6261,6497,6408,5810,6571,6678,6237,6496,-1,-1
6176,6830,6336,6401,6822,6287,6286,-1,-1,-1,-1,-1
6830,6170,6176,6168,6661,6285,6591,6072,6826,-1,-1,-1
6336,6176,6419,6885,6175,6302,6285,6401,-1,-1,-1,-1
242,6355,245,6396,6272,6354,239,251,6274,6429,6489,237
6384,6290,6151,6309,6510,6226,6152,-1,-1,-1,-1,-1
6382,6386,6384,6291,6226,6289,6383,6385,6777,-1,-1,-1
6385,6382,6290,6733,6495,6226,6386,6225,6450,6777,-1,-1
6651,6293,6315,6278,6358,6232,6347,6360,6233,6313,-1,-1
6292,6233,6313,6314,6315,6232,-1,-1,-1,-1,-1,-1
6639,6274,6396,6273,6430,6429,6575,6425,6272,-1,-1,-1
5287,5562,5570,5563,5507,5288,5840,5624,5495,5572,-1,-1
5029,5000,4952,5197,4910,5125,4909,4673,4704,4545,5218,-1
6920,6300,6299,6503,6433,6088,6821,6498,6298,-1,-1,-1
6299,6087,6535,6314,6088,6044,6233,6297,-1,-1,-1,-1
6503,6298,6535,6297,6843,6088,6920,6314,6820,6821,-1,-1
6498,6297,6434,6433,6411,6088,6920,6486,6043,-1,-1,-1
5935,5846,6302,6419,6187,5836,5936,5837,6188,-1,-1,-1
6885,6301,6419,6187,6188,6287,6421,5935,5846,6175,6336,-1
566,6077,6101,6356,7782,564,6079,569,6155,6103,562,6003
273,6305,6219,6220,271,275,6329,277,6218,6153,269,6328
277,6304,6218,279,275,6220,273,281,5884,6219,6543,5776
6244,6483,6490,6427,6426,6363,832,834,830,6121,6519,6491
6413,6493,6194,6492,6308,6414,6196,6613,6415,5986,6271,-1
6413,6613,6214,6196,6307,6311,6414,6279,6194,-1,-1,-1
6310,6152,6510,6289,6509,6585,6151,6252,-1,-1,-1,-1
6152,6252,6509,6309,5996,6151,6223,6779,6585,5992,-1,-1
6279,6613,6697,6281,6308,6214,6217,6413,6420,-1,-1,-1
6549,580,6147,584,6197,6454,577,6146,586,6547,6125,-1
6315,6293,6641,6536,6640,6314,6292,6535,-1,-1,-1,-1
6535,6233,6298,6293,6313,6087,6536,6299,-1,-1,-1,-1
6358,6640,6292,6313,6293,6565,6651,6641,6699,6566,-1,-1
878,880,6445,875,6446,882,6444,874,6631,6501,-1,-1
6504,6222,6318,6364,6111,6366,6365,6478,6113,6367,6373,6381
6113,6364,6317,6373,6111,6504,6381,6024,6222,6276,6686,-1
6345,6256,6375,6074,6655,6249,6248,6320,6173,6255,-1,-1
6407,6321,6255,6655,6256,6406,6257,6389,6374,6458,6319,-1
6320,6255,6704,6458,6257,6406,6685,6407,6256,-1,-1,-1
6210,6339,6331,6475,6323,6211,6465,6201,6246,737,6330,739
737,6465,6210,739,6322,735,6475,6201,741,733,6331,6466
6333,6326,6266,6334,6265,6399,6332,6335,6338,6055,-1,-1
6327,6266,6374,6335,6056,6375,6326,6389,6055,6058,6173,-1
6335,6332,6324,6334,6266,6459,6567,6389,6325,6333,-1,-1
6325,6173,6375,6056,6058,6374,6345,6266,6655,6335,6633,-1
6329,269,267,6038,6219,6036,271,265,6153,6046,6304,5979
271,269,6328,6219,6304,267,273,6036,6038,6220,6153,265
6331,6185,6337,6089,6338,6339,6475,6090,6186,6322,-1,-1
6475,6330,6339,6322,6337,6466,6465,6185,6323,6338,6186,-1
6567,6334,6326,6459,6710,6511,6648,6324,6335,6399,-1,-1
6324,6399,6338,6400,6334,6265,6532,6326,6648,6533,6266,-1
6332,6399,6648,6326,6324,6333,6710,6567,6532,750,-1,-1
6326,6389,6325,6374,6266,6459,6407,6324,6332,6327,-1,-1
6401,6419,6287,6285,5845,6402,6176,5846,6302,6822,-1,-1
6474,6466,6331,6330,6475,6338,6400,6533,6465,742,741,744
6333,6400,6089,6330,6337,6265,6474,6399,6324,6331,-1,-1
6186,6322,6331,6185,6246,6330,6211,6475,6160,6210,6245,-1
5711,5754,6228,6353,6213,6342,6341,5997,5755,-1,-1,-1
6470,6808,6864,6203,6228,6342,692,694,691,695,6204,6340
6470,6341,6412,695,6213,6340,697,694,6228,692,6808,6864
5854,6221,5712,6537,6262,5853,6344,5578,5790,6478,6477,-1
5712,5784,5713,6262,6563,6343,5468,5603,5811,6537,6678,6221
6248,6319,6375,6634,6173,6249,6033,6327,6074,6655,-1,-1
6347,6277,6278,6359,6357,6651,6361,6348,-1,-1,-1,-1
6651,6346,6360,6359,6278,6361,6358,6292,6277,6357,6609,6566
6442,6494,7288,6006,6357,6277,6254,6346,-1,-1,-1,-1
843,6397,841,6235,845,6267,8025,840,846,6398,6268,6351
7046,6267,6929,6352,6351,6268,7039,6762,6397,6930,-1,-1
6397,6350,6930,6398,6929,6620,6267,6349,7046,-1,-1,-1
6268,7046,6350,6762,6758,6418,6267,6269,6235,-1,-1,-1
5754,5997,5744,6340,5711,5728,5755,6228,5653,5572,-1,-1
239,6355,6476,237,6288,6489,242,6702,235,245,6396,6429
6288,6429,6354,6489,6396,242,239,6272,6452,245,6274,6702
6155,7782,6003,6077,6303,5847,6005,564,6534,6062,562,6768
6346,6442,6359,6348,6440,6441,6277,6347,-1,-1,-1,-1
6651,6315,6566,6360,6565,6292,6347,6640,6278,7047,-1,-1
6346,6347,6609,6361,6440,6357,6360,6278,-1,-1,-1,-1
6566,6651,6347,6361,6358,6611,6565,6359,6278,6292,7047,-1
6360,6347,6609,6359,6610,6611,6651,6566,6679,6346,-1,-1
6363,6493,6491,6636,6492,6271,6490,6121,6415,6306,-1,-1
6121,6483,6362,6490,6306,6271,830,6244,6491,828,832,6120
6318,6381,6504,6317,6373,6367,6113,669,671,6365,6379,6111
6504,6378,6367,6366,6573,6317,6380,6364,6574,6379,6564,6222
6222,6365,6504,6564,6317,6573,6477,6478,6378,-1,-1,-1
6379,6504,6365,6381,6364,6380,6378,669,6482,667,6317,665
6369,6433,6583,6370,6202,6098,6411,6455,6920,-1,-1,-1
6455,6368,6098,6202,6189,6096,6370,6411,-1,-1,-1,-1
6514,6098,6372,6583,6505,6368,6369,6371,-1,-1,-1,-1
6080,6097,6372,6096,6099,6098,6518,5897,6207,6455,6370,-1
6371,6518,6097,6505,6370,6098,6506,6514,6099,-1,-1,-1
6686,6318,673,6364,6381,6113,671,6276,675,676,669,6317
6325,6407,6655,6375,6335,6389,6327,6320,-1,-1,-1,-1
6327,6345,6655,6319,6374,6173,6325,6407,6256,6634,-1,-1
7463,6171,6502,6438,6114,6282,6172,6117,6184,6115,6215,5998
5945,5758,5814,5759,6012,5948,5999,5623,5842,-1,-1,-1
6365,6380,6574,6481,6573,6367,659,6504,6482,6379,6572,6366
667,6482,6367,665,669,6380,6381,663,671,661,6364,6378
6482,659,6378,661,6379,6481,6367,663,665,6365,667,657
669,6364,671,6379,6367,6373,667,673,6504,6318,6686,665
6291,6386,6777,6733,6290,6775,6385,6897,6383,6384,6495,6226
6866,6386,6384,6775,6561,6716,6290,7185,6753,6382,6777,6510
6383,6289,6290,6386,6561,6510,6866,6382,-1,-1,-1,-1
6291,6225,6450,6495,6226,6436,6290,6382,6733,6652,-1,-1
6383,6382,6290,6775,6777,6384,6866,6291,6733,6776,-1,-1
6646,6229,6388,6647,6231,6423,6251,6230,-1,-1,-1,-1
6422,6231,6387,6199,6423,6473,6229,6424,-1,-1,-1,-1
6407,6335,6459,6406,6374,6326,6457,6320,6655,6325,-1,-1
6560,6393,6209,6395,6392,6139,6451,6174,-1,-1,-1,-1
6432,6139,6464,6392,6737,6140,6744,6431,-1,-1,-1,-1
6560,6391,6139,6737,6559,6390,6393,6488,6464,-1,-1,-1
6209,6174,6139,6390,5672,6395,6132,6208,6140,6392,-1,-1
4634,5149,4979,4610,5243,4893,4408,5374,4635,4716,5077,-1
6209,6453,6208,6239,6390,6451,6393,6430,6425,5672,6560,-1
6274,6355,6288,6272,6429,6294,245,6273,242,6354,6430,6489
6349,6398,845,6351,846,6267,843,848,6620,841,6235,6350
6397,6620,848,846,850,6351,845,852,6349,843,6930,-1
6532,6333,6334,6648,6400,6533,748,6324,750,746,6338,6332
6533,6474,6399,6532,6333,6338,6337,746,744,6466,748,6648
6402,6336,6285,6822,6463,5845,6431,6109,6830,6419,6287,-1
6401,6431,6109,5845,6463,6336,6432,6140,6822,5830,-1,-1
6119,216,6404,6605,214,6756,218,211,6405,6118,6755,219
6405,6403,6605,6544,6586,211,214,208,6916,198,6119,216
208,6544,211,198,6404,6468,195,214,6403,6586,6546,193
6407,6389,6458,6457,6320,6321,6459,6513,-1,-1,-1,-1
6389,6320,6655,6406,6374,6335,6321,6256,6375,6459,6255,-1
6410,6479,6261,6409,6693,6284,6773,6258,6497,6571,6480,-1
6479,6258,6408,6692,6261,6441,6259,6693,6480,-1,-1,-1
6571,6408,6773,6497,6284,6693,6657,6572,6479,6261,6283,-1
6434,6124,6202,6433,6300,6368,6026,6369,6498,-1,-1,-1
697,5999,6213,699,6342,695,6012,6470,694,701,-1,-1
6414,6307,6613,6308,6492,6420,6415,6196,6311,6493,6194,6697
6413,6415,6613,6492,6420,6694,6307,6308,6636,6855,6493,6696
6855,6414,6492,6636,6694,6413,6420,6845,6307,6520,6362,7095
6417,6428,6269,6418,6621,6426,6234,6427,6727,6268,6681,-1
6427,6234,6416,6269,836,6426,838,834,6244,8025,6428,6306
6268,6269,6758,6621,6416,6352,6759,6235,6417,6234,-1,-1
5846,6336,6302,6301,6287,5845,5837,6401,6885,-1,-1,-1
6696,6613,6697,6694,6695,6414,6413,6415,6997,6746,6747,6311
6940,6188,6145,5781,6885,6200,5782,6175,6302,5698,6187,5864
6388,6471,7057,6424,6473,6199,6472,6423,-1,-1,-1,-1
6473,6647,6388,6387,6904,6691,6422,6646,6471,6485,-1,-1
7057,6198,6199,6521,6422,6522,6388,6141,6472,-1,-1,-1
6639,6453,6205,6239,6430,6294,6240,6395,-1,-1,-1,-1
6427,6428,6306,6417,6519,6416,6490,6244,6681,834,-1,-1
6244,834,6417,6426,6306,836,832,6234,6483,838,6416,6490
6681,6416,6727,6426,6519,6621,6680,6417,6943,-1,-1,-1
6355,6396,6430,6452,6489,6294,6288,6274,6354,6451,-1,-1
6453,6429,6452,6451,6425,6294,6395,6396,-1,-1,-1,-1
6402,6432,6140,6109,6463,6401,6744,5830,6391,5845,-1,-1
6431,6744,6391,6464,6463,6140,6402,6742,6139,6109,6823,6737
6920,6300,6368,6297,6411,6583,6821,6434,6503,-1,-1,-1
6498,6486,6411,6300,6026,6124,6433,6043,6028,-1,-1,-1
6097,6726,6706,6099,6017,6542,6518,6016,-1,-1,-1,-1
6652,6167,6172,6450,6225,6437,6598,6385,5998,6150,6438,6449
6172,6436,6439,6449,6450,6438,6167,6607,6171,-1,-1,-1
6439,6172,6171,6376,6437,6282,5998,6280,6436,-1,-1,-1
6607,6438,6437,6280,6282,6449,6829,6172,6448,-1,-1,-1
6609,6359,6480,6441,6786,6357,6679,6479,-1,-1,-1,-1
6479,6442,6440,6692,6480,6409,6357,-1,-1,-1,-1,-1
6692,6357,6348,6441,6254,6259,6494,-1,-1,-1,-1,-1
6447,5762,6206,6051,6658,5620,5689,5978,6270,6180,6240,5761
6631,6446,880,6500,6630,6578,6316,882,878,6445,6850,-1
874,875,6501,873,6446,878,6316,871,6551,6530,6444,880
6501,6445,6444,6500,6530,6316,878,6499,874,875,880,873
6443,6658,6270,6206,5620,6180,6469,5762,6051,5622,6060,5689
6606,6607,6608,6654,6653,6449,6829,6990,6439,-1,-1,-1
6608,6437,6448,6450,6607,6439,6495,6606,6436,-1,-1,-1
6385,6436,6437,6495,6449,6225,6652,6608,6291,6172,-1,-1
6452,6560,6453,6395,6390,6430,6488,6209,6429,-1,-1,-1
6489,6451,6429,6488,6487,6430,6355,6560,6453,-1,-1,-1
6395,6430,6425,6239,6451,6208,6209,6452,-1,-1,-1,-1
6146,6549,6312,6147,6166,6548,6547,6148,584,6197,586,6624
6369,6189,6096,6202,6190,6098,6368,5897,6123,6179,6371,-1
5768,5607,6190,5868,5897,5514,5767,6179,-1,-1,-1,-1
6513,6512,6406,6511,6459,6458,6567,6389,6568,6569,-1,-1
6568,6685,6406,6321,6513,6457,6704,6320,7007,6570,-1,-1
6389,6567,6332,6511,6457,6335,6326,6406,6407,6512,-1,-1
5543,5566,5207,5544,5517,6032,5717,5422,5542,5424,5568,-1
6740,6462,888,892,890,6526,6525,887,895,6741,885,-1
887,885,6461,888,6523,6850,6525,884,890,6524,6526,882
6822,6744,6431,6402,6432,6401,6823,6464,6109,6826,-1,-1
6744,6742,6737,6391,6432,6738,6823,6392,6463,-1,-1,-1
739,6475,741,6466,6323,737,742,6331,6322,6337,6474,735
6465,741,6474,742,6475,6337,739,744,6331,6533,6323,6400
619,4490,4199,621,3782,4089,4264,4881,624,617,4537,4166
198,195,6544,193,208,6405,6545,192,6546,211,6404,6690
5620,5591,6060,5621,5593,6270,6447,5622,5771,6658,5473,6034
694,692,6341,695,6808,6342,691,697,6203,689,6412,6864
6473,6484,6485,6472,6422,7057,6596,6423,6904,-1,-1,-1
6471,7057,6484,6705,6522,6595,6422,6424,-1,-1,-1,-1
6423,6471,6485,6904,6422,6388,6484,6903,6691,-1,-1,-1
6533,744,6466,742,6337,6400,746,741,6532,6475,6465,6338
6465,6331,6466,6322,6323,6337,739,741,6330,6339,6474,737
237,235,6702,6797,6354,239,232,6489,6725,6355,6674,-1
6221,6563,6564,6222,6478,6366,6262,6263,6343,-1,-1,-1
6222,5852,6221,5853,6477,6111,6317,6110,6343,6366,-1,-1
6409,6693,6480,6408,6441,6692,6410,6773,6440,6261,-1,-1
6479,6786,6693,6440,6441,6842,6773,6408,6609,6409,-1,-1
659,6531,6574,657,6378,6380,6656,661,655,6657,6482,6840
663,661,665,6380,6379,667,659,6367,669,6378,6481,-1
830,832,6244,6306,6363,6121,828,834,6490,6427,6271,6120
6597,6471,6596,6485,6595,6472,6473,6903,6781,-1,-1,-1
6903,6471,6473,6596,6484,6904,6905,6597,6918,6423,6780,-1
6434,6498,6243,6028,6026,6043,5989,6042,6300,-1,-1,-1
6674,6488,6489,6702,6452,6558,6725,-1,-1,-1,-1,-1
6560,6487,6452,6559,6558,6451,6674,6392,6489,-1,-1,-1
6355,6452,6487,6354,6702,6429,6476,6288,6396,6674,6488,-1
6306,6491,6363,6519,6362,6426,6483,6244,6427,6636,6520,6121
6490,6636,6520,6519,6362,6363,6306,6492,6855,6681,-1,-1
6493,6415,6636,6307,6414,6362,6413,6855,6194,6491,6271,-1
6492,6271,6194,6307,6362,6195,6413,6363,6636,6414,6120,6415
6254,6006,6264,6130,6348,7288,6442,5900,5905,-1,-1,-1
6608,6385,6450,6733,6291,6734,6449,6382,6606,-1,-1,-1
6497,6564,6572,6263,6283,6573,6571,6563,6678,6284,-1,-1
6571,6496,6410,6283,6572,6284,6773,6263,6657,6408,6573,-1
6300,6043,6434,6486,6088,6297,6044,6411,6243,-1,-1,-1
6530,6529,6500,6527,6528,6446,6501,6665,6551,6664,-1,-1
6630,6529,6499,6444,6446,6664,6530,6578,6665,6528,-1,-1
6445,6530,6551,6446,873,874,871,875,6499,878,6316,869
7463,6215,6376,6216,6184,6282,6114,6117,6081,-1,-1,-1
6299,6821,6920,6820,6297,6843,6535,6582,6583,6844,6433,-1
6365,6317,6364,6367,6366,6318,6222,6381,6378,6573,6379,-1
6506,6517,6514,6372,6370,6515,6518,6516,6097,-1,-1,-1
6516,6518,6517,6505,6542,6540,6372,6539,6097,6538,6515,-1
6072,6592,6069,6508,6591,6593,6170,6594,6071,6070,5950,-1
6593,6507,6118,6071,6592,6602,6069,6601,6072,219,218,5950
6310,6585,6779,6252,6700,6309,6584,6152,6510,-1,-1,-1
6561,6585,6384,6309,6587,6289,6383,6509,-1,-1,-1,-1
6567,6512,6589,6457,6459,6710,6332,6590,756,6513,6569,758
6569,6590,6511,6589,6513,6457,762,763,6567,758,6570,760
6568,6457,6570,6569,6512,6458,763,765,6685,6590,6511,6406
6515,6370,6582,6583,6505,6821,6517,6372,-1,-1,-1,-1
6517,6514,6582,6783,6784,6505,6540,6819,6506,-1,-1,-1
6506,6538,6540,6517,6539,6542,6541,6518,7109,6505,6783,-1
6540,6515,6506,6783,6516,6505,6538,6514,6577,6518,6784,-1
6097,6506,6542,6372,6505,6435,6516,6371,6726,6099,6517,-1
6681,6491,6490,6428,6426,6680,6520,6727,6306,7123,-1,-1
7123,6491,6636,7095,6855,6519,6680,6681,7128,6415,6490,-1
6600,6198,6424,5969,6522,7057,6065,5970,6141,6761,-1,-1
7057,6600,6761,6705,6472,6521,6424,6073,6599,-1,-1,-1
6850,6524,6462,6631,6525,6578,884,885,882,6580,887,6618
6523,6580,6618,6525,6578,6850,6631,6462,6579,6581,6619,-1
6524,6526,6462,6523,6618,6579,6461,6740,6850,6580,887,6739
6740,6741,6525,6579,6739,6461,892,895,6618,6881,6462,-1
6528,6530,6552,6550,6499,6553,6529,6551,6556,-1,-1,-1
6529,6527,6665,6553,6554,6499,6662,6530,6552,6500,-1,-1
6665,6499,6500,6528,6664,6630,6527,6662,6530,6554,-1,-1
6499,6501,6551,6527,6550,6446,6445,873,6500,6528,871,6529
657,6656,655,6840,6481,659,6841,6574,6657,653,6842,-1
748,6533,6399,746,6648,6400,750,744,6474,6333,6334,6984
746,6474,744,6532,6400,748,742,6399,6337,6466,6648,6333
6003,5757,5756,5847,5848,6005,5893,6356,5783,5573,6004,7782
6298,6299,6314,6843,6536,6503,6313,6087,6835,-1,-1,-1
6535,6313,6835,6641,6843,7003,6314,-1,-1,-1,-1,-1
5854,5712,5580,6343,5578,5603,5577,5790,5579,6344,5853,6262
6541,6540,6516,6576,6577,7109,6539,6629,6517,6783,6506,6637
7109,6902,6542,6516,6726,6541,6538,6638,6637,6506,-1,-1
6538,6517,6783,6577,6516,6506,6669,6515,6576,6541,6784,-1
7109,6538,6629,6637,6539,6576,7004,6516,6902,6540,6988,6626
6518,6726,6506,6539,6516,6435,6097,6638,7109,-1,-1,-1
5884,5777,6040,6218,5949,5776,283,281,6220,5778,5690,5764
6405,6468,198,195,6546,6586,6404,208,193,211,6545,6791
193,6690,195,6772,192,6854,6546,6468,190,6544,198,7021
6772,6544,6791,6545,6586,195,6771,6468,193,198,6854,6405
6549,7121,589,6624,6454,586,6548,593,584,6312,6604,6603
6604,6454,6624,6166,6562,6547,6192,6146,7121,7459,6549,-1
6312,584,6547,586,6454,580,589,6147,7121,6146,6548,6197
6782,6527,6551,6556,6552,6530,6644,869,6785,6642,871,6501
871,6501,6530,873,6782,869,6550,874,6445,867,6527,6446
6556,6553,6527,6643,6555,6550,6645,6528,6642,6557,-1,-1
6552,6528,6557,6555,6554,6527,6643,6707,-1,-1,-1,-1
6662,6553,6677,6528,6557,6676,6665,6666,6529,-1,-1,-1
6643,6707,6557,6552,6553,6709,6731,6556,6732,6645,6708,-1
6642,6552,6645,6644,6643,6550,6892,6782,6555,6731,6883,6785
6707,6676,6555,6553,6554,6708,6774,6677,6552,-1,-1,-1
6674,6559,6675,6672,6487,6488,6673,-1,-1,-1,-1,-1
6560,6737,6392,6488,6558,6673,-1,-1,-1,-1,-1,-1
6488,6392,6390,6559,6451,6452,6139,6737,6395,-1,-1,-1
6716,6383,6510,6384,6588,6866,6587,6717,6753,-1,-1,-1
6604,7459,6192,6706,6548,6016,6624,6623,6166,-1,-1,-1
6263,6262,6477,6564,5784,6344,6221,6678,6496,6283,-1,-1
6496,6563,6477,6263,6366,6573,6572,6222,6283,6262,6365,-1
6699,6566,6358,6640,7047,6964,6315,6360,6698,-1,-1,-1
6360,7047,6358,6565,6611,6651,7031,6361,6964,6315,6347,-1
6511,6332,6710,6459,6589,6334,6326,6512,6457,754,-1,-1
6685,6513,6570,7007,6458,767,765,6569,6703,6457,6704,-1
763,6512,6590,762,6570,6513,765,760,6589,6568,6457,758
765,6568,767,6513,6569,763,7007,768,6512,762,6685,6458
6773,6572,6657,6497,6410,6693,6496,6574,6284,6656,6842,6408
6571,6574,6496,6497,6573,6657,6773,6410,6656,6564,6378,-1
6365,6572,6378,6564,6496,6574,6366,6504,6497,-1,-1,-1
6572,6481,6657,6378,6656,6573,6571,6531,6365,6380,659,-1
6273,6639,6052,6045,6039,6294,6274,6205,6061,-1,-1,-1
6577,6627,6626,6629,6538,6541,6628,6540,6973,7004,6669,609
6669,6540,6576,6783,6538,6628,6627,6668,6517,6541,6784,-1
6630,6631,6580,6524,6523,6619,6444,6850,6618,6500,882,-1
6618,6739,6526,6712,6615,6525,6524,6888,6741,6581,6580,-1
6524,6619,6618,6581,6578,6523,6630,6614,6615,6525,6579,-1
6614,6580,6615,6618,6616,6619,6524,6617,6778,6579,6711,-1
6821,6819,6515,6514,6820,6583,6784,6920,6844,6503,6783,-1
6821,6920,6514,6370,6433,6368,6582,6503,-1,-1,-1,-1
6700,6715,6585,6587,6701,6804,6509,6588,-1,-1,-1,-1
6509,6584,6587,6510,6700,6309,6310,6779,-1,-1,-1,-1
6791,6544,6404,6801,6546,6916,6405,6605,6789,-1,-1,-1
6588,6584,6585,6510,6715,6561,6716,6700,-1,-1,-1,-1
6587,6716,6717,6718,6561,6715,6912,6584,-1,-1,-1,-1
756,6590,6511,758,6512,6710,754,6567,760,6569,762,752
760,762,758,6569,6589,6512,763,756,6511,6513,-1,-1
6072,6170,6507,6661,6594,6592,6286,6793,6070,6069,6796,-1
6593,6507,6594,6508,6601,6591,6072,6659,6602,6069,6793,-1
6601,6602,6592,6508,6507,6118,6757,6594,6659,7550,6756,6071
6592,6793,6659,6591,6661,6601,6796,6507,6593,6660,-1,-1
6597,6683,6484,6705,6682,6684,6472,6596,-1,-1,-1,-1
6597,6903,6780,6781,6484,6485,6918,7169,6471,6684,782,6595
6781,6596,6484,6684,6595,6683,7041,6780,6485,7169,-1,-1
5991,6652,6167,6002,6150,5998,6436,5691,5992,6225,5692,6172
7135,6682,6761,6257,6705,6704,6073,6703,6522,-1,-1,-1
6761,6073,6521,6065,6522,5969,7135,6064,7057,6705,-1,-1
6593,6659,7550,6592,6757,6602,6594,6508,6795,-1,-1,-1
6593,6118,6756,6757,6755,6601,6508,6592,6119,6605,-1,-1
597,593,6625,7121,6624,6623,6604,599,6622,589,6547,7459
6624,7459,6562,6548,6623,6603,7121,6706,6547,6638,6192,6625
6756,6403,6916,6404,6755,6119,6586,6118,216,6602,-1,-1
7012,6608,6448,6990,6653,6734,7059,6654,6449,6991,6495,-1
6829,6439,6448,6654,6280,6449,6747,6437,6653,6281,6608,-1
6606,6495,6448,6449,6734,7012,6450,6653,6733,6607,-1,-1
6679,6440,6361,6359,6610,6786,6798,6480,6347,-1,-1,-1
6799,6679,6798,6800,6361,6609,6611,6828,7031,6786,-1,-1
6566,7031,6800,6360,6361,7047,6610,6799,-1,-1,-1,-1
178,180,7055,176,7054,7056,6852,181,174,7053,7074,-1
6413,6420,6308,6697,6414,6311,6307,6695,6281,6214,6694,-1
6581,6617,6778,6650,6616,6619,6580,6615,6649,6687,-1,-1
6712,6581,6618,6711,6579,6616,6721,6580,6614,6739,6722,6888
6778,6711,6722,6614,6615,6581,6749,6650,6719,6712,6767,6721
6649,6614,6619,6664,6650,6687,6581,6778,6630,6663,6665,-1
6579,6524,6580,6615,6581,6525,6712,6523,6526,6578,6619,-1
6580,6617,6630,6581,6614,6664,6578,6524,6618,-1,-1,-1
6398,852,6989,850,6930,6351,854,848,6397,846,-1,-1
6943,6418,6416,6727,6759,6428,6758,6961,6681,6269,-1,-1
6625,6988,6902,599,601,6623,6638,6637,597,7109,6603,603
6625,6603,7459,6604,6638,6624,6622,597,7121,599,6902,593
6604,7121,6603,6547,6548,6623,593,7459,589,6625,6562,597
597,6622,599,6603,6623,601,6988,593,6638,6902,6624,7121
609,6627,6629,607,611,6576,7004,605,6973,6541,613,-1
6973,6626,6576,611,6628,613,609,6629,6938,6670,6577,607
6938,6973,6669,6627,6577,6667,6668,6576,6670,-1,-1,-1
7004,6626,6541,6637,6576,607,605,609,7109,603,6538,6627
6500,6578,6664,6619,6444,6529,6580,6631,6617,6446,-1,-1
6850,882,6444,6578,880,6523,884,6524,885,6630,6316,878
5678,5548,5733,5676,5547,5595,6149,5796,5908,5675,-1,-1
6149,6058,6634,5765,6173,5733,5678,6033,6327,-1,-1,-1
6173,6248,6149,6345,6033,6633,5908,6249,6058,6375,5678,-1
173,7216,171,7175,7056,6913,7074,174,170,7215,168,6915
6491,6415,6492,6855,6362,6520,6493,6414,6490,7095,-1,-1
6988,7004,7109,6902,6541,6629,603,605,601,6622,6539,607
6726,6902,7459,6623,6622,6706,6539,6625,7109,6604,6542,6988
6205,6575,6425,6052,6294,6273,6051,6240,6274,6039,-1,-1
6315,6699,6641,6698,6565,6313,6358,6806,6805,-1,-1,-1
7003,6640,6806,6313,6698,6536,6835,6315,6699,-1,-1,-1
6892,6644,6645,6556,6883,6785,6893,6643,864,6891,6731,6873
6555,6645,6731,6556,6552,6709,6642,6707,6892,6553,6891,6730
6785,6642,6782,6556,6883,864,6550,867,865,6892,6645,869
6892,6731,6642,6643,6556,6891,6883,6893,6709,6644,6730,6552
6647,6251,6387,6701,6851,6229,6700,6423,6804,-1,-1,-1
6646,6851,6691,6423,6387,6701,6251,6804,6923,-1,-1,-1
750,6984,6399,6532,748,752,6334,6710,754,6332,746,6533
6617,6666,6663,6662,6687,6665,6664,6650,6688,6614,6677,7043
6687,6778,6614,6617,7042,6767,6649,6663,7043,6616,6749,-1
6347,6358,6292,6278,6360,6346,6315,6566,6361,6232,-1,-1
6598,6225,6167,6436,6150,5991,6172,6450,6002,5998,6226,6385
6654,6990,6448,6606,6887,6886,6745,7012,6607,6608,7358,6747
6829,6653,6747,6607,6448,6886,6280,6281,6606,6745,6695,-1
6407,6320,6375,6256,6319,6374,6255,6389,6345,6327,-1,-1
6657,6531,6840,6574,6481,6842,6773,657,655,6571,6572,6841
6656,6571,6773,6574,6572,6842,6410,6531,6840,6497,6481,6693
6447,5689,6443,5620,5762,5622,6206,6270,5761,5667,6469,6051
6795,6660,6601,6594,6793,7550,6592,6593,6792,-1,-1,-1
6792,6793,6659,6795,6794,6825,6796,6824,6594,6907,6957,-1
6796,6591,6830,6793,6826,6286,6594,6825,6170,-1,-1,-1
6666,6665,6677,6554,6649,6663,6688,6528,6529,6664,6676,-1
6687,6666,7043,6688,6649,6662,6650,7042,6677,6689,6617,-1
6529,6630,6617,6665,6619,6500,6649,6662,6499,-1,-1,-1
6662,6529,6528,6664,6554,6649,6666,6677,6499,6500,6617,-1
6663,6662,6688,6677,6649,6687,6665,7043,6554,6876,6689,-1
6939,6938,6668,6869,6882,6628,6868,6669,6670,6839,6867,-1
6669,6667,6870,6882,6784,6628,6939,6871,6938,6783,6577,-1
6668,6577,6783,6784,6628,6870,6540,6667,6576,-1,-1,-1
615,6938,6973,616,613,6869,618,6628,6627,6667,611,6867
899,7293,6881,897,6713,6986,901,6880,903,6741,7071,6974
6735,6675,6856,6723,6673,6558,7097,6736,6674,6724,-1,-1
6736,6735,6738,6672,6559,6737,6558,-1,-1,-1,-1,-1
6725,6487,6675,6702,6558,6797,6488,6672,6489,6724,6476,-1
6674,6672,6725,6724,6723,6558,6856,6764,-1,-1,-1,-1
6774,6677,6557,6554,6708,6876,6770,6662,6707,-1,-1,-1
6666,6662,6676,6688,6554,6876,6663,6774,6665,6557,6649,-1
5811,6283,6263,5784,5810,6563,6284,6496,5467,5468,6344,-1
6798,6786,6609,6802,6610,6799,6440,6361,6813,-1,-1,-1
6681,7123,6727,7132,6519,7087,6520,6428,7128,7095,6943,-1
6727,6428,6680,6519,7132,6426,6520,7123,6943,6621,6416,6491
6683,6599,6703,6705,6595,6704,7008,6761,6685,6257,-1,-1
6682,7008,6684,6703,6595,6597,7001,6705,6704,-1,-1,-1
6597,6683,7001,6781,7041,7008,6595,7169,6596,7075,6703,-1
6568,6703,6458,6704,7007,6321,7008,6513,6570,6682,-1,-1
675,676,6373,673,6276,678,671,6113,679,6275,6381,6318
6663,6650,7042,7043,6649,6666,6767,6617,6688,6778,7141,6614
6666,6663,6689,6677,7043,6876,6662,6687,6649,6877,7141,-1
6688,7032,7043,6877,7141,6876,6663,7380,6666,-1,-1,-1
192,190,6854,7021,6545,193,188,6772,195,187,7025,6790
6851,6647,6904,6919,6923,6423,7078,6905,6804,6473,-1,-1
6259,6409,6442,6441,6254,6258,6253,6479,-1,-1,-1,-1
6773,6479,6480,6410,6408,6842,6571,6409,6657,6786,-1,-1
6415,6696,6420,6845,6855,6997,6414,7095,6613,-1,-1,-1
6696,6747,6697,6746,6420,6886,6745,6281,6997,6613,6654,-1
6420,6997,6695,6746,6694,6697,6845,6846,6745,6414,-1,-1
6281,6613,6695,6420,6747,6311,6696,6829,6413,6217,-1,-1
6806,6699,6805,6640,6641,6807,7003,6565,-1,-1,-1,-1
6565,6805,6698,6640,6964,6848,7047,6641,6315,-1,-1,-1
6584,6779,6251,6509,6585,6701,6646,6230,6587,-1,-1,-1
6646,6584,6804,6851,6700,6647,6251,6715,-1,-1,-1,-1
6476,6674,6797,6489,6487,6725,6354,235,237,6355,-1,-1
6685,6683,7008,6682,6704,7007,6568,7009,6684,6599,-1,-1
6685,6321,6703,6257,6599,6682,6458,6255,6568,7135,6683,-1
6761,6522,6682,6599,6595,6472,7057,6683,7135,6600,-1,-1
7459,6726,6562,6435,6016,6638,6604,6623,6017,-1,-1,-1
6555,6732,6557,6708,6709,6643,6676,6553,6729,-1,-1,-1
6707,6770,6774,6557,6732,6676,6769,6555,6729,-1,-1,-1
6731,6707,6732,6643,6728,6555,6730,6645,6729,-1,-1,-1
754,6567,752,6984,6332,6648,6589,756,6511,750,6334,-1
6721,6722,6616,6615,6712,6719,6720,6889,6888,6749,6581,6750
6888,6615,6721,6579,6739,6711,6889,6618,6880,6616,-1,-1
901,903,6986,6671,7071,899,6714,905,7293,897,6985,7180
905,903,7071,7153,7180,908,6713,901,7279,910,6986,7033
6584,6804,6803,6718,6587,6588,6701,7603,6851,-1,-1,-1
6717,6561,6753,6866,6588,6383,6752,6587,6912,7185,6718,-1
6912,6716,6588,6753,6752,6718,6814,798,6866,6561,800,-1
7603,6912,6588,798,6803,6717,6715,796,800,6804,6716,-1
6722,6720,6748,6751,6750,6721,6711,6977,6749,6889,7125,6616
6977,6889,6719,6890,6721,6751,6748,6711,6900,6898,6969,6888
6889,6711,6720,6712,6888,6719,6722,6890,6900,6615,6977,6616
6749,6719,6711,6750,6616,6778,6721,6748,6720,6767,6615,6818
6856,6724,6834,6675,6766,6672,6765,7096,6735,6725,7097,-1
6723,6764,6765,6725,6675,6766,6947,227,229,6797,6674,6834
6797,6674,6675,6764,6724,6702,6476,232,235,6723,6487,229
6542,6638,6706,6435,6539,7459,6902,6518,7109,-1,-1,-1
6681,6943,6428,7132,6680,6621,7291,6519,6961,6416,-1,-1
6730,6862,6729,6709,6861,6863,6732,7410,6731,-1,-1,-1
7410,6732,6911,6862,6728,6769,6924,6933,6709,6909,6707,6708
6731,6728,6863,6891,6954,6709,6645,6861,6921,6643,-1,-1
6645,6730,6709,6643,6891,6892,6728,6555,6642,6556,6954,-1
6729,6707,6709,6708,6769,6728,6911,7410,6555,6862,-1,-1
6382,6734,6291,6897,6777,6495,6385,6386,6608,-1,-1,-1
7012,6733,6608,6606,6991,6495,6897,-1,-1,-1,-1,-1
6736,7097,6672,6856,6760,6673,7096,6738,6723,6827,-1,-1
6738,6735,6760,6827,6673,7097,6742,6906,6672,6737,-1,-1
6464,6559,6392,6738,6391,6673,6560,6736,6742,6432,-1,-1
6736,6742,6464,6737,6673,6827,6743,6744,6735,6760,-1,-1
6579,6741,6888,6880,6712,6526,6881,6740,6615,7293,6525,-1
892,895,6526,6461,6741,6881,890,897,6525,6739,888,-1
6881,6740,6526,6739,895,6880,897,7293,6671,6579,892,6461
6743,6744,6738,6464,6823,6827,6824,6736,6432,6737,-1,-1
6824,6742,6823,6825,6827,6744,6792,6826,6738,6796,6907,-1
6432,6464,6823,6742,6463,6743,6431,6822,6391,6738,-1,-1
6886,6995,6887,6746,6695,6653,7058,6846,6998,6747,6654,6696
6745,6696,6695,6995,6997,6846,6886,6887,6998,6420,6747,-1
6829,6695,6654,6281,6697,6886,6280,6607,6745,6746,6420,6653
6751,6750,7125,7064,6719,6722,6720,6969,7065,6977,6818,6749
6722,6767,6778,6750,6818,6616,6719,6711,6650,6748,7042,7127
6748,6749,6722,7125,6719,6818,6751,6767,7126,7064,6711,-1
6748,6977,6969,6720,6719,7064,6750,7125,6890,6898,6968,-1
6814,6753,6815,6817,6912,6717,6816,804,800,6878,6716,7185
6815,6716,6866,6752,7185,6717,6816,6912,6383,6561,6814,6775
6755,6917,6972,6757,7000,6916,-1,-1,-1,-1,-1,-1
6756,6754,6605,6757,6602,6916,6118,6119,6403,-1,-1,-1
6119,6605,6118,6755,6403,6602,218,216,6916,6404,6508,6757
7550,6602,6972,6755,6754,6601,6593,7024,6756,-1,-1,-1
6759,6418,6352,6763,6762,6621,6268,-1,-1,-1,-1,-1
6961,6758,6943,6942,6621,6763,7291,6962,6418,6958,-1,-1
7097,6906,6736,6735,6827,6994,6907,6856,7096,6738,-1,-1
6600,7135,6522,6073,6599,6705,6257,6065,6682,6521,6064,7057
7046,7044,6352,6763,6758,7039,7045,6350,7528,-1,-1,-1
6962,6762,7528,6758,6759,7044,6942,6959,6961,-1,-1,-1
229,6765,6724,232,6797,6725,227,235,225,6947,6675,6766
6947,227,225,6764,6766,6724,229,223,6833,6723,6725,-1
6947,6765,6834,6833,6946,6723,6724,225,223,6856,227,6948
7042,6749,6778,7127,6818,6650,6687,6750,6722,6616,-1,-1
5893,6155,6062,5881,5847,5519,5756,6063,6356,6077,5316,-1
6911,6770,6910,6729,6908,6909,6708,6732,7410,6933,6774,-1
6774,6908,6769,6708,6875,6910,6676,6975,6876,-1,-1,-1
6772,6787,6791,6790,6789,6858,6788,6546,-1,-1,-1,-1
6854,6790,6545,6546,6771,6690,6791,193,195,6858,7025,192
6571,6693,6657,6410,6842,6656,6497,6572,6408,6480,6479,-1
6770,6676,6876,6875,6708,6908,6677,6557,6769,-1,-1,-1
6386,6383,7185,6865,6866,6776,6777,6382,6753,-1,-1,-1
7401,6865,6777,6775,6897,6896,6935,6992,7185,6386,-1,-1
6382,6776,6386,6897,6733,6775,7401,6291,6865,6383,6290,-1
6650,6749,6616,6767,6614,6722,7042,6687,6617,6581,-1,-1
6230,6509,6252,6700,6251,6137,6310,6229,6138,6585,-1,-1
782,7169,6781,6596,6918,780,6903,784,779,7884,6597,7041
7169,6597,7041,6780,6596,6684,780,777,7001,779,782,6484
869,6785,867,6551,6550,6644,871,865,6556,873,6530,6642
6540,6784,6669,6517,6515,6577,6538,6668,6516,6819,6582,-1
6819,6783,6870,6669,6515,6668,6582,6844,6517,6577,6820,6871
6644,865,867,6782,864,869,6883,6642,862,6550,6556,-1
6679,6480,6609,6802,6440,6842,6798,6693,6610,-1,-1,-1
6789,6860,6788,6832,6771,7131,6791,6858,6831,-1,-1,-1
7131,6787,6858,6857,6859,6860,6771,7016,6790,-1,-1,-1
6787,6791,6832,6801,6831,6771,6860,6586,6928,-1,-1,-1
6854,6772,7013,6858,7025,6771,6545,6690,7021,7038,6788,-1
6789,6586,6546,6801,6771,6772,6787,6544,6831,-1,-1,-1
6660,6824,6907,6794,6825,6793,6743,6795,6796,6906,6827,6659
6796,6594,6660,6659,6661,6825,6792,6826,6591,6795,6592,-1
6957,6792,6907,6795,6956,6660,7029,6824,6906,7024,7023,-1
6957,6659,7550,6660,7024,6794,6792,6601,7023,6956,6793,-1
6826,6793,6825,6661,6830,6594,6660,6823,6792,6743,6824,6591
6476,6725,235,232,6764,6702,237,229,6674,6724,6354,-1
6799,6679,6802,6813,6610,6828,6841,6800,6786,6609,6884,-1
6798,6828,6800,6610,6813,6884,6679,7030,6802,7122,6611,7031
6799,7031,6828,7122,6610,6611,6798,7030,7047,6884,6967,6925
6831,6791,6789,6916,6586,6917,-1,-1,-1,-1,-1,-1
6798,6841,6679,6840,6786,6842,6813,6799,655,-1,-1,-1
7603,6804,6923,6715,6718,796,794,6851,7078,798,792,-1
6851,6803,6715,6923,6701,6584,7603,6647,6691,6718,7078,6646
6848,6699,6698,6810,6964,6807,6811,6849,6806,6640,6966,-1
6698,7003,6809,6641,6807,6926,6640,6805,6838,-1,-1,-1
6811,6806,6812,6698,6838,6805,6809,6810,6837,6901,-1,-1
691,692,6203,6341,6470,689,694,6879,6864,688,695,6342
6926,6868,6806,6838,7003,6807,6882,6871,6812,6835,-1,-1
6811,6901,6848,6805,6849,6847,6807,6837,629,6812,6966,-1
6837,6901,6812,6810,6807,627,629,6838,625,6805,6847,6836
6837,6838,6811,6836,625,6807,627,623,6901,6839,6868,629
6841,6884,652,6798,651,6799,653,6828,649,6802,648,655
804,800,6752,6912,6817,807,798,6717,6816,6878,6945,6753
6816,7185,6753,6752,6895,6878,6866,6817,6865,6894,6814,-1
6878,6815,6817,6894,6752,6895,6944,6945,6753,6814,7185,7150
6814,804,6878,6945,807,6752,6816,809,6944,800,6815,812
6750,7127,7126,7125,6767,6749,7124,6748,6722,-1,-1,-1
6844,6784,6820,6870,6582,6871,6821,6515,6843,6835,6783,-1
6821,6819,6844,6503,6843,6582,6920,6835,6870,6299,6784,6871
6920,6820,6503,6582,6583,6514,6819,6297,6433,6843,6299,-1
6830,6463,6826,6401,6823,6285,6744,6402,6336,-1,-1,-1
6744,6826,6743,6742,6822,6463,6825,6796,6830,6464,6824,6432
6792,6743,6907,6827,6825,6906,6660,6742,6794,6823,6796,-1
6796,6824,6743,6792,6826,6793,6660,6823,6661,6907,-1,-1
6796,6830,6823,6822,6825,6661,6743,6793,6286,6463,-1,-1
6824,6736,6743,6760,6906,6742,6738,6907,6792,6735,-1,-1
6799,6884,7030,6800,7122,6813,648,649,6798,646,6925,6610
6280,6747,6654,6281,6607,6217,6439,6697,6448,6886,-1,-1
6826,6822,6286,6285,6661,6796,6176,6823,6401,-1,-1,-1
6928,6801,6832,6917,6789,6927,6787,6791,-1,-1,-1,-1
6928,6860,6787,6789,6831,6941,-1,-1,-1,-1,-1,-1
6947,6948,223,6946,220,6766,225,6765,217,6834,7081,6978
7096,6766,6946,6856,6979,6723,7097,7191,6833,6724,6947,-1
6844,7003,6871,6926,6843,6536,6820,6641,6870,6819,6809,6535
623,6839,6812,625,6838,622,6837,6867,6868,627,620,6939
627,6812,6901,6811,625,629,6836,623,6838,6810,6807,6847
6812,6868,6836,6809,6839,6807,6811,6837,6939,623,625,6882
6836,6867,6939,6868,622,6838,623,6869,620,6812,6667,618
6531,6841,6656,6802,655,6842,657,6657,653,6813,6481,-1
655,653,6840,6813,6802,652,6531,6798,651,657,6884,6656
6773,6840,6693,6786,6657,6656,6802,6480,6571,6531,-1,-1
6535,6820,6503,6835,6844,6536,6299,6821,6819,-1,-1,-1
6819,6871,6835,6820,6870,6843,6926,6784,6582,6503,7003,-1
6997,7095,7129,6855,6694,6999,7128,6696,6415,6846,-1,-1
6998,6997,6999,6995,6746,6996,6745,6696,7058,6845,7076,-1
6922,631,6849,7014,6901,7052,629,6810,633,635,6848,6965
6849,6805,6966,6810,6964,6699,6847,6965,6967,7052,-1,-1
6848,7052,6847,6966,6965,6810,7014,6922,7840,6901,6805,6964
884,6523,885,882,6631,6462,887,880,6524,6578,6525,888
6804,6647,6923,6691,6701,6646,6803,7078,6715,6919,-1,-1
181,180,6853,183,7054,7066,7034,6612,178,185,7055,7035
183,7034,6963,185,6852,181,7025,7035,187,7066,180,7021
6690,7021,6790,6772,6545,7025,192,190,6963,7013,193,188
6415,7095,6636,6845,6694,6520,7123,6492,6414,6491,7128,7129
7097,6723,7096,6735,6834,6672,6760,6675,6766,6994,6979,-1
6859,7131,7016,7015,6788,7130,6858,6860,7069,7036,7038,-1
7013,6790,6788,6859,7038,6771,6857,7025,6772,7035,6787,-1
6857,7038,6858,7036,7015,6788,7131,7013,7016,7037,-1,-1
7131,6787,6832,7069,6788,6941,6857,7016,6789,6928,-1,-1
6863,6862,6952,6953,6950,6728,6924,6730,7410,6955,-1,-1
7410,6861,6952,6924,6728,6729,6911,6933,6863,6950,6932,6732
6861,6954,6730,6953,6955,6728,6862,6891,6950,-1,-1,-1
6204,6228,6203,6341,6227,6808,6879,5755,6470,6193,5754,5957
7185,6776,6896,6775,6895,7401,6936,6815,6777,6866,-1,-1
6383,6753,6716,7185,6775,6561,6386,6815,6384,6717,6865,-1
620,622,6869,618,6839,623,6836,6939,616,6670,6938,6868
6838,6939,6882,6839,6809,6836,6926,6667,6812,6867,6869,-1
6867,6938,618,6939,6670,616,6667,6839,620,615,622,6973
6871,6819,6784,6668,6844,6882,6926,6669,6835,6820,-1,-1
6926,6870,6844,6835,6882,6819,7003,6809,6668,6784,6820,-1
856,857,6989,854,6874,6980,859,6921,852,7002,-1,-1
860,6893,862,859,6883,6874,6892,864,857,6921,6642,6891
6921,857,859,6873,6872,6893,6980,860,856,862,6954,6891
6774,6981,6770,6908,6975,6877,6876,-1,-1,-1,-1,-1
6774,6688,6677,6877,6875,6676,6689,6666,6770,-1,-1,-1
6981,7032,6689,6875,6876,7028,6688,6975,-1,-1,-1,-1
6944,6816,6945,6817,6894,814,815,812,6815,807,6752,809
688,6203,685,6193,689,6204,6808,691,6864,683,6341,6023
7293,6888,6739,6881,6900,6741,6974,6671,6986,6889,6712,897
6741,897,6671,7293,6880,899,895,6740,6739,6986,6526,6713
6868,6871,6939,6926,6870,6668,6667,6809,6838,6839,-1,-1
6892,6642,864,862,6873,6893,6644,860,6785,6645,865,6556
649,648,6828,651,7030,6813,646,652,6799,645,653,6925
6421,6175,6302,6188,6145,6287,6940,6187,6176,5781,6419,6169
6745,6747,6654,6653,6695,6887,6746,6995,6829,-1,-1,-1
6745,7358,6990,6995,6653,6886,7058,6746,7198,7059,-1,-1
6889,6712,6900,6880,6739,6721,6711,6579,6890,6720,7293,6974
6721,6900,6890,6888,6720,6971,6712,6977,6719,6711,6880,6974
6971,6889,6977,6720,6900,6898,6899,6721,6751,6888,6974,6969
6892,6731,6893,6921,6730,6954,6645,6642,6863,6883,6643,6873
6893,6642,6645,6883,6891,6873,6731,6921,6556,6644,6643,862
6873,6892,6921,6891,6874,6883,860,6642,859,862,6645,6954
6944,7150,6878,815,7010,7011,6816,6895,817,814,7149,6945
7150,6936,6865,6815,7185,6816,6894,6896,6878,7010,-1,-1
6935,6936,6865,7401,6937,6776,7106,6895,7150,6992,-1,-1
6992,7401,6777,6733,6991,6776,6734,6993,6382,6935,-1,-1
6977,6899,6890,6968,6969,6970,6971,7049,6751,6720,6987,7173
6898,7173,6987,6971,6970,6890,7172,6977,6968,-1,-1,-1
6889,6974,6888,6890,6971,6880,7293,6721,6720,6987,-1,-1
629,6837,6811,627,6810,6847,6812,631,625,6922,6849,6807
7109,6622,6988,6637,6638,6539,6541,6726,6625,601,6623,603
6918,6905,6485,6596,6780,6904,7884,7048,782,784,6484,6473
6905,6691,6473,6485,6903,6423,6919,7048,6918,6471,-1,-1
7048,6903,6904,6918,6919,7884,7079,6485,6691,786,784,789
6907,6760,6994,7029,6827,7097,6824,6736,6792,6794,-1,-1
6906,6792,6824,6794,7029,6827,6760,6660,6743,6994,6825,-1
6910,6770,6976,6975,6875,6769,6774,6909,7005,6981,-1,-1
6910,6933,6911,7005,7006,6769,7410,6931,6976,6908,6924,6729
6909,6908,6976,7005,6769,6911,6770,6933,6975,7077,7006,-1
7410,6909,6769,6933,6729,6910,6924,6862,6732,6931,-1,-1
6814,6717,798,800,6752,6718,804,7603,6817,6753,6588,796
7216,7175,6915,7178,7174,6635,170,171,168,7100,173,6914
165,164,6915,167,7101,7100,162,168,7216,7174,170,7184
6914,7216,168,167,6913,7100,7174,165,170,164,7101,171
6605,6801,6755,6586,6917,6754,6404,6756,6403,-1,-1,-1
6754,6831,6801,6927,7000,6916,-1,-1,-1,-1,-1,-1
7884,784,6903,6905,782,6780,7048,786,7079,6596,780,6904
7048,7078,6905,791,6691,6923,789,7079,6904,792,788,7884
6821,6297,6433,6503,6583,6300,6820,6299,6582,6368,-1,-1
6954,6893,6874,6891,6980,6873,6892,6955,6872,6730,859,-1
7014,631,633,6847,635,7052,636,629,6849,6901,6965,638
7078,6851,6804,6803,794,6691,792,6919,791,7603,6647,796
7410,6952,6932,6933,6931,6862,6911,6934,6729,6861,7201,6909
645,7113,643,7030,7122,646,642,7112,648,6828,7840,641
6871,6809,7003,6835,6882,6806,6844,6868,6870,-1,-1,-1
7094,6928,6831,7162,7210,6917,7000,7092,-1,-1,-1,-1
7162,6832,6831,6927,6941,7067,6860,6789,7210,-1,-1,-1
6350,7046,7040,6930,7039,6351,6267,-1,-1,-1,-1,-1
7002,6620,6929,6989,6351,7040,6398,6350,-1,-1,-1,-1
6933,6932,7200,6924,7006,7201,7410,6909,6952,6911,6934,-1
7201,6931,6924,6934,6952,7200,6933,6951,7410,7376,6950,6862
6931,6909,7410,6911,6924,7006,6932,6910,7005,6729,6862,7200
6949,6932,6952,7201,6951,6950,6924,7116,7099,6931,7114,-1
7401,7270,6992,6896,7106,6993,7233,6937,6776,7271,6897,6936
7150,6937,6896,7103,6895,7010,7106,6865,6894,6935,7148,-1
7106,6936,7103,7105,6896,7150,6935,7104,7233,7148,-1,-1
6670,6667,6628,6869,6973,6939,615,616,6627,6668,613,6867
6667,6868,6839,6869,6882,6867,6938,6838,6668,6836,-1,-1
5782,6421,5781,5698,6188,6145,6187,6200,5378,6885,5696,6041
7067,6928,7069,6860,7070,6832,7068,7162,-1,-1,-1,-1
6961,6959,7060,6962,6759,6958,6960,6763,7291,7120,6943,-1
6961,6727,7291,6621,7132,6759,6958,6681,6428,6942,7017,6680
814,6878,815,6894,6945,812,7011,6816,817,6817,7010,809
812,6878,6944,809,6817,814,807,804,815,6816,6894,6814
6833,6948,6979,6834,6766,6978,6947,7081,220,7096,223,-1
225,6833,6765,223,6766,227,220,6946,6948,6724,6764,229
7081,6833,220,217,6946,6978,215,223,7082,6947,6979,6766
7114,6934,6950,6951,7099,7116,7115,6952,8388,7201,-1,-1
6952,7099,6953,6934,6949,6861,7114,6862,6932,6863,6924,7098
7201,6934,7377,7116,6949,7376,6932,7114,-1,-1,-1,-1
6924,6950,6934,6862,6861,6932,7410,6949,6931,7201,6953,6933
6950,6955,6861,7099,6863,7098,6954,6952,-1,-1,-1,-1
6921,6863,6955,6891,6730,6980,6893,6953,6874,6731,-1,-1
6954,6953,7098,6980,7002,6863,6921,6861,-1,-1,-1,-1
6957,7091,7023,7238,7029,6794,7024,6795,7192,7093,-1,-1
7024,6795,6956,7023,6794,7091,7022,7550,6660,7029,-1,-1
6960,7291,6961,7020,7017,6942,7060,7018,6943,7132,6759,-1
6962,7060,7120,7117,6942,7528,6960,6763,7133,7019,7119,7118
6958,7060,7018,7020,7019,6942,6961,7291,7608,7017,6959,7120
6943,7291,6759,6958,6942,6960,7132,6621,6727,7060,7017,6763
6959,7528,6763,7117,6942,7060,7120,7118,7044,6759,-1,-1
185,6853,7025,7021,187,7034,183,6854,188,7035,7013,6690
6848,6699,7047,6966,6805,6565,6967,6566,6849,7031,-1,-1
7052,7840,638,639,6966,6849,636,7112,7014,641,635,7113
6848,6849,6967,6965,7840,6964,7052,7112,7113,7047,6810,6805
7031,6966,7113,7840,7047,7122,6964,7112,6925,6965,6848,6800
7049,6969,7051,7050,6970,6898,7207,6977,6899,7064,6751,7188
6968,6977,6751,7064,7050,6898,6748,7049,6720,7051,7072,6890
7049,6899,6968,7207,7173,6898,7303,7051,6969,-1,-1,-1
6890,6987,6899,6900,6974,6898,6889,6977,6985,6720,7173,-1
7024,6757,7022,7550,7000,6754,7092,-1,-1,-1,-1,-1
6627,6670,613,6938,6628,611,615,6626,6576,616,609,6869
6900,6986,7293,6985,6971,6987,6880,6890,6671,7071,6889,6888
6981,6976,6908,6983,6982,6875,6910,6877,6770,7077,-1,-1
6910,6975,7005,7077,6983,6908,6909,7208,6982,-1,-1,-1
6751,6720,6898,6890,6969,6889,6968,6719,6971,6748,7064,6899
7081,6948,6979,6946,7080,7082,7084,217,6833,7083,7191,215
7191,6946,7096,7084,6834,6978,6948,7192,7080,6856,6994,6766
6921,6872,7002,6955,6874,6954,6989,856,6893,857,-1,-1
6975,6877,6982,7028,6875,6983,6908,7032,7027,-1,-1,-1
6981,7307,6983,7027,6975,7028,7026,6976,-1,-1,-1,-1
7077,6982,7026,6976,6975,7307,6981,7231,7005,-1,-1,-1
752,750,754,6648,6710,748,756,6532,-1,-1,-1,-1
7279,6987,7071,6986,6974,7172,7180,6971,7164,6713,7293,-1
7293,6713,7071,6671,6974,6985,901,899,7279,6880,6714,6881
6985,6971,6899,7172,7173,6974,7279,6898,6900,6890,-1,-1
601,6637,6622,603,6902,7004,599,7109,605,6625,6629,6541
6872,854,6620,6930,7002,852,856,6980,850,857,-1,-1
7012,6653,6606,7358,7059,6887,6448,6991,7359,-1,-1,-1
6993,7012,6992,7059,6897,7217,6734,7270,6990,6606,7401,7359
6993,7401,6935,7270,6897,6991,7217,6776,7271,6896,-1,-1
7217,6992,6991,7270,7271,7059,6935,7401,6897,7359,7233,7012
7097,7191,6906,7096,7192,6760,7029,6907,6856,6979,-1,-1
6745,6998,7058,6746,6846,6887,6886,7358,7076,6997,-1,-1
6998,7170,7076,6999,6846,7171,7158,-1,-1,-1,-1,-1
6696,6845,6846,6999,6746,6694,6420,6695,7129,6995,-1,-1
6846,6995,7076,7058,6996,7199,6999,6745,6746,7171,7198,-1
7129,6846,6997,6845,6996,7158,6998,7159,-1,-1,-1,-1
7094,7092,6972,6754,7022,6917,6927,-1,-1,-1,-1,-1
7075,7041,7008,7009,6684,774,772,770,6683,777,6781,768
6930,6980,7098,6955,7040,6989,6872,-1,-1,-1,-1,-1
6806,6926,6835,6641,6809,6536,6871,6698,6844,-1,-1,-1
605,6629,6637,603,607,6988,6626,6541,609,7109,601,6902
6909,6976,6910,7006,7077,7208,6933,6908,6983,7209,-1,-1
6931,7005,6933,7208,7209,7200,6909,6910,6932,6924,-1,-1
6568,6685,767,7009,7008,6703,6570,768,765,6513,6458,7075
7001,6683,7009,6703,6684,7007,7075,6685,6682,7041,768,767
768,7075,7008,767,7001,7007,770,772,774,765,6703,6570
7149,7150,817,7011,7148,6894,819,7103,815,6936,822,6944
817,815,7149,7010,814,819,6944,6894,7148,7150,812,6878
6606,6990,7059,6991,6734,6608,6653,7358,6993,7217,-1,-1
7025,6858,7035,7038,6790,7034,6859,6854,6963,7037,-1,-1
6922,7052,635,633,636,6847,631,638,6965,6849,639,629
6857,7155,7130,7036,6859,7016,7223,7131,-1,-1,-1,-1
7130,7131,6857,7069,7085,7015,6860,6859,7155,7070,7154,6788
7020,7291,7089,6958,7132,7087,7088,6960,7018,6961,7090,6943
7608,7020,6960,7090,7019,7062,6958,7060,7061,7088,7017,7794
7794,7060,7018,7608,6960,7062,7120,7119,6959,7429,7020,7218
7018,7017,7088,6960,7090,6958,7608,7089,7291,7019,-1,-1
6690,187,188,6854,6963,190,7025,192,185,6545,6790,6853
7092,7023,7024,6972,7000,7093,7094,6957,7227,7091,-1,-1
6957,7091,7022,7024,6956,7093,7092,7238,6795,6794,-1,-1
6957,7022,7550,6972,7023,6795,6956,6757,7092,6794,-1,-1
6963,7013,6854,6790,7034,7021,7035,6853,185,6690,187,6858
7231,6983,7307,7254,7077,7255,7322,6982,-1,-1,-1,-1
7194,6982,7307,7292,7253,7028,7562,6981,-1,-1,-1,-1
6981,7189,7194,6982,7032,7027,6877,-1,-1,-1,-1,-1
6956,6906,6907,7192,6994,7238,6794,6957,7191,-1,-1,-1
646,6925,648,645,6828,6884,7122,649,643,7113,6800,6799
6800,7047,7122,6967,6611,6566,6828,7113,6925,6964,6610,6799
7380,6689,7189,6877,7028,7141,7190,7043,6981,-1,-1,-1
912,910,7153,7167,7163,908,7670,914,7180,7165,7457,6714
6853,7035,6963,7066,6852,7025,183,185,7013,181,7037,7038
7034,7013,7038,7066,7037,7025,6853,6963,6852,6858,7036,-1
7037,7223,7038,7015,6859,7110,6857,7035,-1,-1,-1,-1
7066,7036,7035,7110,7038,7111,7034,7223,7013,6859,-1,-1
6859,7013,7035,7036,7037,6858,7025,6857,7034,7066,6790,-1
7045,7046,6929,7044,7063,6762,7040,8388,6350,7136,-1,-1
6929,7098,7063,6930,7002,7039,7045,7046,-1,-1,-1,-1
7169,7001,6781,777,774,6684,7075,779,772,6597,6780,780
6767,6687,7043,7127,7141,6650,6663,6778,6749,7195,-1,-1
6663,6687,7141,7042,6688,6689,6666,6650,7032,7127,6649,-1
7045,6762,7528,7136,7039,6763,7046,8388,7118,6962,-1,-1
8388,7039,7044,7136,7063,7115,7114,6762,7528,7046,7040,-1
6350,6762,7039,6929,6352,7044,6267,7045,6351,7040,-1,-1
6566,7031,6964,6967,6611,6565,6699,6360,6800,6966,6358,7122
7079,7884,6905,6919,6918,788,789,786,791,784,6903,6904
7207,6968,7051,6970,7188,7050,6898,7303,7236,6969,-1,-1
7072,7051,6968,6969,7064,7102,7049,8459,7065,7188,-1,-1
7049,7188,7050,6968,7207,7102,7379,6970,6969,7072,7236,7235
7014,6965,636,6849,635,638,6922,6847,639,633,7840,6966
7055,7409,7329,7054,7074,7111,6612,7484,7056,7215,7066,-1
7053,6612,7055,6852,7066,7111,180,178,7409,181,7056,-1
6612,7053,7056,7074,7054,178,176,180,7329,174,7409,6852
174,176,7055,7074,173,6635,6612,178,171,180,7053,7175
6424,6522,6472,6422,6521,6198,6471,6600,6199,6705,6761,-1
7198,6998,6995,7358,7199,7076,6887,6745,7359,7269,6846,-1
7012,7358,7359,6990,6991,7217,6993,7198,6606,6887,-1,-1
6959,6960,7120,7019,6942,6958,7018,6962,7119,7117,6961,7794
7608,7090,7142,7108,7062,7107,7018,7145,7147,-1,-1,-1
7608,7794,7142,7429,7019,7061,7018,7090,7218,7145,7421,7119
8388,7045,7099,7040,7114,7098,7039,7115,7136,-1,-1,-1
6748,7065,6969,6751,7072,7050,7125,6977,6968,7073,6750,-1
7440,7125,7073,7064,7072,7126,6748,7203,8459,7050,7205,-1
7037,6852,7054,7034,7035,7111,6853,181,7038,183,7053,-1
7162,7161,7068,7160,6941,6928,7241,7210,7070,-1,-1,-1
7070,7241,7067,7161,6941,7086,7367,7069,7242,-1,-1,-1
7131,7070,7016,6860,7085,6941,6857,7068,7130,-1,-1,-1
7068,7069,7085,7086,6941,7241,7067,7016,-1,-1,-1,-1
7279,6714,6986,6713,6985,7180,903,901,7153,905,7164,6671
8459,7050,7073,7065,7064,7102,7440,7431,7051,6969,7186,-1
7440,8459,7431,7065,7072,7205,7203,7126,7186,7064,7516,-1
7215,7056,7055,7329,6635,7175,7053,6612,174,7488,173,176
772,7001,7009,770,774,768,7041,7008,767,777,6684,7007
7199,6998,7171,6996,7219,7058,7249,7198,7170,6995,6846,-1
7231,6983,6976,7208,7005,7026,7331,6910,6975,-1,-1,-1
792,6923,791,794,6919,789,6691,6803,7048,6851,788,796
788,7048,7884,786,789,791,784,6918,6905,6919,7078,792
7243,7084,6978,7083,7333,7256,7082,7081,7244,6979,7332,-1
217,7082,6948,215,6978,220,213,6946,7246,7083,6833,7080
7081,7083,215,7246,213,6978,217,7080,6948,212,7243,7245
7082,7243,7244,7246,7245,7080,213,7081,7332,6978,215,7609
7191,6979,7080,7256,7192,6978,7096,7333,-1,-1,-1,-1
7275,7130,7016,7070,7069,7154,7086,-1,-1,-1,-1,-1
7367,7070,7275,7241,7395,7085,7068,7396,-1,-1,-1,-1
7128,7089,7132,7123,7159,7017,6680,7291,7095,7129,-1,-1
7089,7090,7197,7020,7017,7107,7018,7159,7224,7608,-1,-1
7088,7159,7017,7087,7197,7020,7128,7132,7090,7158,-1,-1
7608,7088,7018,7061,7020,7107,7062,7017,7197,6960,7089,-1
7023,7238,7093,7273,6956,6957,7222,7022,7256,-1,-1,-1
7022,7094,7227,7093,7000,7023,7210,6972,7222,7024,7211,6927
7091,7222,7023,7092,7227,7022,7273,7094,6956,7211,-1,-1
7092,7210,7000,7227,6927,7022,7211,7162,7093,-1,-1,-1
7128,6855,7123,6845,7129,6520,7159,6636,7087,6680,6694,6415
7191,7097,6834,6979,6856,6994,7084,6946,6760,7192,6735,6723
6760,7096,6856,6735,6994,6906,7191,6736,6834,6672,6723,-1
7040,7099,6953,6955,7002,7063,6950,-1,-1,-1,-1,-1
6950,7114,6953,7098,7063,6949,8388,6934,-1,-1,-1,-1
7101,6914,7174,7176,6915,7184,162,164,165,7471,6913,167
162,7100,6914,7184,164,160,165,158,6915,7176,167,7174
8459,7379,7051,7072,7050,7188,7186,7187,-1,-1,-1,-1
7148,6937,7010,7150,6936,7105,7149,7151,819,822,7106,817
7233,7289,7105,7287,7234,7106,7271,6937,7267,7270,7286,-1
7104,6937,7151,7103,7267,7289,7106,7148,7233,-1,-1,-1
6937,7233,6935,7104,7270,7105,6896,6936,7271,7103,7287,7401
7225,7147,7090,7224,7088,7061,7197,7108,-1,-1,-1,-1
7147,7144,7061,7145,7146,7143,7142,7107,-1,-1,-1,-1
6902,6541,6539,6637,6988,6538,6629,7004,6622,6516,6638,603
7343,7037,7223,7111,7036,7420,7409,-1,-1,-1,-1,-1
7409,7054,7110,7066,7053,7037,7420,7055,-1,-1,-1,-1
642,641,7840,7113,643,639,6925,6965,645,638,6967,7122
7112,6925,7840,642,643,7122,6967,641,645,7030,639,646
8388,6949,7115,7099,7063,7116,7045,6950,7136,7140,6951,6934
8388,7140,7114,7116,7136,7045,6949,7118,7137,7063,-1,-1
7115,6951,7140,6949,7377,7114,7137,8388,6934,7136,-1,-1
7118,6959,7133,6962,7528,7120,7134,7119,7060,7136,7140,-1
7134,7528,7140,7136,7117,7115,6962,7133,7044,7137,8388,6959
7120,7794,7218,7139,7133,7019,7060,7499,6959,7117,7429,7062
7119,6959,7060,7117,7133,7019,7794,6962,7139,6942,6960,7218
593,6624,589,6603,6547,597,6604,6623,586,6549,6625,6548
6925,7031,7030,7113,6800,6828,6967,645,646,643,7112,6799
7128,6680,7095,6520,7087,7129,7132,7159,6681,6855,6519,-1
7126,7195,7202,7203,7196,7127,6818,7440,7190,-1,-1,-1
6748,7126,7065,6750,7064,6818,7440,6751,6719,6749,-1,-1
7440,7125,7203,7124,7065,6818,7073,7202,6750,7205,6748,-1
7195,7042,6767,6818,7124,7141,7380,7043,6749,-1,-1,-1
7123,7159,7095,7129,7087,7089,6680,6845,6520,7158,6855,-1
7128,6999,7159,6845,7095,7158,7123,6997,7087,6855,-1,-1
7016,7154,7155,7015,7085,7274,6857,7275,7069,7131,-1,-1
6857,6860,7016,7069,6788,6787,6859,7015,7130,-1,-1,-1
7291,6727,7087,6943,6680,7017,6681,6961,6958,7123,7089,-1
7139,7117,7134,7119,7120,7138,7118,6959,7580,7218,-1,-1
7118,7138,7140,7133,7137,7117,7136,7528,7139,-1,-1,-1
6073,6257,6761,6599,6075,6064,6255,6600,6705,6704,-1,-1
7118,7115,8388,7045,7140,7528,7044,7114,7134,7116,7039,7117
7140,7272,7134,7377,7116,7138,7115,7118,7351,-1,-1,-1
7134,7351,7580,7133,7137,7139,7272,7518,7140,-1,-1,-1
7580,7133,7119,7499,7218,7138,7613,7120,7134,7794,7518,7351
7115,7118,7137,7134,7136,7116,8388,7114,7528,7138,7117,7377
7380,7043,7195,7042,7127,6689,7032,7190,6687,7189,6688,-1
7145,7062,7061,7429,7421,7108,7608,7144,7794,7422,-1,-1
7147,7146,7308,7264,7760,7108,7225,7144,7263,7522,-1,-1
7145,7146,7411,7422,7108,7660,7142,7143,7308,7521,7421,-1
7144,7142,7422,7421,7108,7061,7146,7411,7507,7429,7062,-1
7144,7308,7143,7411,7521,7108,7760,7145,7147,7422,7522,7660
7225,7143,7108,7264,7107,7146,7220,7224,7061,-1,-1,-1
7149,819,822,7103,7010,7151,817,825,7150,7011,7105,6937
819,7010,7148,817,7011,822,7103,815,7150,6894,7151,825
6936,7010,6894,6895,7103,7149,6937,7148,7011,817,815,6896
7148,822,7267,825,7152,7105,7103,819,827,7149,7266,7010
827,7266,825,7267,7345,7151,7551,829,822,7290,7347,7346
7033,7180,908,910,6714,7163,905,912,7167,7164,7071,7279
7130,7276,7274,7275,7493,7155,7085,7016,-1,-1,-1,-1
7274,7130,7313,7223,7015,7154,7493,7016,7312,-1,-1,-1
7157,938,7230,940,7182,7181,942,935,7183,7259,7318,944
942,7230,944,7156,940,7318,945,938,7182,7393,7257,-1
7170,7159,7129,7197,6999,7224,6996,7128,7089,-1,-1,-1
7128,7089,7129,7197,7158,7087,7123,7088,7095,6999,-1,-1
7212,7161,7067,7210,7211,7162,7407,7242,-1,-1,-1,-1
7242,7067,7241,7160,7068,7407,7368,7212,7162,-1,-1,-1
6928,7067,7210,6927,7160,6941,7094,7161,-1,-1,-1,-1
7033,7167,7164,7153,7166,7180,7165,912,910,7670,7279,7457
7279,7168,7180,7166,7163,7172,7153,7277,7071,6985,7165,7033
7457,7166,7167,7283,7163,7458,7670,916,7033,918,7630,7277
7165,7168,7164,7283,7277,7163,7167,7180,7457,7285,-1,-1
7670,7033,912,7457,914,7165,7163,916,910,7153,7166,918
7277,7164,7166,7172,7278,7279,7284,7283,7163,7173,-1,-1
779,780,6781,777,7041,6780,782,774,6596,6684,6597,784
7171,7224,7220,7158,6996,7225,7197,7076,7251,-1,-1,-1
7170,7076,7220,7219,7251,6996,7199,7224,6998,-1,-1,-1
7279,7168,6987,7164,7173,6985,7278,6899,7180,-1,-1,-1
6899,7278,6970,7172,6987,7303,7168,6898,6971,-1,-1,-1
7100,7178,7176,6913,6915,7179,6914,7216,7177,7101,7175,7184
7215,6913,6635,7214,7178,7074,7216,7488,7056,7329,7174,173
7471,7232,7100,7174,7179,7184,7101,7228,7394,7178,7310,-1
7298,7178,7300,7299,7179,7214,7328,7174,7426,-1,-1,-1
7174,7177,6913,7214,7175,7179,7215,6915,7298,7176,-1,-1
7300,7232,7176,7177,7174,7178,7310,7471,7299,7100,-1,-1
7153,7279,7164,6714,7071,7163,7033,908,6985,905,910,7172
7183,935,7425,7156,7259,938,933,7182,940,930,8261,7230
8261,7230,7156,7259,7257,7258,7181,7157,7591,7639,7318,938
935,933,7181,938,7425,930,7156,7259,940,929,7348,-1
7471,7101,158,7176,160,7228,7100,157,162,7232,6914,7174
6815,6865,6866,6753,6775,6895,6816,6383,6776,6716,6752,-1
8459,7187,7431,7451,7314,7102,7073,7379,7072,-1,-1,-1
7379,7186,7314,7237,7306,7102,7316,8459,-1,-1,-1,-1
7051,7379,7235,7207,7236,7102,7049,7237,7050,7302,6968,-1
7380,7194,7260,7032,7190,7028,7562,7193,7195,7141,-1,-1
7380,7193,7260,7196,7195,7189,7032,7141,7202,7194,7206,7239
7096,7192,7084,6979,6994,7097,7256,6834,6978,7029,-1,-1
7191,7238,7256,6994,7084,7029,7096,6979,6956,-1,-1,-1
7260,7190,7196,7206,7239,7202,7562,7240,7189,7195,7380,7204
7562,7189,7260,7027,7028,7292,7261,7190,7239,-1,-1,-1
7380,7190,7196,7127,7124,7141,7202,7193,7189,7042,-1,-1
7202,7193,7190,7195,7124,7206,7203,7204,7260,7380,-1,-1
7224,7088,7089,7159,7158,7107,7170,7225,7090,-1,-1,-1
7359,7058,7269,7358,7199,7249,7059,7076,7268,6887,6998,-1
7249,7076,7198,7269,7058,7219,6998,7248,7359,7171,7252,7358
6931,7201,7460,7376,7006,6932,7209,7461,6933,6924,-1,-1
6932,6951,7376,6934,7200,6931,7377,6924,6952,6949,-1,-1
7196,7203,7204,7206,7124,7193,7205,7195,7440,7126,7390,7190
7440,7202,7126,7205,7204,7124,7196,7073,7065,7390,7206,-1
7390,7202,7206,7203,7205,7265,7196,7516,7388,7440,7193,-1
7440,7390,7203,7431,7516,7204,7073,7202,7065,8459,7126,7388
7193,7204,7202,7196,7240,7265,7239,7390,7190,7260,7203,-1
7049,7236,7051,7188,6970,7303,6968,7235,-1,-1,-1,-1
7331,7209,7077,7005,7231,7006,7322,6976,-1,-1,-1,-1
7460,7208,7331,7006,7373,7200,7504,7005,-1,-1,-1,-1
7094,7162,7227,7211,7160,6927,7092,7067,7212,6928,-1,-1
7227,7212,7221,7210,7222,7160,7094,7397,7092,7093,-1,-1
7211,7397,7407,7221,7160,7222,7161,7210,7334,7439,-1,-1
3334,3333,3514,3193,3192,3765,2943,3175,3343,3222,3043,-1
7328,7215,7175,7298,7178,7488,7177,7487,6913,7489,7329,-1
7488,7175,7074,7329,7214,7328,6635,7484,7053,7178,7055,7489
170,171,168,6913,6915,6635,173,167,6914,7175,165,7174
6993,7359,7271,7059,7270,7268,6991,6992,7269,7233,7358,7012
7499,7794,7119,7500,7429,7139,7594,7580,7062,7613,7133,7019
7249,7171,7252,7247,7199,7251,7076,7248,7269,7220,-1,-1
7225,7251,7170,7171,7224,7264,7147,7219,-1,-1,-1,-1
7222,7212,7334,7397,7211,7226,7227,7419,7332,-1,-1,-1
7221,7093,7226,7227,7211,7273,7091,7092,7212,7334,-1,-1
7313,7036,7155,7110,7343,7015,7274,7342,7037,-1,-1,-1
7225,7197,7170,7220,7158,7107,7147,7171,7088,-1,-1,-1
7147,7220,7224,7264,7107,7143,7170,7251,7197,-1,-1,-1
7332,7334,7222,7273,7221,7333,7243,7506,-1,-1,-1,-1
7092,7211,7094,7222,7093,7210,7022,7221,-1,-1,-1,-1
157,7471,155,7229,158,7184,7394,7232,7176,152,160,7442
155,7442,152,7394,7228,157,7471,7597,146,7441,7232,158
7157,7182,7318,7156,7257,942,7258,944,940,8261,7335,7393
7322,7077,7026,7331,7208,7255,7330,6983,-1,-1,-1,-1
7471,7310,7176,7394,7179,7300,7228,7184,7597,7229,7174,-1
7271,7104,7287,7270,7106,6935,7234,7268,7105,6993,6937,7217
7295,7287,7289,7286,7104,7297,7233,7490,7290,-1,-1,-1
7361,7188,7379,7237,7302,7236,7207,7305,7842,7051,-1,-1
7207,7302,7235,7188,7430,7303,7049,7051,7361,7301,-1,-1
7379,7305,7306,7235,7361,7187,7188,7363,-1,-1,-1,-1
7091,7192,6956,7256,7273,7029,7023,7333,-1,-1,-1,-1
7193,7562,7240,7261,7260,7262,7206,7601,7190,7194,-1,-1
7601,7239,7389,7265,7262,7206,7193,7261,7602,7598,7933,-1
7367,7068,7368,7161,7242,7086,7682,7067,7070,-1,-1,-1
7368,7161,7407,7241,7408,7452,7367,7682,7068,7160,-1,-1
7244,7333,7083,7080,7332,7256,7506,7082,7245,7226,-1,-1
7243,7506,7083,7245,7332,7609,7436,7246,7333,7080,7334,-1
7246,7609,7244,7280,7083,7360,213,212,7506,7082,7243,7436
213,7245,212,7083,7280,7082,215,210,7244,7081,7281,7360
7762,7252,7251,7263,7250,7219,7249,7294,7490,-1,-1,-1
7249,7286,7269,7252,7490,7268,7295,7287,7199,7250,7219,-1
7248,7252,7199,7269,7219,7198,7076,7490,7247,7268,7286,-1
7762,7490,7294,7252,7247,7296,7599,7295,7263,7248,7365,-1
7247,7220,7263,7171,7264,7219,7762,7225,7252,7170,-1,-1
7249,7247,7250,7490,7248,7219,7762,7269,7286,7199,7251,-1
7307,7325,7254,7292,7027,7320,7858,-1,-1,-1,-1,-1
7320,7026,7307,7323,7253,7255,-1,-1,-1,-1,-1,-1
7322,7323,7319,7254,7231,7026,7321,7330,7417,-1,-1,-1
7333,7084,7192,7238,7273,7080,7243,7191,7091,-1,-1,-1
7258,7230,7335,7318,7182,7336,8261,7337,7157,7591,7156,-1
7591,7257,8261,7336,7478,7182,7230,7639,7335,7552,7259,-1
8261,7425,7639,7181,7182,7424,7348,7591,7156,7183,933,7258
7562,7193,7190,7189,7194,7239,7261,7380,7196,7206,7292,-1
7562,7262,7858,7239,7292,7509,7260,7194,7240,7325,-1,-1
7261,7601,7509,7933,7240,7858,7239,7562,7389,7602,7731,-1
7762,7760,7247,7264,7251,7365,7294,7250,7143,7308,7522,-1
7225,7143,7263,7147,7760,7220,7251,7308,-1,-1,-1,-1
7390,7388,7240,7389,7598,7206,7204,7601,7516,7531,-1,-1
7551,7152,7346,7290,7267,7345,827,829,7347,825,7541,7327
7152,7289,7266,7151,7290,7105,825,827,7104,7551,7346,-1
7271,7269,7248,7287,7359,7286,7217,7233,7249,7198,7270,6993
7249,7198,7268,7359,7199,7248,7252,7217,7358,7058,7286,7219
6993,7271,6935,7233,6992,7217,7106,7401,7287,6991,7268,7104
7233,7270,7268,7287,7217,6993,7286,7359,7104,7106,6935,6992
7137,7351,7502,7377,7350,7138,7501,-1,-1,-1,-1,-1
7091,7226,7333,7238,7222,7256,7093,7332,-1,-1,-1,-1
7493,7155,7313,7312,7154,7311,7130,7342,7276,7223,7673,-1
7395,7085,7276,7154,7086,7130,7402,-1,-1,-1,-1,-1
7402,7154,7275,7493,7673,7395,7274,7311,7398,7491,-1,-1
7168,7284,7285,7166,7283,7278,7630,7164,7304,7165,7386,-1
7284,7168,7173,7304,7277,7172,7303,-1,-1,-1,-1,-1
7180,6985,7164,7071,7172,7168,6987,6714,6986,7163,7153,-1
7281,210,212,7245,7246,7360,209,7357,213,207,7354,7609
209,210,207,7354,7280,7357,212,7282,7360,206,7467,7356
206,7467,7354,207,7355,209,205,7281,7356,7412,7357,210
7630,7166,7165,7277,7285,7458,7457,7631,7168,7284,7387,-1
7304,7277,7285,7386,7278,7168,7430,7283,7303,-1,-1,-1
7284,7630,7277,7387,7283,7386,7631,7681,7304,7166,-1,-1
7287,7248,7295,7490,7234,7268,7271,7252,7269,7104,7233,7249
7233,7271,7286,7234,7104,7268,7270,7295,7248,7289,7106,-1
6006,6007,6277,6348,5902,6494,5900,6232,-1,-1,-1,-1
7267,7234,7104,7290,7105,7297,7266,7287,7295,-1,-1,-1
7266,7346,7289,7327,7267,7297,7551,7152,7326,7234,-1,-1
6958,7132,6961,6943,7017,6727,6960,7020,6942,6759,7087,-1
7562,7261,7253,7858,7027,7194,7325,7260,-1,-1,-1,-1
6671,6880,6986,6881,6974,6713,6900,899,897,6741,6985,6888
7599,7762,7250,7366,7365,7296,7370,7247,7263,7490,-1,-1
7490,7234,7286,7297,7296,7287,7326,7248,7250,7289,-1,-1
7599,7295,7326,7490,7294,7250,7370,7297,7366,-1,-1,-1
7295,7326,7290,7234,7327,7289,7296,-1,-1,-1,-1,-1
7328,7177,7487,7426,7299,7214,7488,7489,7300,7178,7340,-1
7300,7340,7298,7177,7426,7309,7179,8098,-1,-1,-1,-1
7299,7179,7309,7177,7310,7232,7340,7298,-1,-1,-1,-1
7468,7470,7842,7302,7469,7430,7553,7554,7236,-1,-1,-1
7236,7301,7842,7361,7235,7430,7363,7468,7188,-1,-1,-1
7304,7207,6970,7236,7173,7430,7278,7049,7284,-1,-1,-1
7284,7430,7303,7278,7386,7470,7277,7285,-1,-1,-1,-1
7237,7362,7361,7363,7315,7306,7317,7364,7235,7842,-1,-1
7316,7317,7237,7187,7305,7315,7314,7446,7379,7447,-1,-1
6982,7026,7253,7254,7027,6983,-1,-1,-1,-1,-1,-1
7146,7760,7522,7143,7521,7411,7144,7264,7365,8002,7263,-1
7300,7338,7340,7339,7310,7341,7299,8098,-1,-1,-1,-1
7232,7300,7341,7394,7309,7597,7179,7471,7338,7176,-1,-1
7493,7349,7590,7312,7673,7549,7274,7344,7672,7492,7276,-1
7311,7274,7342,7349,7313,7344,7493,7155,7549,-1,-1,-1
7342,7274,7223,7155,7312,7343,7493,7344,-1,-1,-1,-1
7316,7447,7187,7186,7451,7450,7306,7532,-1,-1,-1,-1
7317,7364,7305,7362,7610,7445,7306,7403,7316,7446,7363,-1
7447,7317,7306,7446,7314,7187,7450,7576,7532,7315,7445,-1
7316,7446,7315,7306,7445,7447,7305,7444,7610,-1,-1,-1
7393,7230,7337,7157,7257,7335,944,945,942,7156,7385,7182
7321,7417,7323,7255,7418,7378,7322,7383,7481,7483,-1,-1
7323,7325,7254,7324,7253,7383,7417,-1,-1,-1,-1,-1
7319,7481,7322,7378,7330,7255,7418,7417,7323,7496,7374,-1
7330,7231,7255,7321,7331,7481,7319,7026,7208,7373,7374,-1
7319,7417,7320,7383,7255,7254,7321,7324,7483,-1,-1,-1
7383,7382,7320,7384,7325,7381,7323,-1,-1,-1,-1,-1
7858,7320,7253,7324,7292,7384,7509,7261,-1,-1,-1,-1
7327,7370,7297,7369,7296,7599,7295,7290,7435,-1,-1,-1
7326,7346,7290,7369,7434,7297,7266,7370,7551,7541,-1,-1
7488,7487,7298,7489,7214,7215,7538,7426,7484,7177,7329,-1
7053,7215,7488,7409,7484,7074,7055,7489,7175,7328,7214,-1
7481,7322,7374,7331,7321,7373,7378,7496,7231,7375,7255,-1
7330,7322,7208,7231,7373,7209,7374,7077,-1,-1,-1,-1
7243,7506,7226,7244,7333,7334,7083,7419,7609,7080,7221,7273
7243,7256,7332,7226,7273,7080,7244,7084,7238,7083,-1,-1
7419,7506,7221,7332,7226,7397,7436,7244,7222,7212,7439,-1
7337,7257,7353,7336,7352,7318,7393,7258,7230,-1,-1,-1
7258,7335,7352,7478,7257,7473,7591,7477,-1,-1,-1,-1
7393,7335,7353,7318,7391,7385,7392,7257,945,948,7352,7604
7341,7544,7339,7309,7543,7545,7546,7310,-1,-1,-1,-1
7338,8098,7545,7740,7340,7544,7309,7765,7341,-1,-1,-1
8098,7299,7426,7339,7309,7427,7765,7740,7300,7298,-1,-1
7338,7546,7597,7310,7543,7309,7544,7394,7339,-1,-1,-1
7313,7344,7343,7486,7312,7497,7274,7349,7223,-1,-1,-1
7342,7313,7110,7420,7223,7486,7344,-1,-1,-1,-1,-1
7497,7342,7349,7312,7548,7486,7549,7313,7498,7311,7654,7343
829,827,7551,7347,7152,831,7266,825,7541,7346,833,-1
7551,7327,7266,7541,7434,7290,7347,829,831,7345,7152,7369
7551,831,7541,829,7345,833,7346,7266,827,7434,7152,7809
929,7425,927,7423,930,7424,925,933,7259,7582,7181,7183
7549,7311,7344,7312,7548,7590,7672,7832,7342,7497,7493,-1
7461,7501,7502,7503,7272,7377,7376,7676,-1,-1,-1,-1
7518,7502,7272,7580,7520,7138,7613,7501,7137,7139,-1,-1
7336,7353,7335,7406,7405,7473,7475,7337,-1,-1,-1,-1
7337,7392,7335,7405,7352,7391,7393,7605,-1,-1,-1,-1
7282,7467,7281,7357,207,7356,209,206,8375,7355,210,7412
205,7282,7467,206,7412,7414,7448,204,7354,207,7413,7356
7467,8375,7465,7354,7412,7536,7357,7282,7589,7355,7437,7281
7354,7281,8375,7360,7437,7280,7356,209,207,7467,7282,210
7198,6990,7059,6887,7359,7058,7012,6995,7269,6653,7217,7199
7198,7217,7269,7059,7358,7268,7271,6993,7199,7058,6990,6991
7609,7280,7357,7438,7245,7437,7281,7436,8375,7246,-1,-1
7235,7363,7305,7842,7302,7237,7362,7379,7236,-1,-1,-1
7363,7364,7403,7305,7315,7404,7361,7842,7642,7610,7641,-1
7362,7842,7361,7305,7404,7468,7403,7302,7364,7237,7315,-1
7403,7610,7362,7315,7641,7642,7305,7363,7445,7575,7404,7669
7762,7522,7294,7760,7761,7263,7366,7599,7308,7250,-1,-1
7599,7540,7294,7761,7370,7435,7365,7762,7296,-1,-1,-1
7682,7241,7396,7368,7086,7242,7400,7068,7452,7395,-1,-1
7242,7682,7452,7367,7241,7408,7161,7456,7400,7407,-1,-1
7433,7326,7327,7370,7434,7432,7435,7539,8316,7346,-1,-1
7599,7326,7435,7369,7366,7296,7294,7433,7327,7540,-1,-1
7448,7556,7372,203,7414,7449,204,202,7628,7645,205,7355
202,7628,7556,203,7371,201,7566,7648,7448,204,-1,-1
7504,7331,7330,7375,7374,7209,7460,7505,7481,7322,-1,-1
7481,7375,7330,7496,7494,7373,7378,7321,7495,7504,7331,7510
7374,7505,7494,7504,7495,7373,7496,7330,7503,7676,7481,7547
7201,7461,7200,7350,7377,6951,7460,6932,7503,-1,-1,-1
6951,7272,7137,7116,7350,7376,7201,7140,-1,-1,-1,-1
7481,7418,7496,7480,7321,7319,7482,7374,7330,7510,7417,7494
7237,7188,7187,7235,7102,7051,7361,7306,7186,-1,-1,-1
7190,7141,7189,7032,7195,7260,6689,7196,7127,7193,-1,-1
7640,7383,7483,7382,7623,7619,7324,7417,-1,-1,-1,-1
7640,7324,7732,7789,7384,7381,7383,-1,-1,-1,-1,-1
7417,7324,7323,7381,7320,7483,7319,7382,-1,-1,-1,-1
7509,7324,7731,7382,7858,7325,7732,-1,-1,-1,-1,-1
948,7604,7393,7391,951,945,7337,7629,953,944,7318,-1
7284,7470,7304,7681,7285,7387,7430,7553,7277,-1,-1,-1
7843,7285,7681,7630,7844,7631,7386,7606,7283,-1,-1,-1
7390,7531,7598,7530,7516,7265,7204,7389,7577,7529,7451,7205
7601,7598,7600,7602,7240,7265,7933,7388,7262,7680,7531,-1
7204,7516,7388,7265,7205,7530,7206,7203,7431,7202,7598,7531
7604,7385,7392,7337,7353,7629,7393,7542,948,951,7605,953
7605,7353,7391,7542,7405,7337,7754,7523,7629,7604,-1,-1
945,7337,7385,7318,948,944,7391,7157,7335,7604,7353,7230
7229,7471,7597,7232,7228,7442,7310,155,152,157,7341,7176
7275,7398,7396,7276,7402,7086,7491,7367,-1,-1,-1,-1
7367,7682,7395,7398,7399,7400,7086,-1,-1,-1,-1,-1
7212,7439,7221,7419,7334,7407,7211,-1,-1,-1,-1,-1
7491,7399,7395,7402,7396,7462,7677,7276,-1,-1,-1,-1
7398,7455,7563,7400,7396,7462,7491,7682,-1,-1,-1,-1
7682,7735,7456,7455,7399,7452,7396,7367,7368,7454,7453,-1
6776,6935,6992,6897,6896,6865,6777,7270,6993,6991,7106,-1
7491,7276,7673,7398,7395,7492,7677,7493,7275,7462,-1,-1
7642,7364,7362,7404,7641,7363,7643,7610,7315,-1,-1,-1
7403,7712,7468,7363,7554,7362,7642,7842,7643,7364,-1,-1
7475,7392,7353,7605,7352,7523,7406,7472,-1,-1,-1,-1
7475,7352,7472,7515,7474,7473,7405,-1,-1,-1,-1,-1
7212,7242,7397,7161,7408,7439,7160,7368,-1,-1,-1,-1
7452,7242,7439,7368,7407,7646,7561,7456,-1,-1,-1,-1
7053,7484,7329,7111,7420,7054,7488,7055,7485,7110,7074,-1
6911,6924,6862,6729,6933,6909,6952,6931,6769,6728,6932,6732
7660,7144,7146,7521,7422,7710,7308,7145,7709,8041,7777,-1
7467,7413,7536,7355,7414,7356,7282,7354,7465,7448,7466,206
7466,7412,7414,7536,7449,7464,7690,7355,7535,7467,7657,-1
7448,7355,7449,7413,7412,7371,204,205,7467,7466,7556,-1
197,7565,199,7747,7652,7416,196,200,7566,7647,7746,-1
196,7652,7637,194,197,191,7415,7649,7747,-1,-1,-1
7319,7483,7383,7323,7418,7321,7381,7255,7479,7378,7320,-1
7378,7417,7482,7319,7479,7483,7321,7480,7481,7496,-1,-1
7436,7699,7334,7506,7397,7439,7646,7609,7332,7221,7978,-1
7409,7343,7484,7110,7485,7486,7111,-1,-1,-1,-1,-1
7507,7145,7429,7508,7500,7142,7422,7144,7062,7777,-1,-1
7660,7144,7507,7145,7777,7411,7421,7146,8041,7142,-1,-1
7606,927,7348,7582,925,7424,7607,929,923,7843,7425,7631
7348,7639,7423,7259,7425,7779,7607,927,8261,7606,929,-1
7348,933,7259,7181,930,7424,7183,929,935,927,7423,7639
7487,7298,7340,7299,7428,7427,8098,7328,7177,-1,-1,-1
7765,8098,7428,7426,8099,7340,7661,7740,7766,-1,-1,-1
7586,7487,7426,7427,7538,7661,7655,-1,-1,-1,-1,-1
7794,7500,7062,7421,7218,7142,7145,7119,7499,7608,7019,7508
7304,7301,7470,7302,7236,7303,7386,7284,-1,-1,-1,-1
8459,7073,7451,7516,7205,7186,7440,7390,7072,7530,-1,-1
7433,7434,8316,8358,7809,7369,7539,7811,7541,7810,-1,-1
7539,7369,8316,7432,7435,7827,7434,7370,8358,7826,-1,-1
7432,7541,7346,7369,7327,7809,7433,7347,7551,833,8358,-1
7539,7433,7370,7540,7366,7826,7369,7599,8316,7326,-1,-1
7609,7699,7506,7438,7419,7978,7244,7360,7334,7245,7439,-1
8375,7798,7357,7438,7360,7589,7978,7465,7356,-1,-1,-1
7436,7978,7437,7360,7609,7798,7699,7741,7506,7357,-1,-1
7397,7646,7419,7408,7699,7407,7436,7212,7334,-1,-1,-1
7203,7073,7065,7126,7205,7125,7431,7072,7124,7202,7204,8459
7442,7443,7546,7596,146,139,7597,135,152,7229,7737,-1
7229,152,7441,7597,146,7394,155,7546,7228,139,-1,-1
135,7737,139,7596,131,7441,146,126,7546,7635,7617,7684
7446,7574,7576,7573,7445,7575,7568,7317,7447,-1,-1,-1
7575,7317,7444,7446,7610,7315,7574,7666,7364,7316,-1,-1
7317,7444,7316,7447,7576,7445,7532,7306,7315,7574,-1,-1
7316,7532,7450,7446,7314,7576,7317,7567,7444,7306,7529,7451
204,7371,7414,205,7355,203,7449,206,7372,7412,7556,-1
7690,7414,7371,7556,7466,7645,7413,7657,7448,7648,7412,-1
7532,7530,7451,7447,7529,7314,7531,7567,7316,7516,-1,-1
7450,7431,7516,7530,7186,7314,8459,7388,7447,7205,-1,-1
7456,7368,7682,7408,7400,7561,7454,7735,7242,7367,-1,-1
7735,7564,7695,7455,7692,7694,7454,7706,7563,7693,7400,7456
7456,7714,7735,7692,7561,7453,7452,7790,7772,7400,-1,-1
7453,7735,7563,7399,7564,7400,7456,7620,7692,7695,-1,-1
7452,7454,7735,7400,7561,7682,7714,7692,7408,7368,7453,7455
7670,916,7165,918,7167,7458,914,921,7283,7163,912,7033
7671,7457,921,7630,7283,7165,918,7631,923,916,7670,7582
6604,6706,6623,6562,6638,6624,6726,6603,6548,6625,6622,6016
7461,7209,7504,7200,7373,7376,7503,-1,-1,-1,-1,-1
7503,7460,7376,7350,7504,7501,7200,7505,7676,-1,-1,-1
7677,7491,7621,7563,7398,7399,7678,7620,7402,7763,-1,-1
6114,6117,6184,6502,6376,6171,6216,6105,5963,6116,6282,-1
7537,7536,7535,7466,7534,7413,7533,7465,7570,7657,7412,7803
8375,7536,7356,7534,7589,7588,7412,7437,7467,7464,7357,-1
7413,7657,7690,7535,7449,7464,7414,7536,7659,7537,7645,7412
7282,7412,7356,7354,7355,206,207,7536,7414,7357,8375,7281
7842,7554,7469,7301,7404,7363,7712,7302,7470,7555,7553,-1
7553,7468,7554,7470,7301,7555,7842,7681,7705,-1,-1,-1
7553,7386,7301,7469,7681,7430,7304,7468,-1,-1,-1,-1
7228,7232,7176,7184,7394,7229,157,158,7310,7179,155,7100
7475,7753,7474,7663,7524,7406,8525,7513,7523,7405,-1,-1
7477,7515,7336,7478,7352,7406,7476,-1,-1,-1,-1,-1
7514,7472,7513,7615,7515,7663,7406,7753,7558,7475,-1,-1
7472,7405,7523,7524,7406,7753,7605,7352,7474,-1,-1,-1
7558,7525,7477,7515,7526,7527,7473,7514,7700,-1,-1,-1
7525,7478,7476,7700,7473,7515,7552,7336,7526,-1,-1,-1
7591,7477,7336,7258,7700,7552,7473,8261,7525,-1,-1,-1
7482,7619,7618,7483,7624,7418,7417,7480,-1,-1,-1,-1
7482,7378,7496,7833,7510,7713,7418,7481,7618,7494,7479,-1
7378,7330,7374,7496,7321,7322,7494,7480,7418,7319,7375,7373
7480,7479,7618,7713,7418,7378,7833,7961,7624,-1,-1,-1
7417,7619,7479,7381,7383,7418,7319,7623,7323,-1,-1,-1
7409,7485,7329,7489,7488,7420,7053,7328,7215,7538,-1,-1
7484,7489,7498,7486,7538,7420,7497,7488,7409,-1,-1,-1
7342,7485,7497,7343,7344,7498,7420,-1,-1,-1,-1,-1
7328,7538,7428,7298,7426,7489,7488,7586,7214,-1,-1,-1
7328,7215,7329,7489,7484,7214,7487,7074,7409,7175,7298,7485
7328,7538,7488,7485,7484,7487,7498,7329,7298,7214,7215,-1
7295,7250,7252,7286,7248,7296,7249,7234,7294,7247,-1,-1
7677,7402,7398,7462,7492,7763,7673,7399,7395,7678,7276,-1
7677,7673,7491,7763,7402,7590,7674,7311,-1,-1,-1,-1
7274,7311,7673,7276,7154,7312,7155,7313,7402,7590,7349,-1
7495,7496,7510,7374,7375,7511,7481,7505,7480,7845,7833,7512
7494,7505,7547,7511,7375,7512,7676,7510,7374,-1,-1,-1
7481,7378,7494,7510,7374,7480,7833,7330,7375,7321,7511,7418
7498,7344,7654,7486,7548,7342,7587,7485,7349,7586,-1,-1
7497,7538,7654,7485,7586,7486,7489,7344,-1,-1,-1,-1
7613,7218,7139,7594,7580,7500,7595,7518,7119,7429,7794,-1
7594,7429,7218,7508,7499,7421,7794,7613,7595,7507,-1,-1
7502,7676,7503,7517,7350,7520,7505,7461,7547,7272,7504,7351
7501,7520,7351,7272,7350,7517,7676,7518,7503,7519,-1,-1
7501,7461,7676,7504,7505,7350,7502,7460,7517,7375,7547,7376
7503,7373,7505,7461,7460,7375,7676,7209,7374,7501,-1,-1
7676,7375,7495,7503,7504,7547,7501,7494,7517,7461,7373,7374
7436,7244,7332,7419,7334,7609,7699,7243,7245,7226,7438,-1
7777,7508,7422,7421,7583,7660,7585,7145,7584,7500,-1,-1
7507,7594,7584,7500,7421,7583,7595,7777,7429,-1,-1,-1
7858,7731,7933,7262,7384,7261,7601,7325,7945,-1,-1,-1
7833,7494,7496,7511,7845,7480,7495,7835,7713,7378,7374,-1
7845,7510,7512,7495,7494,7626,7833,7547,7625,7496,7854,-1
7625,7511,7547,7495,7626,7627,7845,7494,-1,-1,-1,-1
7663,7615,7662,7474,7817,7638,7514,7472,7664,8525,7753,-1
7615,7558,7515,7474,7616,7638,7513,7476,7527,-1,-1,-1
7514,7558,7473,7476,7474,7406,7477,7615,-1,-1,-1,-1
7390,7530,7451,7431,7388,7205,7204,7531,7450,7265,7073,-1
7676,7519,7501,7520,7547,7502,7627,7503,7505,7581,-1,-1
7520,7580,7613,7351,7581,7499,7502,7519,7595,7138,7139,-1
7517,7612,7520,7581,7627,7518,7547,7611,7633,7502,7676,-1
7518,7502,7519,7517,7351,7581,7501,7580,7613,7676,7612,-1
7308,7411,7709,7522,8002,7710,7146,7660,7144,7760,-1,-1
7308,7761,8002,7760,7521,7365,7709,7146,7143,7263,-1,-1
7605,7524,7764,7475,7405,7752,7754,7392,7472,7753,-1,-1
7753,7523,7475,7751,7472,7752,8525,7764,7663,-1,-1,-1
7700,7477,7526,7476,7559,7702,7478,7527,7557,7558,-1,-1
7525,7527,7557,7559,7698,7476,7560,7558,7701,7700,7477,-1
7560,7558,7526,7616,7614,7698,7476,7525,7514,-1,-1,-1
6962,7118,7044,7136,7117,6763,6959,7045,6762,7134,7140,-1
7531,7532,7567,7578,7530,7450,7577,7388,7447,7598,-1,-1
7531,7450,7388,7516,7451,7529,7390,7532,7598,7577,7431,-1
7598,7577,7388,7530,7529,7600,7578,7450,7516,7265,7679,7390
7567,7447,7450,7529,7576,7568,7530,7446,7578,7316,7314,-1
7570,7537,7569,7571,7534,7572,7464,7653,7803,7535,7588,-1
7465,7570,7588,7536,7464,7533,7589,7653,7537,8375,-1,-1
7657,7537,7466,7803,7659,7464,7690,7569,7413,7533,7658,-1
7465,7412,7464,7413,7534,7356,7467,8375,7466,-1,-1,-1
7535,7533,7803,7569,7464,7659,7570,7466,7657,7534,7656,7572
7498,7489,7487,7586,7428,7485,7328,7654,7484,-1,-1,-1
7433,7827,7826,8316,7435,7540,7432,7825,7369,7810,-1,-1
7761,7366,7593,7826,7435,7539,8002,7592,7370,7599,-1,-1
7347,831,7551,7434,833,7346,7809,829,835,7345,7266,7432
7629,7754,7605,7392,959,958,7391,7604,961,7764,963,956
7546,7544,7338,7635,7596,7636,7341,7597,-1,-1,-1,-1
7545,7338,8003,7543,7636,7339,7740,7341,7922,7767,-1,-1
7740,7544,8003,7767,7339,7338,8098,7795,7766,7636,7765,-1
7597,7596,7543,7341,7441,7442,7338,7635,7443,-1,-1,-1
7676,7495,7512,7517,7505,7627,7519,7501,7511,7503,7625,7375
7587,7497,7549,7785,7344,7349,7654,7832,-1,-1,-1,-1
7349,7832,7672,7590,7548,7311,7785,7344,7721,7675,7312,-1
7024,6795,6601,6757,6659,6972,6957,6593,-1,-1,-1,-1
7347,7266,829,7346,7345,7541,831,827,7152,7290,7434,833
7591,7700,7702,7639,7779,7478,8261,7477,7258,7852,-1,-1
7469,7681,7705,7470,7555,7844,7554,7301,7386,7703,7468,-1
7468,7712,7469,7704,7555,7404,7553,7701,7842,7711,7301,-1
7553,7701,7705,7704,7554,7469,7703,7468,7712,-1,-1,-1
7648,7371,7372,7645,7628,7449,7690,202,203,7814,7414,7647
7701,7711,7526,7704,7698,7559,7525,7712,7703,-1,-1,-1
7514,7476,7527,7616,7515,7615,7526,7525,7474,-1,-1,-1
7525,7701,7702,7557,7700,7703,7526,7704,-1,-1,-1,-1
7614,7698,7527,7696,7697,7749,7526,7616,7711,-1,-1,-1
7454,7646,7456,7790,7714,7452,7741,7408,7735,-1,-1,-1
7261,7260,7194,7239,7292,7193,7189,7858,7262,7027,7190,-1
7621,7455,7620,7462,7564,7399,7693,7453,-1,-1,-1,-1
7453,7693,7694,7620,7455,7563,7695,7735,7708,7743,7692,7621
7566,7415,200,7747,199,7647,197,201,7628,7652,8089,-1
7565,7628,200,201,7647,7648,7372,199,7747,202,7415,7556
7532,7568,7578,7644,7529,7576,7447,7689,7450,7733,-1,-1
7567,7689,7644,7576,7573,7532,7719,7444,7578,7773,-1,-1
7537,7803,7683,7572,7656,7533,7535,8040,7571,7658,-1,-1
7653,7533,7588,7534,7571,7863,7537,7572,7738,7464,7589,-1
7653,7572,7570,7784,7739,7738,7533,7863,7588,7569,-1,-1
7683,7569,7571,7739,8024,7533,8040,7784,7570,7656,7537,-1
7568,7444,7719,7689,7667,7574,7576,7668,7644,-1,-1,-1
7444,7668,7666,7575,7573,7445,7667,7665,7446,-1,-1,-1
7666,7610,7445,7669,7574,7444,7757,7668,7364,-1,-1,-1
7568,7532,7446,7444,7567,7447,7573,7316,7644,-1,-1,-1
7531,7679,7579,7578,7600,7598,7529,7388,7680,7755,7530,7733
7579,7644,7567,7577,7733,7529,7679,7531,7568,7532,8250,-1
7679,7733,7578,7755,8250,7577,7600,7680,7644,8294,-1,-1
7518,7139,7351,7613,7499,7138,7520,7133,7218,7581,-1,-1
7518,7519,7595,7613,7612,7520,7611,7594,7580,7517,-1,-1
923,7606,925,7671,7423,7631,927,7843,921,7607,7458,7348
7507,7776,7585,7777,7778,7508,7584,7634,-1,-1,-1,-1
7634,7595,7508,7611,7776,7594,7583,7632,7507,7729,-1,-1
7899,7778,7777,8041,7898,7583,7971,7660,7507,7973,7776,-1
7654,7428,7655,7538,7498,7661,7587,7487,7497,-1,-1,-1
7654,7785,7655,7786,7548,7934,7586,7497,7957,7832,-1,-1
7863,7653,7589,7570,7534,7797,7465,7738,8206,7571,7533,7798
7588,7465,8375,7798,7797,7437,7534,7863,7356,7570,-1,-1
7311,7672,7549,7673,7349,7492,7674,7832,7493,-1,-1,-1
8261,7552,7258,7639,7478,7700,7182,7259,7779,7336,7257,-1
7924,7825,7826,7593,7925,7904,7979,7930,7827,7540,-1,-1
7540,7592,7979,7924,8002,7761,7826,7709,7825,-1,-1,-1
7595,7500,7613,7508,7499,7584,7611,7218,7581,-1,-1,-1
7611,7594,7613,7581,7584,7634,7499,7612,7518,7508,7500,7632
7546,7635,7443,7441,7737,7543,7617,135,7597,139,-1,-1
7546,7442,7394,7341,7441,7310,7229,7232,7596,7543,152,-1
7531,7389,7600,7388,7577,7265,7679,7530,7602,7390,7601,7240
7294,7370,7366,7296,7326,7250,7435,7762,7365,7540,-1,-1
7679,7598,7602,7680,7389,7577,7601,7531,7579,7755,7947,-1
7389,7933,7602,7262,7240,7509,7600,7239,7947,7265,7598,-1
7601,7600,7680,7933,7947,7389,7679,7598,8251,7731,7262,7240
796,6803,6718,798,794,6804,6912,6715,6923,792,800,7078
951,7629,7385,953,7391,948,956,7542,958,7393,7392,945
7392,7523,7754,7764,7542,7405,961,7475,959,963,7353,7391
7843,7582,7423,7607,7631,7671,925,7844,923,927,7387,7424
7606,7843,7779,7852,7423,7844,7424,7582,-1,-1,-1,-1
7018,7062,7090,7061,7019,7020,7142,7794,6960,7429,7088,-1
7436,7245,7360,7506,7244,7438,7280,7699,7419,7083,7332,-1
7364,7575,7445,7669,7315,7641,7403,7362,7666,7317,-1,-1
7595,7634,7612,7632,7581,7584,7633,7594,7613,7519,7776,7729
7633,7519,7611,7581,7632,7627,7595,7759,7634,7520,-1,-1
7499,7518,7595,7581,7580,7594,7139,7520,7611,7500,7351,7218
7560,7749,7756,7616,7527,7696,7698,8330,7638,-1,-1,-1
7514,7513,7638,7662,7474,7616,7558,7663,7515,7819,7817,-1
7638,7558,7514,7615,7614,7527,7756,7560,7662,-1,-1,-1
8492,7635,7737,7684,7736,7787,7596,7775,7636,7443,126,-1
7961,7482,7624,7713,7724,7479,7834,7480,7725,7862,-1,-1
7623,7479,7483,7624,7622,7381,7837,7640,-1,-1,-1,-1
7693,7621,7743,7563,7564,7771,7694,7821,7708,7462,7678,7455
7620,7678,7563,7462,7771,7677,7965,7743,7564,7693,-1,-1
7837,7808,7624,7623,7725,7619,7873,7848,-1,-1,-1,-1
7837,7640,7619,7848,7622,7381,7789,7483,7873,7624,-1,-1
7618,7622,7725,7724,7479,7619,7961,7482,7808,7623,-1,-1
7759,7512,7626,7846,7627,7633,7511,7847,7547,-1,-1,-1
7625,7845,7854,7512,7846,7847,7511,8341,7759,-1,-1,-1
7625,7519,7612,7512,7633,7547,7759,7517,-1,-1,-1,-1
7566,7372,7648,7556,201,7647,202,7565,200,7645,7371,7814
7604,7542,953,958,956,951,7391,7385,959,7392,7754,948
7631,7283,7285,7387,7458,7671,7843,7277,7165,7582,7606,-1
7630,7671,7582,7843,7606,7387,7458,923,7283,7285,921,925
7633,7634,7611,7729,7612,7730,7759,7776,7584,7595,-1,-1
7759,7632,7612,7730,7627,7625,7611,7519,7634,7729,7896,7846
7776,7632,7611,7729,7584,7595,7859,7612,7583,7730,7633,7778
7617,7596,7636,7543,7737,7736,8492,7546,7443,7684,-1,-1
7922,7635,7544,8003,7543,7736,7545,7617,7882,-1,-1,-1
191,7416,7649,7651,7652,189,194,196,7650,7746,7744,-1
7615,7662,7819,7616,7756,7514,7513,7818,7614,7855,-1,-1
8261,7591,7779,7259,7552,7424,7258,7182,7425,7702,-1,-1
7789,7623,7381,7382,7848,7837,7870,7619,7732,-1,-1,-1
7642,7727,7403,7364,7610,7669,7726,7643,7362,-1,-1,-1
7643,7403,7641,7726,7404,7712,7364,7697,7362,7727,-1,-1
7642,7712,7697,7711,7726,7404,7403,7704,7641,-1,-1,-1
7568,7733,7689,7578,7567,7773,7579,7576,7719,7573,8294,-1
7690,7648,7556,7814,7691,7449,7657,7812,7628,7466,7371,7647
7699,7439,7561,7741,7978,7408,7790,7419,-1,-1,-1,-1
7566,7648,7747,7565,7628,8089,7814,7415,200,7556,201,7746
7628,7645,7556,7814,7647,7566,7372,7812,8089,7690,7449,7691
7746,7637,7651,7652,7744,7416,7747,7745,191,189,7734,7650
189,186,7734,7651,191,184,7637,7745,7649,-1,-1,-1
7734,7649,7650,189,7637,7745,7744,186,191,7746,7652,-1
7416,7415,7649,7747,7637,7746,196,197,7565,194,199,7651
7863,7570,7571,7588,7738,7784,7533,8206,7534,7797,-1,-1
7587,7497,7586,7498,7655,7548,7538,7785,7786,7344,-1,-1
7587,7786,7586,7661,7957,7654,7770,7785,7428,-1,-1,-1
7683,7803,7658,7805,7569,7804,8040,7537,7659,7572,7867,7841
7690,7659,7535,7466,7691,7645,7803,7449,7813,7537,7464,7413
7659,7803,7656,7805,7813,7841,7535,7569,7995,-1,-1,-1
7657,7803,7658,7813,7535,7691,7690,7537,7466,7656,7932,7841
7411,8041,7777,7710,7422,7144,7507,7521,7585,7971,7709,7899
7655,8099,7770,7428,7586,7957,7427,7765,-1,-1,-1,-1
7513,7638,7817,7819,7615,7818,7663,7857,7616,7756,-1,-1
7513,8525,7753,7472,7664,7817,7474,7662,7780,7615,7524,7751
8525,7780,7817,7815,7816,7663,7753,7857,7513,7908,7751,8121
7668,7686,7757,7666,7877,7758,7574,7667,7878,-1,-1,-1
7575,7757,7665,7668,7574,7669,7610,7445,7877,-1,-1,-1
7668,7719,7877,7802,7573,7685,7574,7665,7689,-1,-1,-1
7665,7574,7667,7877,7666,7686,7757,7575,7573,7685,-1,-1
7727,7757,7575,7666,7610,7641,7820,7364,-1,-1,-1,-1
916,7167,914,7457,912,918,7165,7033,7163,7458,910,-1
923,7582,921,7631,7458,925,7630,7606,918,7457,7423,7843
7549,7832,7590,7675,7674,7721,7349,7722,7311,-1,-1,-1
7311,7493,7492,7402,7276,7590,7491,7274,-1,-1,-1,-1
7763,7672,7722,7675,7492,7590,8056,7677,-1,-1,-1,-1
7672,7721,7722,7720,7832,7674,7723,7866,7549,-1,-1,-1
7505,7501,7503,7517,7547,7495,7502,7504,7375,7461,7350,7520
7491,7763,7462,7678,7492,7621,7402,7398,7674,8056,-1,-1
7621,7677,7965,7763,7771,8056,7462,7491,7620,-1,-1,-1
7579,7600,7680,7755,7577,8250,7602,8251,7598,7578,7733,7531
7679,8251,7602,7755,7600,7947,7579,8059,7577,7389,7933,7992
7553,7387,7844,7705,7470,7386,7843,7469,7285,-1,-1,-1
7400,7367,7368,7452,7396,7456,7241,7399,7242,7735,-1,-1
8040,7656,7572,7569,8024,7804,7868,7803,7739,7805,-1,-1
8492,7617,7737,122,126,7775,131,117,7787,114,7635,7443
7877,7802,7874,7875,7876,7667,7686,7853,7719,7668,-1,-1
7877,7878,7665,7758,7876,7668,7879,7685,7757,-1,-1,-1
7793,7883,7792,102,98,106,7954,7955,7688,7963,95,111
111,106,7792,7774,112,102,7963,7687,7883,114,7775,7787
7719,7568,7644,7773,8038,7573,7802,7567,7733,7667,-1,-1
7657,7645,7466,7449,7691,7535,7659,7556,7413,7648,7814,7812
7812,7657,7690,7645,7659,7932,7813,7814,7996,7648,-1,-1
7453,7454,7714,7695,7706,7772,7735,7456,7564,8206,7694,7455
7694,7620,7708,7743,7564,7695,7563,7717,7453,7771,7742,7821
7695,7693,7708,7564,7707,7706,7453,7717,7743,7620,7692,-1
7694,7706,7453,7692,7564,7707,7693,7772,7708,7716,7735,7455
7697,7560,7749,7728,7698,7614,7726,7711,-1,-1,-1,-1
7711,7696,7643,7726,7698,7560,7642,7712,7728,-1,-1,-1
7560,7557,7711,7697,7526,7527,7696,7614,-1,-1,-1,-1
7978,7436,7419,7646,7438,7439,7741,7506,7609,7798,-1,-1
7525,7552,7477,7702,7559,7478,7591,7476,7526,7779,-1,-1
7704,7703,7557,7559,7555,7711,7705,7702,7554,7526,-1,-1
7552,7700,7703,7852,7779,7559,7525,7701,7639,-1,-1,-1
7701,7705,7702,7852,7555,7559,7704,7553,7557,7844,-1,-1
7701,7712,7711,7554,7557,7555,7643,7703,7559,-1,-1,-1
7553,7844,7703,7852,7555,7681,7701,7469,7843,-1,-1,-1
7695,7772,7716,7692,7707,7694,7453,7738,7714,7784,-1,-1
7694,7717,7706,7716,7708,7695,7715,7718,7693,-1,-1,-1
7717,7693,7694,7743,7742,7707,7823,7695,7620,7564,7715,7821
7710,8002,7979,7980,7521,7971,7593,7411,7522,7660,7924,8041
7709,7660,8041,7980,7411,7521,7971,7979,8002,7777,7899,-1
7697,7712,7704,7557,7643,7698,7701,7554,7696,7560,-1,-1
7643,7554,7704,7711,7404,7642,7468,7697,7557,7555,-1,-1
7833,7961,7835,7618,7482,7834,7480,7510,7845,7836,7724,-1
7790,7454,8206,7692,7772,7561,7741,7456,7735,7706,7797,-1
7717,7823,7939,7718,7938,7707,7783,7708,7791,-1,-1,-1
7706,7784,7738,7772,7707,7718,7695,7739,-1,-1,-1,-1
7708,7823,7715,7707,7742,7694,7791,7693,7743,7938,-1,-1
7783,7715,7784,7739,7716,7939,7707,-1,-1,-1,-1,-1
7689,7802,7667,7573,8038,7568,7853,7773,7685,7644,-1,-1
7866,7723,7721,7675,7865,7864,7935,7934,7722,-1,-1,-1
7866,7832,7934,7785,7675,7720,7935,7672,7786,7549,-1,-1
7723,8056,7675,7674,8049,7763,7720,7672,-1,-1,-1,-1
7720,7722,7865,8049,8017,7675,8051,-1,-1,-1,-1,-1
7961,7725,7862,7618,7624,7806,7834,7713,7807,-1,-1,-1
7724,7808,7807,7624,7622,7806,7618,-1,-1,-1,-1,-1
7697,7727,7750,7642,7643,7728,7641,7696,-1,-1,-1,-1
7750,7641,7669,7820,7726,7748,7757,7642,-1,-1,-1,-1
8026,7750,7696,7749,7839,7726,7697,7748,-1,-1,-1,-1
7859,7634,7632,7776,7730,8008,7778,7611,7633,7897,7584,-1
7729,7896,7632,7759,7633,8009,8008,7634,-1,-1,-1,-1
7945,7509,7933,7732,7384,7947,7914,8059,7602,7262,7858,-1
7945,7914,7789,7731,7382,7384,7872,7640,8059,-1,-1,-1
7579,7644,7773,8250,8294,7578,7755,7689,7991,7679,7567,7577
186,7745,7651,7650,184,8204,189,8380,7744,182,7649,-1
7453,7456,7454,7455,7400,7692,7452,7564,7714,7695,7682,7561
7617,8492,7882,7787,7636,7788,7922,7635,-1,-1,-1,-1
7443,7617,7684,131,7596,126,7635,135,8492,139,7441,122
7653,7863,7784,7772,7716,8206,7571,7706,7588,7570,-1,-1
7784,7783,7572,8024,7571,7718,7683,7716,-1,-1,-1,-1
7545,7765,8098,7766,7767,7339,8099,8003,7340,7544,7768,7427
7790,7978,7646,7798,7797,7561,7699,7714,8206,7438,-1,-1
7823,7743,7821,7822,7708,7717,7791,7824,7693,-1,-1,-1
7821,7693,7620,7708,7771,7742,7694,7824,7717,7564,7621,7964
7745,7649,7746,7999,7998,7651,8380,7734,8089,7637,-1,-1
8380,7734,7744,7999,8204,7651,186,8278,7649,184,8381,7650
7649,8089,7747,7744,7652,7998,7651,7415,7996,7637,7647,-1
7415,7565,7746,7652,7647,8089,7566,7649,197,199,7416,-1
7987,7820,8026,7750,7885,8298,7727,8027,7728,7886,7758,-1
8330,7614,7696,7728,7839,7756,7560,8022,-1,-1,-1,-1
7727,7748,8026,7728,7820,7726,7987,-1,-1,-1,-1,-1
8525,7780,7753,7781,7752,7908,7524,7664,7907,7905,7663,-1
7909,7764,7751,7524,7781,7905,7523,7753,7960,963,965,-1
8525,7524,7472,7663,7751,7780,7475,7664,7752,7513,7523,7474
961,959,963,7764,7542,7605,958,7523,7909,7392,965,7629
8250,7679,8251,7680,7579,7992,7991,7600,7733,7946,7577,-1
7638,8330,7614,7819,7855,7616,7749,7662,-1,-1,-1,-1
7666,7820,7665,7669,7758,7575,7668,7686,7727,7885,-1,-1
7686,7757,7665,7885,7879,7878,7820,7886,7748,-1,-1,-1
7633,7625,7846,7730,7896,7627,7632,7612,7626,-1,-1,-1
7308,7263,7522,7143,7264,7365,7762,7146,7521,-1,-1,-1
7540,8002,7522,7366,7365,7593,-1,-1,-1,-1,-1,-1
7294,7263,7250,7247,7365,7760,7252,7599,7251,7366,-1,-1
7677,7674,8056,7678,7492,7491,7722,7965,7462,-1,-1,-1
7754,963,7523,7909,7605,7752,961,965,959,7524,7542,-1
8098,8099,7766,7740,7427,7801,7340,7339,7770,7661,7767,7545
7765,7768,7740,7801,8099,7767,8098,7796,7770,7545,7894,7427
7796,7545,7740,7795,7766,7768,8003,7765,7800,7923,7544,-1
7766,7796,7800,7801,7894,7767,7799,7740,7923,8099,7765,7795
95,92,8638,89,7793,7955,98,7838,85,8062,8064,81
7957,8099,7801,7953,7661,7766,7655,7765,7894,7893,7956,7786
7621,7821,7965,7620,7964,7743,7678,7693,7824,8001,-1,-1
7706,8206,7714,7738,7692,7716,7863,7695,7790,7454,7784,-1
7733,8294,8038,7689,7644,8232,7719,8250,7568,-1,-1,-1
7688,111,112,7792,7787,7775,7963,106,114,8492,7883,117
114,112,117,7774,8492,7684,122,7787,111,7688,7617,126
7634,7778,7859,7729,7583,7584,7632,7585,7611,7897,-1,-1
7507,7660,8041,7585,7422,7583,7899,7411,7710,7508,7778,7421
7859,7898,7585,7776,7897,7583,7899,7729,7777,8143,7634,-1
7639,7552,7852,7607,7702,7424,7591,7700,-1,-1,-1,-1
8525,7908,7664,7816,7751,7753,7815,7781,8087,7663,7907,-1
7905,7907,7908,7751,7906,7752,7780,7909,7960,8087,-1,-1
564,562,6005,6356,6003,6303,560,566,6077,6155,5847,5848
7939,8024,7739,7718,8005,7715,8040,7784,7868,7988,-1,-1
7716,7739,7738,7571,7718,7653,7572,7783,7772,7706,-1,-1
7587,7832,7934,7786,7721,7548,7549,7866,7654,7655,-1,-1
7934,7587,7957,7655,7785,7956,7935,7654,7721,7770,-1,-1
8492,7963,7774,7788,7736,7775,7617,7688,7792,7684,112,7882
7882,7963,7881,7787,7880,7736,7883,7922,8010,8492,7774,7792
7640,7870,7732,7872,7382,7848,7914,7623,-1,-1,-1,-1
7741,7714,8206,7797,7561,7454,7646,7978,7863,7772,7798,-1
7823,8350,7822,7918,7938,7742,7717,8159,7919,7715,8006,-1
7688,7883,106,7963,7774,7687,111,102,112,7881,7787,7793
98,95,7687,7769,7955,102,92,106,8638,7792,89,7954
7218,7119,7429,7062,7019,7120,7608,7500,7139,7142,7499,7060
8010,7796,8003,7767,7922,7923,8338,7882,7545,7768,7800,-1
7800,7768,7923,7795,7767,7766,8010,8003,7891,7894,8338,7799
7863,7798,8206,7790,7588,7741,7589,7978,7653,7714,-1,-1
7978,7437,7797,7741,7438,7589,8375,7790,7699,7588,-1,-1
7800,7994,7894,7977,7891,7893,7892,8625,7768,7796,-1,-1
7799,7796,7768,7891,7923,7894,7767,7994,7801,8265,7795,7977
7770,7894,7766,7768,8099,7953,7893,7765,7957,7800,-1,-1
7719,7853,7685,7874,8038,7667,7689,7877,7941,-1,-1,-1
7537,7659,7535,7569,7656,7658,7657,7533,7683,7813,7805,7464
8040,7867,7805,7656,7869,7683,7868,8024,8039,-1,-1,-1
7867,7841,7658,7656,7804,8111,7869,7813,7803,7683,8383,-1
7861,7831,7862,7724,7807,7860,7725,7828,7961,-1,-1,-1
7828,7808,7725,7831,7806,7830,7829,7861,7724,7970,7968,-1
7830,7725,7807,7622,7873,7837,7828,7624,-1,-1,-1,-1
835,7811,7432,7541,833,8358,7434,837,831,7347,8316,-1
7850,8316,8358,7849,7827,7851,7539,7811,7903,844,7432,842
837,8358,839,7849,7809,835,842,7432,7810,833,-1,-1
7932,7814,7996,7691,7645,7813,7931,8089,7648,7995,7690,-1
7932,7658,7659,7841,7995,7691,7812,7657,7803,7805,7931,-1
7812,7648,7996,7645,8089,7647,7691,7932,7628,7556,7690,-1
7857,7664,8121,7816,8165,7817,7780,7818,8120,8525,-1,-1
7780,8121,7815,7908,8224,8087,7664,8525,7907,8165,-1,-1
7664,7662,7513,7857,7818,7815,7663,8525,7819,7615,-1,-1
7857,7819,7662,7856,7817,8120,7815,7638,7855,-1,-1,-1
7638,7818,7855,7662,7756,7856,8330,7615,7817,-1,-1,-1
7748,7757,7727,7750,7885,7669,7758,7987,8026,-1,-1,-1
7824,7743,7964,7771,7742,7620,7982,7822,7965,7693,7708,-1
7791,7920,7919,7824,7918,7742,8028,7823,8350,7821,-1,-1
7717,7791,7715,7938,7742,8350,7708,7822,7939,7918,-1,-1
7821,7920,7822,7964,7982,7742,7743,7983,7771,-1,-1,-1
7592,7904,7827,7826,7851,7925,7924,7539,7928,7929,7593,-1
7539,7592,7540,7825,7827,7593,7435,7433,7924,8316,-1,-1
7539,8316,7825,7851,7810,7826,7433,7904,7592,7850,8358,-1
7829,7970,7807,7831,7968,7830,7969,8035,7808,8100,7806,7861
7828,7970,8035,7969,7830,7968,7807,8036,8034,8112,7831,-1
7829,7808,8035,7828,7807,7958,7873,8112,7970,-1,-1,-1
7861,7828,7968,8100,7807,7806,7970,8103,7860,7829,-1,-1
7549,7721,7672,7785,7548,7675,7349,7934,7587,7590,7866,-1
7510,7835,7713,7845,7480,7482,7511,7496,7854,7834,7494,7836
7961,7836,7835,7862,7890,7713,7962,7724,7833,7618,7854,8341
7833,7836,7854,7834,7845,7713,8341,7961,7510,7962,-1,-1
7962,8341,7834,7835,7854,7890,8097,8079,7847,7961,7845,7862
7848,7622,7873,7623,7808,7871,7640,7619,7870,-1,-1,-1
85,89,81,8638,92,7769,79,8064,95,8063,8062,-1
8026,8023,8330,8022,8298,7749,7728,8249,7987,-1,-1,-1
7112,6965,7113,641,6966,639,642,6967,638,7052,643,6925
7805,7995,7658,8383,7813,8111,7867,7932,7997,7656,7659,-1
7468,7363,7301,7361,7302,7404,7469,7362,7554,7235,7305,-1
7606,7844,7631,7387,7607,7582,7630,7423,7681,7852,7671,7705
7843,7705,7852,7681,7387,7607,7606,7553,7631,7703,-1,-1
7833,7854,7511,7835,7510,7626,7713,7836,7512,7494,7847,8341
7847,7759,7625,7896,7895,7626,7854,7633,-1,-1,-1,-1
8341,7854,7846,7895,7626,8097,7962,7836,7896,7625,7845,8189
7837,7870,7640,7623,7871,7789,7873,7622,7915,7872,-1,-1
842,7811,7850,8358,839,7810,844,837,847,8316,-1,-1
847,7810,844,7849,7903,7851,842,849,8358,7827,-1,-1
7903,7827,7904,7928,7810,7825,7850,849,847,8316,-1,-1
7703,7705,7844,7702,7779,7607,7843,7552,-1,-1,-1,-1
7874,7941,7950,8038,7802,7940,7719,8232,7685,-1,-1,-1
8341,7845,7835,7847,7836,7626,7962,7833,8097,7834,7846,7511
8330,8022,7819,7856,7756,8303,7818,8249,7638,-1,-1,-1
7855,7818,8120,7819,8303,8171,7857,8173,8022,-1,-1,-1
7815,7818,8120,8165,7817,8172,7664,8121,7856,7662,-1,-1
7509,7261,7325,7292,7262,7384,7562,7933,7253,7731,-1,-1
7729,7778,7897,7776,8008,8073,7634,7898,-1,-1,-1,-1
7861,7862,7889,8103,7890,7806,7831,8100,8079,-1,-1,-1
7831,8103,7860,8100,7806,7968,7889,7862,8160,7807,8076,7828
7961,7834,7860,7724,7890,7806,7861,7836,7618,-1,-1,-1
7653,8206,7588,7797,7738,7570,7772,7790,7589,7571,-1,-1
7935,7866,8016,7975,7865,7720,8046,7934,8018,8045,-1,-1
8051,7864,7720,8018,7723,8016,8017,7866,8048,-1,-1,-1
7935,7720,7721,7934,7864,7975,7785,7675,7956,7865,7832,-1
7869,7805,8111,7804,7921,8107,7841,7656,7868,8040,-1,-1
8040,8039,8005,7804,7869,8024,7683,8107,8004,7783,7867,-1
7867,8107,7804,8039,7868,7921,8040,7805,8184,8129,8111,-1
7848,7915,7872,7789,7871,7640,7917,7837,7914,7937,-1,-1
7937,7870,7915,7873,7848,7958,7837,8031,7936,-1,-1,-1
7914,7870,7916,7789,7917,7915,7732,7945,8059,7848,-1,-1
7837,7808,7871,7958,7622,7848,7830,7623,-1,-1,-1,-1
7853,7940,7875,7802,7685,7941,7950,8322,8038,-1,-1,-1
7874,7967,7940,8322,7876,7685,8012,-1,-1,-1,-1,-1
7686,7878,7875,7685,7877,8060,7967,-1,-1,-1,-1,-1
7686,7685,7668,7665,7667,7876,7802,7878,7666,-1,-1,-1
7686,7879,7888,7876,8060,7758,7877,7665,7886,-1,-1,-1
7886,7878,7888,7885,7758,7887,7686,8027,8357,-1,-1,-1
8338,7882,7881,8010,8033,8032,7788,7922,7963,-1,-1,-1
7883,8032,7963,7880,7788,7954,7792,7882,7687,8033,-1,-1
7788,7922,8010,7880,7736,7795,8338,7881,7636,7787,7963,-1
7792,7881,7687,7963,7954,7688,7788,106,7774,8032,102,7793
786,6918,7079,7048,784,6905,788,782,789,6903,6780,6919
7886,7987,7748,7758,7879,8027,7820,8026,8298,7757,7887,-1
7879,8027,7885,7887,7987,7902,7888,7758,8072,7748,7878,8298
7886,8357,8072,7902,7900,7879,7888,8027,7885,-1,-1,-1
8357,8060,7878,7879,7887,7912,7886,7900,-1,-1,-1,-1
8078,8077,7860,8103,8079,8076,7890,7861,-1,-1,-1,-1
7962,8079,7862,7860,7836,7834,7889,8341,8078,7961,-1,-1
8625,7799,7800,8265,8266,7994,7923,7796,8362,-1,-1,-1
7993,7951,7994,7977,7976,8362,7974,7799,7952,8625,7893,8142
7953,7977,7952,7894,7799,7801,7951,7956,7892,7770,7975,-1
7893,7801,7799,7768,7977,7800,7953,7770,7766,7952,7796,7994
7847,8015,8189,7896,7846,8097,8341,8188,-1,-1,-1,-1
8009,7846,7895,7730,8015,7759,7847,7633,-1,-1,-1,-1
8073,7859,7898,8143,7778,8208,8008,8075,8212,7729,7776,7973
7899,7778,7973,8143,7585,7897,7859,7971,8041,-1,-1,-1
7971,7585,8041,7898,7973,7778,7972,7777,7980,8143,7710,7660
8072,8357,7901,8042,7913,7887,7902,7911,7888,7912,-1,-1
7911,7900,8357,7910,7913,7912,8094,8042,-1,-1,-1,-1
8072,8027,8044,8043,7887,7886,7900,8042,8298,8180,7987,-1
849,7928,7851,847,7850,851,7927,7904,844,7810,7926,853
7825,7928,7929,7925,7851,7592,7926,7903,7827,7924,-1,-1
7960,7781,7906,7909,7959,7752,968,965,7907,971,8229,7751
7907,8229,7959,7905,7781,8088,7960,7908,8228,8087,8019,-1
7906,7908,8087,8088,7781,8229,7905,7780,7816,8290,7751,-1
7780,7907,7781,8087,7816,7751,8525,7906,7664,8088,8224,-1
965,7752,963,7764,7960,7905,968,961,7754,7781,-1,-1
7911,8094,7901,8095,8096,7912,8106,8175,7913,8357,-1,-1
7910,8175,7913,7901,8096,8174,8095,7900,8116,8094,-1,-1
8357,7901,8146,8094,7910,8060,7888,7900,-1,-1,-1,-1
7911,8178,8042,8174,7901,8175,7900,8071,7910,8072,8096,-1
7945,7872,8059,7916,7732,7789,7731,7947,7946,7917,7870,-1
7870,7917,7936,7871,7937,7872,8052,7848,7916,-1,-1,-1
7914,7946,8059,7917,8058,7872,7945,8052,8251,7915,8061,-1
8052,7916,7915,7936,7872,8058,8061,7870,7914,7946,8030,-1
7919,8350,8159,7791,7822,8163,8164,8006,7938,8028,7920,7823
7918,8028,8164,7822,7920,8163,8310,7791,8159,8186,8350,7983
7983,7824,8028,7822,7919,7982,8186,8185,7918,-1,-1,-1
8110,7867,8184,8111,8107,8109,7869,8108,-1,-1,-1,-1
7882,8003,8010,7636,7795,7736,7788,7544,7880,-1,-1,-1
7796,8338,8265,7800,7795,8010,7891,7768,8033,7767,-1,-1
7592,7979,7930,7925,7593,7980,7825,7826,7709,8002,7904,-1
7924,7929,7904,7930,7592,7944,7825,7981,7928,7979,-1,-1
7929,7927,7943,8207,7928,7942,7944,7904,853,851,7903,855
851,7926,853,7928,849,7903,7942,7943,855,7929,8207,-1
7904,7926,7903,7927,7929,7851,849,851,7825,7925,-1,-1
7926,7904,7944,7928,7925,8207,7943,7927,7981,7825,7985,-1
7924,7980,7972,7981,7925,7979,7971,7592,7944,7709,-1,-1
8712,7932,7996,7995,7997,7998,7812,7999,7813,-1,-1,-1
7812,7813,7995,7931,7996,7691,7814,7841,7997,7659,-1,-1
7601,7509,7731,7602,7947,7262,7945,7389,7680,7858,7240,-1
7935,7866,7786,7785,7721,7956,7587,7975,7832,7720,7864,7957
7975,7866,7934,7864,7956,7721,7720,8046,7786,7952,-1,-1
8030,7937,7915,8052,7917,8029,8054,8031,7871,-1,-1,-1
8031,7936,7871,7915,8029,7958,8112,8030,8080,7870,-1,-1
8350,7823,7939,8006,7715,7791,7988,8159,7717,7918,-1,-1
7783,7715,7988,7938,8005,7718,7823,-1,-1,-1,-1,-1
8012,7941,8322,7874,7949,7875,7853,8148,8014,7967,-1,-1
7853,7940,7950,7949,7874,7948,8012,8277,8038,7802,8013,-1
855,7943,858,8114,853,8113,7927,7926,8207,851,861,8193
7942,8207,7926,8114,8193,7927,855,7985,8113,853,7929,858
7981,8207,7929,7985,7984,7925,7926,7943,7930,7986,-1,-1
7914,7731,8059,7947,7732,7933,7916,7872,8251,7509,7946,-1
8058,8059,8251,7992,7916,8057,7914,7755,8061,7917,7947,7945
7945,7602,8059,7680,7933,8251,7731,7914,7601,7946,7600,-1
7949,8013,8277,8200,7941,8214,7950,8262,8014,-1,-1,-1
8012,8013,7941,8014,7948,7940,8200,8148,8322,7950,-1,-1
7853,7941,8232,8277,8038,7948,7874,7949,-1,-1,-1,-1
7892,7974,7977,7952,8046,7976,7993,7893,8045,7975,7994,-1
7893,7975,7951,7977,7956,7953,8046,7935,7892,7894,7974,-1
7893,7770,7957,7801,7956,7894,7952,7977,8099,-1,-1,-1
7883,8333,7687,7881,8032,8132,7955,7793,7792,-1,-1,-1
7793,8333,7769,8062,7687,8638,7954,98,8335,95,92,102
7935,7975,7934,7786,7957,7953,7952,7893,7866,7770,-1,-1
7770,7786,7655,7953,7956,7661,8099,7587,7801,7934,-1,-1
8112,8031,7873,7830,7937,7871,8035,8080,-1,-1,-1,-1
971,8229,7906,7960,973,8019,7905,968,977,8228,-1,-1
968,7905,965,971,7909,7959,7906,7781,963,973,7752,-1
7834,7724,7618,7862,7713,7835,7624,7482,7836,7890,7806,-1
8341,8079,7836,8097,7890,8255,7834,7854,7847,8078,7835,-1
7792,7883,7788,7787,7774,7881,7688,7687,106,111,8492,7882
7821,7965,7982,8001,7771,7824,8000,7743,-1,-1,-1,-1
8001,7678,7964,7771,8056,7621,7763,7821,8000,-1,-1,-1
8147,8322,8149,7967,8146,8148,8012,8203,8202,-1,-1,-1
8060,7875,8322,7966,8146,7876,7940,-1,-1,-1,-1,-1
7970,8100,8083,7831,7828,8034,7829,7969,7861,8160,8085,7807
7970,8036,7829,8037,8034,8035,7828,7968,8081,8126,-1,-1
7968,7969,7829,7828,8034,7831,8083,8035,8037,8036,8100,7830
7899,7980,8041,7972,7973,7710,7585,7709,7930,7898,7660,7979
7973,7981,7930,7971,7980,7986,7899,-1,-1,-1,-1,-1
7899,7972,7898,8143,7971,7986,7585,8041,8212,7980,7981,7897
8045,7976,7951,8046,8047,7892,8141,8069,7993,8016,7952,-1
7935,8046,7952,7864,7956,7866,7934,7951,8016,7893,-1,-1
7993,7974,7892,8141,7951,8047,8142,8362,8045,7994,-1,-1
7893,7892,7799,7951,7994,7894,7952,7953,7993,7800,-1,-1
7741,7699,7798,7438,7646,7436,7790,7797,7437,7419,-1,-1
7924,7709,7980,7593,8002,7930,7592,7710,7971,7925,-1,-1
7971,7979,7709,7930,7972,7710,7924,8041,7899,7973,8002,-1
7944,7972,7930,7984,7986,7925,7985,7929,7973,8207,-1,-1
7964,8185,8000,7983,7824,7920,8001,7821,8536,-1,-1,-1
8186,7920,8185,8187,8028,7982,151,8310,8154,7824,7919,8000
7985,7989,7986,7944,7990,7981,8207,8212,8193,-1,-1,-1
7984,8207,8193,7990,7944,7943,8114,7989,7981,7929,7926,-1
7984,8212,7973,8143,7989,7972,7981,7944,-1,-1,-1,-1
7748,8298,8027,7885,8026,7886,8023,7750,7820,8044,7839,7902
8006,8004,8007,7939,8005,7938,8350,7783,-1,-1,-1,-1
8212,7990,7984,8152,8192,7986,7985,8208,8143,-1,-1,-1
7989,7985,8193,8192,8190,7984,8191,8216,8152,-1,-1,-1
7992,8250,8294,8140,8057,7755,8232,8139,7733,-1,-1,-1
7991,7946,8251,8057,7755,8250,8058,8059,8294,8140,8061,7680
8362,7892,7976,7994,8142,8625,8363,7951,8141,7974,7977,-1
8625,7892,7799,8362,7993,7977,7891,8363,7951,8266,7800,7976
7932,7841,7997,7931,8383,7813,8712,8385,7812,7996,7658,-1
7812,8089,7932,7998,7931,7814,7691,7746,7995,-1,-1,-1
8385,8712,7995,8383,7931,8384,8381,7932,7841,-1,-1,-1
7996,7999,7744,7931,8089,7746,8712,7745,-1,-1,-1,-1
8380,8712,7745,7998,7744,8381,7931,8278,8204,-1,-1,-1
8536,8001,8185,7982,8049,7964,8154,8017,7965,7983,-1,-1
8000,7965,7964,8049,8056,7982,8536,8185,7771,-1,-1,-1
7709,7761,7522,7979,7593,7521,7710,7540,7308,7980,7924,-1
7545,7922,7795,7544,7636,7767,7740,8010,7796,-1,-1,-1
8039,8129,8130,8007,7988,8005,7868,8006,-1,-1,-1,-1
7868,7783,7988,8004,8039,7939,8024,8040,-1,-1,-1,-1
8350,8159,8007,7988,7938,8157,7918,8156,8004,7791,8163,-1
8006,8156,8130,8004,7988,8157,8159,8602,8158,8129,-1,-1
8073,7859,7729,8074,8009,7897,7730,8075,-1,-1,-1,-1
8074,7896,8015,8008,7730,8167,8073,8337,8075,-1,-1,-1
8338,7795,7882,7922,7880,7923,7796,8033,8003,8265,7788,-1
979,8020,977,8019,8021,982,8275,8228,973,8540,-1,-1
7949,8148,7940,8322,8014,8013,7941,7966,8198,7875,-1,-1
8200,8014,7949,7948,8199,8198,8012,8213,8214,7941,-1,-1
8198,8013,8012,7949,8148,8199,8200,8288,8289,7948,7940,-1
7895,8167,8009,8189,8188,7896,8074,-1,-1,-1,-1,-1
8018,8045,7864,8069,8046,7865,8051,7975,7974,-1,-1,-1
8051,8536,8049,8048,7865,8050,7723,8018,8000,-1,-1,-1
8051,8016,8048,8069,8270,7865,8045,8017,7864,8050,-1,-1
8229,8011,977,8228,973,8020,7959,979,971,7906,-1,-1
8011,8275,8228,8540,8019,8021,979,977,8345,8229,8376,982
982,8275,8011,979,985,8020,8276,8086,987,8345,8197,-1
8023,8249,8330,7855,7839,8303,8298,8180,7856,7749,8044,-1
8249,8298,8022,8044,7839,8180,8026,8330,7987,8303,8027,-1
8040,7783,7683,7739,7868,7572,8005,7804,-1,-1,-1,-1
840,6235,838,6234,841,6349,6269,843,836,6268,6417,6267
7748,7987,7839,8298,7750,7728,8023,7885,7820,8027,-1,-1
7886,7902,7987,8298,8044,7885,7887,8072,7879,8023,7748,8026
8186,8310,7919,7920,7983,8164,151,8187,7822,8281,150,7918
8031,8053,8080,8030,7937,7936,8166,8112,-1,-1,-1,-1
7936,8123,8053,8054,8052,8029,8055,7937,8061,7917,-1,-1
8112,7937,8080,8029,7958,8081,8035,7936,7871,8166,-1,-1
7881,8033,8131,8132,7880,7954,7883,8338,8586,8133,-1,-1
8338,8133,8131,8032,8265,7880,8010,8237,7923,7881,-1,-1
7970,8085,8037,8083,7969,7968,8084,7829,8082,8036,-1,-1
7829,8112,8081,7969,7830,8036,7958,7970,7828,8031,8080,8126
7969,8126,8081,8037,8211,8035,7829,8082,8112,8128,7970,8127
8082,8036,7969,8034,8084,8211,7970,8126,8085,8209,8245,-1
7853,7773,7719,7802,7689,8232,7950,7874,7941,8294,-1,-1
7868,8004,8129,7869,8107,8005,8145,8040,8130,7804,-1,-1
7868,7683,8024,7804,7656,7869,8005,7572,8039,7783,7569,7867
7899,7660,7971,7777,7710,7585,7980,7411,7898,7973,7422,7709
8071,8072,7900,7913,8178,8043,8070,7902,7901,8205,8174,-1
8070,8071,8072,7902,8180,8044,8042,8176,8249,-1,-1,-1
7902,8023,8249,8180,8298,8027,8043,8072,7987,8022,8176,-1
7974,8069,8016,8046,8047,8018,7951,7976,8286,7864,-1,-1
7975,8045,7974,7951,8016,7952,7864,7935,8069,-1,-1,-1
8141,8045,7974,8286,8069,7976,8285,8297,-1,-1,-1,-1
8050,8051,8018,8270,8155,8017,8153,8536,7865,8069,8154,-1
8001,8000,7723,8017,7722,8536,8056,-1,-1,-1,-1,-1
8048,8154,8153,8536,8017,8155,8051,8374,8185,8270,8018,-1
8017,8018,7865,8048,8050,8016,7723,8270,8536,8069,-1,-1
8061,7917,8054,7936,8030,8058,8137,7915,8123,7916,-1,-1
8125,8055,8030,8029,8123,8166,8340,8306,8122,8054,-1,-1
8123,8061,8137,8052,8030,8138,8122,8058,7936,8139,8055,8053
8340,8123,8122,8125,8053,8124,8481,8030,8414,8138,8054,-1
7722,7763,7965,8001,7678,8049,7674,7677,-1,-1,-1,-1
8137,8139,8061,7991,7992,8058,8140,7946,8262,8054,-1,-1
8061,7946,7916,8057,8052,7917,7992,8137,8059,8054,8251,-1
7946,7945,7914,8251,7916,7947,7680,8058,7872,7992,7731,7732
7967,7888,7878,7912,7876,8146,8357,-1,-1,-1,-1,-1
8137,8058,8054,8052,8057,8139,8138,7917,7946,8030,7916,8123
8335,8064,8638,8333,8409,7955,8182,8063,8334,7769,81,79
79,8064,76,81,8182,8119,8638,85,8062,7838,8408,73
8063,8638,8062,79,8182,81,85,7838,76,8119,8335,89
990,8197,992,8066,8092,8067,8086,8090,987,995,8068,8346
987,990,8086,8065,992,985,8197,995,982,8067,-1,-1
8068,8091,997,995,8090,992,8065,8093,999,1000,8092,990
997,995,8067,999,8091,992,1000,8093,8065,990,8090,1002
8045,8018,8286,8270,8016,8047,7974,8048,8046,8271,8051,-1
8071,8177,8043,8176,8205,8179,8311,8180,8042,8178,8714,-1
8070,8042,8178,8205,8043,8072,8177,7913,8179,-1,-1,-1
7902,7900,8042,7887,8043,8071,8027,8357,8044,7913,7886,-1
8075,7897,8208,8008,8074,7859,8337,8218,8143,8009,-1,-1
8075,8337,8009,8073,8008,8167,8218,8208,8015,8259,-1,-1
8073,8218,8337,8074,8208,8152,8008,7897,8167,8259,8217,8212
8103,8484,8077,8160,8101,7889,8287,8100,7861,8078,-1,-1
8287,8078,8076,7889,8484,8227,8102,8252,8103,8079,8255,-1
8077,8079,8255,7889,8227,8287,8253,7962,7890,8076,-1,-1
7962,8078,8255,7890,7889,8097,8341,7836,8077,8253,8227,7860
8031,8128,8112,8081,8166,8029,8126,8269,8035,7937,7958,-1
8126,8112,8036,8128,8080,8035,8031,7969,8127,8211,-1,-1
8209,8037,8245,8084,8211,8246,8036,8210,8034,8267,-1,-1
8085,7968,8160,8100,8161,8034,7970,8101,8162,-1,-1,-1
8082,8085,8162,8037,8245,8210,8034,8267,8209,-1,-1,-1
8162,8083,8034,8084,8161,8220,8037,7968,8210,8160,-1,-1
987,8197,985,8066,8065,8276,990,8021,982,8092,992,8346
7907,8224,7908,8290,8088,7816,7780,8222,8121,7906,8376,7781
7907,8376,8229,8228,7906,8087,8290,8377,7908,-1,-1,-1
7746,7996,7747,7647,7814,7998,7812,7648,7744,7565,-1,-1
8092,8447,8067,8093,8426,8065,8091,8197,8346,997,8068,8400
999,8093,997,1000,8067,8068,1002,995,8090,8447,992,8400
8090,8197,8346,8065,8426,8447,8067,8086,8371,8276,8093,8344
8091,8447,1000,8090,1002,8400,999,8067,8359,997,8068,1004
7910,8203,8106,8095,8146,7912,8147,7901,8096,7911,-1,-1
8106,8096,8104,7910,8094,8105,7911,8203,8116,8201,-1,-1
8095,7911,8175,8116,7910,8105,8117,8106,8104,8094,8151,7913
8341,7962,8189,8255,7895,7847,8079,7836,8253,7854,-1,-1
7765,7340,7740,7339,7427,7766,7545,8099,7426,7309,7299,-1
7765,7770,7801,7766,7661,7427,8098,7740,7957,7768,7953,-1
7968,7861,8160,8103,7831,8083,8076,7970,7828,7860,-1,-1
8160,8219,8484,8319,8076,8161,8370,8083,8102,8103,-1,-1
8287,8318,8484,8317,8252,8319,8077,8653,8441,8101,8355,8227
8076,7861,8100,7889,7860,8160,8077,7831,8101,8484,-1,-1
8106,8551,8095,8457,8105,8201,8203,8096,8498,8115,8194,-1
8117,8104,8116,8551,8115,8096,8095,8106,8169,-1,-1,-1
8203,8095,8104,8201,8094,8202,7910,8147,8105,8096,8457,-1
7869,8184,8145,8129,8039,7921,7867,8110,7868,8196,-1,-1
8385,8348,8109,8383,8111,8389,7921,8110,-1,-1,-1,-1
8110,8348,8108,8241,8234,7921,8195,8184,8389,8347,-1,-1
8109,8184,8195,8234,7921,8196,8348,8241,8107,8108,8145,-1
7867,8383,7841,7805,8108,7921,8385,7869,-1,-1,-1,-1
8031,8081,8035,8080,7958,8128,7937,8036,7830,8029,7829,8126
8114,861,858,863,8191,7942,8193,7943,855,866,-1,-1
8113,8193,7943,7942,8191,858,8207,861,7985,863,855,7926
8170,8117,8168,8551,8118,8169,8105,957,955,960,954,8116
8117,8096,8151,8175,8150,8105,8169,8174,7911,8115,8095,-1
8169,8116,8115,8105,8150,8168,8366,8170,8551,8096,8151,960
8170,8194,954,8551,955,952,8115,957,8457,950,8168,8444
76,73,8408,8063,8182,79,8183,8064,69,8181,81,-1
7857,8173,8172,7856,7818,8165,8171,7815,8283,-1,-1,-1
8165,8224,7815,7816,8215,8225,7857,8222,8087,8172,7664,-1
8138,8123,8124,8055,8134,8340,8054,8135,8136,8137,8053,-1
8054,8055,8122,8030,8053,8138,8137,8052,8124,8340,8125,8061
8122,8340,8481,8549,8055,8136,8134,8123,8138,8125,-1,-1
8306,8340,8053,8055,8414,8166,8481,8304,8269,8123,8124,-1
8081,8127,8036,8211,8128,8247,8080,8269,8037,8112,7969,8035
8126,8247,8128,8269,8305,8211,8081,8209,8036,8244,-1,-1
8126,8080,8269,8081,8127,8166,8112,8306,8036,8211,8305,-1
8145,8130,8039,8004,8107,8144,8184,8602,8196,7869,8007,-1
8602,8129,8156,8007,8004,8144,8145,8039,8248,8292,-1,-1
8586,8133,8033,8032,8132,8236,8237,8238,8265,-1,-1,-1
8334,8586,8131,8333,8032,8238,7954,8335,8451,-1,-1,-1
8237,8265,8131,8033,8236,8266,8386,8338,8586,8032,-1,-1
8135,8122,8136,8213,8138,8124,8214,8262,8200,-1,-1,-1
8262,8139,8138,8134,8214,8137,8122,8277,8213,8140,-1,-1
8549,8479,8213,8124,8134,8538,8481,8122,-1,-1,-1,-1
8061,8139,8138,8054,8057,8135,8058,8052,8123,8262,8122,8140
8122,8137,8135,8054,8139,8123,8134,8061,8262,8055,8124,-1
8137,8262,8135,8057,8138,8140,8061,8277,8214,8054,7991,-1
7991,8262,8139,8277,8294,8232,8057,8135,8250,8137,7992,-1
8458,8047,7976,8285,8142,8361,7993,7974,8564,8286,-1,-1
7993,8362,8361,8141,7976,8458,8363,8365,8364,7892,-1,-1
8212,7898,7973,7897,8208,7986,8073,7899,7989,8152,7778,-1
8602,8145,8196,8292,8130,8129,8293,8156,8184,8248,-1,-1
8129,8184,8196,8107,8144,8195,8130,8039,8110,-1,-1,-1
8147,8094,7966,7912,7967,8203,8060,-1,-1,-1,-1,-1
8203,7966,8149,8202,8146,8094,8106,8495,8148,8201,8322,-1
8012,8149,8014,8288,8198,7966,8322,7949,8147,8495,7940,-1
8147,8495,8148,8202,8288,7966,8203,8198,8322,8396,-1,-1
8117,8169,8557,8366,8116,8425,8151,8168,964,962,-1,-1
8425,8174,8116,8175,8150,8291,8117,8424,8096,8557,-1,-1
8218,8192,8212,7989,8208,8217,8075,8216,7990,8143,-1,-1
8374,142,8155,138,8050,8154,145,136,148,8048,8187,8272
8374,8185,8050,8153,8187,8536,148,145,8000,7983,142,8048
8153,8272,136,8270,138,8048,8271,8050,142,132,8374,8477
8602,8158,8130,8007,8157,8248,8332,8006,8292,8144,-1,-1
8159,8158,8156,8006,8007,8163,8282,8350,-1,-1,-1,-1
8156,8332,8282,8248,8157,8602,8387,8406,8007,-1,-1,-1
8350,8163,8006,8157,7918,7791,7919,8007,7938,-1,-1,-1
8101,8100,8083,8076,8103,8161,8484,7968,7861,8219,8085,-1
8085,8219,8083,8220,8101,8160,8162,8539,-1,-1,-1,-1
8220,8085,8210,8084,8268,8161,8539,8267,8245,8219,8083,-1
8159,8164,8280,7918,8157,7919,8282,8350,8281,8006,-1,-1
8310,8281,7919,8163,8028,8280,8186,7918,8446,150,151,8309
8172,8121,8225,7857,7815,8120,8215,8173,7816,8284,8224,-1
8306,8080,8125,8128,8269,8053,8029,8304,8031,-1,-1,-1
8337,8015,8188,8074,8259,8231,8009,8075,-1,-1,-1,-1
960,957,8169,8170,8115,962,955,8117,8366,964,8118,954
8168,8117,8366,962,8150,960,8115,964,957,8170,8557,8116
955,957,8118,8115,954,8168,960,8551,952,8169,8194,8117
8173,8303,8311,8283,7856,8120,8176,8714,8172,8180,-1,-1
8173,8225,8165,8284,8120,8283,7857,8121,8171,8215,8223,-1
8172,8283,8120,8171,8284,8311,8225,8165,8430,8714,7856,-1
8175,8178,8291,8151,7913,7911,8116,8205,8042,8096,-1,-1
8174,7911,8096,8151,8116,7913,8178,7910,8291,-1,-1,-1
8180,8311,8070,8177,8303,8171,8043,8249,8714,8283,8044,-1
8070,8714,8179,8323,8311,8176,8205,8071,8324,8283,8430,-1
8174,8071,8205,7913,8042,8291,8175,8070,8339,-1,-1,-1
8324,8205,8323,8177,8339,8070,8714,8398,8300,8071,-1,-1
8249,8176,8044,8043,8303,8023,8070,8311,8022,8171,7902,-1
8408,8531,8409,8182,8475,73,8451,8183,8119,8535,69,76
8063,8064,8408,76,8119,8181,8409,8062,73,79,8335,81
69,73,8408,66,8475,8119,8632,76,8181,59,8182,8595
8110,8145,8195,8107,8196,7921,8109,8129,8234,7869,8144,-1
8154,8000,7983,7982,8187,8536,8374,8186,8050,8001,7920,-1
151,8028,8310,7983,8187,150,148,7920,8164,8281,8185,7919
8186,148,8374,7983,8154,8185,151,145,150,8028,8310,8153
8231,8253,8189,8230,8015,8167,8255,8254,7895,-1,-1,-1
8253,8097,8188,7895,8255,8015,8230,7847,-1,-1,-1,-1
8263,8216,8192,7990,8191,8264,8193,868,866,-1,-1,-1
863,8113,866,8114,8193,8263,8190,861,868,7990,-1,-1
8216,8152,7989,7990,8190,8217,8296,8212,8218,8264,-1,-1
8114,7985,7990,8191,8207,7943,8113,8190,7984,7942,-1,-1
8118,8444,952,8457,950,8551,954,949,8498,8170,8581,955
8110,8196,8184,8234,8233,8145,8109,8235,8293,-1,-1,-1
8195,8145,8144,8293,8184,8233,8110,8129,8292,8107,8234,-1
8092,8086,8346,8276,8065,8090,8066,987,8344,990,8426,8021
8014,8288,8289,8148,8199,8013,8012,8520,8494,8149,-1,-1
8013,8200,8198,8479,8289,8014,8213,8478,-1,-1,-1,-1
8013,8213,8214,7948,8199,8014,7949,8479,8134,-1,-1,-1
8202,8106,8457,8104,8498,8203,8396,8495,8147,8095,8551,-1
8495,8201,8149,8203,8147,8396,8106,8498,8288,7966,-1,-1
8147,8106,8094,8202,8201,8146,8095,8149,7966,8104,-1,-1
8380,182,184,8321,8278,7734,7745,186,8320,179,8500,7999
8179,8071,8178,8339,8070,8177,8291,8324,8042,8174,8323,-1
7863,7790,7772,7714,7797,7738,7653,7741,7588,7692,-1,-1
7943,7985,7926,7944,7929,8193,8114,7942,7984,7927,7981,-1
8075,8212,8073,8152,8143,8218,7897,8074,8337,7989,-1,-1
8246,8082,8244,8211,8247,8245,8314,911,913,8037,8127,909
8267,8162,8268,8245,907,8084,906,904,909,8220,8539,8085
8126,8209,8082,8036,8127,8037,8247,8244,8081,8128,8246,-1
7989,8208,8143,8152,7986,7984,8192,7973,8218,7897,8075,-1
8200,8479,8136,8134,8214,8199,8013,8135,-1,-1,-1,-1
8135,8200,8262,7948,8213,8277,8134,8013,8139,-1,-1,-1
8225,8222,8221,8121,8224,8226,8223,8165,8172,-1,-1,-1
8296,8192,8264,8217,8190,8263,8152,8329,8327,7990,8295,-1
8218,8296,8216,8152,8327,8192,8259,8337,8329,8075,8264,-1
8075,8337,8217,8152,8208,8259,8074,8073,8192,8212,8327,-1
8370,8101,8369,8220,8161,8319,8539,8404,8653,8403,8160,8162
8539,8162,8369,8219,8161,8268,8401,8085,8370,8210,8403,-1
8226,8258,8223,8279,8215,8222,8225,8256,8342,8453,-1,-1
8226,8224,8290,8342,8215,8221,8087,8121,8377,-1,-1,-1
8221,8225,8258,8257,8284,8256,8215,8172,8226,8279,-1,-1
8222,8121,8087,7816,8290,8215,7908,8165,-1,-1,-1,-1
8172,8215,8284,8223,8165,8121,8221,8173,-1,-1,-1,-1
8221,8222,8342,8279,8453,8215,8258,8290,8510,8223,-1,-1
8252,8078,8287,8253,8230,8255,8077,8254,8441,8079,8102,-1
8229,8376,8020,8540,8019,8088,8011,8377,7906,8275,7959,-1
8228,7906,8019,7959,8088,7907,8376,973,8020,7905,-1,-1
8253,8254,8188,8231,8227,8255,8260,8189,8252,8441,-1,-1
8260,8188,8230,8259,8167,8254,8253,8327,8728,8337,-1,-1
8294,7950,7773,8277,8140,8038,7853,7991,8262,-1,-1,-1
8195,8235,8242,8196,8240,8293,8234,8496,-1,-1,-1,-1
8195,8235,8241,8110,8109,8243,8233,8348,8184,8196,-1,-1
8240,8243,8234,8233,8239,8474,8195,8242,8241,-1,-1,-1
8237,8586,8133,8468,8386,8491,8131,8266,8238,8526,-1,-1
8133,8236,8266,8386,8491,8265,8131,8363,8625,8586,8033,8468
8586,8334,8451,8469,8468,8132,8131,8236,8335,8598,8409,-1
8472,8474,8235,8243,8240,8473,8411,8507,-1,-1,-1,-1
8235,8474,8242,8460,8239,8233,8243,8496,8466,8473,-1,-1
8348,8234,8243,8347,8109,8349,8235,8110,8389,-1,-1,-1
8496,8240,8460,8233,8440,8293,8379,8235,8474,-1,-1,-1
8235,8241,8349,8239,8411,8234,8240,8472,-1,-1,-1,-1
8314,8247,913,8209,915,8246,8307,911,917,8315,8211,8305
8267,8246,8082,8210,8209,909,8084,907,911,8314,906,8037
8314,911,8209,8245,913,909,8244,8267,8082,907,915,8247
8244,8127,8209,8305,8211,8307,8314,8126,8246,915,8269,913
8602,8378,8387,8158,8332,8292,8156,8407,8130,8144,8379,-1
8023,8180,8022,8303,8044,8298,8176,7839,7855,8043,-1,-1
7755,7991,8294,7733,7579,7992,7679,8251,7773,8140,7578,-1
7946,8059,7680,7755,7992,7947,7679,7945,8250,7916,7602,8058
8441,8287,8317,8227,8102,8254,8336,8077,8230,8318,8484,-1
8230,8255,8189,8188,8227,8254,8078,8231,8097,8079,-1,-1
8230,8441,8328,8252,8260,8231,8227,8253,8336,8188,8317,-1
8253,8079,8078,8097,8189,8227,7962,8230,8188,8077,-1,-1
8258,8353,8257,8273,8223,8274,8299,8221,8279,-1,-1,-1
8430,8256,8300,8284,8223,8273,8258,-1,-1,-1,-1,-1
8256,8221,8279,8223,8274,8226,8353,8257,8352,-1,-1,-1
8337,8327,8231,8218,8167,8260,8217,8075,8296,8728,8074,-1
8231,8728,8327,8328,8259,8254,8230,8329,8326,-1,-1,-1
7591,7182,7258,7639,7259,7257,7552,7230,7478,7424,7181,7156
8277,8135,8139,8140,8214,7948,8137,8138,8057,8232,8134,-1
868,8190,866,870,8264,8191,8216,863,872,-1,-1,-1
8216,8296,8295,870,872,8263,8329,8190,868,876,8217,8192
8338,8133,7923,8266,8033,7891,8237,8625,8010,8131,7800,-1
8237,8625,8133,8386,8265,7891,8363,8236,8362,7994,-1,-1
907,8210,909,8245,906,8246,911,904,8268,8084,8162,8082
8539,904,8210,902,8401,906,8220,8162,8267,900,907,8369
8306,8128,8304,8127,8305,8166,8126,8125,8080,8247,8308,-1
8069,8155,8018,8048,8271,8286,8272,8051,8050,-1,-1,-1
8272,8297,8477,8286,8476,8270,8155,136,132,8529,8069,-1
136,8271,8477,132,8155,138,8476,128,8270,8529,142,8153
8299,8300,8302,8256,8257,8353,8325,8301,8312,-1,-1,-1
8353,8258,8352,8279,8351,8256,8437,8301,-1,-1,-1,-1
8345,8020,8021,8276,8540,8011,8541,8344,8228,982,979,8086
8197,8275,8345,8086,8344,8346,8021,8092,-1,-1,-1,-1
8262,7950,7948,8232,8140,8214,8135,8139,7941,-1,-1,-1
8380,8321,8500,8381,8382,8204,182,8320,179,7745,7999,8392
8258,8352,8221,8453,8226,8274,8642,8256,8342,8223,-1,-1
8446,8281,8282,8164,8163,8356,8309,8310,8445,8406,-1,-1
8309,8310,147,8446,150,8164,8280,143,151,8445,8028,8186
8158,8280,8332,8406,8356,8157,8163,8446,-1,-1,-1,-1
8173,8714,8311,8430,8284,8171,8172,8323,8176,8177,8120,-1
8172,8225,8430,8173,8283,8257,8223,8714,8165,-1,-1,-1
8297,8141,8564,8458,8286,8047,8527,8476,-1,-1,-1,-1
8297,8069,8271,8047,8270,8285,8045,8476,8141,-1,-1,-1
8077,8252,8102,8484,8227,8078,8076,8317,8441,8319,8318,-1
8198,8495,8520,8149,8148,8289,8014,8494,8202,8396,-1,-1
8494,8198,8288,8520,8199,8478,8546,8548,8014,-1,-1,-1
8222,8376,8087,8377,8342,8224,8088,8226,7907,-1,-1,-1
8174,8339,8424,8151,8178,8425,8205,8175,-1,-1,-1,-1
8378,8602,8293,8248,8379,8144,8496,8387,8407,8156,8196,8130
8496,8292,8196,8242,8379,8144,8233,8378,8602,8440,8195,-1
7991,8250,8232,7773,7733,8140,7579,7992,8038,7644,-1,-1
876,8329,872,8264,8326,877,8296,8728,870,8327,8331,8216
8329,8216,8327,8217,8264,8295,8728,8192,8259,872,-1,-1
8476,8285,8286,8271,8527,8477,8528,8564,8272,8529,8047,-1
8023,7987,8026,8044,8027,7839,8249,7748,8022,7902,7885,7886
8301,8312,8302,8353,8273,8313,8325,8256,8421,8423,8437,-1
8323,8430,8273,8325,8324,8257,8714,8302,8179,-1,-1,-1
8299,8312,8421,8353,8437,8423,8302,8273,8274,8313,-1,-1
8325,8299,8313,8312,8343,8273,8423,8301,8300,8398,8397,8353
8249,8171,8022,8180,7856,7855,8176,8023,8311,-1,-1,-1
8306,8395,8308,8269,8305,8414,8393,8125,8166,-1,-1,-1
8269,8127,8304,8247,8307,8308,8360,8306,8244,8128,-1,-1
8125,8304,8269,8414,8166,8395,8340,8128,8053,8305,-1,-1
8315,917,919,915,8305,8360,8244,8247,8308,920,8314,913
8360,8304,8394,8395,8305,8393,8307,920,922,919,8443,8269
143,8446,147,8281,8445,141,150,8280,8310,137,8356,151
151,8186,8281,150,8028,8164,147,8309,7919,8187,7983,8280
8714,8176,8283,8177,8171,8173,8070,8323,8430,8180,8303,-1
8423,8299,8301,8313,8302,8421,8422,8353,8397,8431,8273,8343
8397,8302,8423,8312,8343,8431,8530,8299,8325,8432,8301,-1
913,8244,8246,911,915,8209,909,8247,917,8315,8245,8307
917,919,915,8307,920,8360,913,8244,8314,-1,-1,-1
7433,7539,7810,8358,7432,7827,7849,7369,7435,7851,7826,7809
8318,8441,8336,8102,8252,8355,8287,8439,8354,8653,8319,8254
8653,8317,8439,8102,8355,8319,8370,8743,8336,8404,8252,8484
8370,8653,8484,8102,8101,8318,8219,8404,8287,8439,8317,8369
179,177,8321,182,8500,8416,175,8505,8204,8278,184,-1
8320,179,8500,182,8278,8204,177,8416,8380,184,8382,8505
7966,8012,7940,7967,7875,8148,7949,7874,8149,8147,-1,-1
8714,8179,8300,8324,8430,8177,8311,8283,8325,8205,-1,-1
8179,8325,8323,8398,8339,8300,8205,8177,8714,8343,-1,-1
8302,8324,8300,8398,8343,8273,8313,8299,8323,-1,-1,-1
8331,8728,876,8295,877,8329,8556,8328,879,872,8327,8448
8296,8329,8259,8728,8260,8217,8295,8231,8218,8216,8326,8337
8556,8728,8441,8336,8260,8254,8326,8331,8354,-1,-1,-1
8295,8296,8728,8327,8326,8264,876,872,8216,8260,8217,877
7749,8022,7855,7756,7839,8023,7614,7819,-1,-1,-1,-1
879,8556,877,8326,8448,881,876,8354,8328,8295,8449,8728
8406,8387,8158,8248,8282,8405,8378,8356,8533,8407,8156,-1
8335,7955,8334,7954,8062,8132,8409,7793,-1,-1,-1,-1
8335,8451,8238,8333,8132,8409,8062,8586,8469,-1,-1,-1
8062,8334,8333,8409,8451,7955,8064,8182,8132,8238,8638,8181
8354,8441,8317,8556,8355,8328,8697,8252,8318,8448,8254,8331
8075,8218,8074,8259,8167,8073,8217,8208,8009,8231,8327,-1
8010,8033,8265,7923,7880,8133,7795,7882,8032,7796,-1,-1
8179,8398,8291,8324,8205,8424,8178,-1,-1,-1,-1,-1
8481,8055,8125,8414,8124,8549,8122,8306,8053,8413,8123,8395
7962,7854,7836,7847,8097,7835,7895,8079,7890,7834,7626,7845
8226,8377,8222,8510,8290,8453,8376,8541,8279,8221,-1,-1
8313,8530,8398,8302,8399,8325,8397,8432,8312,8324,8423,-1
8346,8345,8372,8470,8371,8276,8197,8541,8275,8373,8092,8452
8275,8541,8372,8344,8540,8276,8020,8510,8470,8346,8377,8021
8092,8197,8344,8371,8426,8276,8090,8065,8470,8345,8086,-1
8348,8415,8241,8349,8389,8367,8109,8392,-1,-1,-1,-1
8109,8389,8241,8347,8108,8385,8415,8110,8234,-1,-1,-1
8347,8243,8411,8368,8241,8367,-1,-1,-1,-1,-1,-1
8159,7918,8006,7791,7938,7823,8163,7988,8157,7822,7919,-1
8434,8435,8352,8437,8274,8436,8642,8574,8438,-1,-1,-1
8642,8279,8351,8435,8274,8453,8258,8452,-1,-1,-1,-1
8299,8301,8256,8274,8273,8437,8312,8258,8302,-1,-1,-1
8697,8336,8556,8355,8448,8449,8331,8513,8317,8480,8439,8328
8439,8354,8697,8318,8336,8317,8480,8513,8653,8743,8556,8449
8487,8446,8406,8445,8280,8282,8533,8309,8616,8332,8281,8614
7888,7900,7901,7912,7887,8072,8060,7879,7910,-1,-1,-1
7811,8316,7432,7849,7810,7809,837,839,7433,7850,835,842
1004,8400,8558,1006,1002,8093,8450,1000,8447,8523,8428,1007
920,919,8308,8394,922,8307,8315,917,924,8393,8305,8443
8364,8458,8142,8365,8454,8141,8456,8564,8455,8363,-1,-1
7993,8363,8625,7994,8142,7892,7976,8266,8365,8386,7891,-1
8362,8386,8625,8365,8266,8142,7993,8237,7994,8491,8361,-1
8361,8456,8365,8455,8454,8659,8458,8142,8486,-1,-1,-1
8363,8364,8361,8386,8455,8491,8142,8362,8456,-1,-1,-1
964,8557,8169,962,966,8150,8168,960,8493,967,8117,8425
8391,8392,8347,8390,8349,8368,8415,-1,-1,-1,-1,-1
8390,8412,8349,8411,8367,8410,8391,8507,8508,-1,-1,-1
8403,8539,8370,8404,8220,8219,8401,8402,898,896,8268,8653
8404,8219,8653,8319,8369,8403,8402,8101,8743,8318,8220,8439
8373,8346,8426,8470,8344,8419,8092,8420,-1,-1,-1,-1
8541,8452,8470,8345,8344,8510,8540,8377,8417,-1,-1,-1
8418,8420,8371,8470,8417,8419,8438,8471,8344,8426,-1,-1
145,148,8153,8154,142,8187,138,8050,151,8185,8155,8186
7465,7356,7437,7589,7357,7354,7798,7536,7467,7360,7534,-1
8377,8228,8088,8290,8540,8541,8229,8342,8020,8087,-1,-1
8376,8541,8342,8510,8540,8290,8228,8372,8222,8088,8345,8453
8387,8292,8407,8379,8248,8602,8332,8643,8405,8496,8293,-1
8496,8378,8643,8292,8407,8440,8293,8242,8387,8461,8248,-1
8278,7999,7745,8381,8204,8321,8712,7734,7744,8382,8500,-1
8380,8712,8278,8384,8382,7999,7997,7745,8204,8500,-1,-1
8278,8392,8381,8415,8500,8384,8380,8321,8416,8389,-1,-1
8385,8111,7997,7995,7841,8108,7805,-1,-1,-1,-1,-1
8385,8381,8382,8389,7997,8712,8415,8278,-1,-1,-1,-1
8383,8389,7997,8384,8108,8348,7995,8111,8712,8415,-1,-1
8237,8491,8363,8266,8236,8365,8625,8133,8362,8455,8526,8468
8378,8332,8407,8405,8248,8406,8292,8379,8158,8517,-1,-1
7045,7115,7114,7136,7063,7039,7140,7099,7044,7116,6949,7118
8348,8385,8415,8347,8384,8108,8109,8241,8382,-1,-1,-1
8391,8503,8504,8368,8410,8367,169,166,8392,8505,8412,8416
8392,8504,8390,8416,8367,8505,8500,8503,172,8368,8415,175
8391,8500,8415,8382,8416,8367,8504,8505,8278,8390,8321,8347
8395,8443,8394,8442,8413,8308,924,926,8414,922,8304,8360
922,8443,8393,924,8360,8308,920,926,8395,8442,919,-1
8393,8414,8304,8308,8413,8394,8306,8443,8481,8442,8340,-1
8495,8498,8499,8497,8202,8201,8520,8457,8288,8149,-1,-1
8313,8432,8431,8530,8423,975,8343,976,974,8312,978,972
8339,8343,8324,8424,8399,8325,8530,8179,8302,-1,-1,-1
8530,8424,8488,8398,8343,8433,8432,8425,8397,-1,-1,-1
8359,8447,8558,8093,8450,1004,8428,1002,1006,1000,8523,8091
8539,900,898,902,8403,8369,8268,904,8220,896,8404,8402
896,894,8404,8743,8403,893,8653,8370,898,8369,8439,8480
896,8369,8402,898,8404,8401,894,8539,8370,900,8743,8653
8402,8370,8653,8403,8743,8369,896,894,8439,8219,8319,898
8387,8532,8406,8407,8533,8332,8517,8378,-1,-1,-1,-1
8332,8356,8533,8405,8282,8487,8387,8158,8446,8280,-1,-1
8378,8387,8517,8643,8379,8405,8248,8292,8532,8332,8465,-1
73,8183,8181,8119,8182,8475,69,76,8063,8409,8531,66
8335,8451,8181,8334,8182,8062,8531,8408,8064,8333,8238,8469
8503,8508,8509,8390,8412,8368,163,161,166,-1,-1,-1
8472,8507,8349,8412,8368,8243,8239,-1,-1,-1,-1,-1
8508,8507,8368,8410,8506,8411,8509,8472,8568,8390,-1,-1
8481,8549,8552,8442,8393,8395,8414,8538,8340,8443,8663,-1
8395,8340,8481,8306,8125,8304,8413,8393,8055,8549,8308,-1
8392,8389,8382,8347,8367,8384,8348,8391,8385,8500,-1,-1
8505,8500,177,8391,8392,8504,179,175,8320,8321,172,8382
8418,8438,8642,8470,8452,8435,8373,8420,8372,8471,-1,-1
8438,8420,8373,8417,8471,8435,8470,8436,8429,8419,-1,-1
8420,8428,8373,8427,8371,8426,8429,8418,8447,8450,-1,-1
8418,8429,8373,8419,8471,8438,8427,8490,8417,8371,-1,-1
8301,8634,8422,8312,8437,8423,8592,981,980,8299,983,8434
980,978,8423,981,8634,8421,8431,976,983,8312,8397,-1
8431,8312,8313,8422,8397,8421,978,976,980,8301,8302,8299
8399,8425,8398,8291,8488,8339,8151,-1,-1,-1,-1,-1
8151,8424,8488,8557,8150,8291,8493,8399,8366,-1,-1,-1
8447,8092,8371,8428,8090,8346,8419,8197,8093,8400,8373,-1
8450,8512,8428,8522,8429,8419,8523,8489,8420,8558,1001,1003
8447,8450,8427,8419,8400,8426,8558,8359,8093,8522,8090,-1
8420,8489,8427,8512,8490,8471,8419,996,8418,998,994,8522
8714,8283,8257,8300,8323,8284,8311,8173,8177,-1,-1,-1
976,978,8423,8397,975,8422,980,8313,8432,974,8312,8530
974,972,8530,8397,975,8433,970,976,8431,8399,8343,8313
970,972,969,8488,8530,8432,8493,8399,974,967,8397,8557
8574,8351,8437,8592,8436,8591,8435,8421,-1,-1,-1,-1
8438,8642,8351,8352,8436,8417,8418,8434,8452,-1,-1,-1
8574,8438,8435,8434,8351,8471,8511,8591,8418,8664,-1,-1
8301,8434,8351,8421,8353,8274,8592,8299,-1,-1,-1,-1
8418,8435,8436,8417,8471,8420,8642,8373,8511,8351,8574,-1
8355,8653,8743,8318,8480,8697,8404,8317,8402,893,8513,891
8496,8461,8460,8242,8643,8379,8462,8293,8463,-1,-1,-1
8336,8252,8317,8254,8328,8556,8102,8227,8230,8354,8355,8287
8443,8663,928,926,8393,8552,8413,931,924,8394,8569,8395
924,926,8394,8393,8442,922,928,8395,8663,8360,8308,920
8581,8194,8498,949,950,8457,8497,947,952,8519,8118,946
141,8309,8446,8616,137,8487,143,8356,133,147,8281,8521
8309,8280,8445,8281,8356,143,147,8487,141,8164,8282,150
8400,8428,8093,8090,8426,8092,8091,8359,8450,8067,8419,1002
8449,881,8331,8354,879,8697,883,8556,886,8513,877,8336
886,8513,8697,883,8448,881,8354,889,8480,879,8355,8331
8558,8523,8427,8428,8522,8400,8359,1006,8512,1005,8447,1007
8469,8334,8409,8238,8531,8335,8181,8534,8468,8598,8586,8132
8642,8372,8510,8417,8470,8453,8541,8435,8352,8344,-1,-1
8510,8642,8279,8342,8452,8352,8226,8221,8377,-1,-1,-1
8564,8364,8456,8361,8486,8458,8485,8561,-1,-1,-1,-1
8659,8526,8364,8491,8456,8365,8690,8553,8386,8361,8674,-1
8364,8659,8486,8553,8455,8454,8361,8688,8674,8365,8690,-1
8498,8194,8551,8104,8201,8444,8118,8396,8106,8497,-1,-1
8361,8141,8564,8285,8142,8454,8364,-1,-1,-1,-1,-1
7072,7073,7186,7431,7102,7050,7065,7451,7187,7440,7205,-1
8474,8240,8242,8462,8440,8466,8496,8461,8473,8582,-1,-1
8463,8643,8440,8465,8462,8516,8460,8379,8496,-1,-1,-1
8461,8460,8463,8466,8582,8467,8440,8474,-1,-1,-1,-1
8461,8516,8467,8462,8464,8465,8582,8643,8440,8515,-1,-1
8516,8571,8554,8467,8463,8555,8515,-1,-1,-1,-1,-1
8461,8516,8514,8643,8463,8517,8515,8537,8407,-1,-1,-1
8582,8474,8473,8460,8462,8482,8467,8240,-1,-1,-1,-1
8582,8464,8463,8571,8583,8462,8466,8516,8606,-1,-1,-1
8526,8586,8598,8236,8238,8469,8491,8690,8451,8237,8386,-1
8451,8598,8534,8238,8468,8531,8682,8334,8586,8526,8409,-1
8372,8373,8344,8417,8452,8371,8418,8642,8346,8345,8510,-1
8418,8438,8420,8511,8490,8429,8436,8664,8489,8373,8574,8417
8507,8473,8239,8483,8411,8474,8412,8506,8243,-1,-1,-1
8474,8472,8466,8483,8482,8239,8507,8580,8582,8460,8240,-1
8473,8240,8466,8460,8239,8472,8235,8242,8462,8482,-1,-1
8595,8408,69,8181,8183,8535,8632,8531,73,66,8633,8604
8297,8477,8528,8529,8527,8271,8272,8501,132,8570,8286,8563
8272,132,8529,8476,128,8271,136,8501,8528,8297,123,138
8479,8546,8545,8494,8289,8547,8199,8538,-1,-1,-1,-1
8136,8213,8538,8478,8199,8549,8200,8545,-1,-1,-1,-1
8513,891,8439,8697,8743,889,893,8355,8449,886,894,8354
8340,8549,8414,8413,8124,8055,8125,8395,8136,8538,-1,-1
8582,8580,8593,8466,8473,8483,8583,8651,8474,-1,-1,-1
8566,8472,8580,8507,8473,8506,8482,8565,-1,-1,-1,-1
8076,8102,8287,8101,8077,8319,8160,8252,8318,8103,-1,-1
8561,8563,8564,8527,8562,8454,8560,8528,-1,-1,-1,-1
8688,8456,8561,8553,8686,8454,8560,8659,8364,8687,8585,-1
8616,8356,8614,8533,8445,8521,8406,137,8446,133,141,8309
8493,8433,8557,8425,8399,8424,969,967,8530,970,966,-1
996,8512,8490,994,998,8429,993,1001,8427,8522,8471,1003
8489,994,993,8511,8471,8429,996,991,8664,8512,8420,998
8526,8386,8455,8236,8468,8365,8237,8363,8690,8598,-1,-1
7617,7787,7684,7775,7736,7774,7737,7635,122,7788,7963,-1
967,969,8557,8488,966,8433,970,8366,964,8425,972,-1
8289,8546,8548,8520,8478,8559,8547,8288,8499,8198,-1,-1
8396,8288,8202,8149,8520,8499,8201,8147,8148,8498,-1,-1
8242,8379,8440,8293,8292,8460,8643,8378,8233,8240,8461,-1
8519,8499,8581,8498,8444,8396,8518,946,947,943,8457,949
8457,8396,8497,8444,8201,8194,8581,8499,8202,8104,8495,-1
8497,8518,8520,8548,8396,8519,8495,8498,8494,8559,8581,-1
8321,8416,8278,8392,8382,179,8320,177,8505,8391,182,8204
8529,123,8502,8570,128,120,8528,8477,132,8587,8476,116
120,8501,8570,8587,123,116,8529,8584,128,110,8528,107
166,169,8390,8504,8410,163,172,8391,8509,8505,161,-1
8505,172,8391,169,8503,8390,8416,175,166,177,8392,-1
175,8416,172,8504,177,8391,169,179,8320,8500,8392,8503
8566,8508,8507,8568,8412,8483,8524,8509,8472,8580,8565,-1
8472,8412,8506,8483,8411,8508,8566,8473,8239,8368,-1,-1
8509,8412,8568,8506,8410,8507,161,159,8368,8524,163,-1
161,8508,159,8568,8410,163,8412,8506,8503,156,166,-1
8541,8452,8377,8453,8342,8372,8642,8540,8345,8226,8470,-1
8664,8490,8471,991,8591,989,8574,993,8436,988,994,8438
8489,8522,998,8427,1001,8429,996,1003,8450,994,8490,1005
886,889,8449,8697,8480,891,883,8448,8354,8355,8439,893
8579,8537,8517,8465,8515,8532,8516,8578,8575,8643,-1,-1
8537,8516,8514,8555,8465,8576,8578,8579,8464,8463,-1,-1
8515,8464,8463,8465,8555,8461,8514,8467,8537,8554,-1,-1
8407,8514,8532,8643,8465,8405,8387,8579,-1,-1,-1,-1
8519,941,8499,943,8548,8559,8497,939,946,8581,8520,-1
943,8581,946,8497,8518,947,941,8499,8444,949,-1,-1
8499,8495,8288,8548,8494,8289,8396,8198,8518,8546,8497,-1
133,129,8616,8614,8615,137,8487,125,8601,8609,8445,141
1003,8523,8512,1005,1001,8450,8427,998,8558,1007,8489,8429
8558,1005,8522,1007,8450,1003,1006,1001,8427,8359,8512,8400
8566,154,8568,8565,156,8567,8506,153,159,8580,8508,8651
7753,7780,7664,7663,7751,7524,7908,7817,7472,7816,7513,7815
8690,8491,8598,8468,8455,8659,8682,8236,8469,8636,8386,-1
8528,8564,8476,8297,8485,8563,8285,8529,8570,-1,-1,-1
8529,8563,8476,8570,8527,8501,8477,8297,8485,8584,8502,-1
8501,8528,8477,8476,8570,128,123,8502,132,8563,120,8272
8432,8399,8397,8343,8433,8313,972,974,8488,8398,970,975
8181,8451,8534,8535,8469,8409,8475,8408,8595,-1,-1,-1
8579,8517,8601,8405,8514,8533,8575,8614,8407,-1,-1,-1
8487,8614,8406,8405,8532,8601,8356,8616,8521,8332,-1,-1
8682,8469,8535,8531,8598,8594,8636,8451,8690,-1,-1,-1
8595,8534,8604,8531,8594,8475,8181,8682,8633,8596,-1,-1
8000,8050,8017,8154,8185,8049,8048,8001,8051,7982,-1,-1
8515,8578,8579,8514,8576,8575,8577,8555,8465,8516,-1,-1
8549,8545,8552,8479,8136,8413,8478,8481,8569,-1,-1,-1
8401,8220,8268,8369,8403,902,8162,900,898,8219,904,8210
8541,8228,8376,8020,8275,8345,8377,8372,8510,8011,-1,-1
8372,8540,8510,8377,8345,8376,8275,8452,8342,8344,-1,-1
59,8599,55,8543,66,8544,8632,50,69,8572,44,8633
50,55,44,8544,42,8542,59,46,8599,8550,8572,66
8543,8550,46,8572,44,8599,8542,50,55,8573,45,42
8618,8569,8538,8552,8547,8478,8663,934,8546,932,8479,936
8494,8547,8559,8548,8478,8289,937,8618,8545,939,8520,936
8618,8546,936,937,8545,8559,934,8478,8569,939,8494,8548
8494,8559,8499,8546,8518,8520,941,939,8289,8547,8497,-1
8481,8136,8538,8124,8413,8340,8552,8479,8414,-1,-1,-1
46,8572,45,8600,8544,44,47,8624,8599,8573,8543,8623
8118,8457,8104,8115,8194,8105,8170,954,8117,955,952,8201
8663,8569,8442,8538,8545,8413,8549,931,8618,932,928,-1
8688,8659,8674,8486,8456,8673,8687,8686,8690,8455,8636,-1
8464,8610,8571,8612,8555,8611,8516,8606,-1,-1,-1,-1
8515,8516,8612,8554,8464,8588,8576,8537,-1,-1,-1,-1
8331,8354,8336,8328,8448,8326,879,8441,8697,8728,877,8355
8366,8493,8488,8150,8425,966,967,964,8169,969,962,8433
1006,8523,8450,8359,8400,1007,1004,8522,1005,8428,8427,-1
939,8548,937,8546,941,8547,8518,936,8494,8499,943,-1
8585,8561,100,8562,8686,97,8619,103,8485,8486,105,93
8560,8485,8486,8686,8562,8454,8585,100,8563,8688,8564,-1
8560,103,100,8563,8584,105,8561,8485,8585,97,8570,-1
8528,8570,8562,8485,8584,8527,8529,8476,8561,8587,8501,105
8527,8458,8485,8454,8285,8297,8361,8141,8563,8561,-1,-1
8651,8567,8566,8524,8580,8597,8607,154,153,8593,8617,149
8580,8506,8565,8524,8483,8651,8568,8507,8567,-1,-1,-1
153,149,8565,154,8617,8597,8524,144,8651,8566,156,8649
159,8508,156,8509,8524,8506,161,8566,154,8412,-1,-1
8618,8663,932,934,8545,8552,931,936,8547,928,8442,8538
8502,8501,8528,8584,8563,8529,8587,120,123,116,8476,8562
8606,8464,8467,8554,8583,8611,8605,8582,8641,-1,-1,-1
8550,8573,8600,8599,8544,8624,46,45,8633,8542,8623,8603
8572,8633,8624,8599,8603,8600,8698,8550,8544,8632,8604,8595
8591,8436,8434,8592,8511,8664,988,986,989,8351,8438,8471
8609,8579,8577,8608,8578,8601,8537,8613,8615,8620,8532,8589
8578,8588,8537,8590,8515,8555,8577,8589,-1,-1,-1,-1
8578,8608,8575,8589,8620,8609,8576,8579,8537,8613,8590,-1
8577,8537,8576,8575,8579,8589,8608,8515,8514,8590,8609,-1
8575,8537,8514,8532,8601,8578,8577,8609,8515,8517,8608,-1
8651,8566,8593,8565,8483,8482,8607,8524,8473,8506,-1,-1
947,8519,8444,946,949,8497,950,943,8498,8518,8194,8499
8466,8467,8583,8482,8462,8593,8473,8463,8571,8460,-1,-1
8582,8593,8606,8605,8467,8571,8482,8607,-1,-1,-1,-1
8587,105,8570,8562,107,8563,103,8502,100,8528,116,110
8560,97,8619,100,8686,93,103,8561,8562,8756,8486,8687
8238,8131,8236,8468,8132,8133,8334,8237,8469,8451,8032,-1
116,8502,107,8584,110,8570,120,105,8501,123,8563,-1
8654,8576,8612,8590,8676,8555,8657,8681,-1,-1,-1,-1
8577,8628,8590,8620,8608,8621,8578,8622,8576,8575,-1,-1
8628,8676,8588,8589,8646,8576,8654,8621,8578,8577,-1,-1
988,8574,8664,989,986,8511,8592,991,984,8434,8436,-1
8634,8434,8574,984,8591,986,983,8421,8437,988,981,-1
8651,8607,8580,8605,8583,8482,8565,8582,8650,8597,8606,-1
8682,8636,8534,8596,8637,8535,8604,8598,8674,8635,8595,-1
8633,8604,8475,8535,8632,69,8603,8599,8573,8183,8594,8531
8604,8662,8635,8594,8637,8603,8636,8667,8535,-1,-1,-1
8607,8617,8649,8651,8567,8650,8652,8565,144,149,8700,8593
8682,8469,8526,8690,8468,8534,8636,8238,8594,8491,8451,-1
8573,8542,8572,8544,8633,8632,8550,59,8543,66,8624,8595
8550,45,47,8572,8624,8623,46,8573,49,8698,8544,8626
8614,8609,8532,8575,8579,8615,8533,8521,8487,8608,-1,-1
8156,8292,8130,8248,8144,8158,8378,8129,8007,8293,-1,-1
8573,8662,8633,8604,8698,8624,8596,8668,8595,8572,8599,-1
8595,8596,8535,8633,8603,8594,8662,8573,8475,8632,-1,-1
8607,8606,8650,8593,8641,8583,8651,8597,8571,8652,8655,-1
8605,8641,8571,8611,8583,8650,8640,8593,8467,8607,8554,-1
8651,8605,8650,8597,8593,8652,8565,8580,8649,8641,8583,8606
8577,8620,8575,8609,8613,8589,8578,8629,8622,8615,8579,8601
8575,8615,8608,8613,8601,8577,8579,125,8614,8620,8521,129
8713,8612,8554,8639,8611,8657,8654,-1,-1,-1,-1,-1
8606,8610,8640,8639,8571,8641,8554,8713,-1,-1,-1,-1
8654,8610,8588,8554,8555,8657,8713,8676,-1,-1,-1,-1
8609,125,121,8608,8629,8620,8615,118,129,8575,8577,8622
8521,8616,8487,8601,8533,8615,133,129,8609,137,8445,8532
8521,8609,129,125,8614,8613,8601,133,8616,121,8575,8608
133,137,8521,8487,8614,8445,141,129,8615,8533,8356,143
144,8649,149,140,8597,8700,8567,153,8652,134,8692,8565
934,8569,8547,936,8545,932,937,8663,8546,931,8552,-1
93,8585,97,8686,8756,8687,8560,86,100,8688,8696,-1
8608,8622,8629,8613,8589,8577,8621,8627,8609,8575,118,121
8628,8622,8630,8631,8589,8620,8646,8648,8627,8590,-1,-1
8621,8620,8627,8631,8629,8589,8628,8608,8661,8630,8613,-1
8626,8600,8666,47,49,8624,8698,52,45,8668,8665,8572
8573,8698,8600,8572,8623,8603,8550,8599,8633,8666,47,8668
8362,8266,7994,8363,7891,7993,8386,7799,8237,8265,7892,-1
52,8666,49,8623,8665,54,47,8698,8668,8679,8675,58
8661,109,8629,8622,113,8631,104,118,8620,8621,8660,8669
8621,8646,8590,8630,8589,8676,8622,8644,8631,-1,-1,-1
118,8620,113,8627,8613,121,8622,109,8608,125,-1,-1
8648,8621,8644,8628,8646,8645,8631,8622,8660,8670,8647,-1
8648,8621,8660,8622,8661,8627,8630,8669,8628,8670,-1,-1
69,66,8595,8633,8599,8542,8475,8183,59,8573,73,8604
8573,8595,8599,8632,8603,8604,8572,8624,8542,8535,8475,-1
983,981,8592,984,8421,8422,980,986,978,-1,-1,-1
8637,8596,8667,8678,8662,8673,8668,8677,8687,8594,8636,-1
8682,8674,8637,8690,8594,8598,8534,8673,8659,8596,8553,8526
8636,8635,8673,8674,8594,8596,8682,8690,8678,-1,-1,-1
7838,8064,7769,85,89,81,8062,8063,92,7955,79,95
8713,8640,8610,8656,8658,8611,8689,8685,8657,8641,-1,-1
8689,8639,8641,8655,8656,8611,8742,8606,-1,-1,-1,-1
8606,8640,8605,8655,8650,8611,8689,8652,8607,8571,8639,-1
8452,8435,8352,8417,8453,8438,8510,8351,8279,8470,-1,-1
8461,8407,8517,8379,8465,8440,8496,8378,8463,8514,-1,-1
8647,8694,8646,8630,8702,8645,8706,8628,8705,8648,8676,-1
8648,8706,8647,8704,8670,8644,8630,8691,8660,8703,-1,-1
8628,8676,8694,8644,8630,8590,8621,8681,8702,-1,-1,-1
8706,8705,8702,8644,8703,8645,8704,8707,8764,8694,8630,-1
8670,8660,8645,8630,8631,8704,8621,8671,8644,8691,8669,8661
8700,8652,8617,8692,8597,140,144,8650,8672,134,8693,8607
8652,8607,8605,8641,8655,8597,8649,8672,8651,8606,8593,8692
8607,8565,8580,8593,8597,8567,8566,8605,8650,8482,8524,-1
8649,8650,8692,8672,8655,8597,8700,8607,8617,8641,8701,8693
8404,8439,8370,8318,8743,8319,8402,8355,8102,8369,8219,8480
8676,8657,8588,8681,8612,8680,8590,8610,8694,8713,-1,-1
8689,8672,8641,8652,8650,8640,8711,8692,8742,8701,8605,8649
8742,8689,8724,8658,8640,8639,8730,8683,8711,8755,8713,8655
8654,8713,8680,8681,8685,8610,8612,8676,8588,8639,-1,-1
8684,8724,8656,8685,8713,8639,8683,8722,8720,8730,-1,-1
8553,8690,8455,8456,8674,8526,8364,8636,8486,8688,8673,-1
8669,8648,8670,8671,8631,8661,94,8691,99,91,8645,88
104,8669,8627,99,8660,109,8631,94,113,8671,8648,8622
8668,8667,8596,8603,8698,8635,8604,8679,8624,8666,-1,-1
931,8569,928,8442,932,8552,926,934,8618,8545,8443,8413
989,8511,991,8591,988,993,8574,8490,986,8471,994,8436
8675,58,8626,54,8666,52,8679,65,8668,8695,49,8623
8626,8668,8665,8698,8623,8679,52,8675,49,8624,8667,8662
8668,8677,8662,8635,8679,8678,8695,8696,8698,8666,8596,-1
8698,8679,8666,8667,8662,8677,8665,8675,8623,8603,8626,8624
94,8660,99,8661,8671,91,104,88,8670,8631,8648,109
8691,8648,8704,8660,8671,8645,84,8706,87,8669,88,82
88,91,8669,87,8660,8691,8670,94,84,8648,99,8661
8692,8711,8701,8655,8652,8693,8689,8649,8700,8650,8742,8716
8687,8674,8688,8637,8553,8678,8635,8636,8756,8659,-1,-1
8636,8553,8659,8673,8690,8637,8682,8688,8456,8594,8455,8687
65,58,8679,8665,8695,71,54,8666,8677,8668,8626,52
8654,8646,8681,8590,8694,8588,8628,8657,8612,8680,8644,-1
8695,8696,8667,8679,77,8678,71,8675,8668,86,65,8635
8696,8687,8635,8677,8667,8756,8673,86,8637,8688,-1,-1
8675,8668,8695,8666,8677,8665,8667,65,71,58,8698,8626
8681,8685,8719,8720,8657,8713,8684,8694,8654,8676,8721,-1
8680,8694,8654,8676,8657,8719,8685,8646,8702,8588,8720,-1
8636,8598,8534,8594,8690,8637,8674,8469,8526,8535,-1,-1
8724,8722,8684,8725,8726,8658,8730,8727,8656,8723,8720,8685
8722,8685,8658,8720,8683,8723,8724,8680,8713,-1,-1,-1
8680,8713,8684,8658,8720,8657,8681,8639,8719,8722,8683,-1
8619,8585,8688,8560,8486,8687,8561,8756,97,93,8553,100
8756,8688,8673,8678,8686,8619,8696,8553,93,8486,8635,8585
8553,8687,8686,8486,8673,8674,8756,8619,8456,8659,8585,8678
8742,8655,8640,8656,8711,8672,8755,8730,8641,8639,8724,-1
8526,8659,8636,8682,8674,8598,8455,8553,8491,8637,8468,8534
84,8670,8704,87,8671,82,88,8660,80,8645,8706,91
8672,8700,8693,8649,8652,8701,134,140,8711,130,8655,8617
130,8692,134,8701,8700,8699,127,140,8672,8649,8652,8716
8681,8646,8702,8644,8676,8719,8680,8654,8647,-1,-1,-1
71,8675,8677,65,8679,77,8696,58,8667,8665,8668,-1
86,8677,77,8756,8678,8695,8687,93,71,8667,8619,-1
8513,8449,8354,8355,8480,8448,886,8439,889,883,8336,8556
8668,8624,8666,8662,8623,8603,8573,8626,8600,8679,8667,8572
127,8717,8701,124,8693,8716,130,8718,119,8763,8692,134
140,8649,134,8692,8693,8617,144,8652,130,8672,8701,8597
8693,8672,8692,8711,8699,8716,130,8755,8700,127,8718,8652
8705,8647,8694,8719,8644,8764,8703,8681,8706,8721,8646,-1
8705,8706,8707,8710,8647,8708,8704,8764,8702,8709,80,74
8706,8691,82,8670,8645,8707,84,80,8647,8703,8648,8671
8703,8764,8647,8702,8708,8706,8710,8719,8644,8734,8707,8721
8704,8647,8703,8707,8645,82,8705,8670,80,8644,8710,8691
80,82,8706,8703,75,8710,8704,74,8647,84,8691,8705
8709,8705,8764,8703,8734,8710,8729,8715,8736,8721,-1,-1
8715,8708,8729,8736,8710,8751,8750,74,8734,70,8703,67
74,8703,8707,8715,8709,8708,70,75,80,8751,8705,8706
8672,8742,8755,8689,8701,8716,8655,8692,8730,8656,8652,8693
7999,7931,7997,8381,8384,7998,8380,7995,8385,-1,-1,-1
8639,8685,8657,8610,8658,8680,8684,8612,8656,8654,8611,-1
8311,8323,8283,8430,8177,8179,8176,8300,8173,8284,8171,8070
8751,8709,70,67,74,8750,8736,8710,64,8729,8708,63
8755,8718,8701,8699,8711,8731,8717,8742,8730,8672,8732,8763
119,8718,124,8763,8699,115,127,8716,8732,8701,130,-1
8717,8716,8763,8732,8731,8699,119,8755,115,124,8701,8785
8680,8702,8694,8764,8720,8681,8721,8705,8685,-1,-1,-1
8684,8723,8680,8721,8685,8719,8722,8735,8764,8658,8683,8681
8723,8764,8734,8720,8735,8719,8722,8708,8702,8705,8680,-1
8723,8684,8683,8727,8720,8726,8735,8724,8658,8721,8685,8738
8722,8735,8721,8720,8727,8684,8738,8734,8683,-1,-1,-1
8683,8730,8656,8725,8658,8742,8684,8755,8726,8722,8689,-1
8730,8758,8724,8683,8726,8731,8755,8739,8742,-1,-1,-1
8739,8725,8727,8683,8758,8722,8749,8724,8753,8738,-1,-1
8738,8722,8723,8735,8726,8749,8737,8683,8739,8740,-1,-1
8260,8326,8329,8327,8328,8295,8296,8556,8259,876,8331,8231
8734,8736,8709,8733,8747,8708,8715,8735,8750,8745,-1,-1
8742,8755,8724,8725,8656,8731,8683,8711,8689,8716,8758,8658
8755,8732,8718,8730,8758,8786,8716,8725,8742,8785,8763,-1
8785,8763,8718,8786,108,8731,115,8781,8717,101,8716,119
8740,8735,8729,8747,8738,8741,8734,8737,8736,8744,-1,-1
8729,8721,8735,8764,8708,8733,8709,8723,8705,-1,-1,-1
8723,8738,8734,8733,8727,8721,8722,8740,8729,8720,-1,-1
8750,8729,8709,8747,8745,8715,8751,8762,64,63,67,8733
8740,8754,8738,8749,8744,8752,8727,8741,8757,8733,8739,-1
8740,8737,8727,8735,8749,8733,8723,8744,8741,8754,8726,8722
8753,8749,8758,8726,8752,8777,8767,8725,8786,8727,8754,8737
8737,8738,8741,8744,8733,8747,8754,8735,8746,8749,8727,-1
8740,8747,8746,8744,8748,8733,8745,8737,8738,8757,-1,-1
8689,8730,8755,8711,8656,8724,8716,8655,8640,8672,8725,8731
8402,8439,893,894,8404,8653,8480,891,896,8403,8370,8318
8740,8737,8757,8746,8741,8754,8738,8760,8749,8733,-1,-1
8762,8747,8750,8748,8736,8759,61,57,63,8741,8751,64
8760,8741,8744,8748,8770,8757,8776,8740,8747,-1,-1,-1
8741,8745,8736,8733,8729,8748,8740,8750,8762,8746,8709,-1
8745,8746,8759,8741,8770,8761,8747,8762,8760,57,-1,-1
8737,8739,8738,8727,8752,8726,8754,8740,8753,8744,-1,-1
8751,63,8736,8762,64,8745,8715,61,67,57,70,8709
67,64,8715,8750,70,63,8736,74,8709,8762,61,8710
8767,8754,8766,8753,8739,8749,8765,8777,8737,8779,8780,-1
8777,8739,8767,8758,8786,8752,8781,8779,8749,8785,8766,8726
8737,8752,8744,8765,8757,8749,8766,8740,8782,8738,8739,-1
8716,8742,8730,8711,8731,8718,8701,8689,8725,8724,8656,8672
8687,8619,8696,93,86,8678,8686,8688,8585,97,8673,77
8782,8744,8776,8760,8746,8754,8765,8737,8807,8810,8741,-1
8725,8739,8753,8786,8726,8731,8777,8730,8732,-1,-1,-1
57,8762,8761,8768,53,8745,61,8748,63,48,8750,8769
8776,8746,8770,8757,8778,8782,8810,8744,8748,8771,-1,-1
8759,8768,8770,8771,8769,8748,53,57,8775,48,8762,8745
61,57,8745,63,8750,8759,64,53,8736,8751,8748,67
115,8717,8732,119,8718,108,8785,124,8699,8716,8731,-1
8705,8721,8708,8702,8734,8719,8703,8647,8720,-1,-1,-1
8766,8782,8807,8754,8806,8757,8752,8767,8780,8776,8839,-1
8767,8780,8765,8806,8752,8779,90,8807,8754,83,8777,8753
8779,8777,8766,8752,8753,8780,8781,96,8739,90,8765,8786
53,48,8769,8761,8775,8759,57,41,8771,61,8762,8773
8775,8768,8771,8773,8761,8772,48,41,53,8774,39,8759
8760,8761,8771,8746,8748,8778,8776,8759,8774,-1,-1,-1
8774,8769,8761,8770,8772,8778,8768,8783,8773,8760,8775,-1
8773,8787,8774,8769,8788,8771,8792,8789,8775,8783,-1,-1
8775,8789,8787,8772,39,8769,37,41,48,8768,8792,35
8783,8771,8772,8788,8778,8769,8797,8799,8770,8792,-1,-1
41,48,8769,8773,39,8768,53,8772,37,8789,8761,8787
8760,8782,8810,8757,8778,8784,8746,8807,8770,8861,8765,-1
8781,8753,8779,8767,8786,8785,101,96,8752,8758,8739,8780
8783,8776,8760,8784,8774,8797,8770,8810,8771,-1,-1,-1
96,8767,8777,8781,8780,101,90,8766,8753,8785,8786,8752
90,8766,8779,8767,83,8806,96,8777,78,8781,8765,8752
101,8777,8785,8779,96,8786,8767,8753,108,8732,8780,90
8807,8776,8757,8765,8810,8861,8760,8806,8754,8839,8766,-1
8774,8797,8799,8788,8778,8784,8798,8771,8800,8772,-1,-1
8797,8810,8808,8809,8778,8861,8783,8776,8800,8799,8847,-1
101,8781,8732,108,8786,8777,8763,8779,96,115,8753,8731
8785,8777,8732,8781,8758,8753,8731,101,8779,8739,108,8767
8789,8792,8773,8772,8795,8796,37,35,8788,39,8790,8821
8783,8798,8792,8774,8821,8799,8772,8787,8797,8822,-1,-1
37,8787,35,8796,8773,8795,39,33,8792,8772,8775,32
8795,8802,8791,8821,8792,8793,8794,8796,8787,30,8822,32
8794,30,29,32,8790,8795,8793,8796,27,33,8805,8802
8787,8821,8788,8795,8790,8772,8789,8796,8798,8773,8802,8774
8794,8805,8802,8801,8790,8791,8803,27,29,8804,8814,30
27,29,8805,8791,8793,30,25,8790,32,8814,8803,8795
8796,8790,8791,8787,8792,8789,33,32,35,30,37,8821
33,8795,35,32,8789,8791,37,8787,30,8790,8792,29
8784,8783,8799,8800,8809,8778,8808,8810,8798,8774,8788,8836
8799,8822,8821,8788,8836,8800,8783,8802,8804,8792,8797,-1
8798,8800,8797,8783,8788,8836,8822,8821,8809,8774,8784,-1
8809,8836,8799,8843,8797,8798,8784,8783,8834,8808,8845,-1
8804,8816,8802,8811,8793,8803,8813,8822,8805,8817,-1,-1
8804,8821,8790,8822,8801,8793,8798,8816,8792,8791,-1,-1
8813,8805,8814,8801,8815,8812,8793,8811,8794,25,8819,8824
8816,8822,8802,8801,8825,8821,8817,8811,8798,8836,8793,-1
8794,8814,27,25,8793,8803,29,8812,8791,23,30,8801
8839,83,8807,8766,8780,78,8765,90,72,8861,8782,8767
8782,8861,8839,8806,8765,8810,8847,8766,8776,78,8808,72
8861,8847,8809,8784,8810,8845,8839,8797,68,8807,72,62
8800,8808,8784,8797,8843,8845,8847,8799,8844,8861,8810,8836
8776,8784,8861,8782,8808,8807,8778,8760,8797,8847,8839,8757
8816,8819,8813,8801,8818,8817,8803,8804,8824,-1,-1,-1
8814,8815,8832,21,23,8803,25,19,8805,8813,8820,18
8819,8803,8815,8824,8811,8801,8812,8818,8814,8823,-1,-1
8812,25,8805,23,8803,27,21,8815,8794,8832,8793,8813
8812,8813,8824,8832,8820,8803,8814,8819,21,8829,8831,19
8804,8817,8811,8825,8801,8822,8802,8835,8818,8838,-1,-1
8816,8838,8835,8818,8811,8825,36,8858,8804,34,38,8819
8819,8858,8826,8838,8817,8811,8823,34,8816,31,8840,8813
8813,8824,8818,8811,8823,8826,8829,8815,8803,8817,-1,-1
8831,8829,8832,8824,8833,8815,8830,18,16,8812,15,19
8798,8792,8802,8790,8822,8788,8799,8804,8795,8787,-1,-1
8804,8798,8802,8821,8836,8825,8799,8816,8801,8788,8790,-1
8826,8819,8829,8827,8824,8828,8818,8840,8841,8813,8858,-1
8829,8819,8813,8815,8820,8823,8811,8832,8830,8803,-1,-1
8804,8816,8835,8834,8822,8836,8817,-1,-1,-1,-1,-1
8840,8858,8827,8823,28,8818,26,31,8819,8838,8841,34
8840,8841,26,8826,8823,8828,24,8842,28,8849,22,8829
8841,8829,8849,8830,8827,8823,8848,8842,8852,-1,-1,-1
8824,8830,8828,8820,8823,8819,8833,8815,8827,-1,-1,-1
8829,8850,8833,8828,8848,8820,8846,8831,8849,8824,-1,-1
16,18,8833,15,8832,8820,19,13,8846,8830,11,21
19,18,8831,8812,21,8815,8820,16,23,8814,8833,8824
8846,8831,15,13,8850,8830,8820,11,16,10,18,8829
8837,8825,40,8835,8836,8843,43,38,8800,-1,-1,-1
38,36,8817,40,8838,8825,8834,34,8816,8837,-1,-1
8800,8822,8798,8834,8799,8825,8843,8804,8809,8797,-1,-1
43,8843,51,8834,8844,40,56,38,8845,8835,-1,-1
36,34,8817,8858,8835,8818,31,38,8826,8816,-1,-1
72,8861,78,8807,8847,8806,68,83,8808,8810,8782,8765
26,8826,28,8827,24,8858,8841,8823,31,8818,8842,-1
8842,8827,8849,8828,24,22,26,8840,8851,8823,20,8826
22,8841,8851,24,8849,20,8827,26,8853,8828,8852,17
8837,8800,8809,8844,8834,8836,8845,43,51,-1,-1,-1
51,60,8845,56,8837,8843,62,43,8809,68,-1,-1
62,8844,8847,60,8809,8808,68,8843,56,72,51,8861
11,13,8850,10,8833,15,8856,8830,8831,7,16,8848
68,8861,72,8808,8839,8845,62,78,8807,8809,8810,60
8852,8850,8849,8856,8830,8854,8828,8860,8846,8855,8851,8853
8842,8841,8852,8851,8828,8848,8853,22,20,8827,24,8860
8846,8856,8833,8830,8848,10,11,13,15,8857,8855,7
20,8853,8842,8849,22,8852,17,14,8841,8860,24,12
8860,8853,8849,8851,8848,8854,14,12,9,8842,17,20
14,8851,8860,8852,17,12,20,8849,9,8842,8854,22
8855,8860,8,9,6,8856,8852,12,8848,5,8857,8853
5,6,8857,8854,8856,4,8,2,8859,9,7,10
8855,8850,8857,8854,10,8848,8846,7,11,5,6,4
8859,4,8855,7,2,5,8856,10,3,6,1,8854
31,34,8826,8838,8818,28,8840,36,8817,8823,26,-1
3,2,7,1,8857,4,0,5,10,8855,8856,6
12,8853,9,8852,14,8854,8,8851,17,6,8855,8848
8839,8847,8808,8807,8810,72,8782,8784,8806,68,78,8845
