9383,9351,50
46,9383,50
46,44,9383
8426,8402,8425
8402,8426,9008
1011,11571,1007
11519,1011,1017
1011,11519,11571
11571,11538,1007
11516,11519,11487
11519,11516,11571
989,11484,984
11483,996,11479
11483,989,996
989,11483,11484
11424,1037,1022
11517,11466,11487
9351,55,50
55,9351,62
42,9236,44
44,9236,9383
9070,72,70
8427,8402,9008
5632,5631,5399
5822,7213,6215
179,6852,172
6639,6852,179
186,6639,179
6853,190,195
6853,186,190
186,6853,6639
32,23,20
11515,11517,11487
11519,11515,11487
1021,11515,1017
11515,11519,1017
996,1002,11479
1002,11538,11479
11538,1002,1007
11482,11424,11457
11540,11457,11456
11540,1034,1035
11540,11482,11457
11482,11540,1035
10880,11006,10881
9384,9351,9383
11591,978,972
662,659,9620
11300,956,953
956,11300,961
495,7799,497
8759,9071,8734
72,9071,74
76,8759,78
9071,76,74
76,9071,8759
8659,8759,8734
8759,8658,78
8658,80,78
8658,8659,8611
8659,8658,8759
8516,8426,8425
8538,8516,8425
8516,8538,8397
8516,8397,8396
8397,8265,8396
8526,8495,8128
8288,8061,7875
8288,8526,8061
8526,8288,8495
8421,8422,8885
8522,8422,8420
9071,9013,8734
9070,9013,72
9013,9071,72
8550,8609,8517
8646,8612,8549
8550,8612,8611
8612,8550,8549
5632,5630,5633
5630,5632,5399
6376,6956,6136
7063,6956,7064
6956,6957,7064
6957,6956,6376
6377,7213,6958
6957,6377,6958
6377,6957,6376
6852,170,172
2615,3384,2930
1943,1678,1708
1678,1564,1708
6978,170,6852
6853,6413,6639
9,2,0
23,30,26
32,30,23
30,28,26
100,7113,104
11515,11563,11517
1032,11563,1031
11517,11563,1032
11563,1021,1031
11563,11515,1021
11424,1036,1037
11482,1036,11424
1036,11482,1035
11466,11548,11456
11548,11466,11517
11548,11517,1032
910,916,11069
929,945,939
11407,11453,11459
11453,11475,11459
11406,945,950
955,11406,950
964,11494,959
11483,11448,11484
11448,11483,11479
10921,11007,11060
910,905,924
905,929,924
900,11010,894
10880,11010,11006
9236,9164,9166
9164,42,39
9164,9236,42
9103,8910,9166
9164,9103,9166
9103,9164,9165
9138,37,9104
37,9138,33
9313,9384,9237
9351,9313,62
9384,9313,9351
9384,9238,9237
9238,9236,9166
9236,9238,9383
9238,9384,9383
64,9218,66
9218,68,66
8402,8378,8425
9574,9526,9510
738,730,10244
778,10448,777
10291,738,10244
11352,11300,11314
11591,11352,11314
11352,966,961
11300,11352,961
966,11352,972
11352,11591,972
11414,1051,11594
11414,1052,1051
1051,1050,11594
1042,1047,11558
5523,5503,5738
4839,4840,4945
5631,5823,5399
5721,5523,5738
482,4579,487
4579,482,475
4586,4585,4139
7667,7569,7567
7569,7667,7550
591,9147,9079
591,586,9147
8444,7930,7997
492,7799,495
492,473,488
7498,492,488
7242,7213,5822
7213,7242,6958
5631,5806,5822
5806,5631,5632
8538,8203,8397
8265,8203,8098
8203,8265,8397
8361,8398,8128
8495,8361,8128
9139,8646,8549
8550,8527,8549
8527,8550,8517
8527,9139,8549
9139,8527,8398
8527,8517,8396
8398,8403,8128
8403,8265,8128
8527,8403,8398
8265,8403,8396
8403,8527,8396
8129,8265,8098
8265,8129,8128
8129,8526,8128
9139,101,8646
101,93,8646
130,93,121
93,101,121
8480,8288,7875
130,8296,136
8296,8480,136
8480,8296,8288
8443,8623,8354
8772,9213,9214
8959,8774,8522
8774,8422,8522
8659,8729,8611
8660,8612,8646
8660,93,88
93,8660,8646
80,8660,88
8658,8660,80
8660,8658,8611
8612,8660,8611
5630,5675,5633
5675,5630,5699
7211,7161,6796
6137,6377,6376
6137,6376,6136
6377,6149,7213
5858,6149,6052
6149,6137,6052
6137,6149,6377
4499,4489,4502
4640,4489,4499
6991,7123,6990
6956,6660,6136
6660,6956,7063
6691,6660,7063
7211,6693,7063
6693,6691,7063
6693,7211,6796
7162,7164,6796
7164,7162,7429
3449,2929,2930
5538,5584,5429
5584,5538,5776
158,154,164
4988,4989,4987
94,98,6239
6240,6048,6342
6089,6090,5776
6420,5588,5536
6240,6343,6424
6343,6240,6342
4024,4023,3587
4326,4327,4496
5092,5091,5139
1916,1943,1708
1835,1916,1708
2395,2394,2620
2394,2395,2304
2395,2387,2304
1678,1602,1564
4678,4364,4366
5490,5765,5764
5764,5765,6139
10907,10795,10794
10795,10907,10796
883,885,10987
168,6978,164
6978,168,170
6279,5764,6139
6279,6140,5764
6140,6129,5764
6413,6638,6639
6638,6852,6639
6638,6978,6852
6195,6373,6724
6372,6195,6013
6195,6372,6373
6414,6413,6853
6414,6853,195
201,5774,6013
6238,6240,6424
6422,6238,6424
6422,7053,7109
71,8604,69
8604,8732,69
8526,8060,8061
8129,8060,8526
8060,8129,8098
11,18,14
20,9484,9
23,9495,20
9495,9484,20
9484,9495,9496
9496,9495,9425
9495,9392,9425
9422,9423,9421
9221,9222,9049
9315,30,32
9222,9315,32
9315,9222,9221
9341,9432,9431
9623,9582,14
9525,9555,9554
9576,9629,9565
9629,9415,9565
9352,9444,9354
9331,31,29
9377,9331,9229
9577,9377,9229
31,9377,35
9377,31,9331
9207,9577,9229
9332,9232,24
6271,95,92
118,117,6417
178,5479,5677
6436,118,6417
113,6436,6645
6436,113,118
2398,2253,2251
10951,10921,11060
10921,10951,10879
11073,10951,11060
10951,11073,11020
11540,11539,1034
11539,11540,11456
11548,11539,11456
920,910,924
920,916,910
916,11068,11069
11068,11007,11069
11007,11068,11070
920,11068,916
11474,11475,11460
11475,11474,11509
934,929,939
11109,920,924
11068,11109,11070
11109,11068,920
11403,11407,11459
11475,11508,11459
11508,11475,11509
11488,11474,11460
11474,11488,11494
11406,11488,11460
11488,11406,955
11494,11488,959
11488,955,959
11406,11452,945
11452,11406,11460
11475,11452,11460
11452,11475,11453
11007,11061,11060
11061,11007,11070
11115,11061,11070
11061,11073,11060
11489,964,970
964,11489,11494
11484,11451,984
11448,11451,11484
11538,11478,11479
11469,11478,11516
11478,11538,11571
11516,11478,11571
11450,11478,11469
11450,11448,11479
11478,11450,11479
11518,11516,11487
11518,11469,11516
10922,10879,10881
10922,10921,10879
11006,10922,10881
11007,11005,11069
10921,11005,11007
10922,11005,10921
11005,910,11069
11005,905,910
10887,11010,10880
885,10887,10987
10845,10880,10881
10879,10845,10881
8772,8773,9213
9164,9310,9165
9310,36,9165
9310,9164,39
36,9310,39
9105,9103,9165
9138,9105,9165
9105,9138,9104
8908,9105,9104
9105,8908,8910
9103,9105,8910
9138,34,33
36,34,9165
34,9138,9165
9219,68,9218
9219,9070,70
68,9219,70
8328,8538,8425
8378,8328,8425
8427,8401,8402
8401,8378,8402
8401,8427,8420
9163,9399,9057
11574,1001,993
978,11353,986
11591,11353,978
1040,11578,1039
9526,9641,9575
9641,9526,9574
9818,9961,9971
9646,9728,9645
9727,9818,9971
9961,745,9971
9777,9526,9575
9526,9777,9513
9644,9639,9645
9639,9646,9645
9639,9648,9646
9639,9636,9647
9636,9639,9644
9606,9636,9562
9636,9606,9647
9527,9606,9562
9606,9527,9607
730,723,10244
723,10223,10244
659,655,9620
9594,9521,9592
10294,747,738
10291,10294,738
10294,10291,10431
747,10294,755
944,935,941
11313,11299,11391
11299,11368,11391
11368,11299,11366
11197,11365,11364
772,10448,778
10448,772,10431
772,767,10431
913,11090,918
11090,922,918
10801,880,878
10801,882,880
10818,10803,10870
1055,11595,1056
1062,1063,11586
1061,1063,1064
1062,11565,1060
11565,1062,11586
11565,1058,1060
1058,11565,11559
5315,5385,5515
5385,5315,5316
5516,5503,5523
5385,5516,5515
5516,5385,5503
4840,4993,4945
4993,5315,4945
5315,4993,5316
4825,6217,4838
7037,5858,6052
4948,4839,4945
5315,4948,4945
5978,5860,5525
5860,5978,5861
5736,5823,5631
5736,5822,6215
5736,5631,5822
5523,5722,5525
5721,5722,5523
5722,7037,5857
5722,5721,5858
7037,5722,5858
6719,6282,6720
6093,5876,6068
5876,6067,6068
6095,6093,6068
6095,6236,6234
6067,6535,6068
6535,6534,6068
6534,6535,6742
4585,4617,4139
5508,5517,5242
3411,3543,3410
7162,7256,7429
8916,7256,7162
7433,451,448
7433,7434,451
441,7433,448
7691,7835,7689
7835,7930,7931
7685,7691,7689
7925,7998,7997
7668,7667,7567
7794,7594,7593
7591,7594,7589
7114,7591,7589
6573,6734,6735
7548,7569,7550
7547,7548,7550
7450,7549,7460
7549,7548,7460
7548,7549,7569
7569,7549,7567
7216,7217,7408
7496,7449,7698
7930,8201,7931
548,550,544
8466,555,8373
8444,533,7930
533,8201,7930
7332,7335,7566
7495,7498,488
473,7495,488
460,6934,6855
6654,7062,6789
6935,7344,7488
8360,8361,8359
8361,8360,8398
8360,9139,8398
121,107,8359
101,107,121
107,8360,8359
107,101,9139
8360,107,9139
8289,8480,7875
8288,8295,8495
8296,8295,8288
8295,8296,130
8361,8295,8359
8295,8361,8495
8295,121,8359
8295,130,121
7123,7133,7124
7123,7051,6990
7051,7123,7124
148,144,8234
144,8289,8234
157,163,184
8886,8772,9214
8852,8886,8754
8754,9026,9172
9026,9217,9172
8886,9026,8754
9026,8886,9214
59,9026,9214
9217,9026,59
8443,8622,8623
8843,8421,8885
8353,8443,8354
9052,9163,9057
9163,9052,9102
9152,9151,8992
9151,9152,9183
8938,8849,8959
8849,8774,8959
8774,8849,8828
8774,8688,8422
8688,8774,8828
8773,8688,8828
8688,8773,8772
8523,8427,9008
8427,8523,8420
8730,9337,9080
9337,8730,8977
9135,9134,9021
9135,9313,9237
9134,9135,9237
8936,8847,8938
8847,8849,8938
8426,8701,9008
8730,8708,8731
8708,8729,8731
8708,8702,8609
8729,8610,8611
8610,8550,8611
8610,8609,8550
8610,8708,8609
8708,8610,8729
6133,5675,5699
5675,6133,6134
6487,5674,6134
5674,5675,6134
5675,5674,5633
7516,446,443
446,7083,452
7083,446,7516
7085,7161,7211
7085,7211,7063
7085,7516,443
7161,7085,443
7085,7063,7064
7083,7085,7064
7085,7083,7516
7489,6957,6958
7489,7344,6957
7242,7489,6958
7489,7242,7488
7344,7489,7488
6137,6051,6052
6051,6563,6135
6051,6137,6136
6563,6051,6136
7213,6301,6215
6149,6301,7213
6301,6149,5858
5721,6301,5858
4491,4489,4640
6760,6597,6186
6597,6200,6186
5336,5013,4486
5013,4272,4486
6866,6747,6962
212,215,204
6967,6778,6890
6892,7212,6890
267,7236,271
6778,6779,6890
6892,6779,6777
6779,6892,6890
6185,7415,5984
6391,6045,6078
7163,6693,6796
7164,7163,6796
3698,3699,4028
3699,3697,3633
3697,3699,3698
3678,4031,3676
3246,3259,3379
3189,3649,3568
3649,3189,3199
2626,2736,2625
3418,4015,2984
3494,2929,3449
3068,2897,6073
2394,2710,2620
2634,2710,2938
2710,2634,2620
3142,3294,3199
5853,6343,6342
6343,5853,5852
6092,6090,6385
6395,5584,5776
6090,6395,5776
6395,6092,5777
6092,6395,6090
5583,6395,5777
6395,5583,5584
158,165,161
165,169,161
165,158,164
165,6984,169
5532,5414,5413
5555,5532,5413
6420,5555,5587
5555,6420,5536
5533,5555,5536
5555,5533,5532
5533,5307,5532
5414,5307,5245
5307,5414,5532
5990,5836,5587
5430,5583,6276
5583,5430,5584
5584,5430,5429
5430,5308,5429
5308,5430,5427
5308,5427,5431
110,125,5969
6049,6048,6240
6049,6238,6239
6238,6049,6240
5538,5537,5776
5537,6089,5776
5537,5533,5536
5533,5537,5538
5588,5537,5536
5595,6526,5588
6526,5595,5734
6090,6344,6385
6089,6344,6090
3486,4078,4067
4078,4159,4067
4171,3760,3989
3760,3759,3989
4023,3759,3587
3989,3759,4023
5092,4986,5141
4986,4988,5141
4986,5200,4988
5382,5355,6833
4722,4326,4496
4722,5091,4721
4722,4721,4324
4326,4722,4324
4715,5092,5141
4715,5091,5092
5091,4715,4721
4578,4579,475
1564,1563,1708
1561,1563,1564
1563,1835,1708
1916,1917,1950
1917,1835,1870
1917,1916,1835
1902,1903,1910
2009,1902,1910
1666,1602,1678
1555,1601,1554
1548,1507,1426
4079,4081,3583
280,295,284
3084,268,3045
4364,4258,4366
5491,5765,5490
5765,5815,6139
5815,6182,6139
6182,5815,6276
5815,5430,6276
5430,5815,5427
5469,5491,5490
4384,4342,4385
4341,4342,4384
4383,4384,4385
4419,4383,4385
4383,4419,5171
506,6893,505
6521,476,479
494,6521,479
6521,494,6529
5773,5774,5775
5773,6372,6013
5774,5773,6013
6277,6182,6276
6277,5583,5777
5583,6277,6276
6014,6129,6140
5773,6014,6140
6014,5773,5775
6129,6014,5810
5344,5469,5490
5469,5344,5222
5766,5490,5764
6129,5766,5764
5766,6129,5810
5293,5766,5810
165,7055,6984
6978,7055,164
7055,165,164
6637,6638,6413
7055,6637,6724
6638,6637,6978
6637,7055,6978
197,6414,195
6414,6194,6413
6195,6194,6013
205,5774,201
6014,5760,5810
5760,6014,5775
6423,85,87
6423,87,89
6423,6422,7109
6113,5892,5837
5937,6113,5837
6343,6114,6424
6114,6343,5852
5892,6114,5852
6114,5892,6113
7053,6941,7109
73,75,8406
8603,8604,8406
8603,8732,8604
7856,8060,8098
8060,7856,7919
7856,8068,7855
8203,8068,8098
8068,7856,8098
9801,1,0
2,9493,0
9493,9801,0
9801,9493,2
9424,9452,9421
9452,9424,9431
9502,9422,9421
9452,9502,9421
9602,18,11
9610,9623,14
18,9610,14
9610,9602,9554
9602,9610,18
10,9484,9496
9484,10,9
10,2,9
2,10,4
28,9455,26
9392,9391,9425
9391,9423,9425
9423,9391,9421
9391,9424,9421
9222,43,9049
30,9317,28
9315,9317,30
9317,9455,28
9341,9427,9432
9330,9091,9329
9367,9366,9327
9366,9367,9424
9091,9276,9329
8995,8994,8973
8994,8995,9311
8838,8727,8841
13,12,9550
9251,9264,9397
9398,9414,9336
9414,9415,9336
9415,9414,9565
9398,9335,9397
9335,9398,9336
9582,15,14
6,15,12
15,11,14
15,6,11
12,9581,9550
15,9581,12
9581,15,9582
9655,9582,9623
9655,9576,9565
9576,9655,9623
9655,9581,9582
9427,9490,9432
9558,9415,9629
9352,9428,9444
9304,9335,9336
9335,9304,9355
9331,9362,9229
9208,9207,9228
9207,9208,9577
9304,9379,9355
9207,9230,9228
9263,9251,9397
9335,9263,9397
9263,9335,9355
7113,6273,6272
6271,6273,95
100,6273,7113
95,6273,100
6257,102,108
102,6257,6271
114,112,108
102,114,108
114,102,113
114,113,6645
5479,5283,5677
5283,5479,5282
5165,5164,5282
5404,6303,5561
6303,5404,6302
217,222,224
2087,2085,2382
2085,2384,2382
2384,2085,2253
11020,11031,11033
11073,11031,11020
11019,11020,11033
10877,10964,11033
10964,10877,10831
1033,11548,1032
1033,11539,11548
11539,1033,1034
11493,11474,11494
11496,11493,11420
11493,11496,11509
11474,11493,11509
11403,11333,11407
11333,11136,11211
11008,11087,10965
945,11373,939
11452,11373,945
11373,11452,11453
976,11449,970
11449,11489,970
11489,11449,11445
11449,11451,11445
11449,976,984
11451,11449,984
11446,11451,11448
11446,11450,11397
11450,11446,11448
11451,11446,11445
11398,11450,11469
11004,10922,11006
11004,11005,10922
11005,11004,905
905,11004,900
11004,11010,900
11010,11004,11006
888,10887,885
10887,888,11010
11010,888,894
10847,10887,10880
10845,10847,10880
11400,11393,11420
10795,10711,10794
9021,9034,8977
9134,9034,9021
9033,9034,9134
8910,9127,9166
8909,9127,8910
9033,9127,8909
8937,9033,8909
8937,8847,8936
8937,9034,9033
8909,8850,8848
8908,8850,8910
8850,8909,8910
8849,8826,8828
8850,8826,8848
8826,8850,8829
8826,8773,8828
8826,8829,8773
8826,8847,8848
8847,8826,8849
8773,57,9213
37,41,9104
8086,8270,8272
8270,8086,8087
8270,8378,8272
8270,8328,8378
8843,8400,8421
8378,8376,8272
8401,8376,8378
9399,9381,9084
9163,9381,9399
1053,1044,11560
1028,1044,1053
1029,1028,1053
986,11492,993
11492,11574,993
11574,11492,11510
11353,11492,986
1001,11572,1006
11574,11572,1001
11492,11577,11510
11577,11492,11353
11368,11423,11391
11499,11592,11570
1024,11578,1040
11578,11590,11588
11590,1024,1018
1024,11590,11578
9608,9527,9513
9527,9608,9607
9777,9608,9513
9526,9708,9510
9708,9526,9513
9527,9512,9513
9512,9708,9513
9708,9512,9508
9514,9544,9510
9708,9514,9510
9514,9708,9508
9544,9514,9503
7336,7335,7312
9211,9209,9309
9648,9638,9669
9638,9639,9647
9639,9638,9648
9728,9726,727
9726,9728,9646
9727,9726,9646
9648,9814,9646
9814,9727,9646
9814,9648,9669
9727,9814,9818
745,734,9971
9726,734,727
734,9727,9971
734,9726,9727
754,745,9961
9475,9518,9517
9551,9527,9562
10194,723,714
10194,10223,723
10223,10243,10244
784,779,10397
10380,795,793
10265,10392,10397
779,10393,10397
9234,9287,9286
9700,9516,9698
9401,9245,9402
9684,9712,9702
9860,9999,9895
9878,9962,9823
9773,9803,9772
9931,9878,9823
9325,9396,9324
638,649,635
767,760,10431
760,10294,10431
931,935,944
931,946,926
946,931,944
11104,931,926
931,11104,935
11301,11368,11366
11301,11197,11364
11298,11299,11313
11298,11313,11314
11300,11298,11314
11298,11300,953
11299,11108,11366
946,11108,948
11197,11195,11365
10731,10751,10765
10731,10728,10568
882,10978,884
10978,10960,884
10801,10820,882
10820,10978,882
10978,10820,10960
10818,10782,10803
10782,10777,10803
10777,10782,10735
11177,979,974
11310,1055,1054
11310,11595,1055
11595,11310,11309
11332,11437,1048
11345,11437,11332
11437,1050,1048
1050,11437,11594
11437,11345,11594
11559,11553,11558
11551,11554,11560
11587,11589,11586
1063,11587,11586
11587,1063,1061
11589,11566,11586
11566,11565,11586
11566,11589,11554
11565,11566,11559
1045,11332,1048
1057,1058,11559
1057,11559,11558
1047,1057,11558
5860,5526,5525
5526,5523,5525
5526,5516,5523
5385,5263,5503
5263,5385,5316
5263,5316,5087
5266,5263,5087
5398,5630,5399
5630,5398,5699
4992,4993,4840
4992,4823,4943
4823,4992,4840
4824,4823,4840
4823,4824,6217
6217,4824,4838
4824,4839,4838
4839,4824,4840
6693,6560,6691
4151,4849,4410
4839,4841,4838
4948,4882,4839
4882,4841,4839
5723,5978,5525
5722,5723,5525
5723,5722,5857
6005,5723,5857
5723,6005,5978
5708,5329,5330
5394,5395,5419
6976,5582,5419
5659,5582,5861
5823,5737,5400
5736,5737,5823
8671,8669,8636
8952,8669,8950
9683,9709,9742
6909,6719,6720
8166,8167,8231
8274,8026,8028
8457,8385,8652
7421,6755,6756
3448,456,458
2379,419,2516
408,410,2308
1815,1945,1946
2038,1815,1814
1815,2038,1945
434,2798,2800
419,421,2516
468,461,458
3710,3448,458
461,3710,458
3710,461,3770
467,3941,465
463,467,465
461,467,463
467,461,468
4111,4148,4211
4876,4472,3863
4876,4821,4864
4821,4876,3863
4609,4821,3863
3213,3175,3176
7913,7979,7926
6487,6293,6234
6293,6487,6134
5876,5877,6067
6095,6536,6236
6536,6573,6236
6573,6536,6534
6534,6536,6068
6536,6095,6068
6095,6235,6093
6235,6095,6234
6293,6235,6234
6235,6293,6815
7111,6535,6067
6495,7111,6067
6535,7111,6742
4617,4503,4165
4423,4134,4139
4617,4423,4139
4423,4141,4134
4423,3826,4141
4423,4617,4165
3826,4423,4165
4140,4544,4543
4583,4140,4543
4134,4583,4139
4140,4583,4134
5517,5281,5242
4544,7081,4543
4780,4812,4781
6552,5919,6167
6544,6552,6167
6448,6545,8602
5361,5508,5242
4827,4826,4555
5036,4555,4504
5036,4827,4555
3824,3826,4165
4503,4288,4165
4565,4621,4862
4565,4074,4621
4075,4073,3924
4073,3925,3924
4073,4074,3925
4074,4073,4621
4073,4402,4621
4402,4073,4292
4073,4075,4292
3939,4508,4095
4508,4007,4008
4007,4508,4100
4356,4568,4040
4275,4356,3588
4356,4275,4273
3467,3417,3414
4132,4140,4134
4544,4132,4131
4132,4544,4140
3979,3961,3962
451,450,454
7434,450,451
8916,7432,7256
436,7432,438
7161,7165,6796
7165,7162,6796
7165,8916,7162
7433,7255,7434
7255,7432,8916
7432,7255,438
7255,441,438
7255,7433,441
7932,7835,7691
7835,7932,7930
7925,7932,7691
7930,7932,7997
7932,7925,7997
7685,7690,7691
7925,7690,7926
7690,7925,7691
7915,7745,7772
7745,7914,7772
7914,7745,7635
8349,8444,7997
7998,8349,7997
7969,7631,7589
7594,7969,7589
7969,7594,7794
7631,7590,7589
7590,7114,7589
7114,7590,7130
6903,6902,6715
6902,7115,6859
7115,7114,7130
7115,6902,7114
7110,6712,6859
7207,7130,7274
6741,7207,7274
7129,7207,6742
7207,6741,6742
6631,6534,6742
6741,6631,6742
6631,6741,6734
6631,6573,6534
6573,6631,6734
6741,6888,6734
6888,7275,7217
6888,6741,7274
7275,6888,7274
7548,7462,7460
7462,7548,7547
7449,7451,7408
7451,7216,7408
7216,6889,7217
6888,6889,6734
6889,6888,7217
6889,7216,7151
7152,7062,7151
7205,7152,7494
9059,8953,9060
9148,591,9079
9149,9148,9079
607,603,9294
7963,8201,529
8201,7963,7931
527,7963,529
7793,7794,7593
7668,7793,7928
7793,7668,7794
510,7547,7550
7547,510,507
513,517,525
513,510,7550
7751,7668,7928
7668,7751,7667
7667,7750,7550
7750,513,7550
513,7750,517
7751,7750,7667
7750,7751,517
7546,7547,507
504,7546,507
7800,501,499
7800,8303,501
7800,499,497
8174,548,544
555,553,8373
8315,8316,548
8316,550,548
553,8316,8373
8316,553,550
535,533,8444
8349,535,8444
535,8349,537
8201,531,529
533,531,8201
7335,7313,7312
7332,7313,7335
7316,7496,7698
7316,7495,7494
7152,7316,7494
7316,7152,7496
7744,466,7013
8363,7495,473
7495,8363,7494
7150,6788,6789
7062,7150,6789
7150,7152,7205
7152,7150,7062
7244,7150,7205
7150,7244,6788
459,457,6934
460,459,6934
459,460,454
450,459,454
459,450,457
7062,7241,7151
7241,6889,7151
6734,7241,6735
6889,7241,6734
6236,6550,6234
6550,6487,6234
6594,6652,6654
7241,6652,6735
6652,7062,6654
6652,7241,7062
457,7167,6934
6934,7167,6855
6653,6594,6654
6653,6654,6789
6549,5674,6487
7242,7487,7488
7487,6481,7488
7487,7242,5822
5806,7487,5822
6933,6935,7488
6481,6933,7488
6933,6481,6657
5676,5632,5633
5676,5806,5632
7133,7134,7124
163,182,184
174,182,163
7132,7050,7124
7050,7051,7124
8235,8289,7875
8480,140,136
140,144,136
8289,140,8480
144,140,8289
8711,8852,8754
8622,8697,8623
8524,8622,8443
9010,8843,8885
8886,9010,8885
8852,9010,8886
8353,8441,8443
8524,8441,8525
8441,8524,8443
9027,8993,8992
9052,9027,9102
9152,9474,9183
8422,8689,8885
8688,8689,8422
8689,8688,8772
8689,8886,8885
8886,8689,8772
9098,9081,8959
9098,8523,9081
9098,8959,8522
9098,8522,8420
8523,9098,8420
8960,8936,8938
8960,9337,8936
9337,8960,9080
8960,9081,9080
8960,8938,8959
9081,8960,8959
9135,9220,9313
64,9220,9218
9220,64,62
9313,9220,62
9020,9135,9021
9014,9020,9021
9020,9219,9218
9220,9020,9218
9020,9220,9135
9023,9021,8977
9023,9014,9021
9014,9023,8731
9023,8730,8731
8730,9023,8977
8733,9014,8731
8729,8733,8731
9013,8733,8734
8733,8659,8734
8733,8729,8659
8706,8701,8702
9081,8706,9080
8523,8706,9081
8706,8523,9008
8701,8706,9008
8516,8693,8426
8693,8701,8426
8693,8516,8396
8701,8693,8702
8707,8730,9080
8707,8708,8730
8708,8707,8702
8706,8707,9080
8707,8706,8702
5001,4586,4584
4503,4572,4504
4572,4617,4585
4572,4503,4617
7084,7083,7064
6957,7084,7064
7344,7084,6957
455,446,452
6563,6561,6500
6561,6660,6691
6660,6561,6136
6561,6563,6136
6560,6561,6691
6561,6560,6500
6050,6051,6135
6005,6050,6010
4027,4491,4640
6759,7415,6185
6759,6760,6186
7415,6759,6186
5418,4983,4985
6200,6202,5926
4145,4485,4486
4272,4145,4486
208,212,204
212,208,7302
208,7180,7302
6747,6867,6962
6554,6556,6920
6867,7093,6962
7093,6867,223
6967,6968,6920
6921,6554,6920
6554,6921,6875
6921,230,6875
7233,7212,7003
7145,6967,6890
7212,7145,6890
7599,401,399
7599,6333,403
6045,6077,6078
6010,6690,6323
7350,7520,6794
7350,7163,7164
7350,7164,7429
7520,7350,7429
2535,2351,2375
1916,1781,1943
1781,1916,1950
1783,1951,1961
1951,1783,1782
2893,2902,3055
3214,3029,3028
4265,3692,3660
5903,5905,6024
5150,4501,5030
5278,5150,5030
5150,5278,5279
5150,5279,5151
5150,5151,4502
4501,5150,4502
5279,5625,5151
3571,4031,5410
4031,3571,3676
3187,3189,3568
3187,3188,3189
3309,3305,3304
3569,3570,3508
3569,3571,5410
3571,3569,3508
3499,5480,3502
3500,5480,3499
3625,3500,3499
3500,3625,3308
3309,3625,3676
3625,3309,3308
3309,3310,3308
3310,3309,3304
3318,3500,3308
3310,3318,3308
3318,3310,3317
3318,3345,3343
3345,3318,3317
3345,3317,3568
3649,3345,3568
3142,3088,3087
3189,3167,3199
3167,3142,3199
3188,3167,3189
2626,2762,2736
2762,3139,2736
2929,2762,2930
2762,2615,2930
2762,2626,2615
4015,2856,2984
3637,2897,3068
2897,2894,2855
2894,3637,3025
3637,2894,2897
2896,3025,3024
2896,2894,3025
2510,2710,2394
2510,3192,2584
3294,3306,3199
3426,3306,3389
3389,3306,3307
3306,3294,3307
3345,3487,3343
3487,3345,3649
3487,3306,3426
3487,3649,3199
3306,3487,3199
3453,3426,3455
3585,3453,3455
3487,3453,3343
3453,3487,3426
125,5910,5969
6525,5853,6342
6420,5589,5588
5589,5595,5588
5853,5596,5852
5589,5596,5595
5596,5892,5852
6386,6252,150
6386,150,154
6344,6386,6385
6386,6344,6252
6392,6092,6385
6386,6392,6385
158,6392,154
6392,6386,154
5554,5555,5413
5555,5554,5587
5554,5990,5587
5939,5554,5413
5990,5554,5939
5531,5533,5538
5531,5307,5533
5531,5538,5429
5307,5531,5429
6297,5814,6031
5244,5414,5245
5414,5244,5413
5244,5246,5413
4267,4171,4183
3760,4267,6469
4171,4267,3760
4094,3865,3705
4678,4723,4324
4723,4678,4366
4237,4327,4326
4237,4723,4325
4237,4326,4324
4723,4237,4324
5428,5200,5245
5307,5428,5245
5428,5307,5429
5308,5428,5429
4989,5201,5431
5201,5308,5431
5200,5201,4988
5201,4989,4988
5428,5201,5200
5201,5428,5308
6047,98,103
98,6047,6239
6047,6049,6239
6048,5970,5969
5970,110,5969
6049,5970,6048
6047,5970,6049
110,5970,103
5970,6047,103
6091,6344,6089
6526,6091,5588
6091,5537,5588
5537,6091,6089
5735,6526,5734
6344,5735,6252
5735,6091,6526
6091,5735,6344
5849,5735,5734
5735,5849,6252
3462,3222,3326
3586,4024,3587
4024,3586,4067
3586,3486,4067
3460,3462,3326
3486,3460,3326
3586,3460,3486
3460,3586,3587
4078,4017,4137
3486,4017,4078
4017,3486,3326
4174,3989,4023
4188,4174,4023
4174,4188,4172
4171,4173,4183
4173,4174,4172
4173,4171,3989
4174,4173,3989
4159,4256,4382
5207,4722,4496
4722,5207,5091
5207,5355,5139
5091,5207,5139
4148,4170,4207
509,6610,508
4884,493,487
485,483,5535
6070,5534,5535
5534,485,5535
5534,486,485
486,481,485
1836,1563,1561
1835,1836,1870
1563,1836,1835
1602,1567,1564
2387,2302,2304
2302,2372,2304
2302,2283,2372
2833,2846,2832
2846,3443,2848
2198,2199,2428
2454,2833,2832
2452,2454,2832
2785,2819,2789
2819,2785,2786
2101,2099,2111
2100,2099,2101
2283,2218,2372
2150,2149,2163
2643,2317,2651
3242,2149,2161
2149,3242,2163
2317,2393,2651
2007,2290,2032
1981,1772,1556
3494,3138,2929
3138,2762,2929
2762,3138,3139
3138,3494,3418
3138,3418,2984
3139,3138,2984
3384,3450,2930
3450,3449,2930
1855,1981,1556
2553,2550,2129
1903,1911,1910
1911,2007,1910
2007,1911,2008
2008,1911,2759
1911,1903,2759
1893,2048,2759
1903,1893,2759
1826,1903,1902
2741,1826,1902
1826,2741,1696
2009,2742,1902
2741,2742,1920
2742,2741,1902
2009,2006,2288
2006,2009,1910
2007,2006,1910
2006,2007,2032
1528,1809,1733
1809,1537,1733
1428,1384,1457
1574,1428,1457
1428,1574,1472
1938,1919,2021
1729,1491,1590
1431,1414,1416
1371,1374,1375
1507,1770,1773
1770,1507,1548
1507,1456,1426
1456,1507,1773
1508,1456,1773
1524,1537,1536
3922,3437,3921
4301,4333,4303
324,333,330
1811,1717,1691
1726,1861,1724
2059,1404,1429
1926,1904,1974
1904,1926,1927
1766,1764,1767
1639,1766,1767
1764,1798,1767
1798,1849,1797
359,2519,356
2088,2157,1965
1966,2089,1965
2089,2088,1965
1850,1816,1848
1816,1849,1848
1849,1816,1797
3049,3085,3045
3085,3084,3045
4829,4079,3583
3556,4829,3583
4079,4829,4230
277,274,3945
274,270,3945
272,3049,3045
268,272,3045
4677,4717,4987
4988,4717,5141
4717,4988,4987
4718,4364,4678
4718,4677,4364
4721,4718,4324
4718,4678,4324
4258,4257,4091
4365,4650,4412
4650,4365,5222
6181,5491,5431
5491,6181,5765
5427,6181,5431
5815,6181,5427
6181,5815,5765
4989,5492,4987
5492,5468,4987
5492,4989,5431
5491,5492,5431
5492,5469,5468
5469,5492,5491
4386,4341,4384
4527,4907,4493
4907,4527,4526
4342,4343,4385
4343,4418,4385
4418,4343,4345
4284,4342,4341
4284,4341,4285
4283,4284,4285
4344,4284,4283
4284,4344,4345
4343,4284,4345
4284,4343,4342
4375,4344,4283
4418,4653,4835
5184,225,219
225,5184,5728
4906,4907,4526
233,237,5171
5004,4383,5171
237,5004,5171
4419,4417,4858
4418,4417,4385
4417,4419,4385
5184,5350,5728
4333,4334,4303
4626,4334,4333
4626,4498,4493
4498,4626,4333
500,6586,498
7108,472,476
6521,7108,476
494,496,6529
881,10898,879
10898,881,10852
6278,6279,6139
6182,6278,6139
6279,6012,6140
6372,6012,6373
6012,6275,6373
6278,6012,6279
6012,6278,6275
6012,5773,6140
5773,6012,6372
6984,6575,169
5343,5294,5293
5294,5343,4835
5345,5766,5293
5294,5345,5293
5345,5294,5344
5345,5344,5490
5766,5345,5490
6637,6415,6724
6415,6637,6413
6194,6415,6413
6415,6195,6724
6415,6194,6195
197,200,6414
200,205,201
5762,5760,5727
5760,5759,5727
5759,6138,5727
5759,5760,5775
5774,5759,5775
5727,214,219
6138,214,5727
214,197,195
6238,6237,6239
6237,6423,89
6237,6238,6422
6423,6237,6422
94,6237,89
6237,94,6239
5836,5938,5837
5938,5937,5837
6114,6942,6424
6942,6422,6424
6942,7053,6422
85,7021,81
6941,7021,7109
7021,6423,7109
6423,7021,85
6896,6941,7053
71,8405,8604
73,8405,71
8604,8405,8406
8405,73,8406
8150,8074,7824
8074,7961,7824
8070,8150,7855
1,9584,3
9584,5,3
9490,9492,9432
9492,9490,9525
9450,9452,9431
9432,9450,9431
9489,9450,9432
9422,9434,4
9502,9434,9422
9434,2,4
9434,9801,2
9434,9502,9801
9576,9611,9555
9555,9611,9554
9611,9610,9554
9611,9576,9623
9610,9611,9623
9433,9423,9422
9433,10,9496
9433,9496,9425
9423,9433,9425
9495,9454,9392
9368,9523,9392
9523,9391,9392
9366,9523,9368
9391,9523,9424
9523,9366,9424
61,8996,53
8996,8980,9049
8980,8979,8840
8996,8979,8980
9322,9321,9113
9366,9322,9327
9322,9366,9368
9321,9322,9368
9043,8840,8898
9042,8933,9113
8933,9043,8898
9043,8933,9042
9216,9321,9365
9321,9216,9113
9216,9042,9113
38,9222,32
38,43,9222
38,32,20
43,48,9049
48,8996,9049
8996,48,53
9318,9317,9315
9318,9216,9365
9318,9315,9221
9317,9316,9455
9316,9454,9455
9316,9318,9365
9318,9316,9317
9487,9342,9329
9342,9330,9329
9342,9487,9426
9427,9342,9426
9342,9427,9341
9328,9342,9341
9342,9328,9330
9328,9367,9327
9091,9328,9327
9330,9328,9091
9343,9257,9354
9444,9343,9354
9387,9343,9444
9487,9486,9426
9387,9486,9487
9276,9449,9278
8591,8571,8592
9085,8994,9311
9240,9085,9311
9085,9240,9446
9085,9446,8871
9090,9276,9091
9090,9449,9276
9449,9090,9199
9067,9069,8932
8727,8981,8840
8838,8981,8727
8840,8981,8898
8558,8651,8841
8571,8593,8592
8866,8593,8830
8593,8866,8592
9538,13,9550
13,9538,16
9262,9264,9251
9581,9553,9550
9558,9566,9533
9305,9304,9336
9304,9305,9306
9305,9339,9306
9339,9442,9458
9339,9303,9306
9338,9303,9380
9231,9362,25
9232,9231,24
9231,25,24
9230,9231,9232
9231,9230,9207
9231,9207,9229
9362,9231,9229
27,9331,29
27,9362,9331
9362,27,25
9258,9379,9301
9300,9304,9306
9300,9379,9304
9379,9300,9301
9300,9338,9301
9303,9300,9306
9300,9303,9338
9185,9377,9577
9377,9185,35
9185,9184,9275
9249,9230,9232
9230,9249,9251
9249,9262,9251
9263,9250,9251
9230,9250,9228
9250,9230,9251
96,6271,92
96,102,6271
102,96,113
113,96,118
114,6769,112
6769,114,6645
5992,6241,5973
6241,5992,6242
6354,151,147
4978,5283,5282
5164,4978,5282
6096,6436,6417
6096,6241,6436
5974,5975,5612
5974,5992,5973
117,6416,6417
6416,6106,6417
6416,117,120
5586,5506,5787
5506,5586,5505
5506,5321,5320
5321,5506,5505
2774,3018,3135
2183,2872,2195
4966,5041,203
5102,5164,5165
5102,5041,5040
4978,4980,4686
4980,4978,5164
5102,4980,5164
4980,5102,5040
222,227,224
4966,210,5332
2247,2366,2368
2366,2504,2368
2503,2366,2505
2367,2366,2247
2367,2570,2505
2366,2367,2505
2506,2366,2503
2366,2506,2504
2249,2247,2368
2189,2186,2164
2132,2189,2164
2027,2132,2164
2189,2132,2211
1808,1807,2003
1807,2135,2003
2131,2027,2164
2135,2131,2164
2131,1807,1774
1807,2131,2135
2249,2223,2247
2188,2135,2164
2019,2077,2018
2087,2381,2211
2381,2087,2382
2369,2247,2265
2369,2367,2247
1953,1955,1954
2114,2087,2211
2132,2114,2211
2086,2085,2087
2114,2086,2087
2086,1955,1275
2086,2114,1955
2253,2042,2251
2085,2042,2253
2580,2501,2487
2384,2435,2382
2435,2381,2382
2381,2435,2411
2484,2580,2487
2580,2484,2549
2383,2253,2398
2383,2384,2253
2549,2383,2398
2484,2383,2549
2403,2352,2353
11031,10966,11033
10966,11008,10965
10877,10966,10965
10966,10877,11033
11032,10966,11031
11032,11136,11008
10966,11032,11008
11116,11031,11073
11061,11116,11073
11116,11061,11115
11116,11032,11031
11116,11115,11211
11136,11116,11211
11032,11116,11136
10949,10951,11020
11019,10949,11020
10879,10949,10950
10951,10949,10879
10949,11019,11018
10900,10964,10831
10908,10906,11018
10900,10908,10964
10906,10908,10796
11433,11400,11420
11446,11433,11445
11433,11446,11397
11400,11433,11397
11447,11489,11445
11433,11447,11445
11489,11447,11494
11447,11493,11494
11493,11447,11420
11447,11433,11420
934,11372,929
11372,11331,929
11372,11373,11453
11372,934,939
11373,11372,939
929,11266,924
11331,11266,929
11266,11109,924
11109,11266,11070
11496,11321,11509
11321,11508,11509
11450,11583,11397
11398,11583,11450
11518,11470,11469
11470,11398,11469
11520,11518,11487
11520,11470,11518
11455,11466,11456
10886,883,10987
10887,10886,10987
10847,10886,10887
881,10886,10852
10886,881,883
11396,11424,1022
10877,10743,10831
9034,8978,8977
8978,9337,8977
9337,8978,8936
8978,8937,8936
8937,8978,9034
9239,9127,9033
9239,9134,9237
9239,9033,9134
9238,9239,9237
9239,9238,9166
9127,9239,9166
8976,8909,8848
8976,8937,8909
8847,8976,8848
8937,8976,8847
60,57,59
57,60,9213
60,59,9214
9213,60,9214
8827,57,8773
57,8827,52
8829,8827,8773
8827,49,52
9054,8908,9104
41,9054,9104
45,9054,41
8399,8401,8420
8400,8399,8421
8399,8376,8401
8376,8399,8400
8422,8399,8420
8399,8422,8421
8377,8376,8400
8376,8377,8272
8623,8475,8354
4033,5018,4032
9381,9382,9084
8971,8779,8973
8779,8971,8780
11551,11561,11555
1044,11561,11560
11561,11551,11560
11568,11567,11588
11532,11593,11533
11593,11532,11536
11535,11593,11542
11249,11318,11247
11246,11227,11378
11169,11275,11170
11132,11362,11365
11195,11132,11365
11362,11132,11170
11104,11132,935
968,11177,974
10504,10636,10535
11572,11582,1006
11577,11576,11510
11576,11499,11570
11438,11313,11391
11576,11438,11499
11438,11576,11577
11423,11438,11391
11438,11423,11499
11351,11353,11591
11351,11577,11353
11351,11591,11314
11313,11351,11314
11438,11351,11313
11351,11438,11577
11423,11498,11499
11498,11592,11499
11498,11423,11442
11370,11369,11442
11423,11370,11442
11370,11423,11368
11301,11370,11368
11369,11370,11364
11370,11301,11364
9589,9574,9510
9544,9589,9510
9640,9618,9626
9640,9626,9630
9640,9641,9574
9641,9640,9630
9618,9625,9626
9722,9643,9725
9643,9641,9630
9641,9643,9575
9643,9722,9575
9625,9627,9626
9627,9625,9590
8569,7825,8325
9674,9608,9777
9608,9674,9607
9507,9551,9461
9514,9498,9503
9498,9411,9503
9411,9498,9412
9498,9514,9508
9439,9346,9350
8375,8188,8187
8188,8375,8315
9295,9211,9309
9211,9210,9209
9210,9149,9079
9396,9373,9324
9373,9396,9534
9674,9637,9607
9637,9674,9696
9637,9638,9647
9606,9637,9647
9637,9606,9607
9814,9884,9818
9754,9756,9988
769,10022,781
10022,788,781
754,10015,769
10015,754,9961
10015,10022,769
10022,10015,9993
709,691,701
9786,9612,9644
9786,9644,9645
9786,701,9794
9612,9786,9794
709,9786,9645
9786,709,701
9563,9612,9518
9563,9551,9562
9636,9563,9562
9563,9636,9644
9612,9563,9644
694,9795,9794
9795,9612,9794
9612,9795,9518
9518,9795,9517
9663,9650,9676
655,9578,9620
9578,9747,9620
9578,655,651
9578,651,649
9716,9860,9895
10071,10194,714
10194,10071,10223
10071,10097,10223
10097,10071,10099
707,10071,714
10071,707,10099
10258,10448,10431
10291,10258,10431
10258,10291,10244
10243,10258,10244
10392,10391,10397
10391,784,10397
10391,10380,793
10380,10391,10392
795,10347,797
10380,10347,795
798,10347,792
10347,798,797
774,784,777
784,774,779
9999,9998,9895
737,748,10017
9588,9312,9294
9588,9295,9463
619,9312,9435
10554,10551,10544
10567,10551,10554
9289,9288,9286
9289,9325,9324
9448,9546,9480
9403,9359,9595
9298,9333,9299
9333,9298,9288
9699,9603,9592
9604,9698,9697
9699,9604,9697
9604,9700,9698
9604,9699,9592
9603,9766,9806
9766,9603,9699
9766,9699,9697
9753,9773,9772
9673,9751,9750
9348,9346,9347
9346,9348,9350
9350,9348,9436
9348,9700,9436
9700,9348,9516
9460,9476,9347
9476,9460,9475
9476,9348,9347
9348,9476,9516
9743,9475,9517
9743,9476,9475
9476,9743,9516
9370,9374,9364
9356,9370,9364
9385,9245,9401
9803,9802,9772
9712,9789,9702
9790,9789,9712
9789,9704,9702
9860,9819,9999
9520,9481,9480
9520,9529,9530
9705,9710,9711
9710,9716,9711
9860,9710,9769
9716,9710,9860
9666,9632,9634
9632,9666,9705
717,9878,721
9822,9819,9820
9819,9822,9999
9807,9773,9806
9766,9807,9806
9878,9836,721
9931,9836,9878
9594,9572,9521
9357,9359,9287
9802,9871,9772
9871,9802,9790
9871,9790,9712
9974,9871,9712
9684,9679,9712
9679,9974,9712
9681,9679,9770
9974,9679,9681
9547,9599,9482
9312,9464,9435
9420,9464,9463
9464,9588,9463
9588,9464,9312
9396,9419,9534
9599,9419,9482
9419,9599,9420
9579,646,643
638,646,649
646,638,643
9651,9579,643
638,9651,643
9579,9651,9676
10294,10428,755
10428,760,755
760,10428,10294
11298,11107,11299
11107,11108,11299
951,11107,953
11107,11298,953
11107,951,948
11108,11107,948
11196,11195,11197
11108,11196,11366
11196,11301,11366
11301,11196,11197
11196,11108,946
11184,10799,10902
10995,11184,10902
10734,10731,10765
10777,10734,10765
10734,10777,10735
10728,10734,10735
10734,10728,10731
10719,10608,10587
10751,10719,10587
10731,10719,10751
10719,10731,10568
10971,10918,10916
10953,10820,10977
10820,10953,10960
10780,10953,10977
10994,10971,10916
10960,10814,884
10814,886,884
994,1013,1005
11595,1049,1056
11532,11544,11536
11553,11544,11558
11544,11553,11536
11551,11543,11554
11553,11543,11536
11543,11551,11555
11587,1059,11589
1059,11587,1061
1059,1029,1053
1059,1030,1029
11562,11566,11554
11543,11562,11554
11562,11543,11553
11562,11553,11559
11566,11562,11559
5516,5524,5515
5526,5524,5516
5524,5526,5859
5614,5524,5859
5503,5504,5738
5263,5504,5503
5504,5737,5738
5737,5504,5400
5504,5266,5400
5504,5263,5266
5265,5019,5020
5042,5019,5087
5042,4992,5019
4992,5042,4993
5316,5042,5087
4993,5042,5316
7163,6692,6693
6692,6560,6693
6692,6795,6560
7350,6692,7163
6795,6692,6794
6692,7350,6794
3659,4151,4410
3543,3656,3561
4883,4825,4838
4841,4883,4838
4713,4591,5262
4947,5315,5515
4947,4948,5315
5524,4947,5515
4947,5524,5614
5397,5035,5395
4849,4411,4410
4409,4959,4691
4483,4330,4484
4552,4483,4484
6005,5980,5978
5978,5980,5861
6688,6006,6323
6688,5758,6006
5329,6969,5330
5758,6969,5329
6969,6688,5756
6688,6969,5758
5979,5329,5659
5979,5758,5329
5979,5659,5861
5980,5979,5861
5758,5979,6006
5979,5980,6006
4546,5397,5395
5394,4546,5395
5397,4546,4468
4546,5394,5396
5394,5231,5396
5231,5135,5396
5135,5085,5396
5085,5134,5086
5134,5085,5135
4430,4469,4470
5085,4469,5396
4469,5085,4470
4469,4546,5396
4546,4469,4430
4546,4424,4468
4424,4546,4430
5068,5085,5086
5085,5068,4470
4150,4014,4361
4014,4150,4151
5658,5582,6976
5658,6976,5859
5658,5860,5861
5582,5658,5861
5526,5658,5859
5658,5526,5860
6443,5721,5738
5737,6443,5738
6443,6301,5721
618,8726,614
8726,618,8950
8669,8726,8950
8726,8669,8671
9036,8952,627
8952,8974,8669
8974,9036,9206
9036,8974,8952
623,626,636
626,623,620
9019,9001,9003
9591,9625,9618
9590,9591,672
9625,9591,9590
9640,9670,9618
9589,9670,9574
9670,9640,9574
9724,9683,9742
10038,725,732
10038,9709,725
9709,9694,725
9694,9683,9678
9694,9709,9683
632,9036,627
10729,10907,10794
618,621,8950
8952,621,627
621,8952,8950
6289,6161,6162
6161,6289,6547
7194,7295,7296
6975,6972,6546
6972,6975,6909
6719,6975,6546
6909,6975,6719
6142,1087,6300
6288,6289,6162
6282,6288,6162
6288,6282,6719
6288,6719,6546
7159,7138,6879
1112,1110,1115
1116,1112,1115
5065,5064,5126
5064,5065,4224
7670,8167,8166
7957,7959,7814
7959,7957,8179
7669,7670,8166
7670,7669,7374
7670,7375,7814
7375,7670,7374
7297,7194,7296
7262,7297,7296
8178,8539,8179
8385,8447,8652
8449,8544,8709
8544,8449,8254
8700,8684,8699
8256,8544,8254
7917,7862,8007
8975,8974,9206
8974,8975,8670
8669,9128,8636
8974,9128,8669
9128,8974,8670
8626,8668,8484
8668,9128,8670
8668,8626,8636
9128,8668,8636
7927,7478,7836
6755,6929,6438
7757,7791,7790
7791,7757,7758
8095,8006,8007
8006,7917,8007
7917,8006,8029
8026,8006,8028
8006,8095,8028
1627,1658,1570
1658,1705,1706
1705,1658,1627
1663,1705,1627
1422,1424,1420
1379,1422,1420
1422,1379,1421
1423,1422,1421
1422,1423,1424
2214,408,2308
2379,416,419
410,406,404
406,410,408
406,2214,404
2214,406,408
2104,2379,2516
2140,2447,2240
421,2447,2516
2447,424,2240
2447,421,424
2038,2103,1945
2103,2140,1945
2103,2104,2516
2104,2103,2038
2447,2103,2516
2103,2447,2140
2139,2140,2240
1945,2139,1946
2140,2139,1945
1887,1919,1938
1887,1888,1939
1888,1887,1938
412,410,404
2116,1888,1938
2116,1938,2021
2116,2214,2308
2020,2116,2021
2214,2116,2020
3325,3204,449
442,3297,439
3297,3204,3404
3204,3297,442
2798,2781,2800
2781,2797,2799
2797,2781,2798
435,2798,434
3278,3445,3444
3325,3324,3448
3324,456,3448
456,3324,453
453,3324,449
3324,3325,449
3725,3325,3448
3725,3726,3444
3445,3490,3444
3490,3445,3404
3490,3725,3444
3725,3490,3325
3204,3490,3404
3490,3204,3325
3071,3403,3070
3445,3403,3404
3403,3297,3404
3297,3403,3071
3944,2802,2799
2445,434,2800
2263,2445,2800
6704,6705,7103
7535,6704,7103
6705,6456,7103
6262,6456,6705
6456,6262,6455
6157,6963,6156
6963,6964,6994
6963,6157,6964
4856,5185,4207
4693,4931,4694
4994,4931,4693
545,8034,543
8034,7866,543
5192,3942,4013
3941,3942,465
3942,3941,4013
3941,4011,4013
4110,4011,4012
4261,5646,4262
4113,4111,4211
4113,4110,4012
4111,4113,4012
4111,4035,4148
4035,4111,4012
2859,2766,2764
2766,2712,2764
6282,6281,6720
6871,4865,5384
5768,6871,5384
5768,5152,5769
5152,5768,5384
3734,3862,3733
3862,3734,3863
4472,3862,3863
3734,3732,3967
3732,3746,3967
4112,4110,4262
4234,4112,4262
4011,4112,4013
4112,4011,4110
3891,5192,4013
4112,3891,4013
3891,4112,4234
3275,3313,3059
4025,3928,3671
3828,4472,4429
3928,3828,4429
3828,3928,4025
3828,3862,4472
3828,4025,3733
3862,3828,3733
3218,3672,3273
3769,3710,3770
3725,3769,3726
3710,3769,3448
3769,3725,3448
4056,3816,3350
7817,7979,7913
7817,7818,7701
7915,7817,7913
7818,7817,7915
7999,7925,7926
7979,7999,7926
7914,7389,7772
7309,7463,7333
7592,7806,7593
7806,7793,7593
7793,7806,7804
7806,7592,7689
7688,7592,7586
7688,7685,7689
7592,7688,7689
7592,7585,7586
7585,7594,7591
7594,7585,7593
7585,7592,7593
6235,6094,6093
6094,6235,6815
5878,5709,5804
5709,5878,5805
6069,6495,6067
5877,6069,6067
4632,4709,4886
5027,4709,4868
4709,5027,4886
4709,5079,4868
6712,6711,6859
6711,6902,6859
6902,6711,6715
6711,6712,6643
6712,6572,6643
7585,7595,7586
6713,6711,6643
6711,6713,6715
7414,6904,7390
7389,7414,7390
7414,7389,7914
7414,7914,7635
5243,4666,5242
5281,5243,5242
5243,7081,4666
5281,5920,5748
5920,5281,5517
5919,5920,5517
4545,4583,4543
4587,4545,4543
4545,4586,4139
4583,4545,4139
4586,4545,4584
4545,4587,4584
6042,6053,5748
6053,5281,5748
5281,6053,5280
6042,6190,5804
6190,6309,6509
6190,6042,5748
6309,6190,5748
4587,5393,4584
5393,4587,5280
6053,5393,5280
5393,6053,6042
6196,6285,7239
5565,6285,6196
5072,5073,4813
5073,4812,4813
4812,5073,4781
7081,4665,4666
4665,7081,4544
4665,4544,4131
4664,4665,4131
4638,4662,4637
4662,4638,4664
4779,5070,4880
6168,6196,6167
6168,5565,6196
5508,5567,5517
5567,5919,5517
6168,5567,5508
5919,5567,6167
5567,6168,6167
6544,6216,6448
6196,6216,6167
6216,6544,6167
6508,6551,8602
6309,6508,6509
6508,6309,6551
6450,6448,8602
6551,6450,8602
6450,6544,6448
6544,6450,6552
6450,6551,6552
5361,5563,5508
5563,6168,5508
5565,5563,5566
6168,5563,5565
4666,5359,5242
5359,5361,5242
5359,4881,4880
5361,5359,4880
4940,4826,4827
5019,4940,5020
5037,5149,5020
5036,5038,4827
4598,4823,6217
4825,4598,6217
4620,4598,4825
4597,4620,4862
4401,4597,4402
4597,4598,4620
4598,4597,4401
4621,4597,4862
4402,4597,4621
4556,4294,4555
4826,4556,4555
3927,3824,4165
4288,3927,4165
4291,4503,4504
4291,4288,4503
4288,4291,4294
4555,4291,4504
4294,4291,4555
3987,3656,3926
3656,3987,4242
3925,3987,3926
4074,3987,3925
4242,3987,4564
3987,4565,4564
3987,4074,4565
4096,5079,4095
4508,4096,4095
4096,4508,4008
4432,4431,4453
4568,4618,4040
4275,4120,4273
4006,4120,4100
4120,4006,4273
3468,3467,3414
3924,3689,3827
3417,3469,3411
3467,3469,3417
3689,3469,3467
3686,3609,4282
3609,3961,4282
3826,3896,4141
3961,3673,3962
3673,3612,3962
3612,3673,3567
3980,3979,3962
3612,3980,3962
3980,3612,4222
3979,4505,3961
4505,4231,4282
3961,4505,4282
4595,4719,4720
4353,4200,4199
4200,4353,4720
4200,4059,4199
4059,4200,4197
4306,4719,4923
4719,4306,4720
4306,4200,4720
4200,4306,4197
447,444,443
446,447,443
455,447,446
450,447,457
447,455,457
7490,7432,436
7432,7490,7256
7490,436,433
440,7165,7161
440,7161,443
444,440,443
7165,7254,8916
7254,7255,8916
7254,440,444
440,7254,7165
7255,7254,7434
7254,447,7434
447,7254,444
7686,7690,7685
7686,7913,7926
7690,7686,7926
8117,8174,544
7969,7666,7631
7666,7668,7567
7631,7666,7567
7668,7666,7794
7666,7969,7794
7117,6902,6903
7114,7117,7591
6902,7117,7114
7115,7320,6859
7320,7110,6859
7208,7115,7130
7207,7208,7130
7208,7207,7129
7320,7208,7129
7208,7320,7115
7453,7450,7408
7217,7572,7408
7275,7572,7217
7572,7453,7408
7453,7572,7275
7496,7409,7449
7409,7451,7449
7409,7152,7151
7152,7409,7496
7216,7409,7151
7451,7409,7216
9060,9077,9136
9136,9077,9147
9147,9077,9079
9148,597,591
597,9148,9149
603,597,9149
7964,527,525
7964,7963,527
7964,7804,7931
7963,7964,7931
517,523,525
7751,519,517
519,523,517
523,519,521
521,519,7928
519,7751,7928
7671,7546,504
7671,504,501
8303,7671,501
7495,7500,7498
7800,7500,8303
7500,7316,7698
7316,7500,7495
7461,7500,7698
7500,7461,8303
7799,8198,497
8198,7800,497
492,8198,7799
7498,8198,492
7500,8198,7498
8198,7500,7800
8174,8317,548
8317,8174,546
8188,8317,546
8317,8315,548
8317,8188,8315
559,557,8890
8466,557,555
557,8466,8890
568,559,563
9132,568,563
568,557,559
557,568,572
9059,568,9132
572,568,9059
577,9060,9136
577,9059,9060
577,572,9059
7331,7332,7566
7331,7623,7622
7331,7622,7333
7313,7075,7312
469,466,7744
469,492,495
492,469,473
466,464,7013
464,466,454
7206,8363,7744
7206,7244,7205
7206,7205,7494
8363,7206,7494
7206,7744,7013
6854,6787,6788
6787,6854,6855
7012,7206,7013
7206,7012,7244
7012,6854,6788
7244,7012,6788
6550,6574,6594
6574,6652,6594
6652,6574,6735
6574,6550,6236
6574,6573,6735
6573,6574,6236
7471,7167,457
455,7471,457
6656,6651,6657
6651,6790,6657
6653,6592,6594
6592,6651,6656
6651,6592,6653
6593,6550,6594
6592,6593,6594
6593,6592,6549
6550,6593,6487
6593,6549,6487
7570,7487,5806
7487,7570,6481
5676,7570,5806
8086,8073,8087
8073,8074,8087
8088,8073,8089
8073,8088,7961
8074,8073,7961
7131,7134,193
189,7131,193
7131,189,7132
7131,7132,7124
7134,7131,7124
198,7133,204
198,7134,7133
7134,198,193
215,198,204
193,198,218
198,215,218
7322,6980,6866
7301,7133,7123
7301,7322,7180
6991,7301,7123
6980,7301,6991
7322,7301,6980
7612,189,184
189,7612,7132
182,7612,184
7050,7427,7049
7427,7612,182
7427,7050,7132
7612,7427,7132
7032,7050,7049
7050,7032,7051
6992,7032,7033
7051,6992,6990
7032,6992,7051
7073,174,163
6866,6613,6747
6980,6613,6866
7532,7401,7504
7533,7532,7504
7532,7533,7578
8039,7578,7658
7532,8039,7579
8039,7532,7578
7798,7524,7842
7290,7798,7842
7798,7527,7524
7578,7657,7658
7657,7540,7658
8289,8431,8234
8235,8431,8289
8431,148,8234
7682,8431,8235
7531,7533,7504
7531,7682,7680
7682,7531,8236
8993,8752,8992
8752,9152,8992
8753,8754,9172
8753,8711,8754
8752,8753,9152
8753,8752,8711
9217,58,9172
58,56,9172
58,9217,59
58,59,35
40,58,35
58,40,56
9185,40,35
40,9185,9275
9018,8439,8429
8644,8355,8353
8439,8355,8429
8252,8353,8354
8252,8644,8353
9027,8872,8993
8872,9027,9052
8755,8752,8993
8524,8535,8622
8535,8746,8622
8535,8524,8525
8535,8872,8746
8872,8535,8993
8535,8755,8993
8746,8747,8622
8697,8747,9015
8747,8697,8622
9205,56,54
51,9205,54
9205,51,9474
9020,9022,9219
9022,9020,9014
9219,9022,9070
9022,9013,9070
9022,8733,9013
8733,9022,9014
8702,8518,8609
8693,8518,8702
8609,8518,8517
8517,8518,8396
8518,8693,8396
5790,6094,6815
6094,5790,5788
6170,6293,6134
6293,6170,6815
6170,5790,6815
5790,6170,5789
5710,5709,5788
5790,5710,5788
5710,5790,5789
5845,4585,4586
5001,5845,4586
5845,4572,4585
5365,5038,5036
6051,6011,6052
6050,6011,6051
6011,7037,6052
7037,6011,5857
6011,6005,5857
6011,6050,6005
340,6872,342
283,279,6932
279,275,6932
7416,6759,6185
7416,6185,7005
7212,7004,7003
7004,7212,6892
7004,7416,7003
7416,7004,6759
5797,5749,5750
6200,5796,6186
5796,7415,6186
7415,5796,5984
5796,5797,5984
5797,5796,5749
5749,4984,5750
6025,5903,6024
6506,7137,7005
6185,6506,7005
6506,6185,5984
6999,283,6932
7036,6999,6932
4487,4658,4485
4487,4145,4488
4145,4487,4485
4487,5002,4658
3750,4050,4030
4050,4961,4147
3677,4031,3678
3750,3677,3678
3677,3750,4030
4031,3677,5410
4642,4640,4499
3787,3786,3749
5336,5015,5013
4146,4145,4272
4050,4251,4030
4251,4050,4147
7179,208,204
208,7179,7180
7133,7179,204
7301,7179,7133
7179,7301,7180
6745,6867,6747
6745,6554,6875
6867,6745,6875
6967,6555,6778
6555,6967,6920
6556,6555,6920
6746,6556,6554
6745,6746,6554
6746,6747,6515
6746,6745,6747
7094,215,212
7094,212,7302
7093,7094,7302
7135,6968,7304
7234,7236,267
262,7234,267
230,226,6875
226,6867,6875
6867,226,223
7233,7446,7212
7446,7145,7212
6968,7446,7304
7446,6968,6967
7145,7446,6967
6484,6779,6778
6334,7599,403
7599,6334,401
6706,6707,6391
6391,6707,5866
6707,6333,5866
6389,6391,6078
6389,6706,6391
5627,5277,6370
5277,5627,5172
6044,5627,6370
5627,6044,6754
6333,405,403
6707,405,6333
7520,426,6794
426,425,6794
6324,6690,6010
6324,6050,6135
6050,6324,6010
6563,6499,6135
6499,6563,6500
6499,6324,6135
6324,6499,6679
5277,5626,6370
5626,5277,5267
396,5867,399
5867,7599,399
6333,5867,5866
7599,5867,6333
385,387,396
385,396,399
387,394,396
6130,385,7214
385,6130,387
394,389,391
389,394,387
6130,389,387
389,6130,5767
5802,5801,6110
5731,5800,6045
5800,5801,6754
6080,5731,6045
6080,6391,5866
6080,6045,6391
4201,3699,3633
3699,4201,4028
3585,3634,3633
3634,4201,3633
4201,3634,3808
3426,3427,3455
3427,3426,3389
3390,3389,3307
3388,3390,3307
3089,3140,3087
3140,3142,3087
3140,3294,3142
3294,3140,3307
3017,3124,3636
3124,3017,3016
1960,1783,1961
1960,2019,1676
1783,1960,1676
1960,2076,2019
2351,2376,2375
2143,2043,2144
2217,2143,2144
2931,2682,3136
2508,2044,2294
2337,2508,2294
2337,2405,2293
2471,2472,2885
2472,2471,2294
2558,2471,2885
2902,2558,2885
2558,2902,2893
1783,1679,1782
1666,1679,1676
1679,1783,1676
2216,2217,2144
1948,2216,2144
2043,1949,2144
1949,1948,2144
1948,1949,1950
1781,1944,1782
1944,1951,1782
1944,1949,1951
1944,1781,1950
1949,1944,1950
3054,3270,3542
3399,3054,3542
3230,2893,3055
3231,3230,3055
3230,4323,2893
3398,3232,3948
3232,3398,3231
3334,2824,3132
3420,3334,3132
2681,2846,2848
2846,2681,2832
2682,2847,3136
2847,2681,2848
2681,2847,2682
2947,2931,3136
2902,2901,3055
2910,2911,3226
2947,3224,3226
3245,3246,3379
3244,3245,3379
3029,3245,3244
3245,3214,3246
3245,3029,3214
4153,3570,4152
4153,3670,4448
3670,3244,3379
4448,3670,3379
3570,3458,3508
3259,3458,3379
3458,4448,3379
4153,3458,3570
3458,4153,4448
4187,4428,4219
4758,4339,5166
3248,3240,3457
3691,4033,4032
3691,3692,4033
5906,5905,5903
5557,5906,5418
5906,5903,5418
313,317,308
5908,5625,5279
3214,3186,3246
3305,3303,3259
3458,3303,3508
3303,3458,3259
3507,3309,3676
3507,3305,3309
3507,3303,3305
3571,3507,3676
3507,3571,3508
3303,3507,3508
3501,3585,3633
3501,3697,3502
3697,3501,3633
3784,3625,3499
3784,3787,3749
3787,3784,3499
3625,3784,3676
3784,3678,3676
3678,3784,3749
3311,3310,3304
3310,3311,3317
3317,3311,3568
3311,3187,3568
3344,5480,3500
3318,3344,3500
5480,3344,3502
3344,3501,3502
3043,3113,3083
2895,2856,4015
2895,4015,6073
2897,2895,6073
2895,2897,2855
2856,2895,2855
3637,3015,3025
3025,3015,3024
3015,3124,3016
3015,2960,3024
3015,3637,3068
3124,3015,3068
2510,2371,3192
2372,2371,2304
2371,2394,2304
2371,2510,2394
3027,3181,3028
2568,2388,2305
3043,2880,3052
2880,3043,3083
3879,3804,3591
3592,3804,3388
3592,3388,3307
3017,2958,3016
3015,2958,2960
2958,3015,3016
6252,146,150
150,146,154
7655,5849,5911
5849,7655,6252
7655,146,6252
146,7655,143
131,5910,125
139,5912,135
5912,139,5911
5912,131,135
131,5912,5910
5851,5912,5911
5912,5851,5910
5849,5851,5911
5851,5849,6525
5910,5851,5969
6525,5733,5853
5595,5733,5734
5733,5849,5734
5849,5733,6525
5733,5596,5853
5596,5733,5595
5835,5589,6420
5835,6420,5587
5835,5836,5837
5836,5835,5587
6126,5939,5413
5246,6126,5413
5924,6297,6031
5925,5924,6031
5924,5382,6297
5138,5244,5092
5244,5138,5246
5138,5092,5139
5354,5138,5139
5140,5244,5245
5200,5140,5245
4986,5140,5200
5140,4986,5092
5244,5140,5092
4267,3864,6469
3864,3705,6469
3864,4094,3705
4094,3864,4325
4094,4259,4091
4259,4258,4091
4258,4259,4366
3222,245,247
245,3222,3462
3759,3461,3587
4018,3327,3326
3327,4017,3326
4068,4159,4382
4068,4024,4067
4159,4068,4067
4024,4068,4023
4068,4188,4023
4173,4182,4183
4182,4237,4183
4237,4182,4327
4255,4256,4159
4255,4078,4137
4255,4159,4078
5355,5383,6833
5207,5383,5355
5383,5207,4496
484,4170,477
4930,4355,4694
4930,4856,4207
4355,4930,4207
493,489,487
489,482,487
4354,4355,491
4355,4354,4694
4354,4507,4694
6964,7008,6994
6371,511,512
511,6578,509
6578,6610,509
6368,6578,6120
6578,6368,6610
6611,6893,506
6611,506,508
6610,6611,508
6611,6368,6893
6368,6611,6610
5832,5831,5808
5739,5499,5808
5807,5831,6295
5831,5807,5808
5807,5739,5808
4884,4669,493
4669,489,493
489,4669,4507
4830,4669,4884
4669,4830,4507
4830,4693,4694
4507,4830,4694
4885,4884,5137
4885,4830,4884
4885,4994,4693
4830,4885,4693
5370,5136,5137
5683,5370,4578
5482,5683,5772
5683,5482,5370
4578,5362,4579
5370,5362,4578
5362,5370,5137
4884,5362,5137
4579,5362,487
5362,4884,487
515,522,520
516,515,520
6058,5534,6070
478,4578,475
5416,5181,5417
5181,5289,5417
5502,5500,5417
5289,5502,5417
1862,1836,1561
1567,1562,1564
1714,1671,1734
1836,1869,1870
1869,1931,1870
1461,1441,1418
1401,1461,1418
2100,2146,2148
2084,2100,2101
2198,2102,2199
2102,2198,2289
2084,2102,2289
2102,2084,2101
2102,2113,2199
2113,2101,2111
2113,2102,2101
2199,2427,2428
2303,2302,2387
2303,2388,2568
2290,2287,2032
2241,2287,2331
2287,2241,2032
2241,2031,2032
2006,2031,2288
2031,2006,2032
2332,2241,2331
2426,2524,2540
2426,2198,2428
2198,2426,2540
2434,2524,2539
2650,2896,3024
2896,2650,2555
2790,2785,2789
2099,2112,2111
2112,2302,2111
2302,2112,2283
3192,2370,2163
2218,2370,2372
2370,2371,2372
2371,2370,3192
2219,2218,2283
2112,2219,2283
2219,2112,2099
2219,2100,2148
2219,2099,2100
2373,2150,2163
2370,2373,2163
2373,2370,2218
2150,2373,2148
2373,2219,2148
2219,2373,2218
2149,2162,2161
2147,2162,2149
2162,2180,2648
2180,2162,2147
2751,2649,2786
2649,2751,2651
2751,2643,2651
2785,2751,2786
2509,3242,2317
3192,2509,2584
2509,3192,2163
3242,2509,2163
2509,2643,2584
2643,2509,2317
2557,2649,2651
2393,2557,2651
2650,2557,2555
2083,2007,2008
2007,2083,2290
2290,2083,2289
2083,2084,2289
3598,3735,3600
3512,3608,3600
2615,2543,3384
3392,3450,3384
3282,3557,3558
3557,3623,3558
3623,3557,3622
3528,3282,3558
3845,3424,3844
5012,5802,6110
1855,2165,1981
2473,2716,2181
2180,2716,2648
2716,2180,2181
2204,2473,2181
2204,2237,2473
2237,2204,2205
2493,2626,2625
2626,2493,2615
2282,2716,2473
2282,2441,2648
2716,2282,2648
2162,2243,2161
2316,2393,2317
2316,2318,2393
3242,2316,2317
2316,3242,2161
3139,2734,2736
1541,1763,1551
1553,1541,1551
3517,3363,3514
3517,3360,3363
3360,3412,3361
3412,3417,3411
3412,3411,3410
3361,3412,3410
3516,3518,3415
2429,2550,2553
2705,2046,2129
1912,1893,1903
1826,1912,1903
1893,1912,1827
1912,1826,1827
1699,1696,1656
1699,1826,1696
1830,1699,1656
1826,1699,1827
1932,2742,2009
1932,2009,2288
1931,1932,2288
1932,1869,1889
1869,1932,1931
1932,1889,1920
2742,1932,1920
2019,1677,1676
1677,2019,2018
1677,1666,1676
1605,1567,1602
1666,1605,1602
1488,1772,1548
1772,1488,1556
1441,1442,1418
1442,1443,1418
1442,1529,1443
1747,1528,1733
1719,1721,1761
1721,1719,1734
1537,1651,1536
1809,1651,1537
1651,1809,1444
1651,1465,1536
1465,1651,1444
1351,1346,1353
1384,1419,1457
1419,1443,1457
1684,1471,1472
1926,1841,1927
1684,1841,1471
1875,1926,1429
1471,1875,1429
1875,1841,1926
1841,1875,1471
1574,1662,1472
1684,1662,1681
1662,1684,1472
1428,3061,1384
1383,3061,1391
3061,1383,1384
1471,1427,1472
1427,1428,1472
1427,1471,1429
1492,1491,1487
1700,1722,1728
1644,1641,1691
1641,1644,1576
1919,1942,2021
1942,2020,2021
1619,1729,1590
1729,1715,1491
1715,1722,1680
1722,1715,1728
1493,1715,1680
1715,1493,1491
1491,1493,1487
1532,1431,1430
1532,1545,1555
1543,1532,1430
1410,1379,1420
1379,1410,1375
1410,1371,1375
1414,1392,1416
1592,1508,1773
1592,1591,1508
1591,1592,1913
1455,1456,1508
1456,1433,1426
1433,1455,1434
1455,1433,1456
1425,1398,1426
1433,1425,1426
1425,1433,1402
1398,1397,1445
1446,1398,1445
1446,1488,1548
1488,1446,1445
1446,1548,1426
1398,1446,1426
1360,1361,1402
1401,1360,1402
1361,1360,1353
1697,2741,1920
2741,1697,1696
1524,1535,1537
4301,4037,4333
3929,3922,3921
277,3929,3921
3929,277,3945
4037,3929,3945
3929,4037,4301
3126,3039,311
3039,309,311
309,300,311
300,309,294
3922,3438,3437
3435,3728,4492
3433,3435,3405
3728,3435,3433
3817,3818,4492
3818,3817,3848
3818,3435,4492
3435,310,3405
327,324,330
1589,1590,1531
1589,1619,1590
1620,1661,2611
3109,2312,2311
2299,2239,2261
2139,2239,1946
1794,1725,1724
1725,1794,1659
2312,2028,2310
2028,2312,3109
2361,2028,3109
1921,2028,1868
1718,1726,1724
1718,1725,1643
1725,1718,1724
1815,1779,1814
1810,1811,1812
1887,1810,1812
1810,1887,1939
1795,1794,1724
1860,1861,2310
2028,1860,2310
1860,2028,1921
1795,1860,1921
1861,1860,1724
1860,1795,1724
1861,2596,2310
2239,2596,1946
1947,1861,1726
1947,1815,1946
1815,1947,1726
2596,1947,1946
1947,2596,1861
1725,2054,1643
1597,1609,1611
1639,1637,1899
2059,1736,1404
1976,1926,1974
1736,1976,2058
1976,1736,2059
1926,1976,1429
1976,2059,1429
1904,1900,1974
1786,1900,2097
1968,1904,1927
1786,1785,1764
1785,1798,1764
1785,1786,2097
1438,1481,1487
3041,359,361
3041,2519,359
363,3041,361
2511,2512,2519
2519,2518,356
2512,2518,2519
2518,2512,2520
354,2518,2520
2518,354,356
2266,2157,2088
2221,2177,2220
2177,2266,2088
2266,2177,1987
2092,2089,1966
3943,4062,4230
4062,3943,4311
3906,3907,3721
3907,3906,3963
4079,4229,4081
4229,4079,4230
295,291,284
3164,291,295
291,288,284
288,291,3164
2727,2768,2903
3048,3011,3627
3011,3048,3046
3085,3012,3046
3012,3011,3046
3012,3085,3049
2904,2928,2926
5256,3554,3555
3554,4829,3556
3465,4018,3333
3332,3465,3333
3465,3327,4018
3465,3556,3583
3465,3332,3556
3437,281,3921
281,277,3921
277,281,274
281,270,274
3946,270,266
270,3946,3945
251,3481,254
3529,257,254
3481,3529,254
3529,3481,3719
4389,3529,3719
3143,276,280
272,276,3049
276,3143,3049
258,249,247
249,3222,247
4018,249,3333
249,258,3333
249,4018,3326
3222,249,3326
4716,4717,4677
4718,4716,4677
4716,4715,5141
4717,4716,5141
4715,4716,4721
4716,4718,4721
4257,4192,4091
3705,3551,6469
4365,5043,5222
5469,5043,5468
5043,5469,5222
4367,4257,4258
4367,4365,4412
4801,4367,4412
4257,4367,4801
5472,4626,4493
4907,5472,4493
4850,4386,4526
4527,4850,4526
4386,4850,4341
4341,4850,4285
4650,4413,4412
4344,4438,4345
4438,4418,4345
4438,4653,4418
5003,242,252
5004,242,5003
242,5004,237
4386,4528,4526
4528,4906,4526
4528,4386,4384
4383,4528,4384
5004,4528,4383
5183,233,5171
4419,5183,5171
5183,4419,4858
5350,5183,4858
4828,282,286
293,297,4509
6421,4802,278
6586,6530,498
6530,496,498
496,6530,6529
6530,6521,6529
6770,6586,500
6586,6770,6893
472,5590,470
7108,5590,472
169,171,161
6575,171,169
6397,6575,6984
6397,7055,6724
7055,6397,6984
5344,5022,5222
5294,5022,5344
5022,4650,5222
5022,5294,4835
6193,6194,6414
200,6193,6414
6194,6193,6013
6193,201,6013
6193,200,201
4834,5762,4858
4417,4834,4858
5343,4834,4835
4834,4418,4835
4834,4417,4418
4857,5343,5293
4857,5293,5810
4857,4834,5343
4834,4857,5762
5760,4857,5810
5762,4857,5760
5761,5350,4858
5762,5761,4858
5350,5761,5728
5761,5762,5727
5761,5727,219
225,5761,219
5761,225,5728
5759,209,6138
209,214,6138
205,209,5774
209,5759,5774
214,209,197
209,200,197
200,209,205
5937,6434,6113
6434,7287,6113
6478,6114,6113
7287,6478,6113
6478,6942,6114
6478,7287,6718
5940,5939,5988
5940,5990,5939
5990,5940,5836
5940,5938,5836
8979,8895,8901
8895,8996,61
8895,8979,8996
8732,67,69
8792,67,8732
8794,8792,8732
8794,8865,8901
8895,8794,8901
8794,8895,8792
8070,8430,8150
8074,8430,8087
8430,8074,8150
8328,8069,8538
8068,8204,7855
8204,8070,7855
8204,8069,8070
8204,8068,8203
8204,8203,8538
8069,8204,8538
9535,1,9801
9535,9584,1
9584,9564,5
9564,9535,9489
9535,9564,9584
9624,9492,9525
9624,9525,9554
9602,9624,9554
9501,9502,9452
9450,9501,9452
9501,9450,9489
9535,9501,9489
9502,9501,9801
9501,9535,9801
8,9422,4
8,9433,9422
9454,9390,9392
9390,9368,9392
9390,9316,9365
9316,9390,9454
9321,9390,9365
9390,9321,9368
9459,9495,23
9459,9454,9495
9454,9459,9455
9459,23,26
9455,9459,26
8865,8728,8901
8839,8727,8840
8979,8839,8840
8839,8728,8727
8839,8979,8901
8728,8839,8901
9215,9043,9042
9215,9318,9221
9216,9215,9042
9318,9215,9216
9017,9221,9049
8980,9017,9049
9017,9215,9221
9215,9017,9043
9017,8980,8840
9043,9017,8840
9451,9328,9341
9328,9451,9367
9451,9341,9431
9424,9451,9431
9367,9451,9424
9386,9343,9387
9386,9487,9329
9386,9387,9487
6925,127,6272
127,6925,133
75,8384,8406
77,8384,75
9240,9066,9446
8930,9066,8932
8858,8591,8592
8971,8858,8780
8651,8589,8871
8591,8589,8571
9085,8856,8994
8856,9085,8871
8589,8856,8871
8856,8589,8591
8985,8983,8982
8983,8985,8995
9112,9322,9113
9069,8931,8932
9112,8931,9069
8933,8931,9113
8931,9112,9113
9089,9069,9067
9089,9090,9091
9090,9089,9067
9089,9091,9327
8651,8896,8841
8896,8838,8841
9095,9096,9458
8983,8869,8982
8869,8888,8982
8888,8984,8982
8956,9353,9352
8813,8882,8887
16,9453,17
9538,9453,16
9453,9538,9264
9262,9453,9264
9453,19,17
19,9453,9262
9655,9585,9581
9585,9553,9581
9585,9655,9565
9414,9585,9565
9585,9414,9398
9553,9585,9398
9538,9883,9264
9264,9883,9397
9883,9538,9550
9553,9883,9550
9883,9398,9397
9883,9553,9398
9567,9558,9629
9567,9566,9558
9576,9567,9629
9567,9576,9555
9490,9524,9525
9524,9555,9525
9524,9567,9555
9567,9524,9566
9486,9568,9426
9524,9568,9566
9568,9524,9490
9568,9427,9426
9568,9490,9427
9305,9340,9339
9558,9340,9415
9415,9340,9336
9340,9305,9336
9130,9258,9301
9130,9123,9124
9258,9131,9302
9131,9130,9124
9130,9131,9258
9258,9259,9379
9259,9258,9302
9259,9208,9228
9208,9259,9302
9101,9123,9102
9027,9101,9102
9151,9101,8992
9101,9027,8992
9123,9125,9124
9125,9151,9183
9125,9101,9151
9101,9125,9123
9123,9126,9102
9126,9163,9102
9126,9381,9163
9130,9126,9123
9186,9208,9302
9208,9186,9577
9186,9185,9577
9186,9184,9185
6255,6229,6257
112,6255,108
6255,6257,108
6229,6256,6257
6273,6256,6272
6257,6256,6271
6256,6273,6271
6768,6241,6242
6768,6769,6645
6436,6768,6645
6241,6768,6436
151,6599,7204
6354,6599,151
6599,6354,147
6231,6229,6242
5992,6231,6242
6599,6259,7204
6259,6226,6191
6259,6599,6226
194,5102,5165
6241,5976,5973
6096,5976,6241
5976,5974,5973
5974,5976,5975
5975,5976,5812
5051,5506,5320
6474,5258,5052
5258,6303,6302
5321,5259,5320
5259,6474,5052
5507,5321,5505
5975,5507,5612
5116,4680,4695
5432,5116,4695
116,123,120
2900,2943,2924
2409,2249,2368
2249,2409,2410
2504,2409,2368
2410,2409,2676
2409,2590,2676
3018,2997,3135
2699,2862,2863
2862,2699,2860
2699,2861,2860
2861,2699,2700
2285,2320,2286
2872,2285,2195
2455,2511,2390
2455,2529,2512
2511,2455,2512
2004,2134,1990
2134,2004,2003
1980,1988,1978
1989,2134,2202
1980,1989,1988
2134,1989,1990
1989,1980,1990
2183,2110,2109
1776,2131,1774
2131,1776,2027
1807,1777,1774
1777,1807,1808
5041,4967,5040
4967,5041,4966
4980,4689,4686
211,206,4695
206,5432,4695
206,202,5432
207,4966,203
207,210,4966
239,3721,3630
240,239,3630
3906,239,234
239,3906,3721
3943,4281,5256
4281,3554,5256
3554,4281,4829
4829,4281,4230
4281,3943,4230
3943,3376,4311
3376,3943,5256
2948,2950,2844
3357,3153,261
3153,3619,261
3619,3153,3268
3329,3269,3156
4875,4966,5332
2397,2478,2872
2478,2285,2872
2285,2478,2320
2478,2410,2676
2320,2478,2676
2396,2249,2410
2478,2396,2410
2396,2478,2397
2224,2186,2265
2224,2223,2222
2247,2224,2265
2223,2224,2247
2187,2224,2222
2224,2187,2186
2186,2187,2164
2187,2188,2164
2212,2187,2222
2187,2212,2188
2201,2212,2309
2212,2201,2202
2188,2133,2135
2135,2133,2003
2133,2134,2003
2134,2133,2202
2133,2212,2202
2212,2133,2188
2346,2398,2251
2346,2347,2352
2077,1769,2018
1769,1878,1788
1665,1769,1788
1769,1677,2018
1677,1769,1665
2335,2474,2475
2474,2335,2583
1230,2408,2151
2408,1880,2151
2227,1880,1878
1769,2227,1878
2227,1769,2077
2210,2189,2211
2381,2210,2211
2210,2381,2411
2367,2437,2570
2369,2437,2367
1880,1854,1878
1955,1276,1275
1953,1276,1955
1851,1935,1790
1955,2130,1954
2114,2130,1955
2130,2132,2027
2130,2114,2132
2042,2041,2251
2570,2438,2571
2437,2438,2570
2438,2437,2411
2446,2435,2384
2383,2446,2384
2446,2383,2484
2486,2446,2487
2446,2484,2487
2404,2346,2352
2404,2549,2398
2346,2404,2398
10949,11035,10950
11035,10949,11018
10906,11035,11018
10741,10900,10831
10743,10741,10831
10741,10743,10863
11057,10908,11018
10908,11057,10964
11019,11057,11018
11057,11019,11033
10964,11057,11033
10908,10909,10796
10795,10909,10716
10909,10795,10796
10909,10900,10716
10909,10908,10900
11372,11441,11331
11407,11441,11453
11441,11372,11453
11267,11115,11070
11266,11267,11070
11115,11267,11211
11267,11266,11331
11441,11267,11331
11267,11441,11407
11267,11333,11211
11333,11267,11407
11430,11321,11496
11258,11226,11185
11400,11392,11393
11392,11583,11398
11392,11400,11397
11583,11392,11397
11468,11520,11487
11520,11468,11467
11466,11468,11487
11455,11468,11466
11468,11455,11467
11457,11454,11456
11454,11455,11456
1016,11396,1022
11396,1016,1010
988,994,11264
988,1013,994
8904,8827,8829
8827,8904,49
8850,8904,8829
8904,45,49
45,8904,9054
8904,8850,8908
9054,8904,8908
8377,8440,8429
8440,8377,8400
8440,9018,8429
8440,8400,8843
9018,8440,8843
8271,8377,8429
8355,8271,8429
8271,8355,8644
8271,8086,8272
8377,8271,8272
8697,8656,8623
8656,8475,8623
7956,8031,7906
8196,8197,8064
7557,7027,7265
6799,6801,6697
6617,6696,6675
7576,7575,7440
5379,5391,5392
4155,4157,5371
3240,3249,3457
5357,5335,5356
5357,5369,5166
8031,7867,8065
7867,8031,7956
7710,7708,7651
7867,7710,7539
7710,7867,7956
7708,7710,7860
11541,11535,11542
11569,11541,11542
11556,11578,11588
11567,11556,11588
11592,11522,11570
1029,11549,1028
1027,1044,1028
11525,11528,11521
11561,11547,11555
11511,1008,1015
11534,11511,1015
1023,11534,1015
11534,1023,11532
11534,11532,11533
991,997,999
997,1008,999
1008,997,1003
11317,11249,11246
11249,11317,11318
11317,11387,11318
11387,11317,11411
1008,11502,999
11502,1008,11511
11409,11387,11411
11213,11358,11169
11358,11275,11169
11343,11344,11348
11344,11350,11348
11387,11388,11318
11412,11388,11410
11388,11387,11410
11318,11337,11247
11388,11337,11318
11132,940,935
940,11132,11195
935,940,941
940,11195,941
11028,10944,11030
11077,11028,11030
10772,10840,10806
10772,10684,10771
10840,923,927
10840,10838,10806
10838,10840,927
11077,947,952
10573,10548,10506
10525,10573,10506
10773,10772,10806
10772,10773,10684
10678,10684,10685
10503,10504,10535
10670,10655,10680
10682,10671,10740
743,732,749
759,743,749
776,783,785
765,776,9876
770,776,765
776,770,783
11582,1012,1006
11581,11572,11574
11581,11582,11572
11495,11412,11410
11369,11444,11442
11248,11374,11171
11248,11229,11247
11374,11248,11343
11228,11227,11246
11249,11228,11246
11227,11228,11198
11228,11229,11198
11228,11249,11247
11229,11228,11247
819,816,837
10609,10647,10549
10647,10609,10608
10647,863,10549
846,854,852
10639,10480,10321
10480,10320,10321
10578,10584,10576
10584,10578,10586
10583,10751,10587
10578,10583,10587
6183,5528,6029
6183,5072,4813
5082,6183,4813
6183,5082,5528
5528,5527,6029
6797,6142,6300
7703,7630,7634
7628,7703,7975
7703,7628,7630
7386,7632,7456
7632,7386,7497
8532,8569,8530
8569,8532,7825
9499,9589,9544
9499,9670,9589
9573,9674,9777
9573,9777,9575
9722,9573,9575
9478,9188,9145
9188,9411,9145
9189,9497,9241
9323,9411,9412
9497,9323,9412
9189,9323,9497
9411,9323,9145
9323,9189,9145
9512,9506,9508
9268,9460,9347
9346,9268,9347
9268,9346,9269
9270,9268,9269
9268,9270,9460
9475,9477,9518
9460,9477,9475
9438,9439,9350
9521,9438,9436
9438,9350,9436
8364,7699,7896
7897,7341,8284
7699,7897,7896
8374,8316,8315
8375,8374,8315
8316,8374,8373
8466,8570,8890
8560,8466,8373
8374,8560,8373
8560,8570,8466
8570,8560,8561
8340,8175,8176
8341,8340,8458
8341,8374,8375
9025,9212,9209
9209,9212,9309
9395,9373,9534
9395,9420,9463
9419,9395,9534
9395,9419,9420
9160,9161,9024
9212,9272,9309
9272,9212,9161
9884,9972,9818
9885,9814,9669
9885,9884,9814
9754,9885,9669
9643,9661,9725
9739,9723,9725
9758,9744,9738
9758,9756,9754
9668,9754,9669
9744,9668,9696
9668,9758,9754
9758,9668,9744
9638,9668,9669
9668,9637,9696
9637,9668,9638
9755,9864,9757
9864,9755,9742
9756,9745,9757
9745,9755,9757
9745,9758,9738
9758,9745,9756
9864,9870,9757
9870,9864,9869
9870,9989,9757
788,10070,796
10022,10070,788
9728,720,9645
720,709,9645
720,9728,727
734,720,727
9698,9735,9697
695,691,709
9578,9649,9747
9622,9649,9650
9649,9622,9747
9716,9718,9711
10245,10243,10223
10097,10245,10223
10245,10097,10098
10206,10245,10098
10097,10072,10098
10072,10097,10099
9944,10096,693
707,703,10099
703,10072,10099
10072,703,10096
10085,10206,10098
789,10391,793
10391,789,784
784,789,777
789,778,777
10198,10266,10264
10266,10198,10265
10266,10393,10264
10266,10265,10397
10393,10266,10397
773,10393,779
774,773,779
773,10352,10393
10352,773,774
10347,10274,792
10274,786,792
10275,10380,10392
10174,10130,9959
9897,10174,9959
10174,9896,10153
9896,10174,9897
729,737,10017
737,729,724
722,737,724
722,713,715
722,715,748
737,722,748
722,724,9973
724,10006,9973
10006,9998,9973
9295,9293,9211
9588,9293,9295
9293,9588,9294
603,9293,9294
9293,603,9149
9210,9293,9149
9293,9210,9211
607,625,635
625,9505,635
625,619,9435
619,612,9312
612,607,9294
9312,612,9294
612,625,607
625,612,619
9652,638,635
9505,9652,635
9652,9651,638
9652,9505,9664
9651,9652,9664
9729,9663,9676
9729,9628,9663
9651,9729,9676
9628,9729,9664
9729,9651,9664
10585,10609,10586
10585,10578,10587
10578,10585,10586
10608,10585,10587
10609,10585,10608
10820,10616,10977
10616,10820,10801
874,10565,876
10567,10565,10551
9226,9333,9334
9333,9226,9299
9178,9226,9223
9326,9333,9288
9326,9289,9324
9289,9326,9288
9333,9326,9334
9373,9326,9324
9326,9373,9334
9403,9290,9359
9287,9290,9286
9359,9290,9287
9290,9289,9286
9289,9290,9325
9282,9279,9283
9279,9282,9194
9604,9701,9700
9701,9521,9436
9700,9701,9436
9521,9701,9592
9701,9604,9592
9771,9681,9750
9771,9974,9681
9751,9771,9750
9753,9771,9751
9771,9871,9974
9771,9753,9772
9871,9771,9772
9773,9752,9806
9753,9752,9773
9752,9753,9751
9752,9603,9806
9673,9605,9751
9605,9752,9751
9752,9605,9603
9605,9673,9594
9605,9594,9592
9603,9605,9592
10306,9448,9595
9370,9176,9196
9245,9246,9196
9385,9246,9245
9246,9370,9196
9370,9246,9374
9246,9385,9374
9802,9908,9823
9908,9802,9803
9809,9908,9803
9908,9931,9823
9908,9809,9931
9815,9789,9790
9815,9802,9823
9802,9815,9790
9789,9767,9704
9815,9767,9789
9819,9767,9820
9768,9860,9769
9768,9819,9860
9768,9767,9819
9704,9768,9769
9767,9768,9704
9763,9733,9746
9632,9561,9634
9561,9632,9635
9633,9561,9635
9561,9633,9560
9633,9650,9663
9560,9633,9663
9628,9619,9663
9619,9560,9663
9520,9519,9481
9559,9519,9530
9519,9520,9530
9531,9543,9529
9520,9531,9529
9546,9531,9480
9531,9520,9480
9706,9632,9705
9706,9705,9711
9706,9763,9635
9632,9706,9635
9704,9667,9702
9667,9684,9702
9824,717,715
9824,9962,9878
717,9824,9878
9962,9824,9820
9824,9822,9820
713,9824,715
9822,9824,713
9879,9998,9999
9822,9879,9999
9998,9879,9973
9879,9822,713
9879,722,9973
722,9879,713
695,702,698
9837,9807,9951
9807,9837,9773
9773,9837,9803
9837,9809,9803
9809,9810,9931
9810,9836,9931
9810,712,9836
9810,9837,9951
9837,9810,9809
9572,9593,9521
9593,9572,9430
9593,9438,9521
9673,9571,9594
9571,9572,9594
9358,9356,9364
9356,9358,9287
9358,9357,9287
9505,9598,9664
9598,9547,9664
9598,625,9435
625,9598,9505
9548,9619,9628
9548,9628,9664
9547,9548,9664
9559,9548,9482
9548,9547,9482
9548,9559,9530
9619,9548,9530
9405,9396,9325
9405,9419,9396
9290,9404,9325
9404,9290,9403
9404,9405,9325
9405,9404,9441
9441,9440,9481
9440,9403,9595
9440,9404,9403
9404,9440,9441
9448,9440,9595
9440,9448,9480
9481,9440,9480
11214,11213,11169
11090,11105,922
11133,11169,11170
11106,11133,11104
11132,11133,11170
11133,11132,11104
11195,11099,941
11196,11099,11195
11099,944,941
11099,946,944
11099,11196,946
899,904,893
904,899,10876
10860,899,893
899,10860,10876
10860,10911,10876
11161,11155,11162
11155,11161,11154
11120,11245,11476
11161,11120,11154
11120,11161,11245
11374,11212,11171
11212,11245,11171
11245,11212,11476
10777,10804,10803
11184,10804,10799
10803,10819,10870
10819,11022,10870
10804,10819,10803
10819,10804,11184
10819,11184,10995
11023,10819,10995
10819,11023,11022
10971,10972,10818
10994,10972,10971
10972,10994,11034
10781,10782,10818
10782,10781,10735
10781,10780,10735
10859,10814,10960
10953,10859,10960
10859,10953,11034
1013,1020,11464
988,1020,1013
11383,1043,1046
11383,11595,11309
11383,1049,11595
1049,11383,1046
1043,11422,1038
11422,1020,1038
1020,11422,11464
11383,11422,1043
1023,11537,11532
11537,11544,11532
11537,1023,1042
11537,1042,11558
11544,11537,11558
11543,11552,11536
11593,11552,11542
11552,11593,11536
11552,11555,11542
11552,11543,11555
11584,1059,1053
1059,11584,11589
11584,1053,11560
11554,11584,11560
11589,11584,11554
1014,11271,1019
11271,1025,1019
11371,11345,11332
11210,10986,11074
1052,11384,1054
11243,11384,11594
11384,11414,11594
11414,11384,1052
11310,11435,11309
11435,11384,11243
11435,11310,1054
11384,11435,1054
11422,11338,11464
11338,11383,11309
11338,11422,11383
5264,5265,5398
5266,5264,5400
5264,5398,5399
5823,5264,5399
5264,5823,5400
4014,3679,4361
3681,3679,3652
3680,4014,4151
3680,3659,3650
3659,3680,4151
3652,3680,3650
3679,3680,3652
3680,3679,4014
3659,3620,3650
4589,4592,4623
5241,4841,4623
5241,4883,4841
4944,4620,4825
4883,4944,4825
3874,4242,4564
4622,4591,4713
4591,4622,4589
4882,4625,4841
4841,4625,4623
4625,4882,5262
4591,4625,5262
4625,4589,4623
4625,4591,4589
3835,3833,4046
3833,3835,3796
4947,4946,4948
4882,4946,5262
4946,4882,4948
4946,4947,5614
4946,4713,5262
6976,5420,5859
5420,5614,5859
5420,6976,5419
5395,5420,5419
5035,5420,5395
4411,4425,4409
4425,4411,4849
4016,4483,4633
4483,4016,4330
4330,4329,4484
4329,4330,3958
3885,3883,3958
3608,3607,3600
3607,3883,3885
3606,3607,3885
3606,3598,3600
3607,3606,3600
6004,6005,6010
6004,5980,6005
5980,6004,6006
6004,6010,6323
6006,6004,6323
5328,5394,5419
5328,5231,5394
5582,5328,5419
5328,5582,5659
5231,5233,5135
5530,5233,5708
5134,5233,5530
5233,5134,5135
5044,4553,4550
4553,4484,4550
4553,4552,4484
4552,4553,4610
4553,4783,4610
5277,5276,5267
5276,5277,5044
5276,5044,4550
5068,5069,4470
5069,5068,4848
6214,5737,5736
6214,6443,5737
6214,5736,6215
6301,6214,6215
6443,6214,6301
600,9007,8940
8844,8663,8621
8663,8957,8696
8957,8663,8844
8662,8844,8621
7603,7172,7173
626,616,9064
616,626,620
9063,616,620
616,9063,9296
9106,626,9064
9001,9002,9003
9002,9001,8892
8720,9063,620
8720,9002,8718
8966,641,636
629,623,636
641,629,636
8891,628,622
628,8891,630
9019,8893,9001
8893,8853,8892
9001,8893,8892
8893,8891,8853
8891,8893,630
677,665,667
665,677,661
665,661,9150
679,677,667
8997,645,652
640,634,624
634,8914,624
8914,8737,624
8738,8737,8914
9724,9740,9739
9740,9723,9739
9755,9740,9742
9740,9724,9742
9723,9740,9738
9740,9745,9738
9745,9740,9755
9724,9658,9683
9658,9661,9631
9658,9724,9739
9658,9739,9725
9661,9658,9725
732,740,749
725,740,732
731,740,725
9036,8988,9206
8988,637,639
632,637,9036
637,8988,9036
10643,855,864
868,10643,864
10497,10677,10498
10844,10847,10845
10717,10729,10722
829,10444,830
10444,829,826
10487,10497,10498
10487,10444,826
1111,1113,1107
6491,1110,1107
1113,6491,1107
1110,6491,1115
7472,6974,6811
6974,7472,7001
6603,6909,6720
6603,6974,6909
6974,6603,6811
7295,7480,7296
6848,6809,6810
1110,1106,1107
1112,1100,1110
1100,1106,1110
1106,1100,1098
1096,6178,1091
1090,1096,1091
1096,1090,1098
7630,8025,7634
8025,7454,7634
8025,7423,7454
7454,7633,7634
7157,7138,7159
7160,7157,7456
7157,7160,7156
7138,7157,7156
7386,7617,7497
7138,7675,6879
7675,7138,7156
7186,6828,6830
6828,7186,7139
5421,5065,5126
5421,5474,5475
5474,4927,5475
5152,4927,5769
4234,4416,4055
4416,4234,4262
5646,4416,4262
5818,6312,5899
5902,6312,5818
5651,5902,5818
5651,5768,5769
5768,5651,5818
5473,5421,5126
6755,6501,6756
6501,6755,6438
6463,6501,6430
6429,6463,6430
7670,7958,8167
7958,7670,7814
7959,7958,7814
7307,7669,7306
7669,7307,7374
7264,7307,7306
7311,7375,7284
7857,7796,7918
7297,7000,7194
7472,7000,7001
7000,7472,7194
6973,7002,6972
6973,6972,6909
6973,6974,7001
6974,6973,6909
7002,7007,6972
7871,8166,8231
8311,7871,8231
8314,8311,8231
8853,8703,8892
7102,6288,6546
6288,7102,6289
8301,8345,8057
8345,8059,8057
8664,8738,8740
8738,8664,8737
8492,8482,8483
8596,8595,8608
8539,8456,8457
8456,8539,8178
8456,8385,8457
8606,8614,8608
8607,8606,8608
8614,8606,9296
8760,616,9296
616,8760,9064
8606,8760,9296
8760,8606,8607
8485,8626,8484
8485,8367,8634
8367,8485,8484
8367,8365,8634
8365,8367,8274
8367,8366,8274
8448,8447,8254
8449,8448,8254
8448,8449,8450
9006,8700,8699
9005,9006,9094
9006,9005,8736
8735,8713,8736
8713,9006,8736
9006,8713,8700
8686,8449,8709
8449,8686,8450
8686,8684,8450
8027,8006,8026
8006,8027,8029
8447,8387,8254
8387,8447,8385
8253,8387,8385
8389,7917,8029
8989,8975,8699
8975,8989,8670
8975,8990,8699
8990,9006,8699
9006,8990,9094
7521,7728,7481
7521,7927,7836
7728,7521,7836
7927,7477,7353
7477,7743,7353
7521,7477,7927
7477,7521,7481
7193,7295,7194
7355,7927,7353
7927,7355,7478
8005,7939,8133
8095,8005,8028
7965,8095,8007
7862,7965,8007
7965,8005,8095
8005,7965,7939
7791,7792,7790
1519,1436,1520
1436,1519,1437
1424,1436,1420
1436,1450,1520
1450,1436,1424
1663,1884,1705
1884,1959,1845
1473,1447,1554
1888,2115,1939
2238,2139,2240
2239,2238,2261
2238,2239,2139
1717,1727,1691
1727,1644,1691
1644,1727,1643
1727,1718,1643
1838,1887,1812
1887,1838,1919
1838,1918,1919
1700,1838,1812
1838,1700,1728
1918,1838,1728
3204,445,449
445,3204,442
435,445,442
445,434,449
445,435,434
2781,2780,2800
437,442,439
437,435,442
2797,437,439
437,2797,2798
435,437,2798
3831,3726,3830
3538,3831,3830
3726,3831,3444
3831,3278,3444
3831,3279,3278
3279,3831,3538
3144,3445,3278
3144,3403,3445
3403,3144,3070
2817,2815,3580
2815,3944,3071
2802,2815,2817
2815,2802,3944
2815,3070,3580
2815,3071,3070
2797,2816,2799
2816,3944,2799
2816,2797,439
3944,2816,3071
3297,2816,439
2816,3297,3071
2814,2802,2817
3072,2817,3580
2614,2612,2380
3519,2946,3165
2431,2660,2782
424,427,2240
2262,429,3191
2262,2445,2263
2445,2262,3191
2262,2238,2240
2238,2262,2263
427,2262,2240
2262,427,429
2445,431,434
431,2445,3191
431,453,449
434,431,449
429,431,3191
7357,7172,7372
7172,7357,7173
6703,7210,7223
7106,6704,7535
7319,7170,7535
7319,6703,7223
7319,7535,7103
6703,7319,7103
7170,7219,7171
7170,7105,7535
7105,7106,7535
7603,7105,7171
7105,7170,7171
7105,7603,7173
7106,7105,7173
5783,5832,5808
5500,5782,5417
5782,5499,5417
5783,5782,5500
5499,5782,5808
5782,5783,5808
5742,5416,5417
5499,5742,5417
6157,5792,6964
5739,5792,5741
7514,6703,7103
6456,7514,7103
7514,6456,6455
6658,7514,6455
7514,6658,6703
4208,4148,4207
5185,4208,4207
4148,4208,4211
5061,5064,4224
5153,4931,4994
4931,5153,4995
5153,5155,6694
5155,5153,4994
5187,5185,4856
5057,5187,4856
5187,5057,5654
4931,4932,4694
4932,4930,4694
4932,5057,4856
4930,4932,4856
6261,6262,6112
6262,6261,6455
6907,6659,6156
6907,6658,6455
6261,6907,6455
6907,6261,6659
6963,6907,6156
6658,6907,6963
5057,5669,5654
5669,5656,5654
5656,5669,6548
5898,6659,5897
5656,5898,5897
5898,5656,6548
8108,545,547
8108,8034,545
3726,3832,3830
3769,3832,3726
3708,461,463
461,3708,3770
5065,5063,4224
5063,5421,5475
5421,5063,5065
5646,5448,4889
4261,5448,5646
5448,5063,5475
4263,5448,4261
4035,4036,4148
4170,4036,477
4036,4170,4148
4036,471,477
4010,4035,4012
4011,4010,4012
4010,4011,3941
4010,467,468
467,4010,3941
471,4034,468
4034,4010,468
4010,4034,4035
4036,4034,471
4034,4036,4035
3313,3346,3347
3409,3346,3475
3346,3409,3347
3058,2857,3175
3058,3275,3059
2858,2859,2764
2857,2858,2764
2859,2858,3059
2858,3058,3059
3058,2858,2857
2857,2991,3175
2722,2714,2522
2813,2722,2522
2712,2812,2764
2812,2857,2764
2812,2991,2857
3375,2712,2415
2714,3375,2415
2812,3375,2795
3375,2812,2712
2766,3314,2765
3314,2766,2859
4105,3374,3373
4356,3590,3588
3590,3537,3588
6163,6282,6162
6163,6281,6282
6161,6163,6162
7356,7743,7464
7743,7356,7353
7356,7095,7353
6310,5981,7916
5981,6310,6158
5549,5696,5687
3409,3406,3347
4822,4609,4608
4609,4822,4821
4821,4822,4864
4822,4865,4864
5696,5695,5900
5816,5818,5900
5816,5768,5818
5695,5816,5900
3351,3734,3733
3351,3732,3734
3732,3351,3350
3732,3747,3746
3815,3747,3816
3816,3747,3350
3747,3732,3350
4472,4748,4429
4748,4472,4876
4609,3966,4608
3746,3748,3967
3966,3748,4607
4636,3893,5192
3891,4636,5192
3892,3891,4234
3892,4234,4055
3894,3892,4055
3892,4636,3891
3892,3894,3881
4636,3892,3881
3274,3272,3273
3928,5368,3671
5368,3928,3672
3218,5368,3672
4025,3349,3733
3349,3351,3733
3177,4239,3176
3265,4056,3350
4056,3265,3526
4056,3539,3816
3539,3815,3816
3539,4056,3526
3539,3538,3830
3815,3539,3830
3539,3279,3538
3882,3815,3830
3832,3882,3830
3882,3832,3893
3815,3882,3881
3882,4636,3881
4636,3882,3893
7818,8137,7623
7623,8137,7622
8137,7915,7772
8137,7818,7915
7389,8137,7772
7622,7391,7333
7391,7309,7333
8137,7391,7622
7391,8137,7389
7309,7391,7390
7391,7389,7390
9142,7806,7689
7835,9142,7689
9142,7835,7931
7804,9142,7931
7806,9142,7804
5803,6094,5788
5803,5876,6093
6094,5803,6093
5877,5803,5805
5803,5877,5876
5803,5709,5805
5709,5803,5788
5709,5168,5804
5168,5001,4584
5393,5168,4584
5168,6042,5804
5168,5393,6042
5879,6069,5877
5879,5877,5805
5878,5879,5805
5079,4296,4095
4709,4296,5079
4296,4709,4632
4431,4296,4632
4378,4381,4214
5027,5028,4886
5029,5028,5027
5028,5029,5672
6497,5879,6509
5879,6497,6069
6508,6497,6509
6497,6508,6572
7413,7414,7635
7595,7413,7635
7413,7595,6903
4231,4896,4133
4896,4662,4664
4133,4896,4131
4896,4664,4131
4667,5281,5280
4667,5243,5281
5243,4667,7081
4587,4667,5280
7081,4667,4543
4667,4587,4543
6551,6308,6552
6308,5919,6552
6308,5920,5919
5920,6308,5748
6308,6309,5748
6309,6308,6551
6041,5878,5804
6190,6041,5804
6041,6190,6509
5879,6041,6509
6041,5879,5878
5951,5565,5566
5565,5951,6285
6285,6284,7239
7071,7321,7312
7321,7071,7232
4780,5272,4812
4663,4638,4637
4779,4663,4637
4881,4663,4880
4663,4779,4880
4661,4663,4881
4663,4661,4638
4661,4665,4664
4638,4661,4664
4811,4779,4781
4811,5070,4779
5073,4811,4781
4811,5073,5072
6453,6196,7239
6453,6216,6196
6543,6508,8602
6508,6543,6572
6545,6543,8602
6543,6545,6643
6572,6543,6643
5564,5563,5361
5564,5361,4880
5070,5564,4880
5563,5564,5566
5360,5359,4666
5359,5360,4881
5360,4661,4881
4665,5360,4666
4661,5360,4665
4942,4940,4827
5038,4942,4827
4942,5038,5037
4942,5037,5020
4940,4942,5020
4826,4941,4943
4940,4941,4826
4941,4992,4943
4992,4941,5019
4941,4940,5019
6170,6169,5789
6133,6169,6134
6169,6170,6134
5339,6133,5699
5339,6169,6133
5398,5338,5699
5265,5338,5398
5338,5265,5020
5149,5338,5020
4823,4599,4943
4598,4599,4823
4599,4598,4401
4556,4293,4294
4294,4293,4292
4293,4402,4292
4293,4401,4402
3824,4290,3827
3927,4290,3824
4290,3927,4075
4290,3924,3827
4290,4075,3924
4289,3927,4288
4289,4294,4292
4289,4288,4294
4075,4289,4292
3927,4289,4075
4433,4431,4432
4433,3939,4095
4296,4433,4095
4433,4296,4431
4353,4455,4720
4595,4455,4453
4455,4595,4720
4455,4432,4453
3516,3546,3548
3611,3612,3548
3612,3611,4222
3546,3611,3548
3611,3546,3667
3668,3546,3666
3546,3668,3667
3868,4618,4568
3668,3868,3667
4006,3932,4273
3932,4356,4273
4356,3932,4568
3854,4275,3588
3711,3474,4069
3610,3468,3687
3468,3610,3467
3610,3689,3467
3609,3610,3687
3610,3609,3686
3469,3629,3411
3656,3629,3926
3629,3543,3411
3629,3656,3543
3772,3925,3926
3925,3772,3924
3629,3772,3926
3772,3629,3469
3772,3689,3924
3772,3469,3689
3896,3895,4141
4141,3895,4134
3895,4132,4134
3895,4133,4131
4132,3895,4131
3898,3686,4282
4231,3898,4282
3824,3688,3826
3688,3896,3826
3688,3824,3827
3518,3547,3567
3612,3547,3548
3547,3612,3567
3547,3516,3548
3516,3547,3518
3518,3416,3415
3609,3674,3961
3674,3673,3961
3674,3609,3687
3673,3674,3567
3980,4058,3979
4059,4058,4199
4058,4059,3979
4058,3980,4222
4506,4505,4304
4505,4506,4231
4506,4896,4231
4662,4506,4304
4896,4506,4662
4719,4851,4923
4594,4595,4453
4431,4594,4453
4594,4431,4632
4057,4505,3979
4059,4057,3979
4505,4057,4304
4639,4780,4781
4639,4779,4637
4779,4639,4781
4057,4198,4304
4198,4059,4197
4198,4057,4059
4308,4662,4304
4198,4308,4304
4308,4198,4307
4662,4308,4637
4308,4639,4637
4639,4308,4307
7447,450,7434
447,7447,7434
7447,447,450
7684,7686,7685
7745,7684,7635
8188,8118,8187
8174,8119,546
8117,8119,8174
8119,8188,546
8119,8118,8188
7996,8163,7998
7996,7998,7925
7999,7996,7925
8326,8327,8163
8327,8349,7998
8163,8327,7998
8327,8326,541
7934,7817,7701
8364,7934,7701
7595,7116,6903
7116,7117,6903
7117,7116,7591
7116,7585,7591
7116,7595,7585
7320,7112,7110
7112,7111,6495
7110,7112,6495
7112,7320,7129
7112,7129,6742
7111,7112,6742
7568,7549,7450
7453,7568,7450
7568,7631,7567
7549,7568,7567
7476,7453,7275
7476,7275,7274
7130,7476,7274
7590,7476,7130
7462,7452,7460
7452,7450,7460
7450,7452,7408
7452,7449,7408
9077,9078,9079
9078,9077,9025
9078,9025,9209
9078,9210,9079
9210,9078,9209
9077,9137,9025
9137,8902,9025
9137,9077,9060
8953,9137,9060
8902,9137,8953
8790,8902,8953
8412,7964,525
7964,8412,7804
523,8412,525
7459,7452,7462
7452,7459,7461
7671,7459,7546
7461,7459,8303
7459,7671,8303
7459,7462,7547
7546,7459,7547
581,577,9136
586,581,9147
581,9136,9147
7046,7048,7072
7303,7313,7332
7303,7075,7313
7303,7331,7333
7331,7303,7332
7303,7046,7075
8363,7499,7744
7499,469,7744
7499,8363,473
469,7499,473
460,462,454
462,464,454
6787,6655,6788
6655,6787,6790
6788,6655,6789
6651,6655,6790
6655,6653,6789
6655,6651,6653
7400,6787,6855
6933,7400,6935
6787,7400,6790
6790,7400,6657
7400,6933,6657
6935,6936,7344
7471,6936,7167
6592,6479,6549
6479,5676,5633
5674,6479,5633
6549,6479,5674
8073,8085,8089
8085,8073,8086
8085,8252,8089
8252,8085,8644
8271,8085,8086
8085,8271,8644
7180,7502,7302
7322,7502,7180
7502,7093,7302
7093,7502,6962
7502,6866,6962
7502,7322,6866
181,180,7049
7427,181,7049
181,7427,182
181,182,174
180,181,174
7340,6816,7089
7340,7625,6816
7798,7288,7687
7288,7798,7290
7625,6764,6816
157,7580,163
7580,7073,163
7059,180,174
7073,7059,174
7288,7289,7687
7060,7091,7089
7091,7340,7089
7289,8419,7687
8419,7289,7272
6613,6588,6747
6760,6355,6597
7525,8039,7658
8039,7525,7579
7527,7458,7524
7681,7531,7680
7531,7681,7533
8061,7872,7875
8060,7872,8061
7872,8060,7919
7682,7819,7680
7819,7682,8235
7819,7681,7680
7681,7819,7820
7819,7872,7820
7819,8235,7875
7872,7819,7875
7874,7576,8189
7681,7874,8189
7874,7681,7820
7873,7874,7820
7873,7872,7919
7872,7873,7820
8150,7831,7855
7831,7856,7855
152,157,148
152,7829,157
7920,7682,8236
7682,7920,8431
152,7920,7829
8431,7920,148
7920,152,148
56,47,54
40,47,56
47,51,54
47,40,9275
9010,8712,8843
8712,9018,8843
8712,8537,8439
9018,8712,8439
8442,8355,8439
8441,8442,8525
8442,8441,8353
8355,8442,8353
8442,8537,8525
8537,8442,8439
8475,8356,8354
8356,8252,8354
9053,9052,9057
9053,8872,9052
8872,9053,8746
8816,9053,9057
8752,8536,8711
8755,8536,8752
8536,8537,8711
8537,8536,8525
8536,8535,8525
8535,8536,8755
8753,9173,9152
9173,9474,9152
9173,9205,9474
9173,8753,9172
56,9173,9172
9205,9173,56
5710,5167,5709
5167,5168,5709
5001,5167,5169
5168,5167,5001
5791,5789,5846
5791,5710,5789
5167,5791,5169
5791,5167,5710
4573,5036,4504
4573,5365,5036
4572,4573,4504
5038,5340,5037
5365,5340,5038
5340,5365,5846
5340,5149,5037
6960,340,338
340,6960,6872
317,6220,320
6220,6221,6187
6221,317,313
6221,6220,317
326,331,320
331,326,329
6188,6187,5909
7328,6382,6327
6188,7328,6327
7328,6188,6384
6759,6891,6760
7004,6891,6759
6891,7004,6892
6891,6892,6777
6891,6355,6760
4756,5101,5170
4807,5101,4756
6845,6200,5926
6845,5796,6200
5796,6845,5749
4984,5711,5750
5629,4984,5749
5336,5629,5926
5629,5336,4486
6805,6532,7215
6025,5904,5903
5903,5904,5418
5904,4983,5418
5904,5711,4983
5711,5904,5750
5986,5797,5750
5904,5986,5750
5986,5904,6025
283,287,292
6999,287,283
6505,7327,6531
6505,6999,7036
6505,7036,7137
6506,6505,7137
7327,6505,6506
4847,4487,4488
4847,5002,4487
4052,4847,4488
4847,4052,4051
4642,4641,4773
4641,4642,4499
4641,4499,4502
5151,4641,4502
4216,4027,4640
4642,4216,4640
4216,4642,4773
4060,3499,3502
4060,3787,3499
3938,4516,4051
4516,4847,4051
4322,3938,3786
4518,4322,4252
4322,4516,3938
4322,4518,4517
4516,4322,4517
3938,3785,3786
3786,3785,3749
3785,3678,3749
3785,3750,3678
5763,5336,5926
5763,5015,5336
6202,5763,5926
5015,5763,5326
4878,5056,5054
6626,5056,5326
5880,5943,5944
5943,5880,6146
6355,6296,6597
6296,6355,7187
5943,6296,7187
6296,5943,6146
4145,4053,4488
4146,4053,4145
4053,4146,4147
4961,4053,4147
4053,4052,4488
4052,4053,4961
5422,3677,4030
3677,5422,5410
5422,3757,5410
3878,3877,3952
5055,5015,5326
5056,5055,5326
5055,5056,4878
5358,5333,5334
5335,5333,5356
5333,5358,5356
5146,4340,5170
4340,4339,4220
4339,4340,5166
5358,5381,5356
5665,5381,5463
5461,5403,5463
5464,5665,5463
5034,4915,5771
4915,5034,4913
221,7093,223
221,7094,7093
226,221,223
235,230,6921
6918,235,6921
235,6918,238
235,238,218
230,235,218
7465,7135,7304
7465,7234,262
238,244,218
6968,6919,6920
7135,6919,6968
6919,6921,6920
6919,6918,6921
244,6919,7135
6918,6919,238
6919,244,238
275,7203,6932
7202,7203,7236
7236,7203,271
7203,275,271
7202,7235,7233
7234,7235,7236
7235,7202,7236
7446,7235,7304
7235,7446,7233
7235,7465,7304
7465,7235,7234
6553,6484,6778
6555,6553,6778
6553,6555,6556
6074,6484,6075
6037,6035,6109
415,413,6782
7256,432,7429
432,430,7429
7490,432,7256
432,7490,433
428,426,7520
428,7520,7429
430,428,7429
6995,6795,6794
415,420,413
6560,6562,6500
6795,6562,6560
6995,6562,6795
6562,6995,6630
6324,6322,6690
6322,6324,6679
6322,6682,6690
6689,6688,6323
6690,6689,6323
6682,6689,6690
6969,5936,5330
5936,6969,5756
5936,7039,5757
6044,6412,6077
6412,6044,6370
5626,6412,6370
6412,6390,6077
6080,5732,5731
5732,6080,5866
5670,5627,6754
5801,5670,6754
5627,5670,5172
5670,5801,5802
6079,6077,6045
5800,6079,6045
6079,6044,6077
6044,6079,6754
6079,5800,6754
389,5729,391
5729,389,5767
5569,5800,5731
5801,5569,6110
5800,5569,5801
4027,4072,4491
4072,3698,4028
4072,4027,3698
4489,4500,4502
4500,4501,4502
7328,6383,6382
383,385,382
7184,383,382
385,383,7214
346,6873,6366
6872,6873,342
374,378,379
6873,344,342
344,6873,346
3634,4577,3808
4577,3646,3808
3421,3427,3389
3390,3421,3389
3289,3124,3068
1970,1960,1961
1970,2337,2293
2337,1970,2508
2075,2077,2019
2076,2075,2019
2077,2075,2475
2572,2534,2535
3038,3091,2743
3223,3038,2743
2376,2601,2375
3419,3420,3132
4323,3111,2823
3111,3419,3132
2824,2821,3132
2821,3111,3132
3111,2821,2823
3341,3693,3329
2901,2886,2912
2886,2901,2902
2886,2902,2885
2886,2849,2912
2849,2886,2701
2849,2910,2912
2910,2849,2911
2849,2701,2702
2911,2849,2702
2931,2677,2682
2850,2911,2702
2947,2850,2931
2911,2850,3226
2850,2947,3226
1951,1969,1961
1969,1949,2043
1949,1969,1951
2471,2444,2294
2444,2337,2294
2558,2444,2471
2405,2444,2559
2337,2444,2405
2472,2591,2885
2591,2886,2885
2886,2591,2701
2044,2507,2294
2507,2472,2294
2507,2591,2472
1679,1675,1782
1781,1675,1943
1675,1781,1782
1675,1678,1943
1675,1666,1678
1675,1679,1666
2963,2962,3270
3054,2963,3270
2910,2963,2912
2963,2910,2962
2963,2901,2912
2901,2963,3054
3354,3230,3231
3398,3354,3231
3997,3232,3231
3997,3231,3055
3997,3054,3399
3232,3997,3399
2901,3997,3055
3997,2901,3054
3443,3382,2848
3382,3137,2848
3382,3443,3241
3248,3382,3241
3137,3382,3355
3270,3472,3542
3382,3401,3355
3249,3596,3457
3901,3596,4138
3596,3901,3902
3859,3596,3902
3859,3401,3457
3596,3859,3457
3225,3224,2947
3225,3137,3355
5284,4153,4152
4153,5284,4427
4427,5284,4219
5284,4187,4219
4187,5284,4152
4952,4153,4427
4952,3670,4153
4952,5667,3663
5667,4952,4427
4702,4737,3669
4737,4265,3660
4265,4737,4703
4737,4702,4703
5018,4560,4775
4560,4996,4775
4560,5018,4033
5698,5357,5356
4759,4736,4758
4759,4758,5166
5369,4759,5166
4266,3692,4265
4736,4266,4265
3692,4266,4033
4735,4265,4703
4735,4736,4265
4736,4735,4758
4339,4735,4703
4735,4339,4758
4221,4339,4703
4702,4221,4703
4428,4221,4702
4339,4221,4220
304,317,320
317,304,308
6894,6505,6531
6505,6894,6999
6532,6894,6531
6894,6532,6805
4518,5182,4517
5182,4518,4773
4658,4982,4985
5002,4982,4658
4777,4516,4517
4847,4777,5002
4516,4777,4847
5881,6188,5909
6188,5881,6384
6384,5881,5278
5278,5881,5279
5881,5908,5279
5906,5907,5905
3053,3167,3188
3053,3188,3166
3113,3053,3166
3043,3053,3113
3186,3257,3246
3305,3257,3304
3257,3259,3246
3257,3305,3259
3190,3186,3214
3190,3214,3028
3181,3190,3028
3190,3181,3166
3186,3190,3187
3188,3190,3166
3187,3190,3188
3488,3318,3343
3488,3344,3318
3113,3051,3083
3027,3051,3181
3181,3051,3166
3051,3113,3166
2970,3027,3028
3027,2970,2834
3044,2880,3083
2880,3044,2913
3804,3378,3591
3592,3378,3804
3140,3141,3307
3141,3592,3307
3141,3140,3089
3378,3141,3089
3141,3378,3592
2818,2790,2789
2818,2880,2913
2790,2818,2913
2877,3090,3005
3088,3090,3087
3005,3090,3088
2959,2958,3017
2959,3090,2877
2878,2818,2789
2818,2878,2877
2819,2878,2789
2878,2959,2877
2959,2878,2958
2878,2819,2960
2958,2878,2960
6454,7655,5911
7655,6454,143
139,6454,5911
6454,139,143
5851,5850,5969
5850,5851,6525
5850,6525,6342
6048,5850,6342
5850,6048,5969
5835,5594,5589
5596,5594,5892
5594,5596,5589
5892,5594,5837
5594,5835,5837
6030,6126,5925
6030,5925,6031
5939,6030,5988
6126,6030,5939
6126,5412,5925
5412,6126,5246
5138,5412,5246
5412,5138,5354
5355,5353,5139
5353,5354,5139
5382,5353,5355
5924,5353,5382
3864,4236,4325
4236,3864,4267
4236,4237,4325
4236,4267,4183
4237,4236,4183
4260,4723,4366
4259,4260,4366
4723,4260,4325
4260,4094,4325
4260,4259,4094
264,268,3084
264,258,247
245,264,247
264,3084,3333
258,264,3333
246,245,243
246,264,245
264,246,268
3234,245,3462
245,3234,243
4080,4081,4137
4081,4080,3583
4017,4080,4137
3327,4080,4017
4080,3465,3583
3465,4080,3327
4602,4523,4347
4523,4358,4359
4229,4244,4081
4355,4169,491
4169,484,491
4169,4355,4207
4170,4169,4207
484,4169,4170
490,489,4507
4354,490,4507
490,4354,491
484,490,491
489,490,482
6684,7008,6685
6564,6566,6683
6564,6684,6685
6684,6564,6683
6566,6564,6295
6564,5807,6295
5807,6564,6685
6371,6332,511
6332,6578,511
6332,6371,5891
6123,6332,5891
6578,6332,6120
6332,6123,6120
6565,6566,6295
6565,524,526
5832,6294,5831
5831,6294,6295
522,6294,520
6294,5832,520
6294,6565,6295
524,6294,522
6565,6294,524
5501,5739,5741
5739,5501,5499
5501,5742,5499
5155,5180,6694
5180,5935,6694
5180,5181,5416
5181,5180,5155
5154,4885,5137
5154,5136,5481
5136,5154,5137
4885,5154,4994
5291,5136,5370
5482,5291,5370
5136,5291,5481
5291,5482,5483
5290,5291,5483
515,514,522
524,514,512
514,524,522
514,6371,512
6371,514,5891
514,515,5891
515,5553,5891
5502,5553,5500
5891,5553,5841
5534,6736,5772
6058,6736,5534
6736,5482,5772
5482,6736,5483
6736,5842,5483
5842,6736,6058
6057,6058,6070
6123,6057,6120
6057,5842,6058
4859,478,481
5683,4859,5772
4859,5683,4578
478,4859,4578
4859,481,486
4859,5534,5772
5534,4859,486
5179,5290,5289
5181,5179,5289
5291,5179,5481
5179,5291,5290
5156,5181,5155
5156,5154,5481
5179,5156,5481
5156,5179,5181
5156,5155,4994
5154,5156,4994
5552,5290,5483
5552,5842,5841
5842,5552,5483
5290,5551,5289
5551,5502,5289
5552,5551,5290
5551,5552,5841
5553,5551,5841
5551,5553,5502
1537,1713,1733
1713,1714,1733
1562,1565,1560
1565,1562,1567
1566,1671,1714
1713,1566,1714
1565,1566,1560
1566,1565,1671
1671,1669,1734
1669,1721,1734
1462,1524,1536
1465,1462,1536
1462,1465,1441
2047,2146,2100
2048,2047,2759
2146,2047,2048
2274,2113,2111
2302,2274,2111
2274,2303,2568
2303,2274,2302
2113,2275,2199
2275,2568,2305
2275,2274,2568
2274,2275,2113
2275,2427,2199
2197,2290,2289
2198,2197,2289
2197,2198,2540
2024,1931,2288
2031,2024,2288
1931,2024,1870
2426,2453,2524
2524,2453,2539
2427,2453,2428
2453,2426,2428
2524,2442,2540
2434,2442,2524
3483,2650,3024
3483,2819,2786
2649,3483,2786
2960,3483,3024
2819,3483,2960
2557,3483,2649
3483,2557,2650
2752,2683,2938
2683,2634,2938
2683,3724,2634
2876,2752,2938
2710,2876,2938
2510,2876,2710
2876,2510,2584
2790,2787,2785
2787,2751,2785
2751,2787,2752
2064,2180,2147
2180,2064,2181
1892,2064,2063
2760,2146,2048
4328,4329,3958
3701,3528,3558
3701,3608,3512
3528,3701,3512
3381,3652,3650
2547,3000,3001
3352,3391,3392
3383,2543,3001
2543,3383,3384
3383,3392,3384
3383,3352,3392
3440,3439,3512
3440,3512,3600
3735,3440,3600
3742,4593,4734
4611,4552,4610
4483,4611,4633
4552,4611,4483
3423,3390,3388
3423,3424,3390
3804,3423,3388
3424,3423,3844
3423,3879,3844
3879,3423,3804
3655,3424,3845
6213,6130,7214
6130,6213,5767
6213,5161,5767
5161,5568,5767
5568,5729,5767
5729,5568,5571
1557,1855,1556
2237,2095,2096
2095,2237,2205
2233,2124,2123
2400,2493,2625
2493,2400,2401
2545,2543,2615
2493,2545,2615
2282,2618,2441
2618,2237,2096
2237,2618,2473
2618,2282,2473
2441,2242,2648
2242,2162,2648
2242,2243,2162
2736,2711,2625
2734,2711,2736
2763,3139,2984
2763,2734,3139
2673,2896,2555
2894,2673,2855
2896,2673,2894
2045,1884,1845
1884,2045,1705
1705,2045,1706
2045,1821,1706
1821,1823,1706
1822,2045,1845
2045,1822,1821
3034,2953,2914
2916,3034,2914
2333,2480,2489
2592,3643,3105
3643,2592,2593
3000,2592,3105
2592,3000,2547
2592,2586,2593
2586,2592,2547
3517,3549,3415
3549,3516,3415
3713,3549,3514
3549,3517,3514
2946,2891,3296
2889,2891,2690
2891,2889,3296
3794,3795,3915
3774,3794,3796
3774,3679,3681
2429,2413,2431
2413,2430,2431
2430,2413,2271
2705,2128,2046
2128,2479,1846
1667,1605,1666
1605,1667,1665
1677,1667,1666
1667,1677,1665
1371,1369,1374
1369,1372,1374
1373,1369,1371
1369,1355,1356
1372,1369,1356
1488,1547,1556
1547,1557,1556
1557,1547,1558
2015,1550,1549
1465,1463,1441
1463,1442,1441
1463,1465,1444
1529,1463,1444
1463,1529,1442
1458,1574,1457
1458,1527,1574
1443,1458,1457
1529,1458,1443
1527,1458,1528
1631,1747,1688
1631,1527,1528
1747,1631,1528
1530,1529,1444
1809,1530,1444
1530,1809,1528
1458,1530,1528
1530,1458,1529
1711,1719,1761
1689,1711,1761
1732,1714,1734
1719,1732,1734
1714,1732,1733
1732,1747,1733
1747,1732,1688
1732,1711,1688
1711,1732,1719
1346,1347,1353
1347,1346,1349
1363,1347,1349
1347,1361,1353
1347,1363,1361
1362,1351,1353
1360,1362,1353
1362,1360,1401
1359,1383,1351
1362,1359,1351
1359,1362,1419
1359,1419,1384
1383,1359,1384
1352,1390,1348
1383,1352,1351
1390,1352,1391
1352,1383,1391
1346,1352,1348
1352,1346,1351
1527,1630,1574
1630,1662,1574
1631,1630,1527
1662,1630,1681
1403,3061,1428
1427,1403,1428
1403,1404,1391
3061,1403,1391
1404,1403,1429
1403,1427,1429
1491,1494,1590
1492,1494,1491
1590,1494,1531
1494,1492,1531
1595,1586,1731
1586,1481,1731
1492,1586,1531
1586,1492,1487
1481,1586,1487
1690,1811,1691
1641,1690,1691
1811,1690,1812
1690,1700,1812
2023,1942,1919
1918,2023,1919
1942,2023,1922
1543,1615,1680
1615,1543,1495
1615,1493,1680
1493,1615,1495
1432,1417,1495
1432,1543,1430
1543,1432,1495
1431,1432,1430
1432,1431,1416
1417,1432,1416
1417,1451,1495
1438,1451,1407
1474,1532,1555
1532,1474,1431
1474,1555,1554
1447,1474,1554
1431,1474,1414
1474,1447,1414
1544,1532,1543
1722,1544,1680
1544,1543,1680
1374,1377,1375
1377,1379,1375
1415,1392,1414
1447,1415,1414
1992,2095,2205
1653,1591,1913
1653,1830,1656
1591,1655,1508
1655,1455,1508
1435,1433,1434
1433,1435,1402
1435,1401,1402
1461,1435,1434
1435,1461,1401
1425,1396,1398
1361,1396,1402
1396,1425,1402
1364,1363,1349
1697,1686,1652
1889,1686,1920
1686,1697,1920
1696,1654,1656
1697,1654,1696
1654,1697,1652
1654,1653,1656
1559,1535,1561
1559,1562,1560
1559,1561,1564
1562,1559,1564
2691,354,2520
350,2680,2791
350,359,356
4351,4127,3973
4038,4037,3945
4037,4038,4043
3946,4038,3945
4101,4037,4043
4101,4498,4333
4037,4101,4333
3728,3850,4492
3850,3817,4492
3817,3850,3849
3850,4126,3849
3727,3728,3433
3727,3850,3728
4126,3727,3973
3850,3727,4126
3434,3433,3405
300,3434,3405
3434,300,294
322,323,3848
323,333,324
3817,3847,3848
3847,322,3848
316,3847,3849
3847,3817,3849
3847,316,321
322,3847,321
3818,3752,3435
310,3752,314
3752,310,3435
3730,3818,3848
3730,323,324
323,3730,3848
300,306,311
306,300,3405
310,306,3405
2942,3112,2996
3112,2942,3126
2945,3078,3077
2943,2945,2924
3078,2945,2943
325,310,314
325,327,3077
1585,1595,1597
1589,1587,1620
1587,1661,1620
1587,1589,1531
1585,1587,1531
1924,1620,2611
1621,1589,1620
1589,1621,1619
1924,1621,1620
1621,1924,1925
1923,1621,1925
1619,1621,1922
1621,1923,1922
2060,2033,2127
2033,2060,2012
1661,2014,2611
2014,2081,2611
1636,1899,1673
1668,2033,2012
2338,2078,2127
388,390,3075
2841,373,375
373,2841,2629
2300,2312,2310
2312,2300,2299
2596,2300,2310
2300,2239,2299
2300,2596,2239
2255,2614,2380
2160,2255,2380
1863,1755,1868
1755,1863,1915
1780,1779,1717
1780,1717,1811
1810,1780,1811
1780,1810,1939
1779,1780,1814
1795,1865,1794
1794,1865,1659
1575,2054,1598
1575,1523,1601
1523,1575,1598
2054,1793,1598
1793,1725,1659
1793,2054,1725
1523,1522,1601
1522,1521,1502
1521,1522,1523
1599,1521,1523
1608,1639,1899
1608,1609,1639
1609,1608,1611
1608,1640,1611
1610,1609,1597
1595,1610,1597
1766,1610,1746
1610,1766,1639
1609,1610,1639
1899,1847,1673
1637,1847,1899
1847,1816,1673
1816,1847,1797
1798,1787,1767
1787,1798,1797
1787,1639,1767
1787,1637,1639
1847,1787,1797
1787,1847,1637
1975,1900,1786
1975,1624,2058
1624,1975,1786
1900,1975,1974
1975,1976,1974
1976,1975,2058
1900,1901,2097
1901,1900,1904
1843,1785,2097
1901,1843,2097
1843,1901,1905
1798,1843,1849
1785,1843,1798
1977,1934,1978
1882,1968,1927
1841,1882,1927
1967,1882,1962
1882,1967,1968
1952,1516,1746
1952,1595,1731
1610,1952,1746
1952,1610,1595
1622,1786,1764
1622,1624,1786
1624,1622,1517
1350,1355,1349
1346,1350,1349
1355,1350,1356
1350,1354,1356
1350,1346,1348
1354,1350,1348
1452,1952,1731
1952,1452,1516
1453,1440,1400
3235,3041,363
3041,3235,3236
3235,363,365
2961,3235,365
2389,3041,3236
2511,2389,2390
3041,2389,2519
2389,2511,2519
2266,1907,2157
2177,2176,2220
2176,2177,2088
2089,2176,2088
2177,2244,1987
2244,2177,2221
2157,1963,1965
1866,1964,1850
1964,1866,1972
1866,1850,1848
1977,1866,1848
1866,1977,1972
2091,1964,1972
2107,2091,1972
1979,2107,1972
1979,1977,1978
1977,1979,1972
1988,1979,1978
1979,1988,2125
2107,1979,2125
3907,3720,3721
4062,3720,3907
3720,4062,4311
231,3906,234
4062,4179,4230
4179,4229,4230
4179,4062,3907
4179,3907,3963
4349,4680,4602
4349,4602,4347
216,4346,222
216,217,211
217,216,222
4348,227,222
4346,4348,222
2928,3097,2926
288,3097,284
298,3014,295
303,3014,298
2580,2603,2501
2954,2768,2950
2768,2954,2903
2726,2951,2727
2951,2768,2727
2951,2726,2844
2950,2951,2844
2768,2951,2950
3116,3085,3046
3085,3116,3084
3084,3116,3333
3116,3332,3333
2904,2905,2928
2727,2667,2604
3116,3117,3332
3332,3117,3556
3117,3554,3556
3554,3117,3555
3048,3117,3046
3117,3116,3046
3555,3117,3627
3117,3048,3627
285,281,3437
281,285,270
270,285,266
285,260,266
4389,4404,4161
260,4388,4161
4388,4389,4161
4389,4388,3529
4388,260,257
3529,4388,257
4238,4283,4285
4238,4160,4283
4038,4042,4043
4312,4190,4319
4319,4190,4320
4190,4313,4320
4631,4312,4319
4404,4631,4319
4631,4404,4389
4192,4092,4091
4092,4094,4091
4094,4092,3865
4092,4192,4093
3551,3550,6469
3550,3760,6469
3550,3759,3760
3550,3461,3759
4363,5043,4365
4367,4363,4365
4363,4258,4364
4363,4367,4258
4438,4651,4653
4653,4651,4835
4651,5022,4835
4651,4413,4650
5022,4651,4650
4313,4376,4320
4376,4313,4801
4376,4801,4412
4413,4376,4412
5046,5472,4907
4906,5046,4907
5046,265,269
259,4906,252
278,259,252
259,5046,4906
5046,259,265
4528,6877,4906
6877,5003,252
4906,6877,252
6877,5004,5003
6877,4528,5004
229,5350,5184
229,5183,5350
229,5184,233
5183,229,233
290,4828,286
4685,4683,4509
290,4683,4828
4683,293,4509
4683,290,293
5066,4685,6421
5066,282,4828
4683,5066,4828
5066,4683,4685
5066,6421,278
282,5066,278
4802,273,278
265,273,269
273,259,278
259,273,265
4337,4334,4626
4334,4337,4303
6522,7108,6521
6530,6522,6521
6522,5590,7108
6987,500,502
6987,6770,500
503,6987,502
6966,503,505
6893,6966,505
6770,6966,6893
6966,6987,503
6987,6966,6770
5590,474,470
483,474,480
474,485,470
474,483,485
6092,6394,5777
6394,6277,5777
6394,171,6575
6397,6274,6575
6274,6394,6575
6394,6274,6277
6277,6274,6182
6274,6278,6182
6278,6274,6275
6943,6478,6718
6478,6943,6942
6942,6943,7053
6896,6943,6718
6943,6896,7053
6895,6982,6896
8792,8791,63
8895,8791,8792
8791,61,63
8791,8895,61
65,8792,63
65,67,8792
8270,8190,8328
8190,8069,8328
8190,8270,8087
8430,8190,8087
8190,8430,8070
8069,8190,8070
9491,9564,9489
9491,9489,9432
9492,9491,9432
6,9601,11
9601,9602,11
9601,9624,9602
9433,7,10
8,7,9433
10,7,4
7,8,4
9386,9344,9343
9345,9344,9278
9344,9345,9257
9343,9344,9257
9442,9445,9428
9485,9445,9533
9388,9486,9387
9388,9485,9486
9388,9387,9444
9428,9388,9444
9445,9388,9428
9388,9445,9485
7113,115,104
115,7113,6272
127,115,6272
6925,138,133
8182,8132,8183
9068,9240,9199
9068,9066,9240
9090,9068,9199
9068,9090,9067
9068,9067,8932
9066,9068,8932
8858,9171,8780
8866,9171,8592
9171,8858,8592
8589,8590,8571
8558,8590,8651
8590,8589,8651
8856,8857,8994
8857,8858,8971
8858,8857,8591
8857,8856,8591
8994,8857,8973
8857,8971,8973
8986,8985,8982
8984,8986,8982
8986,8984,9092
9345,8986,9257
8986,9092,9257
9240,9274,9199
9274,9240,9311
8995,9273,9311
8985,9273,8995
9273,9274,9311
9274,9273,8985
9322,9371,9327
9112,9371,9322
9371,9089,9327
9371,9112,9069
9089,9371,9069
8897,8931,8933
8897,8933,8898
8897,8930,8932
8931,8897,8932
8981,8897,8898
8897,8981,8838
8896,8897,8838
8897,8896,8930
8896,9062,8930
9066,9062,9446
9062,9066,8930
9446,9062,8871
9062,8651,8871
9062,8896,8651
8810,8603,8406
9443,9353,9095
9443,9095,9458
9443,9428,9352
9353,9443,9352
9442,9443,9458
9443,9442,9428
8883,8956,8882
8813,8883,8882
8883,8813,8815
9096,9456,9458
9303,9456,9380
9456,9339,9458
9456,9303,9339
8944,9096,9095
8944,8883,8815
9353,8944,9095
8956,8944,9353
8883,8944,8956
8972,8869,8983
8972,8995,8973
8972,8983,8995
8779,8972,8973
8984,8955,9092
8956,8955,8882
8889,8984,8888
8889,8799,8887
8799,8889,8888
8889,8955,8984
8882,8889,8887
8955,8889,8882
8864,8813,8887
8864,8598,8586
8799,8864,8887
8864,8799,8598
9569,8816,9057
9399,9569,9057
8900,9569,9399
8816,8568,9016
8568,8565,9016
8565,8568,8476
8584,8864,8586
8864,8584,8813
8813,8584,8815
8584,8814,8815
8961,9399,9084
8961,8900,9399
8031,8030,7906
9249,21,9262
21,19,9262
9532,9568,9486
9568,9532,9566
9485,9532,9486
9566,9532,9533
9532,9485,9533
9129,9131,9124
9125,9129,9124
9129,9125,9184
9131,9129,9302
9129,9186,9302
9186,9129,9184
9379,9378,9355
9259,9378,9379
9378,9263,9355
9378,9250,9263
9250,9378,9228
9378,9259,9228
9182,9125,9183
9125,9182,9184
9474,9182,9183
51,9182,9474
9184,9182,9275
9182,47,9275
47,9182,51
9361,9338,9380
9382,9361,9380
9361,9126,9130
9361,9382,9381
9126,9361,9381
9338,9361,9301
9361,9130,9301
6769,6665,112
6665,6255,112
6665,6768,6242
6768,6665,6769
6229,6665,6242
6255,6665,6229
142,6723,147
6723,6599,147
6230,6256,6229
6230,6227,6925
6230,6925,6272
6256,6230,6272
6227,6192,6226
6231,6192,6229
6192,6230,6229
6230,6192,6227
6226,6228,6191
6192,6228,6226
6228,6192,6231
5941,5600,176
5991,6498,6191
5786,5586,5787
183,5479,178
5479,5449,5282
183,5449,5479
5449,183,187
191,194,5165
191,5449,187
191,5165,5282
5449,191,5282
5976,6104,5812
6104,5976,6096
6104,6106,5812
6106,6104,6417
6104,6096,6417
5786,5784,5586
5784,6498,5991
5051,5050,5120
5506,5826,5787
5051,5826,5506
5826,5051,5120
5258,5260,6303
5260,5258,6474
5317,5259,5321
5507,5317,5321
5259,4997,5320
4997,5259,5052
5611,5507,5975
5611,5975,5812
5317,5611,5813
5611,5317,5507
185,5349,188
5348,5470,5372
5348,5349,5470
4357,4253,4382
4253,4068,4382
4068,4253,4188
5116,4791,4680
4358,4254,4359
4254,4357,4382
4254,4360,4357
4360,4254,4358
4256,4254,4382
4359,4254,4256
4999,4997,5052
4997,4999,4998
5814,5406,5405
5404,5292,6302
6106,6105,5812
122,6807,126
5938,6428,5937
5940,5989,5938
5989,6428,5938
6807,132,126
117,111,120
111,116,120
3019,2774,3135
2861,3019,2860
3019,2861,2774
339,2956,337
2956,2925,337
2925,335,337
335,2925,3080
2862,2632,2863
2632,2506,2863
2506,2632,2504
2632,2409,2504
2409,2632,2590
2476,3118,2525
2900,2983,2943
2983,2997,2943
2983,2900,2898
2997,2983,3135
2527,2983,2898
2995,3078,2943
2997,2995,2943
3078,2995,2996
2995,2997,3018
2995,2942,2996
2236,2285,2286
2285,2236,2195
2412,2221,2220
2412,2455,2390
2110,2196,2090
1804,1806,1962
1806,1808,2003
2004,1806,2003
2182,2108,2125
2108,2107,2125
2108,2091,2107
2184,2183,2109
2108,2184,2109
2184,2108,2182
2184,2182,2201
1989,2203,1988
1988,2203,2125
2203,2182,2125
2203,1989,2202
2201,2203,2202
2182,2203,2201
1758,1777,1808
1777,1758,1756
1806,1758,1808
1758,1806,1804
2194,2183,2195
2194,2110,2183
2236,2194,2195
2194,2236,2257
2196,2194,2257
2194,2196,2110
1759,1712,1796
1712,1760,1796
1712,1689,1761
1721,1712,1761
1760,1712,1721
1776,1757,1778
1757,1759,1778
1757,1776,1774
1759,1757,1756
1777,1757,1774
1757,1777,1756
4979,4980,5040
4979,4689,4980
213,217,5332
210,213,5332
217,213,211
213,206,211
3377,5256,3555
3377,3082,3114
3377,3376,5256
3082,3067,3114
2949,2948,2844
239,232,234
232,240,236
232,239,240
4168,4166,236
4166,4168,3803
4166,232,236
3330,3619,3268
250,3330,3741
3330,250,3619
3037,3155,3156
3153,3157,3268
3157,3269,3268
3157,3153,3154
3037,3157,3154
3157,3037,3156
3269,3157,3156
3328,3269,3329
3328,3693,3837
3693,3328,3329
4846,4875,4968
4846,4967,4966
4875,4846,4966
2248,2223,2249
2396,2248,2249
2223,2248,2222
2248,2397,2309
2248,2396,2397
2212,2248,2309
2248,2212,2222
2666,2319,2347
2352,2319,2353
2347,2319,2352
2407,2474,2583
1218,2407,2583
2474,2407,2151
2335,2536,2583
2227,2228,1880
1880,2228,2151
2228,2474,2151
2474,2228,2475
2228,2077,2475
2228,2227,2077
2264,2437,2369
2264,2369,2265
2264,2210,2411
2437,2264,2411
2210,2264,2189
2186,2264,2265
2264,2186,2189
1701,1789,1790
1854,1789,1878
1878,1789,1788
1789,1701,1788
2408,1881,1880
1881,1854,1880
2521,1881,1879
1854,1881,2521
1852,1851,1790
1852,1937,1851
1937,1953,1954
1775,1759,1796
1759,1775,1778
2130,2026,1954
2026,1778,1954
2026,1776,1778
1776,2026,2027
2026,2130,2027
1267,2086,1275
1276,1267,1275
2041,2030,1259
2030,2041,2042
2030,2042,2085
2086,2030,2085
1267,2030,2086
2041,2252,2251
2252,2666,2347
2252,2346,2251
2346,2252,2347
1249,1247,2040
1253,1249,2040
1249,1256,1247
1256,1249,1253
2041,1255,2040
1255,1253,2040
1253,1255,1264
2578,2501,2604
2667,2578,2604
2927,2904,2926
3106,2927,2926
2918,2920,2738
2918,2873,2920
2446,2436,2435
2435,2436,2411
2436,2438,2411
2438,2436,2486
2436,2446,2486
2378,2403,2353
2378,2694,2403
2351,2378,2353
2378,2351,2535
2534,2378,2535
2694,2378,2534
3064,2692,2743
2692,3223,2743
2572,2692,2534
2692,2572,3223
10900,10714,10716
10741,10714,10900
11393,11419,11420
11419,11496,11420
11419,11430,11496
11430,11428,11321
11321,11404,11508
11136,11135,11008
11333,11135,11136
11226,11225,11185
11427,11174,11235
11392,11329,11393
11417,11396,1010
11455,11436,11467
11520,11472,11470
995,1016,1022
949,11114,954
11001,10849,10970
971,11395,965
10331,10253,10251
10310,10253,10331
8725,8656,8697
8725,8697,9015
8725,8565,8665
9016,8725,9015
8565,8725,9016
8062,8196,8064
8062,8031,8065
8031,8062,8064
8196,8867,8661
8063,8031,8064
8030,8063,8351
8063,8030,8031
8479,8565,8476
8565,8479,8665
8504,8196,8661
8504,8197,8196
8665,8504,8661
8479,8504,8665
6696,6695,7027
6801,6695,6697
6695,6617,6697
6617,6695,6696
7466,7077,7783
7557,7529,7783
6800,6799,6697
7027,7017,7265
6695,7017,7027
7017,6695,6801
6799,6953,6801
6601,5998,6336
6046,5426,5376
5426,6046,5489
5998,5934,6860
5934,5998,6601
7575,7577,7440
7672,7577,7575
7683,7672,7575
7378,7338,7439
7657,7339,7540
8003,8062,8065
8088,7960,7961
8656,8533,8475
8534,8533,8656
5274,5176,5325
4981,4978,4686
4978,4981,5283
5865,6225,7779
8657,4981,5863
5283,8657,5677
4981,8657,5283
4157,4156,5371
4163,4156,4157
4156,4163,4193
3904,3739,1179
3739,1176,1179
1173,1176,3739
3704,3691,4032
3691,3704,3395
3251,3249,3240
3472,3753,3542
4561,5018,4775
5616,5357,5166
5357,5616,5335
5616,5146,5335
4340,5616,5166
5616,4340,5146
8756,8866,8830
11522,11598,11570
1030,11557,1029
11557,11549,1029
11524,11528,11567
11524,11598,11522
11524,11567,11568
11598,11524,11568
11547,11585,11555
11555,11585,11542
11585,11569,11542
1026,11547,11561
1026,11561,1044
1027,1026,1044
11546,11549,11525
11546,1026,1027
1026,11546,11547
11549,11546,1028
11546,1027,1028
11512,11502,11511
11512,11534,11533
11534,11512,11511
11502,11512,11513
11514,11409,11513
11541,11514,11535
992,11503,983
992,991,999
11485,11502,11513
11409,11485,11513
992,11485,11503
11485,11409,11411
11503,11485,11411
11502,11485,999
11485,992,999
11317,11377,11411
11377,11503,11411
11377,11317,11246
963,969,11378
11356,11362,11170
11275,11356,11170
11365,11462,11364
11362,11462,11365
11349,11344,11342
11344,11349,11350
11344,11336,11342
11336,11337,11342
11336,11344,11343
11337,11336,11247
11336,11248,11247
11248,11336,11343
957,960,11137
10982,11077,11030
11291,11077,952
11291,957,11137
957,11291,952
11028,11291,11137
11077,11291,11028
10892,10839,10890
943,937,10962
10925,923,10840
10693,10925,10771
10925,10772,10771
10772,10925,10840
10838,10837,10806
10837,10838,10890
10839,10837,10890
930,933,10890
10838,930,10890
930,10838,927
10893,10839,10892
10893,938,942
938,10893,10892
938,947,942
933,936,10890
936,10892,10890
936,938,10892
947,10946,942
10946,947,11077
10982,10946,11077
10946,10982,10945
10946,10893,942
10893,10946,10945
10637,10784,10636
10637,10564,10792
10637,10504,10564
10504,10637,10636
10667,10449,10548
10573,10667,10548
10793,10637,10792
10637,10793,10784
10667,10793,10792
10793,10667,10573
10773,10807,10805
10807,10773,10806
10684,10745,10685
10773,10745,10684
10516,10527,10515
10678,10679,10513
10679,10766,10527
10679,10678,10685
10766,10679,10685
10851,10574,10654
10574,10851,10653
10798,10957,10928
10579,10521,10928
10521,10798,10928
10798,10521,10561
10503,10530,10483
10530,10503,10535
10671,10691,10740
10849,10848,10970
10823,10682,10740
10691,10823,10740
10655,10666,10680
10657,10655,10670
10672,10670,10680
10703,10682,10704
10682,10703,10681
10703,10830,10681
10830,10703,10700
10955,10757,10914
10672,10669,10670
10669,10657,10670
10983,10952,10931
10952,10983,11081
10952,10930,10931
10931,10929,10975
819,811,816
800,9969,806
800,801,791
800,806,805
801,800,805
740,9850,749
9850,740,731
9855,765,9876
9854,9855,9869
9855,9854,743
9854,10038,732
743,9854,732
801,9958,791
11480,11286,11335
980,11286,11287
11131,11480,11335
1012,11596,1018
11596,11590,1018
11596,1012,11582
11590,11596,11588
11581,11596,11582
11596,11568,11588
11575,11574,11510
11575,11581,11574
11598,11575,11570
11575,11598,11568
11575,11576,11570
11576,11575,11510
11596,11575,11568
11575,11596,11581
11495,11389,11412
11389,11388,11412
11337,11389,11342
11389,11337,11388
11500,11495,11410
11514,11500,11410
11500,11514,11541
11500,11541,11569
11531,11500,11569
11444,11443,11491
11443,11444,11369
11168,11166,11162
11166,11189,11198
11166,11168,11189
11179,11180,11189
11180,11227,11198
11189,11180,11198
11123,11138,11124
11138,11142,11124
806,809,805
823,819,837
10647,10545,10451
10378,10545,10544
863,10842,10549
10841,10647,10451
10841,863,10647
850,854,846
10551,10552,10544
10552,10378,10544
10584,10413,10576
10550,10609,10549
10609,10550,10586
10842,10550,10549
10320,10292,10321
10319,10320,10322
10350,10319,10322
10292,10319,10287
10319,10292,10320
10543,10584,10586
10550,10543,10586
10543,10550,10542
10413,10543,10542
10543,10413,10584
10577,10583,10578
10577,10578,10576
10350,10577,10576
10664,10579,10928
10957,10664,10928
10664,10577,10579
10577,10664,10583
9046,9045,9099
8740,8769,8455
8969,8934,8968
8934,8969,8835
5083,4937,4936
6028,5527,6026
5440,5083,4936
5544,5440,4936
5527,5445,6026
5445,5598,6026
5598,5445,6874
9108,9478,9145
9242,9189,9241
9416,9498,9508
9506,9416,9508
9498,9416,9412
9507,9511,9551
9506,9511,9507
9551,9511,9527
9511,9512,9527
9511,9506,9512
9243,9204,9241
9204,9243,9254
9528,9563,9518
9477,9528,9518
9551,9528,9461
9563,9528,9551
9270,9462,9460
9462,9477,9460
9462,9270,9461
9528,9462,9461
9462,9528,9477
9203,9204,9254
9363,9203,9254
9349,9346,9439
9468,9401,9402
9468,9469,9401
9385,9376,9374
9376,9385,9401
9469,9376,9401
7700,8364,7701
7700,7699,8364
7818,7700,7701
7700,7818,7623
7897,8168,7896
8168,7936,7896
7897,7342,7341
7342,7897,7699
7342,7699,7566
7335,7342,7566
7336,7342,7335
7341,7342,7336
8101,8210,8014
8210,8101,8207
8209,8210,8207
8186,8209,8207
8118,8186,8187
8076,7394,7396
8076,8218,8284
7341,7343,8284
7343,8076,8284
8076,7343,7394
7394,7343,7392
7343,7341,7336
7334,7336,7312
7321,7334,7312
7334,7321,7392
7334,7343,7336
7343,7334,7392
6143,6028,6064
5527,6143,6029
6028,6143,5527
5202,6152,5203
6183,5202,5072
5202,6183,6029
6152,5202,6029
6664,6641,7232
6641,6664,6348
6641,6350,6640
6350,6641,6348
7321,6955,7392
6744,7321,7232
6641,6744,7232
8490,8560,8374
8490,8341,8458
8341,8490,8374
8561,8490,8458
8560,8490,8561
8175,8018,8176
8199,8459,8176
8459,8340,8176
8340,8459,8458
8459,8561,8458
8341,8208,8340
8175,8208,8207
8208,8175,8340
8208,8186,8207
8902,8903,9025
8903,9212,9025
8903,8902,9024
9161,8903,9024
9212,8903,9161
9395,9319,9373
9295,9319,9463
9319,9395,9463
9291,9160,9011
9291,9011,9181
9178,9291,9181
9291,9178,9223
9180,8912,9011
9160,9180,9011
9180,9160,9024
9179,9291,9223
9291,9179,9160
9160,9179,9161
9179,9272,9161
9885,10062,9884
10062,9754,9988
10062,9885,9754
10015,9960,9993
9960,10015,9961
9960,9961,9818
9972,9960,9818
10033,10062,9988
9642,9643,9630
9642,9661,9643
9626,9642,9630
9631,9642,9660
9661,9642,9631
9627,9642,9626
9642,9627,9660
9695,9744,9696
9744,9695,9738
9695,9723,9738
9695,9573,9722
9674,9695,9696
9573,9695,9674
9695,9722,9725
9723,9695,9725
9956,9989,9870
9989,9956,9984
10070,10100,796
10069,10070,10022
10069,10100,10070
9735,9764,9697
9764,9735,691
9764,695,9697
695,9764,691
9735,689,691
9621,9578,649
9621,9649,9578
646,9621,649
9621,646,9579
9621,9579,9676
9650,9621,9676
9649,9621,9650
10040,10072,10096
9944,10040,10096
10072,10040,10098
10040,10085,10098
10085,10040,10086
10096,699,693
703,699,10096
699,673,693
9968,10085,10086
9968,9941,10064
10085,10207,10206
9968,10207,10085
9941,10063,10064
10063,9941,9936
10063,10131,10121
10131,10063,9936
9783,9784,9959
9784,9897,9959
9897,9784,9780
9781,9783,9785
9781,9784,9783
673,675,693
678,675,9853
10183,10122,10121
10122,10200,10064
10063,10122,10064
10122,10063,10121
10170,10124,10017
10169,10124,10170
10393,10313,10264
10352,10313,10393
10448,10394,777
10394,774,777
10394,10352,774
786,10276,780
10274,10276,786
10265,10621,10392
10621,10275,10392
10377,10274,10347
10377,10347,10380
10275,10377,10380
748,10058,10017
10058,10170,10017
10197,10198,10200
10198,10197,10265
10197,10621,10265
10532,10172,10452
10058,10532,10170
10532,10058,10172
10006,10051,9998
10051,10006,10154
9998,10051,9895
10051,9896,9895
10051,10154,10153
9896,10051,10153
9779,9897,9780
9779,9896,9897
9718,9779,9780
9779,9718,9716
9779,9716,9895
9896,9779,9895
729,10007,724
10007,10006,724
10006,10007,10154
10007,729,10017
10124,10007,10017
10566,10616,10567
10728,10566,10568
10566,10554,10568
10566,10567,10554
10607,10801,878
10607,10616,10801
876,10607,878
10616,10607,10567
10565,10607,876
10607,10565,10567
9191,9158,9099
9158,9282,9283
9282,9158,9191
9117,9046,9099
9158,9117,9099
9117,9158,9227
9117,9227,9118
9000,9117,9118
9117,9000,9046
9245,9467,9402
9280,9494,9202
9203,9280,9202
9280,9203,9363
9280,9467,9494
8884,8851,8678
9279,9285,9283
9247,9245,9196
9400,9247,9196
9247,9467,9245
9467,9247,9494
9000,9116,8962
9116,9000,9118
8948,8947,9056
8947,8924,8967
8924,8947,8948
8499,8851,8502
8851,8499,8678
8500,8338,8502
8338,8500,8339
8862,8641,8912
9234,9233,9287
9233,9356,9287
9233,9370,9356
9233,9176,9370
9176,9175,9196
9175,9400,9196
9767,9821,9820
9821,9767,9815
9821,9962,9820
9962,9821,9823
9821,9815,9823
9734,9733,9715
9541,9561,9560
9675,9622,9650
9633,9675,9650
9675,9633,9635
9763,9675,9635
9675,9763,9746
9622,9675,9746
9531,9656,9543
9679,9656,9770
9543,9656,9684
9656,9679,9684
9717,9733,9763
9706,9717,9763
9733,9717,9715
9717,9706,9711
9718,9717,9711
9717,9718,9715
9703,9704,9769
9703,9667,9704
9667,9703,9666
9665,9543,9684
9667,9665,9684
9665,9666,9634
9665,9667,9666
9808,9807,9766
9807,9808,9951
9951,9808,706
9808,702,706
9836,716,721
712,716,9836
710,9951,706
710,9810,9951
9810,710,712
9504,9376,9469
9593,9437,9438
9468,9437,9469
9437,9504,9469
9438,9437,9439
9437,9468,9439
9437,9593,9430
9504,9437,9430
9572,9429,9430
9571,9429,9572
9617,9681,9770
9680,9673,9750
9680,9571,9673
9681,9680,9750
9617,9680,9681
9465,9599,9547
9598,9465,9547
9465,9598,9435
9599,9465,9420
9464,9465,9435
9465,9464,9420
9483,9405,9441
9419,9483,9482
9405,9483,9419
11214,11158,11119
11158,11214,11169
11133,11158,11169
11158,11133,11106
11213,11121,11476
11214,11121,11213
11121,11120,11476
922,11094,926
11105,11094,922
11094,11105,11106
11094,11104,926
11094,11106,11104
10911,10912,10876
904,10912,908
10912,904,10876
11047,11155,11154
11093,11051,11092
11093,11047,11062
11047,11093,11155
11063,10918,10971
11052,11093,11062
11093,11052,11051
10903,10835,11117
10835,10910,11117
10910,10835,10834
11023,10996,11165
10996,11023,10995
11134,11142,11218
11142,11134,11124
11155,11157,11162
11014,10903,11117
11167,11161,11162
11161,11167,11245
11166,11167,11162
11245,11167,11171
11167,11166,11171
11386,11212,11374
11358,11386,11348
11386,11358,11213
11386,11343,11348
11386,11374,11343
11386,11213,11476
11212,11386,11476
10776,10777,10765
10776,10804,10777
10871,10953,10780
10781,10871,10780
10953,10871,11034
10871,10972,11034
10972,10871,10818
10871,10781,10818
11037,11039,10919
10920,11037,10919
11037,11047,11039
10911,10915,10919
10915,10920,10919
10915,10860,10916
10915,10911,10860
10918,10915,10916
10920,10915,10918
10859,10858,10814
10994,10858,11034
10858,10859,11034
10860,10858,10916
10858,10994,10916
1025,11279,1041
11271,11279,1025
11279,11371,11332
1045,11279,11332
11279,1045,1041
11371,11269,11345
10974,10986,10985
10983,10974,10985
10974,10931,10975
10974,10983,10931
10986,11164,10985
11164,10986,11210
11272,11286,11480
11277,11239,11126
11242,11435,11243
11242,11243,11125
11239,11242,11125
11435,11242,11309
1013,11415,1005
11415,1013,11464
5778,5264,5266
5264,5778,5265
5778,5266,5087
5019,5778,5087
5265,5778,5019
3947,3620,3659
3947,3623,3622
3620,3947,3622
3738,3722,4964
3288,3722,3285
4218,3915,4217
4218,4582,3915
4277,4218,4217
4592,4218,4277
4592,4624,4623
4624,5241,4623
4624,4592,4277
3874,3658,4242
3658,3657,3561
3656,3658,3561
3658,3656,4242
3543,3362,3410
3362,3543,3561
4622,4460,4589
4460,4592,4589
4218,4460,4582
4460,4218,4592
4424,4048,4468
4048,4424,4046
3833,4048,4046
4048,3833,4049
3794,3834,3796
3834,3833,3796
3833,3834,4049
4049,3834,4582
4582,3834,3915
3834,3794,3915
4946,5923,4713
5923,4946,5614
5923,5035,4713
5420,5923,5614
5923,5420,5035
4692,4959,4409
4425,4692,4409
4692,4425,4848
5546,5134,5530
5134,5546,5086
5546,5084,5086
5746,5546,5530
5581,6263,6878
6263,7039,6878
7039,6263,5757
5746,6263,5581
5078,5276,4550
5276,5078,5267
4016,3960,4330
4330,3960,3958
3960,3885,3958
3960,4016,3899
3606,3960,3899
3960,3606,3885
4484,4551,4550
4329,4551,4484
4551,5078,4550
4551,4328,4739
4328,4551,4329
5098,3957,3959
3957,3883,3959
3883,3957,3958
3957,4328,3958
3884,3607,3608
3607,3884,3883
3883,3884,3959
3466,3597,3599
3466,3735,3598
3761,3737,3777
3737,3814,3777
3606,3736,3598
3736,3606,3899
5174,4934,5172
5670,5174,5172
5174,5670,5802
5173,4934,4783
4553,5173,4783
5173,4553,5044
4934,5173,5172
5173,5277,5172
5277,5173,5044
5328,5232,5231
5232,5329,5708
5329,5232,5659
5232,5328,5659
5233,5232,5708
5232,5233,5231
4369,4430,4470
5069,4369,4470
4151,4368,4849
4150,4368,4151
4368,5069,4848
4369,4368,4150
4368,4369,5069
4368,4425,4849
4425,4368,4848
584,8919,580
8846,8918,9048
9047,584,588
9047,8919,584
8919,9047,8918
8925,9007,9107
8951,8726,8671
9007,8941,8940
8925,8941,9007
602,600,605
602,9007,600
602,605,9107
9007,602,9107
7582,7755,7754
8464,8138,8191
8079,8192,8081
8192,8433,8191
8805,8663,8696
8663,8648,8621
8588,8648,8649
8648,8805,8649
8805,8648,8663
8151,8133,7937
8573,8464,8191
8433,8573,8191
7841,7728,7836
7893,7841,7836
8227,7791,7758
7420,8629,7544
8629,7422,7544
7543,7752,7583
7545,7543,7583
7422,7584,7544
7584,7545,7544
7584,7345,7444
7345,7584,7422
7543,7584,7444
7584,7543,7545
7246,7228,6838
626,9037,636
9106,9037,626
9037,8966,636
623,9004,620
9004,8720,620
9004,629,9003
629,9004,623
9002,9004,9003
8720,9004,9002
8720,8719,9063
9063,8719,9296
8719,8614,9296
8719,8720,8718
647,641,8966
661,8879,9150
9591,670,672
670,9691,668
9691,670,9591
683,679,667
8745,634,640
634,8745,8914
10503,10482,10504
10482,10503,10483
10481,10484,10572
10434,10482,10433
10504,10434,10564
10482,10434,10504
10284,10144,10370
9683,9659,9678
9658,9659,9683
9659,9658,9631
674,9590,672
674,9627,9590
9811,764,761
752,787,763
787,782,763
764,751,761
751,764,766
742,751,766
742,9719,751
9761,9737,9736
9749,9761,9736
9761,9760,9737
665,9156,667
9156,665,9150
9721,752,763
9840,9721,763
9730,9749,9736
9731,9730,9736
9035,8988,639
9093,9005,9094
9035,9093,9094
10427,10643,10641
10642,10427,10641
10643,10427,855
10626,10427,10642
855,10427,849
10427,10626,849
10660,10661,10651
10661,10642,10641
10854,872,875
10643,10652,10641
10652,10650,10641
10652,10643,868
10652,868,872
10854,10652,872
10652,10854,10650
10650,10659,10641
10661,10659,10651
10659,10661,10641
10601,10677,10497
10846,10844,10845
10844,10846,10763
10660,10688,10689
10688,10717,10722
10732,10720,10763
10720,10732,10717
10717,10732,10729
10907,10866,10796
10866,10906,10796
10924,11035,10906
10866,10924,10906
10924,10866,10767
10923,10924,10767
11035,10924,10950
10924,10923,10950
1114,1111,6233
1111,1114,1113
1128,1124,1129
1124,1128,1126
1126,1128,6879
1128,7159,6879
1128,1129,7159
7358,7480,7295
7193,7358,7295
7756,7841,7758
7841,7756,7728
7359,7480,7365
7480,7359,7296
7359,7262,7296
7359,7360,7262
6809,6615,6810
6615,6809,6811
7086,6809,6848
7472,7086,7194
7086,7472,6811
6809,7086,6811
1085,1082,1091
1100,1108,1101
1108,1100,1112
5287,4538,4539
1087,1095,6300
1092,1095,1087
1095,1092,1094
1094,1092,6178
6178,1092,1091
1092,1085,1091
1102,6910,6632
7455,7160,7456
7632,7455,7456
7617,7620,7497
7140,7675,7156
7140,6828,7139
6827,6880,7139
7186,6827,7139
1126,1121,1116
6880,6881,7139
6881,7140,7139
7140,6881,7675
7675,6881,6879
1121,6881,6880
6669,7186,6830
7177,7140,7156
7140,7177,6828
7177,7633,7454
6870,6827,7501
6827,6870,6880
4927,4929,5475
4929,4927,4912
4929,4912,4889
5448,4929,4889
4929,5448,5475
6429,6464,6463
6464,6019,6489
6019,6464,6429
6913,6488,6504
7441,7541,7752
7833,7870,8112
6911,6912,7444
8165,7958,7959
8165,7959,8179
7958,8165,8167
7759,7757,7790
7789,7759,7790
7845,7789,7790
7360,7310,7284
7310,7311,7284
7310,7359,7365
7359,7310,7360
7375,7448,7814
7311,7448,7375
7857,8066,7957
7957,8066,8179
8066,8178,8179
8178,8066,8177
8066,7857,7918
7191,7000,7297
7191,7297,7262
7000,7191,7001
7191,6973,7001
6973,7191,7002
7189,7188,7264
7189,7007,7002
7263,7360,7284
7188,7263,7284
7360,7263,7262
7285,7307,7264
7188,7285,7264
7285,7188,7284
7307,7285,7374
7375,7285,7284
7285,7375,7374
8492,8601,8482
8601,8492,8718
8601,9002,8892
9002,8601,8718
8600,8703,9200
8601,8600,8482
8703,8600,8892
8600,8601,8892
8703,8859,9200
7101,7102,6546
7102,7101,7088
7669,7678,7306
7678,7669,8166
7871,7678,8166
7737,7871,8311
8346,8324,8300
8324,8301,8300
7825,7828,8325
7974,7828,7825
8301,8058,8345
8739,8740,8455
8739,8664,8740
8302,8301,8057
8301,8302,8300
601,8298,596
8298,590,596
590,589,596
590,8298,8057
8059,590,8057
590,8059,587
8167,8462,8231
8462,8312,8231
8165,8462,8167
8312,8462,8596
8462,8165,8596
8493,8312,8596
8493,8492,8483
8312,8493,8483
8614,8493,8608
8493,8596,8608
8721,8595,8539
8721,8539,8457
8721,8607,8608
8595,8721,8608
8386,8253,8385
8456,8386,8385
8253,8386,8177
8386,8178,8177
8386,8456,8178
8691,8760,8607
8691,8457,8652
8691,8721,8457
8721,8691,8607
8957,8672,8696
8958,8805,8696
8637,8672,8694
8672,8637,8633
8485,8625,8626
8637,8625,8633
8365,8408,8634
8256,8255,8544
8255,8366,8544
8255,8027,8026
8027,8255,8256
8274,8255,8026
8366,8255,8274
8487,8367,8484
8487,8366,8367
8668,8487,8484
8713,8687,8700
8684,8687,8450
8687,8684,8700
8120,8389,8029
8120,8253,8177
8389,8120,8177
8705,8668,8670
8705,8686,8709
8705,8487,8668
8686,8698,8684
8684,8698,8699
8698,8989,8699
8705,8698,8686
8989,8698,8670
8698,8705,8670
9110,8975,9206
9110,8990,8975
8988,9110,9206
9035,9110,8988
8990,9110,9094
9110,9035,9094
7358,7482,7481
7482,7358,7193
7095,7282,7353
7282,7355,7353
6465,6576,6577
6576,6841,6577
7965,7844,7939
7844,7965,7862
1512,1519,1763
1519,1512,1437
1436,1412,1420
1412,1436,1437
1412,1410,1420
1707,1658,1706
1568,1553,1570
1423,1448,1424
1448,1450,1424
1450,1518,1520
1518,1533,1520
1883,1884,1663
1884,1883,1959
2117,2115,1888
2117,2116,2308
2116,2117,1888
2117,2056,2115
410,2117,2308
1727,1723,1718
1718,1723,1726
1779,1723,1717
1723,1727,1717
1723,1815,1726
1723,1779,1815
2260,2263,2800
2780,2260,2800
2238,2260,2261
2260,2238,2263
2298,2299,2261
2260,2298,2261
2298,2260,2780
2612,3110,3074
3110,2612,2614
2814,3110,2965
3110,2964,2965
1737,1752,1748
2001,1741,1744
2070,1742,1784
1743,1742,1744
1742,1743,1784
1749,1737,1748
2070,2010,2256
2010,2070,1784
2554,2431,2782
2554,2429,2431
2660,2639,2782
2432,2430,2306
2432,2660,2431
2430,2432,2431
2430,2178,2306
2168,2361,2170
1863,2168,2170
2168,1863,1868
2028,2168,1868
2168,2028,2361
1752,1751,1748
2159,2327,1930
2159,2613,2327
2159,2160,2380
2613,2159,2380
2169,1863,2170
2255,2169,2170
2169,2255,2160
6840,6584,6838
6704,7104,6705
7104,7107,6705
7106,7104,6704
7104,7106,7173
7364,6262,6705
7107,7364,6705
7192,7246,6838
7210,6998,7223
6998,6684,6997
7319,7224,7170
7224,7219,7170
7224,7319,7223
7300,7257,7299
7257,7300,7298
7219,7221,7171
7221,7257,7298
5832,518,520
5783,518,5832
518,516,520
5795,5792,6157
5795,6157,6156
5795,5793,5741
5792,5795,5741
5807,5809,5739
5809,5792,5739
5809,5807,6685
5792,5809,6964
5809,7008,6964
7008,5809,6685
7014,7210,6703
6658,7014,6703
7210,7014,6994
7014,6963,6994
7014,6658,6963
5187,5186,5185
5061,5127,5064
6659,6111,5897
6261,6111,6659
6111,6261,6112
5655,6111,6112
6111,5655,5897
5129,5657,5661
5129,5473,5126
5473,5129,5661
5064,5129,5126
5127,5129,5064
5662,5657,5655
5662,5655,6112
5662,6124,5661
5657,5662,5661
5058,5669,5057
4932,5058,5057
5058,4931,4995
5058,4932,4931
5669,5668,6548
5668,5058,4995
5058,5668,5669
6659,7286,6156
5898,7286,6659
534,7383,6886
536,7383,534
7723,7838,7907
7907,7654,7122
7838,7654,7907
4264,3769,3770
4264,3832,3769
3832,4264,3893
3893,4264,5192
3709,3942,5192
4264,3709,5192
3709,3708,463
3708,3709,3770
3709,4264,3770
3709,463,465
3942,3709,465
4113,4223,4110
4223,4263,4261
4110,4223,4262
4223,4261,4262
4210,4113,4211
4210,4223,4113
4223,4210,4263
4239,3198,3264
3198,4239,3177
2794,2934,2795
2934,2794,2803
2934,2812,2795
2812,2934,2991
3175,2992,3176
2991,2992,3175
2992,3177,3176
3177,2992,2803
2992,2934,2803
2934,2992,2991
2757,2607,2740
2606,2605,2740
2607,2606,2740
2756,2889,2690
2756,2936,2889
2972,3519,3165
3002,2972,3165
2608,2609,2417
2687,2609,2608
2609,2687,2688
2418,2414,2417
2414,2418,2232
2414,2232,2415
2564,2414,2415
2712,2713,2415
2713,2564,2415
2713,2766,2765
2713,2712,2766
2605,2713,2765
2564,2713,2605
2725,2794,2722
2803,2725,2804
2794,2725,2803
2232,2416,2415
2416,2714,2415
2714,2416,2522
2794,2715,2722
2715,2714,2722
2715,2794,2795
3375,2715,2795
2715,3375,2714
2565,2609,2688
2565,2418,2417
2609,2565,2417
2231,2175,2154
2175,2231,2171
3060,2859,3059
3060,3314,2859
3313,3060,3059
3331,2605,2765
3387,3321,3484
3331,3321,3387
3314,3321,2765
3321,3331,2765
3535,3531,3530
3535,3530,3537
3531,3386,3484
3535,3386,3531
3301,3372,3302
3062,3301,3302
2957,2757,2740
2957,3062,3276
2757,2957,3276
4039,4356,4040
4039,3590,4356
4077,4105,3373
6072,6163,6161
6163,6072,5962
6931,6842,6930
6842,6931,6472
6846,7356,7464
6848,6846,7464
6846,6848,6810
6847,6846,6810
6118,6501,6438
6501,6118,6430
6117,6426,6119
6426,6465,6119
6465,6426,6576
5981,5901,5899
5901,5818,5899
5818,5901,5900
5901,5696,5900
5696,5901,5687
6503,6310,7916
6488,6503,6504
6503,6488,6310
5613,5724,5609
5724,5613,5163
4007,4714,4008
4212,4097,4214
4392,4476,4541
3477,3409,3475
3477,3474,3409
3474,3994,4069
3477,3994,3474
3474,3473,3409
3473,3406,3409
3473,3711,3540
3711,3473,3474
3476,3473,3540
3473,3476,3406
5695,5610,6083
5024,5610,5609
5549,5622,5696
5622,5695,5696
6871,4972,4865
4972,6871,6083
4865,4972,4864
5610,4972,6083
4972,5610,5024
5768,5817,6871
5816,5817,5768
6871,5817,6083
5817,5695,6083
5817,5816,5695
5770,4927,5152
4927,5770,4912
5770,4911,4912
4866,4822,4608
4911,4866,4608
4822,4866,4865
4865,4866,5384
5770,4866,4911
4866,5152,5384
4866,5770,5152
6160,3894,3746
3747,6160,3746
3894,6160,3881
6160,3815,3881
6160,3747,3815
3798,3274,3273
3672,3798,3273
4606,4911,4608
3966,4606,4608
4911,4606,4912
3748,3908,4607
4607,3908,4055
3908,3894,4055
3894,3908,3746
3908,3748,3746
3861,3966,4609
3861,3748,3966
3748,3861,3967
3861,4609,3863
3861,3734,3967
3734,3861,3863
3058,3217,3275
3217,3272,3275
3213,3217,3175
3217,3058,3175
3218,3217,3213
3217,3218,3273
3272,3217,3273
3346,3348,3475
3275,3348,3313
3348,3346,3313
3211,4025,3671
3211,3349,4025
3349,3211,3264
3211,4239,3264
5368,3212,3671
3212,3211,3671
3211,3212,4239
3212,3213,3176
4239,3212,3176
3212,3218,3213
3212,5368,3218
3349,3263,3351
3351,3263,3350
3263,3265,3350
3263,3349,3264
3265,3197,3526
4869,4537,1066
4537,4869,4696
5028,4887,4886
6151,1087,6142
1087,6151,1080
6151,1076,1080
4870,5029,5027
4870,5027,4868
4696,4870,4868
4869,4870,4696
5029,4870,4869
5026,5029,4869
1070,5026,4869
5029,5931,5672
5931,5026,5673
5026,5931,5029
6069,6496,6495
6497,6496,6069
6496,7110,6495
6496,6497,6572
7110,6496,6712
6496,6572,6712
7414,6905,6904
7413,6905,7414
6713,6905,6715
6905,6713,6904
6905,6903,6715
6905,7413,6903
5650,5951,5566
6284,7626,7239
5951,5950,6285
5950,6284,6285
6284,5950,5949
5950,5650,5949
5650,5950,5951
7076,7046,7072
7046,7076,7075
7075,7076,7312
7076,7071,7312
4782,5272,4780
4639,4782,4780
4782,4639,4307
5272,8273,4812
8273,5272,4938
4812,8273,4813
8273,5082,4813
8273,4937,5082
4937,8273,4938
6184,4811,5072
5202,6184,5072
6184,5202,5203
5650,6184,5203
6988,7046,8072
7046,6988,7048
6857,7463,7309
7463,6857,8072
6216,6452,6448
6452,6545,6448
7308,7309,7390
6904,7308,7390
7308,6857,7309
6857,7308,6858
6713,6714,6904
6714,7308,6904
7308,6714,6858
6545,6714,6643
6714,6713,6643
6452,6714,6545
6714,6452,6858
5339,6171,5149
6171,5338,5149
6171,5339,5699
5338,6171,5699
4554,4599,4401
4293,4554,4401
4554,4293,4556
4455,4454,4432
4454,4455,4353
3867,3611,3667
3762,3715,3763
4618,3762,4040
3762,4039,4040
4039,3762,3763
3715,3764,3763
3764,4077,3763
4077,3764,4105
3712,3762,4618
3762,3712,3715
3868,3712,4618
3712,3868,3668
3715,3712,3666
3712,3668,3666
3854,3536,3855
3530,3536,3537
3537,3536,3588
3536,3854,3588
3536,3476,3540
3476,3536,3530
3898,3825,3686
3825,3688,3686
3688,3825,3896
3685,3610,3686
3688,3685,3686
3685,3688,3827
3689,3685,3827
3610,3685,3689
3413,3416,3414
3417,3413,3414
3412,3413,3417
3413,3412,3360
3517,3413,3360
3413,3517,3415
3416,3413,3415
3468,3470,3687
3470,3468,3414
3416,3470,3414
3470,3674,3687
3674,3470,3567
3470,3518,3567
3470,3416,3518
4925,4851,4926
5544,4925,4926
4925,5544,4936
4937,4925,4936
4925,4937,4938
4712,4851,4719
4595,4712,4719
4594,4712,4595
7984,7684,7745
7684,7984,7686
7686,7984,7913
7984,7915,7913
7984,7745,7915
7684,7636,7635
7636,7595,7635
7595,7636,7586
7636,7688,7586
7688,7636,7685
7636,7684,7685
8119,7982,8118
7982,8117,7981
7982,8119,8117
8326,542,541
550,542,544
553,542,550
8117,8164,7981
8164,8326,8163
7996,7983,8163
8164,7983,7981
7983,8164,8163
8382,539,537
8349,8382,537
8327,8382,8349
539,8382,541
8382,8327,541
7898,7934,8364
7934,7898,7935
7898,8364,7896
7936,7898,7896
7898,7936,7935
8186,8211,8209
8211,8186,8118
7883,7568,7453
7476,7883,7453
7568,7883,7631
7883,7590,7631
7883,7476,7590
7452,8460,7449
8460,7452,7461
7449,8460,7698
8460,7461,7698
8570,8987,8890
559,8987,563
8987,559,8890
8676,8570,8561
8676,8987,8570
8863,9180,9024
8863,8862,8912
9180,8863,8912
8902,8861,9024
8790,8861,8902
8861,8863,9024
7805,7793,7804
8412,7805,7804
7793,7805,7928
7805,8412,523
7805,521,7928
7805,523,521
7046,7047,8072
7303,7047,7046
7047,7463,8072
7463,7047,7333
7047,7303,7333
7011,462,460
7011,460,6855
6854,7011,6855
7012,7011,6854
7011,7012,7013
464,7011,7013
462,7011,464
7167,6856,6855
6856,7400,6855
7400,6856,6935
6856,6936,6935
6936,6856,7167
7515,7084,7344
6936,7515,7344
7083,7515,452
7084,7515,7083
7515,6936,7471
7515,455,452
7515,7471,455
6480,6592,6656
6480,6479,6592
7570,6480,6481
6480,7570,5676
6479,6480,5676
6480,6656,6657
6481,6480,6657
6763,6764,7625
7289,6763,7625
6763,7289,7288
6763,7288,7290
6818,6764,6732
6764,6818,6816
6818,7624,6816
6993,6992,7033
7624,7069,6816
6993,7069,6817
7581,7920,8236
7920,7581,7829
7829,7581,157
7581,7580,157
7580,7505,7073
7581,7505,7580
180,7052,7049
7059,7052,180
7052,7032,7049
7032,7052,7033
7052,7060,7033
7052,7061,7060
7061,7052,7059
7289,7270,7272
7270,7091,7272
7091,7270,7340
7340,7270,7625
7270,7289,7625
7403,8419,7272
8419,7403,7579
7403,7532,7579
7532,7403,7401
7525,8257,7579
8419,8257,7687
8257,8419,7579
8257,7525,7527
8257,7798,7687
8257,7527,7798
7525,7797,7527
7797,7458,7527
7797,7525,7658
7524,7526,7842
7031,7261,7277
7261,7351,7277
7351,7261,7406
7573,7729,7440
7729,7576,7440
7576,7729,8189
7929,7681,8189
7681,7929,7533
7729,7929,8189
7929,7729,7573
7831,8528,7856
7856,8528,7919
8528,7873,7919
8710,9010,8852
8710,8712,9010
8712,8710,8537
8711,8710,8852
8537,8710,8711
9058,8747,8746
9053,9058,8746
9058,9053,8816
8747,9058,9015
9058,9016,9015
9058,8816,9016
5845,5067,4572
5067,4573,4572
5067,5001,5169
5067,5845,5001
5339,5341,6169
5341,5340,5846
5341,5339,5149
5340,5341,5149
5789,5341,5846
6169,5341,5789
6960,6365,6872
6365,6873,6872
6873,6365,6366
331,6820,332
5905,6222,6024
6222,6636,6024
6222,6221,313
6222,313,308
6462,6382,6468
6467,6462,6468
326,328,329
6382,6328,6327
6462,6328,6382
6328,6462,6627
6243,6188,6327
6328,6243,6327
6243,6220,6187
6188,6243,6187
5146,5312,5335
5312,5146,5170
5101,5312,5170
5403,5462,5391
5462,5403,5461
5060,5249,5253
5298,5285,5271
4630,4807,4756
4000,4630,4756
4630,4000,4627
4559,7486,4567
4657,5711,4984
4658,4657,4485
4657,4658,4985
4983,4657,4985
5711,4657,4983
6845,5751,5749
5751,5629,5749
5751,6845,5926
5629,5751,5926
6507,6532,6531
6507,5986,6025
6533,6025,6024
6636,6533,6024
6533,6507,6025
6507,6533,6532
6533,6636,7215
6532,6533,7215
5797,5985,5984
5985,6506,5984
5985,7327,6506
3697,4061,3502
4061,4060,3502
3787,4090,3786
4060,4090,3787
4090,4060,4252
4090,4322,3786
4322,4090,4252
4534,4518,4252
4534,4216,4773
4518,4534,4773
3937,3785,3938
3937,3938,4051
3785,3937,3750
3937,4052,4961
4052,3937,4051
4050,3937,4961
3937,4050,3750
6447,5763,6202
5763,6447,5326
6447,6626,5326
5520,5252,5253
5880,5921,6146
6447,5921,6626
6296,6201,6597
6201,6200,6597
6201,6202,6200
4146,4270,4147
4270,4146,4271
4270,4251,4147
4270,4249,4251
5422,3951,3757
3951,3877,3757
4249,3951,4251
4251,3951,4030
3951,5422,4030
3876,4187,4152
3570,3876,4152
4338,4756,5170
4185,4338,4220
4340,4338,5170
4338,4340,4220
3876,3986,4187
3986,3876,3878
4186,4185,4220
4221,4186,4220
4186,4221,4428
4186,4428,4187
3986,4186,4187
4186,3986,4185
5014,4272,5013
5015,5014,5013
5055,5014,5015
5014,4146,4272
4146,5014,4271
5380,5381,5358
5380,5358,5334
5380,5461,5463
5381,5380,5463
5403,5401,5463
5401,5464,5463
5402,5034,5771
5665,5402,5771
5464,5402,5665
5402,5401,5325
5401,5402,5464
5176,5032,5325
5032,5402,5325
5402,5032,5034
5034,5032,4913
220,226,230
220,221,226
220,230,218
215,220,218
7094,220,215
221,220,7094
253,7465,262
7465,253,7135
253,244,7135
7136,7203,7202
7036,7136,7137
7136,7036,6932
7203,7136,6932
7137,7136,7005
7136,7416,7005
7416,7136,7003
7136,7233,7003
7136,7202,7233
6513,6553,6556
6513,6746,6515
6746,6513,6556
6484,6514,6075
6553,6514,6484
6513,6514,6553
6038,6074,6075
6074,6038,6486
6307,6147,6486
6147,6307,6304
6307,5956,6304
6445,6516,6588
6747,6516,6515
6588,6516,6747
6039,6445,6035
6446,6445,6588
6035,6446,6109
6445,6446,6035
5953,6037,6108
413,6908,6782
405,411,413
411,6908,413
6819,6995,6794
425,6819,6794
6819,425,423
418,415,417
418,420,415
418,417,6681
6995,6758,6630
6559,6701,6679
6499,6559,6679
6559,6499,6500
6562,6559,6500
6559,6562,6630
6322,6629,6682
6629,6701,6681
6701,6629,6679
6629,6322,6679
6680,6629,6681
6629,6680,6682
417,6702,6681
6702,6680,6681
6702,415,6782
415,6702,417
6680,7040,6682
7040,6689,6682
6850,6537,7042
7039,7038,6878
7038,6537,7168
6537,7038,7042
7166,7038,7039
7166,7041,7042
7038,7166,7042
7009,5936,5756
7009,7039,5936
7038,6835,6878
6835,7038,7168
5732,5570,5731
5570,5729,5571
394,5868,396
5868,5867,396
5867,5868,5866
5868,5732,5866
4071,4072,4028
4072,4071,4205
4072,4235,4491
4235,4072,4205
4279,4235,4205
4491,4235,4489
4201,3810,4028
3810,4071,4028
4071,3810,3809
3810,4201,3808
3646,3791,3808
3791,3810,3808
3810,3791,3809
5031,7328,6384
5031,6383,7328
5031,5278,5030
5031,6384,5278
3654,3648,3645
3655,3654,3645
3654,3655,3860
3648,3654,3788
3635,4577,3634
3635,3585,3455
3635,3634,3585
3454,3648,3646
4577,3454,3646
3424,3422,3390
3422,3421,3390
3421,3422,3645
3422,3655,3645
3655,3422,3424
3378,3291,3591
3291,3378,3266
3125,3266,3636
3124,3125,3636
3289,3125,3124
3122,3115,6073
3115,3122,3119
3115,3068,6073
3115,3289,3068
4015,3121,6073
3121,3122,6073
3121,4015,3418
3494,3491,3418
3491,3494,3449
3492,3491,3449
3717,3742,4734
1971,1970,1961
1970,1971,2508
1971,2044,2508
1969,1971,1961
1971,1969,2044
2250,2076,1960
1970,2250,1960
2076,2250,2293
2250,1970,2293
3036,3038,3154
3153,3036,3154
3036,3153,3357
2708,2753,2754
2377,2601,2376
1210,1209,1212
3419,2892,3604
3230,2892,4323
2892,3111,4323
3111,2892,3419
2892,3354,3604
3354,2892,3230
2589,2406,2588
2406,2826,2588
2301,2075,2076
2301,2076,2293
2301,2406,2589
2405,2301,2293
2406,2301,2405
2854,2589,2588
2075,2336,2475
2336,2335,2475
2301,2336,2075
2336,2301,2589
2854,2336,2589
3334,3169,2824
2822,2821,2824
2822,2826,2821
3522,3693,3341
3522,3341,3340
2444,2560,2559
2560,2444,2558
2560,2823,2559
2560,4323,2823
4323,2560,2893
2560,2558,2893
2678,2507,2044
2678,1969,2043
1969,2678,2044
2591,2679,2701
2507,2679,2591
2701,2679,2702
3905,3509,3510
3509,3398,3510
3354,3509,3604
3509,3354,3398
3782,3905,3781
3509,3782,3604
3782,3509,3905
3782,3419,3604
3419,3782,3420
3782,3523,3420
3523,3782,3781
3369,3334,3420
3523,3369,3420
4724,3382,3248
4724,3401,3382
4724,3248,3457
3401,4724,3457
3838,3859,3902
3446,2947,3136
3446,3225,2947
3225,3446,3137
2847,3446,3136
3446,2847,2848
3137,3446,2848
4426,4702,3669
5667,4426,3669
4428,4426,4219
4426,4428,4702
4426,4427,4219
4426,5667,4427
4560,4760,4996
4760,4759,4996
4759,4760,4736
4760,4266,4736
4760,4560,4033
4266,4760,4033
5682,5381,5665
5381,5682,5356
5682,5698,5356
304,6502,7215
6502,304,296
6502,6805,7215
6502,296,292
6805,6502,292
6636,6471,7215
6471,304,7215
304,6471,308
6471,6222,308
6222,6471,6636
6751,6894,6805
6751,6805,292
287,6751,292
6751,287,6999
6894,6751,6999
4641,5248,4773
5248,5182,4773
5908,5624,5625
5624,5556,5625
5556,5624,5557
5624,5906,5557
5624,5907,5906
4982,5089,4985
5089,5418,4985
5089,5557,5418
4772,5248,5558
5248,4772,5182
5182,4772,4517
4772,4777,4517
6189,5881,5909
5881,6189,5908
5907,6189,5909
6189,5624,5908
5624,6189,5907
3050,3043,3052
3050,3053,3043
3005,3050,3052
3050,3005,3088
3053,3050,3167
3050,3088,3142
3167,3050,3142
3258,3257,3186
3258,3186,3187
3311,3258,3187
3258,3311,3304
3257,3258,3304
3453,3489,3343
3489,3488,3343
3489,3453,3585
3443,2994,3241
2846,2994,3443
2994,2846,2833
3577,5667,3669
5667,3577,3663
3577,3565,3663
3565,3577,3576
3578,3442,3576
3442,3565,3576
3582,4737,3660
2395,2385,2387
2634,2633,2620
3724,2633,2634
2684,2633,3724
2684,2685,2834
2685,2684,3724
3051,3182,3083
3182,3044,3083
3182,2685,3044
3182,3051,3027
3182,3027,2834
2685,3182,2834
3086,3378,3089
3378,3086,3266
3266,3086,3636
2879,2818,2877
2879,3005,3052
2879,2877,3005
2880,2879,3052
2818,2879,2880
3004,3089,3087
3090,3004,3087
3004,3086,3089
2959,3004,3090
5353,5720,5354
5412,5720,5925
5720,5412,5354
5720,5924,5925
5720,5353,5924
3337,3234,3462
4522,4523,4359
4522,4244,4178
4522,4178,4347
4523,4522,4347
4244,4228,4178
4228,4244,4229
4179,4228,4229
4178,4228,3963
4228,4179,3963
532,534,6886
528,6568,526
6568,6565,526
6565,6568,6566
5501,5740,5742
5793,5740,5741
5740,5501,5741
5935,5740,5793
5180,5740,5935
5742,5740,5416
5740,5180,5416
5781,515,516
5781,5553,515
5553,5781,5500
518,5781,516
5781,5783,5500
5781,518,5783
5840,6057,6123
6057,5840,5842
5842,5840,5841
5840,5891,5841
5840,6123,5891
1538,1862,1561
1535,1538,1561
1538,1535,1524
2579,1713,1537
1535,2579,1537
1566,2579,1560
2579,1566,1713
2579,1559,1560
1559,2579,1535
1565,1604,1671
1604,1669,1671
1604,1670,1669
1604,1565,1567
1760,1817,1796
1817,1775,1796
1851,1817,1935
2084,2761,2100
2761,2047,2100
2761,2083,2008
2083,2761,2084
2761,2008,2759
2047,2761,2759
2498,2275,2305
2275,2498,2427
2427,2498,2452
2498,2454,2452
2055,2031,2241
2055,2024,2031
2332,2055,2241
2451,2452,2832
2681,2451,2832
2451,2427,2452
2451,2453,2427
2538,2677,2539
2453,2538,2539
2677,2538,2682
2451,2538,2453
2538,2681,2682
2538,2451,2681
2292,2434,2539
2434,2292,2217
2292,2143,2217
2292,2291,2143
2792,2677,2931
2292,2792,2291
2677,2792,2539
2792,2292,2539
2442,2356,2540
2356,2197,2540
2287,2356,2331
2356,2287,2290
2197,2356,2290
2365,2434,2217
2365,2442,2434
2216,2365,2217
2356,2365,2331
2365,2356,2442
2365,2332,2331
2332,2365,2216
2683,3035,3724
3035,2685,3724
2685,3035,3044
3044,3035,2913
2721,2751,2752
2876,2721,2752
2721,2876,2584
2643,2721,2584
2751,2721,2643
2788,2787,2790
2788,2790,2913
2788,2683,2752
2787,2788,2752
3035,2788,2913
2788,3035,2683
2206,2204,2181
2064,2206,2181
2206,2064,1892
1891,1892,2063
2760,1891,2063
1891,1893,1827
1892,1891,1827
1893,1891,2048
1891,2760,2048
2760,2106,2146
2106,2150,2148
2146,2106,2148
4408,4409,4691
4299,4408,4691
3884,4246,3959
3701,4246,3608
4246,3884,3608
3620,3651,3650
3651,3381,3650
3381,3653,3652
3681,3653,3684
3653,3681,3652
3597,3566,3599
3566,3391,3599
3392,3566,3450
3391,3566,3392
3557,3605,3622
3793,3560,3281
3722,3751,3285
3751,3722,3738
3451,3751,3738
3000,3103,3001
3103,3383,3001
3383,3103,3352
3150,3560,3282
4474,4450,4745
4593,4450,4734
4744,4611,4610
4611,4744,4745
5132,5568,5161
2095,1984,2096
1857,2165,1855
1857,1984,2165
1984,1857,1858
2268,2121,2483
2121,2268,2123
1550,1649,1558
1649,1550,2015
1858,1886,1985
2082,1992,2205
1699,1698,1827
1698,1699,1830
1828,1698,1830
2400,2328,2401
2328,2400,2329
2399,2328,2233
2276,2358,2360
2277,2234,2329
2233,2234,2124
2234,2328,2329
2328,2234,2233
2496,2545,2493
2810,2359,1997
2359,2276,2360
2359,2810,2276
2122,1997,1994
2122,2810,1997
3247,2277,2329
3247,2711,2277
2711,3247,2625
3247,2400,2625
2400,3247,2329
2711,2532,2277
2532,2711,2734
2856,2733,2984
2733,2763,2984
2556,2673,2555
2673,2556,2581
2557,2392,2555
2392,2557,2393
2392,2556,2555
2556,2392,2869
2318,2392,2393
2869,2392,2318
2363,2869,2318
2316,2363,2318
2243,2363,2161
2363,2316,2161
2358,2425,2360
2425,2358,2468
2225,2333,2098
2333,2225,2480
1822,1844,1821
1823,1844,1846
1844,1823,1821
1844,1822,2046
1844,2128,1846
2128,1844,2046
3312,3644,3281
2888,2866,2887
2490,2479,2887
2479,2490,2480
2866,2490,2887
2480,2490,2489
2490,2866,2489
2530,2128,2705
2128,2530,2479
2145,2071,2098
2333,2334,2098
2334,2145,2098
3549,3515,3516
3546,3515,3666
3515,3546,3516
3515,3713,3666
3515,3549,3713
3519,2890,2946
2890,2891,2946
2891,2890,2690
2936,2937,2889
3130,3215,3131
3215,3130,3374
2937,3130,3131
3130,2937,2936
3683,3795,3794
3774,3683,3794
3683,3681,3684
3683,3774,3681
3679,4047,4361
3774,4047,3679
4047,3835,4361
3835,4047,3796
4047,3774,3796
3133,3033,3203
1603,1605,1665
1604,1603,1670
1605,1603,1567
1603,1604,1567
1669,1720,1721
1670,1720,1669
1489,1488,1445
1489,1547,1488
1550,1515,1549
1514,1515,1510
1539,1568,1791
1539,1541,1553
1568,1539,1553
1682,1687,1681
1630,1682,1681
1682,1630,1631
1682,1631,1688
1711,1682,1688
1682,1689,1687
1682,1711,1689
1362,1385,1419
1443,1385,1418
1419,1385,1443
1385,1401,1418
1385,1362,1401
1619,1730,1729
1730,2023,1918
1730,1619,1922
2023,1730,1922
1730,1918,1728
1715,1730,1728
1730,1715,1729
1451,1486,1495
1493,1486,1487
1486,1493,1495
1486,1438,1487
1486,1451,1438
1837,1690,1641
1700,1837,1722
1690,1837,1700
1642,1837,1641
1642,1544,1722
1837,1642,1722
1532,1546,1545
1544,1546,1532
1642,1546,1544
1545,1546,1576
1546,1641,1576
1546,1642,1641
1379,1380,1421
1377,1380,1379
1380,1415,1421
1415,1380,1392
1380,1381,1392
1381,1380,1377
1473,1475,1447
1475,1415,1447
1475,1423,1421
1415,1475,1421
1382,1364,1497
1364,1382,1363
1397,1382,1497
1363,1382,1361
1382,1396,1361
1382,1397,1398
1396,1382,1398
1397,1490,1445
1490,1489,1445
1686,1626,1652
1652,1626,1645
1626,1526,1645
1538,1685,1862
1685,1538,1625
1626,1685,1625
1685,1626,1686
1653,1617,1591
1654,1617,1653
1617,1655,1591
1617,1652,1645
1617,1654,1652
2691,2542,2680
2680,2542,2791
352,2691,2680
350,352,2680
2691,352,354
354,352,356
352,350,356
2561,2458,2457
2458,2561,2791
2542,2458,2791
2458,2542,2459
367,2961,365
2961,367,369
2842,2961,369
2842,2420,2961
3929,3949,3922
3949,3929,4301
3949,4301,4303
4685,4336,6421
3949,4300,3922
4351,4129,4127
4129,4350,4127
4350,4129,4387
297,299,4509
4127,302,3973
302,4126,3973
4104,4850,4527
4101,4104,4498
4104,4527,4493
4498,4104,4493
2908,3018,2774
2908,2995,3018
2995,2908,2942
3436,3727,3433
3436,4351,3973
3727,3436,3973
3434,3436,3433
3436,3434,3438
3434,3579,3438
3438,3579,3437
3579,294,289
3579,3434,294
285,3579,289
3579,285,3437
318,3730,324
327,318,324
3752,318,314
318,325,314
325,318,327
318,3752,3818
3730,318,3818
327,3042,3077
3042,2945,3077
3042,327,330
319,306,310
325,319,310
1588,1586,1595
1585,1588,1595
1586,1588,1531
1588,1585,1531
1640,1594,1611
1594,1597,1611
1594,1585,1597
2013,2014,1661
1668,1695,2033
1695,1693,1800
1695,1668,1801
1693,1695,1801
2215,402,404
2214,2215,404
2215,2214,2020
395,397,2517
1799,1695,1800
1695,1799,2033
2419,2167,2630
2339,2190,2078
2339,2338,2296
2338,2339,2078
2295,2339,2296
2339,2295,2190
2190,2528,2191
395,2528,393
2034,2338,2127
2034,1799,2035
2033,2034,2127
1799,2034,2033
2343,2034,2035
2034,2343,2338
2126,2190,2191
2190,2126,2078
2078,2079,2127
2079,2060,2127
2126,2079,2078
2079,2126,2080
2060,2079,2081
2079,2080,2081
2037,1924,2611
2081,2037,2611
2080,2037,2081
371,373,2629
371,2842,369
2842,371,2629
2964,2686,2311
2361,2686,2170
2686,2255,2170
2255,2686,2614
2686,3109,2311
2686,2361,3109
2686,3110,2614
3110,2686,2964
2056,2039,2115
2039,2056,2104
2039,2038,1814
2039,2104,2038
2115,1813,1939
1813,1780,1939
2039,1813,2115
1780,1813,1814
1813,2039,1814
1864,1795,1921
1864,1865,1795
1864,1921,1868
1865,1864,1818
1864,1754,1818
1755,1864,1868
1754,1864,1755
1575,1577,2054
1644,1577,1576
1577,1644,1643
2054,1577,1643
1865,1660,1659
1660,1865,1818
1638,1636,1801
1608,1638,1640
1636,1638,1899
1638,1608,1899
1668,1638,1801
1366,1581,1400
1405,1672,1390
1404,1405,1391
1405,1390,1391
1736,1405,1404
1672,1405,1736
1901,1906,1905
1967,1906,1968
1968,1906,1904
1906,1901,1904
1843,1991,1849
1991,1843,1905
1934,1991,1905
1849,1991,1848
1991,1977,1848
1991,1934,1977
2002,1967,1962
1806,2002,1962
2002,1806,2004
2002,2004,1990
1967,2002,1990
1842,1841,1684
1842,1882,1841
1765,1516,1517
1622,1765,1517
1516,1765,1746
1765,1766,1746
1766,1765,1764
1765,1622,1764
1392,1393,1416
1381,1393,1392
1366,1365,1357
1372,1378,1374
1378,1377,1374
1378,1381,1377
1378,1394,1381
1394,1395,1381
1395,1393,1381
1452,1439,1440
1439,1481,1438
1481,1439,1731
1439,1452,1731
1454,1452,1440
1453,1454,1440
1452,1454,1516
1516,1454,1517
1454,1453,1517
2391,2389,3236
2391,2420,2245
2267,2176,2089
2267,2440,2220
2176,2267,2220
2244,2166,1987
2167,2166,2245
1867,1966,1965
1963,1867,1965
1867,1964,1966
1867,1963,1834
1867,1834,1850
1964,1867,1850
1674,1636,1673
1636,1674,1801
1674,1693,1801
1692,1674,1673
1816,1692,1673
1692,1816,1850
1834,1692,1850
1674,1802,1693
1692,1802,1674
1964,1973,1966
2091,1973,1964
1973,2092,1966
2092,1973,2090
4679,4349,4346
216,4679,4346
4349,4679,4680
4679,216,211
4679,211,4695
4680,4679,4695
3964,231,227
4348,3964,227
3906,3964,3963
231,3964,3906
4349,4177,4346
4177,4348,4346
4177,4349,4347
4178,4177,4347
4177,3964,4348
4177,4178,3963
3964,4177,3963
3098,3097,2928
3097,3098,284
3098,280,284
3098,3143,280
2998,3014,303
3014,2998,2939
3108,3106,2926
3097,3108,2926
3108,288,3164
3108,3097,288
3106,3010,2939
3010,3014,2939
3010,3108,3164
3108,3010,3106
3010,3164,295
3014,3010,295
2501,2602,2604
2603,2602,2501
2602,2727,2604
2602,2726,2727
2404,2548,2549
2548,2580,2549
2548,2603,2580
3013,2954,2950
3013,3082,3627
3011,3013,3627
2905,2769,2903
2769,2905,2904
2667,2769,2904
2769,2727,2903
2769,2667,2727
3047,3012,3049
3143,3047,3049
2905,3047,2928
3047,3098,2928
3098,3047,3143
3012,2975,3011
3047,2975,3012
2975,3047,2905
4377,4404,4319
4377,4319,4320
4375,4377,4320
4103,4238,4285
4042,4103,4043
260,263,266
263,260,4161
4404,4122,4161
4122,4404,4160
4122,263,4161
4044,4038,3946
4044,4042,4038
4044,3946,266
4044,4122,4042
263,4044,266
4122,4044,263
4192,4189,4093
4189,4190,4312
4189,3766,4093
3766,4189,4312
4403,3766,4312
4631,4403,4312
4403,4389,3719
4403,4631,4389
3766,3706,4093
4092,3706,3865
3706,4092,4093
3865,3706,3705
3706,3551,3705
5043,4676,5468
4363,4676,5043
5468,4676,4987
4676,4677,4987
4677,4676,4364
4676,4363,4364
4374,4438,4344
4375,4374,4344
4374,4375,4320
4376,4374,4320
273,5045,269
5045,273,4802
5472,4494,4626
4494,4337,4626
5045,4494,269
4337,4494,4802
4494,5045,4802
4494,5046,269
5046,4494,5472
6522,5591,5590
474,5591,480
5591,474,5590
6057,6121,6120
6339,6530,6586
6339,6522,6530
171,6393,161
6394,6393,171
6393,6394,6092
6392,6393,6092
6393,158,161
6393,6392,158
6274,6374,6275
6374,6274,6397
6275,6374,6373
6373,6374,6724
6374,6397,6724
6896,7317,6941
6982,7317,6896
9491,9556,9564
9624,9556,9492
9556,9491,9492
8557,8553,8558
8727,8557,8841
8557,8558,8841
9344,9360,9278
9360,9344,9386
9360,9276,9278
9276,9360,9329
9360,9386,9329
9457,9445,9442
9457,9442,9339
9340,9457,9339
9445,9457,9533
9457,9558,9533
9457,9340,9558
141,7652,137
7653,7652,141
8182,8131,8132
8131,8384,77
8132,8131,77
8131,8182,8362
8144,8143,8130
8160,8224,8144
8160,8145,8159
8160,8144,8130
8145,8160,8130
8224,8219,8144
8219,8182,8183
8182,8219,8362
8219,8224,8362
8141,8219,8183
8219,8143,8144
8143,8219,8141
8590,8556,8571
8553,8556,8558
8556,8590,8558
9256,9274,8985
9256,8986,9345
8986,9256,8985
9277,9449,9199
9274,9277,9199
9256,9277,9274
9449,9277,9278
9277,9345,9278
9277,9256,9345
8810,8793,8603
8603,8793,8732
8793,8794,8732
8794,8793,8865
9456,9190,9380
9190,9456,9096
9190,9382,9380
9382,9190,9084
8943,8944,8815
8944,8943,9096
8814,8943,8815
8961,8943,8814
8943,9190,9096
8943,8961,9084
9190,8943,9084
9072,8972,8779
8972,9072,8869
9260,8955,8956
9260,9352,9354
9260,8956,9352
8955,9260,9092
9257,9260,9354
9092,9260,9257
8576,8584,8586
8477,8352,8350
8568,8567,8476
8567,8585,8476
8812,8507,8521
22,21,9249
9332,22,9232
22,9249,9232
22,9332,24
6227,6598,6925
6598,138,6925
138,6598,142
6598,6723,142
6599,6232,6226
6723,6232,6599
6232,6227,6226
6232,6598,6227
6598,6232,6723
5993,6231,5992
5993,6228,6231
5993,5991,6191
6228,5993,6191
177,185,176
5600,177,176
5600,5942,5602
5942,5941,6002
5941,5942,5600
6353,151,7204
155,6353,7204
6353,155,151
173,5941,176
5941,173,166
6483,5941,166
5941,6483,6002
6003,5786,6002
5784,6003,6498
6003,5784,5786
194,5450,5102
199,5450,194
5102,5450,5041
5041,5450,203
5450,199,203
5784,5585,5586
5586,5585,5505
5507,5585,5612
5585,5507,5505
5972,5784,5991
5972,5974,5612
5585,5972,5612
5972,5585,5784
5993,5972,5991
5974,5972,5992
5972,5993,5992
5050,5318,4998
5318,5050,5051
5318,5051,5320
4997,5318,5320
5318,4997,4998
4890,5050,4998
4999,4890,4998
5827,5826,5120
5601,5602,5787
5826,5601,5787
5827,5601,5826
5470,5601,5372
5601,5827,5372
6303,5641,5561
5260,5641,6303
5577,5319,5813
5319,5317,5813
5317,5319,5259
5579,5577,6174
6357,123,116
5471,5349,185
5349,5471,5470
5471,5600,5602
5601,5471,5602
5471,5601,5470
177,5471,185
5471,177,5600
5117,4791,5116
4790,4360,4358
4360,4790,4788
5117,4790,4791
5258,5000,5052
5000,4999,5052
5000,5258,6302
4999,5000,4741
5292,5000,6302
5000,5292,4741
5090,5814,6297
5090,5406,5814
4743,5404,5405
4743,5292,5404
5406,4743,5405
5292,4743,4741
5050,5121,5120
5827,5303,5372
5303,5121,5302
5303,5827,5120
5121,5303,5120
4180,4182,4173
5811,5577,5813
6105,5811,5812
5811,5611,5812
5611,5811,5813
6897,6895,6808
6897,6982,6895
6983,6897,97
6897,6983,6982
105,122,126
6897,105,97
6806,6807,122
6806,6897,6808
105,6806,122
6806,105,6897
7287,6432,6718
6396,5814,5405
5814,6396,6031
6030,6510,5988
6510,6030,6031
5562,6396,5405
5404,5562,5405
5562,5404,5561
6899,6807,6898
6899,132,6807
132,124,126
124,132,128
124,105,126
105,124,109
2982,2527,2525
3118,2982,2525
3019,2982,2860
2325,2320,2676
339,341,2956
341,345,343
2925,2899,3080
3080,2899,2924
2899,2900,2924
2900,2899,2898
2561,2562,343
2899,2728,2898
2632,3076,2590
3076,2632,2862
2983,2981,3135
2981,2983,2527
2982,2981,2527
2981,3019,3135
2981,2982,3019
2324,2284,2286
2284,2236,2286
2236,2284,2257
2422,2284,2324
2412,2439,2455
2455,2439,2529
2440,2439,2220
2439,2412,2220
2093,2108,2109
2108,2093,2091
2093,2110,2090
2110,2093,2109
1973,2093,2090
2093,1973,2091
2185,2201,2309
2185,2184,2201
2397,2185,2309
2185,2397,2872
2183,2185,2872
2184,2185,2183
1758,1709,1756
1710,1759,1756
1710,1712,1759
1709,1710,1756
1712,1710,1689
1710,1709,1689
4562,4286,4479
5099,4979,5040
4158,4116,5371
3693,4124,3837
4124,3522,3971
3522,4124,3693
250,248,255
248,240,3630
240,248,236
248,250,236
250,241,236
241,250,3741
241,4168,236
4168,241,3741
256,250,255
250,256,3619
256,255,261
3619,256,261
3366,3365,3093
3081,3377,3555
3377,3081,3082
3081,3555,3627
3082,3081,3627
3026,3067,3082
3067,3026,2948
2948,3026,2950
3026,3013,2950
3013,3026,3082
3066,2949,3064
3066,3064,2743
3091,3066,2743
4800,3991,4202
4799,4800,4202
3991,4798,4202
4798,3990,4243
3990,4798,3991
4634,4166,4874
4166,4634,232
5261,4634,4874
4166,4879,4874
4879,4800,4874
4800,4879,3991
4879,4166,3803
3269,4660,3268
4660,3330,3268
3328,4660,3269
2572,2746,3223
3038,2746,3154
2746,3038,3223
2746,3037,3154
2746,3155,3037
4635,4875,5332
5261,4635,224
4635,217,224
217,4635,5332
1247,1245,2040
1217,1210,1212
1217,2796,1219
2796,1217,1212
2319,2796,2353
2796,2351,2353
2796,1209,2351
1209,2796,1212
2314,2666,1231
2314,2319,2666
2314,2796,2319
1229,1230,2151
1227,1229,2151
1227,1213,1219
1213,1217,1219
1210,1213,1211
1217,1213,1210
2407,1220,1223
1220,2407,1218
1220,1218,1215
1224,2407,1223
1224,1213,1227
1224,1227,2151
2407,1224,2151
2536,2870,2706
2870,2536,2335
2870,2854,2706
2336,2870,2335
2870,2336,2854
1956,1258,1261
1256,1258,1956
1258,1256,1253
1258,1264,1261
1258,1253,1264
1789,1853,1790
1853,1789,1854
1853,1854,2521
1853,1852,1790
1852,1853,2521
1956,1957,2521
1957,1852,2521
1957,1937,1852
1957,1956,1261
1937,1957,1953
1937,1936,1851
1936,1817,1851
1817,1936,1775
1775,1936,1778
1778,1936,1954
1936,1937,1954
2030,1268,1266
1268,2030,1267
1957,1274,1953
1262,2030,1266
1272,1262,1266
2252,2315,2666
2315,1234,2666
2315,2041,2040
2315,2252,2041
1257,2041,1259
1257,1255,2041
1255,1257,1264
2501,2485,2487
2485,2486,2487
2485,2499,2486
2500,2578,2576
2485,2500,2499
2578,2500,2501
2500,2485,2501
2499,2502,2486
2438,2502,2571
2502,2438,2486
2578,2668,2576
2668,2578,2667
2668,2667,2904
2927,2668,2904
3107,2927,3106
2576,3107,2738
2668,3107,2576
3107,2668,2927
2570,2569,2505
2569,2570,2571
2582,2569,2652
2582,2503,2505
2569,2582,2505
2697,2699,2863
2697,2582,2652
2582,2697,2503
2506,2697,2863
2697,2506,2503
2873,2696,2920
2696,2695,2920
2695,2696,2652
2696,2697,2652
2919,3106,2939
2918,2919,2939
2919,2918,2738
3107,2919,2738
2919,3107,3106
2694,3147,2403
3147,2694,2534
2692,3147,2534
2548,2820,2603
2949,2845,3064
2845,2949,2844
10736,10741,10863
10736,10714,10741
11237,11427,11235
11258,11237,11226
11237,11258,11427
11419,11477,11430
11477,11428,11430
11477,11419,11393
11404,11294,11385
11294,11404,11321
11508,11458,11459
11404,11458,11508
11458,11403,11459
11458,11404,11385
11088,11087,11008
11135,11088,11008
11088,10976,11087
11458,11346,11403
11346,11458,11385
11346,11333,11403
11346,11135,11333
11257,11330,11226
11330,11225,11226
11160,11159,11176
11173,11160,11176
11160,11173,11186
11087,10988,10965
10976,10988,11087
11439,11454,11457
11417,11439,11396
11424,11439,11457
11396,11439,11424
11436,11401,11486
11340,11425,11472
11436,11473,11467
11473,11436,11486
11473,11520,11467
11473,11472,11520
11416,11381,11390
11381,11416,1004
11416,11417,1010
1004,11416,1010
1000,995,11323
1000,1004,1010
1016,1000,1010
995,1000,1016
10991,949,943
10991,943,10962
11066,10703,10704
11268,11206,11204
11395,11268,11204
11268,971,977
11268,11395,971
11206,11265,11264
988,11265,982
11265,988,11264
11268,11265,11206
11265,977,982
11265,11268,977
11203,11206,11264
11028,11029,10944
11206,11024,11204
11024,11203,11205
11203,11024,11206
11003,11024,11205
11024,11003,11002
10993,921,917
10343,10329,10344
10329,10343,10330
10310,10329,10330
10329,10331,10344
10329,10310,10331
903,921,925
906,903,925
10455,10332,10330
10332,10310,10330
10343,10423,10330
10423,10455,10330
8724,8725,8665
8725,8724,8656
8724,8534,8656
8724,8665,8661
8867,8582,8661
8582,8724,8661
8724,8582,8534
8062,8624,8196
8624,8867,8196
8003,8624,8062
8197,8195,8064
8195,8063,8064
8063,8195,8351
8195,8352,8351
8350,8195,8197
8352,8195,8350
8566,8350,8197
8504,8566,8197
8566,8504,8479
8350,8566,8476
8566,8479,8476
7557,7784,7027
7784,7557,7783
7077,7784,7783
7529,7293,7508
7293,7529,7557
7293,7557,7265
6799,6951,6952
6800,6951,6799
6951,7031,6952
7017,7082,7265
7509,7528,7508
7082,7016,7121
7016,7082,7017
7016,7017,6801
6953,7016,6801
6950,6799,6952
6950,6953,6799
6618,6617,6675
6802,6800,6697
5509,5998,6860
5239,5425,5466
5379,5390,5376
5390,6046,5376
5390,5379,5392
7407,7351,7406
7534,7290,7842
5237,5239,5466
5752,5237,5466
5237,5752,5959
5959,5958,6298
5752,5958,5959
5958,5752,5932
5932,5933,6388
5934,5933,6860
7822,7683,7575
7822,7575,7576
7378,7181,7338
7379,7181,7378
7492,7378,7439
7339,7337,7338
7338,7337,7439
7337,7577,7439
7573,7574,7657
7574,7339,7657
7574,7573,7440
7574,7337,7339
7577,7574,7440
7337,7574,7577
8529,8088,8089
8529,7960,8088
8263,8356,8475
8533,8263,8475
5238,5425,5239
5176,5177,5105
5274,5177,5176
5238,5177,5274
5177,5238,5239
4563,4689,4562
4563,4562,4479
4689,6115,4686
4563,6115,4689
4981,4977,5863
4977,6115,5305
4977,4981,4686
6115,4977,4686
5864,5865,5572
6225,5864,7318
5864,6225,5865
6225,6159,7779
6159,5948,7779
5948,6159,5946
8657,5529,5677
175,5529,5678
5529,178,5677
5529,175,178
5862,5865,7779
5862,8657,5863
5862,5863,5572
5865,5862,5572
3482,3969,3971
3969,4124,3971
4832,4915,4913
4832,4914,4915
4163,4195,4193
4286,4195,4479
4195,4286,4193
1163,1160,1156
1160,1163,4471
1163,1164,4471
3904,1193,3510
3905,1198,3781
1195,1191,1190
1159,1191,1158
1190,1191,1166
1191,1159,1166
1149,1148,1168
3968,1173,3739
3968,3890,4471
3890,3968,3739
1164,3968,4471
3968,1164,1168
3968,1172,1173
1176,1172,1185
1173,1172,1176
3251,3394,3249
3704,3394,3395
3394,3251,3395
3511,3904,3510
3511,3398,3948
3398,3511,3510
3838,3805,3839
3805,3838,3902
3904,3602,3739
3511,3602,3904
3806,3753,3472
4762,4765,4754
4762,4206,4763
4766,4561,4775
4561,4766,4763
4766,4762,4763
4762,4766,4765
5018,4176,4032
4561,4176,5018
8283,8157,8114
8157,8283,8159
8145,8157,8159
8157,8145,8158
8038,8116,8114
8116,8283,8114
8283,8116,8305
8221,8756,8830
8488,8221,8830
8123,8145,8130
8145,8123,8158
11505,11522,11592
11505,11506,11522
11498,11505,11592
11505,11498,11442
11444,11505,11442
11505,11444,11491
11506,11505,11491
11579,11557,1030
11557,11579,11556
11579,1030,1039
11578,11579,1039
11556,11579,11578
11550,11556,11567
11550,11557,11556
11528,11550,11567
11557,11550,11549
11549,11550,11525
11550,11528,11525
11524,11523,11528
11528,11523,11521
11506,11523,11522
11523,11524,11522
11545,11585,11547
11545,11531,11569
11585,11545,11569
11514,11580,11535
11580,11514,11513
11512,11580,11513
11580,11512,11533
11593,11580,11533
11580,11593,11535
11413,11514,11410
11514,11413,11409
11387,11413,11410
11409,11413,11387
980,985,983
985,992,983
992,985,991
985,11287,991
985,980,11287
11503,11429,983
11377,11429,11503
11355,11356,11275
11356,11355,11350
11358,11355,11275
11350,11355,11348
11355,11358,11348
11354,11356,11350
11356,11354,11362
11354,11462,11362
11395,11182,965
11182,960,965
10982,10825,10945
10827,10895,10896
10895,10827,10826
11012,10941,10936
10904,11012,10936
11012,10895,10826
10895,11012,10904
10788,10827,10896
10788,10811,10827
10827,10809,10826
10825,10809,10828
10809,10825,10826
10811,10809,10827
10828,10809,10805
10809,10811,10805
10925,919,923
912,919,915
919,10693,915
919,10925,10693
10810,10837,10839
10810,10828,10805
10807,10810,10805
10837,10810,10806
10810,10807,10806
10891,10893,10945
10893,10891,10839
10825,10891,10945
10891,10825,10828
10810,10891,10828
10891,10810,10839
10466,10449,10465
10449,10466,10548
10297,10225,10224
10297,10147,10225
9922,9906,9905
10575,10793,10573
10575,10574,10653
10784,10575,10653
10793,10575,10784
10575,10573,10525
10574,10575,10525
10745,10808,10654
10811,10808,10805
10808,10773,10805
10808,10745,10773
10525,10507,10515
10507,10525,10506
10527,10526,10515
10766,10526,10527
10746,10745,10654
10745,10746,10685
10746,10766,10685
10516,10517,10473
10514,10516,10473
10798,10797,10957
10797,10776,10957
10804,10797,10799
10776,10797,10804
10760,10798,10561
10761,10760,10561
10797,10760,10799
10760,10797,10798
10489,10350,10322
10656,10816,10630
10656,10657,11382
10657,10656,10655
10723,10815,10817
10816,10723,10817
10815,10723,10724
10723,10656,11382
10656,10723,10816
10676,10816,10817
10536,10530,10535
10696,10536,10535
10536,10696,10790
10784,10850,10636
10636,10850,10535
10850,10696,10535
10594,10592,10541
10590,10594,10541
10666,10629,10674
10629,10666,10655
10937,10943,10970
10943,11001,10970
10943,11003,11001
11003,10943,11002
10848,11045,10824
11045,10823,10824
11045,10848,10849
10682,11045,10704
10823,11045,10682
11045,11066,10704
11066,11045,10849
10683,10682,10681
10702,10683,10681
10683,10702,10672
10990,10955,10998
11130,10990,10998
10756,10669,10672
10756,10702,10869
10702,10756,10672
10756,10869,10914
10757,10756,10914
10669,10756,10757
10999,10952,11081
11131,10999,11081
10999,11131,10998
10930,10926,10931
10926,10929,10931
11071,11239,11125
11042,11071,11125
11239,11071,11126
11071,11072,11126
11072,11071,11042
860,10108,848
816,821,837
821,816,10087
851,844,10108
831,844,851
10102,821,10087
821,10102,831
10105,10055,10107
10055,10056,10107
10056,10055,10036
10142,10105,10150
10148,10142,10150
10142,10148,10149
10210,10228,10185
10021,10056,10036
10021,10029,10009
10029,10021,10036
10056,10065,10107
10029,10008,10009
10035,10029,10036
10035,10102,10087
10055,10035,10036
816,10076,10087
10076,10088,10087
811,10076,816
9868,770,759
9788,741,746
750,9787,746
9787,750,9791
9880,9788,9849
9855,753,765
753,9855,743
753,743,759
770,753,759
753,770,765
9942,9870,9869
9855,9942,9869
9942,9855,9876
9942,9956,9870
9875,9942,9876
9956,9942,9875
9864,9857,9869
9857,9854,9869
9857,9864,9742
9854,9857,10038
9709,9857,9742
10038,9857,9709
10110,801,805
10110,9958,801
791,9955,785
9958,9955,791
11286,11305,11335
11507,11506,11491
11523,11507,11521
11507,11523,11506
11443,11490,11491
11490,11443,11463
11490,11507,11491
11507,11490,11504
11465,11349,11342
11389,11465,11342
11465,11389,11495
11172,11166,11198
11166,11172,11171
11229,11172,11198
11172,11248,11171
11248,11172,11229
10947,10815,10724
10958,10947,10724
10947,10958,11027
10947,11027,10969
11134,11082,11124
11418,11131,11335
11131,11418,10998
11418,11130,10998
11139,11138,11123
11139,11123,11140
10990,11139,11140
11139,10990,11130
11190,11179,11218
11142,11190,11218
11191,11180,11179
11190,11191,11179
11191,11190,11222
11180,11191,11227
10222,10295,10156
10295,10157,10156
10295,10279,10193
838,846,852
812,815,852
815,818,852
815,812,10192
10193,815,10192
818,815,10193
814,811,819
10205,814,819
809,814,10205
811,814,806
814,809,806
10304,809,10205
10381,10363,10463
10405,10381,10463
10385,10279,10295
10279,10385,10203
10385,10381,10203
10381,10385,10363
10348,10205,819
10348,10363,10546
10304,10348,10546
10348,10304,10205
10553,10647,10608
10553,10545,10647
10545,10553,10544
10719,10553,10608
10553,10719,10568
10554,10553,10568
10553,10554,10544
10406,850,846
850,10406,10842
10841,859,863
850,859,854
854,859,10451
859,10841,10451
861,857,10378
857,10379,10378
10379,854,10451
854,10379,852
10379,857,852
10545,10379,10451
10379,10545,10378
10539,10552,10551
10565,10539,10551
866,10539,871
10552,10539,866
10539,874,871
10539,10565,874
10256,10273,10257
10384,10413,10542
10292,10293,10321
10293,10270,10321
873,10293,10269
10293,873,10270
10286,10292,10287
10293,10286,10269
10286,10293,10292
10273,10286,10287
10286,10273,10256
10413,10349,10576
10349,10350,10576
10349,10319,10350
10775,10664,10957
10775,10776,10765
10776,10775,10957
10751,10775,10765
10583,10775,10751
10664,10775,10583
9028,9045,9046
8821,9028,9083
9100,9191,9099
9045,9100,9099
8578,8291,8530
9195,8285,8293
8285,9195,8541
8743,8769,8740
8743,8738,8744
8738,8743,8740
8969,9044,8835
6797,6141,6142
6141,5895,6142
5894,5895,5437
5895,5894,6142
5447,5527,5528
5447,5445,5527
5436,5440,5314
5607,5436,5437
5436,5607,5608
7628,7511,7630
6634,6876,6595
6910,6635,6632
6635,6633,6632
6633,6635,7501
6635,6870,7501
6870,6635,6910
6033,6034,6082
5927,6034,6033
6034,6876,6082
6876,6034,6595
6633,6596,6632
6596,6634,6595
8212,7628,7975
7703,7648,7975
7648,7703,7634
7619,7648,7634
8277,8922,8339
8013,7707,8014
7588,7393,7395
7588,7607,8628
8905,9039,8968
9691,9522,668
9583,9188,9478
9411,9583,9503
9188,9583,9411
9471,9500,9499
9670,9500,9618
9499,9500,9670
9204,9201,9241
9201,9242,9241
9253,9497,9412
9253,9418,9255
9243,9253,9255
9497,9253,9241
9253,9243,9241
9267,9507,9461
9267,9418,9507
9270,9267,9461
9418,9267,9255
9417,9416,9506
9417,9506,9507
9418,9417,9507
9416,9417,9412
9417,9253,9412
9253,9417,9418
9252,9243,9255
9252,9270,9269
9243,9252,9254
9267,9252,9255
9252,9267,9270
9346,9539,9269
9349,9539,9346
9539,9363,9254
9466,9349,9439
9468,9466,9439
9466,9468,9402
9467,9466,9402
9280,9466,9467
9466,9280,9363
9539,9466,9363
9466,9539,9349
7699,7621,7566
7700,7621,7699
7621,7700,7623
7621,7331,7566
7331,7621,7623
8722,7897,8284
8722,8168,7897
8168,8722,8217
8218,8722,8284
8722,8218,8217
8218,8202,8217
8013,8202,8218
8202,8210,8209
8202,8013,8014
8210,8202,8014
7587,8076,7396
7587,7707,8013
7587,8013,8218
8076,7587,8218
5952,6153,5949
5650,5952,5949
5952,5650,5203
6152,5952,5203
6153,5952,6152
6027,6153,6152
6027,6152,6029
6143,6027,6029
6144,6350,6348
6350,6144,6349
6349,6144,6064
7071,6662,7232
6662,6664,7232
6662,7076,7072
7076,6662,7071
6922,6938,6946
6938,6954,6946
6954,6955,6946
7231,6955,7321
6744,7231,7321
6955,7231,6946
6743,6744,6641
6804,6743,6640
6743,6641,6640
7607,7609,8628
8019,8199,8176
8018,8019,8176
7739,8019,8018
8250,8341,8375
8250,8208,8341
8250,8375,8187
8186,8250,8187
8208,8250,8186
9373,9372,9334
9319,9372,9373
9960,9992,9993
9992,9960,9972
9987,10033,9988
9989,9987,9757
9756,9987,9988
9987,9756,9757
808,803,10101
803,10100,10101
10100,803,796
10092,10133,10156
9515,689,9735
9515,9735,9698
9516,9515,9698
9743,9515,9516
691,690,701
689,690,691
701,690,9794
690,694,9794
9795,690,9517
690,9795,694
9747,9687,9620
9687,9686,9620
9687,9622,9746
9622,9687,9747
9685,662,9620
9686,9685,9620
10195,9968,10064
10195,10207,9968
10200,10195,10064
10198,10195,10200
10195,10198,10264
10207,10195,10264
9783,9799,9785
10131,9798,10130
10130,9798,9959
9798,9783,9959
9798,10131,9936
9852,9842,9785
9799,9852,9785
9852,9799,9853
10199,10122,10183
10197,10199,10196
10131,10168,10121
10168,10131,10130
10168,10183,10121
10168,10169,10183
10154,10123,10153
10007,10123,10154
10123,10007,10124
10207,10250,10206
10250,10313,10206
10250,10207,10264
10313,10250,10264
10313,10259,10206
10245,10259,10243
10259,10245,10206
10259,10313,10352
10276,10217,780
10172,10217,10452
10285,10532,10452
10532,10285,10196
10275,10285,10452
10621,10285,10275
10285,10197,10196
10197,10285,10621
10872,10276,10274
10377,10872,10274
10217,10872,10452
10872,10217,10276
10872,10275,10452
10872,10377,10275
10171,757,771
10171,10217,10172
10171,771,780
10217,10171,780
10616,10617,10977
10566,10617,10616
10617,10780,10977
9394,9557,9227
9394,9158,9283
9158,9394,9227
9285,9394,9283
9226,9225,9299
9225,9226,9178
8920,8921,8678
8920,8948,9056
9248,9086,9088
9011,9012,9181
8912,9012,9011
8921,8899,8678
8899,8884,8678
8899,8921,9088
9086,8899,9088
8899,9086,8884
9055,9122,9140
9122,9055,9056
9055,8920,9056
8920,9055,8921
9162,9298,9299
9087,9055,9140
8921,9087,9088
9055,9087,8921
9162,9235,9298
9235,9234,9286
9288,9235,9286
9298,9235,9288
9285,9244,9400
9247,9244,9494
9244,9247,9400
9197,9285,9400
9197,9175,9167
9175,9197,9400
8923,8998,8967
9082,8947,8967
8811,8923,8967
8924,8811,8967
8923,8811,8258
8811,8666,8258
8666,8811,8924
8677,8920,8678
8920,8677,8948
8322,8338,8339
8501,8322,8323
8322,8501,8338
8501,8499,8502
8338,8501,8502
8666,8239,8258
8851,8640,8502
8640,8500,8502
8884,8640,8851
8473,8640,8559
8640,8473,8500
8473,8277,8339
8500,8473,8339
9778,9734,9715
9734,9778,9781
9778,9718,9780
9718,9778,9715
9784,9778,9780
9781,9778,9784
9734,9782,9689
9782,9734,9781
9782,9842,9689
9842,9782,9785
9782,9781,9785
9561,9542,9634
9541,9542,9561
9542,9665,9634
9665,9542,9543
9543,9542,9529
9542,9541,9529
9619,9540,9560
9540,9541,9560
9540,9619,9530
9529,9540,9530
9541,9540,9529
9672,9531,9546
9672,9656,9531
9656,9672,9770
9666,9707,9705
9703,9707,9666
9707,9710,9705
9710,9707,9769
9707,9703,9769
9765,9808,9766
9765,9766,9697
702,9765,698
9808,9765,702
695,9765,9697
9765,695,698
9358,9407,9357
9570,9429,9571
9680,9570,9571
9570,9680,9617
9570,9409,9429
9549,9483,9441
9549,9441,9481
9519,9549,9481
9549,9519,9559
9549,9559,9482
9483,9549,9482
11105,11110,11106
11110,11158,11106
11158,11110,11119
11111,11110,11105
11121,11050,11120
11050,11214,11119
11050,11121,11214
11122,11050,11119
11050,11122,11039
11110,11122,11119
11122,11110,11111
11011,10912,10911
10912,11011,908
11127,11105,11090
11127,11111,11105
11127,11011,11111
11048,11047,11154
11047,11048,11039
11048,11050,11039
11120,11048,11154
11050,11048,11120
11256,11093,11092
11093,11256,11155
11256,11157,11155
11063,10973,11118
11022,10973,10870
10973,10818,10870
10973,10971,10818
10973,11063,10971
11063,11076,10918
11076,11063,11118
11076,11052,11062
11052,11076,11118
11051,11053,11165
11052,11053,11051
11053,11023,11165
11053,11052,11118
11023,11053,11022
11053,10973,11022
10973,11053,11118
10910,11054,11117
11054,11014,11117
11014,11054,11055
11054,10910,10969
10821,10676,10817
10676,10821,10822
10856,10910,10834
10910,10856,10969
10836,10835,10903
10708,10836,10902
10835,10836,10834
10836,10708,10834
11015,10996,10903
11014,11015,10903
10996,11015,11165
11047,11049,11062
11037,11049,11047
11049,11076,11062
11049,11037,10920
11049,10920,10918
11076,11049,10918
10858,10813,10814
886,10813,893
10814,10813,886
10813,10860,893
10813,10858,10860
11280,11279,11262
11279,11280,11371
11280,11269,11371
11269,11241,11345
11345,11241,11594
11241,11243,11594
11042,11043,11021
11043,11042,11125
10974,10984,10986
10986,10984,11074
10980,10984,10975
10984,10974,10975
10984,10980,11021
11306,1009,1003
11306,11254,1009
997,11306,1003
1009,11263,1014
11254,11263,1009
11263,11271,1014
11286,11274,11287
11272,11274,11286
11192,11274,11272
11287,11274,991
10983,11163,11081
11163,10983,10985
11192,11273,11193
11164,11273,10985
11273,11164,11193
11273,11163,10985
11163,11273,11192
11240,11277,11338
11277,11240,11239
11240,11338,11309
11242,11240,11309
11240,11242,11239
11231,11277,11126
998,994,1005
11597,11415,11276
11379,11597,11276
11415,11597,1005
11597,998,1005
998,11597,11379
4003,4277,4217
4003,4278,4277
3915,4003,4217
4843,4944,4883
4605,4843,5148
4843,4605,4944
4843,5147,5148
4624,5147,5241
5241,5147,4883
5147,4843,4883
4604,4565,4862
4605,4604,4944
4620,4604,4862
4944,4604,4620
4240,4605,5148
4240,3874,4564
4240,4604,4605
4565,4240,4564
4604,4240,4565
3875,3658,3874
4441,4278,4002
3229,3361,3410
3362,3229,3410
3360,3229,3363
3229,3360,3361
3362,3562,5352
3657,3562,3561
3562,3362,3561
4590,4460,4622
4590,5035,5397
5035,4590,4713
4590,4622,4713
4590,4461,4460
4048,4461,4468
4461,5397,4468
4461,4590,5397
4960,4692,4848
5068,4960,4848
4960,5068,5086
5084,4960,5086
7556,5746,5530
6263,7556,5757
7556,6263,5746
7556,5708,5330
7556,5530,5708
5936,7556,5330
7556,5936,5757
4962,5077,4739
5077,4962,5175
5077,4551,4739
4551,5077,5078
5078,5484,5267
5484,5077,5175
5077,5484,5078
4958,4960,5084
4960,4958,4692
4692,4958,4959
4958,5219,4959
4962,4963,5175
5219,4963,4959
4959,4963,4691
4963,4962,4691
4328,4596,4739
3957,4596,4328
4596,3957,5098
4596,4962,4739
4962,4596,4691
4596,4299,4691
4299,4596,5098
3756,3440,3735
3466,3756,3735
3756,3466,3599
3601,3761,3597
3761,3601,3737
3601,3466,3598
3466,3601,3597
3736,3601,3598
3601,3736,3737
3814,3745,3777
3717,3745,3742
3978,4016,4633
4593,3978,4633
4016,3900,3899
3978,3900,4016
3776,3814,3737
3736,3776,3737
3776,3736,3899
3900,3776,3899
4362,4150,4361
4362,4369,4150
3835,4362,4361
8845,8919,8918
8846,8845,8918
593,594,9075
600,593,605
593,600,598
594,593,598
8942,9114,8940
600,9114,598
9114,600,8940
595,594,598
9114,595,598
9320,9047,588
9320,593,9075
9320,588,592
593,9320,592
8918,9314,9048
9047,9314,8918
9314,9320,9075
9320,9314,9047
8817,8925,8927
8817,8637,8694
8726,8949,614
8951,8949,8726
8418,8806,8797
8620,8370,8645
8370,8620,8416
8620,8418,8416
8418,8620,8806
8741,8620,8645
8620,8741,8806
7813,7582,7754
7813,7420,7544
7582,7813,7544
7545,8498,7544
8498,7582,7544
8498,7545,7583
8138,8080,8191
8080,8192,8191
8192,8080,8081
8418,8417,8416
8639,8662,8621
7954,8079,8081
7469,7740,7369
7803,8136,7726
8266,551,552
551,8266,549
7660,7803,7726
7469,7660,7726
7660,7469,7727
7371,7300,7299
7370,7300,7369
7740,7370,7369
7376,7366,7436
8096,8155,7722
7654,8155,7436
8155,7838,7722
8155,7654,7838
8958,8808,8805
8805,8804,8649
8808,8804,8805
8650,8433,8588
8650,8573,8433
8650,8588,8649
8695,8672,8957
8695,9119,8694
8672,8695,8694
8941,8939,8940
8806,8796,8797
8796,8683,8797
7843,7792,7791
8227,7843,7791
7841,7840,7758
7840,8227,7758
7840,7841,7893
7717,7886,8008
7419,8629,7420
7695,7893,7836
7478,7695,7836
6501,6757,6756
6757,6501,6463
7443,7543,7444
6912,7443,7444
7443,6912,7441
7443,7441,7752
7543,7443,7752
7229,7228,7246
6503,7229,6504
7229,6503,7228
8491,8719,8718
8719,8491,8614
8492,8491,8718
8491,8493,8614
8493,8491,8492
631,8893,9019
8965,647,8966
9616,708,700
9654,9615,9692
9615,9654,9657
9536,9586,9580
9536,683,686
8906,8907,8744
9108,9146,9478
9146,9108,9039
10482,10470,10433
10481,10470,10484
10470,10482,10483
10484,10470,10483
10467,10435,10433
10470,10467,10433
10467,10470,10481
10435,10467,10468
10449,10373,10465
10373,10342,10465
10184,10148,10185
10520,10228,10519
10711,10713,10794
10785,10729,10794
10713,10785,10794
10785,10713,10492
9872,802,804
9874,9872,9889
9911,9922,9905
10144,10127,10129
10128,10127,10145
10191,10128,10145
10189,10191,10145
10191,10189,10208
10128,10191,10390
10027,10128,10390
841,842,10314
10144,10231,10370
9911,9926,9922
9682,9659,9631
9659,9682,9678
9682,696,9678
696,9682,687
731,704,736
704,696,736
704,9694,9678
696,704,9678
9682,681,687
681,9631,9660
681,9682,9631
726,719,9657
9654,726,9657
9737,9693,9736
9719,9693,9737
9693,9731,9736
9731,9693,9692
9762,9719,9737
9719,9762,751
751,9762,761
9859,9916,9839
9835,9760,9816
9811,9835,9833
764,9775,766
9811,9775,764
9776,9775,9913
8716,8748,8776
8748,8735,8736
8748,8716,8735
9730,9748,9749
9916,9748,9839
9748,9916,9749
642,9035,639
9093,642,644
642,9093,9035
9031,8824,9005
9093,9031,9005
650,9031,648
9031,644,648
9031,9093,644
877,10855,875
10855,10854,875
10855,877,879
10898,10855,879
10855,10898,10852
10854,10853,10650
10659,10658,10651
10658,10659,10650
10601,10690,10677
10662,10720,10717
10688,10662,10717
10658,10662,10651
10662,10658,10720
10662,10660,10651
10662,10688,10660
10732,10768,10729
10729,10768,10907
10768,10866,10907
10866,10768,10767
10923,10878,10950
10878,10879,10950
10878,10845,10879
10878,10846,10845
10878,10923,10846
10846,10865,10763
10923,10865,10846
10865,10923,10767
10865,10732,10763
10768,10865,10767
10865,10768,10732
10487,10450,10497
825,10450,826
10450,10487,826
1104,1111,1107
5965,5994,5997
6476,1127,1124
1129,1127,1130
1124,1127,1129
6476,6490,1123
7026,7087,7024
7087,7026,7088
7102,6831,6289
6831,7102,7088
1122,6292,1123
1122,6165,6292
1118,1122,1123
1122,1118,6165
1118,1114,6233
6165,1118,6233
6165,6164,6292
6291,6164,6547
6164,6291,6292
6164,6161,6547
6164,6072,6161
6072,6164,6165
6616,6060,6930
5961,5977,5963
6280,6406,6281
6163,6280,6281
6280,6163,5962
6406,6280,5963
6330,6060,6616
6060,6330,5977
5977,6330,5963
6330,6406,5963
6281,6407,6720
6406,6407,6281
7757,7674,7758
7674,7756,7758
7674,7759,7365
7759,7674,7757
7480,7674,7365
7358,7479,7480
7479,7674,7480
7674,7479,7756
7479,7358,7481
7728,7479,7481
7756,7479,7728
6615,6614,6810
6603,6602,6811
6602,6615,6811
6602,6603,6720
6407,6602,6720
7195,7193,7194
7086,7195,7194
7195,7482,7193
7195,6848,7464
7195,7086,6848
7743,7195,7464
7482,7195,7743
1081,1090,1091
1082,1081,1091
1079,1077,1074
1081,1079,1078
1079,1081,1082
1075,1079,1074
1079,1075,1078
1092,1086,1085
1086,1087,1080
1086,1092,1087
6600,1094,6178
1096,6600,6178
6600,1096,1098
6600,1100,1101
1100,6600,1098
6644,1095,1094
6600,6644,1094
6644,6600,1102
6644,1102,6632
1095,6644,6300
1102,1105,6910
7618,7455,7632
7618,7632,7497
7619,7618,7497
7618,7619,7634
7633,7618,7634
7455,7618,7633
7616,7619,7497
7620,7616,7497
7663,7620,7617
7664,7663,7638
7620,7663,7665
7663,7664,7665
1131,1129,1130
1129,1131,7159
1131,7201,7159
7158,7157,7159
7201,7158,7159
7637,7663,7617
7663,7637,7638
1125,1121,1126
1125,6881,1121
1125,1126,6879
6881,1125,6879
6667,6633,7501
6827,6667,7501
6634,6667,6669
6667,6827,7186
6669,6667,7186
6667,6596,6633
6596,6667,6634
7160,7178,7156
7178,7177,7156
7177,7178,7633
7455,7178,7160
7178,7455,7633
7177,7185,6828
6830,7185,7892
6828,7185,6830
7185,7177,7454
7185,7423,7892
7423,7185,7454
6870,7020,6880
1121,7020,1116
7020,1121,6880
5982,6312,5902
5651,6218,5902
5421,5476,5474
5473,5476,5421
6310,6018,6158
6019,6018,6489
6018,6488,6489
6488,6018,6310
6757,7128,7345
6464,7128,6463
7128,6757,6463
7240,6913,6504
7240,7229,7517
7229,7240,6504
6737,6464,6489
6464,6737,6911
6488,6737,6489
6913,6737,6488
6737,6912,6911
6912,6737,6913
7870,7868,8112
8262,7868,7864
7761,7760,7755
7911,7761,8112
7868,7911,8112
7911,7868,8262
7833,7834,7870
7752,7834,7583
7834,7833,7583
7542,7541,7441
7542,7357,7372
7582,7753,7755
7753,7833,8112
8498,7753,7582
7753,7761,7755
7761,7753,8112
7833,7753,7583
7753,8498,7583
6912,7442,7441
7442,7240,7517
7442,6912,6913
7240,7442,6913
8461,8595,8596
8165,8461,8596
8461,8165,8179
8539,8461,8179
8595,8461,8539
7858,7917,7918
7917,7858,7862
7796,7858,7918
7789,7858,7796
7845,7858,7789
7418,7759,7789
7310,7418,7311
7759,7418,7365
7418,7310,7365
7418,7789,7796
7857,7859,7796
7859,7857,7957
7859,7957,7814
7448,7859,7814
8066,8067,8177
8067,8066,7918
8067,8389,8177
7917,8067,7918
8389,8067,7917
7305,7264,7306
7305,7189,7264
7190,7191,7262
7263,7190,7262
7191,7190,7002
7190,7263,7188
7190,7189,7002
7189,7190,7188
8481,8600,9200
8600,8481,8482
8859,8680,9200
8854,8703,8853
8854,8859,8703
8854,8891,622
8891,8854,8853
8714,609,8681
8680,8714,8681
8714,8680,8859
7087,7142,7144
7101,7142,7088
7142,7087,7088
7736,7678,7871
7737,7736,7871
8605,8569,8325
8324,8605,8325
8453,8605,8346
8605,8324,8346
8454,8453,8346
8454,8346,8455
8769,8454,8455
8058,7826,7665
8324,8232,8301
8232,8058,8301
8232,8324,8325
7828,8232,8325
7826,8232,7828
8232,7826,8058
8047,8044,582
578,8047,582
8047,578,8071
8739,8320,8664
8320,611,8664
611,8320,606
8737,615,624
8664,615,8737
611,615,8664
582,585,587
585,590,587
590,585,589
8044,585,582
609,604,8681
8691,8690,8760
8760,8690,9064
8777,8690,8692
8690,9106,9064
9106,8690,8777
8672,8631,8696
8631,8672,8633
8631,8958,8696
8723,8951,8671
8951,8723,8927
8487,8486,8366
8544,8486,8709
8366,8486,8544
8486,8705,8709
8705,8486,8487
8448,8451,8447
8447,8451,8652
8775,9106,8777
8775,9037,9106
9037,8775,8966
8716,8717,8735
8654,8717,8692
8717,8654,8735
8778,8715,8776
8715,8716,8776
8715,8775,8777
8775,8715,8778
8715,8717,8716
8715,8777,8692
8717,8715,8692
8685,8687,8713
8685,8713,8735
8654,8685,8735
8687,8685,8450
8121,8387,8253
8120,8121,8253
8121,8256,8254
8387,8121,8254
8121,8027,8256
8027,8121,8029
8121,8120,8029
7477,7522,7743
7522,7482,7743
7522,7477,7481
7482,7522,7481
7282,7354,7355
7355,7354,7478
7354,7282,6929
7354,6755,7421
7354,6929,6755
6465,6154,6119
6439,6841,6576
6929,6439,6438
6426,6439,6576
7096,7282,7095
6841,7096,7095
7282,7096,6929
7096,6439,6929
6439,7096,6841
7283,6841,7095
6841,7283,6577
8510,8005,8133
8368,8274,8028
8368,8365,8274
8368,8408,8365
8368,8667,8408
8667,8368,8205
7844,7966,7792
7792,7966,7790
7966,7845,7790
7966,7844,7862
7858,7966,7862
7966,7858,7845
1539,1513,1541
1513,1539,1514
1541,1513,1763
1513,1512,1763
1413,1412,1437
1658,1704,1570
1707,1704,1658
1823,1820,1706
1820,1707,1706
1840,2015,1549
1840,1839,2015
1791,1840,1549
1840,2016,1839
1839,1885,2015
1885,1649,2015
2016,2017,1839
1885,2017,2050
2017,1885,1839
1503,1518,1466
1518,1503,1533
1469,1503,1466
1503,1469,1504
1503,1573,1533
1573,1503,1504
1448,1449,1450
1449,1518,1450
1518,1449,1466
2413,2433,2271
2433,2429,2553
2433,2413,2429
2062,2553,2129
2046,2062,2129
2207,2061,1959
1883,2207,1959
2207,2193,2192
2193,2207,1883
2104,2057,2379
2056,2057,2104
416,2057,414
2057,416,2379
2057,412,414
2117,2136,2056
2057,2136,412
2136,2057,2056
412,2136,410
2136,2117,410
2801,2298,2780
2802,2801,2799
2801,2781,2799
2801,2780,2781
2801,2814,2965
2814,2801,2802
2964,2313,2965
2313,2801,2965
2801,2313,2298
2313,2964,2311
2298,2313,2299
2312,2313,2311
2313,2312,2299
3527,3539,3526
3539,3527,3279
2985,3057,2804
3110,3146,3074
3146,3110,2814
3146,2814,2817
3072,3146,2817
3146,3072,3074
1716,1578,1633
1742,1998,1744
1929,2159,1930
2159,1929,2160
1749,1738,1737
1743,1738,1784
1648,1738,1743
1738,1648,1737
1750,1749,1928
1750,2010,1784
1738,1750,1784
1750,1738,1749
2068,1750,1928
1750,2068,2010
2010,2068,2256
2068,2155,2256
2273,1928,1930
2273,2068,1928
2068,2273,2155
3003,2933,2973
3002,3003,2973
2639,2698,2779
2698,2639,2660
2656,2698,2660
2179,2430,2271
2179,2178,2430
2065,2179,2271
2178,2179,2001
1753,1755,1915
1751,1753,1915
1753,1752,1646
1753,1751,1752
6837,6124,6844
6124,6837,5661
5666,5476,5473
5476,5666,5653
7104,7176,7107
7246,7176,7250
7192,7176,7246
7364,7175,6844
7175,7364,7107
7175,7192,6844
7176,7175,7107
7175,7176,7192
6124,6125,6844
6125,7364,6844
6125,5662,6112
5662,6125,6124
6262,6125,6112
7364,6125,6262
6998,6996,6684
7008,6996,6994
6684,6996,7008
6996,7210,6994
6996,6998,7210
7209,6998,6997
6998,7209,7223
7209,7224,7223
7224,7209,7219
4226,4208,5185
5186,4226,5185
4208,4226,4211
4226,5186,5061
5186,5128,5061
5128,5127,5061
5128,5187,5654
5128,5186,5187
5657,5497,5655
5655,5497,5897
5497,5656,5897
5129,5495,5657
5495,5129,5127
5495,5497,5657
5935,5844,6694
5668,5844,5935
5844,5668,4995
5844,5153,6694
5153,5844,4995
5794,5795,6156
7286,5794,6156
5795,5794,5793
5794,5935,5793
7866,540,543
7383,7724,6886
7724,7907,7122
8154,7723,7866
8154,7866,8034
7838,8154,7722
8154,7838,7723
538,7445,536
7445,7383,536
7445,7723,7907
7724,7445,7907
7445,7724,7383
4210,4225,4263
5063,4225,4224
5448,4225,5063
4263,4225,5448
3057,3056,2804
3198,3056,3057
3056,3198,3177
3056,2803,2804
3056,3177,2803
2566,2564,2605
2414,2566,2417
2566,2414,2564
2757,3063,2607
3063,2756,2607
3063,2757,3276
2936,3063,3276
2756,3063,2936
2755,2687,2608
2607,2755,2608
2755,2756,2690
2756,2755,2607
2687,2466,2688
2354,2466,2464
2466,2354,2463
2813,2646,2722
2174,2565,2688
2466,2174,2688
2174,2466,2463
2229,2175,2171
3407,3531,3484
3060,3320,3314
3320,3321,3314
3407,3320,3347
3321,3320,3484
3320,3407,3484
3320,3313,3347
3320,3060,3313
3386,3771,3484
3771,3301,3484
3771,3386,3372
3301,3771,3372
2739,2957,2740
2739,3331,3387
2605,2739,2740
3331,2739,2605
3299,3387,3484
3301,3299,3484
3299,2739,3387
2739,3299,2957
3299,3301,3062
2957,3299,3062
5130,5190,5212
5190,5215,5212
5215,5190,5214
5188,5130,5212
5188,5961,5755
4751,4612,4750
5457,5215,5214
5130,5131,4814
5188,5131,5130
7283,6843,6577
6843,7283,6847
6118,6425,6117
6425,6426,6117
6425,6118,6438
6439,6425,6438
6425,6439,6426
5829,6429,6430
6118,5829,6430
5829,6118,6117
5828,5829,6117
5747,5451,5456
5386,5747,5456
5747,5386,5197
5451,5453,5685
5548,5453,5452
5453,5548,5685
5498,4909,5196
5386,5235,5197
5613,5363,5163
5363,5191,5163
5191,5363,5364
4295,4696,4868
5079,4295,4868
4099,4714,4097
4212,4099,4097
4714,4099,4008
4099,4096,4008
4295,4099,4212
4096,4099,5079
4099,4295,5079
4730,4729,4817
4393,4729,4539
4391,4381,4378
4393,4391,4378
4538,4391,4539
4391,4393,4539
4675,4392,4541
4394,4393,4378
4392,4394,4378
4675,4394,4392
4149,3711,4069
3626,3272,3274
3799,3626,3274
3272,3626,3275
3626,3348,3275
4477,4407,3995
4405,4070,4910
4070,4149,4069
4149,4070,4405
3775,3477,3475
3775,3626,3799
3348,3775,3475
3626,3775,3348
4407,3996,3995
3996,3994,3995
3994,3996,4069
3996,4070,4069
4070,3996,4407
3476,3408,3406
3407,3408,3531
3531,3408,3530
3408,3476,3530
3406,3408,3347
3408,3407,3347
5697,5610,5695
5622,5697,5695
5610,5697,5609
5697,5613,5609
5697,5622,5613
4970,4972,5024
5023,4970,5024
4972,4970,4864
4971,4748,4876
4971,4970,5023
4971,4876,4864
4970,4971,4864
4316,4752,4315
4748,4420,4429
4752,4420,4748
4420,4316,3801
4316,4420,4752
4054,5646,4889
4054,4416,5646
4054,4607,4055
4416,4054,4055
4928,3966,4607
4928,4606,3966
4054,4928,4607
4928,4054,4889
4912,4928,4889
4606,4928,4912
2985,2988,3057
3198,3195,3264
3195,3197,3265
3195,3198,3057
3197,3195,3057
3195,3263,3264
3263,3195,3265
4537,1065,1066
1065,4537,4381
4391,1065,4381
4537,4380,4381
4381,4380,4214
4380,4212,4214
4380,4537,4696
4295,4380,4696
4380,4295,4212
5158,5544,4926
5440,5158,5314
5158,5440,5544
4711,4632,4886
4887,4711,4886
4711,4594,4632
4711,4712,4594
5313,4887,5028
5439,5313,5672
5313,5028,5672
5313,5439,5314
5158,5313,5314
6151,6267,1076
6267,6151,5673
6267,1073,1076
1073,6267,5673
1077,1073,1074
1073,1077,1076
7048,6663,7072
7626,6663,7048
6663,6662,7072
4305,4782,4307
4305,4306,4923
4306,4305,4197
4305,4198,4197
4198,4305,4307
4782,5913,5272
5913,4305,4923
4305,5913,4782
4811,5071,5070
6184,5071,4811
5071,5564,5070
5564,5071,5566
5071,5650,5566
5071,6184,5650
6989,6453,7239
6988,6989,7048
7626,6989,7239
6989,7626,7048
6449,6452,6216
6449,6857,6858
6452,6449,6858
4599,4600,4943
4554,4600,4599
4600,4826,4943
4600,4556,4826
4600,4554,4556
4466,3867,3909
3611,4466,4222
3867,4466,3611
4352,4353,4199
4352,4454,4353
4466,4352,4222
4454,4352,3909
4352,4466,3909
4058,4352,4199
4352,4058,4222
3940,4454,3909
3910,3940,3909
4454,3940,4432
3940,3910,3939
4433,3940,3939
3940,4433,4432
3931,4006,4100
3910,3931,3939
4508,3931,4100
3931,4508,3939
6066,3868,4568
3932,6066,4568
3764,3260,4105
4105,3260,3374
3215,3260,3238
3260,3215,3374
3856,3536,3540
3536,3856,3855
3711,3856,3540
3856,4149,3855
4149,3856,3711
3897,3825,3898
3895,3897,4133
3897,3895,3896
3825,3897,3896
3897,4231,4133
3897,3898,4231
4924,4925,4938
4925,4924,4851
5272,4924,4938
5913,4924,5272
4851,4924,4923
4924,5913,4923
4851,4852,4926
4712,4852,4851
4711,4852,4712
7936,7941,7935
7941,7982,7981
8173,542,8326
8164,8173,8326
8173,8164,8117
8173,8117,544
542,8173,544
7983,7942,7981
7942,7941,7981
7941,7942,7935
8168,8169,7936
8169,8211,7936
8169,8168,8217
8211,8169,8209
8202,8169,8217
8169,8202,8209
8911,8641,8862
8641,8911,8469
8911,8468,8469
8261,8467,8199
8019,8261,8199
8615,8911,8862
8911,8615,8468
8617,8676,8561
8459,8617,8561
8467,8617,8199
8617,8459,8199
6037,6107,6108
6107,6773,6108
6107,6541,6773
6107,6037,6109
6541,6107,6109
6861,6773,7624
6818,6861,7624
6861,6818,6732
6773,6861,6108
6612,6613,6980
6612,6980,6991
7068,7069,6993
7068,6993,7033
6816,7068,7089
7069,7068,6816
7068,7060,7089
7060,7068,7033
7503,7581,8236
7503,7505,7581
7503,7531,7504
7531,7503,8236
7074,7505,7273
7505,7074,7073
7074,7059,7073
7074,7061,7059
7091,7090,7272
7090,7074,7273
7074,7090,7061
7090,7091,7060
7061,7090,7060
7271,7403,7272
7271,7090,7273
7090,7271,7272
7401,7271,7273
7403,7271,7401
5270,5298,5271
7457,7279,7458
7797,7457,7458
7279,7457,7540
7540,7457,7658
7457,7797,7658
8307,7534,7842
7279,7276,7458
7351,7352,7277
7526,7352,7351
7352,7276,7277
7276,7352,7458
7458,7352,7524
7352,7526,7524
7730,7929,7573
7730,7657,7578
7730,7573,7657
7533,7730,7578
7929,7730,7533
4573,5366,5365
5067,5366,4573
5366,5067,5169
5365,5366,5846
5366,5791,5846
5791,5366,5169
6959,6365,6960
7092,6959,6960
7092,6820,6557
6222,5922,6221
5922,5907,5909
5907,5922,5905
5922,6222,5905
6187,5922,5909
6221,5922,6187
6462,6558,6627
6467,6558,6462
328,6558,329
6558,328,6627
6558,6467,6557
6820,6558,6557
6558,331,329
6558,6820,331
6329,6328,6627
6329,328,326
328,6329,6627
5145,5333,5335
5312,5145,5335
5334,5145,5193
5333,5145,5334
5100,5194,5193
5100,5101,4807
5145,5100,5193
5100,5312,5101
5100,5145,5312
5194,5007,5375
5007,5285,5375
5249,5322,5253
5322,5249,5054
5056,5322,5054
6626,5322,5056
5251,5060,5005
5060,5251,5249
5060,5059,5005
5285,5059,5271
5059,5007,5005
5007,5059,5285
5252,5250,5253
5250,5060,5253
5250,5270,5271
5270,5250,5252
5059,5250,5271
5250,5059,5060
4000,4001,3952
3986,4001,4185
4001,3878,3952
4001,3986,3878
7486,3953,4567
3877,3953,3952
4000,6283,4627
6283,7486,4627
6283,4000,3952
3953,6283,3952
6283,3953,7486
4657,4659,4485
4659,4657,4984
4485,4659,4486
4659,5629,4486
5629,4659,4984
6507,5987,5986
5985,5987,7327
7327,5987,6531
5987,6507,6531
5986,5987,5797
5987,5985,5797
4534,4121,4216
4121,4534,4252
4060,4121,4252
4061,4121,4060
5518,5880,5944
5518,5520,5880
5520,5819,5880
5819,5921,5880
5819,5520,5253
5322,5819,5253
5921,5819,6626
5819,5322,6626
5921,6338,6146
6338,5921,6447
6338,6296,6146
6338,6201,6296
6338,6447,6202
6201,6338,6202
3569,3758,3570
3758,3876,3570
3758,3569,5410
3757,3758,5410
3876,3758,3878
3877,3758,3757
3758,3877,3878
4558,4276,4271
4249,4276,4567
4276,4559,4567
4276,4558,4559
4276,4270,4271
4270,4276,4249
5275,4558,4271
5014,5275,4271
5275,5014,5055
5275,5055,4878
4558,5275,4878
4558,4557,4559
5323,5401,5403
5323,5274,5325
5401,5323,5325
6076,6514,6513
6076,6516,6445
6076,6513,6515
6516,6076,6515
5956,5540,6304
5957,6038,5954
6307,5957,5956
6038,5957,6486
5957,6307,6486
5957,5954,5917
5956,5957,5917
6074,6485,6484
6779,6485,6777
6484,6485,6779
6148,6306,6147
5943,6148,5944
6148,6147,5944
6148,5943,7187
6306,6148,7187
6305,6074,6486
6147,6305,6486
6306,6305,6147
6305,6485,6074
6485,6305,6306
6038,6036,5954
6036,6039,5954
6036,6038,6075
6542,6446,6588
6542,6588,6613
6542,6540,6109
6446,6542,6109
6612,6542,6613
6542,6612,6540
6621,5953,6108
5953,6621,6040
6268,6621,6108
5955,5953,6040
5954,5955,5917
5955,6040,5917
6039,5955,5954
5953,5955,6037
6037,5955,6035
5955,6039,6035
407,411,405
411,407,409
409,407,6706
407,6707,6706
407,405,6707
6758,6628,6630
6628,6559,6630
6559,6628,6701
6701,6628,6681
6628,418,6681
418,6628,420
6628,6758,420
6819,422,6995
422,6758,6995
422,6819,423
6758,422,420
420,422,413
6702,6783,6680
7040,6783,7041
6783,7040,6680
6783,6702,6782
7041,6783,7042
6783,6850,7042
6908,6783,6782
6783,6908,6850
7040,7070,6689
6688,7070,5756
6689,7070,6688
7070,7009,5756
6835,6512,5967
6512,6390,6412
6390,6512,7168
6512,6835,7168
5218,5229,5219
5218,4958,5084
4958,5218,5219
5546,5218,5084
5746,5218,5546
5218,5746,5581
5229,5218,5581
5647,5626,5267
5484,5647,5267
5647,5484,5648
5647,5967,5626
5647,5648,5967
7933,5484,5175
5484,7933,5648
5648,5580,5967
5580,5229,5581
5580,7933,5229
7933,5580,5648
6538,6390,7168
6537,6538,7168
6538,6537,6850
6539,6538,6850
6761,411,409
411,6761,6908
6761,409,6706
6908,6761,6850
6761,6539,6850
6389,6761,6706
6539,6761,6389
5799,5569,5731
5570,5799,5731
5799,5570,5571
5730,5570,5732
5868,5730,5732
5730,5868,394
5730,394,391
5729,5730,391
5570,5730,5729
4490,4500,4489
4235,4490,4489
4490,4235,4279
4490,4533,4500
3647,3791,3646
3647,3648,3788
3648,3647,3646
4280,4071,3809
4071,4280,4205
4280,3914,4205
3912,4279,4205
3914,3912,4205
4143,3912,3913
4204,4395,3936
4395,4399,4398
4434,4399,5096
4399,4953,4398
4399,4434,4953
4087,4088,4130
4087,4447,4086
4088,4321,4130
4531,5031,5030
4500,4532,4501
4533,4532,4500
4501,4532,5030
4532,4531,5030
6382,6398,6468
6383,6398,6382
5255,6398,6383
5094,5423,4953
5855,5885,5713
374,6166,378
6166,377,378
6166,5870,377
5871,5883,5856
5459,5635,5713
5883,5636,5856
5636,5883,5855
6097,7184,382
5870,5874,377
6207,6213,7214
3648,3452,3645
3454,3452,3648
3452,3421,3645
3421,3452,3427
3635,4209,4577
4209,3454,4577
3427,4209,3455
4209,3635,3455
3452,4209,3427
4209,3452,3454
3267,3125,3289
3291,3267,3290
3267,3291,3266
3125,3267,3266
3121,3544,3122
3544,3121,3418
3491,3544,3418
3716,3954,3696
3613,3879,3591
3615,3613,3290
3291,3613,3591
3613,3291,3290
3364,3036,3357
3366,3364,3357
3364,3366,3093
3364,3093,3091
3038,3364,3091
3036,3364,3038
2709,2708,2706
2708,2709,2753
2854,2709,2706
1218,1216,1215
1216,2377,1215
2377,2600,2601
2600,2669,2601
2536,2600,2583
1216,2600,2377
2600,1218,2583
2600,1216,1218
1207,2377,2376
1207,2376,2351
1209,1207,2351
2406,2443,2826
2823,2443,2559
2443,2405,2559
2443,2406,2405
2821,2443,2823
2826,2443,2821
2753,3170,2754
3170,3169,3216
2822,3170,2753
3169,3170,2824
3170,2822,2824
3447,3522,3340
3522,3447,3971
3447,3482,3971
3447,3370,3482
3341,3277,3340
3277,2979,3340
3277,3341,3329
3277,3329,3156
2977,2811,2754
2977,2979,2811
3170,2977,2754
2977,3170,3216
2977,3216,3340
2979,2977,3340
2744,2535,2375
2744,2572,2535
3155,2978,3156
2980,2978,2771
2978,2980,2811
2291,2851,2143
2851,2291,2702
2679,2851,2702
2678,2142,2507
2142,2679,2507
2142,2851,2679
2851,2142,2143
2143,2142,2043
2142,2678,2043
3168,3169,3334
3369,3168,3334
3169,3168,3216
3367,3523,1202
3367,3369,3523
3168,3367,3370
3367,3168,3369
3224,3563,3226
3563,2910,3226
2910,3563,2962
2962,3293,3270
3293,3472,3270
3563,3293,2962
3293,3563,3292
3292,3402,3839
3402,3838,3839
3401,3402,3355
3859,3402,3401
3838,3402,3859
5682,4786,5698
5248,5247,5558
5625,5247,5151
5247,4641,5151
5247,5248,4641
5556,5247,5625
5247,5556,5558
4772,5088,4777
5088,4982,5002
4777,5088,5002
5088,4772,5558
5088,5089,4982
5556,5088,5558
5088,5556,5557
5089,5088,5557
3488,3503,3344
3489,3503,3488
3344,3503,3501
3501,3503,3585
3503,3489,3585
2994,2993,3241
2993,2994,2662
3250,3251,3240
3022,3250,3240
3251,3250,3395
3250,3661,3395
2994,2663,2662
2388,2497,2305
2497,2498,2305
2498,2497,2454
2454,2497,2833
3565,3532,3663
3670,3532,3244
3532,4952,3663
4952,3532,3670
4737,3783,3669
3582,3783,4737
3783,3577,3669
3577,3783,3576
3783,3578,3576
3783,3582,3578
2836,2684,2834
2970,2836,2834
2624,2395,2620
2624,2385,2395
2633,2624,2620
2624,2633,2621
2623,2303,2387
2385,2623,2387
2303,2623,2388
3319,2655,2621
2635,3319,2621
2633,2635,2621
2635,2633,2684
3162,2959,3017
3162,3004,2959
3162,3017,3636
3086,3162,3636
3004,3162,3086
3316,3481,251
246,3316,251
3460,3485,3462
3485,3337,3462
3485,3460,3587
3461,3485,3587
3234,3339,243
3337,3339,3234
4245,4359,4256
4245,4522,4359
4522,4245,4244
6883,7485,6671
7485,7366,7326
7485,6883,7122
6566,6672,6683
6672,6762,6683
6762,6672,6671
6882,6684,6683
6762,6882,6683
6684,6882,6997
6882,6762,6997
1526,1525,1462
1462,1525,1524
1525,1626,1625
1626,1525,1526
1525,1538,1524
1538,1525,1625
1461,1464,1441
1464,1462,1441
1464,1526,1462
1464,1618,1526
1455,1618,1434
1618,1461,1434
1618,1464,1461
2537,2055,2332
2537,2216,1948
2537,2332,2216
2055,2005,2024
2005,1917,1870
2024,2005,1870
1917,2005,1950
2850,2932,2931
2932,2792,2931
2792,2932,2291
2932,2850,2702
2291,2932,2702
2206,2200,2204
2082,2200,1828
2204,2200,2205
2200,2082,2205
2106,2105,2150
2150,2105,2149
2105,2147,2149
2105,2064,2147
2064,2105,2063
2105,2760,2063
2105,2106,2760
4298,4411,4409
4408,4298,4409
4411,4298,4410
4298,4408,4299
3381,3723,3288
3651,3723,3381
3723,3722,3288
3380,3653,3381
3653,3380,3684
3975,3930,3397
3975,3993,3976
3930,3975,3976
3396,3201,3397
3396,3380,3284
3221,3219,3284
3566,3829,3584
3829,3566,3597
3761,3829,3597
3566,3493,3450
3493,3566,3584
3492,3493,3584
3450,3493,3449
3493,3492,3449
3574,3793,3575
3574,3738,4964
3451,3574,3575
3574,3451,3738
3104,3000,3105
3104,3103,3000
3528,3271,3282
3271,3150,3282
3271,3528,3512
3439,3271,3512
3149,3271,3439
3150,3271,3149
3283,3150,3149
3283,3104,3105
3104,3283,3149
3643,3283,3105
4450,4733,4745
4733,4450,4593
4733,4593,4633
4611,4733,4633
4733,4611,4745
4449,4450,4474
3954,4449,4154
4803,4863,4654
4744,4863,4745
4449,4473,4154
4473,4449,4474
4615,4803,4654
4673,4615,4654
4615,4673,4655
4673,4747,4655
5568,5159,5571
5132,5159,5568
5159,5799,5571
5799,5159,5569
1984,1993,2165
1993,1984,2095
1983,1984,1858
1997,1983,1994
1983,1985,1994
1983,1858,1985
2121,2051,2483
2017,2051,2050
1985,1995,1994
1995,2121,2123
1995,2122,1994
2124,1995,2123
2122,1995,2124
2051,2254,2050
2254,2051,2121
1857,1650,1858
1650,1886,1858
1557,1650,1855
1650,1857,1855
1650,1557,1558
1657,2082,1828
1657,1828,1830
1657,1653,1913
1653,1657,1830
2357,2234,2277
2357,2358,2276
2546,2586,2547
2546,2495,2586
2544,2547,3001
2543,2544,3001
2544,2546,2547
2546,2544,2496
2545,2544,2543
2496,2544,2545
2359,2619,1997
2675,2467,2581
2467,2425,2468
2425,2467,2675
2674,2673,2581
2673,2674,2855
2674,2856,2855
2674,2733,2856
2733,2533,2763
2763,2533,2734
2533,2532,2734
2532,2533,2468
2533,2467,2468
2470,2556,2869
2363,2470,2869
2470,2675,2581
2556,2470,2581
2423,2242,2441
2425,2423,2360
2364,2423,2425
2423,2364,2242
2242,2364,2243
2364,2363,2243
2226,1823,1846
2226,2225,1823
2225,2226,2480
2479,2226,1846
2226,2479,2480
2866,3163,2489
2867,3163,2953
2868,2867,2874
3163,2868,2489
2868,3163,2867
3644,3690,3281
3793,3690,3575
3690,3793,3281
2867,3573,2874
3573,2867,2953
3034,3573,2953
3160,3200,3203
3200,3133,3203
3200,3219,3221
3220,3221,3285
3220,3200,3221
2917,2888,2914
2888,2917,2866
2953,2917,2914
3163,2917,2953
2917,3163,2866
2479,2717,2887
2530,2717,2479
2610,2530,2705
2610,2705,2129
2875,2868,2874
2868,2875,2349
2585,2587,2495
2587,2585,2923
2073,2071,2145
2269,2483,2074
2269,2268,2483
2748,2732,2145
2748,2349,2923
2689,2890,2464
2466,2689,2464
2689,2466,2687
2890,2689,2690
2689,2755,2690
2755,2689,2687
3300,2936,3276
3300,3130,2936
3062,3300,3276
3183,2946,3296
2946,3183,3165
3429,3184,3256
3993,3628,3976
3628,3993,3322
3171,3215,3238
3215,3171,3131
3363,3525,3514
3795,3682,3999
3683,3682,3795
3682,3930,3999
3930,3682,3397
3033,3031,3203
2718,3031,3033
1703,1603,1665
1703,1665,1788
1701,1703,1788
1670,1703,1701
1603,1703,1670
1702,1670,1701
1702,1720,1670
1702,1701,1790
1935,1702,1790
1817,1762,1935
1762,1817,1760
1762,1702,1935
1702,1762,1720
1762,1760,1721
1720,1762,1721
1511,1550,1558
1515,1511,1510
1511,1515,1550
1515,1540,1549
1540,1515,1514
1539,1540,1514
1540,1791,1549
1540,1539,1791
2082,1895,1992
1895,2053,1992
1895,1657,1913
1657,1895,2082
1592,1895,1913
1770,1894,1773
1894,1592,1773
1894,1895,1592
1895,1894,2053
1496,1389,1479
1496,1397,1497
1496,1490,1397
1364,1387,1497
1387,1496,1497
1496,1387,1389
1685,1890,1862
1869,1890,1889
1890,1686,1889
1890,1685,1686
1862,1890,1836
1890,1869,1836
2459,2541,2460
2542,2541,2459
348,350,2791
348,339,350
348,341,339
341,348,345
2561,2784,2791
2784,348,2791
348,2784,345
2784,2561,343
345,2784,343
2420,2421,2245
2167,2421,2630
2421,2167,2245
4336,4335,6421
4335,4802,6421
4335,4337,4802
4337,4335,4303
4335,4336,4303
4390,299,301
4390,4350,4509
299,4390,4509
4684,4350,4387
4684,4336,4685
4684,4685,4509
4350,4684,4509
4302,3949,4303
4302,4300,3949
4300,4302,4387
4336,4302,4303
4302,4684,4387
4684,4302,4336
3950,4129,4351
4300,3950,3922
3950,4300,4387
4129,3950,4387
4128,302,4127
302,4128,301
4128,4390,301
4350,4128,4127
4390,4128,4350
302,307,4126
307,302,301
299,307,301
2775,2908,2774
2861,2775,2774
2775,2861,2700
3923,3436,3438
3436,3923,4351
3923,3950,4351
3923,3438,3922
3950,3923,3922
333,2944,330
2944,3042,330
2944,3080,2924
2945,2944,2924
3042,2944,2945
335,2944,333
2944,335,3080
306,315,311
319,315,306
315,319,3112
315,3126,311
315,3112,3126
3112,3079,2996
319,3079,3112
3079,3078,2996
3078,3079,3077
3079,325,3077
3079,319,325
2011,2013,2012
2013,2011,2014
2060,2011,2012
2011,2060,2081
2014,2011,2081
1792,2013,1640
1638,1792,1640
1792,1638,1668
1792,1668,2012
2013,1792,2012
1596,2013,1661
1587,1596,1661
1596,1594,1640
2013,1596,1640
1596,1587,1585
1594,1596,1585
397,2279,2517
2528,2279,2191
2279,395,2517
2279,2528,395
2805,2419,2630
2629,2805,2630
2841,2805,2629
2805,2841,2883
2808,2805,2883
2805,2808,2419
2343,2272,2807
2272,2035,2120
2272,2343,2035
2419,2118,2167
1873,2118,2120
2118,2272,2120
2295,2297,2190
2297,2528,2190
2297,2295,3075
393,2297,392
2528,2297,393
2297,390,392
390,2297,3075
2974,380,2883
380,2974,375
2841,2974,2883
2974,2841,375
2881,388,3075
2881,386,388
2758,2343,2807
2808,2758,2807
2758,2808,2806
2338,2758,2296
2343,2758,2338
1521,1607,1502
1754,1683,1818
1745,1577,1575
1545,1745,1555
1745,1545,1576
1577,1745,1576
1745,1601,1555
1745,1575,1601
1600,1793,1659
1660,1600,1659
1793,1600,1598
1600,1660,1599
1600,1523,1598
1600,1599,1523
1358,1366,1357
1358,1581,1366
1453,1735,1517
1735,1581,1672
1735,1453,1400
1581,1735,1400
1933,1906,1967
1980,1933,1990
1933,1967,1990
1933,1980,1978
1934,1933,1978
1933,1934,1905
1906,1933,1905
1768,1684,1681
1768,1842,1684
1687,1768,1681
1408,1417,1416
1393,1408,1416
1451,1408,1407
1408,1451,1417
1408,1395,1407
1395,1408,1393
1365,1367,1357
1367,1372,1356
1354,1367,1356
1367,1354,1357
1365,1406,1394
1406,1395,1394
1439,1409,1440
1409,1406,1440
1409,1438,1407
1409,1439,1438
1395,1409,1407
1406,1409,1395
2990,2391,3236
2391,2990,2420
3235,2990,3236
2990,3235,2961
2420,2990,2961
2389,2246,2390
2391,2246,2389
2246,2244,2221
2246,2391,2245
2246,2412,2390
2412,2246,2221
2166,2246,2245
2246,2166,2244
1803,1872,1800
1872,1799,1800
1799,1872,2035
2035,1872,2120
1872,1873,2120
1873,1872,1803
2092,2491,2089
2491,2267,2089
2491,2092,2090
2196,2491,2090
1907,1833,2157
2999,303,305
2999,2998,303
309,2999,305
2999,309,3039
2998,2940,2939
2940,2918,2939
2918,2940,2873
3009,2548,2404
2403,3009,2352
3009,2404,2352
2975,2955,3011
2955,3013,3011
3013,2955,2954
2954,2955,2903
2955,2905,2903
2955,2975,2905
4404,4415,4160
4377,4415,4404
4415,4377,4375
4415,4375,4283
4160,4415,4283
4103,4123,4238
4123,4103,4042
4238,4123,4160
4123,4122,4160
4122,4123,4042
4104,4102,4850
4850,4102,4285
4102,4103,4285
4103,4102,4043
4102,4101,4043
4102,4104,4101
4191,4189,4192
4313,4191,4801
4190,4191,4313
4189,4191,4190
4191,4257,4801
4191,4192,4257
6375,3335,3766
4403,6375,3766
6375,4403,3719
3481,6375,3719
3316,6375,3481
6375,3316,3335
3335,3707,3766
3707,3706,3766
3336,3707,3335
3706,3707,3551
3707,3336,3551
4374,4439,4438
4651,4439,4413
4439,4651,4438
4439,4376,4413
4439,4374,4376
6071,6070,5535
483,6071,5535
6071,483,480
6341,6368,6120
6121,6341,6120
6587,5591,6522
6339,6587,6522
6340,6586,6893
6340,6339,6586
6340,6341,6339
6368,6340,6893
6341,6340,6368
7169,7021,6941
7317,7169,6941
7021,7169,81
7169,82,81
90,6983,97
9556,9600,9564
5,9600,6
9564,9600,5
9600,9601,6
9601,9600,9624
9600,9556,9624
8842,8552,8553
8557,8842,8553
8842,8728,8865
8552,8842,8865
8728,8842,8727
8842,8557,8727
79,8132,77
8132,86,8183
79,86,8132
5893,5948,5946
8383,8437,8810
8383,8131,8362
8131,8383,8384
8384,8383,8406
8383,8810,8406
8512,8572,8511
8572,8556,8511
8556,8572,8571
8572,8593,8571
8515,8488,8830
8593,8515,8830
8572,8515,8593
8515,8572,8512
8336,8515,8512
8515,8336,8488
8437,8554,8810
8554,8793,8810
8800,8799,8888
8869,8800,8888
9072,8800,8869
8507,8509,8521
8509,8477,8521
8477,8509,8352
8352,8509,8351
8509,8030,8351
8575,8576,8586
8575,8812,8521
8598,8575,8586
8576,8478,8585
8477,8478,8521
8478,8575,8521
8575,8478,8576
8478,8477,8350
8478,8350,8476
8585,8478,8476
8750,8567,8568
9569,8750,8816
8750,8568,8816
8750,9569,8900
8584,8751,8814
8576,8751,8584
8870,9072,8779
5942,5785,5602
5602,5785,5787
5785,5786,5787
5786,5785,6002
5785,5942,6002
162,6482,166
6482,6483,166
6482,162,159
6259,6352,7204
6482,6352,6483
6352,6482,159
6352,155,7204
155,6352,159
6003,6320,6498
6352,6320,6483
6483,6320,6002
6320,6003,6002
6320,6352,6259
6320,6259,6191
6498,6320,6191
4890,4893,5050
4893,5121,5050
4742,4999,4741
4742,4890,4999
5641,5824,5561
5257,5319,5577
5579,5257,5577
5259,5257,6474
5319,5257,5259
5257,5260,6474
5642,5824,5641
6357,6418,123
6418,6416,120
123,6418,120
6416,6418,6106
6418,6105,6106
196,192,5348
5349,192,188
5348,192,5349
192,196,202
4601,4790,4358
4790,4601,4791
4601,4523,4602
4523,4601,4358
4680,4601,4602
4791,4601,4680
5090,6103,6314
6103,5382,6833
5382,6103,6297
6103,5090,6297
4740,4743,5406
5090,4740,5406
4740,5090,6314
4789,4360,4788
4360,4789,4357
4188,4652,4172
4253,4652,4188
4184,4180,4173
4182,4497,4327
4180,4497,4182
4327,4497,4496
4497,4371,4496
5121,5199,5302
5199,5198,5302
5199,4893,4891
4893,5199,5121
4894,5199,4891
5199,4894,5198
5049,5411,5021
5577,6249,6174
5811,6249,5577
6249,5811,6105
6435,6434,5937
6428,6435,5937
6434,6435,7287
6435,6432,7287
6432,6717,6718
6895,6717,6808
6717,6896,6718
6717,6895,6896
6780,6806,6808
6717,6780,6808
6780,6717,6432
6806,6780,6807
6396,6585,6031
6585,6396,7238
6585,6510,6031
5989,6433,6428
6836,6433,5989
6433,6836,7260
7153,6836,7238
6836,7153,7260
6378,6899,6898
6378,7154,6176
6175,6475,6264
6475,6175,6176
6175,128,6176
6266,124,128
6175,6266,128
2982,3073,2860
3073,2982,3118
3076,3073,3118
3073,2862,2860
3073,3076,2862
2527,2448,2525
2448,2476,2525
2450,2729,2457
2562,2729,2720
2729,2561,2457
2729,2562,2561
2322,2459,2460
2322,2324,2286
2324,2322,2460
2477,3118,2476
2325,2477,2476
2477,3076,3118
3076,2477,2590
2590,2477,2676
2477,2325,2676
2320,2323,2286
2325,2323,2320
2323,2325,2476
2783,341,343
2562,2783,343
341,2783,2956
1805,1758,1804
1805,1709,1758
1805,1768,1687
1768,1805,1804
1689,1805,1687
1709,1805,1689
4286,4575,4193
4575,4286,5039
5099,4969,5039
4846,4969,4967
4967,4969,5040
4969,5099,5040
5099,4687,4979
4689,4687,4562
4979,4687,4689
4687,5099,5039
4687,4286,4562
4286,4687,5039
4117,4155,5371
4116,4117,5371
4117,1159,1158
248,3431,255
3431,248,3630
3431,3365,3366
3430,3366,3357
255,3430,261
3430,3357,261
3431,3430,255
3430,3431,3366
3365,3092,3093
3067,3092,3114
3432,3720,4311
3376,3432,4311
3432,3431,3630
3431,3432,3365
3721,3432,3630
3720,3432,3721
3066,3065,2949
3065,3067,2948
2949,3065,2948
3065,3092,3067
3092,3065,3093
3093,3065,3091
3065,3066,3091
4844,4799,4968
4844,4800,4799
4800,4844,4874
4844,5261,4874
4844,4635,5261
4875,4844,4968
4635,4844,4875
4203,4798,4243
4203,4116,4158
3990,4125,4243
4125,3969,4243
3969,4125,4124
4124,4125,3837
4125,3836,3837
4125,3990,3836
4798,4725,4202
4725,4203,4158
4203,4725,4798
4797,4799,4202
4797,5111,4799
4725,4797,4202
228,5261,224
228,4634,5261
4634,228,232
227,228,224
231,228,227
228,231,234
232,228,234
3992,3990,3991
4879,3992,3991
3992,4879,3803
3836,3992,3803
3990,3992,3836
3792,4660,3328
3836,3792,3837
3792,3328,3837
4660,3792,3330
2666,1233,1231
1234,1233,2666
1233,1234,1241
1233,1236,1231
1236,1233,1241
1244,1246,1879
2314,1225,2796
1220,1214,1223
1214,1224,1223
1224,1214,1213
1214,1220,1215
2377,1214,1215
1214,2377,1211
1213,1214,1211
1254,1256,1956
1252,1254,1956
1256,1254,1247
1254,1245,1247
1246,1248,1879
1239,1248,1246
1250,1956,2521
1250,1252,1956
1250,2521,1879
1248,1250,1879
1250,1248,1252
1264,1265,1261
1265,1957,1261
1271,1272,1266
1271,1276,1953
1272,1271,1953
1274,1277,1953
1263,1257,1259
1257,1263,1264
1260,1263,1259
2030,1260,1259
1262,1260,2030
1237,2315,1239
2315,1237,1234
1237,1239,1246
1244,1237,1246
2315,1242,1239
1242,1248,1239
1245,1242,2040
1242,2315,2040
1235,2408,1230
1235,1236,2408
1240,1881,2408
1881,1240,1879
2577,2500,2576
2500,2577,2499
2577,2576,2738
2920,2737,2738
2695,2737,2920
2737,2577,2738
2502,2599,2571
2599,2569,2571
2599,2695,2652
2569,2599,2652
2909,2696,2873
2909,2775,2700
3147,2693,2809
2845,2693,3064
2693,2845,2809
2693,2692,3064
2693,3147,2692
3280,2602,2603
2820,3280,2603
2602,3280,2726
10742,10737,10863
10737,10736,10863
10714,10712,10716
10712,10795,10716
10712,10711,10795
11477,11315,11428
11428,11315,11235
11315,11237,11235
11329,11328,11393
11328,11477,11393
11328,11329,11257
11236,11174,11232
11347,11346,11385
11346,11347,11135
11347,11088,11135
11058,11129,11408
11202,11129,11152
11145,11159,11101
11481,11258,11185
11173,11481,11186
11174,11148,11232
11148,10885,11232
11148,11173,11176
10988,10874,10965
10874,10877,10965
10874,10743,10877
11440,11416,11390
11416,11440,11417
11434,11439,11417
11439,11434,11454
11434,11401,11436
11454,11434,11455
11434,11436,11455
11401,11304,11486
11304,11302,11303
11399,11392,11398
11470,11399,11398
11472,11399,11470
11425,11399,11472
11329,11327,11257
11327,11399,11425
11327,11329,11392
11399,11327,11392
11339,11340,11472
11473,11339,11472
11339,11473,11486
11325,11326,11281
11324,11381,1004
1000,11324,1004
11324,1000,11323
11325,11324,11323
11324,11325,11381
968,11178,11177
11178,979,11177
979,11178,981
11283,11281,11219
11283,11302,11281
11302,11283,11303
11573,11326,11284
11326,11573,11281
11281,11573,11219
11320,990,987
11112,11367,11187
958,11114,11187
11114,958,954
11100,11075,11101
11075,11100,11103
10961,11075,10963
932,10961,10963
932,10963,10962
937,932,10962
11311,11188,11187
11367,11311,11187
11573,11282,11219
11282,11573,11284
11311,11282,11284
11282,11311,11367
11059,11058,10963
11059,11075,11103
11075,11059,10963
11129,11059,11103
11059,11129,11058
11086,11003,11205
11003,11086,11001
11024,11025,11204
11025,11024,11002
11000,11025,11002
11025,11000,11029
11000,10941,10944
11029,11000,10944
10422,10343,10344
10620,889,887
10993,10939,11144
906,909,10459
10693,10588,915
10588,912,915
10588,10458,10459
10458,10588,10589
909,10588,10459
10588,909,912
10709,10477,10513
10709,10514,10479
10649,10477,10589
10649,10693,10771
10649,10588,10693
10588,10649,10589
901,903,10471
901,10423,896
10423,901,10471
917,901,896
921,901,917
903,901,921
10332,10454,10453
10454,10332,10455
10458,10454,10455
10783,10458,10455
10783,10423,10471
10423,10783,10455
10458,10783,10459
10783,906,10459
10783,903,906
903,10783,10471
8547,8582,8867
6696,7080,6675
5933,6387,6388
6387,5933,5934
7078,6696,7027
7784,7078,7027
7078,7784,7077
6868,7078,7077
7078,7080,6696
7080,7078,6868
7293,7294,7508
7294,7509,7508
7509,7294,7292
7294,7293,7265
7082,7294,7265
7294,7082,7292
7043,6951,6800
7261,7043,7406
7043,7261,7031
6951,7043,7031
7528,7650,7651
7509,7650,7528
7291,7082,7121
7082,7291,7292
7120,7291,7121
7291,7120,7474
6618,6619,6617
6619,6618,6337
6617,6619,6697
6619,6802,6697
6605,6619,6337
6619,6605,6802
5933,5753,6860
5752,5753,5932
5753,5933,5932
5511,5426,5489
5511,5425,5426
7600,7526,7351
7407,7600,7351
7526,7600,7842
7600,8307,7842
7600,7407,7601
8307,7600,7601
6731,6763,7290
7534,6731,7290
6411,6731,6733
7709,7708,7860
7708,7709,7651
7809,7811,8056
5958,6493,6298
5237,5178,5239
5177,5178,5105
5178,5177,5239
7822,7823,7683
7823,8150,7824
7683,7823,7824
7823,7831,8150
7823,7822,7831
7830,8528,7831
7822,7830,7831
7830,7822,7576
7874,7830,7576
7873,7830,7874
8528,7830,7873
7099,7361,7147
7183,7339,7338
7361,7183,7147
7181,7183,7338
7183,7181,7147
7377,7379,7378
7492,7377,7378
7493,7492,7439
7492,7493,7672
7577,7493,7439
7493,7577,7672
7821,7492,7672
7961,7821,7824
7821,7683,7824
7683,7821,7672
8247,7555,8381
7379,7555,7473
7555,7377,8381
7377,7555,7379
8380,8247,8381
8380,8127,8264
8127,8380,8381
8127,8445,8264
8474,8263,8533
8263,8251,8356
8356,8251,8252
8252,8251,8089
8251,8529,8089
5425,5378,5426
5238,5378,5425
5426,5378,5376
4977,6116,5863
6116,4977,5305
5863,6116,5572
6116,5408,5572
5408,5574,5572
5574,5864,5572
6674,6159,6225
6159,6674,5946
5945,5862,7779
5948,5945,7779
5529,5945,5678
5945,5893,5678
5893,5945,5948
5945,5529,8657
5862,5945,8657
6729,6650,6710
6646,6347,6648
6347,6646,6650
8036,8038,8114
8038,8036,7878
4162,4792,5103
1144,4162,1137
4162,1149,4792
4162,1148,1149
4162,1136,1137
4155,4162,4157
1136,4162,4155
1143,1144,1137
1144,1143,1146
1182,1190,1166
3969,4082,4243
4082,4203,4243
4203,4082,4116
3970,3969,3482
3970,4082,3969
6359,6399,6017
5718,6359,6017
5118,4795,4904
4991,4649,5075
5119,4991,5075
4164,4196,4163
4164,4163,4157
4162,4164,4157
4164,4162,5103
4196,4194,4163
4194,4195,4163
4194,4196,4480
4248,7491,3887
4248,4705,4731
3886,4705,3887
4705,4248,3887
4991,4732,4704
4732,5119,5227
5119,4732,4991
4792,4520,5103
4520,4164,5103
4164,4520,4196
5327,4247,7491
3890,4247,4471
7491,4247,3887
4247,3890,3887
1160,1157,1156
1157,1160,4471
1164,1165,1168
1165,1164,1163
1165,1149,1168
1165,1153,1149
1165,1163,1156
1153,1165,1156
1198,1197,3781
3523,1203,1202
1203,1195,1202
1206,3523,3781
1184,1185,1168
1183,1184,1168
1184,1183,3781
1158,1187,1146
1191,1187,1158
1147,1144,1146
1147,4162,1144
4162,1147,1148
1187,1147,1146
1147,1187,1183
1147,1183,1168
1148,1147,1168
1154,1153,1156
1157,1154,1156
1170,3968,1168
1170,1172,3968
1185,1170,1168
1172,1170,1185
3394,3595,3249
3596,3595,4138
3595,3596,3249
3812,3805,3902
3901,3812,3902
3805,3812,3807
3812,3901,3903
3841,3812,3903
3753,3478,3542
3890,3740,3887
3740,3886,3887
3753,3813,3842
3806,3813,3753
3813,3811,3842
3813,3806,3807
3811,3813,3807
3840,3811,3807
3812,3840,3807
3840,3812,3841
3843,3918,3920
3843,3840,3841
3840,3843,3811
3703,3704,4032
4176,3703,4032
3703,3394,3704
4761,4561,4763
4761,4176,4561
4206,4761,4763
4083,4085,4063
8160,8223,8224
8223,8160,8159
8436,8337,8437
8436,8383,8362
8383,8436,8437
8306,8116,8038
8116,8306,8305
8306,8488,8305
8306,8221,8488
11546,11527,11547
11527,11545,11547
11527,11546,11525
11527,11525,11521
11526,11504,11531
11545,11526,11531
11507,11526,11521
11526,11507,11504
11526,11527,11521
11527,11526,11545
11429,975,983
973,975,969
975,980,983
975,973,980
11497,11429,11377
11497,11246,11378
11497,11377,11246
969,11497,11378
975,11497,969
11497,975,11429
967,969,963
967,973,969
11223,967,963
967,11223,11360
11349,11357,11350
11357,11354,11350
960,11183,11137
11182,11183,960
11183,11028,11137
11183,11029,11028
10825,10894,10826
10894,10825,10982
10894,11012,10826
10894,10982,11030
11012,10894,11030
11089,11012,11030
11012,11089,10941
10944,11089,11030
10941,11089,10944
10147,10146,10138
10146,10147,10297
10013,10118,9932
10548,10464,10506
10466,10464,10548
10398,10362,10426
10362,10398,10399
10290,10296,10426
10296,10398,10426
10398,10296,10262
9846,9916,9859
10190,10189,10145
10253,10190,10251
10367,10368,10475
10574,10528,10654
10528,10746,10654
10528,10574,10525
10528,10526,10766
10746,10528,10766
10528,10525,10515
10526,10528,10515
10505,10516,10515
10505,10517,10516
10507,10505,10515
10517,10505,10475
10516,10547,10527
10514,10547,10516
10709,10547,10514
10547,10679,10527
10679,10547,10513
10547,10709,10513
10800,10708,10902
10708,10800,10761
10800,10760,10761
10799,10800,10902
10760,10800,10799
10633,10708,10761
10632,10633,10559
10708,10633,10834
10522,10521,10579
10522,10489,10521
10489,10522,10350
10577,10522,10579
10522,10577,10350
10485,10489,10322
10320,10485,10322
10485,10320,10480
10646,10592,10687
10520,10694,10571
10694,10520,10519
10521,10510,10561
10490,10508,10511
10558,10640,10559
10631,10640,10822
10821,10631,10822
10631,10821,10632
10631,10632,10559
10640,10631,10559
10640,10600,10822
10600,10676,10822
10530,10529,10483
10533,10529,10530
10529,10484,10483
10529,10533,10541
10540,10533,10534
10540,10697,11421
10533,10540,10541
10536,10537,10530
10533,10537,10534
10537,10533,10530
10744,10606,10747
10791,10784,10653
10791,10850,10784
10851,10791,10653
10744,10750,10738
10750,10691,10738
10759,10752,10790
10696,10759,10790
10759,10788,10896
10592,10591,10541
10591,10646,10572
10646,10591,10592
10816,10710,10630
10676,10710,10816
10592,10979,10687
10979,10592,10594
10691,10692,10738
10692,10697,10738
10590,10614,10594
10628,10629,10655
10628,10656,10630
10656,10628,10655
10723,10668,10724
10668,10723,11382
10657,10668,11382
11376,10958,10724
10668,11376,10724
11376,10668,10725
10955,10956,10757
10956,10725,10757
10725,10956,11140
10956,10990,11140
10990,10956,10955
10869,10701,10867
10702,10701,10869
10830,10701,10681
10701,10702,10681
10682,10673,10671
10683,10673,10682
10671,10673,10674
10673,10666,10674
10666,10673,10680
10673,10672,10680
10673,10683,10672
10948,10930,10952
10999,10948,10952
10948,10955,10914
10930,10948,10914
10955,10948,10998
10948,10999,10998
10913,10926,10930
10869,10913,10914
10913,10930,10914
10913,10869,10867
10926,10913,10867
10997,10868,10700
10868,10830,10700
10701,10868,10867
10868,10701,10830
10272,851,10257
10272,10384,10382
10410,823,837
10104,844,831
10102,10104,831
10035,10104,10102
10104,10035,10055
853,10142,10149
853,860,848
860,853,10149
10181,10297,10224
10146,10181,10151
10181,10146,10297
10136,10176,10177
10176,10181,10224
10181,10176,10136
10135,10105,10107
10136,10135,10107
10105,10135,10150
10135,10136,10177
10226,10247,10246
10148,10186,10185
10186,10210,10185
10186,10148,10150
10094,9935,9892
9935,9899,9892
10181,10132,10151
10132,10181,10136
10132,10136,10107
10065,10132,10107
10047,10065,9985
10132,10047,10151
10047,10132,10065
10065,10020,9985
10020,10021,10009
10021,10020,10056
10020,10065,10056
9977,9900,9902
9900,9977,9825
10029,10037,10030
10035,10037,10029
10037,10044,10030
10044,10037,10088
10088,10037,10087
10037,10035,10087
10044,10031,10030
10008,10031,9950
10031,10029,10030
10031,10008,10029
10060,10044,10088
10076,10060,10088
9827,9792,9793
9792,9827,10059
9977,9946,9825
9838,759,749
9838,9868,759
9868,9838,9867
9850,9838,749
770,9866,783
9868,9866,770
9866,9868,9867
9996,9866,9867
9866,9966,783
9966,9866,9996
9919,9918,9867
9918,9996,9867
9918,9997,9996
9812,9880,9850
9812,731,736
9812,9850,731
739,741,9788
9880,739,9788
739,9812,736
9812,739,9880
9955,9877,785
9877,9955,9875
9877,776,785
776,9877,9876
9877,9875,9876
9955,9957,9875
9956,9957,9984
9957,9956,9875
11322,11305,11286
11322,11286,980
973,11322,980
11305,11322,11360
11418,11289,11130
11305,11289,11335
11289,11418,11335
11490,11530,11504
11504,11530,11531
11082,11046,11124
11046,11123,11124
11046,10958,11123
10958,11046,11027
11082,11083,11055
11083,11082,11134
11191,11361,11227
11227,11361,11378
11361,963,11378
11361,11191,11222
11361,11223,963
11223,11361,11222
10133,10160,10156
10160,10222,10156
10415,10295,10193
10415,10157,10295
10415,10193,10192
10157,10415,10101
10415,808,10101
812,10415,10192
808,10415,812
818,822,852
822,838,852
822,10279,10203
822,818,10193
10279,822,10193
10305,10304,10546
10222,10336,10295
10336,10385,10295
10336,10305,10546
10305,10336,10222
10363,10336,10546
10385,10336,10363
823,10411,819
10411,10348,819
10411,10410,10463
10410,10411,823
10363,10411,10463
10348,10411,10363
838,10277,846
10277,10406,846
10442,10550,10842
10406,10442,10842
859,856,863
856,859,850
856,10842,863
856,850,10842
10552,10495,10378
10495,861,10378
10495,10552,866
861,10495,866
851,858,10257
858,10256,10257
858,851,10108
873,10288,10270
10288,10421,10365
10270,10288,10365
10421,10288,10221
10384,10271,10413
10273,10271,10257
10271,10272,10257
10272,10271,10384
9028,9115,9083
9000,9115,9046
9115,9028,9046
9074,9044,8969
9074,9100,9045
9044,9074,9045
8282,8532,8530
8291,8282,8530
8605,8577,8569
8577,8605,8453
8569,8577,8530
8577,8578,8530
8292,9195,8293
8763,8674,8673
8674,8292,8673
9044,8836,8835
8819,8787,8782
8787,8682,8782
8836,8820,8835
8820,8787,8819
8820,8836,8821
8787,8820,8821
8743,8771,8769
9028,9029,9045
9029,9044,9045
9029,8836,9044
9029,9028,8821
8836,9029,8821
6141,5928,5895
5928,5927,6033
5438,5894,5437
5439,5438,5314
5438,5436,5314
5436,5438,5437
5930,5439,5672
5931,5930,5672
5930,5438,5439
5438,5930,5894
5440,5446,5083
5436,5446,5440
5446,5436,5608
5082,5080,5528
5080,5447,5528
4937,5080,5082
5080,4937,5083
6784,6607,6785
6063,6028,6026
6028,6063,6064
6750,6927,6785
6607,6750,6785
7098,7411,7324
7423,7411,7892
6829,7098,7097
7511,7512,7630
7512,8025,7630
8025,7512,7423
7512,7411,7423
8543,7639,7518
6034,6032,6595
6032,6034,5927
6032,6596,6595
7702,8212,7975
7768,7702,7975
7702,7768,7976
7610,7607,8333
7968,7610,8333
7588,8083,7393
7587,8083,7707
7707,8083,8628
8083,7588,8628
7393,8083,7396
8083,7587,7396
7588,7562,7607
7506,7562,7395
7562,7588,7395
9189,9143,9145
9143,9108,9145
9143,9109,9108
8970,8969,8968
9039,8970,8968
9108,8970,9039
9109,8970,9108
8934,8935,8968
8935,8905,8968
8905,8935,8907
663,658,668
9522,663,668
663,9472,658
9472,663,9522
9479,9470,9471
9479,9583,9478
9609,9591,9618
9500,9609,9618
9609,9691,9591
9203,9192,9204
9192,9201,9204
9192,9202,9194
9192,9203,9202
9201,9193,9242
9192,9193,9201
9271,9252,9269
9252,9271,9254
9539,9271,9269
9271,9539,9254
6027,6065,6153
6144,6065,6064
6065,6143,6064
6065,6027,6143
6947,6938,6949
6947,6954,6938
7506,6947,6949
6954,7197,6955
7197,7394,7392
6955,7197,7392
7394,7197,7396
7197,7393,7396
7393,7197,7395
6924,7231,6744
6743,6924,6744
7231,6924,6946
6924,6922,6946
6922,6924,6804
6924,6743,6804
8015,8101,8014
7707,8015,8014
8015,7707,8628
7609,8015,8628
8017,7739,7738
8017,8244,8246
8244,8017,8245
8016,8017,7738
8017,8016,8245
8245,8016,8277
7739,7611,7738
7611,7739,7609
7611,7610,7738
7611,7609,7607
7610,7611,7607
8102,7739,8018
7739,8102,7609
8102,8015,7609
9292,9226,9334
9226,9292,9223
9292,9179,9223
9179,9292,9272
9994,9992,9972
9992,9994,10033
10033,9994,10062
9994,9972,9884
10062,9994,9884
10092,10083,10133
10100,11200,10101
11200,10157,10101
10069,11200,10100
10092,11200,10069
10157,11200,10156
11200,10092,10156
9515,9741,689
9741,690,689
690,9741,9517
9741,9743,9517
9741,9515,9743
9734,9690,9733
9733,9690,9746
9690,9687,9746
9685,666,662
9842,9688,9689
9688,9685,9686
9858,675,673
675,9858,9853
9858,9852,9853
10040,9943,10086
9943,10040,9944
9941,9882,9936
10169,10188,10183
10188,10199,10183
10188,10169,10170
10199,10188,10196
10532,10188,10170
10188,10532,10196
10122,10187,10200
10199,10187,10122
10187,10197,10200
10187,10199,10197
10155,10168,10130
10155,10174,10153
10174,10155,10130
10394,10395,10352
10395,10259,10352
10258,10395,10448
10395,10394,10448
10395,10258,10243
10259,10395,10243
10171,10218,757
10218,10058,748
757,10218,748
10058,10218,10172
10218,10171,10172
10733,10566,10728
10733,10617,10566
10617,10733,10780
10733,10728,10735
10780,10733,10735
9224,9225,9178
9225,9224,9248
9224,9086,9248
9224,9178,9181
9086,9224,9181
9086,9097,8884
9097,9086,9181
9012,9097,9181
9122,9154,9140
9141,9087,9140
9141,9248,9088
9087,9141,9088
9281,9285,9279
9281,9244,9285
9244,9281,9494
9494,9281,9202
9202,9281,9194
9281,9279,9194
8285,8184,8293
8051,8022,8024
8519,8285,8541
9265,8519,8541
8519,9265,8259
8765,8674,8763
9227,9187,9118
9557,9187,9227
9168,9197,9167
8947,9120,9056
9082,9120,8947
8998,8999,8967
8999,9082,8967
8999,8998,9116
8999,9187,9082
8999,9116,9118
9187,8999,9118
8499,8546,8678
8546,8677,8678
8546,8501,8323
8501,8546,8499
8679,8666,8924
8679,8924,8948
8677,8679,8948
8546,8679,8677
8149,7985,8042
8640,8642,8559
8642,9097,9012
8642,8640,8884
9097,8642,8884
8472,8473,8559
8472,8641,8469
8641,8472,8559
8473,8472,8277
9671,9672,9546
9671,9617,9770
9672,9671,9770
9671,9546,9448
10306,9671,9448
9407,9410,9357
9359,9410,9595
9357,9410,9359
9410,10306,9595
9410,9409,10306
9409,9410,9407
9375,9358,9364
9375,9407,9358
9374,9375,9364
9376,9375,9374
11038,11122,11111
11039,11038,10919
11122,11038,11039
11127,11036,11011
11036,913,908
11011,11036,908
11036,11090,913
11036,11127,11090
11046,11084,11027
11084,11046,11082
11027,11084,10969
11084,11054,10969
11084,11082,11055
11054,11084,11055
10821,10857,10632
10857,10821,10817
10996,10901,10903
10901,10836,10903
10836,10901,10902
10901,10995,10902
10901,10996,10995
11156,11168,11162
11157,11156,11162
11179,11181,11218
11168,11181,11189
11181,11179,11189
11156,11181,11168
11181,11156,11095
11015,11056,11165
11056,11051,11165
11051,11056,11092
11043,11044,11021
10984,11044,11074
11044,10984,11021
11044,11209,11074
11209,11280,11262
11209,11210,11074
11209,11262,11210
11238,11241,11269
11238,11043,11125
11243,11238,11125
11241,11238,11243
11263,11261,11271
11279,11261,11262
11261,11279,11271
11253,11192,11193
11253,11274,11192
11254,11253,11193
11306,11253,11254
11194,11192,11272
11194,11163,11192
11194,11272,11480
11163,11194,11081
11194,11131,11081
11131,11194,11480
11278,11231,11276
11231,11278,11277
11278,11415,11464
11415,11278,11276
11338,11278,11464
11277,11278,11338
11230,11379,11276
11231,11230,11276
11363,998,11379
994,11363,11264
998,11363,994
4278,4005,4002
4003,4005,4278
5147,4440,5148
4278,4440,4277
4440,4624,4277
4440,5147,4624
3998,3562,3657
3562,3998,5352
5342,4136,4331
4136,3873,4331
3873,4241,4331
4241,3873,3875
4240,4241,3874
4241,3875,3874
3228,3229,3362
4461,4332,4460
4332,4049,4582
4460,4332,4582
4332,4048,4049
4332,4461,4048
3440,3148,3439
3756,3148,3440
3148,3149,3439
3148,3104,3149
3104,3148,3103
3391,3353,3599
3353,3756,3599
3353,3391,3352
3353,3148,3756
3103,3353,3352
3148,3353,3103
3743,3900,3978
3776,3743,3814
3743,3776,3900
3745,3743,3742
3743,3745,3814
3743,4593,3742
3743,3978,4593
4369,4373,4430
4362,4373,4369
4424,4373,4046
4373,4424,4430
4373,3835,4046
4373,4362,3835
8370,8369,8645
8395,8370,8416
8417,8395,8416
8919,576,580
8845,576,8919
576,558,580
574,8845,8846
571,574,8846
574,576,8845
9314,9065,9048
9065,9314,9075
9076,9114,8942
9076,595,9114
9065,9076,8942
9076,9065,9075
594,9076,9075
595,9076,594
8926,8939,8941
8926,8941,8925
8817,8926,8925
9119,8926,8694
8926,8817,8694
8949,610,614
605,8991,9107
8991,610,8949
8991,8925,9107
8925,8991,8927
8991,8951,8927
8991,8949,8951
8742,8741,8645
8742,571,8846
8742,8946,8741
8946,8846,9048
8946,8742,8846
7912,8262,7864
7725,7469,7726
7725,7740,7469
7912,7725,7955
7725,7912,7740
8134,8136,7803
8082,7954,7955
8200,8082,7955
7954,8082,8079
8082,8308,8079
8308,8082,8200
8308,8332,8331
8332,8308,8200
8266,8109,549
8109,547,549
8109,8108,547
8109,8266,8170
7172,7972,7372
7972,7172,7603
7977,7542,7372
7542,7977,7541
7972,7977,7372
7977,7972,7602
7300,7368,7369
7371,7368,7300
7368,7469,7369
7417,7371,7299
7300,7367,7298
7370,7367,7300
7367,7656,7298
7367,7741,7656
7741,7367,7370
7742,7370,7740
7742,7912,7864
7912,7742,7740
7741,7742,7864
7742,7741,7370
7438,7654,7436
7366,7438,7436
7654,7438,7122
7438,7485,7122
7485,7438,7366
8097,8619,8096
8109,8097,8108
8619,8097,8170
8097,8109,8170
8573,8563,8464
8833,8796,8806
8741,8833,8806
8946,8833,8741
7846,7843,7938
7846,7938,7937
7844,7846,7939
8133,7846,7937
7939,7846,8133
7846,7844,7792
7843,7846,7792
7840,7940,8227
7938,7940,8010
7940,7843,8227
7843,7940,7938
7694,7717,7718
7694,7419,7420
7695,7694,7718
7717,7719,7886
7886,7719,7754
7719,7813,7754
7813,7719,7420
7719,7694,7420
7694,7719,7717
7346,7419,7421
7419,7346,8629
7346,7421,6756
7901,7717,8008
7717,7901,7718
7901,7900,7893
7695,7901,7893
7901,7695,7718
8230,7901,8008
7901,8230,7900
7900,8230,8010
8230,8009,8010
8009,8124,8010
8124,7938,8010
8784,8124,8470
8124,8009,8470
7938,8124,7937
8012,7345,7422
8012,6757,7345
8629,8012,7422
7346,8012,8629
6757,8012,6756
8012,7346,6756
7247,7246,7250
7247,7229,7246
7229,7247,7517
7247,7249,7517
7249,7247,7250
685,9537,9580
680,9537,685
9537,9536,9580
679,9537,677
9537,680,677
683,9537,679
9536,9537,683
8965,653,647
633,629,641
647,633,641
633,631,9019
653,633,647
633,9019,9003
629,633,9003
8893,8894,630
8894,631,630
631,8894,8893
8881,8965,8966
8775,8881,8966
8881,8775,8778
8879,8878,9150
8878,9156,9150
692,9552,700
9552,9616,700
9552,685,9580
9552,692,685
9616,9653,708
719,9653,9657
708,9653,719
9614,9615,9596
9614,9596,718
728,9614,718
705,9587,9586
9596,9587,718
9587,705,718
697,705,9586
9536,697,9586
697,9536,686
8913,8745,640
645,8913,640
8997,8913,645
9472,9284,658
658,9284,652
9284,8997,652
8770,8906,8744
8745,8770,8914
8738,8770,8744
8770,8738,8914
8905,9038,9039
9038,8905,8907
9473,9472,9522
9473,9500,9471
9473,9609,9500
9473,9522,9691
9609,9473,9691
10374,10435,10468
10228,10414,10519
10247,10307,10246
10307,10340,10246
10645,10481,10572
10646,10645,10572
10645,10646,10695
10342,10345,10465
10345,10466,10465
10434,10432,10564
10564,10432,10792
10432,10373,10449
10432,10667,10792
10667,10432,10449
1278,10639,10321
10288,10220,10221
10148,10204,10149
10184,10204,10148
860,10204,865
10204,860,10149
10204,10220,865
10204,10184,10221
10220,10204,10221
10520,10230,10228
10228,10230,10185
10230,10184,10185
10444,10445,830
10487,10445,10444
10388,10446,10361
10445,10388,830
10388,10445,10446
10447,839,10361
839,10388,10361
842,843,10314
839,843,842
843,839,10447
10729,10730,10722
10785,10730,10729
10644,10602,10689
10690,10602,10677
10602,10660,10689
10602,10690,10660
799,802,9872
9874,799,9872
802,799,794
799,9874,794
9923,10093,10041
9912,9859,9839
9841,9912,9839
9912,9841,9901
787,9887,782
10093,9888,9889
9888,9923,9925
9923,9888,10093
10143,10144,10284
10143,10127,10144
10127,10143,10145
10143,10190,10145
10143,10284,10251
10190,10143,10251
10025,10032,10066
10027,10028,10128
10127,10028,10129
10028,10127,10128
10028,10079,10129
10052,827,833
827,820,833
841,840,836
10388,835,830
839,835,10388
841,835,842
835,839,842
10327,841,10314
10249,10238,10302
10238,10263,10302
10239,10240,10109
10214,10090,10213
10112,10214,10213
10090,10214,10109
10214,10239,10109
10239,10214,10112
10067,10074,10066
10079,10074,10073
10081,10075,10109
10075,10090,10109
10052,10075,10053
10075,10052,10090
10080,10067,10053
10075,10080,10053
10080,10075,10081
10080,10081,10073
10074,10080,10073
10080,10074,10067
10078,10079,10073
10004,10042,10041
10042,9978,10041
9978,9923,10041
10012,10003,10010
10173,10166,10390
10191,10173,10390
10201,10173,10208
10173,10191,10208
10003,10005,10010
9909,9872,804
711,731,725
711,704,731
9694,711,725
704,711,9694
676,681,9660
681,676,674
9627,676,9660
674,676,9627
9677,9654,9692
9693,9677,9692
726,9677,733
9677,726,9654
9677,9693,9719
9677,742,733
9677,9719,742
9843,9761,9749
9916,9843,9749
9846,9843,9916
9835,9759,9760
9760,9759,9737
9759,9762,9737
9762,9759,761
9759,9811,761
9759,9835,9811
9915,9844,9914
9844,9915,9816
9915,9835,9816
9835,9915,9833
9933,10013,9932
10119,10137,10138
10137,10119,10140
10179,10137,10140
9834,9811,9833
9834,9775,9811
9775,9834,9913
9834,9893,9913
9894,10094,9892
9831,9894,9892
10094,9894,9914
9775,768,766
9776,768,9775
758,9774,9793
9156,664,667
9732,9748,9730
9732,9721,9840
9748,9732,9839
9732,9841,9839
9841,9732,9840
10844,10843,10847
10886,10843,10852
10843,10886,10847
10855,10774,10854
10774,10853,10854
10774,10855,10852
10843,10774,10852
10720,10764,10763
10764,10844,10763
10764,10843,10844
10774,10764,10853
10764,10774,10843
10401,10402,10626
10402,845,849
10626,10402,849
845,10402,834
828,10501,825
10501,10450,825
10450,10501,10497
10501,10601,10497
10627,10626,10642
10627,10401,10626
10501,10627,10601
10627,10501,10401
1106,1099,1107
1099,1104,1107
1104,1099,5994
5994,1099,5997
5820,5960,5997
5960,5965,5997
5996,6165,6233
5996,6072,6165
5821,5820,5997
4816,4730,4814
1120,1124,1126
1120,1116,1115
1120,1126,1116
1117,6491,1113
1114,1117,1113
6477,6291,6832
6291,6477,6292
6292,6477,1123
6477,6476,1123
6291,8075,6832
8075,6291,6547
6289,8075,6547
6831,8075,6289
566,7380,7716
6971,7026,7024
7363,7380,7384
7380,7363,7025
6060,6059,6930
5215,6059,5212
5961,5754,5977
6059,5754,5212
5754,5188,5212
5188,5754,5961
5754,6060,5977
5754,6059,6060
6280,6590,5963
6590,6280,5962
5960,6590,5962
6591,6614,6615
6602,6591,6615
6591,6602,6407
6614,6591,6616
6591,6330,6616
6330,6591,6406
6591,6407,6406
1069,1067,1066
1067,1069,1070
1067,4869,1066
1067,1070,4869
1075,5288,1078
5287,5288,4538
5288,1075,4538
1072,1075,1074
1069,1071,1070
1071,1072,1070
1072,1071,1075
1071,1069,4538
1075,1071,4538
1083,1082,1085
1086,1083,1085
1083,1086,1080
1083,1079,1082
1076,1083,1080
1077,1083,1076
1079,1083,1077
1103,1105,1102
1103,6600,1101
6600,1103,1102
1108,1103,1101
1105,1103,1108
8059,583,587
7801,583,8059
583,582,587
583,578,582
7647,7648,7619
7616,7647,7619
7802,7664,7801
8058,7802,8345
7802,8058,7665
7664,7802,7665
7802,8059,8345
7802,7801,8059
7734,7638,575
7734,7664,7638
7664,7734,7801
7157,7388,7456
7158,7388,7157
7388,7386,7456
7380,7381,7716
7381,7380,7025
7381,7731,7716
7731,7381,7720
7143,7087,7144
566,570,565
7638,570,575
7637,570,7638
562,566,565
7380,562,7384
562,7380,566
578,573,8071
573,7731,8071
7020,6589,1116
6589,1112,1116
6589,1108,1112
5982,5983,6312
6312,5983,5899
5983,5981,5899
5981,5983,7916
6311,5982,6840
7228,6311,6838
6311,6840,6838
6311,6503,7916
6503,6311,7228
5983,6311,7916
6311,5983,5982
6224,6218,5653
5666,6224,5653
5545,5651,5769
5545,6218,5651
6218,5545,5653
5545,5476,5653
8077,6464,6911
8077,7128,6464
7128,8077,7345
8077,6911,7444
7345,8077,7444
7868,7865,7864
7865,7741,7864
7762,7886,7754
7755,7762,7754
7760,7762,7755
8078,7760,7761
8080,8078,8081
8078,8080,8138
7760,8078,8138
7863,7602,7656
7741,7863,7656
7865,7863,7741
7523,7249,7357
7542,7523,7357
7249,7523,7517
7523,7442,7517
7523,7542,7441
7442,7523,7441
7795,7448,7311
7418,7795,7311
7795,7418,7796
7859,7795,7796
7795,7859,7448
7947,8044,7851
8579,8054,8055
8054,7945,8055
8314,7944,8311
8704,8579,8055
8481,8704,8055
8704,8680,8579
8704,8481,9200
8680,8704,9200
8482,8465,8483
8481,8465,8482
8465,8481,8055
8854,9009,8859
8714,9009,617
9009,8714,8859
617,9009,622
9009,8854,622
613,8714,617
8714,613,609
7142,7199,7144
7189,7199,7007
7305,7199,7189
7006,7142,7101
7007,7006,6972
7199,7006,7007
7006,7199,7142
6972,7006,6546
7006,7101,6546
7678,7198,7306
7736,7198,7678
7198,7305,7306
7827,7616,7620
7827,7620,7665
7826,7827,7665
7827,7647,7616
8044,7816,7851
8047,7816,8044
8302,8321,8300
8346,8321,8455
8321,8346,8300
8320,8318,606
8319,8320,8739
8319,8739,8455
8321,8319,8455
8045,585,8044
589,8045,8294
585,8045,589
599,589,8294
8054,599,8294
599,8054,8579
604,8388,8681
8388,8680,8681
8680,8388,8579
8388,599,8579
599,8388,604
8653,8691,8652
8653,8690,8691
8690,8653,8692
8451,8653,8652
8653,8654,8692
8653,8451,8654
8627,8631,8633
8625,8627,8633
8627,8625,8485
8817,8928,8637
8928,8817,8927
8723,8928,8927
8635,8671,8636
8635,8723,8671
8626,8635,8636
8625,8635,8626
8635,8928,8723
8635,8625,8637
8928,8635,8637
8655,8451,8448
8655,8448,8450
8685,8655,8450
8451,8655,8654
8655,8685,8654
6466,6154,6465
7356,6862,7095
6862,7283,7095
6846,6862,7356
6862,6846,6847
7283,6862,6847
8005,8206,8028
8510,8206,8005
8206,8510,8205
8206,8368,8028
8368,8206,8205
8510,8276,8205
8667,8276,9133
8276,8667,8205
8276,8151,9133
8151,8276,8133
8276,8510,8133
8807,8804,8808
8807,8562,8804
8562,8807,9133
8807,8667,9133
1506,1514,1510
1506,1513,1514
1410,1388,1371
1388,1373,1371
1412,1388,1410
1413,1388,1412
2029,1704,2152
1568,2029,1791
2029,1568,1570
1704,2029,1570
2029,1840,1791
2016,2029,2152
1840,2029,2016
2225,1909,1823
1909,1820,1823
1909,2225,2098
1820,1832,1707
1704,1832,2152
1832,1704,1707
1885,1856,1649
1650,1856,1886
1649,1856,1558
1856,1650,1558
1467,1607,1484
1467,1476,1502
1607,1467,1502
1476,1477,1502
1477,1522,1502
1477,1473,1554
1601,1477,1554
1522,1477,1601
1475,1459,1423
1459,1475,1473
1459,1448,1423
1459,1476,1448
1477,1459,1473
1459,1477,1476
1628,1663,1627
1628,1627,1570
1573,1534,1533
1763,1534,1551
1519,1534,1763
1534,1519,1520
1533,1534,1520
1476,1460,1448
1460,1449,1448
1467,1460,1476
1449,1460,1466
2065,2281,2192
2281,2207,2192
2207,2281,2061
1822,1958,2046
1958,2062,2046
1958,1822,1845
2062,1958,2061
1959,1958,1845
2061,1958,1959
1874,2193,1883
1874,1883,1663
1572,1874,1663
1874,1572,1584
2193,1874,1584
2988,2831,2986
2831,2988,2985
3127,3145,2986
3527,3145,3279
3279,3145,3278
3145,3144,3278
3145,3127,3144
3144,3123,3070
3127,3123,3144
3070,3123,3580
1612,1635,1633
1739,1648,1743
1739,1743,1744
1741,1739,1744
1737,1647,1752
1648,1647,1737
1752,1647,1646
1898,1716,1633
2178,2595,2306
2155,2069,2256
3099,2231,2154
3099,2069,2231
2069,3099,2156
2156,2173,2770
3099,2173,2156
2173,3099,2154
2174,2173,2154
2173,2174,2463
1928,1825,1930
1825,1929,1930
1749,1825,1928
1863,1914,1915
2169,1914,1863
1914,2169,2160
1929,1914,2160
2327,2326,1930
2326,2273,1930
2641,2326,2327
2341,2326,2641
2636,2639,2779
7192,6839,6844
6839,6837,6844
6837,6839,6584
6584,6839,6838
6839,7192,6838
6837,6583,5661
6583,5473,5661
6583,5666,5473
6583,6224,5666
6583,6837,6584
6224,6583,6584
7176,7248,7250
7248,7176,7104
7248,7104,7173
7357,7248,7173
7248,7249,7250
7249,7248,7357
7245,7209,6997
6762,7245,6997
7209,7226,7219
7226,7221,7219
7226,7258,7257
7221,7226,7257
7315,7259,7258
7257,7259,7299
7258,7259,7257
4225,5062,4224
5062,4225,4210
5062,5061,4224
5062,4226,5061
5062,4210,4211
4226,5062,4211
5495,5496,5497
5656,5496,5654
5497,5496,5656
5496,5128,5654
5128,5496,5127
5496,5495,5127
6155,5668,5935
5794,6155,5935
5668,6155,6548
6155,5794,7286
6155,5898,6548
6155,7286,5898
6883,6887,7122
6887,7724,7122
7724,6887,6886
540,7777,538
7777,7445,538
7445,7777,7723
7723,7777,7866
7777,540,7866
2606,2563,2605
2563,2566,2605
2563,2607,2608
2563,2606,2607
2563,2608,2417
2566,2563,2417
3072,2750,3074
3040,2641,2327
2613,3040,2327
2523,2646,2813
2341,2523,2340
2523,2522,2340
2523,2813,2522
2644,2725,2722
2646,2644,2722
2172,2174,2154
2174,2172,2565
2175,2172,2154
2565,2172,2418
2172,2175,2418
2175,2230,2418
2229,2230,2175
2418,2230,2232
2230,2416,2232
2416,2230,2522
2522,2230,2340
2230,2229,2340
3371,4077,3373
3371,3731,4077
3372,3371,3302
3589,3535,3537
3590,3589,3537
4039,4076,3590
4076,3589,3590
3589,4076,3731
4076,4039,3763
4077,4076,3763
3731,4076,4077
5236,5457,5214
5457,5236,5386
5236,5235,5386
5458,5386,5456
5458,5457,5386
5457,5458,6931
6931,5458,6472
4728,4730,4817
4949,4950,4751
6849,6843,6847
6849,6847,6810
6614,6849,6810
6843,6849,6842
6018,5691,6158
5691,6018,6019
5638,5549,5687
5830,6117,6119
5830,5828,6117
5747,5268,5451
5268,5747,5197
5113,5195,5196
5235,5195,5197
5195,5498,5196
5498,5195,5234
5195,5235,5234
5157,4751,4750
4909,5157,4750
5157,4909,5498
5157,4949,4751
5157,5498,5234
4949,5157,5234
4804,4909,4750
4804,4933,4909
5191,5114,5163
5114,5191,5112
5622,5547,5613
5547,5363,5613
5547,5622,5549
5363,5547,5364
5364,5547,5452
4714,4098,4097
4098,4714,4007
4118,4098,4120
4098,4007,4100
4120,4098,4100
4149,4233,3855
4233,4149,4405
4612,4951,4541
4951,4675,4541
4674,4729,4393
4394,4674,4393
4729,4674,4817
4674,4675,4817
4674,4394,4675
4804,4613,4805
4612,4613,4750
4613,4804,4750
4467,4477,3995
3984,4467,3995
4477,4406,4407
4406,4542,4910
4070,4406,4910
4406,4070,4407
5025,4971,5023
4920,5025,5023
5025,4752,4748
4971,5025,4748
4752,5025,4315
5025,4920,4315
4920,4917,4315
4421,4420,3801
4421,3798,3672
4420,4421,4429
4421,3928,4429
3928,4421,3672
3197,3196,3526
3196,3527,3526
3196,3197,3057
2988,3196,3057
3196,2988,2986
3145,3196,2986
3196,3145,3527
1068,1069,1066
1065,1068,1066
1069,1068,4538
1068,4391,4538
1068,1065,4391
5026,5671,5673
5671,1073,5673
5671,5026,1070
1072,5671,1070
1073,5671,1074
5671,1072,1074
6662,6331,6664
6663,6331,6662
6664,6331,6348
6857,6451,8072
6449,6451,6857
6451,6988,8072
6989,6451,6453
6451,6989,6988
6453,6451,6216
6451,6449,6216
6066,3866,3868
3868,3866,3667
3866,3867,3667
3866,3910,3909
3867,3866,3909
3911,3932,4006
3911,6066,3932
3931,3911,4006
3911,3931,3910
3866,3911,3910
3911,3866,6066
3729,3260,3764
4888,4711,4887
4888,4852,4711
5313,4888,4887
4888,5313,5158
4888,5158,4926
4852,4888,4926
7941,7980,7982
7982,7980,8118
7980,8211,8118
8211,7980,7936
7980,7941,7936
8452,7983,7996
8452,7942,7983
8260,8261,8246
8244,8260,8246
8468,8260,8469
8260,8244,8469
8954,8790,8953
8616,8618,8467
8618,8617,8467
8617,8618,8676
8954,8618,8616
8788,8616,8615
8788,8861,8790
8954,8788,8790
8788,8954,8616
8861,8788,8863
8863,8788,8862
8788,8615,8862
8615,9153,8468
8616,9153,8615
9153,8616,8467
9153,8260,8468
8261,9153,8467
8260,9153,8261
6540,6775,6109
6775,6541,6109
6775,6540,6817
6773,6774,7624
6541,6774,6773
6775,6774,6541
6774,7069,7624
7069,6774,6817
6774,6775,6817
6981,6612,6991
6981,6991,6990
6540,6981,6817
6612,6981,6540
6981,6993,6817
6992,6981,6990
6993,6981,6992
7503,7402,7505
7402,7401,7273
7505,7402,7273
7401,7402,7504
7402,7503,7504
5270,5299,5298
8407,8307,7601
8407,8228,6733
8307,8407,7534
6731,8407,6733
8407,6731,7534
7031,7148,6952
7148,7031,7277
7146,7276,7279
7276,7146,7277
7146,7148,7277
6467,6319,6557
6319,7092,6557
7092,6319,6959
6820,334,332
7092,334,6820
6244,6243,6328
6329,6244,6328
6220,6244,320
6243,6244,6220
6244,326,320
6244,6329,326
5462,6015,5391
5391,6015,5392
6015,6150,5392
5839,5380,5334
5380,5839,5461
5839,5462,5461
5006,5007,5194
5006,5100,4807
5100,5006,5194
4629,4630,4627
4001,4588,4185
4588,4001,4000
4588,4338,4185
4588,4000,4756
4338,4588,4756
3951,4250,3877
4250,3953,3877
3953,4250,4567
4250,4249,4567
4250,3951,4249
4216,4026,4027
4121,4026,4216
4027,4026,3698
5299,5300,5542
5300,5299,5270
4628,4558,4878
4628,4557,4558
4628,4878,5054
5323,5324,5274
5324,5379,5376
5378,5324,5376
5324,5238,5274
5324,5378,5238
6039,6290,6445
6290,6076,6445
6036,6290,6039
6076,6290,6514
6514,6290,6075
6290,6036,6075
6485,6356,6777
6356,6485,6306
6356,6891,6777
6891,6356,6355
6355,6356,7187
6356,6306,7187
7010,7040,7041
7010,7070,7040
7070,7010,7009
7166,7010,7041
7010,7166,7039
7009,7010,7039
5967,6369,5626
6512,6369,5967
6369,6412,5626
6369,6512,6412
5229,5230,5219
7933,5230,5229
5230,7933,5175
4963,5230,5175
5230,4963,5219
5968,5581,6878
5968,5580,5581
6835,5968,6878
5968,6835,5967
5580,5968,5967
6538,6851,6390
6077,6851,6078
6390,6851,6077
6851,6538,6539
6851,6389,6078
6851,6539,6389
4490,4697,4533
4533,4697,4726
3647,3789,3791
3789,3647,3788
4280,3956,3914
3956,4280,3809
4396,4395,4398
4395,4396,3936
4447,4955,4435
4437,4436,5096
4204,4400,4395
4400,4447,4435
4447,4400,4086
4086,4400,4089
4400,4204,4089
3988,4087,4086
4087,3988,4088
3988,4086,4089
4087,4512,4447
4955,4512,5798
4512,4955,4447
4512,4463,5798
4321,3985,4106
3985,3655,3845
3655,3985,3860
4464,4321,4106
3654,3880,3788
3880,3654,3860
3880,4321,4088
3985,3880,3860
3880,3985,4321
4727,4533,4726
4727,4532,4533
4532,4727,4531
5031,4873,6383
4531,4873,5031
4873,5255,6383
4697,4898,4726
4898,4697,4143
4921,4041,3933
5351,4524,6062
5460,5094,5459
5094,5460,5423
5871,370,368
5883,5882,5855
5882,5885,5855
362,5882,364
5882,366,364
366,5882,5883
5884,5871,368
5871,5884,5883
366,5884,368
5884,366,5883
6260,5871,5870
6166,6260,5870
370,6260,372
6260,370,5871
6260,6166,374
372,6260,374
5094,5097,5459
4434,5097,4953
5097,5094,4953
5634,5635,5441
5635,5634,5713
5634,5855,5713
5634,5636,5855
376,381,377
5874,376,377
381,6084,382
6084,6097,382
376,6084,381
5854,5874,5870
5854,5871,5856
5871,5854,5870
6098,6097,5442
3614,3267,3496
3267,3614,3290
3594,3614,3496
3267,3120,3496
3120,3267,3289
3120,3119,3496
3120,3115,3119
3115,3120,3289
3545,3491,3492
3544,3464,3122
3464,3545,3497
3464,3544,3491
3545,3464,3491
3716,3744,3954
3744,4449,3954
3744,3717,4734
3744,3716,3717
4450,3744,4734
4449,3744,4450
3593,3617,3594
3955,4108,4021
3695,3955,4021
3955,3954,4154
4108,3955,4154
3954,3955,3696
3955,3695,3696
3822,3695,4021
4019,3822,4021
3822,3616,3695
4019,4109,4106
4022,4019,4106
4022,3985,3845
3985,4022,4106
4022,3822,4019
2825,2854,2588
2825,2709,2854
2826,2825,2588
2822,2825,2826
2825,2822,2753
2709,2825,2753
2670,2600,2536
2600,2670,2669
2670,2536,2706
2708,2670,2706
2669,2670,2708
1208,1209,1210
1208,1207,1209
1207,1208,2377
2377,1208,1211
1208,1210,1211
2745,2744,2771
2745,2978,3155
2978,2745,2771
2746,2745,3155
2745,2746,2572
2744,2745,2572
2811,2707,2754
2980,2707,2811
2707,2980,2669
2707,2708,2754
2707,2669,2708
2669,2772,2601
2980,2772,2669
2772,2980,2771
2601,2772,2375
2772,2744,2375
2744,2772,2771
2976,3277,3156
2978,2976,3156
3277,2976,2979
2979,2976,2811
2976,2978,2811
3447,3368,3370
3368,3168,3370
3168,3368,3216
3216,3368,3340
3368,3447,3340
1195,1194,1202
1194,3367,1202
1194,1195,1190
3471,3292,3839
3471,3293,3292
3805,3471,3839
3471,3806,3472
3293,3471,3472
3471,3805,3807
3806,3471,3807
3356,3402,3292
3356,3563,3224
3563,3356,3292
3225,3356,3224
3356,3225,3355
3402,3356,3355
5522,4786,5682
5522,5665,5771
5522,5682,5665
4786,5560,5698
5560,4759,5369
4759,5560,4996
5357,5560,5369
5698,5560,5357
4766,4774,4765
3359,2993,3022
3359,3240,3248
3359,3022,3240
3359,3248,3241
2993,3359,3241
3441,3442,3578
3662,3691,3395
3661,3662,3395
3691,3662,3692
3692,3662,3660
3385,2994,2833
3385,2663,2994
2663,3385,2567
2497,3385,2833
3385,2497,2567
3442,3534,3565
3534,3532,3565
3029,3564,3028
3564,2970,3028
3532,3243,3244
3243,3029,3244
3534,3243,3532
3243,3534,3533
3243,3564,3029
2747,2655,3319
2747,3151,3152
2747,3319,2871
3151,2747,2871
2655,2622,2621
2622,2624,2621
2624,2622,2385
2622,2623,2385
2631,2663,2567
2631,2622,2655
2836,2835,2684
2835,2635,2684
2835,2836,2871
3319,2835,2871
2635,2835,3319
3338,3550,3551
3336,3338,3551
3550,3338,3461
3338,3485,3461
3485,3338,3337
3233,246,243
3339,3233,243
3233,3316,246
3315,3339,3337
3338,3315,3337
3315,3338,3336
3315,3233,3339
3315,3336,3335
3316,3315,3335
3233,3315,3316
4244,4268,4081
4245,4268,4244
4081,4268,4137
4268,4255,4137
4255,4268,4256
4268,4245,4256
530,6885,528
6567,6568,528
6885,6567,528
6568,6567,6566
6567,6672,6566
6672,6567,6671
7243,7485,7326
7485,7243,6671
7243,6762,6671
7245,7243,7326
7243,7245,6762
1655,1593,1455
1593,1618,1455
1593,1617,1645
1617,1593,1655
1526,1593,1645
1618,1593,1526
2537,2025,2055
2025,2005,2055
2005,2025,1950
2025,1948,1950
2025,2537,1948
1829,2200,2206
1829,2206,1892
1829,1698,1828
2200,1829,1828
1829,1892,1827
1698,1829,1827
4298,3768,4410
3768,3659,4410
3768,3947,3659
3700,4246,3701
3623,3700,3558
3700,3701,3558
4269,4298,4299
4269,4299,5098
3700,4269,4246
4269,5098,3959
4246,4269,3959
3722,3621,4964
3723,3621,3722
3621,3605,4964
3621,3723,3651
3605,3621,3622
3621,3620,3622
3621,3651,3620
3286,3381,3288
3286,3380,3381
3380,3286,3284
3286,3221,3284
3286,3288,3285
3221,3286,3285
3396,3202,3201
3202,3396,3284
3219,3202,3284
3993,3323,3322
3159,3541,3201
3201,3541,3397
3541,3975,3397
3323,3541,3159
3975,3541,3993
3541,3323,3993
3574,3559,3793
3793,3559,3560
3605,3559,4964
3559,3574,4964
3559,3605,3557
3559,3557,3282
3560,3559,3282
3283,3802,3150
3560,3802,3281
3150,3802,3560
3802,3312,3281
3312,3802,3643
3802,3283,3643
4535,4473,4474
4535,4863,4803
4535,4474,4745
4863,4535,4745
4616,4535,4803
4535,4616,4473
4615,4616,4803
4458,4619,4107
4619,4458,4536
4458,4108,4154
4770,4673,4654
4863,4770,4654
4770,4863,4744
4580,4619,4536
5012,4769,5802
5160,5159,5132
5160,5012,6110
5569,5160,6110
5159,5160,5569
2165,1877,1981
1993,1877,2165
1894,1877,2053
2053,1982,1992
1992,1982,2095
1982,1993,2095
1877,1982,2053
1982,1877,1993
1984,1986,2096
1983,1986,1984
1986,1983,1997
2049,2051,2017
2483,2049,2074
2051,2049,2483
1886,1996,1985
1996,1995,1985
1995,1996,2121
1996,2254,2121
2357,2735,2358
2358,2735,2468
2735,2532,2468
2532,2735,2277
2735,2357,2277
2234,2235,2124
2357,2235,2234
2235,2122,2124
2122,2235,2810
2810,2235,2276
2235,2357,2276
2495,2492,2401
2546,2492,2495
2492,2546,2496
2492,2493,2401
2492,2496,2493
2618,2424,2441
2619,2424,2618
2423,2424,2360
2424,2423,2441
2424,2359,2360
2424,2619,2359
2674,2531,2733
2531,2533,2733
2533,2531,2467
2467,2531,2581
2531,2674,2581
2469,2470,2363
2364,2469,2363
2470,2469,2675
2469,2425,2675
2469,2364,2425
2334,2348,2349
2348,2868,2349
2868,2348,2489
2348,2333,2489
2348,2334,2333
3573,3642,2874
3100,3451,3575
3451,3100,3101
3100,3034,3101
3100,3573,3034
3751,3287,3285
3287,3220,3285
3287,3451,3101
3451,3287,3751
3102,3287,3101
3034,3102,3101
2916,3102,3034
2586,2922,2593
2495,2922,2586
2587,2922,2495
2349,2793,2923
2875,2793,2349
2793,2587,2923
2793,2922,2587
2922,2793,2875
2494,2495,2401
2494,2585,2495
2328,2494,2401
2399,2494,2328
2665,2494,2399
2494,2665,2585
2732,2731,2145
2731,2073,2145
2073,2731,2074
2731,2269,2074
2269,2731,2732
2052,2016,2152
2073,2052,2071
2052,2017,2016
2052,2049,2017
2052,2073,2074
2049,2052,2074
2350,2334,2349
2748,2350,2349
2334,2350,2145
2350,2748,2145
3374,3495,3373
3130,3495,3374
3300,3495,3130
3298,3062,3302
3298,3300,3062
3298,3495,3300
3495,3298,3373
3371,3298,3302
3298,3371,3373
3183,3172,3184
3172,3185,3184
3172,3183,3296
3429,3295,3184
3295,3183,3184
3295,3002,3165
3183,3295,3165
3456,3628,3322
3229,3675,3363
3675,3525,3363
3459,3683,3684
3459,3682,3683
3380,3459,3684
3396,3459,3380
3459,3396,3397
3682,3459,3397
3030,2718,3032
2718,3030,3031
2915,2718,3033
2915,3033,2916
2915,2916,2914
2888,2915,2914
1489,1509,1547
1547,1509,1558
1509,1511,1558
1368,1387,1364
1355,1368,1349
1368,1364,1349
1369,1368,1355
2488,2324,2460
2488,2422,2324
2541,2488,2460
2488,2541,2598
2541,2597,2598
2597,2691,2520
2597,2542,2691
2597,2541,2542
2598,2597,2529
2512,2597,2520
2529,2597,2512
2119,2166,2167
2118,2119,2167
2119,2118,1873
2166,2119,1987
1871,1873,1803
1871,1833,1907
1833,1871,1803
1871,2266,1987
1871,1907,2266
2119,1871,1987
1871,2119,1873
2842,2843,2420
2843,2421,2420
2421,2843,2630
2843,2629,2630
2843,2842,2629
312,307,299
316,312,297
312,299,297
312,316,3849
4126,312,3849
307,312,4126
2908,2907,2942
2775,2907,2908
2342,2808,2807
2808,2342,2419
2272,2342,2807
2342,2118,2419
2118,2342,2272
2295,2884,3075
2884,2881,3075
2884,2295,2296
2881,2884,2806
2758,2884,2296
2884,2758,2806
2882,2881,2806
386,2882,384
2881,2882,386
380,2882,2883
2882,380,384
2882,2808,2883
2808,2882,2806
1716,1580,1578
1578,1580,1483
1583,1580,1584
1469,1505,1504
1572,1505,1584
1505,1583,1584
1599,1606,1521
1606,1607,1521
1634,1612,1613
1683,1634,1613
3210,1683,1754
3210,1753,1646
1634,3210,1646
3210,1634,1683
3210,1754,1755
1753,3210,1755
1354,1582,1357
1582,1358,1357
1582,1354,1348
1623,1624,1517
1735,1623,1517
1624,1623,2058
1623,1735,1672
1623,1736,2058
1623,1672,1736
1876,1768,1804
1768,1876,1842
1876,1804,1962
1882,1876,1962
1842,1876,1882
1376,1367,1365
1376,1365,1394
1378,1376,1394
1376,1378,1372
1367,1376,1372
1399,1365,1366
1399,1406,1365
1399,1366,1400
1440,1399,1400
1406,1399,1440
2491,2307,2267
2307,2491,2196
2307,2196,2257
2284,2307,2257
2307,2284,2422
1908,1963,2157
1833,1908,2157
1908,1833,1802
1963,1908,1834
1908,1692,1834
1908,1802,1692
1694,1803,1800
1694,1833,1803
1693,1694,1800
1802,1694,1693
1833,1694,1802
2402,2820,2548
3009,2402,2548
2820,2402,2809
2402,3147,2809
3147,2402,2403
2402,3009,2403
6131,6341,6121
6341,6131,6339
6131,6587,6339
7029,7169,7317
7029,7317,6982
6983,7029,6982
8140,7894,7988
8142,8140,7988
8140,8142,99
8156,8142,8141
8156,8141,8183
86,8156,8183
5947,5893,5946
145,6865,141
6865,7653,141
167,175,5678
5893,167,5678
175,167,178
8040,8142,7988
8142,8040,8141
8040,8143,8141
8143,8094,8130
8040,8094,8143
8094,8040,7989
8488,8304,8305
8336,8304,8488
8304,8283,8305
8335,8512,8511
8335,8336,8512
8554,8555,8793
8555,8552,8865
8793,8555,8865
8594,8575,8598
8575,8594,8812
8812,8580,8507
8594,8580,8812
8580,8594,8597
8800,8599,8799
8799,8599,8598
8599,8594,8598
8594,8599,8597
8750,8749,8567
8749,8750,8900
8751,8749,8814
8961,8749,8900
8749,8961,8814
8567,8574,8585
8574,8576,8585
8574,8751,8576
8749,8574,8567
8574,8749,8751
8758,8779,8780
8870,8767,8766
8767,8413,8766
7861,7709,7860
7709,7861,7811
7884,7956,7906
7710,7884,7860
7884,7710,7956
8030,8505,7906
4893,5337,4891
5337,4893,4890
5337,4698,4891
4742,5337,4890
5337,4742,4698
5257,5578,5260
5578,5257,5579
5578,5641,5260
5578,5642,5641
5643,5579,6174
5642,5643,6475
5643,5578,5579
5578,5643,5642
6264,5643,6174
6475,5643,6264
5824,5825,6177
5642,5825,5824
5825,7154,6177
5825,5642,6475
5825,6475,6176
7154,5825,6176
4790,5047,4788
5047,4790,5117
5198,5304,5302
5304,5208,5302
5411,5304,5198
4990,6103,6833
6103,4990,6314
5108,4740,6314
4743,4701,4741
4740,4701,4743
4701,4742,4741
5108,4701,4740
7227,4789,5049
4789,7227,4357
7227,4253,4357
7227,4652,4253
4181,4173,4172
4181,4184,4173
4652,4181,4172
4370,4497,4180
4497,4370,4371
4894,4854,5198
4854,5411,5198
5411,4854,5021
6287,6418,6357
6249,6287,6174
6418,6287,6105
6287,6249,6105
6287,6264,6174
6287,6357,6264
6511,6836,5989
6510,6511,5988
6511,5940,5988
6511,5989,5940
6585,6442,6510
6442,6511,6510
6511,6442,6836
6442,6585,7238
6836,6442,7238
6780,6781,6807
6781,6433,7260
6807,6781,6898
6431,6435,6428
6433,6431,6428
6435,6431,6432
6431,6780,6432
6431,6781,6780
6781,6431,6433
7155,7153,7238
6396,7155,7238
5562,7155,6396
7153,6900,7260
6781,6900,6898
6900,6781,7260
128,134,6176
134,6378,6176
132,134,128
6899,134,132
6378,134,6899
109,6286,111
124,6286,109
6266,6286,124
2526,2448,2527
2526,2728,2720
2729,2526,2720
2526,2527,2898
2728,2526,2898
2448,2526,2450
2526,2729,2450
2449,2450,2457
2322,2449,2459
2458,2449,2457
2449,2458,2459
2321,2323,2476
2448,2321,2476
2321,2448,2450
2449,2321,2450
2321,2449,2322
2321,2322,2286
2323,2321,2286
2783,2730,2956
2730,2728,2899
2728,2730,2720
2730,2925,2956
2730,2899,2925
2730,2562,2720
2730,2783,2562
5111,5110,5039
5110,4575,5039
4575,5110,4193
4845,5111,5039
4969,4845,5039
4799,4845,4968
5111,4845,4799
4845,4846,4968
4845,4969,4846
3092,3846,3114
3846,3092,3365
3846,3377,3114
3377,3846,3376
3846,3432,3376
3432,3846,3365
3330,4167,3741
3792,4167,3330
4167,4168,3741
4168,4167,3803
4167,3836,3803
4167,3792,3836
1228,2314,1231
1236,1228,1231
1225,1222,2796
1254,1251,1245
1251,1254,1252
1251,1242,1245
1248,1251,1252
1242,1251,1248
1269,1274,1957
1265,1269,1957
1260,1269,1263
1269,1265,1264
1263,1269,1264
1268,1270,1266
1270,1271,1266
1271,1270,1276
1270,1267,1276
1270,1268,1267
1273,1277,1274
1273,1272,1953
1277,1273,1953
1273,1262,1272
1273,1260,1262
1269,1273,1274
1273,1269,1260
1243,1237,1244
1243,1244,1879
1234,1243,1241
1237,1243,1234
1240,1243,1879
1243,1240,1241
1232,1235,1230
1235,1232,1236
1232,1222,1225
1232,1228,1236
1228,1232,1225
1238,1236,1241
1240,1238,1241
1236,1238,2408
1238,1240,2408
2737,2989,2577
2577,2989,2499
2989,2737,2695
2599,2989,2695
2989,2502,2499
2989,2599,2502
2773,2909,2700
2909,2773,2696
2696,2773,2697
2699,2773,2700
2697,2773,2699
2845,2921,2809
2921,2820,2809
2921,3280,2820
3280,2921,2726
2726,2921,2844
2921,2845,2844
10786,10770,10742
11259,11315,11477
11328,11259,11477
11315,11259,11237
11237,11259,11226
11259,11257,11226
11259,11328,11257
11174,11233,11235
11236,11233,11174
11233,11236,11294
11233,11428,11235
11428,11233,11321
11233,11294,11321
11234,11236,11232
11088,11234,10976
11128,11129,11103
11129,11128,11152
11100,11128,11103
11225,11224,11185
11150,11160,11186
11150,11100,11101
11159,11150,11101
11150,11159,11160
10873,10885,10882
11149,10888,10882
10885,11091,10882
11091,11149,10882
11148,11091,10885
11149,11091,11176
11091,11148,11176
11145,11199,11159
11013,11199,10938
11199,11145,11144
11199,10939,10938
10939,11199,11144
11175,11174,11427
11175,11148,11174
11148,11175,11173
11258,11175,11427
11481,11175,11258
11175,11481,11173
11440,11402,11417
11402,11434,11417
11434,11402,11401
11402,11440,11390
11394,11304,11401
11394,11402,11390
11402,11394,11401
11304,11394,11302
11260,11296,11303
11283,11260,11303
11339,11334,11340
11334,11304,11303
11296,11334,11303
11304,11334,11486
11334,11339,11486
11341,11425,11340
11334,11341,11340
11341,11334,11296
11325,11380,11381
11381,11380,11390
11302,11380,11281
11380,11325,11281
11380,11394,11390
11394,11380,11302
11320,11319,990
995,11319,11323
990,11319,995
11319,11320,11326
11319,11325,11323
11325,11319,11326
981,11308,987
11308,11320,987
11178,11308,981
11308,11178,11188
11114,11113,11187
11113,11112,11187
11112,11113,10991
11113,11114,949
10991,11113,949
11292,11112,10991
11292,10991,10962
10963,11292,10962
11058,11292,10963
11147,958,11187
958,11147,962
11188,11147,11187
11178,11147,11188
962,11147,968
11147,11178,968
10917,10961,925
921,10917,925
10993,10917,921
11102,11145,11101
11075,11102,11101
11145,11102,11144
10961,928,925
932,928,10961
928,906,925
11129,11201,11408
11201,11129,11202
11201,11367,11408
11201,11282,11367
11201,11202,11219
11282,11201,11219
11086,11065,11001
11001,11065,10849
11065,11066,10849
11316,11182,11395
11316,11395,11204
11025,11316,11204
11316,11025,11029
11183,11316,11029
11316,11183,11182
11000,10935,10941
10941,10935,10936
10939,10932,10938
10932,10939,911
889,892,887
892,10422,887
10283,10284,10370
10331,10283,10344
10283,10331,10251
10284,10283,10251
10619,10620,887
10619,10422,10344
10422,10619,887
10283,10619,10344
889,10618,890
10620,10618,889
891,911,890
891,895,911
10366,10353,10518
10366,10557,10386
10303,10249,10299
10437,10303,10299
10303,10437,10436
10939,914,911
911,914,890
914,917,896
914,889,890
10905,10993,917
10905,10939,10993
914,10905,917
10905,914,10939
10709,10478,10477
10478,10512,10453
10478,10709,10479
10512,10478,10479
10477,10648,10513
10649,10648,10477
10648,10678,10513
10648,10649,10771
10684,10648,10771
10678,10648,10684
10457,10458,10589
10457,10454,10458
10477,10457,10589
10478,10457,10477
10454,10457,10453
10457,10478,10453
8624,8587,8867
8587,8547,8867
8587,8003,8002
8587,8624,8003
8587,8002,8099
8583,8587,8099
8587,8583,8547
8582,8446,8534
8547,8446,8582
8446,8533,8534
8446,8474,8533
8583,8446,8547
8474,8446,8264
8446,8583,8264
7080,6335,6675
6335,6618,6675
6335,6601,6336
6802,7022,6800
7022,7043,6800
6605,7022,6802
7043,7022,7406
7120,7373,7474
8003,7711,8002
7650,7537,7651
7537,7710,7651
7710,7537,7539
8002,8004,8099
8004,8247,8099
7711,8004,8002
8004,7711,7538
7507,7650,7509
7507,7537,7650
8228,7382,7218
7382,6622,7218
7382,8407,7601
8407,7382,8228
6622,6625,6606
6625,7407,7406
7407,6625,7601
6625,7382,7601
7382,6625,6622
6618,6246,6337
6246,6335,6336
6335,6246,6618
6246,6248,6337
6248,6246,6127
5425,5467,5466
5511,5467,5425
5467,5752,5466
5467,5753,5752
5509,5465,5489
5465,5511,5489
5465,5509,6860
5753,5465,6860
5467,5465,5753
5465,5467,5511
6730,6731,6411
6764,6730,6732
6763,6730,6764
6731,6730,6763
7952,8001,7950
7809,7952,7950
7952,7809,8056
7649,7528,7651
7709,7649,7651
7649,7709,7811
7807,7466,7783
7807,7430,7466
7529,7807,7783
7810,7809,7950
6661,5958,5932
6661,6493,5958
6661,5932,6388
6493,6661,6812
7099,7018,6950
7018,7120,7121
6950,7018,6953
7016,7018,7121
7018,7016,6953
7183,7278,7339
7339,7278,7540
7278,7279,7540
7278,7146,7279
8358,7377,7492
8358,8127,8381
7377,8358,8381
8247,8379,8099
8380,8379,8247
8379,8583,8099
8379,8380,8264
8583,8379,8264
8529,8126,7960
8126,8445,7960
8474,8126,8263
8445,8126,8264
8126,8474,8264
8251,8126,8529
8126,8251,8263
5864,5848,7318
5574,5848,5864
5848,6345,7318
7426,7424,7677
7127,6345,6346
6709,7127,6346
6709,6647,6708
6647,6729,6708
6729,6647,6650
6647,6709,6346
6347,6647,6346
6647,6347,6650
7054,6646,6648
7615,7733,7732
8548,7615,7732
8226,7787,8404
7787,8037,8404
8037,7787,7786
8037,7786,7878
8036,8037,7878
8113,8036,8114
8157,8113,8114
8113,8157,8158
7781,8226,8404
7780,7781,8404
7781,7780,7564
1141,1136,4155
4117,1138,4155
1138,1139,4155
1159,1161,1166
1161,1162,1166
1182,1189,1190
1189,1194,1190
1194,1189,3367
3370,3524,3482
3367,3524,3370
1175,1174,3482
1174,3970,3482
6752,6793,6358
5617,6361,5834
6752,6361,6569
6493,6492,6298
6492,6493,6812
5621,5237,5959
5621,5311,5237
6360,6752,6358
5514,5718,5603
5718,6211,6359
4648,4647,4649
4648,4991,4704
4991,4648,4649
4644,4648,4704
5605,5706,5603
4795,4738,4646
5118,4738,4795
4738,4647,4646
4647,4738,4649
5309,5178,5237
5311,5309,5237
5719,5433,5435
5719,5514,4904
5618,5310,5617
5310,5618,5204
5032,5033,4913
5033,5176,5105
5033,5032,5176
5707,5605,5603
5718,5707,5603
5707,5718,6017
5415,5119,5075
5706,5415,5075
5415,5706,5605
5703,5886,5887
5886,5703,5702
5680,5703,5887
5415,5606,5119
7428,6824,6822
6571,7428,6570
4705,4706,4731
4732,4706,4704
4521,4705,3886
4521,4706,4705
4521,4644,4704
4706,4521,4704
5228,4732,5227
5144,5228,5227
5228,5144,4731
4706,5228,4731
5228,4706,4732
4422,4520,4792
4520,4422,5327
1154,4422,4792
4422,1154,1157
4422,1157,4471
4247,4422,4471
4422,4247,5327
4196,4519,4480
4520,4519,4196
1188,1197,1198
1184,1188,1185
1188,1176,1185
1197,1188,3781
1188,1184,3781
1201,1200,3905
1200,1201,1193
1201,3905,3510
1193,1201,3510
1199,1198,3905
1200,1199,3905
1199,1188,1198
1204,1191,1195
1203,1204,1195
1204,1203,3523
1196,1206,3781
1204,1196,1191
1183,1192,3781
1187,1192,1183
1192,1187,1191
1192,1196,3781
1196,1192,1191
1151,1152,4792
1152,1151,1153
1152,1154,4792
1154,1152,1153
1153,1150,1149
1151,1150,1153
1149,1150,4792
1150,1151,4792
3480,3603,3602
3480,3511,3948
3480,3602,3511
3400,3399,3542
3478,3400,3542
3232,3400,3948
3400,3232,3399
3400,3480,3948
3888,3740,3890
3888,3890,3739
3602,3888,3739
3603,3888,3602
3740,3888,3603
3843,3919,3811
3811,3919,3842
3919,4708,3842
3919,3843,3920
4142,3919,3920
3919,4142,4708
3918,3917,4063
3843,3917,3918
3917,4083,4063
3740,3665,3886
3665,3740,3603
4297,4452,4644
4452,4142,4451
4175,4083,3903
3901,4175,3903
4175,3901,4138
4853,3703,4176
4761,4853,4176
8436,8225,8337
8223,8225,8224
8225,8223,8337
8224,8225,8362
8225,8436,8362
7948,7876,8357
7786,7788,7878
8221,8220,8756
11461,11357,11349
11461,11465,11463
11465,11461,11349
11443,11461,11463
11354,11432,11462
11357,11432,11354
11461,11432,11357
11432,11461,11443
10119,10120,10140
10400,10464,10399
10476,10367,10475
10476,10400,10367
10400,10476,10464
10505,10476,10475
10476,10505,10507
10476,10507,10506
10464,10476,10506
10235,10290,10247
10225,10235,10224
10262,10282,10216
10296,10282,10262
9906,9861,9905
9861,9846,9859
9817,9844,9816
9817,9843,9846
9760,9817,9816
9761,9817,9760
9843,9817,9761
10332,10312,10310
10252,10190,10253
10190,10252,10189
10252,10312,10309
10310,10252,10253
10312,10252,10310
10260,10398,10262
10261,10260,10262
10398,10260,10399
10260,10400,10399
10400,10260,10261
10254,10261,10262
10355,10368,10367
10201,10242,10202
10242,10358,10202
10633,10707,10834
10707,10633,10632
10707,10856,10834
10857,10707,10632
10707,10857,10856
10485,10488,10489
10510,10488,10490
10489,10488,10521
10488,10510,10521
10675,10694,10519
10675,10414,10468
10414,10675,10519
10694,10675,10695
10460,1297,1308
10639,10460,10480
1285,10460,10639
10509,10510,10490
10509,10490,10511
10558,10509,10511
10509,10558,10559
10600,1345,10580
10593,10590,10541
10540,10593,10541
10593,10540,11421
10604,10537,10536
10604,10536,10790
10537,10604,10534
10604,10606,10534
10606,10604,10747
10752,10604,10790
10604,10752,10747
10605,10606,10744
10605,10744,10738
10697,10605,10738
10606,10605,10534
10605,10540,10534
10540,10605,10697
10812,10791,10851
10812,10811,10788
10812,10808,10811
10812,10851,10654
10808,10812,10654
10750,10739,10691
10823,10739,10824
10739,10823,10691
10789,10759,10696
10850,10789,10696
10791,10789,10850
10759,10789,10788
10789,10812,10788
10812,10789,10791
10752,10954,10747
10529,10531,10484
10484,10531,10572
10531,10591,10572
10531,10529,10541
10591,10531,10541
10710,10598,10623
10598,10599,10623
10600,10598,10676
10598,10710,10676
10598,10600,10580
10599,10598,10580
10629,10665,10674
10665,10671,10674
10665,10691,10671
10665,10692,10691
10615,10979,10594
10614,10615,10594
10615,10599,10979
10615,10614,10623
10599,10615,10623
10614,10624,10623
10710,10624,10630
10624,10710,10623
10668,11375,10725
11375,10669,10757
10725,11375,10757
10669,11375,10657
11375,10668,10657
11376,10959,10958
11123,10959,11140
10958,10959,11123
10959,10725,11140
10959,11376,10725
11041,11042,11021
11041,11072,11042
10272,10383,851
10383,10410,837
10383,10272,10382
10443,10405,10463
10410,10443,10463
844,10106,10108
10104,10106,844
10108,10106,848
10106,10055,10105
10106,10104,10055
10229,10226,10210
9900,9898,9902
10050,10119,10138
10146,10050,10138
10002,9977,9902
10008,10002,10009
10031,9947,9950
9947,10031,10044
9970,10076,811
9970,10060,10076
10060,9970,9969
9969,9970,806
9970,811,806
750,756,9791
756,9792,9791
756,750,758
756,758,9793
9792,756,9793
9827,9828,10059
9946,9828,9825
9792,9804,9791
9804,9792,10059
9946,9945,9950
9945,9946,9977
10002,9945,9977
9945,10008,9950
9945,10002,10008
9930,9946,9950
9828,9930,10059
9930,9828,9946
9930,9947,9929
9947,9930,9950
9851,9919,9867
9838,9851,9867
9851,9838,9850
9880,9851,9850
9919,9851,9849
9851,9880,9849
9966,790,783
783,790,785
790,791,785
790,800,791
800,9967,9969
9967,9966,9996
790,9967,800
9967,790,9966
9949,9947,10044
9848,9918,9919
9848,9919,9849
9847,9848,9849
10089,10160,10133
10089,9982,10160
11322,11359,11360
11359,11322,973
11359,967,11360
967,11359,973
11289,11290,11130
11290,11139,11130
11139,11290,11138
11529,11490,11463
11529,11530,11490
11529,11465,11495
11465,11529,11463
11501,11500,11531
11530,11501,11531
11500,11501,11495
11501,11529,11495
11529,11501,11530
11181,11098,11218
11098,11181,11095
11098,11134,11218
11098,11083,11134
824,822,10203
822,824,838
10305,10280,10304
809,10280,805
10304,10280,809
10550,10438,10542
10442,10438,10550
10438,10384,10542
10384,10438,10382
869,867,865
10220,869,865
869,10288,873
869,10220,10288
870,873,10269
870,869,873
869,870,867
10389,10286,10256
10286,10389,10269
10389,870,10269
870,10389,867
862,860,865
867,862,865
860,862,10108
862,858,10108
858,862,10256
862,10389,10256
10389,862,867
10351,10271,10273
10351,10273,10287
10351,10349,10413
10271,10351,10413
10319,10351,10287
10349,10351,10319
9115,8917,9083
8765,8917,8962
8917,8765,8763
8917,9000,8962
8917,9115,9000
8282,7973,8532
8532,7973,7825
7973,7974,7825
7768,7973,7976
7973,7768,7974
8613,8577,8453
8454,8613,8453
8577,8783,8578
8682,8783,8782
8783,8682,8578
8783,8613,8782
8613,8783,8577
8292,8531,8673
8531,8292,8291
8578,8531,8291
8531,8682,8673
8682,8531,8578
8287,8292,8293
8292,8287,8291
9195,8675,8541
8292,8675,9195
8674,8675,8292
8787,8762,8682
8682,8762,8673
8762,8821,9083
8762,8787,8821
8762,8763,8673
8917,8762,9083
8762,8917,8763
8781,8454,8769
8771,8781,8769
8781,8613,8454
8781,8819,8782
8613,8781,8782
8837,8935,8934
8837,8934,8835
8820,8837,8835
8768,8743,8744
8768,8771,8743
8907,8768,8744
8935,8768,8907
5896,5607,5437
5895,5896,5437
5928,5896,5895
5896,5639,5607
5896,5928,6033
5639,5896,6033
5929,5931,5673
5929,5930,5931
5930,5929,5894
5894,5929,6142
5929,6151,6142
6151,5929,5673
5081,5080,5083
5081,5444,6874
5080,5081,5447
5446,5081,5083
5081,5446,5444
5445,5081,6874
5447,5081,5445
5607,5599,5608
5639,5599,5607
5599,5446,5608
5446,5599,5444
5640,5599,5639
6927,6926,6785
7639,7640,7518
7640,7639,7641
6922,6923,6938
6642,6804,6640
6145,6349,6064
6063,6145,6064
5598,5889,6026
5889,6063,6026
5889,5890,6063
6784,6786,6607
6608,6786,6784
6748,7880,6927
6750,6748,6927
7411,7329,7892
7329,7411,7098
6829,7329,7098
7329,6830,7892
7329,6829,6830
6666,6634,6669
6666,6669,6830
6829,6666,6830
6634,6666,7097
6666,6829,7097
7411,7410,7324
7512,7410,7411
7410,7512,7511
7513,7410,7511
7324,7410,7323
7410,7513,7323
7627,7511,7628
8212,7627,7628
6032,6326,6596
6326,6032,5927
6326,6141,6797
5928,6326,5927
6326,5928,6141
9242,9144,9189
9144,9143,9189
9144,9193,9545
9193,9144,9242
9109,9144,9545
9143,9144,9109
9073,8970,9109
9073,9109,9545
9073,9074,8969
8970,9073,8969
9074,9073,9100
9488,9471,9499
9488,9479,9471
9479,9488,9583
9583,9488,9503
9488,9544,9503
9488,9499,9544
9157,9192,9194
9157,9193,9192
9282,9157,9194
9157,9282,9191
6947,6948,6954
7197,6948,7395
6948,7197,6954
6948,7506,7395
6948,6947,7506
8020,8019,7739
8017,8020,7739
8020,8017,8246
8261,8020,8246
8020,8261,8019
8110,8922,8277
8016,8110,8277
8015,8103,8101
8102,8103,8015
8103,8102,8018
8103,8018,8175
8101,8103,8207
8103,8175,8207
9292,9308,9272
9272,9308,9309
9308,9372,9319
9308,9295,9309
9308,9319,9295
10068,10022,9993
10068,10069,10022
10068,10092,10069
10068,10083,10092
9983,10089,10133
9957,9983,9984
9982,9983,9957
9983,9982,10089
10034,9989,9984
10034,9987,9989
9987,10034,10033
9856,9734,9689
9856,9690,9734
9688,9856,9689
9856,9688,9686
9687,9856,9686
9690,9856,9687
9829,9688,9842
9829,9858,673
9852,9829,9842
9858,9829,9852
9813,666,9685
9688,9813,9685
9829,9813,9688
9943,9940,10086
9940,9968,10086
9968,9940,9941
9940,9882,9941
9940,9943,9881
9882,9940,9881
9943,688,9881
688,9944,693
688,9943,9944
675,688,693
678,688,675
9882,9800,9936
9800,9798,9936
9800,9799,9783
9798,9800,9783
10169,10152,10124
10152,10123,10124
10168,10152,10169
10155,10152,10168
10123,10152,10153
10152,10155,10153
9175,9169,9167
9169,9175,9176
9177,9162,9140
9154,9177,9140
9177,9235,9162
9162,9389,9140
9389,9141,9140
9389,9162,9299
9141,9389,9248
9225,9389,9299
9389,9225,9248
8162,8184,8503
8184,8162,8161
8161,8162,8024
8162,8051,8024
8051,7837,8022
8963,8998,8923
9265,8963,8923
8963,9265,8541
9265,8540,8259
8540,8923,8258
8540,9265,8923
8147,8043,8148
8520,8147,8148
8043,8147,8042
8147,8149,8042
8519,8286,8285
8286,8520,8503
8286,8147,8520
8286,8184,8285
8184,8286,8503
9168,9297,9197
9394,9297,9557
9297,9394,9285
9197,9297,9285
9155,9168,9167
9155,9154,9122
9169,9155,9167
9155,9169,9154
9187,9261,9082
9261,9187,9557
9297,9261,9557
9261,9297,9168
8679,8545,8666
8545,8679,8546
8545,8546,8323
8239,8545,8323
8545,8239,8666
8922,8053,8339
8053,8322,8339
8110,8053,8922
8053,7987,8322
7987,8053,7986
8149,8240,8239
8239,8240,8258
8240,8540,8258
8540,8240,8259
8149,8104,7985
8104,7987,7985
8104,8239,8323
8104,8149,8239
8322,8104,8323
7987,8104,8322
8642,8643,8559
8643,8642,9012
8643,9012,8912
8641,8643,8912
8643,8641,8559
8290,8244,8245
8290,8245,8277
8472,8290,8277
8244,8290,8469
8290,8472,8469
9447,9671,10306
9409,9447,10306
9570,9447,9409
9447,9570,9617
9671,9447,9617
9504,9408,9376
9408,9375,9376
9408,9504,9430
9429,9408,9430
11011,11040,11111
11040,11038,11111
11038,11040,10919
11040,10911,10919
11040,11011,10911
10815,10899,10817
10899,10857,10817
10947,10899,10815
10857,10899,10856
10899,10947,10969
10856,10899,10969
11083,11085,11055
11085,11098,11095
11098,11085,11083
11270,11238,11269
11238,11270,11043
11280,11270,11269
11209,11270,11280
11270,11044,11043
11270,11209,11044
11255,11261,11263
11255,11263,11254
11262,11255,11210
11261,11255,11262
11255,11164,11210
11255,11254,11193
11164,11255,11193
11274,11285,991
11253,11285,11274
11285,997,991
11285,11306,997
11285,11253,11306
11471,11203,11264
11363,11471,11264
3974,4005,4003
3974,4003,3915
3795,3974,3915
3974,3795,3999
3977,3930,3976
3930,3977,3999
3977,3974,3999
3974,3977,4005
4441,4442,4278
4442,4440,4278
4440,4442,5148
3998,3640,5352
4710,5342,4331
4710,4767,5342
4767,4441,4002
4767,4710,4441
5342,4135,4136
3998,4009,4136
4009,3873,4136
4009,3998,3657
3873,4009,3875
3658,4009,3657
3875,4009,3658
4603,4240,5148
4603,4241,4240
4442,4603,5148
4241,4603,4331
4603,4710,4331
4603,4442,4441
4710,4603,4441
8347,8369,8370
560,8347,558
8347,560,8369
576,560,558
574,560,576
560,564,8369
564,574,571
564,560,574
608,8991,605
8991,608,610
9032,8946,9048
9065,9032,9048
8833,9032,8834
9032,8833,8946
9032,8876,8834
9032,9065,8942
8876,9032,8942
556,8411,554
8171,8619,8170
8100,7887,7659
7660,7887,7803
7887,8100,7803
8434,8496,8639
8434,8639,8621
7910,7912,7955
7912,7910,8262
7954,7910,7955
7910,7911,8262
7911,7910,7954
8410,8200,7955
7725,8410,7955
8410,7725,7726
8136,8410,7726
8332,8410,8136
8410,8332,8200
8100,8135,7803
8135,8134,7803
8215,8135,8100
8134,8135,9369
8135,8215,9369
8329,8134,9369
8395,8329,9369
8329,8395,8417
7174,7603,7171
7174,7972,7603
7437,7315,7376
7437,7259,7315
7437,7417,7299
7259,7437,7299
7908,8096,7722
7908,8097,8096
8097,7908,8108
8108,7908,8034
8154,7908,7722
7908,8154,8034
8650,8564,8573
8564,8563,8573
8564,8650,8649
8804,8564,8649
8562,8564,8804
8152,8151,7937
8124,8152,7937
8152,8124,8784
8551,8463,8464
8563,8551,8464
8463,8551,8470
8551,8784,8470
8551,8152,8784
8152,8551,8563
8796,8795,8683
8875,8926,9119
8926,8875,8939
8832,8833,8834
8833,8832,8796
8832,8795,8796
8795,8832,8873
8876,8874,8834
8874,8832,8834
8832,8874,8873
8875,8874,8939
8874,8875,8873
7899,7940,7840
7899,7840,7893
7900,7899,7893
7899,7900,8010
7940,7899,8010
7673,7695,7478
7673,7694,7695
7694,7673,7419
7419,7673,7421
7673,7354,7421
7354,7673,7478
8880,653,8965
8880,8881,8879
8881,8880,8965
653,8880,657
657,8880,661
8880,8879,661
8802,8881,8778
8802,8778,8776
8801,8802,8776
8881,8802,8879
8802,8878,8879
8878,8802,8801
656,654,650
654,8929,650
8803,8801,8776
8748,8803,8776
8878,9111,9156
9111,664,9156
664,9111,660
660,9111,656
9615,9613,9596
9613,9616,9596
9613,9653,9616
9613,9615,9657
9653,9613,9657
735,728,718
9720,9713,9721
9732,9720,9721
9720,9732,9730
9720,9730,9731
9614,9662,9615
9615,9662,9692
9662,9731,9692
9662,9720,9731
9552,9597,9616
9616,9597,9596
9597,9587,9596
9587,9597,9586
9586,9597,9580
9597,9552,9580
9473,9393,9472
9393,9284,9472
9470,9393,9471
9393,9473,9471
10374,10375,10435
10375,10434,10433
10435,10375,10433
10375,10432,10434
10432,10375,10373
10373,10341,10342
10341,10374,10340
10375,10341,10373
10341,10375,10374
10307,10341,10340
10227,10414,10228
10227,10226,10246
10210,10227,10228
10226,10227,10210
10469,10374,10468
10414,10469,10468
10374,10469,10340
10339,10345,10342
10345,10339,10362
10341,10339,10342
10339,10341,10307
10290,10326,10247
10326,10307,10247
10326,10339,10307
10326,10290,10426
10362,10326,10426
10339,10326,10362
10425,10362,10399
10425,10345,10362
10345,10425,10466
10464,10425,10399
10425,10464,10466
10429,1292,10420
10430,10429,10420
10429,1303,1300
1297,1293,1295
10460,1293,1297
1293,10460,1291
10418,10430,10420
10418,10420,10365
10418,10421,10571
10421,10418,10365
10646,10699,10695
10346,10230,10520
10421,10346,10571
10346,10520,10571
10346,10421,10221
10184,10346,10221
10230,10346,10184
10496,10487,10498
10496,10445,10487
10445,10496,10446
10496,10582,10446
10315,10447,10361
10360,10315,10361
843,10315,10314
10315,843,10447
10360,10300,10302
10300,10360,10396
10300,10249,10302
10730,10718,10722
10718,10644,10689
10688,10718,10689
10718,10688,10722
10644,10635,10462
10718,10635,10644
10494,10785,10492
10494,10730,10785
10494,10437,10299
10437,10494,10492
10461,10602,10644
10461,10644,10462
10396,10461,10462
10417,10360,10361
10360,10417,10396
10446,10417,10361
10582,10417,10446
10417,10461,10396
10461,10417,10582
9924,9926,9911
9924,9911,9925
9923,9924,9925
9924,9978,9926
9978,9924,9923
775,9841,9840
782,775,763
775,9840,763
9912,9907,9859
9911,9907,9925
9907,9911,9905
9861,9907,9905
9907,9861,9859
9886,9912,9901
9886,9888,9925
9907,9886,9925
9886,9907,9912
9841,9865,9901
9865,9887,9901
9887,9865,782
9865,775,782
775,9865,9841
9887,9873,9901
9873,9886,9901
9886,9873,9888
9874,9873,794
9873,9874,9889
9888,9873,9889
9873,787,794
9873,9887,787
10025,10024,10010
10028,10046,10079
10046,10025,10066
10074,10046,10066
10046,10074,10079
10052,10364,10090
836,10364,833
10364,10052,833
813,817,9954
836,817,813
817,836,833
820,817,833
10335,840,841
10327,10335,841
10211,10327,10263
10211,10112,10213
10335,10211,10213
10211,10335,10327
10237,10212,10238
10212,10239,10112
10239,10212,10267
10212,10237,10267
10032,10000,10066
10000,10067,10066
9975,10000,10032
10000,9975,9976
817,10001,9954
10001,817,820
10001,820,827
10067,10054,10053
10001,10054,9976
10000,10054,10067
10054,10000,9976
10324,10325,10386
10387,10325,10324
10325,10366,10386
10078,10234,10231
10079,10182,10129
10078,10182,10079
10182,10144,10129
10182,10231,10144
10182,10078,10231
10234,10232,10387
10232,10234,10078
10167,10201,10202
10167,10173,10201
10173,10167,10166
9980,9906,9922
10012,10011,10003
10011,10004,10003
10004,10011,10042
807,9910,804
9910,9909,804
810,9910,807
10005,9965,9963
10004,9965,10003
9965,10005,10003
9909,10016,9872
9872,10016,9889
10016,10093,9889
9995,9934,9948
9934,9995,10014
9934,10014,10013
9933,9934,10013
9927,10094,9914
9927,9935,10094
9935,9927,9932
9927,9933,9932
10137,10139,10138
10282,10139,10216
10139,10147,10138
10139,10282,10147
10180,10137,10179
10180,10179,10762
10139,10180,10216
10180,10139,10137
10254,10180,10762
10180,10262,10216
10180,10254,10262
9890,9893,9834
9890,9834,9833
9893,9890,9831
9890,9894,9831
9915,9890,9833
9890,9915,9914
9894,9890,9914
762,9774,758
768,762,766
762,768,9776
9774,762,9776
762,742,766
9797,9827,9793
9774,9797,9793
9828,9797,9825
9797,9828,9827
10764,10721,10853
10853,10721,10650
10721,10658,10650
10658,10721,10720
10721,10764,10720
10502,828,832
10502,10501,828
10501,10502,10401
10502,10402,10401
10502,832,834
10402,10502,834
10663,10690,10601
10627,10663,10601
10663,10661,10660
10690,10663,10660
10661,10663,10642
10663,10627,10642
1088,5592,6419
1099,5971,5997
5971,5821,5997
5821,5971,6419
5964,5960,5962
5960,5964,5965
5964,5996,5965
6072,5964,5962
5996,5964,6072
5995,5996,6233
5995,1104,5994
5965,5995,5994
5996,5995,5965
1111,5995,6233
1104,5995,1111
5593,1081,1078
5288,5593,1078
5593,5288,5287
4837,5287,4539
4837,5593,5287
5593,4837,5592
5820,5454,5755
5821,5454,5820
5454,5188,5755
5454,5131,5188
5131,5455,4814
5455,4816,4814
5454,5455,5131
5455,5454,5821
5455,5821,6419
1117,6444,6491
6491,6444,1115
6444,1120,1115
6444,1117,6490
1120,6444,1124
6444,6476,1124
6444,6490,6476
1117,1119,6490
6490,1119,1123
1119,1118,1123
1118,1119,1114
1119,1117,1114
8075,6970,6832
6970,8075,6831
6970,6971,6832
6971,6970,7026
7026,6970,7088
6970,6831,7088
7362,7158,7201
7363,7362,7201
7362,7388,7158
7200,7363,7201
7363,7200,7025
6961,6477,6832
6961,7200,1135
7200,6961,7025
6971,6961,6832
6961,6971,7025
6059,6408,6930
6408,6059,5215
6408,6931,6930
5457,6408,5215
6408,5457,6931
5966,5960,5820
5966,6590,5960
5966,5820,5755
5961,5966,5755
5966,5961,5963
6590,5966,5963
7647,7769,7648
7648,7769,7975
7769,7768,7975
7768,7769,7974
579,583,7801
7734,579,7801
579,7734,575
583,579,578
573,579,575
579,573,578
6971,7023,7025
7023,7381,7025
7023,6971,7024
7720,7023,7024
7381,7023,7720
7087,7554,7024
7143,7554,7087
7554,7720,7024
7731,569,7716
573,569,7731
569,566,7716
569,573,575
570,569,575
569,570,566
1105,1109,6910
1109,6870,6910
1109,1105,1108
6589,1109,1108
1109,7020,6870
1109,6589,7020
6224,6223,6218
6223,5982,5902
6218,6223,5902
5982,6223,6840
6223,6584,6840
6223,6224,6584
5476,5652,5474
5545,5652,5476
5652,4927,5474
4927,5652,5769
5652,5545,5769
7762,8229,7886
7886,8229,8008
8229,8463,8470
8009,8229,8470
8229,8230,8008
8230,8229,8009
8471,8138,8464
8463,8471,8464
8471,7760,8138
8471,7762,7760
8229,8471,8463
8471,8229,7762
8011,7954,8081
8078,8011,8081
8011,7911,7954
7911,8011,7761
8011,8078,7761
8193,7977,7602
7863,8193,7602
7947,7852,7945
7852,7947,7851
7945,7946,8055
7852,7946,7945
8465,8313,8483
8313,8312,8483
8313,8314,8231
8312,8313,8231
8334,8465,8055
7946,8334,8055
8334,7946,7944
8334,7944,8314
8313,8334,8314
8334,8313,8465
7198,7642,7305
7199,7642,7144
7642,7199,7305
7827,7767,7647
7769,7767,7974
7767,7769,7647
7767,7828,7974
7767,7826,7828
7767,7827,7826
8299,8321,8302
8299,8319,8321
8298,8299,8057
8299,8302,8057
8319,8299,8320
601,8299,8298
8318,8299,601
8299,8318,8320
7947,8046,8044
8046,8045,8044
8046,7947,7945
8045,8046,8294
8046,8054,8294
8054,8046,7945
8855,8808,8958
8855,8807,8808
8667,8855,8408
8807,8855,8667
8631,8630,8958
8627,8630,8631
8630,8855,8958
6466,6437,6154
6437,5458,5456
6437,6466,6472
5458,6437,6472
6466,6473,6472
6473,6842,6472
6473,6843,6842
6843,6473,6577
6473,6465,6577
6473,6466,6465
1480,1413,1437
1513,1542,1512
1506,1542,1513
1480,1542,1506
1512,1542,1437
1542,1480,1437
1411,1388,1413
1389,1411,1479
1411,1389,1373
1388,1411,1373
1480,1411,1413
1832,2072,2152
2072,2052,2152
2052,2072,2071
1909,1831,1820
1831,1832,1820
1831,2072,1832
2072,1831,2071
2071,1831,2098
1831,1909,2098
1856,1859,1886
1859,1996,1886
1996,1859,2254
2254,1859,2050
1859,1885,2050
1859,1856,1885
1470,1468,1484
1468,1467,1484
1468,1469,1466
1468,1470,1469
1460,1468,1466
1468,1460,1467
1482,1470,1483
1580,1482,1483
1482,1580,1583
1470,1482,1469
1482,1505,1469
1505,1482,1583
1664,1572,1663
1628,1664,1663
2281,2270,2061
2433,2270,2271
2270,2065,2271
2270,2281,2065
2723,2831,2985
2750,2749,2672
1740,1635,1648
1739,1740,1648
1635,1740,1633
1740,1898,1633
1740,1739,1741
1898,1740,1741
1635,1632,1648
1632,1647,1648
1632,1635,1612
1647,1632,1646
1632,1634,1646
1634,1632,1612
1898,1896,1716
1999,2178,2001
1999,2595,2178
2595,1999,1998
1999,2001,1744
1998,1999,1744
2362,1742,2070
2362,1998,1742
2069,2067,2256
2067,2069,2156
2067,2070,2256
2067,2156,2770
2627,2067,2770
2067,2362,2070
2362,2067,2627
2617,2627,2770
2933,2778,2973
2778,2864,2973
2864,2865,2973
2865,3002,2973
2865,2972,3002
2865,2514,2972
2514,2865,2864
1825,1824,1929
1824,1914,1929
1824,1749,1748
1824,1825,1749
1751,1824,1748
1824,1751,1915
1914,1824,1915
2209,2326,2341
2209,2229,2171
2209,2341,2340
2229,2209,2340
3008,3003,3006
3003,3008,2933
3193,3008,3006
2777,2636,2779
2778,2777,2779
2777,2778,2933
2639,2551,2782
2636,2551,2639
2575,2551,2636
2551,2554,2782
2610,2703,3032
2703,3030,3032
7245,7225,7209
7226,7225,7258
7225,7226,7209
6670,6887,6883
6670,6883,6671
6567,6670,6671
6670,6567,6885
2671,2612,3074
2750,2671,3074
2671,2750,2672
2642,2672,2645
2644,2642,2645
2642,2644,2646
3664,3371,3372
3371,3664,3731
3664,3589,3731
3589,3664,3535
3386,3664,3372
3664,3386,3535
4730,4818,4814
4728,4818,4730
4818,5130,4814
4818,4728,4950
5190,5211,5214
5211,4949,5234
5211,5236,5214
5235,5211,5234
5236,5211,5235
6842,7019,6930
6849,7019,6842
7019,6616,6930
7019,6614,6616
7019,6849,6614
5688,5691,5637
5688,5638,5687
5638,5688,5637
5691,5688,6158
5901,5688,5687
5688,5981,6158
5688,5901,5981
5690,5691,6019
5690,6019,6429
5829,5690,6429
5691,5690,5637
5638,5623,5549
5547,5623,5452
5623,5547,5549
5548,5686,5685
5830,5686,5548
5686,6154,5685
6154,5686,6119
5686,5830,6119
5269,5453,5451
5268,5269,5451
5269,5364,5452
5453,5269,5452
5269,5191,5364
5191,5269,5112
5269,5268,5112
5115,5268,5197
5195,5115,5197
5115,5195,5113
5115,5113,5112
5268,5115,5112
5114,4973,4975
5113,4973,5112
4973,5114,5112
4973,4916,4975
4916,4974,4975
4908,4804,4805
4908,4933,4804
4908,4916,4933
4908,4974,4916
5367,5114,4975
5114,5367,5163
5367,5724,5163
5367,4919,5724
3779,3799,3274
3798,3779,3274
3965,3994,3477
3994,3965,3995
3965,3984,3995
4098,4119,4097
4119,4098,4118
4513,4119,4118
4274,4120,4275
4274,4118,4120
4232,3854,3855
4233,4232,3855
3854,4232,4275
4232,4274,4275
4459,4515,4476
4675,4749,4817
4951,4749,4675
4749,4728,4817
4728,4749,4950
4950,4749,4751
4751,4749,4612
4749,4951,4612
4613,4540,4542
4540,4515,4542
4540,4612,4541
4540,4613,4612
4476,4540,4541
4515,4540,4476
4467,3983,4682
3983,4467,3984
4477,4681,4805
4467,4681,4477
4681,4908,4805
4681,4467,4682
4974,4681,4682
4908,4681,4974
4842,4613,4542
4406,4842,4542
4613,4842,4805
4842,4477,4805
4842,4406,4477
4314,4917,4919
4917,4314,4315
5109,4917,4920
5109,5023,5024
5109,4920,5023
5109,5024,5609
5724,5109,5609
4919,5109,5724
4917,5109,4919
6331,6351,6348
6351,6144,6348
6065,6351,6153
6351,6065,6144
3714,3764,3715
3714,3729,3764
3713,3714,3666
3714,3715,3666
3239,3713,3514
3525,3239,3514
3239,3714,3713
3714,3239,3729
3260,3262,3238
3729,3262,3260
3239,3262,3729
7978,7996,7999
7978,8452,7996
7978,7999,7979
8452,7943,7942
7943,7934,7935
7942,7943,7935
7978,7943,8452
7943,7978,7979
7817,7943,7979
7934,7943,7817
9061,8954,8953
9061,9059,9132
9059,9061,8953
5299,5644,5298
5743,5540,5956
5743,5956,5917
5745,5743,5917
5743,5541,5540
5541,5743,5745
6268,5914,6621
6621,5914,6040
6040,5914,5917
5914,5745,5917
5914,5915,5745
5915,6268,6199
5915,5914,6268
7099,7030,7361
7030,7146,7361
7146,7030,7148
7148,7030,6952
7030,6950,6952
7030,7099,6950
336,334,7092
336,6960,338
336,7092,6960
5286,5194,5375
5285,6209,5375
6209,5286,5375
5286,6209,6363
6016,6206,6150
6015,6016,6150
4566,4629,4627
7486,4566,4627
4566,7486,4559
4557,4566,4559
4628,4877,4557
4877,4566,4557
4566,4877,4629
4877,4628,5054
5249,4877,5054
5251,4877,5249
4630,4808,4807
4629,4808,4630
4808,5006,4807
5007,4808,5005
5006,4808,5007
4029,4121,4061
4029,4026,4121
4029,4061,3697
4029,3697,3698
4026,4029,3698
5540,5521,6304
5300,5521,5542
5521,5541,5542
5541,5521,5540
5520,5301,5252
5518,5301,5520
5301,5270,5252
5301,5300,5270
5324,5377,5379
5377,5324,5323
5379,5377,5391
5377,5403,5391
5377,5323,5403
6269,6270,6411
6268,6270,6199
6270,6269,6199
5916,5915,6199
5916,6198,6173
6269,6198,6199
6198,5916,6199
7953,8228,7218
6470,7953,7218
4778,4490,4279
4778,4697,4490
4697,4778,4143
3912,4778,4279
4778,3912,4143
3852,3853,3821
3852,3988,4089
3933,3870,3936
3820,3789,3788
3880,3820,3788
3820,3880,4088
3956,3851,3914
3853,3851,3821
3851,3956,3821
3789,3790,3791
3791,3790,3809
3790,3956,3809
3790,3789,3821
3956,3790,3821
4396,4956,4921
3935,4921,3933
3935,4396,4921
3935,3933,3936
4396,3935,3936
4771,4769,5012
4769,4771,4747
5443,5296,5442
5296,5443,5441
5443,5634,5441
5634,5443,5636
5649,5296,5441
4397,4399,4395
4400,4397,4395
4397,4400,4435
4437,4397,4435
4399,4397,5096
4397,4437,5096
4619,4457,4107
4321,4462,4130
4464,4462,4321
4512,4462,4463
4462,4457,4463
4457,4462,4464
4462,4087,4130
4462,4512,4087
4144,4143,3913
4144,4898,4143
4898,4144,4524
6367,346,6366
6367,347,346
347,6367,349
6367,6364,349
6365,6316,6366
6316,6367,6366
6367,6316,6364
6364,6441,349
6398,6318,6468
6318,6398,5255
4873,5254,5255
5254,6318,5255
6318,5254,5387
4935,5351,6062
4897,4898,4524
5351,4897,4524
4898,4897,4726
353,358,360
358,353,355
5712,5459,5713
5712,5460,5459
5885,5712,5713
6009,362,360
6007,6009,360
6009,6007,5885
5882,6009,5885
6009,5882,362
5854,5872,5874
5872,376,5874
5872,6084,376
6097,5872,5442
6084,5872,6097
6097,6180,7184
6098,6180,6097
6180,6098,6207
6180,6207,7214
383,6180,7214
6180,383,7184
3823,3616,3615
3616,3823,3617
3823,3615,3290
3614,3823,3290
3617,3823,3594
3823,3614,3594
3745,3718,3777
3718,3761,3777
3718,3745,3717
3716,3694,3717
3694,3718,3717
3718,3694,3780
3694,3716,3696
3545,3552,3497
3122,3463,3119
3464,3463,3122
3463,3464,3497
3119,3463,3496
3463,3594,3496
3616,3618,3615
3618,3616,3822
3613,3618,3879
3618,3613,3615
5660,4464,4106
4109,5660,4106
5660,4457,4464
5660,4109,4107
4457,5660,4107
4574,4109,4019
4108,4574,4021
4574,4019,4021
4109,4574,4107
4574,4458,4107
4458,4574,4108
4776,5560,4786
4774,4776,4786
5560,4776,4996
4996,4776,4775
4776,4766,4775
4776,4774,4766
4914,4787,4915
4774,4787,4765
4765,4787,4754
4787,4914,4754
5522,4785,4786
4785,4774,4786
4785,4787,4774
4787,4785,4915
4915,4785,5771
4785,5522,5771
3581,3662,3661
3582,3581,3578
3581,3441,3578
3581,3582,3660
3662,3581,3660
3020,3250,3022
3250,3020,3661
3358,2664,3152
3151,3358,3152
3441,3358,3442
3178,3534,3442
3358,3178,3442
3178,3358,3151
3564,2969,2970
2969,2836,2970
2969,3243,3533
3243,2969,3564
2622,2386,2623
2623,2386,2388
2386,2631,2567
2631,2386,2622
2386,2497,2388
2497,2386,2567
4269,3767,4298
3767,4269,3700
3767,3768,4298
3767,3700,3623
3947,3767,3623
3768,3767,3947
3158,3159,3201
3202,3158,3201
3158,3202,3219
3158,3200,3160
3200,3158,3219
4458,4475,4536
4616,4475,4473
4475,4616,4536
4473,4475,4154
4475,4458,4154
4783,4784,4610
4784,4744,4610
4784,4770,4744
4934,4784,4783
4768,4784,4934
4746,4747,4673
4770,4746,4673
4769,4746,4768
4746,4769,4747
4746,4784,4768
4784,4746,4770
4581,4616,4615
4616,4581,4536
4581,4580,4536
4769,5543,5802
5543,4769,4768
5543,5174,5802
5174,5543,4934
5543,4768,4934
1771,1894,1770
1771,1877,1894
1772,1771,1548
1771,1770,1548
1771,1772,1981
1877,1771,1981
2619,2094,1997
2094,1986,1997
1986,2094,2096
2094,2618,2096
2094,2619,2618
3342,2875,2874
3642,3342,2874
2922,3342,2593
3342,2922,2875
3342,3643,2593
3342,3312,3643
3342,3644,3312
3342,3642,3644
3572,3642,3573
3100,3572,3573
3572,3690,3644
3642,3572,3644
3690,3572,3575
3572,3100,3575
3287,3134,3220
3102,3134,3287
3200,3134,3133
3220,3134,3200
3134,3102,2916
3033,3134,2916
3134,3033,3133
2482,2269,2732
2935,3172,3296
2889,2935,3296
2937,2935,2889
3184,3179,3256
3185,3179,3184
3007,3295,3429
3003,3007,3006
3007,3003,3002
3295,3007,3002
3639,3641,3765
3520,3639,3765
3253,3520,3765
3193,3253,3237
3428,3193,3006
3520,3428,3429
3007,3428,3006
3428,3007,3429
3209,3174,3171
3174,3209,3180
3171,3129,3131
3174,3129,3171
3129,2937,3131
3129,2935,2937
3172,3129,3185
2935,3129,3172
3228,3205,3229
3205,3675,3229
3506,3205,3228
3205,3506,3180
2915,2719,2718
2719,2915,2888
2719,2888,2887
2717,2719,2887
1490,1499,1489
1499,1509,1489
1509,1499,1511
1368,1370,1387
1389,1370,1373
1387,1370,1389
1370,1369,1373
1370,1368,1369
2456,2488,2598
2456,2598,2529
2439,2456,2529
2456,2439,2440
2906,2940,2998
2907,2941,2942
3126,2941,3039
2942,2941,3126
2906,2941,2907
2941,2999,3039
2999,2941,2998
2941,2906,2998
1924,2138,1925
2037,2138,1924
2279,2141,2191
2141,2126,2191
402,398,404
398,397,404
1580,1897,1584
1897,1580,1716
1897,2193,1584
1819,1606,1599
1660,1819,1599
1819,1683,1613
1819,1660,1818
1683,1819,1818
1607,1485,1484
1606,1485,1607
1612,1614,1613
1614,1579,1613
1578,1614,1633
1614,1612,1633
1614,1578,1483
1470,1616,1483
1616,1614,1483
1614,1616,1579
1616,1485,1579
1616,1470,1484
1485,1616,1484
1582,1386,1358
1672,1386,1390
1390,1386,1348
1386,1582,1348
1581,1386,1672
1358,1386,1581
6122,6131,6121
6071,6122,6070
6122,6057,6070
6122,6121,6057
6131,6132,6587
6587,6132,5591
6132,6122,6071
6122,6132,6131
5591,6132,480
6132,6071,480
90,7028,6983
7028,7029,6983
7028,90,84
83,7028,84
7169,7222,82
7029,7222,7169
7222,83,82
7222,7028,83
7028,7222,7029
8140,106,7894
106,119,7894
106,8140,99
7854,129,137
7652,7854,137
7854,119,129
119,7854,7894
7847,7653,7713
7653,7847,7652
7847,7854,7652
7854,7847,7895
7992,8040,7988
8040,7992,7989
7990,7992,7895
7989,7990,7849
7992,7990,7989
8142,91,99
8156,91,8142
91,8156,86
91,86,79
149,153,7645
5947,153,156
153,5947,7645
7425,7426,7713
7653,7425,7713
6740,6674,6739
7267,7125,7269
160,167,5893
160,5947,156
5947,160,5893
7405,6940,7348
7347,7405,7348
8223,8297,8337
8297,8304,8336
8297,8223,8159
8283,8297,8159
8304,8297,8283
8514,8554,8437
8514,8335,8511
8868,8599,8800
8868,8870,8766
8868,8766,8597
8599,8868,8597
8868,8800,9072
8870,8868,9072
9171,8757,8780
8757,8758,8780
8757,9171,8866
8756,8757,8866
8945,8870,8779
8758,8945,8779
8945,8767,8870
8767,8945,9509
8581,8580,8597
8766,8581,8597
8413,8581,8766
8415,8767,9509
8767,8415,8413
8415,8390,8413
8390,8415,8393
7884,8506,7860
7904,7884,7906
8505,7904,7906
8506,7904,8213
7904,8506,7884
8509,8342,8030
8342,8505,8030
8342,8509,8507
8001,7909,7773
5048,5304,5411
5048,5411,5049
5047,5048,4788
5048,4789,4788
4789,5048,5049
5048,5047,5208
5304,5048,5208
5210,5303,5302
5208,5210,5302
202,5331,5432
196,5331,202
5331,196,5348
5843,5331,5348
5209,5047,5117
5047,5209,5208
5209,5210,5208
5210,5209,5843
5209,5116,5432
5209,5117,5116
5331,5209,5432
5209,5331,5843
5383,5779,6833
5779,4990,6833
5779,5383,4496
4371,5779,4496
4698,4699,4891
4699,4894,4891
4742,4892,4698
4701,4892,4742
4892,4701,5108
4892,4699,4698
4181,4445,4184
7227,4855,4652
4855,4181,4652
4855,5049,5021
4855,7227,5049
4445,4855,5021
4855,4445,4181
7155,6494,7153
5824,6494,5561
6494,5824,6177
6494,5562,5561
6494,7155,5562
7154,6901,6177
6378,6901,7154
6901,6900,7153
6901,6378,6898
6900,6901,6898
6901,6494,6177
6494,6901,7153
6286,6265,111
111,6265,116
6265,6357,116
6357,6265,6264
6265,6175,6264
6265,6266,6175
6265,6286,6266
4796,4797,4725
4797,4796,5111
4796,5110,5111
1226,1225,2314
1228,1226,2314
1226,1228,1225
2796,1221,1219
1222,1221,2796
1221,1227,1219
1221,1229,1227
1229,1221,1230
1221,1232,1230
1232,1221,1222
10755,10727,10737
10755,10737,10742
10770,10755,10742
10736,10715,10714
10715,10712,10714
10737,10715,10736
10727,10715,10737
10555,10556,10518
11234,11293,11236
11236,11293,11294
11347,11293,11088
11293,11234,11088
11294,11293,11385
11293,11347,11385
11224,11208,11185
11208,11481,11185
11481,11208,11186
11330,11295,11225
11295,11341,11296
11295,11330,11257
11224,11244,11207
11244,11260,11207
11260,11244,11296
11244,11295,11296
11244,11224,11225
11295,11244,11225
10861,10742,10863
10743,10861,10863
10874,10861,10743
10861,10875,10873
10875,10874,10988
10875,10861,10874
10873,10884,10885
10885,10884,11232
10875,10884,10873
10884,11234,11232
11234,10884,10976
10884,10988,10976
10884,10875,10988
10862,10873,10882
10862,10861,10873
10862,10786,10742
10861,10862,10742
10967,11013,10938
10932,10967,10938
10967,10932,10940
11297,11199,11013
11199,11297,11159
10888,11297,11013
11297,10888,11149
11159,11297,11176
11297,11149,11176
11221,11260,11283
11202,11221,11219
11221,11283,11219
11426,11327,11425
11341,11426,11425
11295,11426,11341
11327,11426,11257
11426,11295,11257
11312,11308,11188
11312,11311,11284
11311,11312,11188
11308,11312,11320
11326,11312,11284
11320,11312,11326
11292,11307,11112
11367,11307,11408
11112,11307,11367
11307,11058,11408
11307,11292,11058
10992,11075,10961
10992,11102,11075
10917,10992,10961
11102,10992,11144
10992,10993,11144
10992,10917,10993
11009,10997,10700
10703,11009,10700
11066,11009,10703
10935,10942,10937
10942,10935,11000
10942,10943,10937
10943,10942,11002
10942,11000,11002
10422,10424,10343
892,10424,10422
10423,10424,896
10424,10423,10343
10424,892,889
10424,914,896
914,10424,889
10619,10407,10620
10407,10619,10283
891,10595,895
10595,10569,10562
10596,10595,10562
10597,10562,11405
10597,10596,10562
10932,907,10940
907,902,10940
902,10769,10940
10769,898,10754
898,10769,902
11564,10556,11405
10562,11564,11405
10569,11564,10562
10524,10366,10518
10524,10557,10366
10556,10524,10518
10557,10524,10556
10298,10303,10436
6687,6686,6387
6687,6335,7080
6687,7080,6868
6686,6687,6868
6387,6814,6388
6686,6814,6387
6813,6916,6812
7252,7398,7251
7398,7252,7397
7398,7397,7431
7056,7430,7431
7397,7056,7431
7252,7399,7412
7399,7252,7251
6604,7022,6605
7022,6604,7406
6604,6625,7406
6625,6604,6606
7867,7712,8065
7712,7867,7539
7712,8003,8065
7712,7711,8003
8004,7558,8247
7555,7558,7473
7558,7555,8247
7558,8004,7538
7538,7510,7474
7507,7510,7538
7291,7510,7292
7510,7291,7474
7510,7509,7292
7510,7507,7509
7537,7536,7539
7507,7536,7537
7536,7712,7539
7712,7536,7711
7711,7536,7538
7536,7507,7538
5999,6246,6336
6246,5999,6127
7015,6470,7218
6622,7015,7218
7771,7649,7811
7809,7771,7811
7771,7810,7812
7810,7771,7809
7810,7808,7812
7430,7808,7431
7807,7808,7430
7808,7807,7812
7951,7398,7431
7398,7951,7993
7808,7951,7431
7951,7808,7810
7993,7951,7950
7951,7810,7950
7373,7119,7473
7119,7373,7120
7018,7119,7120
7149,7183,7361
7149,7278,7183
7146,7149,7361
7278,7149,7146
7962,8445,8127
8358,7962,8127
8445,7962,7960
7960,7962,7961
7962,7821,7961
7821,7962,7492
7962,8358,7492
4195,4287,4479
4194,4287,4195
4287,4194,4480
4757,4478,6099
7424,7598,7677
7598,7424,7267
7598,7405,7596
7125,7268,6739
7268,6740,6739
6740,7268,7646
7266,7424,7426
7425,7266,7426
7266,7425,7646
7268,7266,7646
7424,7266,7267
7266,7125,7267
7266,7268,7125
7126,7125,6739
6673,6674,6225
6673,6225,7318
6345,6673,7318
7127,6673,6345
7100,6940,6708
6940,7100,7348
6729,7100,6708
7781,7563,8226
7054,6728,6646
6646,6728,6650
6728,7054,6822
6650,6728,6710
6728,6727,6710
6824,6728,6822
6728,6824,6727
8548,7763,7615
7763,7787,8226
8115,8037,8036
8113,8115,8036
8037,8115,8404
8115,7780,8404
1139,1140,4155
1140,1141,4155
1141,1142,1136
1136,1142,1137
1142,1143,1137
1143,1142,1146
1138,1145,1139
1145,1140,1139
1145,1138,4117
1161,4045,1162
4045,4117,4116
4117,4045,1159
4045,1161,1159
4082,4045,4116
3970,4045,4082
1162,4045,1166
6722,6752,6569
6752,6722,6793
6492,6722,6569
6361,6299,6569
6492,6299,6298
6299,6492,6569
6360,6212,6752
6361,6212,5834
6212,6361,6752
6212,6211,5834
6212,6360,6359
6211,6212,6359
5875,5514,5603
5706,5875,5603
5875,5706,5118
5875,5118,4904
5514,5875,4904
5514,5700,5718
5700,6211,5718
5700,5719,5435
5719,5700,5514
4645,4648,4644
4645,4452,4451
4452,4645,4644
5074,5706,5075
5706,5074,5118
4649,5074,5075
4738,5074,4649
5074,4738,5118
5621,5619,5311
5619,5310,5311
5619,5959,6298
5619,5621,5959
5205,5309,5311
5310,5205,5311
5205,5310,5204
5206,5010,5204
5010,5206,5433
5618,5206,5204
4903,4902,5008
5010,4903,5008
5033,4831,4913
4831,4832,4913
4831,4753,4832
4753,4831,5559
4831,5076,5559
5076,4831,5033
4832,5295,4914
4753,5295,4832
4914,5295,4754
7253,7065,6792
8001,7776,7950
7776,8001,7773
6753,6360,6358
5679,5216,5887
4478,4895,6099
5144,5143,4731
4248,5143,7491
5143,4248,4731
6399,5705,6017
5705,5707,6017
5705,6399,6401
6571,5705,6401
5216,5273,5887
5273,5680,5887
5226,5144,5227
5144,5226,5142
5226,5273,5142
5273,5226,5680
5680,5628,5703
5628,5606,5703
5226,5628,5680
5628,5226,5227
5119,5628,5227
5606,5628,5119
5604,5606,5415
5604,5605,5702
5604,5415,5605
5703,5604,5702
5606,5604,5703
1199,1186,1188
1176,1186,1179
1188,1186,1176
1186,1199,1200
1186,1200,1193
1186,3904,1179
1186,1193,3904
1206,1205,3523
1205,1204,3523
1196,1205,1206
1205,1196,1204
3916,3843,3841
3916,3917,3843
3917,3916,4083
3916,3841,3903
4083,3916,3903
3665,3889,3886
3889,3665,4297
3889,4521,3886
3889,4297,4644
4521,3889,4644
3479,3665,3603
3480,3479,3603
3479,3400,3478
3400,3479,3480
4690,4529,4530
4690,4794,4646
4794,4690,4530
4647,4690,4646
4142,4066,4451
4066,4529,4451
4066,4142,3920
4175,4764,4083
4764,4761,4206
4764,4853,4761
4853,4764,4175
4085,4764,4206
4764,4085,4083
4853,3702,3703
3595,3702,4138
3702,4175,4138
3702,4853,4175
3702,3595,3394
3703,3702,3394
7877,7788,7876
7788,7877,7878
8306,8035,8221
8035,8220,8221
8035,8306,8038
8035,8038,7878
8220,8035,8105
8280,8220,8105
8106,8280,8105
7948,7949,7876
7949,7877,7876
7949,8106,8105
11462,11431,11364
11432,11431,11462
11431,11369,11364
11431,11443,11369
11431,11432,11443
10147,10289,10225
10282,10289,10147
10289,10282,10296
10289,10296,10290
10289,10235,10225
10235,10289,10290
9861,9862,9846
9995,9862,9906
9862,9861,9906
10333,10312,10332
10333,10332,10453
10512,10333,10453
10312,10333,10309
10316,10400,10261
10400,10316,10367
10316,10355,10367
10412,10201,10208
10412,10242,10201
10376,10412,10208
10242,10412,10376
10403,10242,10376
10311,10252,10309
10334,10311,10309
10252,10311,10189
10311,10334,10376
10189,10311,10208
10311,10376,10208
10369,10512,10479
10369,10334,10309
10369,10333,10512
10333,10369,10309
10486,10645,10695
10675,10486,10695
10486,10467,10481
10645,10486,10481
10467,10486,10468
10486,10675,10468
1329,1327,10687
1340,1339,10580
1334,1333,10580
1339,1334,10580
1297,1302,1308
1303,1301,1300
1306,1301,1303
1310,1312,10508
1310,10460,1308
10460,1310,10508
10491,10488,10485
10491,10485,10480
10460,10491,10480
10488,10491,10490
10491,10508,10490
10491,10460,10508
10510,10560,10561
10509,10560,10510
10560,10761,10561
10560,10509,10559
10633,10560,10559
10560,10633,10761
1345,1344,10580
1344,1340,10580
1340,1344,1341
10581,10599,10580
10581,1332,1331
1333,10581,10580
1332,10581,1333
10599,10581,10979
10581,1329,10687
10979,10581,10687
10832,10848,10824
10832,10937,10970
10848,10832,10970
10779,10739,10750
10739,10779,10824
10779,10832,10824
10749,10750,10744
10749,10779,10750
10779,10749,10778
11026,10778,10989
11026,10904,10936
11026,10989,10904
10954,10758,10989
10989,10758,10904
10758,10954,10752
10895,10758,10896
10758,10895,10904
10758,10759,10896
10759,10758,10752
10665,10726,10692
10697,10726,11421
10692,10726,10697
10622,10665,10629
10622,10726,10665
10934,10868,10997
10933,10934,11016
11017,10933,11016
10980,11017,11021
11017,11041,11021
847,10383,837
10383,847,851
847,831,851
821,847,837
847,821,831
10383,10440,10410
10440,10443,10410
10440,10383,10382
10141,853,848
10106,10141,848
853,10141,10142
10142,10141,10105
10141,10106,10105
10186,10175,10210
10175,10229,10210
10229,10175,10177
10175,10186,10150
10135,10175,10150
10175,10135,10177
10176,10236,10177
10236,10229,10177
10236,10176,10224
10229,10236,10226
10235,10236,10224
10226,10236,10247
10236,10235,10247
9898,9903,9985
10020,9904,9985
9904,9898,9985
9904,10020,10009
9898,9904,9902
10002,9904,10009
9904,10002,9902
9899,9891,9892
9903,9891,9899
9891,9903,9898
9831,9891,9830
9891,9831,9892
9891,9900,9830
9891,9898,9900
10209,10146,10151
10209,10050,10146
10047,10209,10151
10049,10120,10119
10050,10049,10119
10120,10049,10118
10118,10049,9932
9805,9804,9847
9805,9787,9791
9804,9805,9791
9805,9788,746
9787,9805,746
9788,9805,9849
9805,9847,9849
9921,9804,10059
9921,9930,9929
9930,9921,10059
9804,9921,9847
9997,10061,9996
10061,9967,9996
9967,10061,9969
10060,10045,10044
10045,9949,10044
10045,10060,9969
10061,10045,9969
9949,10045,9997
10045,10061,9997
9917,9949,9997
9918,9917,9997
9848,9917,9918
9947,9917,9929
9949,9917,9947
10164,9957,9955
10164,9982,9957
10164,9955,9958
10110,10164,9958
11138,11143,11142
11290,11143,11138
11143,11190,11142
11143,11290,11289
10278,10381,10405
10278,10277,838
824,10278,838
10381,10278,10203
10278,824,10203
8781,8785,8819
8785,8781,8771
8785,8820,8819
8785,8837,8820
5714,5889,5598
5889,5714,5890
5444,5597,6874
5714,5597,5640
5599,5597,5444
5597,5599,5640
5597,5598,6874
5597,5714,5598
5715,5640,5639
5715,6033,6082
5715,5639,6033
7607,7608,8333
7562,7608,7607
6923,6937,6938
6938,6937,6949
6937,7280,6949
6937,6926,7280
6642,6803,6804
6803,6642,6608
6803,6922,6804
6803,6923,6922
6803,6608,6784
6923,6803,6784
6145,6869,6349
6869,6350,6349
6350,6869,6640
6869,6642,6640
5890,6250,6063
6250,6145,6063
6523,6251,5890
6251,6250,5890
7044,7330,6772
7098,7330,7097
7330,7044,7097
7044,6668,7097
6668,6634,7097
6634,6668,6876
6748,7519,7880
7519,6748,6749
7519,6749,7518
7640,7519,7518
7519,7640,7880
6581,6251,6523
6786,6581,6607
6251,6581,6786
6748,6676,6749
6676,6748,6750
6676,6750,6607
6579,6581,6523
7045,7324,7323
6965,7045,7323
7045,7098,7324
7045,7330,7098
7045,6965,6772
7330,7045,6772
6676,6677,6749
6677,6676,6678
6677,6678,6772
6965,6677,6772
6749,7605,7518
6677,7605,6749
7605,6677,6965
7325,6965,7323
7325,7605,6965
7325,8543,7518
7605,7325,7518
7704,7627,8212
7627,7704,8022
8022,7704,8024
7702,7704,8212
6596,6325,6632
6326,6325,6596
6325,6326,6797
6325,6644,6632
6325,6797,6300
6644,6325,6300
9159,9157,9191
9100,9159,9191
9193,9159,9545
9157,9159,9193
9159,9073,9545
9073,9159,9100
7967,8110,8016
7967,8016,7738
7610,7967,7738
7967,7610,7968
8052,7968,8111
8052,8053,8110
8052,7967,7968
7967,8052,8110
7986,8052,8111
8053,8052,7986
9308,9307,9372
9307,9308,9292
9372,9307,9334
9307,9292,9334
10039,9992,10033
10034,10039,10033
9813,669,666
684,682,9881
688,684,9881
682,684,678
684,688,678
9863,9800,9882
682,9863,9881
9863,9882,9881
9800,9863,9799
9799,9863,9853
9863,678,9853
9863,682,678
9235,9174,9234
9177,9174,9235
9174,9233,9234
9233,9174,9176
9174,9169,9176
9169,9174,9154
9174,9177,9154
7973,8023,7976
8023,7973,8282
8023,7702,7976
8281,8282,8291
8287,8281,8291
8281,8023,8282
8023,8281,8647
8647,8185,8161
8185,8287,8293
8185,8281,8287
8281,8185,8647
8184,8185,8293
8185,8184,8161
8162,8243,8051
8243,8162,8503
8520,8243,8503
8243,8520,8148
8237,8243,8148
7629,7627,8022
7837,7629,8022
7629,7837,7513
7629,7513,7511
7627,7629,7511
7837,8435,7513
8963,8964,8998
9116,8964,8962
8998,8964,9116
8964,8765,8962
8964,8963,8765
8764,8963,8541
8963,8764,8765
8675,8764,8541
8765,8764,8674
8764,8675,8674
9266,8519,8259
9266,8286,8519
8286,9266,8147
9155,9170,9168
9170,9261,9168
9170,9120,9082
9261,9170,9082
7608,7705,8333
7640,7749,7880
7280,7560,6949
7560,7506,6949
7560,7559,7506
9375,9406,9407
9408,9406,9375
9406,9409,9407
9409,9406,9429
9406,9408,9429
11096,11014,11055
11085,11096,11055
11096,11085,11056
11096,11015,11014
11096,11056,11015
11056,11097,11092
11085,11097,11056
11097,11085,11095
11097,11256,11092
11256,11097,11157
11097,11156,11157
11156,11097,11095
11146,11067,11016
11067,11017,11016
11017,11067,11041
11041,11067,11072
11072,11141,11126
11141,11231,11126
11067,11141,11072
11141,11067,11146
11141,11230,11231
11079,11146,11016
11079,10934,10997
10934,11079,11016
4135,3638,4136
3638,3998,4136
3638,3640,3998
3641,3972,3765
3638,3972,3641
3972,3638,4135
8395,8371,8370
8371,8215,8216
8371,8395,9369
8215,8371,9369
8214,8372,8216
8372,8371,8216
8372,8347,8370
8371,8372,8370
8742,567,571
567,564,571
567,8742,8645
8369,567,8645
564,567,8369
554,8248,552
8411,8248,554
8248,8411,8214
8424,8423,8496
8423,8424,8417
8423,8418,8797
8423,8417,8418
8309,8433,8192
8309,8192,8079
8432,8434,8621
8648,8432,8621
8432,8648,8588
8432,8309,8434
8433,8432,8588
8309,8432,8433
8434,8497,8496
8424,8497,8331
8497,8424,8496
8497,8308,8331
8329,8409,8134
8332,8409,8331
8409,8424,8331
8134,8409,8136
8409,8332,8136
8424,8409,8417
8409,8329,8417
7656,7220,7298
7220,7221,7298
7221,7220,7171
7220,7174,7171
7972,8194,7602
7174,8194,7972
7602,8194,7656
8194,7220,7656
7220,8194,7174
7437,7435,7417
7435,7376,7436
7435,7437,7376
8171,7995,8619
7994,7995,8171
7661,7995,7659
7995,7994,7659
7417,7604,7371
7435,7604,7417
8275,8152,8563
8275,8564,8562
8564,8275,8563
8152,8275,8151
8151,8275,9133
8275,8562,9133
8831,8957,8844
8831,8695,8957
8683,8798,8662
8795,8798,8683
8662,8798,8844
8798,8831,8844
8874,8877,8939
8877,8874,8876
8939,8877,8940
8877,8942,8940
8877,8876,8942
8825,654,656
9111,8825,656
8825,8878,8801
8825,9111,8878
9030,8803,8748
9030,8748,8736
9005,9030,8736
8824,9030,9005
9031,8822,8824
8822,9030,8824
9030,8822,8803
8822,9031,650
8929,8822,650
735,744,9713
9721,744,752
9713,744,9721
744,705,752
705,744,718
744,735,718
9714,9614,728
9714,9662,9614
735,9714,728
9714,735,9713
9720,9714,9713
9662,9714,9720
9479,9413,9470
9146,9413,9478
9413,9479,9478
9051,9041,9038
9041,9146,9039
9038,9041,9039
9041,9413,9146
9413,9041,9051
9284,9050,8997
9050,8913,8997
9393,9198,9284
9198,9050,9284
9050,9198,9051
9198,9393,9470
9413,9198,9470
9198,9413,9051
10227,10308,10414
10308,10469,10414
10308,10227,10246
10340,10308,10246
10469,10308,10340
1280,1286,1282
10419,1279,1278
10420,10419,10365
10419,1280,1279
10419,10270,10365
1286,10419,10420
1280,10419,1286
10270,10419,10321
10419,1278,10321
1287,1289,1285
1289,10460,1285
10460,1289,1291
1292,1290,10420
1290,1286,10420
1293,1290,1295
1286,1284,1282
10418,10864,10430
10864,10699,10430
10694,10864,10571
10864,10418,10571
10864,10694,10695
10699,10864,10695
10699,10686,10430
10686,10646,10687
10686,10699,10646
10328,10360,10302
10328,10315,10360
10263,10328,10302
10315,10328,10314
10328,10327,10314
10327,10328,10263
10635,10301,10462
10249,10301,10299
10300,10301,10249
10301,10396,10462
10301,10300,10396
10802,10718,10730
10802,10635,10718
10461,10603,10602
10603,10461,10582
10677,10603,10498
10602,10603,10677
10603,10496,10498
10496,10603,10582
10026,10012,10010
10024,10026,10010
10026,10024,10027
10026,10027,10390
10166,10026,10390
10023,10046,10028
10023,10028,10027
10024,10023,10027
10023,10024,10025
10046,10023,10025
840,10091,836
10091,10364,836
10335,10091,840
10091,10335,10213
10090,10091,10213
10364,10091,10090
10215,10211,10263
10211,10215,10112
10215,10212,10112
10238,10215,10263
10212,10215,10238
10019,9975,10032
10025,10019,10032
10019,10005,9963
10019,10025,10010
10005,10019,10010
10018,10019,9963
10019,10018,9975
9953,10001,827
9953,10054,10001
10052,9953,827
9953,10052,10053
10054,9953,10053
10570,11564,10569
10268,10239,10267
10239,10268,10240
10353,10268,10267
10268,10353,10366
10325,10268,10366
10371,10387,10324
10371,10234,10387
10234,10371,10231
10081,10233,10073
10233,10078,10073
10233,10232,10078
10232,10323,10387
10323,10325,10387
10268,10323,10240
10323,10268,10325
10167,10114,10166
9978,9979,9926
9979,9978,10042
9926,9979,9922
10179,10255,10762
9990,9979,10042
10077,9910,810
9910,10077,9937
10077,810,813
10077,813,9954
9937,10077,9954
9939,9910,9937
9939,10018,9963
10018,9939,9937
9964,10016,9909
9964,9965,10004
9928,9927,9914
9928,9844,9948
9844,9928,9914
9927,9928,9933
9934,9928,9948
9928,9934,9933
9796,9774,9776
9796,9797,9774
9796,9776,9913
9893,9796,9913
1097,5971,1099
1097,1106,1098
1097,1099,1106
1081,1089,1090
5593,1089,1081
1088,1084,5592
1084,5593,5592
1089,1084,1088
1084,1089,5593
4837,4836,5592
5592,4836,6419
4836,5455,6419
5455,4836,4816
4729,4815,4539
4815,4837,4539
4815,4729,4730
4816,4815,4730
4836,4815,4816
4815,4836,4837
561,7363,7384
561,7362,7363
562,561,7384
561,562,565
1133,6834,1135
6961,6834,6477
6834,6961,1135
6477,6834,6476
6834,1127,6476
1127,6834,1130
6834,1133,1130
1134,1133,1135
1134,7200,7201
7200,1134,1135
7553,7731,7720
7554,7553,7720
7644,7736,7737
7644,7198,7736
7816,7815,7851
7541,7832,7752
7832,7834,7752
7977,7832,7541
8193,7832,7977
7834,7869,7870
7832,7869,7834
7869,7832,8193
7869,7868,7870
7869,7865,7868
7869,7863,7865
7869,8193,7863
7946,7853,7944
7853,7946,7852
7853,7852,7737
7853,7737,8311
7944,7853,8311
8632,8630,8627
8632,8485,8634
8632,8627,8485
8408,8632,8634
8855,8632,8408
8630,8632,8855
6154,5869,5685
6437,5869,6154
5869,6437,5456
5451,5869,5456
5869,5451,5685
1478,1480,1506
1411,1478,1479
1478,1411,1480
1664,1571,1572
1571,1573,1504
1505,1571,1504
1571,1505,1572
1534,1569,1551
1569,1534,1573
1571,1569,1573
1569,1571,1664
2270,2594,2061
2594,2270,2433
2594,2062,2061
2594,2433,2553
2062,2594,2553
2644,2724,2725
2725,2724,2804
2724,2985,2804
2724,2723,2985
2987,3127,2986
2831,2987,2986
2987,3123,3127
2723,3128,2831
3128,2987,2831
2987,3128,2749
2672,3128,2645
2749,3128,2672
3069,2749,2750
3069,3072,3580
3069,2750,3072
3123,3069,3580
2987,3069,3123
3069,2987,2749
2000,1898,1741
2000,1896,1898
2000,1741,2001
2179,2000,2001
2000,2179,2065
1896,2000,2065
2481,2362,2627
2617,2481,2627
2481,2595,1998
2362,2481,1998
2658,2432,2306
2432,2658,2660
2658,2656,2660
2778,2659,2864
2659,2698,2656
2698,2659,2779
2659,2778,2779
2465,2354,2464
2465,2890,3519
2890,2465,2464
2972,2465,3519
2514,2465,2972
2153,2209,2171
2231,2153,2171
2069,2153,2231
2153,2069,2155
2326,2208,2273
2209,2208,2326
2153,2208,2209
2273,2208,2155
2208,2153,2155
3323,3095,3322
4309,3194,3237
3194,3193,3237
3194,3008,3193
2575,2637,2829
2637,2575,2636
3008,2952,2933
2830,2952,2839
2952,3194,2839
3194,2952,3008
2552,2575,2573
2552,2551,2575
2551,2552,2554
2552,2573,2550
2429,2552,2550
2554,2552,2429
2574,2703,2610
2703,2574,2573
2573,2574,2550
2550,2574,2129
2574,2610,2129
7314,7315,7258
7225,7314,7258
7366,7314,7326
7314,7245,7326
7314,7225,7245
7314,7366,7376
7315,7314,7376
6887,6884,6886
6670,6884,6887
6884,532,6886
6884,6670,6885
6884,530,532
530,6884,6885
2640,2671,2672
2642,2640,2672
2344,3040,2613
2671,2344,2612
2344,2640,3040
2640,2344,2671
2612,2344,2380
2344,2613,2380
3040,2345,2641
2640,2345,3040
2345,2640,2642
2345,2341,2641
2345,2523,2341
2523,2345,2646
2345,2642,2646
4818,5189,5130
4949,5189,4950
5189,4818,4950
5690,5689,5637
5830,5689,5828
5689,5829,5828
5689,5690,5829
4976,4916,4973
4976,5113,5196
4976,4973,5113
4916,4976,4933
4909,4976,5196
4933,4976,4909
3983,4318,4682
4318,3981,4414
4318,3983,3981
4806,4318,4414
4974,4806,4975
4806,4974,4682
4318,4806,4682
5367,4918,4919
4918,4314,4919
4314,4918,4414
4918,4806,4414
4918,5367,4975
4806,4918,4975
3778,3779,3798
3778,4421,3801
4421,3778,3798
3775,3800,3477
3800,3965,3477
3800,3775,3799
3965,3800,3984
3779,3800,3799
4316,3982,3801
3982,4316,4315
4314,3982,4315
3981,3982,4414
3982,4314,4414
4097,4213,4214
4119,4213,4097
4542,4514,4910
4515,4514,4542
4514,4515,4459
4810,4233,4405
4810,4514,4513
4810,4405,4910
4514,4810,4910
4513,4809,4119
4809,4213,4119
4809,4514,4459
4514,4809,4513
4810,4525,4233
4525,4810,4513
4525,4232,4233
4232,4525,4274
4525,4513,4118
4274,4525,4118
6179,6351,6331
6179,6331,6663
6153,6179,5949
6351,6179,6153
6179,6284,5949
6179,7626,6284
6179,6663,7626
3261,3239,3525
3261,3262,3239
3209,3261,3525
3262,3261,3238
3261,3171,3238
3261,3209,3171
8789,8618,8954
9061,8789,8954
8789,9061,9132
5918,5916,6173
5915,5918,5745
5916,5918,5915
6197,6056,6173
6198,6197,6173
5644,5664,6055
5664,5299,5542
5664,5644,5299
5664,6766,6055
6766,5664,6056
6402,6766,6405
5194,5374,5193
5286,5374,5194
5374,5334,5193
5374,6363,6088
5374,5286,6363
5374,5839,5334
5839,5374,6088
6766,6914,6055
6914,6766,6402
6528,5644,6055
6914,6528,6055
6528,6914,6210
5645,6209,5285
5645,6210,6209
5645,5285,5298
6016,6977,6206
6977,6914,6206
6914,6977,6210
5838,6015,5462
5838,6016,6015
5839,5838,5462
5838,5839,6088
4965,4877,5251
4877,4965,4629
4965,4808,4629
4965,5251,5005
4808,4965,5005
5521,5539,6304
5539,5518,5944
6147,5539,5944
5539,6147,6304
5519,5301,5518
5539,5519,5518
5519,5539,5521
5519,5521,5300
5301,5519,5300
6270,6765,6411
6730,6765,6732
6765,6730,6411
8228,6409,6733
7953,6409,8228
6409,6411,6733
6409,6269,6411
6410,6198,6269
6409,6410,6269
6410,6409,7953
6410,7953,6470
6197,6410,6470
6410,6197,6198
3852,3872,3853
3872,3870,3853
3872,3852,4089
4204,3872,4089
3872,4204,3936
3870,3872,3936
3869,3870,3933
3870,3869,3853
3789,3819,3821
3820,3819,3789
3819,3852,3821
3852,3819,3988
3988,3819,4088
3819,3820,4088
5460,5424,5423
6102,5424,5460
4953,4922,4398
5423,4922,4953
4922,4396,4398
4922,4956,4396
5424,4922,5423
4922,5424,4956
4041,4957,6062
4957,4041,4921
4956,4957,4921
4957,4935,6062
4957,5424,6100
5424,4957,4956
5053,5162,5833
5162,5132,5161
5162,5053,5132
5346,6203,6172
6203,5346,6204
6207,6321,6213
6213,6321,5161
6321,5162,5161
5162,6321,6204
5016,4955,5798
5011,5053,5833
5223,5635,5459
5097,5223,5459
5635,5223,5441
5223,5649,5441
5093,4434,5096
4436,5093,5096
4580,4456,4619
4456,4457,4619
4457,4456,4463
4144,6061,4524
4524,6061,6062
6061,4041,6062
6316,5780,6364
6959,6315,6365
6315,6316,6365
6319,6315,6959
5684,6441,6364
5684,5780,5615
5780,5684,6364
4899,4901,5615
4901,4897,5351
5254,4900,5387
4900,4901,4899
4935,5487,5351
4901,5487,5615
5487,4901,5351
5494,6101,6100
6087,6007,360
358,6087,360
357,358,355
357,5494,6085
6087,357,6085
357,6087,358
347,351,346
351,353,346
351,347,349
6441,351,349
6101,5493,5486
5494,5478,6085
5478,6102,6085
5478,5494,6100
5424,5478,6100
5478,5424,6102
6007,6008,5885
6008,5712,5885
6102,6008,6085
6008,6102,5460
5712,6008,5460
6008,6087,6085
6087,6008,6007
5873,5872,5854
5873,5854,5856
5873,5443,5442
5872,5873,5442
5636,5873,5856
5443,5873,5636
3718,3553,3761
3553,3718,3780
3552,3553,3780
3829,3553,3584
3553,3829,3761
3553,3552,3545
3553,3492,3584
3553,3545,3492
3632,3694,3696
3593,3632,3617
3695,3632,3696
3632,3616,3617
3616,3632,3695
3694,3631,3780
3631,3552,3780
3631,3632,3593
3632,3631,3694
3552,3631,3497
4022,4020,3822
4020,3618,3822
4020,3845,3844
4020,4022,3845
3879,4020,3844
3618,4020,3879
2631,2654,2663
2663,2654,2662
2654,3023,2662
2661,3020,3022
3023,2661,2662
2661,3023,2664
2661,2993,2662
2993,2661,3022
3021,3358,3441
3358,3021,2664
3020,3021,3661
3021,2661,2664
2661,3021,3020
3021,3581,3661
3581,3021,3441
3534,2971,3533
3178,2971,3534
2971,2969,3533
2971,3151,2871
2971,3178,3151
2836,2971,2871
2969,2971,2836
2269,2330,2268
2482,2330,2269
2330,2399,2233
2330,2665,2399
2330,2482,2665
2268,2330,2123
2330,2233,2123
2748,2767,2732
2767,2482,2732
2767,2748,2923
2585,2767,2923
2665,2767,2585
2482,2767,2665
3179,3173,3206
3206,3173,3180
3173,3174,3180
3173,3179,3185
3129,3173,3185
3173,3129,3174
3227,3506,3228
3227,3362,5352
3227,3228,3362
3639,3505,3641
3505,3638,3641
3638,3505,3640
3521,3639,3520
3521,3505,3639
3253,3254,3237
3254,4309,3237
3253,3624,3520
3624,3428,3520
3624,3253,3193
3428,3624,3193
3675,3207,3525
3207,3209,3525
3205,3207,3675
3209,3207,3180
3207,3205,3180
2718,2704,3032
2719,2704,2718
2704,2719,2717
2704,2610,3032
2704,2717,2530
2610,2704,2530
1511,1500,1510
1499,1500,1511
2488,3393,2422
2456,3393,2488
3393,2307,2422
3393,2456,2440
2267,3393,2440
2307,3393,2267
2906,2776,2940
2940,2776,2873
2776,2909,2873
2909,2776,2775
2776,2907,2775
2776,2906,2907
2126,2137,2080
2141,2137,2126
2137,2037,2080
1940,1941,2158
2138,1941,1925
1941,1923,1925
2022,1942,1922
1923,2022,1922
1942,2022,2020
2022,1940,2020
1941,2022,1923
2022,1941,1940
2215,2374,402
2258,2141,2279
2141,2258,2158
2258,2279,397
1896,2066,1716
2066,1897,1716
2066,2065,2192
2066,1896,2065
2193,2066,2192
1897,2066,2193
1819,1629,1606
1629,1485,1606
1485,1629,1579
1579,1629,1613
1629,1819,1613
7854,7991,7894
7991,7854,7895
7992,7991,7895
7894,7991,7988
7991,7992,7988
7847,7676,7895
7676,7990,7895
7676,7847,7713
7426,7676,7713
6865,6864,7653
6864,7425,7653
6864,149,7645
149,6864,145
6864,6865,145
6721,5947,5946
5947,6721,7645
6674,6721,5946
6740,6721,6674
6940,7715,7269
7405,7715,6940
7598,7715,7405
7715,7267,7269
7715,7598,7267
7597,7405,7347
7596,7597,7564
7405,7597,7596
8123,8122,8158
8122,8113,8158
7848,8122,8123
8122,7848,7903
7902,7596,7564
7780,7902,7564
8335,8761,8336
8761,8297,8336
8297,8761,8337
8514,8761,8335
8337,8761,8437
8761,8514,8437
8513,8555,8554
8514,8513,8554
8555,8513,8552
8513,8514,8511
8552,8513,8553
8556,8513,8511
8513,8556,8553
8390,8414,8413
8414,8581,8413
8581,8414,8580
8580,8508,8507
8508,8342,8507
8414,8508,8580
7788,7785,7876
7970,7766,7971
7766,7909,7971
7733,7766,7732
8000,7952,8056
8181,8000,8056
7952,8000,8001
8428,7970,7971
8267,8428,7971
8269,8267,7971
8092,8269,8181
5373,5210,5843
5373,5348,5372
5373,5843,5348
5303,5373,5372
5210,5373,5303
4700,4854,4894
4699,4700,4894
4854,4700,5021
4700,4445,5021
4576,4725,4158
4576,4796,4725
4576,4158,5371
4156,4576,5371
4796,4576,5110
4576,4156,4193
5110,4576,4193
10712,10612,10711
10715,10612,10712
11153,11224,11207
11153,11208,11224
11153,11207,11152
10862,10883,10786
10888,10883,10882
10883,10862,10882
10769,10787,10940
10787,10769,10754
10770,10787,10754
10787,10770,10786
11260,11220,11207
11221,11220,11260
11220,11221,11202
11220,11202,11152
11207,11220,11152
10372,10371,10409
10372,10283,10370
10372,10407,10283
10231,10372,10370
10371,10372,10231
10595,10705,10569
10705,10595,891
10618,10705,890
10705,891,890
10597,10563,10727
10563,10597,11405
10556,10563,11405
10555,10563,10556
10597,10753,10596
898,10753,10754
10753,898,10596
10753,10770,10754
10753,10755,10770
10755,10753,10727
10753,10597,10727
895,10897,911
907,10897,895
10897,10932,911
10897,907,10932
897,898,902
897,907,895
907,897,902
898,897,10596
10595,897,895
897,10595,10596
10499,10298,10436
10353,10499,10518
10248,10238,10249
10248,10237,10238
10303,10248,10249
10298,10248,10303
10248,10353,10267
10237,10248,10267
10248,10499,10353
10499,10248,10298
7237,6387,5934
7237,6687,6387
7237,5934,6601
6335,7237,6601
6687,7237,6335
6915,6661,6388
6814,6915,6388
6915,6814,6813
6915,6813,6812
6661,6915,6812
7774,7398,7993
7774,7776,7065
7774,7993,7950
7776,7774,7950
7430,7057,7466
7056,7057,7430
6814,7057,6813
7057,7056,6813
7058,7056,7397
7252,7058,7397
7058,6916,6813
7056,7058,6813
6916,7058,7412
7058,7252,7412
6245,6604,6605
6245,6605,6337
6248,6245,6337
6604,6245,6606
6245,6247,6606
6245,6248,6127
6247,6245,6127
7475,7373,7473
7558,7475,7473
7373,7475,7474
7475,7538,7474
7475,7558,7538
5513,5510,6000
5513,5509,5489
6128,6247,6127
6623,7015,6622
6623,6622,6606
6247,6623,6606
7770,7771,7812
7770,7807,7529
7807,7770,7812
7118,7018,7099
7118,7119,7018
7118,7099,7147
7182,7379,7473
7119,7182,7473
7118,7182,7119
7182,7118,7147
7181,7182,7147
7182,7181,7379
5848,6023,6345
5847,6023,5848
6023,5847,6022
7882,6347,6346
7882,6022,6347
7882,6023,6022
6345,7882,6346
6023,7882,6345
4287,4481,4479
4481,4287,4478
4757,4481,4478
4481,4563,4479
5407,5306,6099
5306,4757,6099
5306,6116,5305
6116,5306,5408
7125,7230,7269
7126,7230,7125
7230,6709,6708
7230,7127,6709
7230,7126,7127
7230,6940,7269
6940,7230,6708
6674,6738,6739
6673,6738,6674
6738,7126,6739
7126,6738,7127
6738,6673,7127
7100,6725,7348
6725,7347,7348
7347,6725,7349
6725,6729,6710
6725,7100,6729
7404,7781,7564
7404,7563,7781
7141,7196,6826
6725,7196,7349
6698,7141,6826
7141,6698,7483
7615,7614,7483
7763,7614,7615
7563,7614,8226
7614,7763,8226
7484,7404,7349
7404,7484,7563
7196,7484,7349
7484,7196,7141
7484,7614,7563
7484,7141,7483
7614,7484,7483
1140,1155,1141
1145,1155,1140
1155,1158,1146
1155,4117,1158
1155,1145,4117
1142,1155,1146
1155,1142,1141
1177,1178,1175
1178,1177,3524
1177,1175,3482
3524,1177,3482
1181,1189,1182
1189,1181,3367
1181,3524,3367
1167,1169,1166
1169,1167,3970
4045,1167,1166
1167,4045,3970
1174,1171,3970
1171,1169,3970
1171,1174,1175
1178,1171,1175
1171,1178,1182
1171,1182,1166
1169,1171,1166
6917,6722,6492
6917,6916,7412
6917,6492,6812
6916,6917,6812
6722,7035,6793
7399,7035,7412
7035,6917,7412
6917,7035,6722
5620,6361,5617
5620,6299,6361
5310,5620,5617
5619,5620,5310
6299,5620,6298
5620,5619,6298
5701,5700,5435
5700,5701,6211
6211,5701,5834
4648,4643,4647
4645,4643,4648
4643,4690,4647
4690,4643,4529
4529,4643,4451
4643,4645,4451
5434,5206,5618
5434,5701,5435
5433,5434,5435
5206,5434,5433
5434,5618,5617
5434,5617,5834
5701,5434,5834
4903,4793,4902
4793,4794,4902
4793,4795,4646
4794,4793,4646
4795,4905,4904
4905,5719,4904
4793,4905,4795
4905,4793,4903
5719,4905,5433
4905,5010,5433
4905,4903,5010
5205,5107,5309
4510,5295,4753
7067,6700,6792
7067,7066,6700
7065,7067,6792
6979,6517,6825
6727,6979,6825
6824,6979,6727
6700,6520,6792
7253,7571,7065
7571,7774,7065
7398,7571,7251
7774,7571,7398
7035,6986,6793
6986,7035,7399
6360,6362,6359
6753,6362,6360
6359,6362,6399
6399,6362,6401
6362,6459,6401
6362,6753,6400
6459,6362,6400
5679,6380,6021
6380,5679,5887
5679,5681,5216
5681,5407,6099
5681,5679,6021
4287,4482,4478
4482,4895,4478
4482,4287,4480
5273,4820,5142
4820,5273,5216
4482,4820,4895
4570,5327,7491
5143,4570,7491
4570,4520,5327
4570,4519,4520
4571,5144,5142
4571,5143,5144
4570,4571,4519
4571,4570,5143
6945,6427,6570
6427,6571,6570
6427,5705,6571
5707,5704,5605
5705,5704,5707
6427,5704,5705
5605,5704,5702
6928,7054,6648
6928,6945,6570
7054,6928,6822
6928,7428,6822
7428,6928,6570
6457,6459,6400
4708,3858,3842
3918,4064,3920
4064,4066,3920
4064,4114,4530
4529,4064,4530
4066,4064,4529
4794,4867,4902
4867,4794,4530
4114,4867,4530
8391,8390,8393
8278,8391,8393
8391,8414,8390
7877,8222,7878
8222,8035,7878
8035,8222,8105
8222,7949,8105
7949,8222,7877
8945,8438,9509
8438,8945,8758
8279,8280,8106
8279,8415,9509
8438,8279,9509
8279,8438,8280
8279,8106,8393
8415,8279,8393
8107,7949,7948
7949,8107,8106
8278,8107,7948
8106,8107,8393
8107,8278,8393
9845,9817,9846
9862,9845,9846
9844,9845,9948
9817,9845,9844
9845,9995,9948
9845,9862,9995
10316,10317,10355
10317,10316,10261
10517,10472,10473
10472,10517,10475
10368,10472,10475
10317,10829,10355
10829,10317,10337
10334,10456,10376
10456,10403,10376
10369,10456,10334
10242,10357,10358
10403,10357,10242
10357,10337,10358
10357,10829,10337
1321,10686,10687
1340,1335,1339
1335,1334,1339
1335,1340,1341
1335,1307,1304
1301,1335,1304
1335,1301,1306
1335,1306,1317
1299,1297,1295
1299,1302,1297
1302,1299,1304
1298,1301,1304
1299,1298,1304
1342,1322,1341
1342,1336,1322
10581,1330,1329
1330,10581,1331
1330,1327,1329
10832,10833,10937
11026,10833,10778
10833,10779,10778
10779,10833,10832
10833,10935,10937
10935,10833,10936
10833,11026,10936
10748,10744,10747
10748,10749,10744
10954,10748,10747
10749,10748,10778
10778,10748,10989
10748,10954,10989
10613,10624,10614
10613,10614,10590
10593,10613,10590
10934,10927,10868
10927,10934,10933
10927,10933,10929
10868,10927,10867
10927,10926,10867
10926,10927,10929
10981,11017,10980
11017,10981,10933
10933,10981,10929
10929,10981,10975
10981,10980,10975
10439,10438,10442
10440,10439,10443
10438,10439,10382
10439,10440,10382
10443,10439,10405
9903,9986,9985
10209,9986,10050
9986,10049,10050
9986,10047,9985
9986,10209,10047
10048,9935,9932
10049,10048,9932
10048,9899,9935
9986,10048,10049
10048,9903,9899
10048,9986,9903
9917,9920,9929
9920,9917,9848
9920,9921,9929
9920,9848,9847
9921,9920,9847
9982,10165,10160
10164,10165,9982
10160,10165,10222
10165,10305,10222
11190,11288,11222
11143,11288,11190
11223,11288,11360
11288,11223,11222
11288,11143,11289
11288,11305,11360
11288,11289,11305
8785,8786,8837
8837,8786,8935
8786,8768,8935
8768,8786,8771
8786,8785,8771
6258,6523,5890
5714,6258,5890
7561,7608,7562
7561,7562,7506
7559,7561,7506
6937,6939,6926
6939,6937,6923
6926,6939,6785
6939,6784,6785
6939,6923,6784
6250,6609,6145
6609,6869,6145
6609,6786,6608
6642,6609,6608
6869,6609,6642
6609,6251,6786
6251,6609,6250
6081,5715,6082
5715,6081,5717
6876,6081,6082
6668,6081,6876
6676,6620,6678
6620,6579,6678
6579,6620,6581
6581,6620,6607
6620,6676,6607
6944,6668,7044
6944,6081,6668
10039,10084,9992
9992,10084,9993
10084,10068,9993
10068,10084,10083
10083,10082,10133
10082,9983,10133
10084,10082,10083
10082,10084,10039
9983,10082,9984
10082,10034,9984
10082,10039,10034
671,9813,9829
671,669,9813
671,9829,673
8023,8021,7702
8021,8023,8647
8021,7704,7702
7704,8021,8024
8021,8161,8024
8021,8647,8161
8435,7606,7513
7513,7606,7323
7606,7325,7323
7325,7606,8543
8543,7662,7639
7606,7662,8543
7662,7606,8435
8242,7837,8051
8242,8435,7837
8238,8240,8149
8147,8238,8149
9266,8238,8147
8240,8238,8259
8238,9266,8259
9121,9155,9122
9121,9170,9155
9170,9121,9120
9121,9122,9056
9120,9121,9056
7881,7640,7641
7968,7706,8111
7706,7968,8333
7705,7706,8333
7888,7881,8125
7922,7987,7986
7987,7922,7985
7749,7281,7880
6926,7281,7280
7880,7281,6927
7281,6926,6927
7696,7560,7280
7281,7696,7280
7696,7281,7749
11141,11216,11230
11216,11141,11146
11230,11252,11379
11252,11363,11379
11216,11252,11230
11252,11216,11217
11079,11080,11146
11080,11216,11146
11216,11080,11217
11203,11251,11205
11471,11251,11203
11251,11086,11205
3456,3773,3628
8411,8348,8214
8348,8372,8214
8348,8411,556
8372,8348,8347
8348,556,558
8347,8348,558
8249,8171,8170
8266,8249,8170
8249,8266,552
8248,8249,552
8215,8033,8216
8033,8215,8100
8033,8100,7659
7994,8033,7659
8496,8638,8639
8423,8638,8496
8638,8683,8662
8639,8638,8662
8683,8638,8797
8638,8423,8797
8309,8310,8434
8310,8497,8434
8497,8310,8308
8308,8310,8079
8310,8309,8079
8619,7885,8096
7995,7885,8619
7470,7660,7727
7470,7887,7660
7887,7470,7659
7470,7661,7659
7467,7604,7435
7470,7467,7661
7467,7470,7604
7468,7368,7371
7604,7468,7371
7469,7468,7727
7368,7468,7469
7468,7470,7727
7470,7468,7604
8798,8860,8831
8875,8860,8873
8860,8795,8873
8860,8798,8795
8860,8875,9119
8695,8860,9119
8831,8860,8695
8823,8822,8929
8822,8823,8803
654,8823,8929
8825,8823,654
8803,8823,8801
8823,8825,8801
9050,8915,8913
8913,8915,8745
8915,8770,8745
8770,8915,8906
1283,1287,1285
1283,1284,1287
1284,1283,1282
1283,1285,10639
1288,1293,1291
1288,1290,1293
1290,1288,1286
1289,1288,1291
1306,1315,1317
1315,10686,1317
10686,1311,10430
10494,10634,10730
10634,10802,10730
10634,10494,10299
10301,10634,10299
10634,10301,10635
10802,10634,10635
9975,9952,9976
10018,9952,9975
10001,9952,9954
9952,10001,9976
9952,9937,9954
9952,10018,9937
10408,10618,10620
10407,10408,10620
10408,10372,10409
10372,10408,10407
10570,10523,11564
10523,10557,10556
11564,10523,10556
10416,10371,10324
10371,10416,10409
10416,10324,10386
10416,10408,10409
10408,10416,10570
10416,10523,10570
10557,10416,10386
10523,10416,10557
10241,10233,10081
10240,10241,10109
10241,10081,10109
10233,10241,10232
10323,10241,10240
10241,10323,10232
10358,10354,10202
10095,10114,10115
9990,10095,10115
10011,10095,10042
10095,9990,10042
10114,10125,10115
10125,10159,10126
10178,10255,10179
10178,10179,10140
10219,10178,10140
10178,10219,10162
9910,9938,9909
9939,9938,9910
9938,9964,9909
9938,9939,9963
9965,9938,9963
9964,9938,9965
10016,10043,10093
9964,10043,10016
10093,10043,10041
10043,10004,10041
10043,9964,10004
9797,9826,9825
9796,9826,9797
9900,9826,9830
9826,9900,9825
1093,1097,1098
1090,1093,1098
1089,1093,1090
1093,1089,1088
1093,1088,6419
5971,1093,6419
1097,1093,5971
7362,7387,7388
561,7387,7362
7388,7387,7386
7387,7617,7386
7387,7637,7617
1134,1132,1133
1132,1131,1130
1133,1132,1130
1131,1132,7201
1132,1134,7201
7731,8494,8071
7553,8494,7731
8494,8047,8071
8494,7816,8047
8494,7815,7816
7815,8494,7553
7735,7644,7737
7644,7735,7643
7852,7735,7737
7735,7852,7851
7815,7735,7851
7735,7815,7643
7552,7143,7144
7642,7552,7144
7552,7642,7198
7644,7552,7198
1552,1664,1628
1552,1569,1664
1569,1552,1551
1552,1553,1551
1553,1552,1570
1552,1628,1570
2647,2724,2644
2724,2647,2723
2647,2644,2645
3128,2647,2645
2647,3128,2723
2616,2481,2617
2481,2616,2595
2595,2616,2306
2616,2658,2306
2465,2461,2354
2461,2465,2514
2513,2617,2770
2515,2514,2864
2659,2515,2864
2515,2461,2514
2461,2515,2462
2837,4309,3094
3194,2837,2839
2837,3194,4309
4309,3252,3094
3252,3095,3094
3252,3254,3456
3254,3252,4309
3252,3456,3322
3095,3252,3322
3161,3323,3159
3161,3095,3323
2703,2852,3030
3095,2967,3094
3161,2967,3095
2637,2828,2830
2828,2952,2830
2777,2828,2636
2828,2637,2636
2828,2777,2933
2952,2828,2933
5211,5213,4949
5213,5189,4949
5213,5211,5190
5213,5190,5130
5189,5213,5130
5550,5623,5638
5550,5638,5637
5689,5550,5637
5550,5548,5452
5623,5550,5452
5550,5830,5548
5550,5689,5830
3797,3800,3779
3800,3797,3984
3797,3983,3984
3983,3797,3981
4392,4379,4476
4379,4459,4476
4213,4379,4214
4379,4809,4459
4809,4379,4213
4379,4378,4214
4379,4392,4378
8618,8818,8676
8789,8818,8618
8676,8818,8987
8818,8789,9132
8818,9132,563
8987,8818,563
6863,6197,6470
7015,6863,6470
6403,6863,6776
6197,6767,6056
6767,6403,6405
6767,6863,6403
6863,6767,6197
6766,6767,6405
6767,6766,6056
5664,6054,6056
6056,6054,6173
6054,5918,6173
6527,6528,6210
5645,6527,6210
6527,5645,5298
5644,6527,5298
6528,6527,5644
6313,6977,6016
6363,6313,6088
6209,6313,6363
6313,5838,6088
5838,6313,6016
6210,6313,6209
6977,6313,6210
6716,6765,6270
6716,6270,6268
6716,6861,6732
6765,6716,6732
6861,6716,6108
6716,6268,6108
3871,3851,3853
3869,3871,3853
3871,3869,3913
3851,3871,3914
3912,3871,3913
3871,3912,3914
5477,4957,6100
4957,5477,4935
4935,5477,5486
5477,6101,5486
6101,5477,6100
5346,6906,6204
6906,5162,6204
5162,6906,5833
6203,5224,6172
5296,5297,5442
5297,6098,5442
6208,6203,6204
6208,6321,6207
6321,6208,6204
6208,5297,6203
6098,6208,6207
5297,6208,6098
5122,6798,4860
4581,4614,4580
4614,4672,4580
4614,4581,4615
5347,5123,4860
4861,5011,5833
5133,4771,5012
5133,5011,4771
5011,5133,5053
5160,5133,5012
5133,5160,5132
5053,5133,5132
5223,5095,5649
5095,5224,5649
5224,5095,5093
5095,5223,5097
5095,5097,4434
5093,5095,4434
4465,5016,5798
5016,4465,4672
4463,4465,5798
4456,4465,4463
4672,4465,4580
4465,4456,4580
3934,4144,3913
3934,6061,4144
3869,3934,3913
3934,3869,3933
4041,3934,3933
6061,3934,4041
6317,6315,6319
6317,6319,6467
6317,6467,6468
6318,6317,6468
4900,5388,5387
5388,4900,4899
5388,4899,5615
5780,5388,5615
4901,4872,4897
4900,4872,4901
4897,4872,4726
4872,4727,4726
5485,4935,5486
5485,5487,4935
5485,5684,5615
5487,5485,5615
351,6440,353
6440,5493,353
6440,351,6441
6086,6101,5494
6086,5493,6101
6086,357,355
357,6086,5494
353,6086,355
5493,6086,353
3631,3498,3497
3498,3631,3593
3498,3593,3594
3463,3498,3594
3498,3463,3497
2654,3513,3023
2664,3513,3152
3023,3513,2664
3505,3504,3640
3640,3504,5352
3504,3227,5352
3227,3504,3506
3255,3521,3520
3255,3429,3256
3255,3520,3429
1478,1498,1479
1498,1496,1479
1496,1498,1490
1498,1499,1490
1498,1500,1499
2036,2141,2158
2036,2137,2141
1941,2036,2158
2036,1941,2138
2036,2138,2037
2137,2036,2037
2259,2258,398
398,2278,397
2278,2258,397
2258,2278,398
7990,7697,7849
7676,7697,7990
7697,7426,7677
7697,7676,7426
7425,7782,7646
6864,7782,7425
7782,6864,7645
7782,6740,7646
6721,7782,7645
7782,6721,6740
8084,8115,8113
8122,8084,8113
8084,8122,7903
8115,8084,7780
8084,7902,7780
7902,8084,7903
7850,7989,7849
7850,8094,7989
7697,7714,7849
7714,7697,7677
7714,7850,7849
7850,7714,7848
8344,8508,8414
8508,8344,8342
7787,7765,7786
7765,7788,7786
7765,7785,7788
7765,7763,8548
7763,7765,7787
7764,8548,7732
7764,7765,8548
7765,7764,7785
7766,7764,7732
7764,7766,7970
7876,7879,8357
7785,7879,7876
7879,8428,8357
8428,7879,7970
7879,7764,7970
7764,7879,7785
7766,7778,7909
7909,7778,7773
7067,7778,7066
8139,7861,7860
8506,8139,7860
8153,8181,8056
7811,8153,8056
7861,8153,7811
8268,7948,8357
8489,8268,8267
8428,8268,8357
8268,8428,8267
8489,8093,8809
8233,8000,8181
8269,8233,8181
8233,7909,8001
8000,8233,8001
7909,8233,7971
8233,8269,7971
8180,8269,8092
8093,8180,8092
8180,8093,8489
8180,8489,8267
8269,8180,8267
4548,4700,4699
4548,4892,5108
4892,4548,4699
10437,10493,10436
11208,11151,11186
11153,11151,11208
11151,11150,11186
11151,11128,11100
11150,11151,11100
11128,11151,11152
11151,11153,11152
10889,10883,10888
10889,10967,10940
10787,10889,10940
10883,10889,10786
10889,10787,10786
10889,10888,11013
10967,10889,11013
10563,10610,10727
10610,10715,10727
10610,10612,10715
10610,10563,10555
10493,10610,10555
10610,10493,10612
7079,6814,6686
7079,7057,6814
7079,6686,6868
7079,6868,7077
7079,7077,7466
7057,7079,7466
5999,5512,6000
5512,5513,6000
5998,5512,6336
5512,5999,6336
5509,5512,5998
5513,5512,5509
5513,5488,5510
5488,5576,5510
6046,5488,5489
5488,5513,5489
6206,5692,6150
6001,5999,6000
5999,6001,6127
6001,6128,6127
5726,6001,6000
6623,6624,7015
6863,6624,6776
6624,6863,7015
6624,6128,6776
6128,6624,6247
6624,6623,6247
7771,7530,7649
7770,7530,7771
7649,7530,7528
7528,7530,7508
7530,7529,7508
7530,7770,7529
5573,5847,5848
5847,5573,6021
5573,5681,6021
5681,5573,5407
4481,4688,4563
4688,4481,4757
6115,4688,5305
4688,6115,4563
4688,5306,5305
5306,4688,4757
7565,7597,7347
7565,7347,7349
7404,7565,7349
7597,7565,7564
7565,7404,7564
6726,6725,6710
6726,7196,6725
7196,6726,6826
6826,6726,6825
6727,6726,6710
6726,6727,6825
6698,6519,6700
6519,6520,6700
6699,6826,6825
6699,6698,6826
6517,6699,6825
6519,6699,6517
6699,6519,6698
6698,7839,7483
7066,7839,6700
7839,6698,6700
1180,1178,3524
1181,1180,3524
1178,1180,1182
1180,1181,1182
5107,5106,5309
5178,5106,5105
5309,5106,5178
5106,5107,5076
5106,5033,5105
5106,5076,5033
5107,5104,5076
5076,5104,5559
5009,5205,5204
5009,5107,5205
5010,5009,5204
5009,5104,5107
5009,5010,5008
5104,5009,5008
4084,4510,4115
4085,4084,4063
7775,7067,7065
7775,7776,7773
7776,7775,7065
7778,7775,7773
7775,7778,7067
7034,6986,7399
7034,7399,7251
7571,7034,7251
7034,7571,7253
6986,6985,6793
6380,6020,6021
6020,5847,6021
5847,6020,6022
5681,5217,5216
5217,4820,5216
4820,5217,4895
4895,5217,6099
5217,5681,6099
4820,4819,5142
4819,4571,5142
5888,6427,6945
6254,5888,6945
5704,5888,5702
5888,5704,6427
5888,5886,5702
5888,6254,5886
6254,6253,5886
5886,6253,5887
6253,6380,5887
6458,6457,6400
6461,6519,6517
6519,6461,6520
6461,6458,6520
6458,6461,6457
6979,6518,6517
6518,6461,6517
6461,6518,6457
6518,6979,6824
6518,6821,6457
6821,7428,6571
7428,6821,6824
6821,6518,6824
4707,3858,4708
4707,4452,4297
4142,4707,4708
4452,4707,4142
3479,3755,3665
3665,3755,4297
3755,4707,4297
4707,3755,3858
4065,4064,3918
4065,3918,4063
4114,4065,4115
4064,4065,4114
4084,4065,4063
4065,4084,4115
4755,4114,4115
4755,4867,4114
4510,4755,4115
4755,4510,4753
8093,8542,8809
8542,8093,8091
8280,8394,8220
8438,8394,8280
8220,8394,8756
8394,8757,8756
8757,8394,8758
8394,8438,8758
10317,10318,10337
10255,10318,10762
10318,10254,10762
10254,10318,10261
10318,10317,10261
10359,10472,10368
10355,10359,10368
10829,10359,10355
10359,10357,10403
10357,10359,10829
10404,10456,10369
10472,10404,10473
10359,10404,10472
10456,10404,10403
10404,10359,10403
1327,1325,10687
10686,1319,1317
1321,1319,10686
1294,1299,1295
1290,1294,1295
1294,1290,1292
1294,1298,1299
1307,1314,1312
1316,1314,1307
1312,1314,10508
1314,1316,10508
10508,1318,10511
1316,1318,10508
1335,1318,1307
1318,1316,1307
1342,1343,1336
1343,1342,1345
1326,1328,10511
10538,10558,10511
10558,10538,10640
10538,10600,10640
10538,1345,10600
10538,1343,1345
10613,10625,10624
10625,10613,10622
10625,10628,10630
10624,10625,10630
10628,10625,10629
10625,10622,10629
10622,10698,10726
10613,10698,10622
10726,10698,11421
10698,10593,11421
10698,10613,10593
10441,10442,10406
10441,10439,10442
10277,10441,10406
10439,10441,10405
10441,10278,10405
10278,10441,10277
10111,10164,10110
10111,10165,10164
10111,10110,805
10280,10111,805
10111,10280,10305
10165,10111,10305
6081,6580,5717
6944,6580,6081
6524,6579,6523
6258,6524,6523
6524,6580,6579
6580,6524,5717
5716,5714,5640
5716,6258,5714
5716,5715,5717
5715,5716,5640
6524,5716,5717
5716,6524,6258
7679,7705,7608
7561,7679,7608
7679,7561,7559
7679,7889,7705
7889,7679,7748
8048,7881,7641
7881,8048,8125
7639,8048,7641
7662,8048,7639
8243,8241,8051
8241,8242,8051
8241,8243,8237
8050,7662,8435
8242,8050,8435
8050,8048,7662
7888,7746,7881
7746,7749,7640
7881,7746,7640
7746,7888,7748
7696,7746,7748
7746,7696,7749
7921,7986,8111
7921,7922,7986
7706,7921,8111
7889,7921,7705
7921,7706,7705
7890,7889,7748
7888,7890,7748
7890,7921,7889
7921,7890,7922
7985,7923,8042
7922,7923,7985
7923,8043,8042
7890,7923,7922
11250,11471,11363
11252,11250,11363
11250,11252,11217
11250,11251,11471
11251,11250,11217
11064,11080,11079
11009,11064,10997
11064,11079,10997
11065,11064,11066
11064,11009,11066
11080,11215,11217
11215,11251,11217
11064,11215,11080
3972,4446,3765
3628,4215,3976
3773,4215,3628
8172,8249,8248
8172,8248,8214
8172,7994,8171
8249,8172,8171
8172,8033,7994
8172,8214,8216
8033,8172,8216
8330,7467,7435
7467,8330,7661
8330,7995,7661
8330,7885,7995
8915,9040,8906
9040,8915,9050
9040,9050,9051
9040,9051,9038
8906,9040,8907
9040,9038,8907
1281,1280,1282
1283,1281,1282
1280,1281,1279
1281,1283,10639
1278,1281,10639
1279,1281,1278
1311,1305,10430
1305,10429,10430
10429,1305,1303
1305,1306,1303
1315,1313,10686
1313,1311,10686
10408,10706,10618
10706,10408,10570
10706,10705,10618
10706,10570,10569
10705,10706,10569
10337,10356,10358
10356,10354,10358
10318,10356,10337
10114,10113,10166
10095,10113,10114
10113,10026,10166
10026,10113,10012
10113,10011,10012
10113,10095,10011
10158,10114,10167
10158,10125,10114
10158,10167,10202
10354,10158,10202
10125,10158,10159
9990,9991,9979
10103,9991,10126
9991,9990,10115
9991,10125,10126
10125,9991,10115
10638,10178,10162
10178,10638,10255
10638,10281,10255
10014,10117,10013
10117,10134,10219
10103,10057,9980
10134,10057,10103
9995,10057,10014
10057,10117,10014
10117,10057,10134
10057,9995,9906
9980,10057,9906
10219,10161,10162
10134,10161,10219
10161,10103,10126
10161,10134,10103
9832,9796,9893
9832,9826,9796
9826,9832,9830
9832,9831,9830
9832,9893,9831
7385,561,565
7385,7387,561
7387,7385,7637
570,7385,565
7385,570,7637
7551,7644,7643
7551,7552,7644
7552,7551,7143
7551,7554,7143
7551,7553,7554
7815,7551,7643
7551,7815,7553
2355,2461,2462
2513,2355,2462
2354,2355,2463
2461,2355,2354
2355,2173,2463
2173,2355,2770
2355,2513,2770
2657,2513,2462
2513,2657,2617
2657,2616,2617
2658,2657,2656
2616,2657,2658
2628,2659,2656
2628,2515,2659
2515,2628,2462
2657,2628,2656
2628,2657,2462
2837,2827,2839
2827,2830,2839
2637,2827,2829
2827,2637,2830
4310,2837,3094
2967,4310,3094
4310,2967,2838
2827,4310,2838
4310,2827,2837
2966,3161,3159
2966,3158,3160
3158,2966,3159
2966,2967,3161
2638,2852,2703
2638,2703,2573
2638,2575,2829
2575,2638,2573
2968,3160,3203
3031,2968,3203
3030,2968,3031
2852,2968,3030
3778,4317,3779
4317,3797,3779
4317,3778,3801
3797,4317,3981
3982,4317,3801
4317,3982,3981
6054,5744,5918
5744,5541,5745
5918,5744,5745
5663,5664,5542
5663,6054,5664
5663,5744,6054
5541,5663,5542
5744,5663,5541
6798,5124,4860
5124,6906,5346
4861,5124,6798
6906,5124,5833
5124,4861,5833
5224,5220,6172
5220,5224,5093
5220,5093,4436
5220,5347,6172
5347,5220,4436
5649,5225,5296
5225,5297,5296
5224,5225,5649
5225,5224,6203
5297,5225,6203
5122,4671,6798
5017,5122,4860
5123,5017,4860
5017,5016,4672
5221,5347,4436
5221,5123,5347
5221,4436,4437
4861,4939,5011
4771,4939,4747
5011,4939,4771
4747,4939,4655
4939,4671,4655
4939,4861,6798
4671,4939,6798
6317,6043,6315
5388,6043,5387
6043,6318,5387
6043,6317,6318
6043,5388,5780
6043,5780,6316
6315,6043,6316
4872,4871,4727
4727,4871,4531
4871,4873,4531
4871,5254,4873
4871,4900,5254
4871,4872,4900
5493,6219,5486
6440,6219,5493
6219,5485,5486
5485,6219,5684
5684,6219,6441
6219,6440,6441
2653,2654,2631
2653,3513,2654
2653,2631,2655
2747,2653,2655
2653,2747,3152
3513,2653,3152
3521,3208,3505
3208,3504,3505
3504,3208,3506
3208,3206,3180
3506,3208,3180
3255,3425,3521
3208,3425,3206
3425,3208,3521
3425,3255,3256
3179,3425,3256
3425,3179,3206
1501,1498,1478
1498,1501,1500
1501,1478,1506
1501,1506,1510
1500,1501,1510
2213,2259,2374
2213,2374,2215
2213,2215,2020
1940,2213,2020
2258,2280,2158
2259,2280,2258
2280,1940,2158
2280,2213,1940
2213,2280,2259
400,398,402
400,2259,398
2374,400,402
2259,400,2374
7850,8146,8094
8146,8123,8130
8094,8146,8130
8146,7848,8123
8146,7850,7848
7848,7692,7903
7714,7692,7848
7902,7692,7596
7692,7902,7903
8032,8091,8213
8032,8344,8091
7904,8032,8213
8032,7904,8505
8342,8032,8505
8344,8032,8342
7891,7766,7733
7891,7778,7766
7778,7891,7066
8090,8092,8181
8153,8090,8181
8139,8090,7861
8090,8153,7861
8392,8278,7948
8268,8392,7948
8542,8392,8809
8392,8489,8809
8392,8268,8489
8392,8391,8278
8392,8542,8391
4990,4549,6314
4549,5108,6314
4445,4372,4184
4184,4372,4180
4372,4370,4180
4700,4444,4445
4548,4444,4700
10493,10500,10436
10500,10493,10555
10500,10555,10518
10499,10500,10518
10500,10499,10436
10493,10611,10612
10713,10611,10492
10611,10437,10492
10611,10493,10437
10611,10713,10711
10612,10611,10711
6150,5694,5392
5692,5694,6150
5694,5692,5576
6205,5692,6206
6914,6205,6206
6205,6914,6402
5576,5575,5510
5510,5575,6000
5575,5726,6000
6001,6404,6128
5726,6404,6001
6128,6404,6776
5409,5848,5574
5409,5573,5848
5409,5574,5408
5573,5409,5407
5306,5409,5408
5409,5306,5407
7839,7613,7483
7613,7615,7483
7615,7613,7733
7613,7891,7733
7613,7839,7066
7891,7613,7066
4084,4511,4510
5295,4511,4754
4510,4511,5295
4511,4762,4754
4762,4511,4206
4511,4085,4206
4511,4084,4085
6791,7253,6792
6520,6791,6792
6791,7034,7253
6458,6791,6520
6791,6458,6985
7034,6791,6986
6791,6985,6986
6753,6460,6400
6460,6458,6400
6458,6460,6985
6460,6753,6358
6793,6460,6358
6985,6460,6793
6020,6649,6022
6347,6649,6648
6022,6649,6347
4571,4569,4519
4819,4569,4571
4519,4569,4480
4569,4482,4480
4569,4820,4482
4569,4819,4820
6381,6253,6254
6381,6928,6648
6381,6254,6945
6928,6381,6945
6823,6571,6401
6823,6821,6571
6459,6823,6401
6457,6823,6459
6821,6823,6457
3754,3479,3478
3754,3755,3479
3755,3754,3858
3754,3478,3753
3754,3753,3842
3858,3754,3842
4833,4753,5559
4833,4755,4753
4833,5104,5008
5104,4833,5559
8542,8343,8391
8391,8343,8414
8343,8344,8414
8344,8343,8091
8343,8542,8091
10404,10474,10473
10474,10404,10369
10474,10369,10479
10474,10514,10473
10514,10474,10479
1323,1321,10687
1325,1323,10687
1294,1296,1298
1296,10429,1300
10429,1296,1292
1296,1294,1292
1320,1322,10511
1318,1320,10511
1322,1320,1341
1336,1324,1322
1326,1324,1336
1322,1324,10511
1324,1326,10511
1328,1338,10511
1338,10538,10511
6771,6580,6944
6678,6771,6772
6579,6771,6678
6580,6771,6579
6771,7044,6772
6771,6944,7044
7747,7696,7748
7679,7747,7748
7747,7679,7559
7560,7747,7559
7696,7747,7560
8048,8049,8125
8050,8049,8048
8125,8049,8237
8049,8241,8237
8241,8049,8242
8049,8050,8242
7924,7890,7888
7924,7923,7890
7924,7888,8125
11078,11064,11065
11078,11215,11064
11078,11065,11086
11251,11078,11086
11215,11078,11251
3857,3773,3456
3857,4446,3773
3254,3857,3456
3857,3254,3253
3857,3253,3765
4446,3857,3765
4004,4767,4002
4005,4004,4002
3977,4004,4005
4004,3977,3976
4215,4004,3976
4446,4227,3773
4227,4215,3773
4227,4446,3972
4227,4004,4215
7721,8330,7435
8155,7721,7436
7721,7435,7436
8330,7721,7885
7721,8155,8096
7885,7721,8096
1305,1309,1306
1309,1305,1311
1313,1309,1311
1309,1315,1306
1309,1313,1315
10356,10338,10281
10338,10356,10318
10281,10338,10255
10338,10318,10255
10158,10968,10159
10968,10158,10354
10968,10281,10159
10356,10968,10354
10968,10356,10281
9991,9981,9979
9981,9980,9922
9979,9981,9922
9981,10103,9980
9981,9991,10103
10281,10163,10159
10638,10163,10281
10163,10638,10162
10159,10163,10126
10163,10161,10126
10161,10163,10162
10116,10117,10219
10116,10120,10118
10116,10118,10013
10117,10116,10013
10120,10116,10140
10116,10219,10140
2638,2840,2852
2840,2638,2829
2827,2840,2829
2840,2827,2838
2966,3096,2967
3096,2966,3160
2968,3096,3160
5125,5347,4860
5124,5125,4860
5125,5124,5346
5125,5346,6172
5347,5125,6172
4656,4671,5122
4671,4656,4655
4656,4615,4655
4656,4614,4615
4670,5017,4672
5017,4670,5122
4670,4656,5122
4614,4670,4672
4656,4670,4614
5221,4954,5123
5017,4954,5016
4954,5017,5123
5016,4954,4955
4954,5221,4437
4955,4954,4435
4954,4437,4435
7693,7714,7677
7693,7692,7714
7598,7693,7677
7693,7598,7596
7692,7693,7596
7905,8090,8139
7905,8093,8092
8090,7905,8092
7905,8506,8213
7905,8139,8506
8091,7905,8213
8093,7905,8091
4372,4443,4370
4443,4372,4445
4444,4443,4445
4547,4444,4548
4547,4548,5108
4549,4547,5108
4547,4443,4444
5389,5694,5576
5488,5389,5576
5389,5390,5392
5694,5389,5392
5390,5389,6046
5389,5488,6046
6403,6582,6405
6582,6404,5726
6582,6403,6776
6404,6582,6776
5692,5693,5576
5693,5575,5576
6205,5693,5692
5575,5693,5726
6381,6379,6253
6379,6020,6380
6253,6379,6380
6379,6649,6020
6649,6379,6648
6379,6381,6648
4755,5240,4867
4833,5240,4755
4867,5240,4902
4902,5240,5008
5240,4833,5008
10538,1337,1343
1338,1337,10538
1343,1337,1336
1337,1338,1328
7923,8041,8043
7924,8041,7923
8043,8041,8148
8041,8237,8148
8041,8125,8237
8041,7924,8125
4668,3972,4135
4668,4227,3972
4668,4135,5342
4767,4668,5342
4004,4668,4767
4227,4668,4004
2967,2853,2838
3096,2853,2967
2853,2840,2838
2840,2853,2852
2853,2968,2852
2853,3096,2968
4443,4495,4370
4547,4495,4443
4495,4547,4549
4370,4495,4371
4495,4549,4990
4495,5779,4371
5779,4495,4990
5725,6582,5726
5693,5725,5726
5725,5693,6205
5725,6205,6402
5725,6402,6405
6582,5725,6405
1002,989,984
1007,1002,984
989,1002,996
55,64,50
50,64,66
64,55,62
1307,1302,1304
1302,1307,1308
1307,1310,1308
1310,1307,1312
1342,1344,1345
1344,1342,1341
1284,1288,1287
1288,1289,1287
1288,1284,1286
1330,1325,1327
1325,1330,1331
1335,1319,1334
1319,1335,1317
1334,1319,1333
1319,1321,1333
1321,1323,1333
1323,1332,1333
1323,1325,1331
1332,1323,1331
1298,1296,1301
1301,1296,1300
1320,1318,1335
1320,1335,1341
1326,1337,1328
1337,1326,1336
