1,2,2862,2854,2740,2810,5,2791
2862,0,5,2707,2854,2791,2,7
4,0,2810,2740,2854,2739,2862,1
2809,4,6,2810,2811,2739,2741,2
2810,2,3,2809,2739,2740,2854,0
1,2707,7,2862,11,2791,2451,0
2811,3,8,2809,3103,2741,4,13
11,9,5,2707,2451,16,2862,2479
6,13,2811,3096,3103,10,3093,3
11,16,7,2451,20,2707,2415,5
13,3093,12,3095,14,3096,8,3046
9,2451,16,7,2707,2415,2479,20
14,3095,10,18,3093,3092,13,3180
3093,3096,10,8,3095,3103,3046,12
18,12,3095,3180,3092,10,22,3093
19,17,24,1899,30,21,-1,-1
11,9,2451,20,2415,7,2275,2479
19,1899,24,15,21,30,1838,25
14,3180,22,12,3092,3095,3181,28
24,15,17,30,1899,21,1838,36
16,2275,2415,32,26,11,2274,2451
1899,1838,25,17,24,1837,19,30
3180,28,3251,18,3181,31,3092,14
26,35,2182,2262,32,33,2181,-1
30,19,17,1899,1838,36,21,15
1837,29,21,1899,1838,1802,1839,27
23,32,2262,2182,20,35,2274,2275
1892,34,29,38,1491,1839,25,42
31,3251,22,37,3382,3181,3180,3250
27,25,1892,1837,1839,34,1802,21
36,24,19,1838,41,1840,1899,17
28,37,3251,3382,22,3383,39,3250
2262,2274,26,20,2275,2182,2241,2240
2181,35,40,2103,2017,2104,23,2182
38,27,1892,42,1491,45,29,1839
33,2181,23,2182,2104,26,40,2262
41,30,2366,1840,43,1801,24,1838
31,3382,39,3383,28,3251,3437,3404
34,42,1491,45,1892,27,47,1461
37,44,3437,3383,31,46,3382,3395
2017,2103,43,2181,33,2366,41,1916
2366,36,43,2017,1801,30,1900,40
38,45,34,1491,47,1461,1892,49
2366,2017,41,40,1900,36,1916,1801
46,3437,39,48,3394,3383,3395,37
42,47,38,1461,49,1491,34,54
48,44,3437,3394,51,39,3298,3395
45,49,1461,42,54,1502,1491,38
46,51,3394,44,3298,3437,58,3395
54,47,1502,1461,45,57,1399,42
52,3638,53,56,3187,63,59,-1
58,48,3298,46,65,3394,61,66
3638,50,56,53,3187,63,59,67
3638,52,3187,50,59,56,63,55
57,49,1502,62,47,1333,1461,68
60,59,3184,64,53,3187,3186,3185
52,3638,63,3187,50,53,67,59
54,62,1502,68,1333,49,1330,72
51,65,3298,66,61,69,48,3083
3184,3187,55,53,3186,60,3638,63
64,55,3184,59,61,3185,3084,3085
66,64,3084,69,60,58,65,3085
68,57,1330,72,54,1333,1502,75
3187,67,56,3638,52,71,3186,53
60,61,3184,3084,3085,55,3185,66
58,69,3083,66,3298,61,3028,51
61,69,3084,65,64,58,3085,3083
63,3137,3186,3187,71,56,3138,3141
62,72,1330,57,75,1333,1349,1329
66,3084,65,3083,61,3049,3050,58
73,76,77,3351,74,71,78,3644
74,67,3138,3137,63,79,73,70
68,75,1330,1349,62,80,1329,1333
70,77,3351,76,74,79,3644,78
71,79,3138,77,73,3137,3336,70
72,80,1349,68,83,1330,1101,1102
78,3351,3644,73,70,77,81,3700
3351,73,79,76,3644,3392,74,3700
3644,81,76,3351,82,3700,73,77
74,77,3138,3392,3336,73,3351,71
83,75,1101,1349,86,72,1383,1102
78,82,3644,3636,76,84,3700,3351
81,84,3636,78,3644,85,3786,3710
86,80,1383,1101,88,75,1349,1022
82,85,3786,3636,81,3710,87,78
3786,84,87,82,3710,91,81,3711
88,1383,83,89,80,1101,1022,95
91,3786,85,3711,94,3710,84,103
86,1383,89,83,95,1022,80,1101
95,1383,88,1022,1004,86,105,1003
4116,96,99,107,97,4117,4108,4115
94,87,3711,3786,103,3721,85,3710
102,97,4050,100,108,4108,99,3936
104,98,4267,112,106,114,111,96
103,91,3721,3711,110,87,3894,3786
89,105,1004,113,1022,986,1383,88
4116,107,90,99,4117,4115,115,114
4108,99,4050,92,102,4117,108,4116
106,93,4267,104,111,112,116,4349
4116,4108,97,4117,90,96,4050,4115
108,102,3936,101,92,3996,4050,109
3936,100,109,3893,108,110,103,102
108,92,100,4050,97,3936,3996,4108
94,110,3721,3894,91,109,3711,3805
112,93,4267,98,114,106,4140,4349
113,95,1004,986,117,89,120,1022
98,111,4267,116,104,93,112,4349
115,96,4115,4116,114,4117,99,4139
102,100,3936,3996,4050,92,4024,101
3893,110,101,3805,3936,103,3802,3894
103,3894,109,3805,3721,94,3722,101
106,116,4267,98,118,4485,4349,104
104,114,4140,4267,4349,93,115,4139
105,117,986,120,95,1004,1083,984
115,112,4140,4139,107,104,4115,96
4115,114,107,4139,4138,4117,4140,112
111,118,4485,106,4543,119,4267,4349
113,120,1083,986,105,984,122,123
116,4543,4485,119,111,121,4527,4544
121,118,4543,124,116,4544,4485,126
1083,117,122,123,113,984,985,986
124,119,4543,4544,126,118,4895,4527
123,120,1083,985,117,125,127,984
122,125,985,120,1083,127,1046,129
126,121,4544,4895,128,119,4543,130
1046,127,123,985,1048,129,122,1080
124,128,4895,130,121,4544,4584,131
129,125,1048,1046,123,979,132,1049
130,126,4584,4895,131,124,4544,4592
132,127,979,1048,137,125,1046,1045
131,128,4584,136,126,4895,4566,4567
136,130,4584,4567,140,128,4566,144
129,137,979,127,1045,1085,1048,141
134,135,858,873,851,852,139,142
873,133,139,858,852,135,138,837
858,133,142,851,147,873,134,852
131,140,4567,144,130,4737,4566,4584
132,1085,141,1045,979,129,924,145
859,139,148,857,143,153,839,150
138,859,134,873,837,148,852,133
144,136,4567,4737,149,131,4566,4565
145,924,1085,137,151,132,1084,874
147,851,135,152,845,858,161,844
146,150,857,148,153,138,159,165
149,140,4737,136,157,4567,4565,4559
151,141,924,1085,874,159,137,860
143,150,857,153,159,148,165,151
152,142,845,851,161,836,167,135
857,153,150,143,138,859,146,839
144,157,4737,140,4559,166,4565,136
146,153,143,857,148,159,165,169
145,924,159,141,860,874,146,165
161,147,845,167,142,836,851,844
150,857,148,143,168,146,165,839
1408,155,160,1397,1654,1755,1468,1417
1468,1755,156,154,1408,1654,1458,160
1468,158,155,1755,1334,1340,1335,154
166,149,4559,144,172,4737,4533,4565
1340,1334,156,164,1224,1468,1335,1271
165,850,151,860,146,169,150,153
1397,154,163,1408,1398,1419,1417,162
152,167,836,845,147,174,819,842
1396,1398,163,170,1418,173,1477,1397
162,160,1398,1397,1396,1419,170,154
1340,1224,158,171,1334,1223,1271,156
169,159,850,860,150,153,168,848
172,157,4559,4533,178,149,175,144
161,836,819,174,152,842,845,181
846,169,834,153,839,165,848,833
165,850,168,848,846,159,153,150
173,1396,162,1499,1498,180,1477,1398
176,164,1225,1224,1223,1340,177,158
178,166,4533,175,157,4560,4559,184
170,180,1498,1499,187,1572,1396,162
181,819,167,185,835,842,161,836
184,178,4560,172,183,4573,166,4533
177,1225,171,1226,179,1223,164,1222
179,176,1222,1226,1225,1227,182,171
172,175,4560,4533,166,184,4535,4569
1222,177,182,1221,1226,1227,1163,1138
1498,173,187,1572,1499,170,191,1571
185,174,819,188,835,813,815,167
1221,1138,179,190,1222,1514,1163,1139
184,4736,186,4573,189,175,4574,193
175,183,4573,4560,178,4736,186,172
181,188,813,174,192,815,835,819
189,4736,183,193,199,4574,184,4573
191,180,1498,173,1572,195,1571,1499
192,185,813,811,181,815,810,196
193,186,4736,199,183,4574,4605,209
1138,1139,194,182,1514,1221,1026,1095
187,195,180,1571,200,1572,1498,173
811,188,813,196,810,185,814,815
199,189,4605,4736,209,186,4574,211
1026,1139,198,190,1095,1138,1027,1514
191,200,1571,187,208,1891,212,180
207,811,814,192,213,809,810,188
869,202,201,847,840,868,206,210
1026,1027,203,194,1139,1095,204,897
209,193,4605,189,211,214,4574,4736
208,1891,195,212,1571,1744,1859,191
840,197,206,869,868,880,881,202
197,804,210,843,847,216,869,805
1027,204,198,897,1026,923,205,1095
897,203,205,880,1027,1069,198,923
880,204,206,897,840,881,1069,201
201,205,840,880,881,869,197,204
213,196,814,809,811,802,803,215
212,200,1891,217,1859,195,1599,1744
199,211,214,4605,193,189,4574,220
216,804,786,202,218,805,843,222
209,214,199,4605,193,220,-1,-1
208,217,1599,1891,200,1859,1375,221
809,207,802,215,814,219,803,196
209,211,220,4605,199,4572,4597,224
809,213,219,802,207,223,814,196
210,218,786,804,222,202,806,794
221,1375,212,1599,225,1316,208,1449
216,222,794,210,786,793,806,804
802,223,809,215,213,801,227,803
224,214,4597,229,4598,4572,209,211
225,217,1375,1316,231,212,1599,1449
794,218,226,807,216,232,210,793
227,801,802,219,230,795,803,809
229,220,4598,4597,237,214,4482,4591
221,231,1316,217,1375,240,1315,1449
232,807,222,236,808,794,249,256
230,223,801,795,802,780,219,239
779,781,233,238,778,784,785,782
224,237,4598,220,251,4482,4597,4591
227,239,780,223,795,801,816,802
240,225,1316,1315,221,253,1375,217
226,236,808,807,249,222,818,258
228,241,781,782,783,238,779,250
248,2282,235,2283,254,1996,2396,2470
234,242,1996,2675,248,2282,2283,1997
232,249,808,226,258,818,807,260
251,229,4482,4598,224,259,4591,220
244,778,228,779,233,785,781,816
780,247,230,816,227,795,244,789
231,253,1315,225,261,1317,1316,1507
250,783,233,792,782,246,228,793
2675,245,235,2118,1997,1996,1920,234
246,794,256,807,792,793,260,808
778,238,247,816,779,785,239,228
1920,242,252,1921,2675,2118,1722,255
792,250,243,793,794,783,241,256
244,239,816,778,780,238,230,785
254,234,2282,2470,264,2396,235,2283
236,258,818,808,232,263,265,260
792,246,241,783,793,243,233,806
237,4482,259,229,4598,266,4483,224
1921,1920,255,245,1641,1722,2118,257
261,240,1317,1315,231,267,274,1159
248,264,2470,234,2282,272,2396,2004
1921,1641,257,252,1920,262,1624,1722
260,808,243,807,265,818,271,232
262,1624,255,1641,268,1506,1570,1507
249,263,818,817,236,270,808,265
266,251,4482,4055,4483,273,237,4056
256,265,808,271,818,807,243,817
253,1317,267,1159,274,240,277,1372
257,268,1506,1624,1507,255,1641,276
270,258,817,818,275,249,824,271
272,254,2004,2470,278,248,1937,285
260,271,818,808,817,256,279,258
273,259,4055,4056,283,251,4483,4482
1159,261,277,269,281,274,253,1317
262,1506,276,257,1507,1624,1372,255
281,267,1159,282,277,261,-1,-1
275,263,817,824,284,258,818,271
279,265,817,818,260,286,824,263
278,264,1937,2004,285,254,2470,289
283,266,4056,288,259,4055,4048,4047
277,280,1159,261,1372,1317,267,253
284,270,824,287,263,817,832,286
1372,280,268,1506,262,1507,274,1317
1159,274,281,267,269,261,280,282
285,272,1937,289,264,2004,1903,1936
286,271,817,290,824,265,818,293
276,1372,274,1317,1506,277,268,261
269,282,277,1159,267,274,-1,-1
281,269,277,1159,267,-1,-1,-1
273,288,4056,266,294,4047,4048,4125
287,275,824,832,291,270,293,290
278,289,1903,1937,272,292,1936,1950
279,290,824,293,271,817,275,298
284,291,832,296,275,831,824,822
283,294,4056,4125,273,4047,300,4048
285,292,1903,278,295,1937,1950,1936
286,293,824,279,298,832,817,284
296,287,831,832,284,299,822,298
289,295,1903,1814,285,1938,278,1950
290,298,832,286,824,303,822,287
300,288,4125,283,304,4047,4070,4056
292,297,1814,1613,289,1615,1903,1938
831,299,291,822,306,287,823,832
295,1613,302,1604,1814,1615,292,307
293,303,822,832,290,309,831,291
306,296,831,823,310,291,822,317
294,304,4125,288,301,4070,-1,-1
3924,305,4070,311,304,4125,314,3984
1604,307,297,1613,315,1488,295,1615
822,298,309,831,312,293,832,823
300,301,4125,314,294,311,4070,320
311,3924,301,3765,3767,3766,314,4070
299,310,823,317,853,296,831,321
315,302,1604,1488,322,297,-1,-1
316,313,310,853,856,899,321,306
312,303,822,823,318,298,831,832
853,306,317,321,316,299,308,823
314,305,3765,301,320,3924,3925,304
309,318,823,303,822,317,831,299
308,319,899,316,324,856,328,903
311,320,3765,3925,305,323,301,3941
322,307,1488,326,1604,302,1541,-1
853,856,308,321,310,313,325,899
853,321,310,318,306,823,325,312
312,317,823,309,321,853,306,310
324,313,899,328,308,856,903,332
314,323,3941,3925,311,327,3765,4150
853,325,317,316,310,856,329,902
315,326,1488,1541,307,331,1605,336
3941,320,327,314,330,4150,3925,4062
328,319,899,332,313,903,856,335
321,329,902,856,853,317,316,333
322,331,1541,336,315,1488,1542,1605
323,330,3941,4062,334,320,4150,3925
332,324,899,903,335,319,856,902
325,902,333,321,856,903,853,316
334,327,4062,337,3941,323,4150,4137
336,326,1541,1542,338,322,1700,340
335,328,903,324,899,333,902,856
902,335,329,903,332,325,856,328
330,337,4062,339,327,4137,4516,3941
332,903,333,328,902,899,324,329
331,338,1542,326,340,1541,1700,322
334,339,4516,330,341,4062,4137,327
336,340,1542,331,342,1454,1576,326
341,337,4516,334,343,4137,330,4515
342,338,1454,336,1542,1576,344,1526
339,343,4516,337,345,4515,334,4514
1454,344,340,1526,346,1576,338,1542
341,345,4514,339,4516,4515,347,337
342,346,1454,1526,348,1503,340,1576
343,347,4514,341,349,4515,4516,339
348,344,1503,1526,350,342,1454,1554
349,345,4514,4372,351,4359,4358,343
350,346,1503,352,344,1553,1526,1554
351,347,4372,4358,353,4356,345,4514
352,348,1503,354,1553,346,1481,1908
4358,353,349,4372,4356,355,347,4357
350,354,1481,348,1908,1553,356,1503
351,355,4358,4356,349,357,4357,4372
352,1908,356,1481,350,1482,358,1907
353,357,4357,4358,351,4356,359,361
358,1482,1908,354,360,1907,352,1481
359,355,4357,361,353,4356,4407,4358
1482,360,356,1908,1907,363,1701,354
361,357,4357,362,355,4407,364,353
363,358,1482,1701,1907,365,356,1908
362,359,4407,357,364,4357,4370,366
361,364,4407,359,366,4370,4357,4451
365,360,1701,367,358,1482,1709,1907
362,366,4370,4451,361,368,4407,359
367,363,1701,1709,369,360,1872,2057
364,368,4451,4370,362,4479,370,4368
365,369,1872,1709,1710,363,371,1701
370,366,4479,4451,364,375,4370,4529
1710,367,1872,371,2194,365,1709,372
368,375,4479,4529,366,376,4451,4528
2010,1710,369,2009,372,2194,367,1972
2010,1972,371,373,1930,2009,369,1855
1972,1853,374,372,1855,377,2010,371
373,377,1853,379,1972,1602,1855,372
376,370,378,4528,368,4529,4479,381
378,375,4528,381,370,382,4529,368
379,1853,1602,374,380,1714,1855,373
381,376,4528,382,375,384,4651,370
1602,377,380,1714,383,1853,374,1855
1602,379,383,1714,377,385,1630,1853
378,382,4528,376,384,4651,4742,375
381,384,378,4742,386,4651,4528,376
380,385,1630,1602,379,387,1714,1628
382,386,4742,381,388,4651,4741,378
383,387,1630,380,389,1384,1602,1628
384,388,4741,4742,382,392,4753,4843
385,389,1384,1630,383,393,1300,1628
392,386,4753,4741,395,384,4742,4843
387,393,1300,1384,385,1196,1630,1172
1172,391,393,1240,1173,1196,389,1299
1173,390,394,1240,1172,1038,393,397
4753,388,395,4741,398,386,4705,4843
1172,1196,390,389,1300,387,1299,1240
1173,397,391,1038,1039,1240,396,390
398,392,4753,401,388,4705,4741,4579
397,399,1039,1409,1040,394,400,1014
1039,394,396,1038,1040,1173,1014,399
395,401,392,403,4579,4753,4705,4581
1409,400,396,1243,402,1040,1039,397
402,399,1243,1409,404,396,1008,1272
398,403,4581,4579,395,405,4719,4705
404,400,1243,1409,399,1272,406,1008
405,401,4581,4719,398,4580,407,4579
402,1243,406,400,1272,408,1409,1008
4719,403,407,4580,4581,401,409,4718
408,404,1272,410,402,1243,1007,412
4719,405,409,4580,4718,403,411,4581
410,406,1272,412,1007,404,1186,1243
411,407,4718,4719,4580,413,405,4442
408,412,1007,1272,406,414,1186,1019
409,413,4442,4718,415,407,4399,4719
414,410,1007,1019,408,416,1186,1272
415,411,4442,417,4399,409,4718,419
416,412,1019,1007,418,410,956,1186
413,417,4399,4442,419,411,4443,421
418,414,1019,420,412,956,958,1007
419,415,4399,421,413,4442,4400,423
420,416,958,422,414,956,1019,424
421,417,4399,4400,415,423,4398,413
418,422,958,424,416,988,956,426
419,423,4400,4398,417,425,4399,415
424,420,958,988,426,418,428,416
421,425,4398,419,427,4274,4400,417
426,422,988,428,420,958,890,430
427,423,4274,4398,429,421,4232,419
428,424,890,988,430,422,420,432
429,425,4274,423,431,4398,4230,4228
426,430,890,424,432,988,882,422
427,431,4230,4274,4228,425,433,4232
428,432,890,882,426,435,891,424
4230,433,429,4228,427,434,4274,4122
430,435,882,428,437,888,890,891
4230,431,434,429,436,4228,4122,4121
436,433,4230,4121,438,431,4122,4228
432,437,882,901,888,430,439,428
438,434,4121,440,433,4122,4123,4230
439,435,901,432,441,888,854,882
440,436,4121,4123,434,442,433,4122
437,441,901,854,435,444,888,900
438,442,4123,436,443,4124,4121,434
439,444,854,901,445,437,863,900
440,443,4124,4123,438,446,4238,4074
442,446,4124,440,4238,448,4082,4123
445,441,854,863,447,439,449,901
444,447,863,449,441,854,1075,451
448,443,4082,4124,4238,442,450,4017
449,445,1075,863,862,451,444,866
4082,446,450,3998,443,452,4238,4017
447,451,862,1075,445,867,453,863
452,448,3998,4082,446,454,4017,3999
449,862,867,453,447,1075,455,445
450,454,3998,3965,448,4082,3999,456
455,867,451,886,457,862,449,458
452,456,3965,3957,450,3998,459,3999
453,457,886,867,458,460,451,887
3957,459,454,3965,462,452,3594,3958
458,455,886,460,898,453,887,867
457,460,898,455,461,886,906,453
456,462,3958,3957,3594,464,454,3591
458,461,898,457,463,905,455,904
463,460,905,898,458,465,904,913
3958,464,459,466,3594,3591,456,3957
461,465,905,460,467,913,898,458
462,466,3958,3591,468,459,3594,3593
463,467,913,905,461,470,943,460
468,464,3591,469,3958,462,3593,471
465,470,943,913,463,472,905,942
466,469,3593,3591,471,464,3639,3958
471,468,3593,3639,473,466,3591,3429
943,467,472,1018,913,465,474,942
473,469,3639,3593,468,3429,475,3530
470,474,1018,943,467,477,942,1021
471,3639,475,469,3530,476,3429,3593
477,472,1018,1021,478,470,943,995
476,3530,473,3531,479,3639,3435,3194
479,475,3531,481,3530,473,3532,3435
478,1021,474,480,1020,1018,472,995
480,477,1020,1021,482,474,1207,1445
481,476,3531,483,475,3561,3532,3530
478,482,1020,477,1207,485,1021,1351
479,483,3561,476,3531,3532,484,475
480,485,1207,1020,478,488,1351,1309
481,3561,484,479,3532,3442,476,3531
3561,486,3442,483,3532,481,489,2828
482,488,1207,480,491,1309,1020,1351
489,484,3442,2828,3561,487,3532,483
2827,489,490,2828,2695,492,2697,486
485,491,1207,1309,482,493,1351,480
2828,487,486,2827,3442,490,2695,484
492,487,2827,494,2697,2829,2695,489
493,488,1309,495,485,1207,1310,482
490,494,2829,487,2697,496,2827,2961
495,491,1309,1310,497,488,1308,1207
492,496,2829,490,2961,498,2697,487
497,493,1308,1310,499,491,1309,1732
498,2961,494,500,2964,492,2829,505
495,499,1308,493,1746,1310,1732,508
496,500,2964,2961,506,505,494,509
497,1308,508,1746,495,512,1732,493
498,506,2964,3086,509,496,511,505
502,3776,504,3775,3511,3671,4594,507
3775,501,507,3776,4127,3773,3671,504
3511,504,505,4594,3266,3776,501,509
3511,3776,503,4594,501,3671,3775,502
503,509,3266,3511,500,506,498,4594
511,500,3086,509,498,2964,3265,2806
4127,510,502,3773,3775,4128,4098,501
512,1746,499,515,1666,1394,497,1308
506,511,3265,505,3266,500,3086,498
4128,4127,513,507,4098,3773,4188,514
506,509,3086,2806,3265,500,2808,3907
515,508,1666,517,1746,1394,499,2113
4128,510,514,4188,4098,516,4127,4133
516,513,4188,518,4290,4128,510,4133
512,517,1666,508,2113,519,1746,1394
518,514,4188,4290,513,521,4133,4128
515,519,2113,1666,512,520,1515,1684
516,521,4290,514,4188,4106,523,4133
517,520,2113,1684,515,522,1666,1515
522,519,1684,2113,1455,517,524,1515
4106,4290,518,523,4107,516,525,3878
520,524,1455,1684,519,526,1456,1800
4107,525,521,4106,527,3926,518,4290
522,526,1455,1456,520,529,1202,1684
4107,527,523,3926,528,4106,3927,521
529,524,1202,1456,531,522,1455,1152
528,525,3927,4107,3926,530,523,3928
527,530,3927,3928,532,525,3926,534
531,526,1202,1152,524,533,1456,1149
532,528,3928,534,527,3927,525,3940
529,533,1152,1202,526,1149,535,1203
530,534,3928,528,3939,536,3940,3927
531,535,1152,1149,537,529,1151,1202
532,3939,536,530,3928,3940,4337,538
537,533,1151,1149,544,1152,1150,531
538,534,4191,3939,4337,545,532,551
535,544,1150,1151,1133,540,533,1149
545,536,4191,4337,551,3939,534,4262
540,541,1134,1043,544,1133,542,537
544,539,1134,1133,537,535,1150,541
1043,542,539,1005,1134,540,1033,549
541,549,1005,1043,546,1033,539,1135
997,546,996,547,998,554,552,548
1133,537,540,1150,535,1134,1144,1151
538,551,4191,536,556,4337,4262,4299
997,543,549,1135,998,996,547,542
996,548,543,552,554,861,997,998
861,552,547,550,555,996,1051,554
1005,546,542,1135,997,1034,998,543
861,555,1051,553,548,558,552,547
545,556,4191,4262,538,4299,559,4337
861,548,555,554,547,996,550,557
558,1051,550,555,861,548,-1,-1
557,996,998,552,560,997,547,543
1051,550,861,552,558,553,548,554
559,551,4299,561,4262,562,545,4191
998,554,560,996,1006,997,1135,552
1051,553,555,550,861,552,-1,-1
4299,561,556,562,4301,551,4262,4414
557,1006,998,564,554,1135,1035,997
559,4299,562,4414,4301,556,4315,563
563,561,4414,559,566,556,4299,4550
566,562,4414,571,559,4550,561,556
568,1006,1035,1109,560,573,557,1110
570,567,4555,569,572,574,575,4638
571,563,4550,562,4414,4552,576,561
565,572,570,4555,574,575,569,4638
573,564,1109,1197,577,1035,1006,560
570,565,4555,574,567,578,572,4638
4555,565,567,569,574,572,578,4638
566,4552,4550,576,563,4554,4414,575
575,567,4555,4638,570,574,565,576
568,577,1197,1109,564,584,583,581
4555,578,4638,570,572,569,582,567
572,4638,576,4757,574,4555,567,578
575,571,4552,4554,572,4757,4833,4638
573,584,583,1197,568,581,1109,1136
574,582,4638,4745,4555,586,570,569
585,1543,580,1188,587,1137,1136,589
579,581,1136,1543,585,1197,587,583
1197,583,580,1136,584,577,573,579
578,586,4745,4650,574,4638,588,4555
584,577,581,1197,573,580,1136,568
583,577,1197,581,573,-1,-1,-1
587,579,1188,1543,589,580,1294,1137
588,582,4650,4745,4669,578,4725,4758
585,589,1188,1294,579,590,1543,580
4669,586,4650,4725,591,582,4745,4670
590,587,1294,585,1492,592,596,1188
589,1492,596,3277,592,587,1294,1713
4669,593,4670,588,598,4724,4725,586
596,594,1529,590,589,3277,1530,587
598,591,4670,4669,4724,600,4738,588
1530,1529,595,592,596,1497,1433,597
597,594,1530,1433,599,1331,1529,592
3277,1529,592,590,1531,1713,594,1492
599,1331,595,1433,601,1530,1332,594
593,600,4670,591,4738,4724,602,4669
1331,601,597,1433,603,1332,595,1530
598,602,4738,4764,593,4670,606,4780
603,599,1331,1332,605,597,604,1433
4764,600,606,4780,4738,598,608,4781
601,605,1332,604,599,1331,607,1496
607,605,603,601,609,1261,1332,599
603,607,604,1261,1496,601,1332,609
4764,602,608,4780,4781,610,600,4738
605,609,604,1261,611,603,1285,612
610,606,4781,4764,4780,614,602,4782
611,607,1261,1285,612,605,604,1286
614,608,4782,4781,615,606,4764,4812
609,612,1285,1286,607,1261,613,1659
611,1286,613,1285,1659,609,1551,1521
1659,612,1286,616,1551,611,617,1550
615,610,4782,4821,618,608,4781,4812
614,618,4782,4822,4821,610,620,4905
617,1659,1550,613,619,1551,1286,621
616,619,1550,621,1551,1659,613,1635
615,620,4822,614,4821,622,4905,4782
621,617,1550,616,623,1635,1551,1589
622,618,4822,615,625,4851,4874,4905
623,619,1635,1550,624,617,1796,1589
625,620,4874,4851,4822,627,618,4909
621,624,1635,1796,626,619,1550,1589
626,623,1796,1635,628,621,1792,1607
4874,622,627,4909,629,620,4875,4851
628,624,1796,1792,630,623,1797,1635
4909,629,625,4874,4875,632,622,4900
630,626,1797,1792,631,624,1796,1849
627,632,4909,4900,634,625,4911,4874
1797,628,631,1849,626,1792,633,1791
1849,630,633,1797,1850,1791,628,635
634,629,4911,4900,636,4909,627,4914
1849,635,631,1850,630,637,1797,1791
4911,636,632,4914,638,629,4900,4899
637,633,1849,1850,1860,639,631,2071
634,638,4914,4911,4920,632,640,4925
639,635,1860,641,633,1850,1945,1849
640,636,4925,4914,4920,642,634,4911
637,641,1860,1945,635,644,2114,-1
4925,642,638,643,4923,4920,636,4914
644,639,1945,646,637,1860,1946,2114
640,643,4925,4923,645,638,4913,4920
645,642,4913,4923,647,640,4925,648
646,641,1945,1946,649,639,2267,651
647,643,4913,648,642,4923,4885,650
649,644,1946,651,641,2186,1945,2355
648,645,4913,650,643,4885,4898,642
650,647,4898,645,4885,4913,4884,652
651,646,2186,1946,653,644,2355,656
648,4898,652,4884,647,4885,645,4913
649,653,2186,646,656,1946,2269,2355
4884,654,650,4883,4898,648,4856,4872
651,656,2186,2270,649,659,2269,646
4883,655,652,4884,4872,4870,657,650
657,654,4870,4882,4883,4872,4871,658
659,653,2270,651,663,2365,2269,2186
4882,658,655,4871,4870,4881,660,654
4881,4882,660,657,4871,4887,4870,4862
663,656,2270,2365,653,665,2364,2389
658,661,4881,4887,4882,662,4871,657
662,660,4887,4888,4881,4860,4770,658
661,664,4860,4800,4888,4887,660,666
659,665,2365,2389,656,668,2270,2385
4800,666,662,4860,4746,4716,661,667
663,668,2389,2365,659,2442,670,2385
4746,664,4800,667,4716,4698,669,4699
669,4747,666,4698,4746,671,4777,4699
670,665,2442,2389,663,672,2838,2727
671,667,4747,4777,673,4698,666,4746
672,668,2442,2838,674,665,2389,2626
669,673,4777,4747,667,675,4769,677
674,670,2838,2626,2442,668,676,2915
675,671,4777,677,4769,669,4747,4768
672,2626,676,2838,3053,670,679,2915
677,673,4769,678,4768,671,4777,680
679,674,2626,3053,672,682,2892,2838
675,678,4768,4769,680,673,4703,681
680,677,4768,681,675,4703,4769,683
676,682,3053,2384,2892,2626,674,684
678,681,4768,4703,683,677,4690,4769
683,680,685,678,4690,4703,4768,677
2384,684,679,2894,2892,686,2949,676
685,681,4690,680,4703,4686,687,678
2384,686,682,2949,2894,689,679,2893
683,687,4690,681,4686,688,680,4762
2949,689,684,2384,2894,2893,692,682
688,4762,685,690,4686,683,691,4897
687,690,4762,691,4897,4686,685,693
686,692,3117,2949,684,2893,694,3275
691,688,4897,4762,693,687,4803,4832
693,690,4897,688,4832,4762,695,4803
3117,689,694,3275,686,696,4293,3006
691,4897,4832,695,690,4836,688,4803
3275,692,696,3117,3006,689,699,4293
4836,693,697,4832,4847,691,4897,4835
3275,699,694,3006,2928,692,702,3117
698,695,4847,4876,4836,700,4835,4832
4876,700,697,4847,4877,4846,701,695
696,702,2928,3275,694,3006,707,2930
701,698,4877,4876,4902,703,697,4847
703,700,4902,4877,4886,698,704,4876
707,699,2928,2839,2930,715,696,2953
701,704,4808,4902,4886,700,711,4877
4808,703,711,4538,4886,4622,701,4902
708,706,3837,3631,3450,3628,710,709
3450,709,705,713,3631,3253,3254,3837
2839,715,702,2930,728,699,2928,2929
3837,705,710,3628,3836,3631,712,3495
713,3254,706,3253,723,3449,3450,3224
3836,708,712,3628,3867,3837,4129,705
4538,716,704,4808,4463,4622,720,703
3836,4129,714,710,3867,3892,3628,3963
723,709,3449,3254,706,725,3253,3222
4129,3892,718,712,3836,3867,3963,3961
2839,707,728,2930,2929,702,734,2928
720,711,4465,4538,4463,729,704,-1
3961,719,718,4132,3892,3962,722,714
714,717,3961,3892,4129,3963,712,3962
717,722,4132,3961,4218,721,718,-1
4465,716,729,4467,4463,4378,735,711
4268,724,722,4218,4269,4324,726,719
719,721,4218,4132,4268,717,724,-1
713,3449,725,709,3254,3222,706,727
4268,726,721,4324,4269,730,722,4218
3449,723,727,3222,713,3254,3225,709
724,730,4324,4456,4268,4365,733,721
731,725,3225,3222,2932,3449,732,723
715,2839,734,2929,707,2930,732,702
735,720,4467,4465,4593,736,716,4378
4456,726,733,4608,4365,4324,736,724
2932,727,732,3225,2931,2929,734,725
2932,734,731,2929,2931,3225,728,727
736,730,4608,4456,4593,735,726,4365
2929,732,728,715,2932,2839,2930,731
4593,736,729,4467,4466,733,4608,720
4593,735,733,4608,4466,4467,729,730
739,738,741,740,742,743,745,744
737,740,739,742,741,744,745,743
737,741,738,743,745,740,742,747
742,738,744,737,739,746,741,745
739,743,745,737,747,738,749,740
740,744,738,746,737,739,745,741
745,741,747,739,749,737,738,751
742,746,740,748,738,750,752,737
747,743,741,749,739,751,742,753
744,748,742,750,752,740,754,755
745,749,743,751,741,753,739,742
750,746,752,744,754,755,742,740
747,751,745,753,743,756,741,758
748,752,746,754,755,744,757,1980
753,749,747,756,745,758,757,743
750,754,748,755,746,757,744,759
751,756,749,758,747,759,757,745
755,752,757,750,748,759,746,756
754,757,752,759,756,758,750,748
758,753,759,751,757,755,749,754
755,759,758,754,756,752,753,751
756,759,757,753,751,755,754,749
758,757,756,755,753,754,751,752
761,762,763,764,765,766,767,768
762,760,763,764,765,766,767,768
761,763,764,760,765,766,767,768
764,762,765,766,767,761,768,769
763,766,765,762,768,767,761,770
767,766,763,768,764,769,762,770
765,768,764,767,763,770,769,762
769,768,765,770,766,771,763,764
766,770,767,765,769,764,771,772
771,767,770,768,765,773,766,772
768,769,767,771,772,766,765,773
769,773,770,767,772,775,768,774
774,770,771,768,769,773,776,767
775,771,776,777,774,769,770,772
772,776,773,770,771,775,769,777
776,777,773,771,774,772,769,770
775,777,773,774,771,772,770,769
775,776,773,774,771,772,769,770
244,779,785,238,816,228,247,784
228,778,784,785,781,238,244,233
795,239,816,230,789,227,247,801
228,787,779,784,233,782,238,812
788,781,812,783,787,233,806,228
241,250,806,793,792,782,233,246
779,791,785,781,787,790,228,778
778,779,784,789,816,790,244,228
210,216,804,805,788,806,855,218
781,812,784,799,791,782,779,228
855,812,806,786,782,805,783,787
797,780,785,795,790,816,796,778
796,785,784,791,789,798,797,779
784,800,790,787,799,798,829,781
246,250,793,243,783,241,794,806
246,794,792,806,243,783,218,250
222,793,243,218,807,226,246,216
801,780,797,227,230,803,789,223
797,790,815,810,798,789,813,803
803,796,795,789,810,801,814,780
829,815,796,791,790,835,800,813
800,812,787,827,791,821,855,820
829,799,820,791,798,821,842,828
223,795,227,802,803,230,219,797
809,213,219,801,223,803,207,814
814,801,802,797,795,810,213,207
210,805,843,202,786,216,830,855
804,855,830,843,786,210,788,216
788,783,786,793,782,218,216,794
226,232,794,256,808,243,222,236
260,236,249,818,256,232,265,807
213,215,802,207,219,814,803,196
813,814,192,811,797,796,803,815
192,196,188,814,810,813,207,185
788,787,855,799,827,782,781,786
188,815,192,185,810,811,181,835
207,196,803,811,810,213,192,809
813,835,796,810,798,185,188,192
780,778,247,244,785,239,789,779
271,818,263,279,270,265,824,258
258,249,265,817,263,808,271,260
174,835,181,842,167,185,836,829
829,828,800,841,842,821,836,838
828,827,820,825,799,800,826,829
303,831,309,298,823,832,296,312
312,831,299,309,318,822,306,317
286,290,275,284,270,817,293,279
830,834,827,826,821,833,846,828
828,825,838,834,837,839,821,859
855,821,799,830,812,825,805,788
838,820,821,841,826,844,825,842
820,800,842,835,798,819,815,791
805,825,855,833,843,827,804,834
296,822,291,299,823,832,303,309
287,298,291,293,822,284,831,824
846,843,830,834,848,825,168,847
168,846,825,839,833,826,830,169
819,815,829,181,842,185,174,798
167,845,161,841,842,152,844,819
859,838,852,873,139,839,826,138
828,844,852,841,837,826,873,845
859,168,834,153,148,837,826,857
881,201,206,869,880,868,197,205
836,844,828,842,820,838,845,167
819,836,829,841,167,820,835,174
804,833,805,202,830,847,210,848
845,852,841,851,838,836,858,147
836,152,161,844,147,851,167,841
168,833,169,848,834,165,850,153
848,869,197,202,849,843,868,833
169,846,847,850,849,833,165,168
850,860,868,875,848,847,165,869
165,169,860,159,849,848,846,151
142,858,844,845,147,852,135,152
844,873,858,838,851,837,845,134
310,321,317,316,306,325,856,308
441,444,901,900,439,863,445,437
805,788,827,812,830,786,804,843
316,902,899,903,325,321,853,313
148,150,143,153,146,138,859,839
135,873,851,133,852,134,142,844
138,839,139,148,837,857,153,873
850,874,159,849,151,875,165,924
550,548,555,552,1051,547,553,558
449,867,451,1075,865,447,453,886
445,914,447,444,854,866,1075,900
865,866,872,1075,870,871,862,879
886,862,867,864,887,1075,870,455
1075,879,914,864,863,872,447,862
453,862,886,455,451,865,449,457
869,875,849,840,881,896,847,201
197,868,201,840,847,849,881,202
871,887,1000,864,865,909,886,999
870,999,872,878,864,909,1000,877
907,871,864,879,877,878,866,945
134,858,852,139,133,837,851,135
924,860,875,1084,925,151,145,1085
874,868,896,849,860,925,881,850
944,945,907,911,883,879,877,1031
878,907,883,872,884,885,876,999
877,999,885,871,872,884,907,915
945,866,914,907,872,908,876,863
205,881,206,840,1069,897,204,896
840,896,880,1069,868,206,875,869
432,435,430,889,891,888,437,428
982,876,877,944,907,1052,884,945
885,982,877,918,935,916,919,883
916,878,999,915,884,877,917,935
867,455,457,887,865,453,862,458
886,906,870,1000,865,457,455,867
901,893,882,889,435,900,437,892
892,882,888,895,894,891,893,910
428,426,988,430,947,933,891,424
933,882,894,890,889,430,952,432
889,910,895,893,888,912,894,922
892,912,888,900,910,889,908,901
895,952,891,889,951,933,892,946
892,894,922,889,910,951,921,893
881,1069,875,925,1059,868,880,840
204,1069,923,203,880,205,1027,881
460,458,904,461,906,457,905,463
324,313,328,903,856,319,332,316
854,901,914,908,893,888,863,441
437,888,439,854,435,900,441,882
329,903,325,856,333,321,335,899
332,902,335,899,328,856,333,324
898,965,905,926,906,461,460,964
463,461,913,904,465,898,926,460
898,904,887,1000,965,927,457,458
876,877,945,872,879,883,878,944
914,945,912,900,911,879,893,876
999,975,1000,871,915,870,931,927
892,921,912,895,920,922,893,889
945,876,912,944,920,1031,908,907
920,893,911,910,908,892,945,921
943,465,467,905,926,942,470,463
863,879,908,866,900,945,854,1075
999,917,885,931,916,909,878,975
885,935,917,930,915,884,999,972
929,915,928,916,930,931,885,937
919,935,1053,983,884,972,982,934
918,982,934,936,983,884,935,-1
921,912,1031,911,910,1030,944,1268
1268,920,910,922,1030,968,912,895
968,921,895,1268,910,951,892,967
2047,1027,897,1069,1095,1059,203,1062
145,141,1085,874,151,1084,860,137
1084,896,874,875,1059,1058,924,1062
964,913,904,942,905,965,987,943
965,975,1000,962,961,906,904,964
929,939,917,938,937,931,915,932
917,932,928,937,930,1012,938,916
972,929,916,1012,917,935,932,2109
975,915,961,928,939,917,909,999
929,1012,941,937,940,930,1010,972
947,952,891,950,890,894,988,949
936,980,983,919,981,1191,918,982
918,972,916,930,1053,884,885,919
1191,934,982,919,1052,981,1032,1269
929,938,932,928,940,1001,953,917
953,937,939,928,955,1001,929,954
954,928,961,938,955,931,953,975
941,937,1013,932,1001,1057,1108,1132
1010,932,940,1013,1012,1011,1341,2109
943,987,1018,913,926,995,470,472
470,913,942,467,472,1018,465,474
876,1031,1052,911,883,945,907,982
879,876,907,911,908,914,944,872
966,952,976,948,951,894,990,950
933,988,950,949,890,958,424,891
946,977,950,976,959,978,952,966
947,958,956,950,959,988,957,933
947,933,959,948,949,952,946,988
966,946,895,894,967,922,968,952
946,933,894,950,948,891,951,947
1036,955,938,973,1001,1108,960,1118
1204,939,955,961,962,960,963,993
953,954,960,938,939,973,1204,1036
1019,958,949,971,416,418,957,414
971,970,969,959,1009,949,956,1019
420,422,988,418,956,949,424,416
950,969,977,957,949,948,947,970
963,1204,955,1077,973,954,1074,974
975,962,954,939,927,931,1204,965
1204,964,993,961,927,965,954,975
974,1204,1073,993,960,1074,1029,954
993,965,926,962,987,904,1073,942
904,964,927,926,962,906,898,993
946,967,976,990,951,989,968,1070
966,968,1094,990,1070,951,922,976
967,922,1094,1268,1093,951,921,1070
970,991,959,977,992,957,1014,1009
969,1009,1014,992,957,991,971,1040
1186,1009,1019,957,1008,956,1007,970
2109,1053,935,1012,930,918,1217,916
1077,953,1118,1036,960,955,1125,1074
1029,1073,963,1074,994,993,1078,1297
909,927,961,1000,931,962,915,999
966,978,946,989,990,948,967,1054
991,969,978,1015,948,959,976,1017
976,1015,977,989,1054,948,991,1016
129,132,1048,1045,1047,127,137,1065
1168,934,1120,1121,1068,983,981,1171
1210,1191,934,1121,1269,936,980,1169
919,883,936,1052,884,944,918,934
934,1067,918,1053,1068,919,980,-1
1083,986,1082,1050,117,985,1002,120
1083,125,123,1050,1046,122,1080,984
113,117,105,1004,984,1002,95,1083
1073,942,964,993,995,926,994,1018
424,947,422,958,890,426,420,949
1054,990,976,1056,978,1055,966,1015
966,989,967,1056,1070,976,1071,1094
1017,969,977,1015,992,1037,970,978
1037,970,991,1014,969,1038,1017,1299
964,1073,1204,963,962,987,974,954
995,974,1073,1029,1297,1445,987,1021
1018,994,1021,987,942,1445,1073,474
554,547,997,998,543,552,557,546
998,546,996,543,1135,554,557,547
557,997,554,560,996,1135,1006,546
909,878,915,885,871,877,916,870
927,870,975,887,906,909,871,965
1108,953,937,940,938,1036,1057,-1
986,1003,1082,1025,1004,984,1099,113
1004,1022,1025,1024,1002,1023,986,95
95,1003,105,986,1022,89,1002,113
549,1034,1033,542,1135,1043,541,1042
560,1035,564,1135,557,998,1034,568
412,410,1186,1019,414,1272,408,971
1186,1243,1409,1040,1009,1272,971,1007
970,971,1014,1040,1008,957,1186,1039
2108,941,1012,1341,2109,1011,1217,932
1013,1341,1010,1354,941,1131,1132,2108
932,2109,972,1010,941,930,2108,929
1132,1011,941,940,1057,1131,1304,1010
1039,970,1038,1009,1040,992,397,1037
1016,991,978,1017,977,1054,1088,989
1088,1116,1015,1054,1017,1117,1195,978
1088,991,1299,1037,1015,1016,992,1195
472,474,943,995,942,1021,470,477
1007,956,414,1186,971,412,416,410
480,478,1351,482,1207,1445,1021,477
477,478,474,995,1018,1020,1445,480
1383,1003,89,1024,1004,1101,95,86
1100,1025,1211,1024,1212,1003,1249,1102
1100,1022,1023,1003,1101,1102,1025,1383
1023,1003,1099,1002,1024,1212,1100,1022
198,194,1027,1139,1095,203,190,1138
198,203,1095,1026,923,897,194,1139
1077,1078,1076,1074,1107,1125,1029,1105
974,1078,1297,994,1074,1073,963,1028
921,1032,1111,1268,1031,920,1115,-1
944,920,1032,911,1030,1052,876,921
1191,1031,1115,1269,1030,1052,944,936
1043,1042,1005,1034,1041,1044,542,541
1035,1042,1005,1033,1110,1135,1006,549
1006,1034,564,1110,1109,1135,560,568
953,1108,1119,1118,973,1001,955,938
1299,1240,992,1038,1017,1172,1173,991
1173,1014,1039,397,394,1037,1240,992
397,1040,1014,1038,396,394,1409,1009
1039,1409,1008,1014,1009,396,397,399
1042,1130,1044,1033,1129,1156,1137,1034
1041,1034,1110,1033,1129,1035,1005,1130
541,1033,539,1134,542,1044,1005,540
1134,1041,1156,1033,1043,1144,1133,1042
979,1085,1065,137,132,1084,1047,1058
125,1049,1048,127,1080,985,123,129
979,1048,1731,1065,1061,1049,1045,129
127,979,129,1046,1049,1047,125,132
1731,1046,1048,1080,1047,1098,125,127
1081,985,1080,984,1079,1082,1083,1046
558,555,553,550,861,552,548,-1
944,1191,982,936,1031,1032,883,876
972,1067,918,2109,983,1217,935,1068
1016,989,1015,978,1055,1117,1116,976
1056,1117,989,1054,1072,1092,1200,-1
1071,990,1070,1055,989,1072,1091,967
1108,1132,1155,1013,940,1161,1001,1304
1084,1062,1065,1060,925,1059,1045,1085
1062,1069,925,896,923,2047,1058,881
1062,1065,1064,1122,1061,1058,1066,2047
1066,1065,1731,1047,1064,1060,1063,1049
2047,1060,1059,1058,1122,1165,923,1065
1731,1192,1066,1061,1194,1098,1049,1047
1066,1060,1122,1123,1162,1061,1164,1062
1060,1045,1047,1061,1058,979,1084,1062
1063,1064,1162,1061,1194,1731,1192,1123
1068,1217,1053,1339,983,2109,1120,1183
1067,1120,1339,983,1183,980,1279,1168
881,880,897,896,923,1059,205,204
1071,1094,967,990,1056,1113,1091,968
1091,1070,1056,1072,1113,1089,1094,1205
1089,1071,1056,1055,1092,1091,1090,1218
974,993,987,963,994,1029,1204,964
974,1077,1029,963,1028,1078,960,1073
862,447,866,449,864,865,863,445
1028,1105,1125,1104,1107,1106,1077,1078
1125,1074,973,1028,960,1118,963,1076
1029,1107,1028,1297,1298,1074,974,994
1086,1081,1080,1050,1087,1098,1082,1097
1046,1079,1049,1050,985,1098,125,1048
1082,1050,1079,1251,1087,1086,1080,984
1081,1002,984,1251,1050,1099,986,1079
120,122,984,117,985,123,986,113
1085,924,925,1058,874,1045,141,137
137,924,141,1084,1045,145,132,979
1079,1096,1097,1087,1262,1098,1081,1192
1081,1262,1251,1266,1086,1079,1290,1096
1195,1016,1017,1116,1299,1196,1199,1015
1218,1072,1219,1091,1090,1071,1148,1230
1145,1218,1089,1148,1147,1092,1146,1072
1071,1219,1089,1205,1072,1113,1218,1070
1200,1145,1235,1072,1055,1090,1117,1089
1094,1112,1268,1111,968,1113,1142,967
1093,1070,968,967,1113,1071,1268,1112
1139,1027,1165,2047,1514,923,1026,194
1097,1177,1262,1086,1124,1179,1087,1263
1096,1192,1179,1086,1098,1124,1262,1178
1192,1049,1080,1731,1063,1079,1097,1086
1025,1251,1082,1250,1002,1212,1023,1003
1102,1023,1211,1024,1302,1101,1329,1301
80,83,1383,1102,1022,1024,1349,86
1100,1349,1101,1302,1329,1024,75,80
1366,1107,1367,1105,1298,1365,1732,1078
1076,1106,1127,1369,1128,1105,1126,1125
1076,1369,1367,1107,1103,1104,1370,1028
1127,1125,1118,1104,1154,1076,1126,1028
1078,1103,1028,1298,1105,1076,1029,1297
1119,1155,1036,1001,1057,953,1153,940
568,564,1197,1110,573,1136,1035,1006
1042,1035,1109,1129,1034,1136,564,1543
1115,1112,1093,1268,1030,1114,921,1140
1142,1093,1140,1114,1111,1113,1094,1205
1094,1142,1205,1071,1070,1091,1093,1112
1141,1140,1112,1115,1111,1143,1142,1209
1111,1269,1032,1114,1141,1030,1191,1210
1199,1088,1016,1195,1201,1117,1200,1252
1200,1116,1055,1054,1016,1201,1092,1198
1154,1125,1106,1119,1036,973,1077,1127
1108,1153,1154,1036,1118,1155,1160,-1
1068,1171,1279,1168,1183,980,1278,1348
1168,1169,1170,1167,980,981,1171,1210
1165,1064,1062,2047,1060,1164,1123,1514
1164,1162,1064,1163,1166,1122,1165,1221
1178,1096,1177,1179,1181,1180,1313,1097
1106,1077,1076,1118,1028,973,1104,1074
1127,1175,1128,1174,1176,1104,1106,1154
1126,1106,1154,1176,1104,1118,1174,1128
1369,1126,1175,1260,1457,1104,1370,1127
1137,1042,1543,1110,1130,1041,1136,579
1137,1041,1185,1184,1129,1156,1360,1042
1304,1132,1354,1011,1352,1013,1305,1303
1304,1013,1161,1057,1131,1303,1011,1155
544,1144,1134,540,1150,537,1044,539
1133,540,1044,539,544,1144,1043,541
1006,998,997,549,560,1005,1034,1035
1543,580,1197,1109,1110,581,579,1129
1185,1543,1188,1130,1129,579,585,1190
1514,182,190,1221,1139,1164,194,1165
194,1095,1514,190,1138,1026,1165,198
1142,1114,1143,1112,1206,1141,1205,1215
1114,1210,1209,1269,1115,1143,1140,1169
1140,1205,1112,1206,1113,1257,1114,1093
1140,1216,1214,1209,1114,1215,1141,1206
1133,1157,1150,1134,1156,544,1044,1158
1235,1090,1264,1146,1092,1200,1147,1596
1147,1145,1264,1483,2023,1448,1090,1148
1148,1146,1373,1280,1448,1090,1218,1483
1218,1147,1280,1230,1090,1089,1373,1219
1152,535,533,1151,1231,1203,531,537
1151,544,1133,537,1158,1144,535,1471
535,1149,1150,537,1231,1471,544,533
1149,531,533,1202,1203,529,535,1231
1282,1119,1154,1160,1155,1176,1108,1239
1127,1119,1153,1118,1176,1106,1282,1126
1108,1160,1153,1161,1119,1057,1282,1132
1184,1157,1044,1144,1130,1256,1041,1134
1256,1144,1158,1254,1156,1150,1255,1184
1157,1150,1254,1471,1569,1144,1151,1133
267,277,274,281,269,261,253,1317
1282,1234,1155,1153,1161,1328,1303,1306
1132,1304,1303,1155,1160,1234,1057,1108
1066,1123,1166,1194,1064,1242,1163,1063
1221,1166,1227,1164,1222,1123,182,179
1514,1123,1165,1163,1221,1122,1138,182
1514,1122,1164,1095,2047,1139,1138,1123
1163,1227,1242,1162,1220,1123,1222,1164
1171,1292,1170,1168,1278,1121,1291,1279
1171,1121,1120,980,1167,1279,1278,1170
1210,1121,1170,1209,1208,981,1141,1216
1292,1208,1167,1169,1229,1121,1168,1228
1279,1168,1278,1167,1120,1348,1121,1183
1196,393,1240,390,1299,1037,391,1173
394,1240,391,1038,390,397,1037,1172
1259,1446,1176,1239,1175,1126,1127,1282
1258,1126,1259,1260,1128,1174,1412,1362
1127,1282,1174,1154,1239,1153,1126,1106
1182,1096,1263,1262,1313,1124,1314,1180
1193,1179,1181,1124,1241,1180,1097,1236
1178,1097,1192,1193,1194,1124,1096,1063
1313,1247,1181,1274,1321,1124,1182,1319
1241,1274,1180,1178,1124,1246,1247,1611
1313,1314,1263,1177,1312,1411,1321,1180
1279,1339,1347,1120,1346,1348,1068,1171
1360,1547,1130,1256,1185,1156,1137,1157
1360,1137,1190,1130,1184,1188,1547,1543
1007,971,1008,1272,1019,410,412,1243
1190,1295,1293,1294,1189,1360,1296,1492
585,587,1137,579,1185,1190,1543,1294
1360,1245,1187,1293,1547,1190,1244,1185
1187,1360,1185,1294,1188,1189,587,1137
936,1269,1032,1052,981,934,1115,1210
1063,1097,1179,1194,1098,1731,1066,1086
1242,1178,1179,1241,1194,1236,1220,1181
1066,1192,1162,1179,1063,1242,1193,1166
1196,1088,1199,1300,1116,1299,1172,393
1172,393,1195,1299,1300,389,1088,390
581,577,573,583,1109,1136,568,584
1201,1235,1596,1200,1253,1252,1264,1199
1195,1252,1116,1201,1300,1196,1088,1384
1198,1235,1201,1117,1092,1116,1145,1596
1198,1199,1200,1116,1252,1253,1117,1235
529,1152,526,531,1463,1456,1203,533
1152,1149,1466,1463,1202,1231,1232,533
954,963,993,962,960,1073,964,955
1142,1257,1219,1091,1113,1206,1071,1140
1215,1142,1257,1140,1205,1338,1143,1112
485,482,488,1351,1309,1020,480,491
1216,1170,1229,1209,1238,1169,1292,1214
1216,1141,1208,1210,1169,1143,1114,1170
1169,1269,1141,1209,981,1121,1191,1208
1249,1100,1023,1301,1302,1212,1102,1024
1023,1248,1250,1249,1211,1025,1099,1427
1214,1215,1288,1289,1287,1356,1338,1238
1216,1213,1215,1238,1289,1143,1208,1288
1213,1206,1214,1338,1287,1143,1257,1140
1214,1209,1208,1238,1143,1229,1289,1141
2109,2108,1067,1339,1342,1053,1010,972
1148,1089,1219,1230,1090,1280,1091,1147
1218,1257,1091,1089,1205,1230,1148,1338
1227,1236,1237,1226,1166,1242,1222,1163
182,1163,1138,1222,1164,1514,179,1227
179,1227,1226,1221,1163,177,182,1220
1224,1270,1237,1225,171,164,1271,1340
164,1340,1223,1334,1271,158,171,1270
176,1226,171,1223,1237,177,1224,1222
1227,1222,1225,1237,1220,177,179,176
1222,1220,1163,1226,1166,1221,179,1242
1505,1292,1229,1325,1291,1489,1170,1585
1228,1292,1208,1238,1170,1489,1505,1216
1218,1257,1219,1148,1280,1281,1338,1089
1149,1233,1151,1203,1466,1471,1152,535
1504,1463,1466,1465,1467,1203,1574,1464
1231,1469,1470,1466,1574,1471,2296,1151
1303,1306,1160,1328,1307,1161,1304,1282
1198,1145,1200,1264,1596,1092,1201,1913
1220,1611,1241,1237,1193,1270,1242,1227
1226,1270,1223,1220,1225,1236,1227,1611
1216,1229,1289,1214,1208,1489,1213,1209
1282,1446,1283,1174,1176,1328,1415,1153
1173,1172,1037,390,391,1038,1299,394
1611,1181,1178,1236,1193,1246,1274,1270
1166,1193,1220,1162,1194,1236,1227,1163
402,404,400,1409,1272,1008,399,1186
1404,1245,1403,1189,1405,1293,1402,1443
1403,1547,1255,1189,1244,1360,1430,1405
1274,1273,1611,1275,1277,1181,1241,1276
1319,1274,1180,1321,1275,1313,1318,1181
1250,1427,1267,1265,1212,1266,1249,1535
1211,1427,1426,1301,1212,1023,1248,1302
1266,1248,1251,1099,1212,1265,1290,1427
1081,1266,1099,1082,1250,1087,1290,1050
1199,1889,1300,1384,1253,1201,1198,1195
1889,1198,1596,1252,1629,1201,1773,1199
1430,1255,1569,1157,1158,1256,1634,1547
1430,1547,1245,1256,1403,1254,1634,1157
1157,1547,1184,1255,1254,1156,1360,1245
1338,1219,1205,1230,1206,1142,1218,1091
1412,1362,1260,1175,1259,1524,1363,1364
1412,1446,1174,1258,1175,1386,1415,1363
1362,1457,1258,1175,1128,1459,1364,1369
609,605,607,1496,1285,1284,611,603
1096,1087,1177,1290,1263,1086,1266,1182
1182,1290,1314,1177,1411,1262,1313,1312
1913,1235,1145,2023,1596,1146,1198,1831
1410,1248,1266,1290,1267,1411,1535,1250
1290,1250,1251,1087,1265,1262,1248,1081
1535,1248,1427,1311,1534,1265,1410,-1
921,1093,968,1111,922,1030,1094,920
1210,1191,1115,1141,1032,981,1114,1169
1611,1223,1237,1273,1271,1236,1224,1241
1273,1334,1224,1270,1223,1276,1335,1340
408,1186,1243,406,410,1007,404,1008
1611,1271,1246,1270,1276,1277,1223,1241
1247,1246,1181,1180,1275,1319,1241,1321
1319,1277,1247,1274,1318,1320,1246,1763
1277,1322,1273,1271,1335,1323,1246,1320
1276,1320,1275,1323,1246,1322,1273,1318
1171,1279,1327,1348,1167,1291,1168,1120
1171,1348,1120,1183,1278,1168,1347,1167
1373,1148,1230,1281,1358,1147,1218,1374
1359,1280,1230,1338,1287,1358,1257,1356
1239,1153,1160,1328,1176,1234,1154,1155
1447,1415,1239,1446,1328,1501,1527,1282
1261,1285,1451,1450,1496,1452,1521,609
611,609,612,1286,1521,1261,1284,607
612,1551,613,1659,611,1285,1521,616
1213,1356,1338,1359,1281,1288,1215,-1
1356,1213,1357,1289,1287,1355,1770,1359
1213,1238,1288,1214,1355,1489,1216,-1
1266,1263,1262,1265,1411,1087,1410,1250
1292,1278,1326,1325,1327,1228,1167,1171
1228,1170,1229,1167,1291,1208,1325,1278
1187,1402,1296,1189,1295,1244,1444,1190
587,589,1187,1190,1295,1492,1188,590
1187,1296,1492,1294,1493,1293,1190,590
1444,1295,1293,1493,1402,1734,1856,1187
1029,1445,1078,1298,1733,994,1351,974
1107,1078,1297,1733,1366,1103,1029,1028
1172,1196,1037,1088,1195,1017,1240,393
1196,389,1199,1195,1384,1252,393,387
1401,1302,1211,1249,1426,1350,1100,1472
1100,1329,1301,1102,1211,1350,1349,1023
1304,1234,1307,1305,1161,1378,1132,1306
1303,1132,1305,1131,1161,1234,1013,1307
1378,1304,1303,1352,1353,1131,1307,1132
1234,1447,1528,1307,1328,1303,1527,1283
1303,1378,1306,1453,1234,1528,1305,1304
497,1732,495,499,1746,1310,493,508
491,1207,488,1351,493,1310,1733,485
1309,495,1308,493,1366,1732,1733,491
1708,1267,1534,1427,1690,1426,1535,1249
1314,1321,1182,1371,1313,1337,1263,1344
1182,1180,1177,1321,1312,1124,1247,1314
1182,1411,1312,1263,1371,1410,1313,1680
240,1507,231,1317,1316,253,1570,225
225,1375,221,1570,231,1315,1449,217
1372,261,253,1315,1507,274,240,1506
1319,1763,1581,1320,1275,1336,1247,1277
1247,1318,1336,1321,1275,1274,1581,1180
1763,1277,1318,1323,1275,1544,1581,1319
1312,1247,1319,1336,1313,1180,1337,1182
1546,1458,1323,1335,1276,1277,1755,1627
1322,1546,1320,1544,1277,1276,1545,1458
1325,1584,1583,1582,1326,1585,1638,1955
1324,1228,1505,1326,1291,1585,1292,1582
1582,1327,1291,1324,1325,1775,1776,1278
1278,1775,1326,1736,1348,1291,1279,1171
1282,1306,1234,1283,1447,1160,1239,1153
1330,1302,1349,1333,1102,1350,72,68
68,72,1333,1329,62,1349,75,57
599,1433,601,597,1332,603,1530,595
603,1331,601,1496,1432,605,1433,599
1330,1502,1329,57,1399,62,54,68
158,1340,1335,1224,1271,156,164,1468
1334,1322,1458,1755,156,1276,1271,1468
1319,1343,1581,1318,1321,1337,1247,1345
1344,1336,1345,1312,1343,1371,1393,1321
1257,1287,1215,1281,1230,1206,1213,1219
1217,1067,1346,1183,1068,1342,2108,1120
158,164,1334,1224,156,1271,1468,171
2108,1479,1011,1010,1354,1342,1480,941
2108,1480,1346,1341,1217,1339,1479,1010
1345,1581,1391,1336,1337,1392,1887,1318
1393,1371,1406,1337,1345,1680,1407,1312
1343,1887,1393,1337,1392,1344,1391,1336
1587,1339,1480,1342,1347,1183,1217,1549
1587,1348,1735,1183,1346,1736,1279,1588
1279,1736,1347,1278,1327,1183,1171,1120
75,72,1102,80,1329,1330,1101,68
2812,1329,1302,1399,1401,1333,1301,1330
1207,1020,1733,1309,1445,482,488,485
1353,1354,1377,1490,1305,1131,1378,1304
1377,1379,1378,1352,1305,1376,1439,1490
1352,1479,1341,1011,1131,1490,1377,-1
1770,1289,1288,1612,1357,1552,1489,-1
1359,1288,1357,1380,1287,1381,1213,1281
1770,1356,1288,1380,1382,1355,1359,1424
1381,1373,1374,1359,1280,1281,1416,-1
1356,1381,1281,1358,1380,1287,1416,1357
1547,1185,1190,1189,1184,1245,1187,1256
1436,1389,1524,1434,1435,1364,2115,1513
1364,1260,1258,1524,1459,1486,1412,1457
1385,1412,1388,1524,1389,1386,1387,1258
1362,2115,1436,1486,1524,1361,1459,1513
1732,1367,1368,1103,1366,1394,1370,1746
1310,1103,1298,1732,1365,1733,1308,1309
1370,1365,1105,1103,1368,1369,1457,1460
1370,1395,1365,1367,1460,1394,1732,1457
1370,1128,1105,1367,1457,1104,1076,1260
1457,1367,1460,1368,1369,1395,1365,1105
1344,1680,1314,1312,1411,1406,1337,1410
1317,276,280,1506,1507,274,268,261
1280,1374,1448,1147,1358,1148,1484,1281
1484,1373,1539,1416,1358,1448,1538,1280
217,221,1449,1316,1599,225,212,1570
1440,1377,1439,1509,1353,1518,1379,1441
1490,1353,1376,1352,1441,1548,1379,1354
1453,1305,1379,1353,1307,1303,1352,1510
1439,1378,1353,1510,1453,1376,1377,1609
1381,1356,1425,1357,1359,1382,1422,1416
1416,1359,1380,1425,1358,1356,1374,1437
1422,1770,1357,1380,1424,1423,1425,1556
86,1022,83,88,89,1101,80,95
1889,387,1630,389,1300,1252,1628,385
1363,1387,1525,1389,1388,1841,1566,1524
1412,1415,1388,1259,1446,1363,1413,1385
1385,1525,1388,1566,1414,1673,1565,1363
1387,1385,1413,1363,1386,1414,1412,1525
1385,1361,1525,1435,1363,1841,1524,1387
1642,1887,1922,2699,1695,1392,1643,1345
1581,1343,1580,1579,1392,1763,1345,1336
1391,1642,1887,1345,1343,1390,1622,1580
1344,1345,1887,1407,1406,2699,1337,1371
1746,1666,1368,1395,1732,1365,512,508
1515,1368,1666,1460,1394,1487,2113,1370
162,1418,1477,170,1398,1499,173,1420
160,1419,1398,163,1417,1408,154,162
162,1418,1396,163,1419,1397,160,1421
2812,1502,1461,1333,1350,1462,49,54
2812,2201,1473,1401,1472,1462,1474,1399
1301,1472,1400,2812,1350,1426,1302,1473
1443,1444,1293,1404,1296,1244,1442,1856
1245,1430,1405,1255,1973,1244,1547,1404
1443,1405,1244,1429,1402,1835,1403,1431
1404,1403,1431,1973,1429,1244,1428,1245
1344,1407,1689,1680,1393,1712,1371,-1
1712,3544,2699,1406,1393,1344,1887,1985
154,1654,1417,160,155,1397,1755,1468
399,1040,1243,400,1008,396,402,1039
1411,1535,1680,1265,1267,1314,1371,1290
1410,1314,1263,1680,1265,1290,1371,1535
1363,1258,1259,1386,1524,1362,1388,1175
1415,1388,1500,1386,1501,1414,1387,1446
1387,1673,1388,1500,1413,1725,1566,1385
1446,1413,1283,1501,1386,1388,1259,1447
1381,1539,1374,1437,1358,1425,1484,1359
1654,2163,1408,1397,1626,1419,1627,154
1396,1398,1420,1421,1419,1477,162,170
1397,1398,1421,2163,1418,1417,1790,163
1418,1475,1421,1477,1478,1476,1396,1618
1790,1418,1419,1476,2163,1420,1398,1396
1556,1382,1438,1425,1423,1380,1557,1561
1424,1948,1556,1422,1978,1769,1382,1561
1770,1423,1612,1769,1768,1382,1357,-1
1381,1380,1438,1422,1416,1437,1382,1556
1249,1708,1301,1472,1427,1311,1401,1211
1249,1248,1267,1311,1426,1212,1211,1250
1649,1973,1652,1431,1658,1405,1651,2224
1404,1443,1431,1835,1405,1842,1650,-1
1634,1255,1403,1973,1254,1245,1658,1569
1428,1405,1652,1429,1650,1973,1649,1404
1332,1494,1497,1496,1433,1495,1452,1331
1331,1530,1497,599,597,1332,595,1432
1435,1511,1436,1361,1513,1533,2115,1532
1434,1841,1532,1361,1389,1533,1436,1525
2115,1361,1513,1364,1434,1486,1435,1524
1539,1416,1558,1438,1425,1762,1381,1557
1557,1425,1422,1437,1556,1558,1561,1555
1379,1609,1509,1376,1510,1508,1440,1353
1518,1509,1610,1376,1756,1439,1608,1441
1517,1377,1518,1548,1490,1376,1519,1440
1836,1444,1443,1856,1992,1835,1857,1402
1404,1835,1402,1442,1429,1836,1405,1244
1856,1296,1402,1442,1734,1992,1293,1443
1297,1020,1351,1021,994,995,1733,478
1415,1259,1239,1174,1283,1386,1412,1413
1527,1306,1283,1328,1528,1501,1415,1234
1483,1373,1484,1147,1374,1485,1146,1280
1375,1640,1570,1316,1600,1599,217,221
1451,1522,1521,1523,1520,1284,1285,1606
1598,1450,1597,1284,1452,1523,1682,1520
1496,1598,1451,1495,1432,1284,1661,1261
1632,1378,1307,1379,1528,1510,1633,1306
342,1576,1526,344,340,346,1578,338
522,1456,524,1800,1684,520,526,1464
1455,1463,524,526,1464,1202,1800,522
1370,1260,1459,1369,1460,1128,1362,1367
1546,1755,1654,1322,1627,1335,1468,1408
1486,1362,1457,1460,1260,1364,1487,2115
1370,1487,1395,1368,1457,1459,1486,1515
47,49,1502,45,1491,1399,1462,54
2201,1474,2812,1461,1399,1491,1400,1839
1504,1232,1456,1202,1464,1203,1152,1466
1504,1512,1800,1463,1901,1456,1455,1232
1232,1467,1574,1675,1466,1820,1504,1575
1232,1574,1233,1203,1231,1465,1469,1463
1504,1820,1901,1465,1511,1232,1464,1675
156,155,1755,158,1334,154,1335,1340
2296,1233,1574,1573,1575,1470,1824,1466
2296,1233,1569,1469,1471,1869,1824,1231
1151,1470,1158,1231,1569,1233,1150,1149
1401,1719,1473,1708,1400,1426,1759,1301
2201,1719,1400,1472,1720,1718,1474,1401
2201,1839,1802,1718,1462,1837,1473,1400
1618,1617,1420,1478,1616,1476,1868,1723
1618,1790,1421,1420,1753,1475,1754,1418
1499,1396,1478,1420,1418,170,1668,1498
1617,1477,1475,1619,1668,1420,1499,1723
1341,1480,1354,1548,1490,1342,2108,1549
1479,1549,1587,1342,1346,1548,1341,1588
1908,352,354,1881,1553,350,1880,1907
358,1907,1908,356,360,1701,354,363
1448,2023,1540,1485,1146,1484,1147,1264
1538,1374,1539,1485,1448,1373,1483,1762
1484,1538,1483,1536,1540,1448,1537,1539
2115,1459,1487,1737,1364,1436,1460,1362
1486,1460,1516,1515,1395,1737,1459,2115
315,322,1604,1605,307,1541,1603,326
1505,1238,1552,1289,1229,1228,1355,-1
1377,1548,1352,1479,1354,1441,1353,1517
38,1892,42,34,1461,45,1839,1462
590,3277,1295,1493,589,1294,1713,596
1492,1295,1734,1713,1910,1296,3277,1444
1497,1653,1432,1495,1531,1433,1529,1530
1661,1494,1598,1660,1653,1452,1432,1682
1332,1261,1452,605,1432,1284,603,607
1494,1530,1529,1433,1531,1432,594,1331
180,1499,173,1572,187,170,1668,1477
1498,173,1477,180,170,1572,1668,1396
1799,1413,1601,1414,1501,1725,1415,1976
1415,1527,1601,1413,1283,1447,1500,1446
54,49,1333,1399,57,1461,47,62
348,346,1553,1554,350,1526,344,1590
1464,1467,1232,1901,1463,1512,1465,1456
1228,1585,1552,1325,1489,1229,1639,1324
268,1507,262,1372,276,1624,257,1317
1506,1315,1317,1372,1624,1570,262,268
1609,1631,1686,1886,1510,1439,1633,1608
1440,1439,1609,1608,1610,1376,1518,1508
1631,1508,1439,1632,1379,1633,1453,1609
1434,1901,1820,1467,1513,1533,1504,1436
1737,1901,1464,1513,1800,2115,1504,1516
2115,1436,1512,1901,1434,1511,1737,1486
1138,1165,1164,1139,1221,1095,190,182
2113,1516,1395,1666,1487,1684,519,517
1515,1684,1737,1800,1487,2113,1512,1455
1549,1586,1548,1441,1519,1588,1518,1490
1440,1756,1441,1519,1376,1610,1509,1517
1517,1756,1518,1586,1726,1764,1441,-1
1606,1523,1795,1522,1450,1637,1607,1683
1285,1286,1522,1450,1551,1589,612,1284
1606,1589,1520,1450,1521,1607,1795,1796
1520,1597,1683,1450,1451,1637,1795,1522
1412,1363,1362,1361,1258,1364,1389,1385
1385,1565,1841,1387,1566,1389,1568,1388
1454,344,1554,1503,346,1578,342,1576
1447,1601,1738,1501,1528,1306,1632,1283
1632,1306,1527,1447,1453,1738,1307,1633
596,1530,594,1497,592,1531,3277,1433
594,1433,1529,1497,595,1331,597,592
596,1529,1662,3277,1497,1494,1653,1713
1841,1782,1568,1533,1435,1565,1781,1434
1532,1821,1820,1511,1435,1781,1782,1434
1689,1535,1690,1311,1267,1711,1680,1410
1410,1267,1680,1534,1689,1265,1411,1311
1843,1540,1485,1830,1832,1537,1483,1538
2055,1538,1843,1536,1485,1893,1762,1484
1484,1762,1537,1539,1485,2055,1374,1448
1484,1538,1416,1374,1437,1762,1558,1485
1483,2023,1830,1536,1831,1485,1913,1448
326,331,1605,1700,322,1488,1542,336
336,331,338,1594,1700,1576,340,1541
579,1137,1136,1129,580,585,1188,587
1763,1780,1323,1623,1579,1320,1545,1546
1546,1780,1627,1778,1544,1626,1323,1458
1458,1545,1322,1627,1323,1654,1544,1335
1360,1245,1255,1184,1256,1189,1403,1185
1490,1517,1549,1479,1480,1441,1377,1586
1588,1517,1587,1548,1480,1586,1735,1479
619,1551,621,617,1635,616,1589,623
1286,1550,616,1659,1589,613,1521,612
1505,1639,1612,1489,1355,1585,1638,-1
1503,1881,1590,1481,1554,350,348,352
1503,1526,1577,1590,1553,1578,346,348
1557,1564,1558,1560,1563,1438,1561,1562
1422,1561,1948,1557,1438,1423,1758,1382
1438,1555,1561,1563,1556,1558,1422,1437
1555,1437,1560,1557,1438,1707,1762,1539
1562,3316,2135,1564,1678,1679,2460,1563
1707,1555,1966,1564,1965,1558,3316,2085
1556,1758,1948,1557,1563,1757,1438,1555
1559,1757,1679,1563,1564,1678,3316,2135
1757,1561,1562,1555,1557,1758,1564,1679
1555,1559,3316,1560,1562,1563,1965,2135
1525,1568,1567,1841,1566,1532,1387,1669
1387,1565,1669,1673,1525,1567,1414,1385
1565,1671,1568,1669,1670,1692,1566,1841
1565,1532,1782,1692,1841,1567,1525,1670
1470,1634,1254,1158,1471,1869,2296,1430
1624,1316,1449,1507,1315,1640,1375,257
195,1572,200,1744,1891,191,1667,187
1498,180,1499,187,1571,1667,1668,173
1824,2296,1676,1575,1469,1825,1677,1574
1469,1465,1575,1466,1233,1675,1232,1677
1677,1573,1574,1469,1676,1675,2296,1674
1454,1594,1578,1595,1526,1542,342,340
1592,1554,1578,1591,1590,1593,1748,1526
1577,1526,1595,1554,1576,1593,1454,1592
1763,1623,1391,1581,1580,1544,1620,1318
1391,1579,1620,1621,1622,1623,1392,1581
1391,1318,1763,1343,1336,1579,1319,1320
1776,1326,1955,1324,1584,1775,1984,2143
1638,1584,1953,1324,2000,1585,1823,1954
1955,1583,1954,1324,1582,1953,1776,2061
1505,1638,1583,1639,1325,1324,1552,1228
1588,1517,1726,1549,1519,1727,1735,1587
1588,1549,1347,1346,1480,1735,1586,-1
1735,1586,1549,1587,1727,1517,1834,1347
1635,1522,1550,1551,1607,1796,1521,621
1591,1554,1553,1881,1747,1577,1503,1592
1590,1748,1592,1577,1747,1749,1554,2289
1577,1657,1748,1591,1593,2277,1578,1590
2149,1592,1595,1657,1577,1578,1655,1656
1595,1700,1576,1542,1739,1664,2149,1578
1594,2149,1578,1576,1593,1739,1656,1700
1913,1198,1253,1264,1235,1773,1200,2023
1682,1523,1683,1598,1451,1681,1661,1716
1661,1682,1451,1452,1597,1495,1716,1660
1375,212,1730,217,1600,1449,1859,221
1721,1730,1599,1449,1640,1729,1375,1728
1527,1799,1738,1500,1501,1798,2521,2303
379,380,377,1714,383,1853,1630,385
1615,1665,1604,1613,1819,1605,1488,1614
302,1613,1488,297,307,1603,1615,315
1665,1541,1664,1700,1488,1603,326,322
1607,1795,1520,1522,1636,1792,1796,1589
1606,1796,1792,1522,1589,1636,1635,1795
1509,1647,1609,1885,1886,1610,1440,1508
1508,1439,1509,1608,1886,1510,1631,1686
1440,2239,1756,1509,1647,1608,1646,1518
1241,1270,1273,1246,1236,1181,1237,1271
1770,1768,1639,1552,1424,1355,1357,-1
1615,297,1604,1814,295,1603,302,1819
1665,1819,1817,1826,1818,1603,1615,1664
1613,1819,1814,1603,1604,1938,1614,295
1868,1723,1617,1618,2119,1475,2122,2123
1723,1475,1478,1619,1616,1618,1724,2119
1475,1868,1753,1476,1616,1617,1420,2123
1617,1723,1699,1478,1668,1724,2012,1475
1623,1740,1621,1580,1625,1579,1780,1703
1620,1644,1703,1580,1740,1622,1645,-1
1645,1642,1643,1644,1621,1580,1392,1705
1620,1780,1579,1544,1625,1580,1763,1740
257,1570,262,1507,1506,1641,1640,268
1780,1779,1778,1620,1740,1623,1777,-1
1627,1778,1789,2163,1417,1545,1654,1546
1654,1626,1546,1458,1545,1417,1408,1755
1630,1890,1889,1629,1384,1714,385,383
1889,1890,1888,1628,1773,1253,1854,1252
385,383,1628,387,1384,1714,380,1602
1633,1508,1686,1510,1685,2521,1632,1609
1633,1453,1528,1738,1510,2521,1631,1527
1631,2521,1632,1685,1738,1510,1508,1686
1430,1658,1869,1569,1973,1254,1255,1428
623,621,1796,624,1589,1550,619,1607
1795,1792,1606,1791,1794,1607,1793,1797
1795,2156,1520,1683,1932,1794,1523,1606
1583,1823,1639,2000,1585,1953,1768,1324
1638,1552,1768,1612,1823,1585,1505,1583
1641,1449,1600,1721,1722,1570,1624,257
255,1640,257,1722,1921,1624,252,1920
1390,1643,1622,1392,1695,1887,1645,1922
1642,1645,1705,1706,1695,1622,1390,1644
1645,1785,1703,1621,1622,1702,1705,1704
1644,1705,1643,1702,1622,1706,1785,1642
2239,2077,1647,1752,1751,1610,1648,2080
2077,1646,1608,2080,1885,1610,2239,3854
2239,1764,2076,1752,1756,1787,1646,1610
1428,2224,1658,1651,1652,1774,1973,1431
3706,1652,1431,2064,1429,1842,1774,1428
1649,2249,1774,1652,2224,2245,1428,2246
1428,1649,1774,1431,1651,1650,3706,1658
1494,1660,1663,1662,1495,1531,1497,1661
1408,1627,1458,1755,1417,154,155,1546
2571,1656,2149,1895,1896,1897,1657,1593
1896,2149,1827,1739,1655,1897,2003,1826
1592,2571,2056,1593,1748,2277,1655,1577
1649,1428,1634,1869,1973,2224,1824,1430
613,616,612,1286,1551,611,617,1550
1661,1663,1653,1716,1717,1495,1682,1598
1682,1660,1598,1716,1495,1597,1653,1452
1909,1713,1531,1663,1653,1910,3277,1715
1660,1909,1653,1715,1662,1717,1716,1867
1665,1700,1739,1605,1826,1594,1827,1541
1664,1605,1614,1826,1603,1700,1819,1615
515,2113,517,512,1515,1395,1394,519
1742,1572,1698,1668,1699,1571,1744,1498
1499,1478,1619,1572,1667,1477,1498,1699
1671,1673,1672,1566,1772,1567,1565,1693
1692,3564,1671,1693,1567,1691,1568,1694
1567,1693,1672,1669,1670,1697,3564,1692
1697,1671,1669,1772,1693,1771,2038,1696
1669,1772,1566,1414,1725,1387,1672,2237
1687,1677,3048,1676,1688,2243,1957,2244
1677,1465,1821,1688,1820,1575,1574,1467
1573,1674,1677,1575,1825,1957,3048,1958
1575,1688,1674,1675,1676,2243,1573,1821
1679,2134,1559,2135,1562,2133,2302,1757
1757,2133,1562,1678,1848,1559,2134,1758
1410,1535,1371,1406,1689,1411,1344,1314
1682,1808,1716,1807,1683,1597,1806,1661
1661,1597,1716,1598,1681,1660,1683,1451
2156,1597,1523,1808,1637,1681,1682,1520
520,2113,1516,1455,519,522,1515,1800
2521,2257,1631,1633,1686,2044,1798,1738
1631,1508,1956,2257,1685,1886,1633,2441
2243,3048,2244,1674,1877,1688,1879,2370
1677,2243,1821,1781,1675,1674,1687,1820
1534,1712,1406,1680,1535,1711,1410,1407
1759,1534,1708,1711,1311,1761,1689,1719
3564,1877,1879,1670,1692,1766,1878,1694
1670,1879,1568,1782,1567,1691,3564,1671
1671,1696,1697,1670,3564,1694,1672,1765
3564,1765,1696,1767,1766,1693,1670,2039
1706,1922,1643,1923,1924,1390,1642,1944
1765,1697,2039,1693,2038,1694,1672,3564
1672,2038,1696,1693,1771,1671,2062,2039
1744,1742,1745,1667,1873,1743,1571,1891
1619,1742,2012,1876,1667,1724,1668,1723
1594,1664,1541,1605,1542,1739,331,1665
363,2057,360,365,1709,1907,1482,358
1705,1785,1645,1810,1786,1783,1644,1706
1704,1971,1644,1621,1741,1740,1785,1620
1971,1785,1784,1898,1703,1970,1741,1644
1706,1645,1786,1702,1643,1924,1644,1783
1705,1924,1786,1643,1695,1645,1944,1702
1966,2055,1560,1762,2085,1558,1965,1555
1759,1311,1472,1690,1719,1426,1761,1534
1701,2057,1872,367,365,1871,1870,363
369,2194,371,1872,367,2009,2192,2010
1712,1690,1761,1947,1689,2505,1534,1759
1407,3544,1711,1689,1947,1406,2034,2699
3277,1910,1662,1493,1492,1531,596,590
1602,379,380,377,1855,383,1853,1630
1909,1867,1928,1663,1717,1926,2538,1963
1682,1661,1806,1660,1717,1681,1598,1963
1963,1716,1867,1663,1660,1715,1806,1661
1802,1720,1474,2201,1473,1840,1801,1900
1759,1473,1472,1720,1708,1760,1761,1690
1718,1900,1719,1473,1760,1801,1840,1759
1600,1722,1862,1729,1640,1730,1641,2118
1920,1721,1641,2118,1640,1921,252,1862
1617,1724,2119,1616,1619,2011,1475,1478
1723,2012,2011,1619,2119,2013,1699,1617
1976,1673,1799,1772,1500,2237,1414,2303
1788,1764,1586,1787,1519,1727,2091,2089
1833,1588,1586,2091,1834,1726,1788,1735
1730,1874,1745,1859,1729,1600,1743,1744
1728,1730,1721,1862,1874,1600,1858,1864
1728,1600,1599,1859,1729,1721,212,1745
1049,1063,1047,1061,1098,1048,1066,1192
1308,1365,1746,1366,1310,1394,497,499
1351,1298,1309,1297,1366,1310,1445,1207
1856,1493,1911,1444,1910,1296,1926,1992
1588,1834,1736,1347,1587,1727,1833,1549
1348,1834,1735,1327,1347,1775,1278,1279
1512,2115,1516,1486,1800,1487,1513,1436
2521,1527,1632,1633,1601,1798,1528,1685
1664,1656,2149,1594,1700,1827,1595,1826
1620,1741,1779,1625,1703,1621,1971,1623
1971,1829,1740,1779,1828,1703,1704,1898
1876,1698,1873,1699,1667,2012,1743,1884
1873,1745,1874,1883,1863,1698,1728,1884
1891,1698,1745,1859,1571,200,208,1728
1728,1744,1743,1859,1874,1698,1891,1730
508,1394,499,1308,1732,512,497,1666
1749,2132,1881,1591,1590,1882,1880,1553
2277,1591,1592,2289,1749,1657,2160,1577
1747,2289,1591,2058,1748,1882,2132,1590
2077,2079,2082,2080,2081,2078,1751,2882
2082,1752,2077,1646,2238,1750,2162,-1
1648,2076,2239,1646,1751,2238,2077,1764
1618,1868,1815,1754,2123,1476,1475,1616
1790,1816,1753,1789,1777,1476,1815,1618
1468,155,1458,156,1654,1335,1408,154
2239,1648,1764,1518,1519,1610,1440,1646
1679,1758,1562,1563,1848,1561,2133,1559
1757,1561,1847,1948,1848,1563,1679,1562
1719,1761,1708,1690,1760,1472,1720,1915
1759,1720,1915,1900,1719,1761,1916,1801
1759,2505,1915,1690,1711,1760,1947,1719
1538,1707,1539,2055,1558,1437,1537,1484
1320,1579,1318,1581,1544,1391,1623,1323
1648,1787,1756,1726,2076,1519,2239,1788
1694,1696,2037,2039,1767,3470,1693,2038
1995,3564,2474,1694,1691,1878,1767,1765
1765,1995,1993,2037,1694,1766,1994,2474
1769,1639,1612,1823,1822,1424,1638,1770
1978,1768,1424,1822,1423,1987,2183,-1
1357,1424,1612,1382,1355,1288,1380,1768
2406,1697,2062,1672,2038,1772,2237,1977
1673,2237,1672,1669,1725,1771,1976,1697
1913,1629,1596,1888,1831,1912,1253,1889
2246,3706,1652,1651,1650,2245,1649,2326
1776,1327,2143,1736,1582,1834,1326,1833
2143,1582,1984,1955,1775,1983,1584,1326
1789,1779,1778,1816,1754,1625,1829,1790
1626,1780,1777,1789,1625,1545,1627,1779
1829,1777,1741,1625,1816,1740,1778,-1
1545,1623,1625,1778,1544,1620,1546,1626
1782,1821,1688,2243,1879,1533,1532,1692
1781,1532,1568,1879,1692,1533,1821,1841
1786,1812,1810,1811,1809,1702,1705,1813
1970,1704,1810,1785,1898,1866,1971,1968
1704,1702,1644,1784,1810,1703,1645,1971
1705,1706,1783,1811,1924,1702,1645,1643
2089,1764,2076,1788,1726,2198,1648,2090
2091,2090,1726,1787,2089,1727,1833,1764
1790,1777,2163,1626,1778,1754,1421,-1
1421,2163,1789,1476,1754,1419,1753,1777
1797,631,1793,1803,1636,1850,630,1792
1797,628,1796,1636,626,1607,630,1791
1803,1794,1791,1804,1805,1636,1932,1850
1932,1793,1795,1636,1637,1804,1935,1606
1606,1637,1636,1794,1520,1607,1932,1522
1635,1607,624,1792,626,623,1589,628
630,1792,631,628,1791,1849,626,1636
2521,2303,2044,1799,1738,1601,1685,1633
2303,1976,1601,1500,1798,1725,2044,2043
1455,1512,1464,1516,1684,1737,1456,522
1900,1840,41,2366,36,43,1720,1718
1837,1474,1718,1840,1838,1839,25,2201
1850,1793,1805,2071,1791,1849,633,631
1935,1805,1793,1932,2016,1794,2027,1875
2024,1803,1804,2071,1793,2027,2069,1850
1963,1716,1807,1717,1681,1904,1682,1905
1806,1905,1906,1808,1681,1904,1963,1716
1934,2156,1807,1681,1683,1906,1875,1806
1813,2410,1811,2837,1783,1812,2392,2391
1784,1812,1702,1783,1785,1866,1704,1970
1786,2392,2390,1809,1783,1924,1706,2410
1813,1783,2110,1810,1866,1809,2111,2837
2837,2111,1812,2110,1809,2410,1783,2552
1615,1938,1613,295,292,1819,1903,297
1753,1941,2123,1816,1940,1939,1754,1868
1829,1754,1815,1777,1941,1779,1753,-1
2144,1845,1614,1818,1826,1975,1844,1827
1819,1844,1846,1614,1817,1845,1938,1615
1615,1614,1814,1818,1938,1603,1613,1665
1821,1467,1511,1675,1465,1533,1688,1901
1820,1781,1688,1533,1675,1782,1677,2243
1823,1988,1987,1768,1769,1989,-1,-1
1638,1822,2000,1768,1639,1989,1583,1988
2296,2224,1573,1869,1825,1469,1658,1470
1958,1824,1676,1573,2249,2224,1957,2296
1827,1665,1664,2144,1614,1817,1739,1656
1656,1896,2144,1826,2003,1739,1664,1817
1969,1829,1971,1941,1741,1898,2196,1704
1941,1741,1816,1779,1828,1971,1777,1815
1914,1831,1540,1832,1536,1912,2319,2023
1913,1830,2023,1912,1540,1773,1914,1264
2319,1914,1843,1830,2285,1536,1894,-1
2091,2143,1834,1727,1983,1788,1984,1735
1833,1735,2143,1736,1775,1727,1588,1776
1836,1443,1842,1951,1429,1442,1404,1857
1835,1951,1442,1857,1443,1992,2261,1842
25,1802,1838,29,21,1839,1899,1840
21,1840,1899,24,30,1837,1802,25
1474,1892,29,1837,1802,1491,1462,27
1801,1838,36,1802,30,1718,41,24
1525,1532,1565,1435,1568,1389,1385,1782
1835,2064,2065,1429,1650,1951,1836,1443
1536,1894,1893,1537,1832,2055,-1,-1
1845,1846,1852,1818,1851,1974,1817,1902
1844,1974,1817,1975,1851,1818,2144,1846
1950,1844,1938,1902,1852,1818,1903,1819
2227,2183,1758,1948,2203,1978,1848,1757
2203,1757,1679,2133,1758,1847,2202,2227
633,631,1850,635,630,1797,1791,637
633,1849,1803,635,631,1791,2071,1860
1974,1844,1852,2084,1919,1845,2083,-1
1844,1918,1902,1846,1851,1919,1950,1845
377,1855,373,1972,374,379,1714,1602
1890,1855,1930,1931,1888,1714,1972,1929
1853,1972,1854,1930,1714,373,377,2010
1992,1444,1911,1734,1442,1296,1925,1857
1836,1992,2261,1952,1442,1951,1925,1856
1864,1874,1861,1863,1729,1865,1862,3073
1891,1730,1728,212,1744,1745,1599,208
637,635,639,2114,2071,1945,1850,641
1943,1865,758,753,1864,756,749,759
3073,1721,1729,1864,2118,1722,1858,1997
1874,1883,1865,1942,1743,1858,1861,2195
3073,1858,1861,1862,1982,1943,1997,1729
1861,743,747,749,745,2195,741,1942
1970,2110,2284,1784,1810,1812,2046,-1
1963,2538,1715,1928,1961,1717,2603,1806
1618,2123,1616,1753,2122,1475,1815,2119
2296,1658,1824,1634,1470,1569,2224,1573
2057,2132,2136,1871,1882,1709,1880,1701
1872,2136,2358,1709,2192,1870,2057,1710
1710,369,1871,2192,1709,367,2194,371
1743,1876,1742,1884,1883,1698,1745,2006
1728,1863,1858,1743,1745,1729,1730,1859
1935,1934,2156,1932,1933,1808,1804,1637
2012,1742,1873,2006,1884,1699,2005,2013
1687,2244,1879,1691,2243,1878,3048,1674
2244,2474,1877,1766,2369,1691,2370,1687
1692,2243,1877,1782,1781,1691,1687,1568
2132,1907,2057,1881,1481,1870,1908,1482
1553,1747,2132,1880,1481,1590,1907,1591
2132,2058,2059,1870,1747,1749,2136,1880
1884,1942,1863,2007,1743,1873,2005,1874
2005,1883,2006,1873,1876,2007,2012,2029
3854,2080,1886,1608,1647,2501,2179,2078
1508,1885,1686,1609,1608,1956,2501,1631
1345,1390,1393,2699,1392,1642,1407,1343
1931,1629,1890,1854,1773,1912,1628,1930
1252,1629,1628,1384,1253,1630,1890,1300
1854,1628,1629,1888,1714,1855,1889,1630
208,200,1744,1859,212,1571,195,1745
27,34,1839,29,1491,38,42,1837
1843,2086,2085,2055,1894,1537,2124,-1
1843,2233,2285,1893,1832,2124,2231,2319
1897,2571,2376,2368,1655,1896,2056,1657
1656,1897,1827,2003,1655,1895,2144,2149
1896,1895,2003,2368,2002,1655,1656,2571
1969,1971,1704,1970,1968,1784,1828,1967
21,17,24,1838,19,25,30,1837
1801,1916,43,2366,1720,41,1760,2017
1504,1512,1467,1513,1511,1464,1232,1820
1950,1917,1852,1846,1918,1936,1903,2329
289,1950,285,292,1938,1936,278,1937
1905,1963,1964,1807,1961,1806,1962,2168
1904,2168,1906,1807,1962,1964,1806,1986
1905,1934,1807,1986,1808,2168,1904,1933
1482,1908,1880,2057,1701,358,360,1481
1482,354,1481,356,1907,358,352,1880
1715,1662,1910,1663,1926,1713,1928,1653
1909,1713,1493,1926,1662,1734,3277,1715
1856,1991,1992,1734,1925,1926,1927,1444
1914,1831,1888,1931,2112,1773,1830,2319
1596,1831,1264,2023,1773,1235,1540,1912
2319,1830,1912,2112,1832,1831,2285,2193
1960,1916,2505,1760,1761,1959,1900,2103
1900,2017,2103,43,1915,1959,2366,1760
2329,1902,1936,2020,1918,1949,1950,1937
2329,1852,1902,1919,1917,2263,2087,2020
1918,2083,2263,1852,1851,2295,2329,2309
252,1921,1722,245,2118,255,1641,2675
252,255,1920,245,1641,1722,257,2118
1985,1695,1390,2699,1923,1642,3544,1887
1944,2049,1985,1922,1695,2048,2034,1924
1706,1944,2390,1786,1811,1695,1705,2490
1992,1927,1952,1990,1911,1991,1857,1856
1909,1928,1910,1991,1911,1715,1734,-1
1990,2603,1991,2092,1925,1911,1928,1952
2538,1715,1991,1867,2603,1926,1909,1927
2009,1931,2169,1930,2112,2010,2194,1854
2010,1854,1929,1972,2009,1855,1931,372
1929,1888,1854,1930,2112,1912,2009,1890
1794,1875,1935,2156,1637,1804,1795,1793
2036,2015,1875,1935,1934,1986,2016,2035
1875,1906,1808,1933,2156,1986,2036,1935
1875,1804,1933,1932,2016,2015,1934,2156
1937,1950,1903,1902,1917,285,1949,278
278,272,1936,285,2004,1949,264,1903
1814,1950,1903,1846,1819,292,1818,1615
1940,2196,1941,1815,2145,2123,2146,2200
1939,2123,2200,1815,2145,1941,2196,2881
1939,1829,1815,1828,2196,1816,1940,1969
2195,1883,1865,2007,2030,1863,743,741
759,758,756,757,1861,753,755,751
1923,1924,2490,2390,2048,1695,1706,2049
641,2114,644,639,2267,1946,1860,646
646,644,649,2267,2355,2186,1945,651
2505,2034,3544,1712,2033,1711,1960,1985
1561,1978,1758,1556,1847,1423,2183,1422
1937,2004,1917,2021,2022,1936,2020,272
1903,1846,1902,1936,1938,289,285,292
1836,2261,1835,2065,2213,1857,1842,2417
2261,2093,1990,1925,1857,2212,1992,1927
2014,2000,1954,1583,1584,1998,1638,2060
2061,2014,1953,1955,1584,2060,1583,1984
1776,1984,1584,2061,1954,1582,2147,2143
1686,2501,2441,2257,2502,1886,1508,1685
1958,3048,1676,1825,2248,1674,2370,1687
2249,1957,2248,1825,1676,2245,3048,2224
2103,1960,1916,2102,1915,2104,2181,2017
1959,2033,1915,2505,2102,2242,1947,1916
2538,1964,2374,1963,1867,1904,2537,1928
1964,2188,2168,1905,2373,1904,2397,2374
1867,1806,1904,1717,1961,2538,1964,1716
2374,1962,1961,1904,2373,1905,2402,1963
1966,3316,2494,1560,2460,2170,1564,1559
1965,2085,1707,1560,2170,2494,2055,2086
2197,1969,2146,1968,2045,2196,2467,2469
1970,2045,1967,1969,1898,2046,2197,1784
1967,1828,1898,1968,2196,2146,1971,1970
1968,1784,2046,1866,1898,1704,2045,1969
1704,1741,1898,1828,1703,1829,1969,1785
372,1855,2010,373,1853,1930,371,1854
1428,1430,1403,1658,1405,1431,1634,1649
2084,1845,1975,1851,2001,1844,2214,2083
1974,2144,2003,2001,1845,1817,2002,2084
2303,2237,1799,1725,2043,1772,1798,2044
2406,2404,2237,2043,2405,1771,1976,2062
2183,1948,1769,1847,1423,1987,2227,-1
2283,1981,1996,2215,2018,1982,2019,1943
750,752,754,748,755,746,757,1981
759,1980,757,754,755,1943,752,758
1943,1997,3073,1864,1979,1861,1981,1996
2091,1984,1833,2143,2167,2147,2090,1776
1776,1983,2147,1955,2143,2061,1582,1833
2034,1922,3544,1923,2049,2699,1947,1407
2036,1906,2168,2042,1934,2187,1933,2015
2183,1988,1822,2226,1978,1769,2072,2227
1989,1987,1822,1999,2072,2226,1823,-1
1988,2000,1823,1822,1998,1999,1638,2621
2093,1927,2092,1952,1925,2094,2096,2603
1927,1911,2603,1928,1926,1925,2538,1992
1856,1857,1925,1911,1442,1836,1444,1952
1995,2107,1767,1994,2105,2474,2037,2053
1993,2037,2053,2054,2107,2052,1767,1765
2474,1993,1767,1766,2105,1694,1878,2107
235,1997,2283,2675,1979,234,1982,2282
3073,2675,1996,2118,1982,1864,242,235
2621,2014,1989,2000,1953,2424,1999,-1
1988,2621,2219,1989,2165,2072,1998,-1
1953,1638,1989,1823,1583,1998,2014,-1
2214,1974,2084,1975,2002,2153,2155,2003
2001,2003,1897,2363,2153,2368,1975,1896
2144,1896,1897,1975,1827,2002,1656,2001
272,264,1937,2021,2470,1949,278,254
1884,2029,2006,2007,2008,1876,1883,2031
2005,2012,2013,1876,1884,2029,2327,1724
2005,1884,1942,1883,2030,2008,2195,2006
2028,2005,2007,2031,2030,2029,2032,2140
2010,371,1929,2169,2194,1930,1710,372
372,371,2009,1972,1930,1929,1855,373
2119,2013,2121,2120,1724,2327,1723,2012
1724,1876,2006,2013,1699,2011,1619,1742
2327,2011,2006,2012,1724,2120,2029,2191
1953,2060,1954,2424,1998,2621,2000,2061
2036,2026,1933,2035,2016,1935,2025,2042
2015,1935,2025,2027,2026,1933,1804,2036
43,40,2366,2103,41,1916,1900,2181
2019,777,776,2218,2215,774,775,773
774,772,776,777,775,770,773,771
2088,2329,1917,2087,2022,2330,1949,2523
2004,2176,2022,2470,1949,2177,264,2394
2088,2021,2020,1949,2175,2177,2004,2176
1483,1913,1264,1540,1831,1146,1596,1830
2069,2027,1805,2071,2070,2264,2114,1803
2026,2075,2027,2016,2068,2015,2070,2074
2025,2015,2035,2068,2041,2016,2036,2075
2024,2025,2016,1805,2070,2075,1804,2069
2140,2008,2317,2031,2032,2138,2030,2318
2327,2005,2191,2006,2031,2013,2008,1884
2032,2195,2007,1942,2139,2008,737,739
2028,2190,2191,2317,2318,2029,2008,2327
2030,2140,2138,2028,2139,2137,2008,2195
1960,2034,2242,2049,2505,1947,2102,1959
1985,2049,2033,1947,3544,2242,2505,1923
2036,2015,2042,2026,2041,2040,2099,1933
2015,2042,1986,2035,1933,2026,2187,1934
1765,2039,2054,1994,3470,1767,1696,1993
2062,1697,1696,2039,2063,1771,2406,1672
1765,3470,1696,2038,2063,2037,1697,2062
2099,2067,2035,2042,2041,2100,2036,2187
2035,2040,2066,2026,2068,2067,2015,2042
2036,2099,2187,2035,2040,1986,2015,2592
2303,1976,1977,2591,2044,2237,2405,1799
2303,2591,1798,2257,1685,2043,2521,2441
2197,1968,2600,2469,1967,2046,1970,2750
2750,1970,2045,1968,2284,2600,1866,-1
1062,923,1165,1095,1122,1059,1027,1514
2490,2242,2049,1944,2116,1923,2356,2390
2034,2242,1923,1985,2048,2033,1944,3544
760,761,2184,2185,762,2229,764,763
748,746,750,744,740,742,738,752
2054,2141,2142,2053,3034,1994,2211,2709
2630,2052,2709,2141,1994,2107,2708,2054
2052,3470,2211,2037,3034,1994,2142,2039
1537,2085,1707,1762,1893,1538,1966,1843
2276,2571,2277,1657,2376,2278,2680,1748
1701,1907,1880,1870,1709,2132,363,1482
2159,2059,1882,1749,2472,2289,2160,2471
2136,2472,2058,1882,2336,2358,2337,2159
2014,1954,2412,2148,2061,2424,2413,1953
2147,1954,1955,1984,2148,2060,2677,1776
2406,2038,2063,2223,1771,2404,1697,2039
2062,2210,2039,2038,3470,2223,2273,2211
3706,2647,1842,1650,2326,2065,2416,2246
2416,2417,1951,1842,2064,2213,2647,2536
2618,3278,2041,2067,2073,2101,2068,2040
2040,2125,2101,2066,2041,2100,2099,2618
2074,2026,2041,2025,2073,2075,2066,2035
2024,2264,2114,2071,2070,2027,2267,1805
2264,2069,2075,2024,2151,2475,2027,2025
2069,1803,2024,1860,1805,2114,1850,635
2226,1988,2165,2164,2166,1999,1987,-1
3278,2074,2150,2545,2066,2068,2618,-1
2151,2068,2073,2075,2150,2025,2152,2070
2025,2070,2074,2151,2068,2027,2026,2024
1648,1787,1752,2198,1764,2238,2089,2239
1646,2080,1750,1647,1751,2082,1752,2239
2079,3854,2179,2180,2080,2178,1750,2882
2882,2078,2081,2180,1750,2804,2080,2082
3854,2077,1647,1885,1750,2078,2079,2179
2079,2882,2161,2804,2082,2645,1750,2180
2161,1751,1750,2081,2162,2077,2582,2079
2084,1919,2220,2155,2295,1851,1974,2214
1974,2214,2083,2155,2001,1851,1975,2220
1966,2055,2086,1893,2170,1707,1965,2171
2085,2171,2124,1893,2170,1966,2055,2232
2329,2330,2263,2425,2020,2088,1918,2309
2523,2022,2020,2330,2175,2615,2087,1949
2090,1787,2198,2349,1788,2076,2091,2312
2089,2167,2091,1788,2349,1787,1983,2350
1833,1788,2090,1983,2167,1727,2089,2143
1927,2098,2603,1990,2537,2094,2402,2095
1990,2096,1952,2212,2094,2253,2092,2261
2095,2096,2092,2093,2098,1990,2300,2097
2485,2098,2300,2094,2403,2402,2484,2092
2093,2097,2253,2094,2300,2212,1990,2301
2301,2096,2354,2300,2253,2352,2351,2094
2095,2402,2092,2537,2094,2403,2374,2485
2592,2042,2040,2100,2187,2126,2035,2188
2099,2127,2125,2592,2040,2126,2067,2042
2618,2631,2463,2125,2067,2632,2066,3278
2242,2117,1960,1959,2104,2116,2033,2103
2181,2017,1959,40,1916,2104,43,33
2181,2117,2103,2102,2182,1959,35,33
1995,1993,2408,2474,2107,2106,2369,-1
2629,2107,2628,2630,2627,2408,2105,-1
1993,2630,2106,2053,1994,2105,1995,-1
1010,1217,1342,2109,1341,1012,1339,1011
1217,972,2108,1012,1010,1053,1067,930
1813,2284,1812,2552,2111,1866,2837,1809
1813,2746,2837,2552,2527,2110,3558,1812
1929,2319,1914,2169,1931,1912,2193,2009
519,517,1515,1666,1684,515,520,1516
2069,1945,2264,1860,2267,2071,2024,639
1486,1436,1513,1737,1364,1512,1459,1361
2117,2242,2356,2241,2048,2102,2240,2490
2104,2241,2116,2182,2102,2262,2242,35
1920,3073,2675,1997,1722,245,1862,242
1723,2011,2121,1616,2122,1724,1617,1868
2327,2011,2342,2191,2013,2121,2328,2029
2011,2119,2199,2342,2120,2122,2602,2601
1868,2119,2200,2123,2199,1616,2121,1940
1868,1940,1815,2200,1753,2122,1939,1618
2231,2086,2293,2233,2171,2232,1894,1893
2463,2127,2100,2067,2101,2128,2040,2126
2592,2127,2593,2281,2679,2100,2099,2188
2126,2128,2100,2281,2125,2130,2592,2463
2127,2130,2129,2463,2125,2281,2131,2126
2130,2234,2236,2128,2235,2131,2281,2463
2281,2235,2129,2322,2128,2127,2234,2320
3575,2463,2129,2236,2454,2128,2632,-1
1880,1747,1882,1881,1870,2057,1749,1907
1679,2250,2134,1848,2202,1678,1757,2256
2865,2256,1678,2133,2250,2302,1679,2867
2462,1559,3316,1678,2460,2302,1562,2868
2059,1871,2358,1870,1882,2336,2472,2192
2138,2185,2139,2157,2032,2158,2051,2050
2140,2158,2137,2032,2359,2028,2317,2157
737,738,739,740,2195,2051,742,741
2138,2028,2317,2032,2359,2158,2008,2031
2142,2709,2052,2744,2053,2745,3034,2858
3034,2745,2141,2052,2857,2054,2211,2744
1776,1833,1834,1983,1984,1775,2091,1955
1817,1827,2003,1975,1826,1896,1845,1614
2146,2881,1940,1939,2200,2541,2196,2467
2197,1967,2145,2467,2196,1939,1969,2541
2677,1984,2061,2167,1983,2148,1955,2350
2677,2413,2060,2061,2380,2147,2412,1954
1656,1595,1593,1655,1739,1896,1594,1827
2544,2074,2073,2152,2545,2151,2543,2207
2074,2152,2475,2075,2070,2150,2264,2544
2544,2151,2208,2209,2475,2150,2268,2074
2214,2266,2363,2265,2154,2001,2002,2717
2266,2214,2221,2155,2153,2259,2717,2265
2214,2220,2084,2221,2154,2083,2258,2001
1875,1683,1808,1932,1637,1934,1935,1794
2185,2447,2158,2361,2446,2137,2138,2229
2138,2361,2157,2359,2360,2137,2140,2447
2058,2160,2471,2332,2289,2472,2059,1749
2289,2278,2332,2159,2277,1748,2058,2346
2582,2082,2081,2583,2645,2162,2804,2487
2082,2582,2348,2161,2238,2347,1751,-1
1790,1419,1417,1789,1421,1626,1397,1627
2228,2166,2173,2226,2225,2072,2227,2512
2166,2219,3207,2174,2072,1999,2164,3208
2174,2164,2173,2165,2072,2172,2225,3207
2090,2677,1983,2147,2350,2349,2091,2089
1905,2187,1986,2188,1962,1906,2042,1904
1929,2288,2009,2194,2193,2112,1710,371
2494,1966,2086,2085,2171,2341,1965,2445
2290,2086,2232,2170,2341,2124,2293,2494
2173,2690,2174,2206,2315,2205,2204,2166
2225,2166,2206,2172,2164,2174,2228,2204
2166,2315,3207,2165,2172,2173,2480,2164
2615,2088,2477,2177,2022,2523,2189,2749
2394,2470,2021,2396,2177,2216,2004,254
2433,2176,2394,2175,2021,2022,2189,-1
2179,2180,2590,2440,2340,2078,3854,2500
3854,2178,2440,2078,2501,2180,1885,2080
2882,2178,2079,2590,2078,2339,2179,2804
33,2103,2104,35,40,2017,2182,1959
2262,35,2117,23,26,2241,2104,32
2227,1978,2226,1987,1847,2228,1948,2203
764,766,768,762,763,761,765,770
2050,2229,2157,2137,2446,760,2051,761
651,649,2355,653,2269,1946,646,656
2042,2099,2168,2592,2188,1986,2036,2040
2593,1962,2187,2592,2168,2397,2373,2099
2433,2477,2476,2434,2177,2435,2175,-1
2191,2318,2466,2031,2328,2520,2327,2317
2327,2190,2029,2328,2120,2031,2013,2466
2288,2358,1872,2194,1871,2287,1710,369
2288,2319,2169,2286,2285,2112,2287,2194
1710,2288,2009,371,2192,2169,1872,369
739,741,737,743,738,745,747,740
1939,1969,2146,1967,1941,1828,2145,1940
1967,2146,2469,2045,2467,2468,1968,2600
2089,2312,2076,2311,1787,2349,2238,2090
2601,2121,2602,2881,2200,2122,2342,2565
1940,2881,2123,2122,2199,2145,2601,1939
1474,1400,1473,1462,1718,2812,1839,1802
2512,2252,2250,2203,2133,1848,2251,2228
2227,2512,1848,2228,2202,1847,2183,2225
2690,2206,2514,2688,2689,2172,2314,2173
2690,2315,2314,2316,2313,2172,2480,3397
2204,2173,2225,2514,2251,2172,2690,2512
2544,2579,2651,2208,2426,2543,2803,2152
2207,2544,2387,2209,2152,2426,2651,-1
2268,2355,2208,2152,2269,2475,2387,2186
2273,2211,2063,3470,2222,2223,2272,3034
3034,3470,2210,2054,2222,2273,2052,2063
2093,2254,2261,1952,2253,2213,2096,2255
2417,2261,1951,2254,2212,2065,2416,2456
2155,2001,2154,2084,2153,2266,1974,2221
2283,2216,2018,2218,1979,2396,2282,234
2218,2394,2215,2396,2395,2176,2282,2283
777,775,773,776,771,769,774,2427
2216,2427,2018,2217,2215,2395,777,775
3208,2621,2165,2422,1999,3207,2423,2620
2258,2155,2310,2083,2295,2221,2308,2084
2258,2154,2260,2155,2220,2259,2214,2266
3409,3056,2211,2273,2210,3034,2857,2307
2272,2062,2406,2273,2404,2063,2210,2271
1649,1824,1658,1825,1651,2249,1869,1428
2173,2512,2228,2206,2164,2251,2166,2203
2227,2183,2164,2228,2072,1987,1988,2203
2183,2228,2203,2226,1847,2512,2164,1978
2227,2512,2164,2225,2203,2226,2173,2183
760,2050,761,2623,762,2230,2185,763
765,763,767,762,769,761,766,764
2293,2375,2233,2438,2124,2232,2286,2294
2293,2290,2171,2291,2294,2124,2231,2292
2231,2375,2285,1894,2286,2124,2293,2438
2235,2236,2453,2129,2321,2320,2130,2452
2320,2234,2130,2129,2322,2321,2678,2281
2234,2452,2129,2454,2131,2453,2235,3575
1976,1772,1977,2043,1771,1725,2303,2406
2311,1752,2076,2348,2198,2162,1751,2312
1648,1646,1756,1752,1610,1764,2076,1647
2274,2414,2241,2304,2356,2262,2275,32
2262,2240,2117,2274,2116,2182,2356,32
2049,2116,2102,2048,2033,2034,2117,1960
1687,1688,1879,1781,1877,1674,2244,1677
1687,3048,1877,1878,2370,2243,1674,1957
2246,2249,1651,2247,1774,2280,2248,1958
1774,2247,3706,2326,2245,1651,2298,2279
2246,2279,2297,2245,2326,2298,2280,2299
1958,2280,2635,1957,2249,2245,2370,3048
1958,1651,2245,1825,2224,2248,1649,1957
2256,2252,2133,2202,2578,2134,2865,2513
2252,2512,2225,2514,2206,2513,2202,2228
2250,2251,2513,2578,2202,2512,2256,2514
2255,2096,2097,2351,2301,2212,2254,2504
2255,2417,2212,2213,2504,2456,2253,2351
2351,2253,2504,2254,2418,2301,2212,2456
2865,2250,2578,2134,2941,2252,2133,2867
2441,1685,2044,1686,1956,2591,1631,2521
2310,2260,2221,2220,2371,2155,2372,2393
2717,2266,2576,2575,2154,2221,2574,2260
2258,2576,2221,2372,2371,2259,2661,2220
2213,1952,1857,1951,2212,1836,2417,2093
32,2182,2274,2241,26,23,2117,2240
2309,2087,2329,1919,1918,2425,2295,3118
2069,2267,2114,2070,2475,2268,2024,1945
2266,2717,2363,2687,2378,2153,2377,2574
2717,2154,2265,2153,2259,2214,2574,2687
2264,2268,1946,2114,1945,2355,2475,2069
2355,2475,2267,2209,2264,1946,2152,2186
2270,2186,2387,2355,2364,2209,653,656
656,659,2364,2269,653,2365,663,2186
2404,2559,2272,2561,2560,2405,2223,2406
2273,2561,2223,2307,2271,2649,2404,2210
2210,2272,2307,2222,2223,3056,2211,2063
32,2240,2262,2275,2304,2241,20,2414
20,2304,2415,2274,32,2398,16,2240
2680,2056,2278,2331,2376,2277,2571,2345
1748,2056,2160,2289,2278,1657,2276,1592
2160,2276,2331,2277,2332,2056,2346,2680
2299,2247,2280,2459,2297,2499,2245,2535
2279,2459,2248,2635,2245,2407,2247,2299
2130,2126,2127,2322,2679,2128,2593,2235
234,248,2283,2396,254,2215,2470,235
2282,2215,234,1996,1979,2396,248,235
2750,2110,2552,2046,2787,1866,1970,2111
2319,2233,2286,1894,1832,2193,1914,2375
2375,2193,2287,2233,2285,2357,2231,2288
2288,2357,2358,2286,2192,2193,2336,2375
2192,2169,2194,2193,2287,1710,2286,2009
2160,1749,1748,2159,2277,2058,1591,2278
2292,2232,2171,2341,2291,2293,2334,2367
3509,2333,2290,2292,2232,2294,2335,2293
2334,2290,2291,2335,2367,2341,2333,2819
2231,2232,2294,2438,2124,2375,2233,2171
3509,2293,2438,2566,2439,2291,2232,2231
2309,2220,2083,2308,1919,2263,2310,3118
1824,1469,1470,1573,1869,1233,1575,1569
2299,2324,2279,2247,2298,2535,2499,2459
2326,2323,2324,2297,2647,2325,2247,2246
2499,2279,2297,2459,2535,2324,2247,2815
2095,2097,2354,2485,2094,2096,2633,2301
2097,2352,2351,2353,2354,2253,2255,2096
2462,2865,2868,2867,2135,2134,1678,2866
1976,2044,1798,1799,2043,2591,2237,2521
2275,2240,2305,2274,2414,2398,2415,32
2304,2399,3209,2400,2414,2398,2391,2275
2490,2414,3209,2390,2356,2392,2240,2391
3056,2649,2273,2272,2925,2561,2222,3409
2310,3118,2309,3370,2393,2295,2539,2220
3118,2308,2295,2263,2425,2087,3370,2539
2258,2308,2220,2393,2371,2295,3370,2309
2312,2348,2450,2198,2238,2383,2489,2349
2311,2383,2349,2198,2450,2089,2381,2350
2480,2482,2316,2483,2205,2315,2481,3055
2690,3397,2316,2688,2205,2972,2204,2813
2174,2480,2205,2313,3207,2172,2423,2690
2482,3397,2314,2205,2313,2656,2690,2481
2140,2318,2028,2847,2359,2031,2138,2190
2190,2317,2520,2847,2466,2031,2191,2028
1914,2285,2112,2193,1832,1830,2169,2286
2678,2235,2658,2321,2322,2234,2130,2648
2320,2967,2234,2657,2235,2453,2658,2678
2130,2678,2648,2320,2235,2281,2679,2401
2536,2325,2647,2298,2428,2416,2324,2326
2297,2430,2298,2325,2535,2299,2323,2431
2323,2324,2457,2430,2428,2429,2298,2536
3706,2246,2298,2647,2064,2247,1774,2323
2191,2013,2120,2029,2011,2006,2328,2190
2191,2190,2464,2465,2466,2120,2342,2327
2087,1918,1917,2020,2263,2330,1902,1919
2087,2523,2088,2425,2524,2020,2329,2615
2680,2276,2345,2278,2346,2343,2517,2056
2160,2346,2159,2362,2471,2278,2289,2331
3509,2335,2795,3200,2291,2818,2566,2294
2292,2819,2444,2335,2367,2818,2938,2291
2333,2334,2818,2819,2292,2795,2291,3509
2358,3508,2059,2337,2357,2136,2472,2287
3508,2472,2473,2439,2471,2336,2059,2566
2590,2719,3485,2587,2339,2963,2180,2960
2882,2338,2804,3485,2180,2590,2817,2079
2500,2587,2590,2178,2440,2588,2589,2338
2445,2290,2494,2292,2171,2367,2170,2461
2602,2465,2121,2120,2199,2328,2601,2011
2517,2346,2331,2345,2718,2516,2518,2680
2377,2680,2345,2378,2376,2368,2379,2363
2517,2680,2331,2344,2379,2343,2276,2518
2332,2343,2331,2362,2278,2516,2160,2345
2582,2486,2489,2488,2348,2487,2162,3143
2311,2489,2162,2347,2450,2238,2312,2582
2089,2312,2090,2350,2383,2167,2198,2677
2677,2383,2349,2382,2380,2167,2312,2090
2255,2353,2301,2418,2253,2504,2097,2254
2823,2301,2902,2354,2420,2353,2705,2097
2420,2351,2301,2418,2352,2421,2419,2823
2097,2902,2352,2300,2301,2633,2823,2485
2268,2186,1946,2209,2267,2269,649,2475
2240,2490,2116,2414,2306,2241,2048,2274
2375,3508,2287,2286,2438,2336,2358,2231
2192,2336,1871,2136,2287,2357,2059,2288
2140,2360,2317,2158,2847,2138,2848,2028
2361,2848,2572,2359,2586,2158,2448,-1
2448,2158,2447,2360,2157,2572,2449,2359
2737,2515,2332,2471,2346,2473,2516,2159
2377,2265,2153,2368,2002,2378,2344,2266
2270,2365,2387,2385,2388,2269,659,656
663,659,2385,665,2389,2364,2270,656
43,41,2017,36,1900,40,1801,1916
2445,2334,2444,2461,2292,2443,2341,2494
2377,1895,1897,2363,2376,2344,2002,2680
2474,2407,2635,2370,2408,1878,2105,2244
2244,2635,3048,2369,1957,2248,1878,1687
2258,2372,2393,2840,2732,2310,2260,3040
2840,2661,2260,2576,2659,2371,2660,2258
2397,2374,2402,1964,1962,2403,2537,2188
1964,2402,2537,2373,1961,2538,1962,2098
2231,2286,2357,2438,2233,2293,3508,2287
2680,1895,2276,2571,2368,2056,2344,2377
2344,2363,2368,2378,2265,2376,2680,2379
2377,2687,2265,2344,2379,2363,2519,2717
2517,2518,2345,2519,2378,3381,2344,2377
2413,2677,2382,2350,2148,2644,2147,2383
2702,2383,2703,2382,2979,2450,2312,2981
2380,2703,2383,2381,2350,2644,2677,2413
2312,2381,2350,2382,2349,2450,2311,2703
684,682,2894,686,2949,679,2892,689
2386,2365,2389,2388,2727,2364,665,663
4020,2727,2385,2388,2726,2389,2728,2729
2364,2426,2208,2269,2209,2388,2270,2207
2385,2386,2728,2426,2364,4020,2387,2365
665,668,2442,2727,2385,2365,663,670
2490,1924,2306,1811,1944,2392,1786,3209
2410,2399,3209,2392,2617,2837,2305,2411
2391,2410,1811,3209,2390,2306,1809,2399
2721,3370,2310,2308,2732,2371,2722,2258
2176,2216,2433,2395,2177,2396,2470,2218
2427,2216,2433,2432,2218,2434,2394,2217
2282,2216,2470,2176,2283,2215,248,2394
2373,2593,2401,2188,2679,1962,2403,2402
2415,2400,2275,2304,2479,2478,2305,2451
2391,2411,2305,3209,2400,2617,2410,2392
2305,2399,2611,2478,2411,2398,2723,2479
2403,2648,2679,2484,2397,2593,2373,2485
2374,2098,2373,2537,2403,2095,1964,2397
2401,2402,2095,2098,2485,2484,2373,2397
2406,2271,1977,2405,2223,2062,2559,2272
2559,2404,2591,1977,2650,2043,2271,2406
2062,2404,1977,1771,2223,2038,2063,2271
2635,2459,2815,2369,2408,2280,2499,2370
2105,2815,2628,2407,2106,2369,-1,-1
2526,2617,2411,2527,2528,2525,2399,2770
2391,2837,1809,2392,2617,1813,2399,3209
2399,2525,2400,2409,2611,2617,2391,2526
2413,2060,2495,2424,2612,2148,2014,2380
2412,2380,2644,2612,2148,2677,2382,2495
2240,2304,2306,3209,2305,2356,2274,2490
2451,16,2275,20,2479,2398,11,9
2536,2417,2065,2456,2647,2213,2323,2428
2213,2416,2456,2254,2065,2536,2261,1951
2351,2503,2353,2610,2421,2504,2255,3626
2530,2531,2529,2420,3318,2421,3626,2557
2353,3318,2419,2823,2352,2421,2530,2301
2419,3626,2418,2531,2353,2610,2420,2529
3208,2621,2495,2424,2685,2219,2620,2423
3055,2620,3208,3207,2480,2483,2219,2685
2014,2621,2422,2412,2060,2495,1998,-1
3118,2309,2087,2524,2330,2263,2539,2329
2651,2387,2207,2208,2728,2388,2579,3474
2432,2217,2218,2395,2437,777,775,773
2536,2455,2458,2323,2457,2456,2325,2416
2704,2670,2457,2496,2430,2984,2325,-1
2324,2496,2431,2429,2535,2325,3790,2297
3790,2535,2498,2430,2496,2497,2499,2324
2427,2436,2434,2395,2437,2217,2218,2435
2394,2189,2434,2395,2177,2176,2216,2432
2435,2432,2433,2395,2436,2189,2427,2693
2693,2434,2619,2436,2476,2553,2189,2432
2432,2553,2554,2435,2434,2437,2693,2427
2432,2427,2436,2623,2230,2217,2554,2555
2375,3508,2231,2293,2439,2294,2357,2566
2566,3508,2473,2337,2438,2294,3509,2737
2179,2500,2178,2502,2501,2340,3854,1956
2257,2502,2650,2591,1956,2044,1686,2595
670,668,2389,2727,2838,2914,672,665
2461,2868,2825,2444,2866,2367,3241,2445
2334,2938,2819,2443,2825,2367,2292,2824
2461,2494,2341,2367,2460,2462,2443,2170
2229,2447,2623,2605,2604,2157,2185,2449
2449,2157,2361,2605,2446,2448,2777,2778
2449,2777,2572,2361,2447,2584,2778,2360
2605,2777,2447,2448,2778,2361,2622,2446
2312,2311,2979,2381,2489,2383,2348,2702
11,2479,2415,16,2707,9,7,20
2547,2546,2236,2454,2453,2548,2234,2789
2546,2234,2967,2452,2965,2321,2236,2547
3575,2236,2452,2885,2548,2131,2738,2652
2458,2457,2503,2428,2609,2704,2456,2504
2458,2417,2536,2416,2254,2428,2504,2455
2455,2704,2428,2429,2325,2609,2670,2458
2455,2456,2503,2504,2428,2536,2457,2609
2299,2499,2279,2407,2815,2280,2635,2297
3316,2494,2462,2445,2461,2135,1965,1559
2445,2868,2462,2443,2460,2367,2494,2866
2868,2135,2461,2460,2302,3316,2445,2866
2125,2632,2131,2128,2101,2127,3575,2631
2506,2507,2466,2465,2508,2328,2190,2549
2506,2602,2464,2342,2328,2743,2507,2601
2190,2520,2464,2318,2508,2328,2550,2191
2197,2541,2146,2468,2542,2469,2145,1967
2469,2563,2542,2467,2577,2197,2564,2598
2468,2197,2600,2045,2467,2577,1967,2146
254,2176,264,2004,2396,248,2021,2282
2473,2159,2472,2337,2362,2332,2737,2058
2059,2337,2471,2058,2159,2336,2473,2136
2737,2471,2337,2566,2439,2362,2515,2472
1995,1878,2369,1766,2105,1993,1767,-1
2268,2264,2151,2152,2267,2070,2209,2355
2614,2619,2477,2616,2189,2435,2693,2434
2615,2749,2616,2189,2476,2175,2523,2522
2479,2723,2611,2791,2400,2398,2415,2451
2451,2478,2415,2791,2707,2398,11,16
2423,3055,2315,2313,2483,3207,2620,2174
2482,2483,2493,2492,2491,2313,3120,2316
2316,2481,2493,2656,2313,3397,2483,2573
3055,2492,2481,2480,2313,2684,2423,2620
2485,2648,2401,2634,2633,2403,2095,2678
2095,2484,2633,2300,2403,2098,2401,2354
2488,3143,2489,2347,3074,3035,2487,2979
2488,2583,2582,2580,2581,2347,2486,2161
2486,2487,3074,2581,2347,3143,2582,2833
2979,2486,3143,2348,2347,2450,2981,2311
2048,2306,2390,2356,1944,1924,2116,2414
3120,2510,2493,2509,2481,2511,2492,2482
3120,2483,2481,3037,2684,2491,3055,3159
2482,2510,2573,2481,2491,2656,2511,2814
2445,2170,2460,1965,2341,1966,3316,2461
2685,2612,2422,2412,2424,2665,2413,3208
3790,2430,2984,2429,2431,3320,2670,2498
2499,2498,3089,2431,2815,2628,2535,2299
2955,3790,2431,3089,2497,3444,3676,2496
2299,2497,2815,2459,2535,2279,2431,2297
2595,2440,2340,2502,2588,2650,2178,-1
2179,3854,1956,2440,1885,1886,2502,1686
2441,2500,2440,1956,2650,2595,2501,2257
2455,2458,2610,2418,2504,2609,2457,2456
2255,2458,2503,2351,2418,2254,2456,2455
1947,1960,1761,1915,2033,1711,2034,1959
2507,2743,2465,2464,2742,2602,2549,2508
2506,2549,2464,2508,2742,2551,2465,2743
2550,2507,2464,2551,2466,2520,2549,2506
3262,3120,3159,2511,2491,3339,3337,2510
2511,2573,2493,2491,3730,2509,3337,3491
2510,3337,3262,2509,2491,3730,2493,2573
2225,2228,2202,2203,2251,2252,2227,2164
2252,2608,2578,2514,2251,2956,2250,2957
2513,2204,2206,2689,2608,2251,2252,2225
2737,3236,2516,3200,2362,2794,2473,2566
2515,2794,2343,2718,2362,3236,2346,2737
2518,2343,2345,2379,2718,2331,2826,3381
2517,3381,2826,2718,2379,2343,2345,2519
2687,2686,2379,3381,2861,2378,2518,2574
2550,2466,2318,2625,2847,2508,2190,2624
1685,1633,1798,1738,1631,1632,2044,1601
2749,2540,2615,2755,2523,2524,2613,2978
2615,2330,2088,2522,2524,2175,2749,2087
2540,2425,2978,2522,2330,2539,2523,3118
2724,2611,2411,2526,2409,2725,2723,2400
2782,2409,2528,2525,2724,2770,3728,2411
2837,2528,2746,2111,2409,2617,2410,1813
2770,2527,2771,2746,2526,2409,2782,2784
2530,2533,2531,2534,2419,2532,3042,3318
2529,2419,2557,3318,2532,2533,2558,2531
3626,2529,2419,2607,2534,2421,2530,2533
2530,3227,2533,2529,2557,2558,2638,2636
3042,2529,2534,2532,2638,2530,3227,2606
2533,2529,2607,2606,2531,3042,3122,3626
2299,2431,2499,2324,2297,2430,2497,2279
2416,2323,2428,2647,2456,2417,2458,2065
2374,2538,2402,2603,2092,2098,1961,1964
2603,1961,1928,1867,2537,2374,1963,1991
2978,3118,2722,3370,2720,2524,2425,2540
2978,2755,2522,2524,2751,2539,2720,2613
2769,2467,2565,2881,2542,2145,2601,2146
2564,2769,2468,2541,2467,2562,2563,2792
2579,2545,2544,2207,2734,2150,2733,2803
2207,2150,2152,2208,2543,2579,2151,2545
3278,2543,2734,2073,2990,2150,2618,2544
2547,2965,2453,2452,2968,2967,2966,2789
2546,2789,2452,2548,2968,2788,2965,2453
2788,2790,2547,2452,2738,2454,2885,2789
2507,2551,2924,2692,2742,2508,2640,2506
2624,2520,2551,2508,2625,2640,2466,2549
2640,2550,2549,2692,2508,2624,2691,2507
2111,3558,2110,2284,2746,2787,3023,1813
2693,2436,2554,2895,2568,2435,2619,2570
2553,2555,2436,2570,2568,2437,2569,2693
2554,2604,2623,2570,2567,2437,2569,2568
2705,2706,2823,2557,3318,2772,2558,2530
2558,2530,3318,2556,2706,2532,3227,2636
2636,2557,3227,2706,2532,3133,3132,2530
2595,2650,2405,2271,2560,2404,2591,2588
2559,2561,2594,2588,2596,2595,2271,-1
2272,2649,2596,2307,2271,2560,2273,2901
2769,2564,2923,2743,2542,2742,2792,2565
2564,2468,2598,2792,2663,2542,2577,2923
2792,2562,2542,2923,2563,2769,2468,2663
2601,2769,2602,2881,2541,2743,2199,2562
3509,2439,2737,2473,3200,2294,2333,2515
2570,2622,2604,2700,2676,2555,2569,2605
2569,2895,2570,2553,2989,2998,2554,2693
2570,2676,2989,2568,2567,2998,2554,2700
2569,2567,2568,2555,2554,2676,2989,2604
1895,2056,1657,1655,2376,2276,1897,2277
2448,2586,2360,2585,2584,2361,2777,-1
2510,3491,2814,2493,2656,3730,2482,2511
2717,2575,3235,2687,2686,2259,2266,2669
2660,2574,3235,2576,2669,2259,2717,2661
2660,2260,2575,2661,2372,2259,2669,2221
2598,2599,2468,2469,2597,2563,2600,2662
2256,2252,2513,2250,2956,2941,2977,2865
2803,2207,2651,2543,2733,3474,2544,2734
2698,2583,2646,2487,2581,2674,2800,2488
2488,2800,2698,2833,2487,2580,3074,2834
2161,2347,2487,2583,2162,2488,2082,2645
2645,2487,2582,2580,2161,2646,-1,-1
2777,2872,2585,2572,2873,2448,2934,2449
2694,2584,2761,2934,2586,2572,2872,2682
2572,2694,2848,2585,2641,2360,-1,-1
2338,2589,2719,2590,2340,2716,-1,-1
2500,2595,2589,2594,2340,2560,2559,-1
2587,2588,2594,2716,2715,2340,-1,-1
2338,2178,2180,2587,2340,2339,2719,2882
2044,2650,2441,2257,2043,2405,2303,2559
2099,2126,2593,2187,2188,2100,2127,2042
2126,2592,2188,2397,2679,2281,2401,2187
2596,2589,2764,2715,2588,2560,-1,-1
2500,2650,2559,2588,2502,2560,2441,-1
2649,2764,2561,2594,2901,2560,2925,2785
3183,2662,2599,3022,3021,2577,3023,2598
2663,2662,2563,2664,2577,2792,2597,2468
3183,2750,2600,2597,2787,2577,3023,2469
2750,2599,2045,2469,2046,2577,2197,2468
2565,2602,2881,2199,2200,2541,2342,2743
2601,2465,2565,2342,2743,2199,2881,2506
2538,1927,2537,1991,2092,1928,1990,1961
2605,2555,2567,2623,2446,2622,2570,2449
2449,2604,2447,2778,2622,2446,2777,2567
3124,2534,3042,3123,3122,2607,3327,2533
3122,2534,2531,3626,2671,2606,2529,2864
2513,2957,2874,2514,2689,2956,3088,2578
2704,2455,2503,2610,2672,2457,2671,2670
3626,2503,2609,2418,2421,2671,2531,2455
2723,2525,2478,2400,2411,2725,2791,2724
2495,2413,2644,2667,2412,2665,2685,2666
2755,2749,2747,2654,2616,2522,2748,2540
2655,2619,2476,2654,2616,2701,2763,2983
2749,2523,2477,2175,2522,2088,2616,2613
2749,2654,2477,2614,2476,2613,2615,2655
2391,2410,2409,2837,2527,2399,2411,3209
3278,2631,2101,2066,2990,2653,2545,2073
2693,2614,2895,2435,2476,2701,2553,2655
3055,2685,2423,3208,2684,2480,2422,2483
2422,2219,1998,2424,1999,3208,2014,1989
2778,2567,2700,3155,2605,3256,2604,2449
2229,2555,2446,2437,2604,2230,760,761
2643,2550,2640,2691,2551,2625,2641,2642
2550,2520,2641,2848,2847,2624,2643,-1
674,3053,2915,676,2838,672,679,3009
2629,2708,2630,2937,2869,2106,2709,3089
2629,2815,3089,2408,2106,2497,2499,-1
2627,2628,2937,3089,2106,2630,3676,-1
2627,2053,2708,2107,2709,2106,2629,-1
2618,2653,2632,2101,2990,3278,2463,2652
2631,3575,2463,2652,2653,2131,2101,2618
2485,2902,2736,2354,2484,2634,2300,2095
2678,2735,2736,2484,2648,2633,2658,2320
2407,2370,2248,2280,2369,2459,-1,-1
2558,3132,3227,3274,3133,2637,2706,3273
3041,3227,3274,3226,2638,2636,3043,3325
2637,2533,3227,3043,3042,2532,3041,3327
2643,2713,2682,2694,2642,2641,2691,2624
2691,2551,2692,2714,2624,2643,2683,2550
2643,2625,2639,2586,2694,2848,2624,2550
2713,2691,2643,2683,2639,2681,2682,2793
2639,2624,2691,2642,2641,2713,2640,2625
2413,2666,2703,2612,2382,2380,2667,-1
2804,2583,2646,2161,2081,2817,2882,2582
2580,2816,2645,2583,2817,2674,2804,2698
2536,2323,2416,2064,2326,2065,2298,3706
2678,2484,2401,2322,2679,2634,2320,2403
2925,2901,2596,2307,2561,3056,2272,2764
2441,2595,2591,2559,2405,2502,2500,2257
2803,3474,2579,2207,2426,2728,2733,2802
2887,3575,2653,2885,2632,2886,2631,2738
2631,2887,2652,2990,2933,2632,2618,3575
2763,2616,2747,2655,2614,2613,2749,2762
2983,2763,2614,2654,2846,2701,2619,2616
2482,3397,2814,2493,2316,2813,2573,3398
2967,3004,2927,2321,2658,3341,2735,2985
2735,2320,2678,2927,2657,2321,2634,2736
2842,2840,2661,2841,2843,2372,3040,3197
2661,2575,2669,2576,2668,3235,2842,2759
2660,2842,2659,2372,2576,2668,2575,2840
2597,2598,2664,2900,3022,2577,2663,2898
2792,2598,3024,2664,3087,2563,2564,2923
2899,2898,2663,2662,2598,3024,2900,-1
3158,2685,2667,2684,2612,2495,3037,2620
2703,3051,2667,2644,2982,2702,3577,2382
2666,3577,3158,2612,3051,2665,2644,2703
2660,2842,2759,2669,2757,2661,3197,2575
3235,2759,2660,2575,2668,2756,2574,2661
2704,2984,2912,2672,2429,2457,2609,3443
2672,3626,2607,2610,3122,2864,2609,2531
2670,2671,2704,2912,2609,2864,2984,2610
2698,2697,3380,2696,2695,2800,2674,2827
2698,2697,2816,2829,2580,2646,2673,-1
242,1997,235,2118,245,1996,3073,1920
2569,2700,2989,3149,2570,2567,3150,2568
2147,2350,2380,2148,2167,2061,2382,2413
2320,2634,2648,2322,2658,2735,2235,2484
2593,2401,2281,2126,2648,2322,2397,2130
2276,2344,2345,2331,2376,2056,2278,2377
2713,2768,2642,3475,2711,2683,2712,2793
2713,2760,2639,2761,2793,2694,2642,2585
2711,2714,2691,2642,2681,2710,2640,2712
3055,2620,3037,2492,2685,2483,2665,2423
2620,2495,3208,2665,2422,2684,2423,3055
3235,2861,2574,2519,2687,2756,2717,2575
2717,2574,2519,2265,2378,2686,2266,3235
2690,2689,2314,2204,2972,2876,2875,3397
2688,2514,2874,2608,2204,2876,2690,2513
2204,2314,2205,2688,2172,2206,2316,2689
2640,2642,2643,2683,2714,2624,2551,2692
2640,2924,2714,3175,2549,2551,2691,3393
2553,2619,2895,2435,2436,2568,2701,2476
2639,2682,2585,2586,2761,2641,2713,2643
3380,2827,2828,2673,2697,487,3436,2696
3380,2834,2835,2800,2836,2673,2695,2698
2827,490,2673,2829,2695,2674,487,492
2800,2580,2673,2674,2581,2696,2697,2646
1407,1922,1887,3544,1390,1985,1393,1712
2676,3256,3149,3255,2622,2567,3155,2569
2983,2895,2619,2655,2998,2910,2614,2693
2979,2703,2381,2982,2981,2666,2980,2450
2666,2702,2381,2382,2644,2982,2979,3051
2670,2457,2609,2672,2429,2455,2984,2912
2772,2556,2823,2902,2736,2735,2706,2352
2556,2558,3133,2985,2557,2772,2636,2705
2451,5,7,11,2479,2791,2862,1
2709,2627,2869,2630,2870,2937,2744,2871
2708,2141,2744,2630,2053,2870,2627,2052
3569,2711,2714,2683,3175,3079,2767,3078
2683,2712,2710,2767,2681,2714,2768,3569
2711,2768,2765,2767,2766,2681,2683,3475
2642,2793,2682,2639,2681,2643,3475,2760
2640,2683,2692,3175,2691,2710,2711,2551
2764,2716,2786,2594,2589,2796,2596,2785
2715,2808,2719,2589,2587,2796,2963,2338
2266,2574,2687,2265,2259,2575,2154,2686
2517,2794,2518,2826,2343,2888,2516,-1
2963,2338,2587,2716,2808,3485,2960,3086
2722,2978,2775,2751,2855,2539,2540,3370
2722,2730,3370,2393,2855,2732,2720,2731
2720,3370,2855,2721,2539,2978,3118,2775
2478,2791,2854,2611,2725,2740,2479,2862
3728,2525,2741,2526,2782,2725,2739,3103
2739,2723,2740,2611,2724,2741,2525,2854
2974,2386,2729,2727,4020,2914,2849,2975
2386,2389,2442,2914,2385,2726,668,665
3474,4020,2651,2388,2426,2802,2386,2803
2850,4020,2726,3071,2849,2802,2974,3069
2721,2799,2731,2798,2732,2855,2797,3040
2994,2797,2855,2730,2991,2799,2775,3202
3040,2840,2730,2798,2721,2393,2371,2799
2803,2579,2781,2779,2734,2780,2543,2651
2781,2990,2733,2545,2543,2933,2579,3278
2736,2927,2658,2772,2634,2705,2678,2657
2735,2705,2902,2634,2633,2772,2927,2823
2515,2473,2566,3200,2362,3509,2471,2439
2790,2885,2907,2886,2548,2788,2652,3145
2810,2740,2809,2741,2725,4,3,2854
2854,2810,2739,2,2725,4,2723,0
2739,3728,2809,2811,2724,3103,2725,2810
2507,2922,2506,2923,2562,2549,2924,2743
2506,2565,2769,2562,2602,2465,2742,2601
2858,2141,2709,2870,3119,2745,2708,2142
2142,2858,2856,2744,2141,3032,2857,3034
2111,2771,3558,2527,2528,2552,2820,2837
2763,2753,2613,2654,2762,2748,2755,2846
2753,2755,2747,2751,2752,2754,2613,2540
2615,2616,2522,2613,2477,2523,2654,2755
2787,2284,2600,2599,2046,3183,2045,2552
2978,2720,2755,2540,2748,2775,2754,2776
2753,2754,2845,2773,2851,2748,2774,2762
2762,2752,2747,2845,2748,2763,2905,2754
2776,2752,2774,2773,2775,2751,2748,2753
2540,2613,2748,2522,2751,2978,2747,2749
3235,2860,2759,2669,2859,2686,2861,2758
2759,2884,2668,3197,2883,2758,2669,2959
2959,2759,2860,3431,2757,2884,2756,2916
2669,2758,2757,2668,2756,3235,2660,2860
2793,2682,2822,2761,2821,3475,2713,2934
2934,2682,2760,2585,2694,2822,2793,2639
2763,2753,2905,2747,2845,2846,2844,2654
2654,2846,2762,2747,2655,2753,2983,2614
2901,2596,2785,2786,2715,2594,2649,-1
3030,2712,2767,3050,2766,3085,2711,3049
2768,3029,2765,2712,3139,3030,3031,3141
3569,2765,2711,3049,2712,3050,2710,3078
3475,2712,3031,2766,2681,2793,2711,3139
2565,2562,2542,2541,2743,2564,2601,2881
2783,2528,2782,2771,2784,2526,2746,3094
2784,2746,2820,3558,2770,2528,3098,3023
2705,2735,2927,2985,2556,2706,2736,2823
2774,2851,3097,2752,2852,2754,2776,2853
2776,3202,3097,2773,3203,2754,2994,2852
2776,2994,2720,2855,2754,2751,2731,3202
2774,2994,3202,2754,2775,2773,2991,3203
2449,2778,2448,2584,2873,3155,2572,2605
2777,2449,3155,2622,2605,2873,3256,2448
2781,2801,2880,2733,2878,2780,2803,2879
2803,3474,2801,2779,3036,2802,2733,2651
2878,2779,2733,2734,2933,2880,3865,-1
3728,2526,2770,2921,2724,2783,3103,3094
3094,2770,2784,2782,2921,3199,3046,3047
2771,3199,3098,2783,2820,2770,3094,3558
2901,2786,2831,2764,2830,2805,2925,2832
2805,2785,2764,2715,2796,2831,2807,2901
2750,3023,3183,2552,3558,2284,2599,2820
2790,2789,2995,3145,2548,2547,2738,3144
2547,2788,2995,2968,2996,2548,2546,2790
2738,2788,3145,2907,2548,3176,2885,2995
2862,2723,2479,2854,2707,2478,1,2451
2564,2663,2923,3087,2563,2562,2598,2922
3475,2713,2760,2682,2821,2681,2768,2642
3236,2888,2718,2516,2877,2515,2826,2795
2818,2333,3236,3200,2335,2877,3509,2515
2807,2805,2808,2786,2715,2806,2716,-1
2992,2799,2991,2731,2920,2730,2994,2993
3040,2799,2919,2730,2732,2841,2840,2920
2797,2798,2730,2920,2919,2731,2992,3040
2834,2698,2696,2833,2581,2673,3380,2836
2946,2779,2780,2879,2880,3036,2943,3135
2850,3474,2728,2729,3036,4020,2780,3071
3474,2579,2733,2651,2780,2207,2779,2728
2882,2645,2817,2339,2081,2079,2180,2646
2807,2786,3331,2831,2796,2785,3735,3907
511,2807,3265,3086,2808,3907,2796,506
2805,3907,2806,3331,2796,2786,3265,3690
3086,2963,2716,2719,2796,2806,511,506
3,2811,2739,2810,4,2741,6,2740
4,2739,2740,2,2809,3,2854,2741
6,3103,2809,2741,8,3,3728,3096
1400,1399,1350,1401,1462,2201,1472,1461
3398,2971,3397,2814,3172,2656,2972,3490
3398,2573,3491,2656,2813,3490,3172,3602
2499,2628,2459,2408,2407,2497,2299,-1
2962,2961,2646,2829,2674,2817,496,-1
2804,2962,2816,2645,2646,3485,2339,2960
2795,2954,2819,2335,2877,2333,3000,2334
2334,2818,2938,2954,2444,2335,2795,2292
3098,3023,3558,2771,2784,3021,3105,3183
2760,3475,3131,2793,3031,3310,2822,-1
2760,3130,2761,3125,2934,3131,2821,-1
2705,2352,2556,3318,2420,2902,2557,2772
2940,2938,2939,2958,3002,2825,3075,3241
3241,2443,2444,2939,2824,2938,2866,3806
2518,2891,2890,2888,2718,3381,2889,2517
487,2695,2697,490,2828,489,492,3380
489,487,2695,2827,3442,486,3436,3380
492,494,490,2697,2961,2816,2674,496
2785,2832,2901,2926,2925,3019,2831,2649
2785,3735,2805,2786,2832,2830,3331,3017
3017,3018,2830,3019,3020,3735,2831,3063
2834,2800,3142,4060,2581,3074,2696,3109
2696,4060,2800,2836,2833,2835,3380,3142
3380,2696,2836,3112,3436,3379,2834,2695
2834,2835,4060,3112,2696,2913,3380,3109
2410,1813,2111,2527,2617,1809,2391,2746
672,2626,2915,670,2442,674,2914,668
715,707,728,2930,702,2929,734,2928
3040,2659,2372,2732,2371,2841,2798,2661
3040,2659,2843,2798,2919,2840,3196,2842
3197,2659,2661,2843,2668,2660,3195,2372
2842,3195,2841,2659,3197,3196,3498,2661
2846,3044,2863,2905,2762,2983,2909,2763
2753,2904,2752,2762,2905,2851,2903,2773
2844,2763,2762,2983,2655,2863,2905,3044
2318,2848,2317,2520,2625,2359,2140,2550
2847,2360,2625,2586,2641,2359,-1,-1
2974,3069,2729,3070,2726,3071,3054,2975
3071,2802,2729,3036,3135,4020,3474,2849
2773,2853,2904,2845,2752,2852,3097,3007
3097,2853,3060,3496,2773,3492,2851,2774
3007,2851,2852,3060,2904,2773,3058,2903
2740,2723,2791,2862,0,2,2810,2725
2722,2731,2721,2775,2720,2730,2994,3370
2858,3169,3032,3170,3230,2745,3319,3119
3409,2142,3034,3032,3033,2745,2222,3056
2856,2744,3119,3230,2745,3169,2141,3032
2860,2889,2861,3108,3061,2756,2891,3431
2859,3431,3108,2758,2756,2959,2759,3061
2889,2686,2859,3381,2519,2756,3235,2860
1,2791,0,5,2854,2707,2479,2723
2844,2908,2983,2909,2846,2910,3044,2999
3122,2912,3597,3598,2672,3121,2671,3124
2256,2867,2134,2941,2302,3151,2250,2578
2868,3241,2911,2443,2867,2825,2302,3806
2865,3151,2911,2302,2866,2941,2976,2868
2462,2866,2461,2443,2302,2135,2460,2867
2708,2871,2937,2935,2936,2627,2870,3676
2871,2708,2744,3119,2709,2869,3440,2858
2936,3440,2870,3439,2869,3119,2708,2935
3239,2934,2873,2584,3125,2777,2585,3154
3155,2777,2872,3239,2778,2584,3154,3256
2957,2608,2689,3088,2970,2876,-1,-1
2971,2973,2969,2876,2972,3171,2970,2688
2875,2874,2688,2689,2969,2970,2972,2971
2818,3000,2794,2795,3236,2888,2954,2896
2781,3016,2880,3865,2779,2933,2945,2887
2942,2944,2946,2880,2801,2945,2943,3039
2945,2878,2779,2879,3016,2801,2942,2781
2601,2200,2565,2541,2145,2199,2602,2769
2804,2079,2180,2339,2081,2078,2645,2817
3197,2918,3306,2757,3195,2884,2917,-1
2916,2757,2917,2959,2883,2918,2758,3091
2738,3575,2652,2454,2886,2548,2790,2887
2738,2887,2652,3865,2885,2906,2907,2790
3865,2653,2652,2933,2886,2878,2885,-1
2794,2890,2826,2896,2718,2877,3236,2891
2891,2859,2861,3061,3381,2826,3108,2890
2891,2896,2888,2826,2897,3061,2889,-1
2890,2889,3061,2826,3381,2897,2859,2888
3053,2894,2947,3009,682,2948,679,2384
2949,3010,2894,686,4293,689,2950,3117
2949,2384,684,2892,682,2947,686,2893
2693,2998,2553,2568,2619,2701,2435,2989
3000,2890,2888,3003,2877,2897,2954,3045
3045,2890,3367,3061,2896,2891,3003,3355
2899,2900,2986,2988,2664,2987,3024,3335
2898,3024,2987,2664,2986,2900,3026,2663
2898,3022,2988,2662,2664,3104,2899,2597
2785,2649,2925,2764,2596,2830,2786,2926
2705,2354,2736,2823,2352,2633,2556,2772
3059,2904,3282,2905,3044,3007,2845,3219
2903,2845,2851,2853,3007,2905,3059,2752
2844,2762,2903,2845,3044,2904,2846,2753
3246,3866,3317,3016,3865,2907,2886,3176
3176,2738,2790,3317,2906,2886,3145,3177
2999,2909,2863,2910,3245,2983,2997,3178
2908,3271,2863,3487,3245,3044,2844,2999
2908,2999,2983,2998,2997,2701,2863,3245
3806,3241,3312,3151,2866,2867,3011,3240
2670,3597,3443,2672,2984,2864,2704,3852
3110,3109,3113,3114,2836,4060,3111,3112
2975,2442,2974,2915,2727,2838,2726,2626
2626,2975,2838,3009,3053,2914,674,672
2959,3091,2917,2884,3090,3693,3431,2758
2916,3091,3693,3307,2918,2884,3405,2959
3307,2917,2883,3306,2884,3305,2916,3693
2920,2798,2841,2799,3196,3067,3040,2797
2992,2797,2919,2799,3068,3067,2798,2991
3096,3728,2782,3103,3094,2783,3046,3093
2923,2924,3087,3393,2742,2792,2549,2562
2922,2792,2564,2562,3087,2742,2663,2924
2922,2692,2549,3393,3175,2742,2923,2507
2649,3056,2926,2901,2307,2830,3409,2785
2925,3056,3033,3409,3019,2830,3319,2901
2735,3004,2657,2985,2772,2658,3332,2736
699,702,2953,2930,696,3006,707,3275
734,2930,732,2932,728,715,2839,2931
2929,2839,707,2928,715,702,2953,2931
2932,2951,2953,3225,2929,2930,2952,731
731,732,2931,3225,2929,734,727,2930
2781,2887,2878,2653,2734,3865,2990,-1
2872,2761,2585,3125,2584,2822,3239,2760
3676,3157,2936,2937,2869,3471,2955,3156
2871,2935,3157,3156,3439,2869,3458,3471
3676,2629,2627,2935,2869,3089,2955,2708
2824,2819,2444,2958,2954,2825,2334,2818
3806,2940,3075,3241,2824,3240,2825,3312
3075,3002,2824,2939,3076,3077,3240,2958
2976,2256,2865,2977,2578,3151,2867,2956
2945,2944,3039,3164,2879,3246,4226,2880
2946,2944,3136,3135,3134,2879,2942,2801
2942,4226,3136,2943,3039,2879,2945,2946
2942,3246,2880,3016,3164,2879,3866,3039
2801,2943,3135,3036,2879,2944,2780,2880
2894,2950,2948,2892,3008,2893,2949,3296
3296,3009,2947,3008,2892,3054,3287,2975
686,2893,684,2894,689,2384,682,2947
2947,3010,3211,3116,2893,3008,2894,2949
3223,2953,2931,2952,3005,3225,3212,4189
3223,2951,3222,3225,3224,4189,2931,3254
2951,2928,2931,3006,2930,3005,699,3223
2818,3000,2819,2958,2938,2877,2795,2824
3676,2498,3444,3471,3089,3790,2935,2937
2977,2957,2578,2513,2608,3115,2941,2256
3088,2608,2956,2874,3115,2977,3263,2513
3000,2954,3002,2824,2938,3003,2940,3001
2916,3431,2758,2884,3090,3091,2860,2917
2964,2963,3485,2962,3086,2719,2961,500
496,498,2962,2964,2816,2829,494,500
2960,2961,2964,2816,2817,3485,2963,496
2960,2719,3086,2964,2808,3485,500,2962
2960,500,498,2963,2962,3086,2961,496
2546,2966,2967,2453,2968,3341,3738,2547
3738,2965,2968,3014,3341,2546,3015,3013
2965,2657,2321,2453,3341,2546,3004,2966
2966,2546,2547,2789,2965,2996,3014,3738
2875,2970,3171,2973,3472,2876,2971,-1
2969,3088,2874,3264,3472,2876,2875,3263
2875,2973,2813,2972,3172,3398,3397,3324
2875,2971,3397,2314,2688,2813,2876,2973
2971,2875,3324,3171,2969,3172,3323,2972
2975,2849,2726,2914,3054,2915,2729,3009
2974,2915,3009,3054,2914,2948,2838,3053
3151,2977,3012,3011,2941,3312,2867,3152
2976,3012,2956,3115,2941,2957,2578,3151
2540,2539,2720,2751,2524,2722,2755,2522
2702,2489,2981,2450,2381,3143,2486,2703
2981,3161,3326,3052,3035,2982,3143,2702
2980,2702,3143,2979,2982,3035,3161,2489
2702,3051,2666,2981,2980,3052,2703,2979
2655,2863,2910,2701,2846,2908,2844,2763
2670,3320,3443,2496,2912,2429,2704,3790
3004,3133,2706,2927,3332,2772,2556,2657
2898,3333,2899,2987,2988,3335,3028,3025
2899,3025,3027,3026,3024,2986,3028,2898
3335,2898,3104,2900,2986,3228,3404,3022
2569,2997,2998,2676,3150,2568,2570,3149
3278,2631,2618,2653,2734,2545,2933,-1
3202,2797,2994,2992,2993,2731,3203,2776
2797,2993,2920,3068,2991,2799,3100,2731
2992,3100,2991,3493,3203,3068,2797,3202
3202,2776,2731,2775,2991,2855,2774,2797
2788,2789,3215,3144,3145,2996,3214,2790
3106,3215,2968,2789,2995,3234,3014,3107
2999,2989,3178,3150,2998,2910,2908,3245
2895,2989,2997,2910,2568,2701,2569,2999
2908,2997,3178,3245,2910,3243,2909,3150
2954,2896,2958,3003,2877,2818,2888,2938
3077,3045,3003,3002,3340,3752,2958,3076
2940,3077,3001,2958,2824,3076,3003,3075
3001,3000,3045,2896,2958,3002,2897,3077
3332,2657,2927,2985,3341,3013,2967,3133
4293,3223,3010,3212,2951,3006,2953,3116
3275,696,694,4293,3117,2928,2953,699
2853,3059,3057,2904,3058,3060,2903,2851
3296,3211,2948,3287,2950,2947,3297,3213
2948,2975,2915,3053,2892,3054,3296,2626
4293,2950,3116,2893,3005,3117,3212,3211
3312,3152,2976,3151,3012,3342,2911,3153
2976,3153,2977,3011,3152,3115,3151,3447
3082,3738,3332,3341,3015,3272,3080,3004
3106,3738,3015,2966,3107,2996,2968,3081
3738,3080,3082,3081,3013,3014,2966,3486
3246,2945,3865,2878,2880,2906,3866,3164
3063,3018,3735,2832,3065,3020,3345,2831
3020,3017,3065,3066,2832,3063,3064,3062
2926,3319,3020,3033,2832,2830,3018,2925
3018,3319,3062,3019,3066,2832,3017,3065
3023,3022,3183,3105,3098,2820,2597,3558
2900,3021,3104,2597,2662,3105,3183,2988
3183,3558,2820,3021,2787,3098,2599,2597
2899,3026,2663,3087,2664,2987,2792,2898
3027,3083,3078,3028,2987,65,3049,3026
3027,3393,3024,3087,3079,2987,2899,3025
3025,3078,3026,3079,2987,3569,3083,3393
3025,3298,3333,3083,65,2986,2987,58
3138,3141,3137,3336,2766,3030,3139,79
3141,2765,3085,3185,3050,3029,2766,3137
3139,3475,2768,3310,2821,2766,3140,2793
2856,3033,3170,3319,2857,2745,3409,3169
3409,3032,2926,3319,3019,2857,3056,3170
2211,2142,2857,2054,2052,2222,3470,2141
3161,3143,2980,3074,2981,3142,2486,3326
2850,2946,3135,2802,2780,2801,3071,3474
3158,3120,2684,3160,2492,3159,2665,3577
3039,3189,3164,3162,3328,3329,2942,4226
4226,2942,3038,2944,3164,3162,2945,3136
2840,2798,2841,2732,2659,2919,2730,2799
2637,3276,3226,3043,2638,3363,3365,3274
2533,3327,2534,2638,2606,3043,2529,3123
3365,3041,2638,3327,3042,3276,2637,3387
2844,3282,3271,2909,2905,2863,2903,2846
3001,3355,2897,3340,3003,3077,3367,3356
3093,3094,3095,3096,3092,3047,2921,13
3094,3182,3199,3092,3046,3198,3181,3180
1687,1957,2244,1674,2370,1676,1877,2243
3050,3078,3569,3083,69,2767,3084,66
3085,3049,3084,2765,3030,69,2767,66
3577,2666,2982,3052,3201,2667,3158,3160
3326,3201,2980,3051,2982,3290,3577,3357
2626,2892,676,2915,3009,679,674,682
3296,2975,3070,2974,3287,3009,2948,2849
2620,2423,2483,2480,2684,3208,2685,2492
3409,2307,2925,2926,2222,2649,2273,3033
3059,3220,3058,3219,3007,3218,3221,3247
3221,3060,3057,3007,3218,3402,3587,2853
2903,3219,3057,3007,3282,2904,3220,3334
2853,3058,2852,3492,3402,3007,3221,-1
3367,2889,2891,3108,2859,2897,2890,2860
3147,3170,3020,3066,3319,3167,3018,3169
3017,3345,3735,3358,3065,3018,3315,3343
3315,3148,3066,3065,3146,3018,3311,3167
3315,3018,3017,3064,3063,3345,3066,3148
3064,3018,3062,3167,3065,3020,3146,3315
3101,2920,2919,3099,3451,3068,3196,-1
2992,3102,3099,2920,3100,2993,3067,2797
3072,3071,3070,3129,2849,3128,2729,2850
3069,3072,3287,3054,3288,2849,3296,2974
2850,3069,3129,2729,3135,3036,2849,2802
3069,3128,3294,3070,3288,3129,3302,3287
1997,1864,1862,2118,1982,2675,1996,1858
2488,3035,2486,2833,3142,3143,2581,3161
2940,3240,3411,3076,2939,3806,2824,3002
3077,3075,3752,2940,3411,3002,3754,3240
3001,3752,3076,3002,3340,2940,3045,3579
3569,3027,3025,3049,3083,3079,2767,2987
3027,3175,3569,3078,3026,3393,2710,3025
3082,3015,3486,3081,3267,3013,3270,3573
3080,3107,3015,3268,3270,3267,3014,3082
3013,3080,3486,3015,3272,3738,3332,3273
65,3025,69,3078,3049,3028,66,58
66,3085,69,61,64,3050,3185,60
3185,3084,3050,64,3030,3184,66,3141
506,511,500,2963,2808,2964,2806,509
2922,2792,3024,2663,2923,3393,3026,2564
2957,3263,2970,3264,2874,3115,3447,2608
3676,2629,2955,2498,2937,2497,2628,2627
3091,2916,2959,3431,3581,3368,3694,3369
2916,3693,3694,2917,3090,2959,3538,2884
3180,3095,3181,18,3047,14,3046,3182
13,3095,10,3096,3046,12,2921,3092
2783,3046,3047,2921,3199,2784,3096,3093
3093,12,14,10,3092,3046,18,13
13,3093,3103,2921,3046,8,10,2811
2774,2852,3496,2773,3203,3202,2851,2776
2820,3105,3199,2784,3021,3198,3023,2771
3102,3101,3953,3068,3127,3067,3452,3100
3102,2993,3126,3493,3205,3068,2992,3099
3099,3452,3953,3067,3451,3497,3068,3501
3100,3099,3126,3127,3068,3953,2993,3205
2811,3096,3728,2921,2741,8,6,13
3105,3228,2988,3022,2900,3198,3021,3335
3098,3198,3104,3021,3022,3199,2820,3228
3234,3014,3107,2996,3269,3215,2968,3081
3106,3269,3081,3268,3234,3014,3015,3424
3367,2860,3431,3061,2859,3368,2889,3355
4060,3113,3378,3142,2913,3377,3161,2836
3194,3114,3435,2913,3192,3112,3530,3111
3114,3113,3376,3427,3193,2913,3192,3377
2835,3379,2836,3435,3110,3436,2913,2696
3377,3109,3111,3376,3378,2913,3114,3357
3111,3192,3110,2913,3193,3194,3113,3427
2977,3263,3447,2957,3012,3088,3153,2956
3212,3010,3211,2950,3213,3252,3005,3223
692,4293,689,694,3275,3006,2893,686
2309,2539,3370,2308,2425,2722,2524,2978
2858,3440,3230,2744,2870,3231,2871,2856
2492,3159,2509,2491,3037,2481,3160,3339
3598,3124,3122,3388,3829,2864,3597,3835
2607,2864,3124,3121,2606,2671,3598,2534
3124,3535,3327,3387,3388,2606,3121,3042
3121,3123,2606,3122,3388,3598,3535,3327
3239,3174,2872,2934,3130,3173,2822,3210
3102,3206,3205,3204,3100,3127,3533,3099
3499,3102,3126,3953,3533,3206,3099,3501
3302,3072,3129,3242,3294,3134,3069,3505
3069,3135,3128,3072,3071,3134,3070,-1
3210,2822,3174,3131,3308,3125,3238,-1
3130,2821,3308,3309,3310,2822,3210,2760
2636,3273,3133,3274,3272,3325,2558,3227
3132,2636,2706,2985,2558,3332,3272,3273
2943,3242,3128,3136,3129,3135,3361,3302
2946,3129,2943,3036,3071,3134,2850,3069
3361,4226,2944,2943,3134,3163,3039,3242
3138,67,3141,3186,71,3029,74,63
74,3137,79,3336,71,3029,67,3141
3031,3336,3140,2766,3029,3310,2768,3392
3392,3336,3310,3139,3560,79,3700,3031
3137,3185,3030,3186,3029,67,3085,3138
3161,3109,2833,4060,3378,3035,3074,2834
2486,2981,3035,2489,2979,3074,2488,2980
3214,3177,2995,3216,3217,3145,3215,2788
2790,3177,2788,3176,3144,2995,2907,2738
3064,3396,3148,3167,3168,3434,3066,3951
3169,3167,3062,3166,3170,3165,3230,3168
3344,3064,3315,3434,3146,3311,3947,3648
3255,3179,3150,4420,2700,2676,3256,2989
3179,3149,2997,3178,2989,2676,3244,2999
2976,2867,2911,3011,3312,2941,2865,3806
3011,3418,3153,3412,3342,3012,3312,2976
3012,3447,3152,3418,3460,3115,3263,3011
3621,3239,3155,3256,3173,2873,3260,3299
3256,2778,2873,3154,2622,2777,3621,2700
3458,3157,3562,2936,3601,3439,3563,2935
3156,3471,2935,2936,3601,3715,3676,3562
3577,3160,3037,2665,2667,3051,3201,2684
3120,3160,2509,3261,3339,3037,3262,2492
3577,3159,3158,3201,3261,3037,3120,3051
3035,3378,3326,2980,3142,3357,3109,2981
3190,4226,3038,3188,3039,3163,3189,3663
4226,3362,3190,3663,3361,3136,3162,3039
3246,3866,3038,2942,3039,2945,3328,3016
3168,3166,3229,3147,3167,3293,3951,3169
3169,3147,3165,3230,3231,3229,3232,3170
3147,3168,3062,3146,3066,3165,3064,3396
3951,3165,3396,3167,3293,3146,3661,3147
3170,3230,3147,2856,3166,2858,3062,3032
3169,3319,2856,3062,3147,3032,3230,3033
3570,2973,3323,2969,3324,3472,2875,-1
3398,2971,3324,3641,2973,2813,3490,2814
3239,3174,3237,3154,3260,3125,3259,3621
3210,3237,3173,3130,3125,3238,3432,3239
2692,3393,2714,3079,2924,2710,2640,2922
3177,3317,2907,3590,3145,2790,3217,3866
3217,3176,3145,3144,3590,3374,3216,3317
2999,3243,3244,2997,3150,3245,3179,2908
4420,3244,3150,3149,3441,3178,3255,3299
18,22,3181,3092,14,3251,3095,3182
3180,3251,3182,22,3250,3092,18,28
3181,3250,3198,3047,3092,3228,3180,3251
3023,2597,2599,3021,2787,2750,3022,3558
60,59,3185,55,64,3186,3085,3187
3085,3184,3141,3186,64,3030,60,3084
67,59,3187,3184,3185,3141,3137,63
63,3638,59,56,53,67,3186,52
3191,3190,3162,3489,3476,3189,3330,3663
3038,3330,3191,3329,3559,3188,3328,3162
3663,3188,3162,3163,3476,3362,3477,4226
3330,3188,3489,3582,3189,3559,4209,4487
3194,3429,3114,3193,3426,3110,3111,3530
3192,3427,3426,3425,3114,3111,3430,3429
3530,3192,3110,3429,3435,3114,475,3639
3498,2843,3197,3306,2883,3196,2842,3463
3498,2843,2919,2841,3451,3195,3067,-1
2842,2883,3195,2757,2668,2843,2661,2659
3182,3105,3199,3228,3047,3104,3098,3250
2784,3098,3047,3198,3094,2783,3105,3182
2737,2333,3509,2515,2795,2566,3236,2473
3577,3052,3160,3290,3051,3261,3158,3326
2994,2774,2776,3203,2991,3097,2775,2731
3202,3097,3493,3496,2774,2991,2993,2994
3206,3401,3303,3304,3126,3205,4513,3346
3126,3204,3493,3419,3401,3100,3102,3206
4513,3533,3126,3204,3304,3127,3347,3499
2423,2174,2165,2480,3208,2219,2315,3055
2423,2620,2219,2422,2685,3207,3055,2621
2391,2414,2306,2305,2399,2392,2410,2304
3238,3130,3174,3308,3851,3131,3237,3125
3213,3008,2950,3116,3297,2947,3010,3314
3223,3116,4189,3252,3005,3010,2951,3213
3211,3281,3252,3314,3297,3116,3212,3008
3215,3422,3216,3233,3144,3589,2995,3423
3214,2995,3234,2996,3233,3144,3106,3424
3589,3214,3217,3422,3144,3375,3177,3912
3177,3216,3374,3375,3144,3590,3176,3589
3221,3057,3248,3247,3220,3058,3249,3587
3059,3220,3334,3282,3057,3258,3285,2903
3285,3219,3247,3057,3218,3258,3059,3334
3587,3058,3249,3218,3402,3403,3060,3057
3449,725,3254,3225,2952,3224,727,723
2951,3212,4189,2952,3005,3224,2953,3116
3254,4189,3253,3279,3222,2952,3449,709
727,2932,731,3222,2952,2931,725,2951
3325,2637,3041,3274,3363,3488,3276,3273
2637,2636,2532,2558,2638,3274,3132,2557
3404,3250,3104,3198,3335,2988,3182,3382
3232,3165,3166,3292,3952,3293,3231,3291
3169,2858,3119,2856,3231,3166,3170,3147
3232,3230,3166,3459,3119,3440,3229,3169
3291,3229,3231,3292,3459,3166,3952,3457
3424,3214,3422,3423,3234,3215,3421,3462
3106,3424,3215,3107,3269,3233,2996,3462
2669,2686,2574,2575,2756,2660,2759,2861
2794,2515,2795,3200,2877,2516,2737,2818
3259,3432,3174,3613,3173,3238,3260,3210
3210,3432,3572,3174,3851,3308,3237,3130
2872,3173,3154,2873,3125,3155,2934,3174
3075,3806,3342,3312,3411,2939,2940,3241
3806,2825,2911,2866,2939,2443,3312,3240
3302,3361,3128,3664,3505,3134,3294,3136
3371,3178,3244,3373,3245,2999,3301,3487
3179,3243,3178,3441,3373,3301,3150,4420
2999,3243,2908,3487,3371,3178,2909,3359
3866,3016,2945,3164,2906,2942,3317,3328
3285,3248,3220,3385,3257,3218,3609,3286
3586,3247,3609,3385,3249,3218,3608,3221
3403,3586,3221,3587,3248,3218,3583,3584
3251,3382,3182,3181,3404,3228,31,22
28,3382,31,22,3181,3250,37,3180
3281,3212,3213,4189,3279,3280,3116,3223
3254,3450,709,3279,3322,3224,706,713
3449,709,713,3224,3253,3222,723,725
3256,4420,3149,3621,3299,2700,3179,3154
3155,3255,3621,2700,3154,2622,3299,2778
3285,3385,3286,3568,3384,3247,3633,3220
3334,3285,3286,3219,3283,3284,3220,3282
3613,3260,3237,3416,3611,3432,3300,3173
3259,3299,3621,3300,3173,3237,3154,3416
3160,3159,3339,3201,3290,3289,3577,3354
2509,3337,3339,2511,3338,3908,3159,-1
3447,3264,3088,3115,3446,3473,2957,3153
3263,3473,3088,3472,2970,3446,3447,3795
509,511,3907,3512,2806,3266,506,505
505,3997,509,4594,3265,503,3512,3511
3080,3270,3902,3573,3486,3574,3081,3082
3269,3270,3107,3081,3461,3520,3462,3610
3462,3424,3268,3107,3461,3234,3106,3421
3610,3268,3267,3902,3520,3081,3080,3905
3334,2909,3487,3282,3044,3283,3359,3219
3132,3332,3082,3273,3486,3013,3133,2636
3325,3132,3486,3573,3272,3274,2636,3082
2636,2637,3132,3325,3226,3227,3273,2558
694,696,692,3006,3117,699,2928,689
3041,3364,3365,3366,3363,3043,3226,3386
596,1713,590,1492,1531,1529,592,589
2618,2545,2073,2066,2990,2631,2101,2734
3280,3253,3224,4189,3252,3322,3281,3254
3281,3279,3801,3321,3322,3252,3253,3314
3280,3314,3213,3801,3252,3279,3321,3313
3334,2903,3059,3219,3044,3271,2905,3258
3359,3334,3487,3284,3271,3258,3360,3371
3360,3633,3286,3283,3258,3408,3359,3285
3220,3286,3257,3258,3247,3219,3385,3284
3285,3633,3284,3257,3258,3568,3247,3220
3296,3288,3070,3297,3008,3054,2948,3072
3287,3294,3295,3072,3070,3297,3296,3069
3353,3354,3339,3261,3352,3290,3338,-1
3357,3201,3354,3261,3326,3052,3289,3377
3232,3576,3292,3457,3459,3391,3229,3674
3952,3232,3291,3391,3390,3229,3293,3576
3951,3952,3168,3165,3661,3229,3921,3396
3302,3288,3072,3295,3479,3128,3505,3242
3314,3294,3288,3479,3313,3297,3302,3801
3287,2948,3008,3054,3009,3070,3297,2947
3314,3287,3211,3213,3295,3288,3008,3296
58,51,3394,3333,65,48,3028,46
3621,3300,4420,3255,3260,3441,3256,3154
3299,3647,4420,3441,3416,3260,3621,3614
3373,3441,3540,3647,3244,3539,3243,3614
3294,3505,3242,3479,3128,3072,3664,3295
3399,3304,3346,3204,3401,3350,3400,3206
4513,3346,3303,3204,3206,3349,3347,3533
3507,3484,3307,3306,3702,3406,2918,3463
3463,3195,2918,3498,2883,3305,3507,3197
3405,3406,2917,2918,3693,3305,3484,3091
3210,3571,3851,3131,3309,3130,3238,3174
3571,3560,3637,3308,3310,3131,3140,3851
3140,3309,3031,3131,3139,2821,3560,3392
3315,3344,3947,3972,3345,3343,3148,3064
3806,3011,2911,3240,3342,3151,3241,2976
3479,3801,3478,3295,3314,3480,3281,3321
3281,3295,3801,3213,3297,3313,3280,3211
3064,3311,3065,3148,3345,3344,3063,3343
1559,1965,2460,1564,2135,2462,1562,2494
3866,3176,3590,2907,2906,3328,3246,3329
2530,2557,2420,2823,2556,2419,2705,2529
3170,3020,3033,3019,3062,3032,2926,2856
3790,2984,3444,3443,2496,3445,3715,3852
3494,3801,3478,3280,4172,3322,3281,3631
3494,3450,3253,3321,3280,3631,3279,706
3570,3846,3171,3324,3798,3615,2973,-1
2973,3798,3323,3172,3171,3641,2971,3846
3273,3226,3488,3573,3274,3132,3486,2637
3357,3161,3052,2980,3378,3290,3377,3035
3042,3123,3387,3043,3365,2606,3535,3124
3329,3866,3038,3164,3317,3590,3189,3246
3559,3328,3374,3590,3189,3330,3433,3038
3191,3559,4209,3582,3189,3329,3433,3918
2805,2807,3735,3358,3907,3690,2831,3063
3004,3272,3013,2985,3133,3341,3082,3132
3394,3395,2986,3298,3335,3028,3437,48
3271,3282,3258,3219,3283,3059,3487,3044
2988,3395,3404,3333,2986,3228,2898,3383
79,3138,3140,3139,3392,3029,74,77
3908,3262,2511,3779,3730,3338,3785,3883
3262,3785,3353,3908,3339,3465,3337,3289
3262,2509,3159,3261,3289,3338,3353,3120
3077,3001,3356,3752,3045,3579,3355,3076
3013,3004,3738,2967,2966,2965,2657,3332
3240,3412,3312,3410,3152,3411,3011,3806
3345,3651,3972,3469,3358,3311,3063,3315
3148,3648,3947,3311,3434,3315,3650,3467
3063,3315,3343,3065,3311,3358,3017,3972
3304,3350,3348,3303,3349,4513,3605,3204
4513,3413,3533,3414,3415,3349,3763,3206
3346,3605,3681,3665,3349,3350,3666,3547
3413,3346,4513,3348,3666,3304,3347,3665
3346,3400,3547,3303,3348,3605,3399,3546
77,3644,76,73,78,3700,79,81
3353,3354,3376,3438,3427,3289,3377,3465
3465,3352,3438,3289,3338,3785,3354,3339
3357,3377,3352,3376,3290,3289,3353,3326
3367,3045,3369,3356,3340,3368,2897,3001
3369,3764,3340,3579,3580,3355,3752,3578
3377,3326,3354,3290,3378,3161,3376,3052
3063,3651,3345,3343,3331,3690,3735,3017
3371,3360,3487,3372,3283,3284,3373,3245
3359,3284,3372,3407,3408,3283,3633,3371
3136,3242,3664,3163,3362,3134,4226,3505
3623,3663,3664,3163,3361,3477,3190,3502
3226,3488,3366,3517,3276,3516,3041,3325
3276,3386,3366,3643,3642,3365,3454,4033
3043,3386,3387,3276,3364,3327,3041,3389
3517,3364,3642,3363,3698,3276,3516,-1
3355,3061,3108,3368,2897,3369,3045,2859
3369,3108,3367,3431,3090,3355,3581,3764
3764,3368,3356,3355,3581,3367,3580,3090
2722,3118,2308,2721,2393,2539,2720,2855
3243,3359,3373,3487,3245,3372,3178,3244
3359,3373,3360,3371,3539,3407,3243,3301
3301,3243,3371,3372,3244,3539,3359,3441
3433,3559,3217,3590,3329,3375,3177,4209
3433,3589,3374,3217,3917,3216,3919,3912
3377,3111,3427,3352,3113,3354,3357,3378
3357,3376,3113,3378,3354,3326,3109,3111
3161,3377,3109,3357,3113,3326,3142,3376
3532,3435,3112,3531,3436,2835,3442,3561
2695,2835,2696,2673,3436,2827,2828,2836
2518,2889,2826,2519,2861,2891,2379,2517
37,3251,31,3383,3250,3404,28,3181
3437,3382,37,3404,3395,39,31,44
3568,3565,3257,3653,3385,3567,3566,-1
3609,3257,3247,3565,3384,3248,3285,3586
3454,3365,3364,3387,3389,3643,3453,3276
3535,3327,3365,3389,3123,3386,3454,3043
3535,3829,3124,3123,3824,3455,3121,3598
3454,3535,3453,3387,3455,3456,3386,4004
3879,3952,3921,3391,3920,3292,3719,3293
3674,3719,3879,3390,3292,3291,3576,3952
79,3700,3140,77,3336,3560,3351,3644
3026,2922,3175,2924,3087,3079,3027,2692
3437,48,46,3395,3298,3333,44,51
3437,3394,3383,3335,3404,3333,44,46
3951,3649,3168,3146,3434,3661,3293,3148
2813,2316,2314,2972,2656,2971,2482,2814
2814,3172,3490,2813,2971,3641,3491,2656
3400,3303,3401,3420,3545,3350,3546,3204
3546,3399,3350,3547,3545,3584,3303,3604
3204,3399,3205,3419,3303,3420,3126,3304
3587,3221,3492,3060,3420,3058,3545,3403
3584,3587,3249,3583,3545,3221,3585,3546
3382,3383,3395,3250,3228,3335,37,3251
3693,3482,3406,3307,3538,3483,2917,3481
3484,3405,3483,3307,3482,3305,3481,3702
3624,3967,3372,3360,3408,3539,4225,3359
3633,3967,3407,3360,3966,3284,4157,3624
3056,3033,2857,2926,2222,2925,3032,2307
3411,3881,3412,3342,3754,3417,3240,3075
3410,3075,3240,3076,3342,3754,2940,3412
3410,3417,3418,3342,3152,3881,3411,4155
3763,3347,3349,3666,3414,4513,3734,3665
3763,3688,3413,3347,3634,3415,3635,3794
3688,3499,3533,3534,3347,3501,3414,3794
3259,3614,3300,3612,3611,3613,3647,3260
3412,4155,3849,3881,3859,3418,3410,3882
4155,3152,3412,3460,3417,3153,3447,3012
3496,3205,3401,3493,3492,3420,-1,-1
3401,3419,3399,3492,3402,3545,3587,-1
3462,3827,3423,3424,3519,3826,3233,3269
3589,3423,3214,3216,3912,3233,3588,3421
3827,3422,3421,3912,3588,3233,3589,3826
3462,3233,3269,3234,3421,3519,3423,3107
3428,3438,3430,3427,3193,3464,3426,3592
3593,3430,3429,3193,3591,3192,3639,3425
3376,3193,3425,3438,3352,3111,3114,3353
3592,3430,3425,3464,3594,3957,3954,3438
3639,3192,3194,3593,3426,3530,471,473
3428,3426,3425,3594,3591,3193,3958,3592
2959,2860,3108,3090,3368,2758,2916,2859
3613,3572,3238,3619,3237,3259,3611,3722
4209,3374,3375,3559,3919,3330,3918,3329
3344,3148,3649,3396,3650,3648,3146,3660
3194,3379,3110,3531,3530,3112,475,3532
2835,3379,3380,3442,2828,3532,2695,3112
44,3383,46,3394,3395,39,48,37
3425,3353,3465,3352,3427,3464,3428,3376
3458,2871,2936,3457,3440,3459,3156,-1
3119,2871,3459,3439,2870,3231,3230,-1
4420,3179,3647,3301,3244,3300,3299,3373
3561,3532,486,484,2828,3436,489,3379
3852,3597,2912,3320,2984,3445,2670,3835
2955,3790,3320,3471,3715,2498,3445,3676
3715,3852,3443,3717,3320,3718,3444,3597
3795,3447,3473,3460,3263,3264,3595,3839
3263,3153,3460,3115,3446,3012,3264,3418
3947,3468,3972,3466,3467,3524,3552,3526
723,3254,713,725,3222,709,3224,727
706,3631,3253,3322,709,705,3494,3837
3101,3498,3497,3452,3463,3196,3067,-1
3497,3101,3953,3501,3500,3451,3499,3099
3456,4004,3454,3389,3514,3515,3692,3455
3386,3453,4004,3643,3389,3456,3364,3695
3535,3824,3750,3456,3389,3388,3453,3861
3453,3692,3750,3455,3389,3514,3454,4004
3458,3576,3459,3291,3439,3563,3652,3232
3156,3563,3457,3439,3562,2936,3599,3576
3232,3457,3440,3291,3231,3439,3576,3458
3447,4155,3418,3153,3839,3446,3263,3152
3462,3518,3520,3519,3268,4026,3269,3424
3424,3519,3269,3461,3421,3268,3233,3826
3507,3498,3306,3497,3451,3305,3195,3506
3428,3465,3592,3954,3438,3784,3425,3785
3785,3353,3438,3784,3464,3338,3908,3883
3552,3467,3468,3523,3448,3522,3525,3947
3466,3549,3947,3448,3648,3523,3344,3468
3552,3526,3524,3448,3466,3521,3525,3529
3524,3651,3691,3343,3972,3529,3526,3448
2211,2039,2054,2063,2210,2037,3034,1765
3157,3715,2955,3676,3444,2935,3601,2936
3570,3473,3264,3171,2969,2970,3596,-1
3795,3264,3472,3596,3446,3840,3263,3570
2803,2802,2651,2728,2780,2579,4020,3036
2793,2768,3031,2821,2681,2713,2760,2712
3742,3489,3190,3663,3188,3477,3632,3191
4171,3663,3742,3623,3476,3744,3362,3190
3321,3313,3801,3504,4172,3480,3494,3479
3302,3313,3505,3294,3295,3480,3478,3242
3478,3505,3479,3504,3502,3503,3313,3302
3555,3483,3536,3482,3541,3553,3406,3678
3481,3405,3536,3538,3483,3537,3406,3555
3481,3484,3406,3541,3543,3482,3555,3405
3702,3406,3483,3543,3305,3507,3542,3307
2960,2338,2339,2963,2962,2719,2817,2964
3082,3080,3573,3273,3272,3267,3325,3013
3359,3371,3245,2909,3271,3283,2908,3243
3325,3516,3573,3574,3226,3363,3517,3273
4487,3191,3476,3188,3582,3632,3330,3742
3398,3602,3641,2814,3491,3172,3640,2813
3602,3778,2573,2814,3490,3730,3398,3777
3496,3419,3060,3420,3402,2852,3097,-1
2993,3205,3100,3203,3419,3496,3097,3126
3631,4172,3321,3322,3495,3837,3450,3478
3837,3494,3629,3628,3631,4172,3630,708
3097,3492,3419,3203,3493,2852,2774,-1
3452,3507,3506,3463,3451,3500,3101,3498
3463,3195,3306,3451,3196,2843,3497,3507
3501,3953,3533,3415,3127,3534,3206,3452
3689,3501,3506,3534,3452,3497,3687,3542
3499,3534,3500,3953,3452,3415,3688,3533
3503,3505,3664,3623,3622,3480,3362,3504
3759,3502,3504,3622,3811,3480,3623,3629
4172,3759,3503,3478,3629,3480,3811,3321
3302,3664,3479,3502,3242,3480,3294,3128
3507,3689,3702,3500,3497,3542,3463,3452
3463,3702,3506,3497,3305,3484,3306,3542
2439,2357,2337,2438,2336,2375,2473,2472
2333,2566,2294,2291,3200,2439,2737,2335
3671,3997,3673,4594,3672,3776,3513,504
503,504,4594,3776,505,501,3266,3671
3513,3265,3997,3690,3691,3907,3266,509
3997,3691,3672,3512,3510,3266,3529,3690
3692,3453,3515,3875,3456,3709,4004,3708
4004,3875,3695,3994,3514,3453,3872,3454
3517,3488,3620,3574,4041,3363,3366,3573
3516,3366,3698,4041,3363,3488,3642,3620
4026,3670,3520,3461,3668,3905,3519,4025
3462,4026,3826,3669,3421,3461,3827,3518
3610,3905,3518,3461,3270,3268,3670,3680
3526,3525,3552,3527,3468,3782,3528,3529
3548,3552,3525,3466,3523,3627,3550,3468
3551,3466,3467,3522,3549,3550,3552,3935
3526,3469,3468,3972,3448,3529,3521,3343
3552,3782,3627,3522,3521,3468,3466,3548
3468,3524,3529,3521,3552,3469,3448,3528
4049,3782,3877,3521,3781,3528,3525,4097
4049,3673,3527,3672,3529,3774,3521,3526
3526,3672,3524,3469,3691,3528,3521,3513
475,3194,3429,3639,3435,473,476,3531
476,475,3532,479,3379,3435,481,3530
3561,3379,3442,3531,481,3436,483,484
3499,3206,4513,3347,3415,3127,3304,3126
3501,3688,3687,3794,3415,3500,3689,3499
3455,3387,3123,3388,3389,3327,3824,3124
3481,3555,3556,3553,3537,3482,3557,3541
3536,3761,3538,3556,3554,3482,3481,3405
3405,3693,3761,3537,3482,3694,3091,3760
3540,3372,4225,3407,3373,3301,3624,3625
3614,3625,3301,3647,3539,4225,3373,3612
3555,3481,3704,3483,3543,3678,3860,3536
3689,3860,3543,3702,3506,3701,3687,3484
3860,3542,3541,3484,3483,3702,3704,3481
2034,1985,1407,1947,1712,2699,1922,2049
3587,3584,3403,3400,3399,3420,3546,3402
3400,3584,3585,3547,3604,3545,3403,3350
3604,3605,3350,3546,3400,3603,3585,3348
4013,3627,3522,3550,3783,3525,3780,3856
3467,3551,3729,3648,3523,3650,3886,3466
3935,3548,4013,3523,3551,3522,3934,3886
3886,3523,3935,3549,3550,3729,4187,4016
3525,3468,3466,3522,3521,3526,3448,3782
3555,3557,3677,3536,3556,3678,3481,3746
3556,3537,3656,3658,3657,3659,3761,4118
3481,3553,3541,3678,3536,3677,3483,3482
3536,3659,3557,3537,3553,3554,3555,3818
3746,3553,3818,3556,3659,3677,3536,3747
3023,2820,2552,2746,2771,2787,3183,2111
3330,3329,3433,4209,3374,3189,3191,3582
3140,3392,3637,3700,3309,3636,3310,3571
3532,483,484,481,3442,479,3531,486
3716,3156,3458,3601,3600,3563,3599,3157
3458,3599,3652,3562,3457,3716,3576,3789
1694,1670,1691,1766,1693,1692,1696,1671
4380,3653,3384,3609,3385,3606,3607,-1
3901,3653,3655,3654,3567,4798,3606,3384
3901,3566,3384,3568,3653,3966,4158,-1
3633,3384,3257,3286,3966,3567,3285,3284
3078,2767,2710,3049,3079,3027,2711,3083
3171,3596,3323,3615,3472,3473,3796,-1
3851,3850,3309,3637,3308,3618,3560,3710
3432,3722,3851,3618,3238,3619,3721,3613
3486,3325,3574,3273,3488,3267,3080,3902
3902,3573,3488,3620,3516,3267,3325,3680
2454,2652,2885,2632,2131,2463,2236,2653
3652,3291,3457,3674,3391,3563,3599,3675
3051,3158,3201,3160,2667,2666,3052,3037
3579,3753,3580,3755,3754,3752,3356,3880
3752,3578,3580,3356,3340,3754,3077,3764
3764,3578,3579,3356,3755,3756,3369,4118
3764,3369,3760,3090,3694,3756,3368,3091
3330,4487,3191,3918,4209,3949,3489,3559
3586,4059,3403,3584,3585,3608,3646,3249
3403,3546,3585,3583,3545,3587,3400,4059
4059,3584,3546,3604,3617,3583,3403,3646
3608,3248,3609,3249,3583,3403,3646,3385
3403,3221,3402,3545,3249,3584,3058,3420
3827,3912,4647,3964,3913,3423,3982,3826
3912,3216,3422,3375,3917,3214,3423,3964
3176,3374,3329,3177,3317,3217,3328,3559
3958,466,464,3593,468,3430,3594,3426
3428,3957,3594,3954,3965,3464,3430,456
469,3639,468,3426,3591,3429,471,466
3958,3957,3592,3428,3430,459,3591,462
3795,3838,3842,3841,3840,3839,3446,3797
3570,3473,3840,3795,3796,3472,3615,3797
3598,3852,2912,3443,3835,2864,3121,3718
3121,3597,3835,3829,2864,3852,3124,3122
3789,3716,3563,3652,3909,3562,3675,3787
3717,3716,3562,3863,3864,3601,3718,-1
3715,3157,3562,3717,3156,3600,3471,3445
3778,3490,4007,3491,3640,3813,3641,2814
4336,3605,3604,3547,3616,3942,4471,3681
3617,3547,3603,3585,3546,3616,4059,4336
3603,3348,3681,3547,3942,3350,4336,3346
3884,3607,3655,3653,4380,3565,3900,3885
3885,3884,4380,3645,3737,3606,4065,3608
3586,3646,3645,3609,4380,3583,4059,3607
3385,3586,3608,4380,3248,3565,3247,3645
3905,3902,3520,3270,3680,3670,3620,3268
3613,3612,3619,3724,3416,3259,3723,3432
3611,3723,3614,3625,3724,3416,3613,4223
3611,3259,3432,3237,3619,3416,3612,3572
3647,3625,3612,3540,3416,3723,3300,3611
4306,3570,3323,3846,3796,4078,3596,-1
4471,4336,3617,3968,3603,3604,3971,4034
4059,3604,3969,3616,3585,3968,3646,3603
3721,3850,3851,3722,3572,3711,3894,3571
3611,3432,3740,3722,3613,3572,3724,3894
3680,3516,3904,3574,3902,4041,3610,3517
3299,3154,3255,3256,3260,4420,3155,3300
4171,3811,3623,3503,3502,3743,3759,3834
3362,3622,4171,3502,3664,3477,3663,3503
3967,4225,3731,3407,3539,4224,4223,3408
3614,3723,4225,3612,4223,3540,3647,3731
2531,2610,2671,2607,2421,2419,2534,2418
3548,3525,3780,3782,3522,3783,3552,4013
3837,710,708,3630,3495,3867,3836,712
3759,3495,4172,3630,3504,3810,3494,3503
3628,3629,3810,3867,3495,3891,3963,3837
3837,3494,3450,705,3495,3322,706,708
4487,3742,3980,3979,3489,3945,3981,3476
3408,3286,3568,3284,3966,3360,3257,-1
3688,3794,3748,3414,3792,3635,3763,3686
3763,3748,3734,3634,3762,3733,3414,3413
82,3700,84,81,3710,3637,3644,3560
3571,3850,3710,3636,3560,3309,3700,3786
52,53,56,50,3187,63,59,67
471,473,3429,3593,469,3530,475,468
3799,3602,4007,3641,4197,3490,4006,3800
3799,3490,3798,3172,3324,3640,3398,3800
4033,3698,3366,3643,3364,3697,3517,3695
3454,4033,3364,3642,3695,4004,3386,3453
78,3351,81,3700,76,77,82,73
3607,3646,3608,3737,4380,3736,3885,3969
4059,3645,3608,3969,3736,3583,3585,3617
3614,3300,3441,3540,3301,3416,3625,4420
3344,3650,3467,3947,3549,3434,3148,3448
3660,3396,3662,3434,3650,3661,3951,3713
3660,3648,3729,3549,3649,3434,3344,3467
3690,3469,3343,3358,3691,3972,3345,3512
3789,3599,3576,3674,3675,3563,3787,3457
3566,3565,3606,3384,3655,3567,3901,4380
3566,3901,4039,4038,3655,4798,4040,-1
3566,3606,3900,4039,3654,3653,3884,3901
3726,3819,4118,3820,3658,3657,3554,-1
3726,3659,3725,3656,3727,3554,3820,3556
4118,3761,3760,3656,3756,3554,3819,3537
3657,3556,3557,3725,3818,3554,3746,3553
3650,3713,3649,3662,3729,4187,3434,3549
3951,3712,3662,3396,3649,3921,3293,3168
3712,3660,3713,3649,3661,3714,4002,3650
3190,3477,3362,3163,3476,3623,3188,4171
3505,3362,3361,3502,3242,3623,3302,3163
3666,3681,3348,3683,3679,3349,3734,3413
3665,3763,3413,3734,3683,3349,3348,3635
3807,3668,3670,3903,3809,3915,3518,3905
4025,3667,3670,4026,3518,3808,3809,3669
4025,3826,4026,3911,3519,3973,4647,3808
3905,3518,3667,3668,3903,3520,4026,3610
3776,3510,3775,3673,4594,3773,504,502
3513,3510,3529,3997,3673,3528,3691,3671
3510,3671,3774,3528,3672,3773,4049,3775
3719,3675,3652,3391,3576,3720,3879,3789
3789,3674,3787,3720,3652,3788,3719,3599
2955,2935,2937,3089,3471,2498,3157,3444
3746,3553,3705,3557,3745,3678,3555,3844
3555,3705,3541,3677,3704,3553,3703,3481
3681,3685,3682,3942,3684,3683,3665,-1
3905,3610,3904,3620,3902,3903,3916,3670
3665,3942,3605,3348,3679,3603,3682,3666
3684,4034,3942,3679,3768,4336,3767,3685
3734,3732,3666,3665,3685,3679,3733,3763
3682,3767,3766,3685,3679,3768,4034,305
3732,3766,3684,3679,3888,3683,3682,3887
3792,3791,3794,3701,3687,3793,4022,3634
3689,3534,3794,3701,3686,3500,3542,3688
3415,3794,3634,3534,3414,3687,3347,3501
3542,3687,3506,3500,3701,3860,3534,3702
3651,3907,3358,3512,3691,3331,3513,3265
3513,3651,3469,3512,3529,3690,3672,3997
3750,3708,3456,3751,3514,3709,3749,3453
3405,3091,2917,3538,3307,3694,2916,3482
3091,3760,3693,3538,3761,3581,3090,2916
4004,4033,3515,3699,3643,3994,3454,3995
4176,3698,4126,3697,4260,4041,4313,-1
4033,4126,3696,3642,3993,3698,3699,-1
3517,3642,3696,3366,4041,3697,4033,3516
4033,3993,3695,3995,3697,3994,4259,3515
3644,3351,3392,3636,77,78,81,3560
3860,3686,3689,3687,4022,3542,3791,3794
3484,3507,3506,3542,3543,3305,3689,3483
4890,4849,3704,4022,4440,3705,3678,3844
3860,3541,4022,3703,3678,3543,3555,4890
3844,3678,3677,4849,3703,3745,3895,3746
1774,2246,2326,2064,1650,1652,2647,2247
3758,3872,3709,3875,3874,3873,3757,3514
3692,3709,3749,3751,3757,3977,3514,3758
3707,3708,3758,3875,3757,3514,3692,3872
3786,3636,3711,84,3637,3850,85,87
91,94,3721,3786,3710,87,3850,3618
3662,3770,3921,3661,3714,4036,3920,3649
3660,4187,4002,3662,3769,3729,3714,4016
4002,3771,4036,3712,3662,3770,3772,3713
3445,3471,3601,3717,3444,3157,3320,3718
3599,3562,3600,3863,3909,3563,3789,3652
3718,3600,3715,3601,3445,3864,3852,3853
3717,3852,3853,3835,3864,3445,3600,3597
3879,3720,3674,3868,3391,3675,3920,3390
3719,3675,3788,3830,3674,3868,3879,3787
103,3894,3618,94,3711,110,3722,91
3894,3572,3618,3721,3740,3619,110,103
3612,3741,4223,3625,3724,3611,3614,4225
3723,3611,3740,3612,3739,3741,3619,3805
3823,3818,3659,3657,3828,3727,3726,4144
3820,3657,3914,3727,3656,3819,4264,3725
3726,3821,3914,3823,3725,3657,3822,3820
3103,2782,2741,2724,2921,2811,3096,2526
4187,3549,3660,3886,3650,3551,3713,4016
3777,2510,3778,2511,3491,3337,2573,3779
4223,3624,4225,4054,4224,3967,3625,4242
3887,3685,3683,3888,3733,3734,3815,4151
3734,3815,3732,3887,3762,3635,3683,3763
3763,3666,3733,3683,3635,3413,3732,3665
3063,3017,2831,3331,3358,2832,2805,3018
3737,3969,3970,3645,3646,3990,3885,4059
3885,3736,3607,3645,4065,3990,3884,4043
2966,3015,3013,3014,3341,3082,2965,2968
3802,3741,3805,3724,3803,3804,3740,3893
3805,3894,3619,3722,3724,3739,110,3802
3723,3804,4223,3739,4054,3724,3625,3802
3744,3476,3632,3945,3477,4171,3489,3979
3834,4171,3744,3811,3922,3622,3923,4012
3742,4171,3743,3945,3477,3923,3476,-1
3746,3844,3677,3843,3747,3705,3845,3895
3557,3747,3677,3818,3745,3553,3828,3705
3746,3828,3845,3818,3847,3745,4144,3557
3792,3634,3762,3635,3817,3793,3794,3816
3751,3978,3977,3708,3825,3861,3692,3862
3861,3692,3456,3751,3455,3824,3906,3708
3749,3861,3692,3750,3708,3825,3978,3977
3077,3579,3076,3754,3340,3578,3001,3411
3578,3880,3859,3881,3755,3754,3579,3882
3752,3410,3578,3881,3411,3579,3753,3076
3819,3578,4118,3580,3753,3880,3756,3820
3760,3764,4118,3580,3658,3755,3581,3819
3758,3977,3956,3709,3708,3932,3707,3749
3707,3757,3874,3709,3932,3956,3872,3708
3629,3811,3503,3504,3810,3834,3622,4172
3756,3694,3761,3658,3581,4118,3764,3538
3658,3538,3760,3537,3694,3554,3756,3693
3748,3815,3816,4714,3817,3635,3733,-1
3413,3734,3666,3414,3635,3347,3634,3349
3369,3580,3356,3581,3756,3760,3579,3368
311,3925,305,314,3766,3888,320,301
3765,3684,305,3767,3685,3888,311,3924
3924,305,3684,3766,3984,3768,301,4070
3984,3767,4034,3985,4045,3682,3684,3983
4002,4187,4016,4015,4014,3713,3886,3772
4036,3920,3712,3921,3714,3930,3771,3390
4036,3772,4037,4000,3714,4002,3770,4131
3771,4002,4014,4000,4001,3714,3769,4036
3775,3774,507,3671,4127,4098,502,3673
4097,4049,3673,3773,3528,4098,3671,3877
502,3776,3773,3671,501,507,4127,504
504,3671,3775,501,4594,3511,502,3510
3778,3779,3814,3813,3730,3812,4005,4007
3777,3602,3491,3813,4007,3730,3814,3490
3777,3908,3812,3883,3337,3814,3730,3785
3876,3627,3781,3782,3783,3857,3548,3525
3782,3877,3876,3878,3780,3527,4049,3627
3525,3781,3527,3627,3780,3521,3552,3877
3855,3548,4013,3780,3627,3857,3856,3858
3954,3785,3883,3465,4018,3464,3999,3908
3908,3465,3784,3883,3338,3353,3337,3779
85,87,3710,84,3711,91,82,3636
3789,3833,3675,3831,3788,3909,3599,3652
3831,3720,3830,3787,3675,3832,3789,3833
3599,3787,3652,3675,3909,3716,3833,3674
2498,2496,2431,3320,3444,2955,2984,2430
4890,4022,3793,3686,3960,3701,3860,4440
3748,3686,3793,3634,3794,3817,3791,3688
3791,3960,3792,3817,3959,3686,4890,3748
3688,3687,3686,3634,3534,3792,3701,3415
3473,3840,3595,3446,3596,3841,3264,3797
3797,4306,4320,3937,3840,3596,3615,3570
4320,3840,3841,4104,3796,3937,4103,4077
3324,3800,3799,3846,3641,3323,4360,3172
3800,3641,3640,3798,4197,4236,3490,3846
3799,4360,4236,3798,3846,4197,3641,4229
3281,3321,3313,3280,3314,3478,3295,3213
3893,3739,3805,3803,109,3996,3936,3740
3802,3996,4023,3893,3804,4024,3739,3936
3741,3803,4023,4053,3739,4054,3802,4242
3802,109,110,3740,3894,3893,3739,103
3241,3240,3312,2939,2911,3075,2866,2825
3667,3915,4068,4087,3809,3903,3916,3670
3974,4025,3973,3668,3975,3809,4086,3669
4086,3974,3807,3667,3808,3668,4088,4087
3759,3834,4012,3630,3629,3811,3891,-1
3834,3759,3622,3503,3743,3810,4171,4012
3814,3883,4018,4019,3779,4017,4005,3777
4007,4005,3814,3777,3778,4008,3602,4006
3812,4005,3777,3813,4019,3779,3883,3778
4151,4714,4281,3887,3733,3762,4282,4289
4714,3817,4623,4288,3762,4282,3959,3815
3816,3793,3748,3959,3792,3762,4623,4714
3746,3828,3557,3725,3659,3747,3823,3677
4118,3820,3755,3880,3656,4264,3726,3658
3819,3726,4264,3914,3880,3656,4118,3882
4011,4184,3823,3727,3822,4010,4009,3914
4011,3914,3890,3821,3727,3889,4264,4009
4144,3725,3821,3828,4010,3727,3818,4184
3455,3861,3750,3906,3829,3388,3853,3535
3861,3862,3749,3906,3751,3978,3863,3864
3827,3669,3519,4647,3911,3421,4026,3588
3826,3423,4647,3588,3421,3912,3519,3911
4144,3818,3747,3823,3725,3847,3746,4010
3853,3835,3388,3824,3598,3121,3906,3124
4134,3720,3788,3871,3868,3832,3719,3869
3788,3898,3787,3899,3833,3832,3675,3978
3870,4134,3899,3831,3788,3830,3976,3931
3787,3862,3978,3898,3831,3909,3789,3977
3811,4012,3743,3922,3810,3759,3622,3891
3598,3853,3852,3718,3829,3597,3121,3906
712,710,4129,3867,714,3628,708,3892
708,3631,3628,705,3495,710,3494,3450
3842,3848,3595,3839,3889,3841,4156,3849
4155,3838,3460,3595,3848,3849,3446,4156
3797,3795,3841,3596,3796,3595,4320,3473
3797,3842,3840,4104,4103,3595,4320,3838
3838,3841,4103,3595,3889,3848,4104,4186
3844,3895,3897,3845,3896,3745,4849,4079
3705,4849,3895,3843,3745,3677,4029,3896
3747,3843,3897,3847,3745,4030,4321,3746
4360,3323,3798,4078,3800,3615,4306,3324
4144,4083,3747,4035,3828,3845,4030,-1
4156,3838,3849,3890,3839,3889,3882,3842
4156,4155,3417,3882,3848,3859,3839,3890
3618,3571,3637,3711,3710,3851,3721,3786
3571,3572,3618,3308,3850,3238,3210,3722
3835,3718,3597,3443,3445,3598,3717,3853
3906,3835,3718,3864,3829,3852,3824,3598
2179,1885,2080,2078,2501,2178,2440,1647
3858,3783,3940,3857,3856,4013,3928,4221
4013,3858,3855,4021,3934,3992,3783,3548
3927,3855,3876,3928,3780,3783,3926,3940
3855,4221,4021,3940,3856,3939,4220,4337
3882,3881,3753,3417,3880,3849,4156,4264
4022,3542,3704,3701,3543,3689,3541,3791
3751,3750,3906,3824,3825,3749,3692,3455
3978,3909,3863,3833,3825,3749,3787,3898
3862,3864,3716,3909,3600,3825,3599,3906
3853,3863,3906,3718,3600,3717,3825,3835
2887,3016,2878,2906,2886,2933,3246,2781
3246,3317,3328,3164,2906,2945,3016,3038
3836,712,3963,4129,3892,3628,710,3630
3719,3879,3871,3720,3930,3830,3920,-1
3931,4130,3929,4134,3871,4135,3870,4406
3931,4175,3976,4134,3832,4136,3869,3899
3869,3929,3868,3830,4134,3930,3931,3720
3707,3873,3875,4003,3994,3874,4160,3758
4160,3872,3933,3874,4003,3707,4161,4052
3758,3707,3873,3933,4208,3872,3932,4160
3515,3707,3872,3709,3514,3994,4004,3758
3926,3780,3781,3878,3857,3927,4106,4107
4097,4049,3781,4133,3527,3878,3774,3782
4106,3876,3877,3781,4290,4133,3926,4107
3719,3920,3390,3868,3391,3674,3720,3930
3819,4264,3753,3882,3820,3859,3755,3578
3410,3859,3417,3753,3412,3754,3411,3578
4156,4264,3859,3849,3880,3890,3848,3820
3812,3785,3908,4018,3784,3779,3814,3337
3885,3900,3607,3606,4065,3737,3655,4071
3737,3884,3607,4065,3645,3900,3606,3990
4016,3551,4187,3935,3991,3729,3769,4015
4151,3732,3815,3888,4149,3733,4289,4281
3765,3766,4149,3887,3732,3925,3685,4151
4011,4009,3842,3838,3848,3890,4186,4103
4156,4264,3822,3882,3848,3914,3889,4011
3963,4012,3810,3867,3630,3962,4180,3892
3963,714,4129,718,3961,3867,3962,712
3802,3936,109,3996,3805,3803,101,108
110,3722,3721,103,3805,3740,109,94
3844,4029,3896,4849,4081,3843,4440,3705
4079,4081,3895,3843,3897,4092,4256,4080
4321,3843,4256,4079,3896,3845,4030,4202
3977,3831,3833,3899,3978,3956,3749,3787
3976,3898,3956,3955,3831,3832,3870,3977
3884,4304,3655,4039,4071,3606,4065,3885
3566,4798,3567,4158,3654,4089,3653,3655
3610,3574,3680,3270,3620,3267,3905,3573
3915,3905,3916,3670,3680,3667,3904,3807
3916,3680,3620,4176,4041,3903,3915,4069
3610,3670,3680,3520,3903,3518,3902,3667
3853,3861,3824,3864,3825,3829,3750,3835
2807,3265,3690,3512,2806,3331,511,2805
3785,3337,3883,3779,3338,3262,3784,3812
3789,3862,3599,3833,3863,3716,3787,3652
3988,4647,3911,4142,3913,4497,3826,3989
3910,3973,4647,3669,3826,4142,4025,3827
3589,3588,3964,3423,3422,3917,3827,3216
3989,3588,3982,4647,3910,3988,3964,3827
4264,3822,3726,3820,3727,3890,3821,3882
3916,3807,4068,4069,3903,3667,4240,3904
3904,3915,4069,4176,3903,3680,4068,4240
3589,3964,3919,3912,3375,3948,3433,3982
4209,3949,3950,3582,3919,3433,3330,4487
3433,3918,3917,4209,3950,3948,3375,3589
3879,3770,3390,3930,3868,3921,3719,4036
3712,3390,3952,3661,3770,3920,3293,3951
3944,4012,3834,3923,3743,4180,3811,-1
3944,3945,3922,3744,3943,3946,3743,3979
301,305,4070,3767,3984,311,4125,3766
3765,3941,4150,320,314,4149,323,3888
4107,3927,3876,527,525,4106,3878,523
527,3928,528,3926,3857,530,525,4107
532,3927,530,3940,528,534,3857,527
4037,3869,4130,3871,4131,3930,4036,-1
4036,3920,4037,3929,3868,3871,3770,3879
3870,3869,4135,4134,4136,4175,4173,4130
3758,3955,4208,3956,3757,3874,4198,3707
3873,4182,4160,3874,4208,4161,4207,3872
3935,4013,4441,3992,3856,3991,3550,3548
3886,3550,3551,3991,3934,4016,4013,4441
100,101,3893,3996,108,109,102,3802
4320,4305,3938,4306,3796,4077,3797,4075
4076,3937,4306,4305,4075,4078,4320,3796
4337,534,3940,4221,536,4191,532,538
3928,3939,3858,3855,534,4221,532,3857
323,4150,327,320,3925,4062,330,314
4336,3681,3682,3603,4034,3605,3679,4471
3979,3946,4166,4196,4114,3945,3923,3980
3922,3946,4179,4180,3923,4012,3943,-1
3979,3742,3744,3923,3632,3943,3980,4166
3944,4196,4179,3943,4195,3923,4216,4114
3344,3448,3467,3311,3648,3972,3148,3466
3982,3950,3964,3917,4148,4447,3919,3918
3918,4487,3981,3950,3582,4314,4209,3489
3918,4447,3949,3948,4314,3919,4209,3582
3293,3168,3396,3661,3649,3165,3952,3921
3293,3292,3390,3921,3229,3951,3232,3391
3499,3101,3099,3452,3501,3127,3102,3533
3999,3784,3965,3592,3464,4018,3998,3957
3976,3956,3932,3899,4198,4175,3757,3898
3955,3757,3977,3899,3898,3932,3758,3976
456,3592,454,459,3965,3594,3958,452
462,464,3594,459,3591,466,3957,456
3960,4105,4623,3986,3793,3817,3987,3816
4890,3986,3959,4440,3791,3793,4105,4022
717,3962,718,3892,4132,3963,719,714
3961,3963,4180,3892,4132,3891,4190,717
3892,3891,3962,3867,3961,4129,714,718
3982,3912,3588,3917,3948,3913,3589,4148
454,3999,3957,3998,452,3954,3592,456
3633,3568,4157,4158,3408,3567,3967,-1
3624,4157,3407,3408,4224,3731,3966,-1
3971,3969,3970,3617,3616,4032,4471,4031
4059,3736,3617,3968,3646,3970,3585,3645
4031,3736,3968,3969,4032,3990,4924,3971
4471,3968,4032,3985,4066,3616,4336,4034
3343,3524,3448,3311,3947,3469,3468,3345
3911,4025,3975,3808,3669,4142,3974,3910
4086,3808,4222,3975,3809,3973,4154,4027
4027,3973,3974,4222,4028,4142,3808,4086
4175,3955,3870,3899,3832,4198,3956,4199
3749,3757,3898,3978,3956,3708,3751,3833
3749,3862,3833,3977,3898,3825,3751,3909
3980,3945,4166,3943,3632,3981,4165,3742
3979,3981,4166,4165,3632,4487,3945,3943
3980,4487,3949,4165,4314,3632,3979,4164
3964,4148,3989,3913,3948,3588,3917,4447
4045,3984,4048,4047,4044,4046,3768,4070
3924,4070,3983,3768,3767,4047,301,305
4045,4471,3971,4034,3768,4066,4336,3983
4105,3960,4440,4095,4029,3959,4890,3987
4105,4312,4093,4623,4288,4213,4095,3959
3910,4394,4497,3989,3913,4142,4647,3911
3982,4394,3913,4148,4393,3988,3910,4395
3737,4042,4031,4924,3970,4043,3736,4065
4016,3935,4441,3886,4015,4119,3934,4187
4441,4021,4113,3934,3856,4112,4119,4220
3699,4261,4259,4126,3995,3697,4033,4313
3515,3995,3695,3875,3872,4003,3699,4004
4051,4259,3699,3994,3993,4003,4163,3695
3936,3893,108,4024,3803,3802,100,102
3513,3510,3266,4594,3512,3672,3691,3671
450,3999,452,4082,4017,3965,448,454
3998,4018,3954,4017,3965,4082,452,450
3771,4338,3772,4131,4307,4037,4001,4653
4338,4014,4177,3772,4000,4468,4120,4653
3769,3772,3713,3714,4014,3771,4187,4016
4051,3872,4160,3873,3995,4052,3994,-1
3453,3515,3454,3695,3643,3514,3456,3389
4008,4074,3814,3813,4019,3812,4238,4007
4008,4073,4007,4197,4072,3640,4229,3813
3813,3602,4006,3640,4008,3778,4005,3777
4005,4006,3813,4072,4007,4074,3814,4073
4011,4186,4184,4143,3889,4185,4103,4735
4144,4735,4184,4084,3823,4035,3821,3828
4009,3822,4184,3821,3889,4186,3890,4143
3834,3891,3922,3810,4180,3944,3963,3811
3548,3856,3550,3934,3783,3855,3935,3627
4120,4001,3769,4015,3772,4002,4177,4016
4016,4120,3769,4119,4014,3991,4187,3886
4015,3886,4187,3769,3991,3935,3729,4014
4082,3999,3998,4238,4018,4019,448,450
3999,4017,3812,3883,3784,3954,4019,3998
4238,4005,3812,4017,3814,4074,4018,4082
2386,2728,2729,2802,2726,2388,2850,3474
3858,4220,3992,4113,4221,3856,4300,3855
4890,3860,3791,3704,3703,3701,3960,4440
4053,3803,4024,3804,4146,3996,4147,4109
3996,4023,4109,4050,108,3803,4146,4108
3669,3808,3668,4026,3973,3518,3911,3519
3518,3519,4025,3669,3668,3461,3670,3826
4263,4028,4141,4222,3975,4352,3974,4763
4027,4141,4142,4497,4428,3975,4263,4453
3895,4440,4095,3986,4849,4081,3844,4080
4321,4083,3845,4202,3847,3897,4201,4256
4924,4032,3970,4067,3990,4042,3968,4111
4031,3971,4066,3970,3968,4067,4924,3985
3642,3695,3699,3697,3643,3993,4004,3698
3682,4471,4336,3985,3768,3942,3684,3971
4084,4083,4144,4010,3847,4085,4735,3828
3771,3770,4037,3930,3714,3920,3712,3772
3771,4036,3929,4131,4000,3930,3772,4130
4416,4798,4040,4090,3654,4091,4089,3901
4304,4040,3654,3655,3900,4258,4255,-1
4038,4039,4090,4403,4258,3654,4304,4416
3517,4176,3904,3698,3620,3516,3696,3916
4924,4043,4169,4111,3990,4031,4170,4067
4170,4042,4065,4169,4071,3990,3885,4534
4046,4058,4045,4066,3983,4057,4048,4067
3985,3983,4044,4066,3768,3984,4046,3971
4048,4044,4055,4057,3983,4056,4058,4045
4070,4048,4125,4056,3983,288,3984,283
4046,4056,4047,3983,4055,4044,283,273
3774,4097,3527,3877,3528,3673,4133,3781
102,4108,97,108,92,4024,4109,3996
4163,3995,4259,4003,4052,4160,4204,4159
4162,4160,4051,4163,4159,4003,4161,3873
4023,4147,4242,3804,4054,4146,3803,4558
4242,3731,4223,3804,4053,3741,4224,3723
266,4046,259,4056,4048,4483,4057,273
283,273,4048,288,4055,266,4047,4046
4046,4058,4483,4064,4055,4063,4044,4048
4044,4067,4064,4057,4066,4046,4045,-1
3585,3646,3617,3969,3583,3584,3604,3608
3109,2834,2836,2833,3142,2913,2696,3113
4289,4150,4137,4062,4149,4287,3941,4342
330,334,327,4137,4150,4061,3941,337
4492,4483,4591,4064,4057,4571,4110,4482
4110,4058,4057,4492,4063,4111,4067,4419
3885,4043,3884,3737,4071,3900,3990,3607
4032,4045,4044,4058,3971,3985,4067,4031
4058,4924,4031,4032,4111,4066,4064,4110
3915,4240,4069,4087,3807,4241,3916,4265
4240,3916,3915,4176,4068,4260,3904,4295
3924,301,4125,3984,4047,305,304,3767
4170,4304,4255,4303,4065,3900,4043,3884
4121,4073,4123,4008,4074,4006,4122,438
4229,4006,4227,4072,4122,4197,4121,4008
4005,4124,4123,4238,4008,4019,4072,442
4305,4427,3938,4076,4319,3937,4401,4384
4401,3938,4075,4279,4078,4427,4305,4280
4305,4320,4318,4104,3937,4219,4319,4075
4360,4306,3938,3846,4279,4076,3615,3937
3896,4256,4257,4092,3897,4321,4081,4294
4081,4094,4095,4093,4092,4096,4213,4029
4080,3896,4095,3895,4029,4092,4079,3986
448,4017,450,446,3998,4238,452,443
4035,4201,4030,3847,4085,4084,4144,-1
4735,4035,4085,4145,4010,4083,4144,4184
4084,4298,4083,4035,4145,4310,4201,4735
3974,4088,4154,4222,3809,3808,4352,4247
4153,4068,4265,3807,4088,4241,3809,3915
4086,4153,4154,4152,4087,4247,3809,3974
4798,4402,4251,4158,4091,3901,4558,4038
4416,4403,4417,4040,4038,4415,4481,-1
4416,4089,4402,4397,4038,4481,4798,-1
4079,4080,4096,4257,4081,4094,4101,3896
3987,4213,4080,4095,4105,4094,4312,3986
4096,4080,4213,4093,4092,4099,4102,4095
4080,4029,3986,4105,4081,4093,3987,4440
4094,4102,4101,4092,4099,4080,4214,4100
3774,4049,4133,3877,4098,3773,4188,3527
4128,510,4097,4127,513,3773,4188,4133
4214,4213,4096,4211,4094,4102,4210,4212
4369,4101,4656,4102,4629,4368,4257,4096
4257,4100,4096,4102,4656,4092,4079,4294
4096,4214,4100,4369,4101,4099,4094,4367
4186,3842,4104,3841,4219,3889,4185,4009
4320,3797,4103,3841,4077,4219,3937,4186
3987,3986,4095,3959,4093,4623,4312,3960
4107,521,3878,523,3926,4290,525,3876
525,523,4106,3926,527,521,3927,3878
99,97,4117,4050,4109,4116,4115,102
4108,4117,4024,4050,4138,4146,4115,99
4064,4419,4492,4111,4063,4491,4169,4067
4110,4924,4042,4419,4064,4169,4067,4492
4113,4441,4119,4249,4178,3992,4250,4300
4300,3992,4220,4021,4249,4112,4301,4441
4166,4217,4196,4405,4215,3943,4216,4387
4117,115,107,4138,4116,4139,114,96
96,99,107,4117,90,4115,4108,115
4115,4108,4116,99,107,4109,4138,115
3819,3658,3756,3755,3656,3760,3820,3580
4120,4441,4015,4178,3991,4112,4016,4177
4015,4177,4119,4178,4014,4001,4016,3769
436,438,4122,4123,434,4072,440,433
4121,4227,434,4228,433,4073,436,4072
440,442,438,4121,4124,4074,4072,443
443,442,4238,446,4074,4123,440,4082
294,4070,300,304,301,4047,288,3924
4313,3993,4261,3696,3697,4260,-1,-1
507,510,4128,4098,3773,502,3775,513
510,513,4127,4098,507,4188,514,3773
714,712,3836,3892,718,3867,3963,710
4406,3869,4131,4340,3929,4135,3931,4307
4130,4307,4037,3929,4340,4000,4406,4338
719,3961,717,4190,4218,722,3962,4239
4097,4188,4290,3877,3878,4098,4049,516
3931,3830,3869,3870,3871,3832,4135,3788
3931,4406,4173,4353,4130,3869,4136,3870
4173,4175,3931,4199,3870,4135,4174,4353
4342,4061,4062,4516,337,334,4287,339
4115,115,4117,4139,4109,4167,4168,4146
115,4140,114,4167,4283,4138,4115,112
112,114,4139,4283,4349,115,4267,104
4027,4453,4263,4028,4763,4428,4497,4361
3910,4028,3911,4497,3973,3988,3975,4027
4185,4735,4184,4009,4311,4186,4145,4084
3828,4035,4010,3823,3847,4084,4083,3747
4735,4084,4308,4311,4310,4085,4143,4185
4023,4168,4109,4147,4024,4053,4138,-1
4200,4053,4242,4168,4558,4146,4023,4285
3982,4395,4447,3989,3948,4393,3964,4425
4150,4151,4289,3925,4061,3888,3887,3941
3941,4061,3925,4062,4149,327,323,320
4289,3887,4281,4149,3815,4061,4282,4714
4153,4247,4246,4248,4245,4088,4265,4154
4265,4152,4088,4248,4087,4241,4247,4266
4352,4247,4086,4222,4088,4291,3974,4263
3418,3849,3417,3460,3839,3412,3848,4156
3848,3882,3849,3890,4264,3859,3838,3839
3967,4251,3966,4158,3408,4224,-1,-1
4089,3901,3966,4251,4798,4157,3567,-1
4163,4162,4194,4205,4052,4510,4051,4203
3873,4161,4052,3933,4003,4162,3872,4051
4160,4162,4181,4183,3933,4182,4052,3873
4181,4052,4159,4194,4161,4193,4160,4163
4051,4159,4205,4259,4204,4052,4350,4162
4165,4425,4386,4314,4215,4426,3981,4447
4164,3980,4215,4166,3981,4314,4386,4425
3980,4114,3979,4215,4165,3943,3981,4217
4139,4285,4283,4168,4284,4138,4140,115
4285,4167,4146,4147,4200,4138,4397,4139
4042,4170,4418,4534,4043,4111,4419,4924
4534,4043,4071,4303,4169,4042,4065,4255
3477,3622,3743,3744,3623,3811,3742,3663
3494,3504,3321,3629,3478,3495,3759,3631
4353,4136,4234,4135,4174,4354,4199,4406
4199,4234,4173,4235,4271,4233,4136,4175
3976,4199,4136,3870,4198,3955,3931,4174
3916,4069,3696,3904,4260,4041,3915,4240
4120,4001,4178,4468,4277,4014,4338,4015
4120,4119,4177,4250,4277,4112,4015,-1
3944,4190,3946,4180,4195,4239,3962,4196
3962,3944,4012,4179,3922,3891,4190,3963
4193,4162,4161,4183,4192,4194,4335,4334
3933,4207,4183,4206,4208,4161,4383,4160
4383,4182,4181,4161,4192,4206,4193,3933
4735,4009,4011,3821,4010,4143,4084,4186
4143,4311,4219,4186,4009,4103,4309,4735
4009,4185,4103,4143,4219,3889,4011,4184
4016,3729,3769,3886,3713,3660,4002,4015
513,514,516,4133,4290,4098,518,4128
3224,3223,3212,3279,3252,2952,2951,3253
4179,4132,4239,3962,4218,4195,4180,3961
538,4337,545,551,4262,536,3939,556
4383,4193,4335,4433,4181,4183,4486,4434
4181,4335,4334,4194,4192,4162,4203,4333
4193,4159,4162,4203,4334,4181,4510,4335
4216,4239,4179,4270,4196,4322,3946,4190
4216,4114,3946,4405,3943,4195,4217,4166
4229,3799,4006,4236,3800,3640,4073,4237
4199,4175,3955,4207,4208,4235,3932,3976
4175,4174,4235,4136,4198,4173,4207,3976
4147,4285,4397,4402,4168,4558,4242,4167
4296,4083,4298,4202,4085,4297,4030,4321
4321,4296,4294,4256,4030,4201,4473,3897
4334,4640,4510,4194,4413,4193,4607,4333
4350,4259,4261,4205,4163,4470,4051,4351
4350,4163,4204,4159,4351,4510,4259,4498
4207,4383,4182,4272,4233,4183,4235,-1
4235,4208,4182,4206,4198,4199,3933,4233
4207,3933,3874,3932,4182,4198,3758,4235
3918,3433,3330,3559,3582,3919,3191,3374
4213,4212,4243,4355,4312,4099,4093,4094
4214,4371,4212,4244,4367,4099,4356,4102
4244,4243,4211,4210,4359,4099,4648,4371
4210,4094,4093,4312,4099,3987,4080,4096
4102,4211,4367,4369,4099,4096,4100,4371
4217,4387,4386,4165,4114,4166,4164,4405
4322,4405,4196,4385,4195,4270,4114,4364
4405,4387,4215,4114,4388,4386,4385,4166
4239,722,4268,721,4269,4132,4190,719
4185,4104,4318,4311,4186,4077,4309,4103
4301,4300,4021,4221,4113,4262,4299,4337
4337,3858,3939,4220,4021,4262,3940,4191
4027,4352,3974,4086,4154,4263,3975,-1
3723,3731,3625,3741,4225,4054,3612,3624
3731,4242,3967,4251,4558,4157,3624,4054
3625,3624,3731,3540,4223,3539,3614,3723
3039,3163,2944,3136,3162,2942,3361,3190
4229,4231,4122,4073,4228,4237,4232,4236
431,4230,429,4274,433,4227,4122,4231
4073,4237,4227,4236,4197,4006,4231,3800
431,433,429,4228,434,427,4122,4274
4232,4237,4280,4227,4478,4228,4274,4229
4274,4231,4398,4478,4613,4228,427,425
4271,4235,4273,4272,4206,4174,4207,-1
4354,4173,4174,4353,4271,4346,4507,4136
4207,4199,4233,4174,4206,4198,4175,4208
4237,4360,3800,4229,4197,4279,4280,3799
4280,4236,4229,4231,4227,4279,4360,4478
4124,4082,4017,4019,446,443,4074,448
4270,4218,4269,4190,4195,4268,4322,4132
4069,4295,4068,4241,4260,3915,4313,4499
4265,4240,4068,4499,4295,4266,4087,4153
4558,4054,4053,4147,4224,3731,4200,3804
4648,4212,4210,4355,4341,4359,4286,4244
4372,4356,4371,4212,4359,4211,4358,349
4246,4248,4254,4252,4253,4152,4302,-1
4302,4292,4245,4152,4247,4252,4327,4248
4154,4152,4246,4292,4291,4088,4352,4302
4265,4245,4153,4152,4266,4254,4246,-1
4300,4276,4113,4112,4250,4315,4275,4301
4275,4178,4249,4276,4277,4278,4112,4551
4089,4558,4157,4402,4158,4224,4242,-1
4302,4327,4326,4253,4245,4246,4328,4329
4331,4254,4326,4252,4245,4382,4330,-1
4381,4253,4245,4248,4266,4382,4557,-1
4303,4304,4258,4317,4071,4316,4170,4039
4321,4079,4294,4257,3897,4202,3896,4030
4101,4079,4256,4294,4656,4092,4100,4096
4255,4304,4505,4040,4403,4039,4317,4303
4204,4051,3995,4261,4163,3993,3699,4205
4313,4069,4176,4240,4126,4295,3696,3916
4313,4204,4259,3993,4126,4470,4350,4295
4299,4191,4337,4301,551,556,4220,4221
4352,4027,4361,4141,4763,4222,4028,4291
3882,3914,3820,3880,3890,4156,3819,3726
4153,4241,4248,4266,4087,4152,4068,4499
4557,4265,4248,4499,4381,4254,4241,4153
106,104,112,98,111,4349,93,116
4269,721,724,4324,4218,726,722,4239
4268,4270,4239,4324,4218,4323,724,721
4322,4239,4269,4323,4195,4216,4218,4268
4234,4346,4233,4273,4174,4345,4354,-1
4383,4273,4493,4486,4206,4233,-1,-1
4272,4271,4345,4494,4233,4493,-1,-1
427,4232,429,425,4398,4228,423,431
4551,4590,4278,4276,4250,4431,4249,4277
4551,4249,4275,4315,4432,4250,4300,4431
4278,4468,4178,4177,4250,4469,4275,-1
4275,4277,4590,4469,4621,4250,4551,-1
4280,4360,4076,4237,4236,4401,4078,4478
4478,4237,4279,4231,4401,4232,4236,4076
4282,4151,4289,4714,3815,4287,4286,3887
4281,4286,4714,4288,4287,4289,4355,4151
4140,4139,4526,4167,4284,4349,114,112
4480,4285,4283,4167,4481,4397,4526,4139
4167,4397,4168,4200,4284,4481,4147,4283
4282,4355,4341,4288,4287,4281,4342,4243
4289,4342,4286,4282,4061,4281,4341,4137
4282,4286,4623,3816,4312,4714,4355,3987
4151,4061,4281,4287,4149,4150,4282,4137
521,518,4133,4188,4106,516,3878,514
4352,4292,4458,4361,4247,4396,4154,4263
4302,4458,4246,4291,4247,4329,4327,4396
3117,3010,3005,3006,2893,692,694,689
4256,4656,4257,4473,4202,4321,4079,4296
4240,4313,4499,4470,4260,4241,4069,4498
4472,4202,4297,4201,4473,4294,4298,4522
4298,4296,4472,4522,4521,4201,4310,-1
4310,4297,4085,4201,4521,4296,4568,-1
559,4301,556,561,4262,551,562,4220
4301,4249,4113,4220,4315,4299,4276,561
4299,4300,561,4220,4262,559,4315,556
4327,4292,4246,4329,4252,4458,4245,4328
4255,4316,4170,4534,4071,4317,4304,4450
4255,4039,3900,4071,4258,4303,4040,3655
4075,3937,4077,3938,4319,4320,4318,4076
3938,3937,3615,4078,3796,4320,4305,3846
4653,4338,4340,4131,4000,4339,4130,4001
4810,4310,4311,4309,4145,4568,4347,-1
4318,4311,4810,4308,4348,4219,4185,4347
4298,4568,4308,4145,4085,4521,4810,4297
4185,4309,4308,4143,4145,4219,4735,4810
3987,4355,4213,4093,4288,4210,4623,4105
4261,4126,4260,4295,4470,4240,3993,4204
4164,3949,3981,4447,3950,4165,4425,3918
4300,4301,561,4432,4276,4414,4249,4299
4303,4450,4449,4448,4534,4317,4255,4170
4505,4255,4448,4316,4303,4258,4474,4565
4309,4319,4077,4348,4219,4305,4311,4384
4384,4318,4305,4075,4077,4348,4427,4309
3937,3797,4104,4077,3796,4305,3841,4306
4256,3897,4030,4202,4079,4294,3845,4201
4270,4216,4364,4385,4323,4195,4239,4269
4364,4270,4324,4269,4365,4322,4325,4268
726,4268,724,4269,4456,4365,4323,730
4362,4363,4365,4364,4375,4366,4323,4404
4330,4328,4331,4252,4253,4332,4327,4423
4302,4328,4329,4344,4252,4326,4343,4292
4327,4326,4344,4332,4523,4252,4330,4302
4327,4302,4458,4459,4343,4344,4292,4577
4326,4423,4564,4331,4332,4328,4422,4677
4330,4423,4408,4253,4326,4382,-1,-1
4330,4328,4677,4523,4614,4326,4564,4910
4434,4413,4334,4335,4435,4518,4520,4193
4203,4193,4335,4333,4194,4413,4434,4640
4434,4193,4334,4333,4433,4192,4181,4488
4471,3603,4034,3942,3616,3682,3985,3971
4191,3939,4221,4262,538,536,545,534
4001,4653,4307,4000,4468,4177,4512,3772
4653,4439,4340,4508,4512,4437,4307,4406
4406,4307,4130,4339,4131,4437,4653,4353
4648,4342,4286,4243,4355,4287,4515,4282
4137,4515,4341,4516,4287,4648,4061,4286
4577,4344,4536,4524,4459,4329,4327,4582
4343,4327,4523,4328,4524,4329,4302,4536
4346,4494,4273,4438,4271,4502,-1,-1
4354,4507,4271,4234,4345,4438,4353,-1
4810,4436,4462,4568,4348,4454,4461,4308
4810,4454,4384,4347,4318,4309,4319,4436
4140,4485,4267,112,4283,4526,111,116
4204,4498,4351,4205,4470,4261,4163,4556
4350,4607,4205,4498,4556,4510,4204,4557
4263,4154,4291,4361,4222,4027,4247,4086
4173,4406,4354,4437,4234,4135,4136,4507
4507,4234,4353,4346,4437,4439,4173,4406
4286,4312,4243,4210,4341,4288,4282,4213
4358,4372,353,4357,4371,351,4244,355
357,355,4356,4407,359,4371,353,361
351,4356,353,4372,349,355,4357,4244
4648,4372,4244,4514,4243,347,4212,349
3800,4236,3846,4279,4078,3798,4237,3799
4352,4263,4396,4452,4763,4291,4458,4141
4404,4325,4366,4364,4376,4720,4375,4385
4608,4375,4466,4365,4325,4456,4593,4377
4362,4385,4322,4404,4323,4325,4270,4216
4456,4363,4325,4324,4608,4323,730,726
4375,4362,4376,4374,4373,4325,4363,4377
4370,4214,4407,4371,4369,4211,4368,4451
4451,4369,4479,4370,4629,4529,4367,366
4368,4100,4102,4214,4367,4629,4451,4370
4451,364,366,4407,4367,362,4368,368
4356,4407,4211,4244,4357,4367,4358,4372
349,4358,351,347,4356,4244,4359,353
4377,4788,4375,4374,4378,4366,4379,4466
4787,4376,4366,4373,4379,4657,4658,4720
4366,4363,4377,4466,4373,4325,4362,4608
4720,4362,4366,4374,4404,4657,4390,4787
4466,4378,4375,4467,4373,4593,4788,4363
4377,4788,4465,4467,4463,4373,720,4466
4658,4788,4373,4374,4464,4660,4787,4710
3607,3565,3609,3645,3608,3606,3885,3884
4557,4254,4556,4410,4382,4266,4498,-1
4331,4408,4381,4410,4409,4253,4254,-1
4183,4272,4486,4192,4206,4493,4433,4182
4319,4454,4455,4348,4427,4075,4318,4848
4405,4404,4216,4364,4322,4388,4217,4362
4164,4426,4387,4215,4425,4165,4389,4217
4217,4389,4386,4215,4388,4426,4405,4390
4217,4387,4720,4404,4390,4385,4405,4389
4387,4392,4390,4426,4386,4391,4388,4217
4720,4391,4389,4657,4388,4387,4392,4376
4390,4392,4445,4444,4446,4389,4657,4720
4426,4446,4389,4484,4391,4390,4412,4445
4394,4412,3989,4395,4148,4484,4411,3982
3988,3989,4411,4497,4393,4412,3913,3910
4148,4425,4484,4447,4393,4426,3989,4412
4458,4361,4452,4459,4457,4291,4292,4329
4481,4285,4200,4402,4091,4284,4416,4480
423,425,421,4613,4274,4232,4400,427
417,415,4442,4400,419,4443,413,421
4399,4537,421,419,4398,4613,417,4443
4076,4478,4280,4477,4279,4427,4075,4613
4089,4558,4200,4091,4397,4251,4285,4147
4505,4090,4504,4040,4258,4415,-1,-1
4362,4720,4385,4376,4364,4388,4390,4366
4217,4216,4385,4114,4196,4388,4215,4387
4340,4353,4135,4130,4437,4173,4354,4131
4370,4357,362,4371,361,4367,364,359
4421,4423,4409,4424,4331,4382,4422,4330
4421,4410,4408,4606,4641,4382,4424,4784
4409,4556,4606,4381,4607,4382,4557,4408
4394,4412,4430,4497,4428,4429,4393,3988
4393,4446,4411,4484,4429,4394,4392,4395
4333,4520,4639,4334,4203,4640,4518,-1
562,4550,561,563,566,4432,4315,559
4592,4417,4504,4542,4090,4575,4403,4480
4481,4090,4417,4091,4038,4397,4480,4040
4480,4416,4575,4481,4090,4415,4542,4284
4450,4490,4534,4419,4169,4535,4170,4316
4110,4490,4418,4492,4111,4491,4169,4064
3179,3299,3255,3441,3149,3300,3621,3244
4784,4424,4641,4409,4408,4423,4606,4562
4561,4424,4423,4564,4562,4681,4563,4408
4422,4330,4408,4424,4331,4564,4421,4561
4421,4422,4562,4423,4784,4408,4561,4642
4164,4395,4426,4447,4386,4314,4484,4165
4392,4386,4425,4484,4389,4387,4164,4395
4075,4384,4477,4455,4401,4076,4319,4305
4497,4430,4141,4453,4028,4411,4495,4394
4549,4412,4446,4430,4496,4445,4411,-1
4428,4495,4496,4453,4411,4429,4549,4141
4783,4551,4590,4553,4432,4589,4588,4275
4551,4315,4431,4550,4553,4414,4276,4783
4434,4486,4335,4488,4489,4192,4383,4193
4335,4488,4333,4433,4435,4334,4518,4517
4434,4518,4517,4488,4333,4611,4519,4672
4347,4454,4461,4848,4460,4462,4348,4810
4439,4406,4354,4353,4340,4339,4507,4508
4501,4346,4500,4345,4507,4503,4502,4354
4508,4437,4507,4503,4339,4354,4506,4340
4890,4849,4029,3986,3960,3703,4022,3895
3992,4119,3991,3934,4112,3935,4113,4015
413,411,415,4399,4443,4718,417,409
4442,4399,4475,4476,4537,4718,4400,4525
4679,4655,4657,4787,4391,4445,4658,4390
4549,4446,4391,4655,4444,4429,4392,4496
4392,4412,4445,4429,4484,4391,4426,4549
3950,4395,4148,4425,4314,3948,4164,3982
4565,4316,4449,4317,4559,4474,4737,4505
4450,4533,4316,4448,4559,4535,4565,172
4534,4449,4418,4316,4535,4490,4533,4303
366,4479,368,4368,4370,364,370,4529
4595,4396,4361,4763,4713,4457,4263,-1
4495,4141,4763,4428,4430,4713,4496,4263
4848,4384,4348,4436,4455,4347,4475,4810
4476,4384,4475,4454,4848,4427,4477,4537
730,4365,726,4608,733,4324,4363,724
4596,4577,4459,4396,4595,4452,4582,4868
4292,4396,4459,4329,4291,4302,4361,4457
4577,4458,4329,4343,4396,4457,4582,4292
4581,4580,4461,4436,4848,4525,4579,405
4896,4462,4460,4436,4579,4547,4581,4347
4461,4568,4547,4347,4436,4521,4896,4810
4538,4465,4788,4378,4464,4622,716,711
4788,4712,4622,4660,4463,4379,4378,4538
720,4378,4467,4463,729,716,4377,4788
4593,4377,4363,4375,4608,4467,736,735
4593,729,4377,4466,4465,735,4378,720
4653,4338,4177,4277,4512,4001,4469,4307
4511,4512,4278,4691,4277,4621,4468,-1
4350,4313,4498,4261,4295,4204,4499,4351
4336,3971,4034,3985,3616,3968,3603,3942
4522,4296,4297,4473,4548,4545,4652,4202
4294,4472,4652,4296,4656,4202,4548,-1
4565,4567,4505,4566,4448,4737,4504,4317
4476,4525,4848,4443,4455,4718,4537,4454
4537,4475,4455,4443,4477,4400,4613,4848
4537,4476,4401,4613,4427,4478,4455,4400
4280,4613,4232,4401,4231,4477,4398,4537
4451,4529,368,370,4368,366,375,4370
4575,4284,4417,4481,4526,4283,4527,4416
4397,4416,4480,4417,4284,4091,4285,4090
251,237,4598,4483,4591,259,229,224
4482,4063,4055,259,4591,4057,251,266
4395,4426,4412,4392,4393,4446,4425,4148
118,116,4349,4543,4527,111,4526,4267
4383,4433,4493,4489,4272,4192,-1,-1
3981,3489,3582,3949,3632,3980,3191,3918
4434,4672,4435,4433,4517,4489,4916,4335
4916,4433,4659,4486,4488,4672,4493,4671
4491,4418,4535,4569,4419,4450,4492,4560
4490,4492,4569,4571,4570,4419,4110,4418
4110,4063,4491,4419,4064,4571,4490,4591
4486,4659,4494,4272,4273,4489,4585,4383
4585,4493,4345,4273,4659,4502,4586,-1
4453,4496,4649,4430,4713,4428,4763,4667
4549,4495,4430,4649,4654,4429,4453,4445
4394,3988,4428,4028,4142,4411,3910,4141
4350,4557,4556,4351,4499,4470,4204,4205
4557,4295,4498,4241,4266,4470,4240,4265
4509,4503,4662,4501,4438,4506,4661,4507
4662,4500,4438,4502,4749,4587,4509,4799
4501,4587,4585,4494,4586,4345,4749,4438
4500,4507,4439,4506,4508,4438,4509,4437
4505,4592,4566,4403,4474,4415,4584,4567
4504,4317,4403,4258,4474,4255,4448,4566
4509,4511,4503,4508,4691,4500,4692,4439
4354,4439,4503,4346,4437,4438,4234,4353
4439,4511,4512,4506,4339,4503,4691,4437
4661,4500,4662,4692,4506,4799,4744,4503
4203,4205,4351,4640,4159,4607,4194,4350
4691,4508,4512,4506,4469,4339,4439,4779
4653,4511,4508,4469,4339,4468,4338,4307
3347,3304,3206,3533,3349,3413,3346,3204
4515,347,345,4648,343,4359,4516,349
4514,4516,4342,4648,4341,343,4137,341
339,4515,341,337,4137,4342,343,4514
4532,4435,4672,4611,4786,4488,4671,4434
4520,4519,4435,4333,4531,4611,4413,4434
4611,4531,4518,4530,4520,4435,4532,4540
4518,4639,4531,4604,4413,4519,4641,4333
4297,4568,4462,4547,4298,4522,4546,4310
4472,4546,4297,4545,4548,4521,4843,4296
4614,4344,4524,4328,4332,4576,4343,4327
4578,4523,4536,4343,4344,4576,4577,4614
4718,4475,4580,4848,4460,4443,409,407
4283,4527,4480,4485,4349,4575,4284,4140
4543,4544,4575,4526,4542,4485,118,121
378,376,381,375,4529,4651,4706,382
4479,4528,370,4706,4629,375,4368,368
4519,4609,4540,4531,4541,4611,4539,4532
4519,4604,4520,4530,4518,4541,4611,4642
4693,4611,4517,4786,4540,4519,4530,4695
172,178,4449,166,4535,4559,4560,175
4170,4450,4303,4418,4316,4169,4449,4043
4450,4490,4533,4418,4560,4569,4449,178
4578,4577,4582,4524,4343,4583,4683,4618
4476,4400,4613,4477,4443,4399,4475,4398
711,4808,4463,704,4622,716,4464,4465
4609,4603,4631,4541,4530,4630,4632,4602
4609,4693,4532,4530,4610,4612,4611,4519
4642,4530,4602,4539,4531,4603,4604,4519
4575,4895,4544,4592,4527,4415,4584,4543
118,119,4544,121,4527,4485,116,124
4543,124,4895,121,4527,4542,126,119
4843,4548,4742,4522,4546,4651,4741,4472
4547,4843,4522,4545,4705,4521,4896,4741
4896,4546,4462,4461,4705,4521,4579,4843
4545,4472,4652,4706,4473,4522,4651,4742
4496,4445,4655,4654,4429,4446,4649,4430
4552,4414,571,566,4553,4432,563,562
4431,4276,4275,4590,4432,4783,4589,4315
4554,571,4550,576,4553,566,4833,4628
4552,4783,4550,4554,4431,4628,4432,571
4552,4833,4628,4553,576,571,4550,4757
570,574,565,567,572,569,578,4638
4557,4498,4410,4607,4351,4381,4350,4499
4498,4556,4499,4381,4266,4351,4410,4254
4242,4402,4251,4200,4147,4224,4053,4089
4565,157,166,4737,149,4448,4449,4533
178,175,4569,184,4573,4533,4535,172
4422,4681,4563,4601,4562,4564,4424,4423
4424,4602,4422,4563,4642,4784,4561,4599
4599,4561,4562,4600,4602,4601,4422,4632
4330,4681,4422,4677,4423,4561,4332,4424
4737,4448,4559,4474,4567,144,149,157
4567,4584,4592,4504,4474,131,136,130
136,4566,140,4737,131,4474,144,4584
4810,4462,4310,4308,4347,4521,4298,-1
4560,4490,4570,4491,4535,4573,178,184
4569,4572,4573,4574,4571,4491,4597,4560
4591,4491,4570,4597,4492,4572,4063,4598
4597,4605,4574,4570,4571,214,220,209
184,4574,4736,4570,183,4560,4569,175
4736,4605,4573,4572,4570,193,199,189
4480,4542,4527,4417,4526,4415,4544,4592
4578,4524,4633,4614,4615,4683,4523,4910
4582,4459,4343,4536,4457,4596,4329,4524
4683,4536,4524,4576,4583,4616,4615,4343
4896,4581,401,4461,398,4705,403,4460
4719,407,405,4581,4525,4718,4460,409
403,4579,405,4580,401,4460,4719,407
4577,4618,4536,4596,4583,4457,4343,4459
4578,4616,4536,4617,4618,4683,4582,4577
130,128,4566,131,4592,4895,126,4567
4586,4659,4494,4502,4723,4587,4916,4493
4585,4587,4912,4760,4723,4502,4659,4844
4749,4912,4586,4844,4502,4585,4501,4760
4783,4645,4619,4589,4628,4431,4620,4553
4620,4590,4588,4783,4431,4619,4621,4551
4275,4551,4589,4431,4621,4278,4620,4783
4598,4482,4571,4063,4483,4597,229,237
4584,4566,4542,4504,4895,4415,128,130
4466,736,735,4467,4608,733,729,4377
3511,504,3776,503,3510,3997,3671,3266
4868,4452,4667,4596,4457,4713,4668,4853
4868,4668,4582,4457,4595,4618,4577,4853
4572,220,4598,224,4591,4571,229,214
229,224,237,4591,4482,4597,220,251
4632,4602,4563,4603,4600,4562,4636,4630
4624,4599,4632,4676,4563,4636,4601,4675
4626,4624,4681,4561,4627,4563,4625,4600
4599,4642,4603,4562,4563,4541,4784,4632
4539,4599,4632,4602,4630,4541,4642,4600
4531,4520,4642,4641,4784,4639,4541,4421
199,209,4574,193,214,4572,4736,211
4409,4640,4641,4639,4607,4410,4421,4556
4351,4640,4556,4606,4410,4510,4203,4498
733,4363,4593,4466,4456,736,4365,730
4539,4540,4631,4612,4530,4610,4541,-1
4693,4612,4694,4695,4682,4540,4609,4532
4519,4532,4517,4435,4530,4518,4540,4531
4610,4609,4631,4673,4540,4682,4693,4694
4478,4537,4398,4400,4232,4477,4476,4274
4910,4523,4677,4576,4332,4633,4634,4524
4717,4683,4689,4633,4685,4576,4578,4643
4683,4665,4685,4583,4617,4578,4666,4615
4663,4616,4666,4583,4618,4664,4665,4879
4582,4664,4668,4596,4583,4617,4663,4536
4778,4588,4645,4620,4589,4644,4729,4783
4779,4589,4644,4619,4621,4588,4590,4778
4779,4620,4590,4691,4278,4589,4469,4275
4808,4712,4538,4464,4886,4867,4463,704
3987,3816,3959,4105,4288,4312,3817,4714
4627,4600,4676,4675,4601,4699,4626,4636
4626,4681,4910,4634,4677,4678,4601,4680
4627,4625,4678,4680,4601,4634,4681,4624
4624,4626,4699,4680,4675,4601,4676,4698
4554,4645,4783,4588,4785,4833,4553,4552
4100,4652,4368,4529,4656,4706,4369,4479
4632,4631,4637,4636,4603,4539,4635,4599
4609,4637,4612,4630,4539,4673,4702,4603
4599,4636,4603,4630,4600,4676,4602,4563
4634,4910,4717,4615,4576,4614,4643,4678
4678,4910,4633,4625,4643,4626,4614,4717
4636,4674,4637,4859,4715,4630,4676,4702
4676,4632,4635,4630,4600,4715,4624,4675
4702,4631,4635,4674,4630,4673,4700,4701
575,574,578,4745,572,4555,4757,582
4520,4641,4606,4413,4640,4604,4518,4531
4203,4607,4606,4639,4413,4510,4334,4351
4421,4639,4784,4606,4604,4409,4520,4642
4784,4602,4541,4604,4562,4424,4603,4531
4717,4756,4634,4678,4748,4633,4704,4615
4744,4620,4779,4778,4730,4619,4692,4661
4588,4729,4785,4628,4619,4783,4778,4766
4728,4778,4729,4730,4726,4732,4727,4619
3910,3827,3826,3911,3588,3913,3988,3669
4515,4359,4341,4243,4514,4342,347,4516
4495,4667,4654,4496,4713,4739,4549,4453
586,588,4725,4745,4758,582,4669,4792
4742,4706,4528,382,381,384,4545,4548
4706,4473,4656,4548,4629,4294,4472,4100
4338,4512,4307,4339,4468,4340,4001,4000
4549,4649,4655,4496,4739,4731,4495,-1
4549,4679,4654,4444,4445,4731,4710,4496
4294,4100,4652,4257,4101,4629,4473,4256
4720,4390,4787,4444,4376,4374,4391,4679
4710,4787,4660,4379,4679,4709,4374,4464
4585,4916,4493,4489,4494,4723,4586,4671
4658,4712,4710,4709,4711,4464,4379,4679
4744,4799,4509,4662,4743,4692,4500,4819
4799,4509,4501,4661,4500,4749,4819,4743
4664,4879,4666,4617,4696,4618,4697,4834
4663,4668,4618,4697,4696,4617,4879,4666
4616,4831,4687,4666,4685,4684,4617,4803
4831,4879,4663,4617,4665,4830,4803,4687
4868,4649,4853,4595,4713,4739,4495,4668
4868,4596,4664,4697,4618,4853,4582,4595
591,588,4725,593,4670,586,4650,4724
593,4724,591,598,4669,4738,4725,600
4761,4672,4916,4786,4723,4759,4517,4489
4671,4488,4916,4517,4786,4489,4761,4435
4702,4700,4612,4682,4637,4631,4708,4701
4702,4859,4701,4635,4637,4805,4700,4770
4676,4716,4699,4624,4627,4715,4746,4600
4675,4636,4624,4600,4715,4632,4716,4627
4910,4681,4564,4332,4614,4625,4330,4634
4634,4680,4626,4643,4748,4625,4910,4627
4710,4658,4655,4444,4787,4731,4709,4660
4698,4678,4626,4627,4699,4748,4746,4747
4561,4625,4564,4677,4601,4422,4626,4910
4694,4707,4708,4673,4610,4612,4754,4700
4578,4616,4615,4685,4583,4576,4536,4689
4688,4687,4685,4686,4689,4690,4665,4703
4689,4616,4683,4684,4615,4665,4688,4717
4690,4762,687,4687,685,4684,688,683
4831,4686,4762,4803,4684,4665,4897,4666
4703,4689,4690,4684,4704,4768,4686,4685
4688,4685,4717,4704,4615,4684,4683,4703
683,4686,4703,685,4688,681,4684,680
4511,4779,4506,4621,4692,4469,4508,4620
4779,4509,4744,4661,4691,4506,4644,4620
4532,4695,4610,4540,4786,4694,4611,4612
4610,4682,4755,4695,4754,4850,4707,4693
4693,4850,4694,4610,4786,4761,4755,4532
4879,4845,4663,4697,4834,4664,4906,4889
4668,4845,4853,4664,4790,4696,4663,4868
4747,4680,667,4746,4699,4748,669,666
4746,4675,4627,4698,4680,4716,4624,666
4708,4702,4701,4721,4673,4806,4674,4682
4806,4700,4702,4674,4805,4721,4807,4829
4700,4637,4674,4701,4673,4708,4631,4635
4768,4688,680,4690,681,678,4769,4704
4756,4688,4717,4689,4769,4703,4643,4768
4753,4896,4741,4843,4579,395,392,4547
4652,4651,4529,4528,4629,4548,4479,-1
4708,4750,4754,4722,4682,4751,4694,4700
4700,4707,4721,4682,4673,4722,4702,4750
4710,4711,4740,4731,4660,4658,4679,4789
4709,4658,4679,4660,4731,4711,4787,4740
4709,4789,4712,4867,4660,4740,4710,4907
4867,4622,4660,4464,4711,4886,4709,4789
4495,4763,4667,4595,4453,4452,4649,4868
3816,4282,4281,3815,4288,3762,4151,4286
4860,4676,4716,4859,4635,4636,4675,4888
4800,4675,4860,4746,4699,4715,666,664
4643,4615,4689,4704,4633,4756,4634,4688
409,4525,411,4442,407,4580,4443,4719
405,407,4580,403,409,4581,4718,401
4390,4376,4404,4657,4388,4362,4389,4374
4807,4700,4708,4858,4806,4701,4722,4707
4752,4750,4858,4751,4707,4721,4816,4708
4916,4671,4760,4586,4759,4585,4659,4761
4670,4725,4792,4771,593,4738,4669,591
4650,588,4724,4669,4792,4758,4670,586
4766,4791,4732,4646,4767,4729,4765,4728
4820,4733,4730,4804,4743,4728,4646,4744
4646,4733,4732,4727,4730,4726,4778,4734
4645,4646,4766,4778,4785,4619,4726,4588
4778,4727,4744,4646,4728,4644,4743,4733
4710,4709,4655,4679,4740,4654,4739,4658
4791,4734,4728,4733,4796,4726,4646,4765
4820,4734,4728,4732,4727,4795,4804,4796
4733,4796,4797,4732,4795,4820,4791,4728
4084,4143,4184,4010,4145,4035,4009,4311
189,183,4574,186,193,4573,4605,184
4565,144,140,4567,149,4559,4474,136
600,598,4670,4771,602,4724,4780,4793
4790,4654,4853,4649,4667,4731,4740,-1
4907,4709,4790,4731,4711,4789,4739,4710
4753,4843,388,386,4742,392,4705,384
384,386,4651,4741,4843,382,4545,388
4799,4744,4727,4804,4661,4819,4730,4820
4661,4644,4743,4730,4692,4509,4799,4779
582,4650,4638,586,578,4758,4757,574
666,4699,4698,4716,4800,667,664,4675
669,4777,667,4698,671,4748,673,4756
4747,4756,4698,4680,4643,4777,4678,669
4587,4799,4662,4501,4844,4819,4502,4912
4751,4707,4754,4776,4722,4857,4775,4708
4750,4775,4816,4722,4776,4774,4752,4773
4816,4858,4814,4722,4751,4815,4813,4773
392,4741,395,388,4705,398,4843,386
4707,4750,4857,4694,4755,4776,4682,4802
4694,4850,4802,4801,4857,4754,4695,-1
4777,4704,4748,4769,4643,4747,4717,673
4833,4745,4638,4758,575,576,4772,4650
4650,4725,4745,4772,4792,4757,586,588
4761,4760,4850,4801,4865,4723,4671,-1
4912,4759,4865,4586,4723,4861,4587,4844
4671,4850,4759,4786,4695,4723,4672,4801
688,4897,687,690,4803,4686,4687,691
4263,4141,4453,4361,4452,4713,4495,4027
606,602,4780,608,600,4781,4738,610
4791,4771,4767,4793,4817,4726,4732,4796
4767,4785,4729,4726,4772,4645,4792,4646
4766,4792,4765,4771,4772,4726,4791,4724
678,4703,677,680,4769,675,681,4704
4768,677,4777,675,4756,673,4703,678
4887,4805,4888,4859,4862,4829,4881,661
4724,4792,4765,4767,4738,4793,4670,4725
4758,4792,4785,4766,4833,4767,4757,4725
4921,4816,4775,4915,4813,4751,4842,4752
4869,4775,4918,4776,4915,4751,4917,4903
4774,4751,4773,4915,4816,4776,4918,4869
4774,4857,4750,4869,4751,4775,4754,4903
4747,4756,671,673,4769,669,4748,675
4619,4646,4730,4644,4729,4645,4728,4620
4620,4691,4692,4644,4621,4744,4589,4506
4764,606,602,4781,4793,4738,4811,608
608,610,4811,4780,4782,606,4812,4764
614,610,4821,4812,615,4781,608,4822
4588,4431,4553,4628,4589,4645,4551,4554
4642,4421,4424,4641,4604,4562,4602,4409
4645,4766,4772,4833,4628,4729,4588,4554
4532,4761,4671,4693,4517,4672,4695,4850
4658,4374,4679,4657,4444,4379,4710,4376
4378,4464,4379,4373,4463,4377,4465,4660
4711,4889,4907,4867,4908,4740,4709,4712
4907,4853,4697,4845,4740,4739,4889,-1
4765,4732,4796,4817,4726,4734,4793,4767
4725,4724,4758,4767,4771,4772,4650,4670
4780,4765,4771,4811,4738,4817,4791,4781
4818,4797,4796,4825,4824,4817,4734,4823
4734,4820,4863,4823,4797,4733,4864,4796
4734,4791,4817,4797,4732,4794,4733,4818
4734,4823,4794,4795,4796,4825,4733,4732
3901,4089,4038,3654,4091,4158,3566,4416
4819,4662,4661,4749,4743,4844,4509,4804
664,4716,4860,666,4746,662,4699,4888
4802,4850,4865,4904,4759,4755,4857,4761
4857,4904,4801,4755,4903,4865,4850,4776
4897,4831,4762,4832,4687,4830,691,690
4820,4819,4854,4727,4863,4743,4799,4733
4770,4829,4701,4806,4674,4859,4862,4887
4807,4701,4829,4809,4805,4721,4700,4815
4858,4806,4809,4815,4721,4829,4701,4752
704,4886,4622,4538,703,711,4902,4867
4807,4829,4826,4806,4815,4827,4858,4862
4347,4308,4309,4568,4348,4311,4462,4318
4781,4817,4812,4793,4780,4818,4782,608
4782,4818,4821,4840,4781,4811,610,614
4842,4814,4921,4773,4928,4926,4816,4752
4752,4813,4815,4858,4828,4816,4926,4807
4807,4828,4858,4809,4826,4814,4752,4806
4752,4773,4751,4813,4775,4814,4722,4858
4796,4811,4791,4793,4818,4765,4794,4732
4794,4812,4840,4811,4817,4824,4796,4821
4799,4844,4804,4854,4743,4749,4661,4662
4733,4804,4863,4727,4795,4734,4728,4854
4782,4905,4822,4840,4812,615,614,618
618,4905,620,4821,615,4851,622,4782
4825,4797,4864,4866,4795,4734,4863,4794
4825,4840,4838,4839,4794,4818,4837,4905
4823,4824,4866,4797,4794,4837,4838,4864
4809,4872,4815,4828,4856,4827,4883,4807
4871,4870,4829,4872,4809,4826,4862,4881
4855,4815,4826,4926,4814,4856,4927,4809
4862,4809,4806,4827,4805,4807,4770,4871
4835,4879,4803,4831,4832,4834,4836,4666
4666,4803,4687,4665,4830,4879,4762,4897
4897,4836,693,4803,695,691,4830,4835
4554,4757,4785,4628,4772,576,4552,4758
4835,4879,4906,4696,4846,4830,4847,4836
4847,4836,4834,4830,4846,4832,4879,4876
4847,4832,4835,695,697,4830,693,4876
4838,4866,4917,4880,4825,4824,4918,4878
4837,4852,4839,4824,4880,4894,4825,4840
4905,4838,4852,4840,4824,4851,4821,4822
4821,4905,4812,4839,4824,4818,4782,4822
4894,4929,4915,4921,4873,4893,4880,4852
4928,4929,4921,4813,4901,4773,4899,4926
4741,4545,4546,4742,4705,4753,386,388
4912,4819,4587,4861,4854,4749,4799,4760
4907,4889,4696,4697,4906,4790,4789,4834
4847,4876,4906,4835,4877,4834,4908,4889
4876,4836,4835,697,4846,698,695,4834
4475,4525,4454,4436,4460,4455,4476,4580
3844,4440,3895,4029,3705,3703,4890,3843
4801,4761,4695,4759,4755,4802,4694,4786
4874,4905,4822,622,4839,4852,4875,4873
4894,4838,4873,4839,4880,4851,4841,4905
4868,4790,4667,4697,4668,4739,4595,4596
4922,4819,4804,4863,4844,4861,4892,4820
4927,4828,4885,4856,4926,4898,4913,4919
4884,4855,4898,4826,4883,4872,4828,4885
4802,4776,4754,4755,4903,4750,4869,4801
4752,4807,4815,4722,4721,4814,4816,4809
4770,4674,4888,4635,4805,4715,4860,4887
4800,4888,4716,662,4715,664,661,4859
4892,4912,4844,4865,4854,4922,4760,4904
4829,4881,4770,4887,4871,4827,4805,658
4820,4795,4922,4854,4804,4864,4823,4733
4823,4922,4878,4866,4863,4891,4795,4892
4892,4801,4904,4760,4861,4759,4912,4802
4878,4823,4837,4825,4917,4864,4891,4797
4886,4712,4711,4789,4908,4622,4902,4808
4595,4668,4853,4596,4667,4697,4457,4713
4774,4903,4917,4918,4776,4878,4775,4857
4871,655,4872,657,4882,4827,4883,654
4870,4881,4882,657,4827,658,4862,655
4883,4870,4827,4826,4856,655,654,4884
4894,4875,4852,4893,4841,4851,4874,4880
625,4909,4875,627,622,4851,629,4873
4909,4873,4874,4893,4900,627,4851,625
698,4847,4877,700,4846,697,4835,4836
4902,700,4876,4908,701,4846,698,4886
4891,4917,4866,4864,4903,4869,4922,4823
4663,4834,4666,4696,4830,4835,4831,4664
4894,4918,4838,4852,4915,4841,4837,4873
658,4871,660,4887,4862,4882,657,4870
657,658,4871,4870,4881,655,660,4827
4872,654,4884,652,4856,655,4870,4898
4898,652,4883,4856,650,4885,654,648
4898,4913,4927,4855,648,647,650,4884
4902,4808,4867,4622,703,4908,704,701
4770,661,660,4881,4862,4888,658,662
4860,4770,4887,661,4859,662,4715,4800
4906,4907,4789,4845,4908,4846,4867,4740
4440,4022,3960,3791,3703,3986,4849,3793
4878,4892,4922,4904,4864,4903,4917,4866
4904,4891,4922,4861,4865,4854,4801,4878
4929,4875,4901,4873,4900,4841,4909,4894
4880,4841,4873,4852,4915,4838,4893,4929
126,128,4544,4584,4542,124,4592,130
4579,4547,4705,4461,4546,4462,4581,4753
691,690,693,4832,4803,4762,688,687
4885,4884,650,648,4856,652,647,4913
4901,4914,4911,4920,4919,4928,4900,634
4909,4911,4893,632,629,4901,4875,4899
4899,4929,4842,4893,4928,4900,4911,4921
4886,701,4877,703,4908,700,4808,4867
4869,4802,4904,4878,4891,4857,4917,4776
4892,4802,4865,4891,4801,4903,4857,4878
4822,4839,4821,4840,4851,618,620,4852
4889,4834,4846,4845,4696,4908,4835,4907
4889,4845,4740,4789,4790,4711,4906,4697
4889,4877,4902,4789,4867,4886,4846,4906
627,4875,629,4874,4900,625,632,4893
4634,4614,4677,4625,4633,4678,4681,4332
634,4914,632,636,4899,4900,4920,629
4760,4587,4844,4586,4861,4865,4749,4723
645,4923,4885,643,647,4927,648,642
4920,636,4911,638,4899,634,4925,640
4841,4775,4773,4921,4918,4880,4774,4894
4671,4672,4659,4489,4723,4488,4585,4761
4878,4869,4918,4866,4837,4903,4774,4891
4774,4869,4880,4917,4915,4775,4837,4894
4920,4928,4927,4923,4899,4926,4925,4914
4925,4914,4919,4923,4899,638,640,636
4773,4929,4842,4915,4841,4813,4901,4816
4892,4854,4863,4891,4864,4861,4878,4904
4925,4913,642,4920,643,4927,4919,640
4031,4042,4111,4067,3990,4032,3970,4169
640,642,4920,4923,638,4914,643,636
4855,4928,4927,4828,4919,4813,4814,4842
4855,4919,4923,4913,4885,4926,4920,4898
4842,4919,4901,4926,4899,4813,4929,4920
4842,4921,4901,4893,4841,4928,4915,4813
