x,y,region,classification
0.0,0.3508755184345018,1,boundary
0.0022615906240460244,0.3500081468868542,1,boundary
0.0030002344884264964,0.3510400179449787,1,boundary
0.004523181248092049,0.3491407753392066,1,boundary
0.006000468976852993,0.3512045174554555,1,boundary
0.007691400058907704,0.3485906474036829,1,boundary
0.009000703465279489,0.35136901696593237,1,boundary
0.0101492122472421,0.332424651659953,1,boundary
0.01085961886972336,0.34804051946815917,1,boundary
0.010986948613839219,0.33493572498599966,1,boundary
0.011824684980436338,0.3374467983120464,1,boundary
0.012572530189963346,0.33056054986331845,1,boundary
0.012493790866175393,0.3399727722200569,1,boundary
0.013162896751914448,0.3424987461280674,1,boundary
0.013309932075850121,0.35174039057038664,1,boundary
0.013595367216226732,0.3449945688303514,1,boundary
0.014027837680539015,0.34749039153263545,1,boundary
0.014995848132684592,0.3286964480666839,1,boundary
0.017619160686420755,0.3521117641748409,1,boundary
0.018719829024548044,0.32720070880154617,1,boundary
0.02135885301334446,0.3528545113837495,1,boundary
0.022443809916411497,0.3257049695364085,1,boundary
0.025098545340268164,0.3535972585926581,1,boundary
0.02592884523733895,0.3240534226774531,1,boundary
0.028351055269746545,0.35409242339859714,1,boundary
0.029413880558266402,0.32240187581849766,1,boundary
0.03160356519922492,0.35458758820453623,1,boundary
0.033153572885190094,0.32091638140068046,1,boundary
0.0348560751287033,0.35508275301047526,1,boundary
0.03689326521211379,0.3194308869828633,1,boundary
0.03789859141282283,0.3557148469273922,1,boundary
0.039974329568101756,0.31882392884184974,1,boundary
0.040941107696942355,0.3563469408443091,1,boundary
0.04305539392408972,0.3182169707008361,1,boundary
0.043983623981061884,0.35697903476122606,1,boundary
0.04613645828007768,0.3176100125598225,1,boundary
0.04803830677602387,0.3582591355125764,1,boundary
0.049180722927281866,0.3169790586859885,1,boundary
0.05222498757448604,0.3163481048121545,1,boundary
0.052092989570985855,0.35953923626392675,1,boundary
0.05526925222169023,0.3157171509383205,1,boundary
0.05638544390140776,0.3584360533399659,1,boundary
0.05852176215116861,0.3152219861323814,1,boundary
0.06067789823182966,0.3573328704160051,1,boundary
0.061774272080646994,0.31472682132644236,1,boundary
0.06372749761745038,0.3592683489882629,1,boundary
0.06502678201012538,0.3142316565205033,1,boundary
0.06659800012429426,0.30055919726630886,1,boundary
0.06696937372874855,0.30304584861904693,1,boundary
0.06677709700307109,0.3612038275605207,1,boundary
0.06739175413201463,0.2660040947402574,1,boundary
0.06734074733320283,0.2980397304770958,1,boundary
0.06734074733320283,0.30553249997178494,1,boundary
0.06729231849764572,0.31236922151085056,1,boundary
0.0680834945421114,0.29552026368788276,1,boundary
0.06844930115918445,0.3080196432364914,1,boundary
0.06919761535547428,0.29303361233514463,1,boundary
0.06929186074177268,0.26412172331857997,1,boundary
0.06942574961266484,0.26840946382536185,1,boundary
0.06955785498516606,0.31050678650119784,1,boundary
0.07031173616883717,0.2905469609824065,1,boundary
0.07065412026779959,0.36259977353894945,1,boundary
0.07119196735153074,0.2622393518969026,1,boundary
0.07145974509331504,0.2708148329104663,1,boundary
0.07142585698220004,0.2880603096296684,1,boundary
0.07253997779556291,0.28557365827693026,1,boundary
0.07383496297269301,0.27319005078984426,1,boundary
0.07374950642611282,0.28309543738108667,1,boundary
0.07453114353252809,0.3639957195173782,1,boundary
0.07464954462553386,0.26056990065827845,1,boundary
0.07495903505666272,0.28061721648524307,1,boundary
0.07558460795436686,0.27809124257723267,1,boundary
0.07595444567827189,0.36641460453160457,1,boundary
0.07621018085207099,0.27556526866922226,1,boundary
0.07737774782401569,0.368833489545831,1,boundary
0.07810712189953697,0.25890044941965434,1,boundary
0.07838807610848256,0.37132931224811505,1,boundary
0.07940865949654713,0.2564303586503404,1,boundary
0.07939840439294944,0.3738251349503991,1,boundary
0.0807101970935573,0.2539602678810265,1,boundary
0.08108157069801158,0.2514079856553385,1,boundary
0.08145294430246589,0.24885570342965055,1,boundary
0.08212857315694624,0.24633030590634758,1,boundary
0.0828042020114266,0.2438049083830446,1,boundary
0.08270175438067445,0.3755951521140659,1,boundary
0.08381453029589339,0.24130908568076065,1,boundary
0.08482485858036017,0.23881326297847666,1,boundary
0.08617640926355477,0.2363475914819192,1,boundary
0.08600510436839945,0.37736516927773267,1,boundary
0.08752795994674939,0.2338819199853617,1,boundary
0.08956195542739957,0.2314765509002572,1,boundary
0.08970012849357285,0.37887979018242135,1,boundary
0.09036591080936884,0.2138456918724675,1,boundary
0.09073728441382313,0.2163979740981555,1,boundary
0.09110865801827742,0.21895025632384352,1,boundary
0.09142911277493965,0.21135454121176822,1,boundary
0.091851405227186,0.22146972311305663,1,boundary
0.09159595090804976,0.22907118181515274,1,boundary
0.09209505167207217,0.2265301858587112,1,boundary
0.09249231474051045,0.20886339055106895,1,boundary
0.09259415243609459,0.2239891899022697,1,boundary
0.0932859807972111,0.2063484230698171,1,boundary
0.09339515261874626,0.3803944110871101,1,boundary
0.09407964685391175,0.20383345558856525,1,boundary
0.0960974474357009,0.2049729423637256,1,boundary
0.09677791111188189,0.3795530148514114,1,boundary
0.09811524801749003,0.20611242913888592,1,boundary
0.10016066960501753,0.37871161861571273,1,boundary
0.10055393068915237,0.2051598813796909,1,boundary
0.10224986615190615,0.19406383559069404,1,boundary
0.1020782365223542,0.37642267809392177,1,boundary
0.10264998059971382,0.19661357820853703,1,boundary
0.10299261336081472,0.1915443688014811,1,boundary
0.1030500950475215,0.19916332082638,1,boundary
0.10302135420416811,0.20168532722343796,1,boundary
0.10299261336081472,0.2042073336204959,1,boundary
0.10373536056972331,0.18902490201226815,1,boundary
0.10399580343969086,0.3741337375721308,1,boundary
0.1049410389689518,0.18654634090101926,1,boundary
0.10614671736818028,0.18406777978977037,1,boundary
0.10794457816696856,0.37278457807603316,1,boundary
0.10818071284883043,0.18166241070466593,1,boundary
0.11021470832948058,0.1792570416195615,1,boundary
0.11190748141140297,0.17682152132873055,1,boundary
0.11189335289424625,0.37143541857993545,1,boundary
0.11360025449332536,0.1743860010378996,1,boundary
0.11513961241986567,0.3709361781161726,1,boundary
0.11653249609206282,0.1736820010658879,1,boundary
0.11838587194548508,0.3704369376524097,1,boundary
0.11946473769080028,0.17297800109387618,1,boundary
0.12163213147110451,0.36993769718864683,1,boundary
0.12239697928953773,0.17227400112186447,1,boundary
0.12420737806325924,0.16997559097335052,1,boundary
0.12455008025684566,0.3692243774004397,1,boundary
0.12601777683698073,0.1676771808248366,1,boundary
0.12713527326506263,0.16519082774927568,1,boundary
0.1274680290425868,0.3685110576122325,1,boundary
0.12825276969314456,0.16270447467371474,1,boundary
0.13038597782832798,0.36779773782402536,1,boundary
0.13085278140793677,0.16047583656337683,1,boundary
0.13264476714439244,0.3655389485079609,1,boundary
0.13345279312272898,0.15824719845303892,1,boundary
0.13490355646045687,0.3632801591918965,1,boundary
0.13662873403288736,0.1563941025290987,1,boundary
0.1365963295423792,0.36084463890106555,1,boundary
0.13828910262430152,0.3584091186102346,1,boundary
0.13980467494304574,0.15454100660515843,1,boundary
0.13998187570622395,0.35597359831940356,1,boundary
0.1416746487881464,0.35353807802857257,1,boundary
0.14272793280412877,0.15252314538458295,1,boundary
0.14275917931946652,0.3510488120096089,1,boundary
0.14384370985078665,0.3485595459906452,1,boundary
0.14537138316930767,0.3462505454337459,1,boundary
0.14565119066521182,0.15050528416400746,1,boundary
0.1468990564878287,0.34394154487684653,1,boundary
0.1482512023800039,0.1482766460536697,1,boundary
0.14981427738872252,0.34322644633554256,1,boundary
0.150851214094796,0.1460480079433319,1,boundary
0.15272949828961635,0.34251134779423853,1,boundary
0.1532264319741738,0.14367279006395411,1,boundary
0.15560164985355157,0.1412975721845763,1,boundary
0.15564471919051018,0.34179624925293456,1,boundary
0.1582016615683436,0.13906893407423854,1,boundary
0.1582447309053024,0.3395676111425966,1,boundary
0.16080167328313563,0.1368402959639008,1,boundary
0.16084474262009463,0.3373389730322587,1,boundary
0.16346389970058986,0.13868478134111903,1,boundary
0.1636695481703011,0.3352569146909608,1,boundary
0.1661261261180441,0.14052926671833726,1,boundary
0.16649435372050758,0.33317485634966293,1,boundary
0.167523827370677,0.14299086024311208,1,boundary
0.1689215286233099,0.14545245376788693,1,boundary
0.16955540999231322,0.33255485167490884,1,boundary
0.17061430170523206,0.14788797405871767,1,boundary
0.17230707478715426,0.15032349434954845,1,boundary
0.17261646626411886,0.33193484700015474,1,boundary
0.17399984786907643,0.15275901464037922,1,boundary
0.1756926209509986,0.15519453493120997,1,boundary
0.1756775225359245,0.33131484232540065,1,boundary
0.17738539403292086,0.1576300552220408,1,boundary
0.17907816711484312,0.16006557551287162,1,boundary
0.1796894141769321,0.33131484232540065,1,boundary
0.18042971779803754,0.1625312470094289,1,boundary
0.18178126848123197,0.1649969185059862,1,boundary
0.1834740415631541,0.1674324387968169,1,boundary
0.18370130581793973,0.33131484232540065,1,boundary
0.18516681464507626,0.16986795908764765,1,boundary
0.18685958772699846,0.17230347937847845,1,boundary
0.18771319745894732,0.33131484232540065,1,boundary
0.18855236080892065,0.17473899966930923,1,boundary
0.19024513389084288,0.17717451996014003,1,boundary
0.19093559991177478,0.3313344743004757,1,boundary
0.1919379069727651,0.17961004025097083,1,boundary
0.1936306800546872,0.18204556054180154,1,boundary
0.1941580023646022,0.3313541062755508,1,boundary
0.19532345313660932,0.18448108083263226,1,boundary
0.19669385461886119,0.18694508662868864,1,boundary
0.19738040481742966,0.3313737382506258,1,boundary
0.19806425610111306,0.189409092424745,1,boundary
0.19873195550062422,0.3338394097471833,1,boundary
0.20008350618381882,0.33630508124374076,1,boundary
0.2009785761243626,0.190600398550051,1,boundary
0.2007526120695579,0.33883105515175127,1,boundary
0.20142171795529704,0.34135702905976184,1,boundary
0.20234260225938508,0.34386075524043247,1,boundary
0.20326348656347312,0.3463644814211031,1,boundary
0.20389289614761213,0.19179170467535706,1,boundary
0.2040062337723817,0.3488839482103161,1,boundary
0.2047489809812903,0.35140341499952915,1,boundary
0.2065046901731049,0.35287171040054793,1,boundary
0.20739208320406113,0.1901493856411795,1,boundary
0.2082603993649195,0.3543400058015667,1,boundary
0.21089127026051013,0.18850706660700195,1,boundary
0.21123346217660205,0.3536626238369145,1,boundary
0.21421502463090983,0.18675035438870607,1,boundary
0.21420652498828457,0.3529852418722622,1,boundary
0.21717958779996713,0.35230785990761,1,boundary
0.21753877900130952,0.18499364217041023,1,boundary
0.22033185399147673,0.3517473298574146,1,boundary
0.221213398743808,0.1834657163203508,1,boundary
0.22348412018298633,0.3511867998072191,1,boundary
0.22488801848630646,0.1819377904702914,1,boundary
0.22663638637449593,0.3506262697570237,1,boundary
0.22707382868078996,0.17967255254910414,1,boundary
0.22963101247972773,0.1748550324022291,1,boundary
0.22925963887527345,0.1774073146279169,1,boundary
0.2296483284943469,0.3499742395552491,1,boundary
0.23000238608418203,0.16713255485221573,1,boundary
0.23000238608418203,0.16971765251437854,1,boundary
0.23000238608418203,0.1723027501765413,1,boundary
0.23137008685979715,0.164668310415432,1,boundary
0.2327377876354123,0.16220406597864828,1,boundary
0.23266027061419792,0.34932220935347447,1,boundary
0.2343410756954315,0.1597606385829063,1,boundary
0.23464343293149725,0.3192463233889996,1,boundary
0.2349225247390197,0.3217904513802222,1,boundary
0.23520161654654212,0.3243345793714448,1,boundary
0.2356722127340489,0.34867017915169984,1,boundary
0.2359443637554507,0.15731721118716427,1,boundary
0.2359443637554507,0.3268540461606577,1,boundary
0.23668711096435927,0.3293735129498707,1,boundary
0.23746823848170365,0.320027450906344,1,boundary
0.23742985817326784,0.3318929797390837,1,boundary
0.23829263809341786,0.15506632897601136,1,boundary
0.23817260538217644,0.3344124465282967,1,boundary
0.23840790347592983,0.3465802464184244,1,boundary
0.23924110150465677,0.33690312938496336,1,boundary
0.24029304403191004,0.3208085784236884,1,boundary
0.24030959762713713,0.33939381224163,1,boundary
0.24064091243138502,0.15281544676485842,1,boundary
0.24072659592247395,0.34194206296338947,1,boundary
0.2410896927293147,0.32332328235186214,1,boundary
0.24114359421781076,0.34449031368514893,1,boundary
0.24188634142671936,0.32583798628003596,1,boundary
0.2427691268995204,0.3283450789621565,1,boundary
0.24365191237232148,0.33085217164427705,1,boundary
0.24425462131733755,0.3333183816676325,1,boundary
0.24456468618858918,0.15219273226719124,1,boundary
0.24485733026235365,0.335784591690988,1,boundary
0.24560007747126225,0.33830405848020095,1,boundary
0.24634282468017085,0.34082352526941395,1,boundary
0.2484884599457933,0.15157001776952406,1,boundary
0.25022405261354874,0.34217865335751096,1,boundary
0.2522281522727165,0.15231276497843266,1,boundary
0.25410528054692666,0.343533781445608,1,boundary
0.2559678445996397,0.15305551218734126,1,boundary
0.25715487993254726,0.3454692600178657,1,boundary
0.25913800064291614,0.1511986441650698,1,boundary
0.2602044793181679,0.3474047385901235,1,boundary
0.2623081566861926,0.14934177614279837,1,boundary
0.26318252026961525,0.3493868777780279,1,boundary
0.2647969012783422,0.14704058484563223,1,boundary
0.2661605612210626,0.35136901696593237,1,boundary
0.2672856458704918,0.1447393935484661,1,boundary
0.2695065128762708,0.3531112551535035,1,boundary
0.2698856575852838,0.14251075543812844,1,boundary
0.2724856693000758,0.14028211732779078,1,boundary
0.27285246453147904,0.3548534933410746,1,boundary
0.2750856810148678,0.13805347921745303,1,boundary
0.27612685775251394,0.3566423921442923,1,boundary
0.2776856927296598,0.1358248411071153,1,boundary
0.27940125097354884,0.35843129094751003,1,boundary
0.28039940374644345,0.13367034211805384,1,boundary
0.28311311476322704,0.1315158431289924,1,boundary
0.282900438029998,0.35863966443865763,1,boundary
0.28530201017340706,0.34880444470921657,1,boundary
0.2852332606189752,0.35130026741150044,1,boundary
0.2851645110645433,0.3537960901137844,1,boundary
0.2857820680754952,0.3563220640217948,1,boundary
0.2860490148468561,0.1295062254354584,1,boundary
0.2863996250864471,0.35884803792980524,1,boundary
0.28834676077804966,0.34817380771030465,1,boundary
0.28898491493048506,0.1274966077419244,1,boundary
0.29139151138269226,0.34754317071139273,1,boundary
0.29270889582234827,0.12781235193176985,1,boundary
0.29443626198733486,0.3469125337124808,1,boundary
0.29643287671421154,0.1281280961216153,1,boundary
0.2986658608765833,0.34574648929481355,1,boundary
0.29936511831294893,0.12883209609362695,1,boundary
0.30229735991168627,0.12953609606563857,1,boundary
0.3028954597658318,0.34458044487714623,1,boundary
0.30522960151042366,0.13024009603765022,1,boundary
0.30582136532042703,0.34387231340444063,1,boundary
0.30820964298891845,0.13091292747106714,1,boundary
0.3087472708750222,0.343164181931735,1,boundary
0.3111896844674132,0.13158575890448407,1,boundary
0.3116731764296174,0.3424560504590294,1,boundary
0.314169725945908,0.132258590337901,1,boundary
0.3146158513181379,0.34426890321693276,1,boundary
0.3175585262066584,0.34608175597483615,1,boundary
0.31834528867993506,0.34859733347279503,1,boundary
0.31847895455647823,0.13337271115126387,1,boundary
0.31913205115321175,0.3511129109707539,1,boundary
0.3198747983621203,0.3536323777599669,1,boundary
0.3206175455710289,0.3561518445491799,1,boundary
0.32184854603328694,0.3585882876154619,1,boundary
0.32278818316704855,0.13448683196462674,1,boundary
0.32307954649554504,0.3610247306817439,1,boundary
0.32588190996799526,0.13438329534288304,1,boundary
0.3255622820778299,0.3623074319792745,1,boundary
0.3280450176601147,0.36359013327680506,1,boundary
0.328975636768942,0.13427975872113931,1,boundary
0.3287877648690233,0.3661096000660181,1,boundary
0.3295305120779319,0.3686290668552311,1,boundary
0.33064463289129475,0.3711157182079691,1,boundary
0.3320693635698887,0.13417622209939561,1,boundary
0.3317587537046576,0.37360236956070714,1,boundary
0.3330877642506236,0.37607003275627726,1,boundary
0.33441677479658954,0.37853769595184744,1,boundary
0.3355685506263377,0.13253390306521806,1,boundary
0.3356873794818036,0.38101052002527835,1,boundary
0.33695798416701767,0.3834833440987092,1,boundary
0.3383904808481927,0.38594186301839317,1,boundary
0.33906773768278675,0.13089158403104048,1,boundary
0.3398229775293677,0.3884003819380771,1,boundary
0.3406717202115606,0.13782899372678478,1,boundary
0.3410430938160149,0.14038127595247268,1,boundary
0.34141446742046916,0.14293355817816056,1,boundary
0.34185275188800257,0.13534825477371804,1,boundary
0.34173284328828135,0.39069000295215917,1,boundary
0.3430337835644446,0.13286751582065132,1,boundary
0.34364270904719496,0.3929796239662413,1,boundary
0.34518101666836587,0.14353805192929942,1,boundary
0.34556797712295445,0.39526788399574087,1,boundary
0.34749324519871394,0.3975561440252405,1,boundary
0.3489475659162626,0.1441425456804383,1,boundary
0.35043599620763183,0.39825329119849034,1,boundary
0.35241478494267386,0.14247938147294464,1,boundary
0.35337874721654966,0.39895043837174016,1,boundary
0.35588200396908515,0.140816217265451,1,boundary
0.35632149822546755,0.39964758554499,1,boundary
0.3593246333128735,0.13913701903285602,1,boundary
0.3594916542687441,0.3977907175227186,1,boundary
0.36276726265666187,0.13745782080026103,1,boundary
0.36266181031202066,0.3959338495004472,1,boundary
0.365233866525987,0.39798836902656054,1,boundary
0.3670764912672322,0.13782919440471533,1,boundary
0.3678059227399533,0.40004288855267384,1,boundary
0.3689601925731363,0.40244485228001203,1,boundary
0.37011446240631934,0.4048468160073502,1,boundary
0.3713857198778025,0.13820056800916963,1,boundary
0.37324491407863797,0.4029640582291867,1,boundary
0.37463822980728073,0.1386957328151087,1,boundary
0.3757511852242492,0.39090496523207235,1,boundary
0.3763235862391725,0.3814237375509112,1,boundary
0.3767006368474258,0.3838452596639744,1,boundary
0.37641443633996413,0.38858587350455503,1,boundary
0.3763753657509566,0.40108130045102314,1,boundary
0.37707768745567904,0.3862667817770377,1,boundary
0.3778907397367589,0.13919089762104775,1,boundary
0.37774151282123114,0.37909064764562617,1,boundary
0.3782929326682931,0.3987923599292323,1,boundary
0.3791594394032897,0.3767575577403412,1,boundary
0.37899117068940624,0.39120836961747296,1,boundary
0.3802104995856297,0.39650341940744144,1,boundary
0.38114324966623714,0.1396860624269868,1,boundary
0.3812208278700965,0.3940075967051575,1,boundary
0.3822311561545632,0.3915117740028736,1,boundary
0.38254126867285565,0.37634671730640956,1,boundary
0.3836252809293159,0.14160693656796355,1,boundary
0.38592309794242163,0.375935876872478,1,boundary
0.38610731219239464,0.1435278107089403,1,boundary
0.38715742688705224,0.1460201177913725,1,boundary
0.3882075415817098,0.1485124248738047,1,boundary
0.3895193058547133,0.15098161199021362,1,boundary
0.38930492721198756,0.37552503643854634,1,boundary
0.3908310701277168,0.15345079910662254,1,boundary
0.3923545265976082,0.37358955786628856,1,boundary
0.39308985944378105,0.15525320612472848,1,boundary
0.39534864875984527,0.1570556131428344,1,boundary
0.3954041259832289,0.37165407929403077,1,boundary
0.3969773256331376,0.1547411456240388,1,boundary
0.3986060025064299,0.15242667810524316,1,boundary
0.3993487497153385,0.14990721131603024,1,boundary
0.3991281068750923,0.37015834002889303,1,boundary
0.4000914969242471,0.14738774452681733,1,boundary
0.40083424413315566,0.14486827773760444,1,boundary
0.4015769913420642,0.14234881094839155,1,boundary
0.40278691967527325,0.1399033158743263,1,boundary
0.40285208776695575,0.36866260076375534,1,boundary
0.40399684800848235,0.13745782080026103,1,boundary
0.40635127482340494,0.3670202817295777,1,boundary
0.4072132485784794,0.13563110712823492,1,boundary
0.4098504618798541,0.36537796269539996,1,boundary
0.4104296491484765,0.13380439345620881,1,boundary
0.41268843846454073,0.1315456041401446,1,boundary
0.4126752674300605,0.3632959043541021,1,boundary
0.414947227780605,0.12928681482408036,1,boundary
0.4155000729802669,0.36121384601280426,1,boundary
0.41698122326125503,0.12688144573897606,1,boundary
0.4178228722725228,0.3590874292295756,1,boundary
0.41901521874190506,0.12447607665387174,1,boundary
0.4201456715647787,0.3569610124463469,1,boundary
0.42051704516923305,0.35440873022065894,1,boundary
0.4208884187736873,0.35185644799497096,1,boundary
0.4216152304566971,0.12224743854353398,1,boundary
0.4216311659825959,0.3494636976680429,1,boundary
0.4223739131915045,0.3470709473411149,1,boundary
0.4242152421714891,0.12001880043319622,1,boundary
0.42624991177407867,0.34678262946037486,1,boundary
0.4270400477216954,0.11793674209189853,1,boundary
0.4298648532719017,0.11585468375060083,1,boundary
0.4301259103566529,0.34649431157963484,1,boundary
0.43206136090297176,0.11359039107982062,1,boundary
0.43277237411622466,0.09103910234943723,1,boundary
0.43326949880573173,0.08849793178245031,1,boundary
0.4329310164007396,0.09361018200992388,1,boundary
0.4330896586852546,0.09618126167041052,1,boundary
0.4333060102587102,0.34536873585659555,1,boundary
0.43376662349523876,0.0859567612154634,1,boundary
0.4337587645709935,0.09870723557842087,1,boundary
0.4344278704567324,0.1012332094864312,1,boundary
0.4342578685340418,0.11132609840904041,1,boundary
0.4350856167042957,0.10376018715852289,1,boundary
0.4350006157429504,0.1088066316198275,1,boundary
0.435743362951859,0.10628716483061458,1,boundary
0.43636663521003083,0.08372812310512566,1,boundary
0.43648611016076755,0.3442431601335562,1,boundary
0.4379716045785847,0.3417893242172932,1,boundary
0.43896664692482285,0.08149948499478792,1,boundary
0.43945709899640184,0.33933548830103016,1,boundary
0.441784603168922,0.3370827707896925,1,boundary
0.4424280878320362,0.01587143370745833,1,boundary
0.4428997983898936,0.08014013814563553,1,boundary
0.44333543792518193,0.013366511612393155,1,boundary
0.4442427880183277,0.010861589517327982,1,boundary
0.44422383910527924,0.018297854605507678,1,boundary
0.4441121073414421,0.3348300532783548,1,boundary
0.4460195903785223,0.020724275503557026,1,boundary
0.4468329498549643,0.07878079129648313,1,boundary
0.44796676891019105,0.00971554571530556,1,boundary
0.4480040281002171,0.333443821406332,1,boundary
0.44805358585917227,0.023129644588661284,1,boundary
0.44967337866737733,0.0808526622847259,1,boundary
0.45008758133982224,0.025535013673765546,1,boundary
0.4516907498020544,0.008569501913283137,1,boundary
0.4518959488589921,0.33205758953430925,1,boundary
0.45212157682047227,0.027940382758869856,1,boundary
0.45251380747979036,0.08292453327296867,1,boundary
0.4541555723011223,0.030345751843974162,1,boundary
0.454559514971161,0.010622895808451285,1,boundary
0.4545478029604404,0.085329902358073,1,boundary
0.4550661049022688,0.3339144575565807,1,boundary
0.45618956778177217,0.032751120929078316,1,boundary
0.4565817984410905,0.08773527144317735,1,boundary
0.45742828014026754,0.012676289703619432,1,boundary
0.45822356326242203,0.03515649001418247,1,boundary
0.4582362609455455,0.3357713255788522,1,boundary
0.45940660399129674,0.08981732978447501,1,boundary
0.46020912607157355,0.014787012491046733,1,boundary
0.4605987811417998,0.037531707893560265,1,boundary
0.4609967680547507,0.06257435313694674,1,boundary
0.4609967680547507,0.06515945079910951,1,boundary
0.4609967680547507,0.06774454846127229,1,boundary
0.46136814165920503,0.07029683068696008,1,boundary
0.4617395152636593,0.07284911291264787,1,boundary
0.4621703295927695,0.060219670567338866,1,boundary
0.462231409541503,0.09189938812577268,1,boundary
0.46234612681908405,0.3362726962710624,1,boundary
0.46298997200287956,0.016897735278474036,1,boundary
0.4629739990211776,0.039906925772938064,1,boundary
0.46275457510082796,0.07534451752391699,1,boundary
0.46334389113078833,0.05786498799773099,1,boundary
0.4637696349379966,0.07783992213518612,1,boundary
0.46458507763376117,0.08989983545037389,1,boundary
0.46500799450182756,0.042312294858042346,1,boundary
0.46512118562119104,0.08030559363174342,1,boundary
0.4664498532822666,0.016972475190721405,1,boundary
0.4666182843518231,0.05607608919451339,1,boundary
0.46647273630438546,0.08277126512830071,1,boundary
0.4667057410152024,0.08533577395163791,1,boundary
0.46645599269262267,0.3367740669632726,1,boundary
0.46704198998247753,0.044717663943146635,1,boundary
0.46693874572601934,0.08790028277497511,1,boundary
0.4678075433758172,0.3392397384598301,1,boundary
0.46842424014383655,0.006838086200217342,1,boundary
0.4691669873527451,0.009357552989430265,1,boundary
0.46907598546312756,0.04712303302825091,1,boundary
0.4691590940590118,0.34170540995638754,1,boundary
0.46995291020462066,0.004514781846591337,1,boundary
0.4699097345616537,0.011877019778643189,1,boundary
0.4699097345616537,0.014462117440805982,1,boundary
0.4699097345616537,0.017047215102968773,1,boundary
0.4698926775728579,0.05428719039129578,1,boundary
0.4705013292583178,0.051907796252325486,1,boundary
0.4711099809437776,0.04952840211335519,1,boundary
0.47148158026540476,0.002191477492965332,1,boundary
0.4725977511380678,0.34245210381216273,1,boundary
0.4747559734864396,0.001095738746482666,1,boundary
0.47603640821712384,0.343198797667938,1,boundary
0.4780303667074745,0.0,1,boundary
0.47928891814660224,0.3427036328619989,1,boundary
0.48096260830621196,0.0007039999720116796,1,boundary
0.4825414280760807,0.34220846805605987,1,boundary
0.48389484990494935,0.001407999944023359,1,boundary
0.4857939380055591,0.3417133032501208,1,boundary
0.4868270915036868,0.002111999916035039,1,boundary
0.48904644793503754,0.34121813844418175,1,boundary
0.48987009048310015,0.004051782369738637,1,boundary
0.49229895786451594,0.34072297363824267,1,boundary
0.49291308946251344,0.005991564823442235,1,boundary
0.494780861772438,0.008407901120797423,1,boundary
0.4955514677939944,0.34022780883230364,1,boundary
0.4966486340823626,0.01082423741815261,1,boundary
0.49851423074121737,0.013244486615286481,1,boundary
0.4987050823489601,0.33966815800018646,1,boundary
0.5003798274000721,0.015664735812420352,1,boundary
0.5018586969039258,0.33910850716806923,1,boundary
0.5027550452794498,0.018039953691798068,1,boundary
0.5050123114588915,0.33854885633595205,1,boundary
0.5051302631588276,0.020415171571175787,1,boundary
0.5077302748736197,0.022643809681513534,1,boundary
0.5089003468475843,0.3371600909574021,1,boundary
0.5103302865884116,0.02487244779185128,1,boundary
0.5127883822362771,0.3357713255788522,1,boundary
0.5133627030678954,0.025015962612922618,1,boundary
0.5157611167274044,0.33558889433441436,1,boundary
0.5163951195473792,0.02515947743399395,1,boundary
0.5187338512185319,0.3354064630899765,1,boundary
0.519427536026863,0.025302992255065288,1,boundary
0.5217065857096592,0.3352240318455387,1,boundary
0.5221020792559496,0.023122953396265637,1,boundary
0.5247766224850364,0.020942914537465985,1,boundary
0.5252388710774887,0.3354064630899765,1,boundary
0.5270530668796882,0.01855896880297262,1,boundary
0.5287711564453181,0.33558889433441436,1,boundary
0.5293295112743401,0.016175023068479257,1,boundary
0.5307798354422605,0.013718079427037542,1,boundary
0.5322301596101808,0.011261135785595825,1,boundary
0.5323034418131476,0.3357713255788522,1,boundary
0.5344889489262452,0.009002346469531563,1,boundary
0.5364761200638586,0.3369744858455153,1,boundary
0.5367477382423095,0.006743557153467301,1,boundary
0.5399108051550452,0.00488206657063759,1,boundary
0.5406487983145695,0.33817764611217843,1,boundary
0.543073872067781,0.0030205759878078795,1,boundary
0.5439555047177058,0.3399454746811496,1,boundary
0.5471339731033577,0.0017440082713223713,1,boundary
0.5472622111208421,0.3417133032501208,1,boundary
0.5511940741389343,0.00046744055483686304,1,boundary
0.5510019034477658,0.3431987976679379,1,boundary
0.5547415957746894,0.34468429208575513,1,boundary
0.5553676427016262,0.001252166879231141,1,boundary
0.5590508243852601,0.34579841289911795,1,boundary
0.5595412112643181,0.002036893203625419,1,boundary
0.5625908106499387,0.003972371775883046,1,boundary
0.5633600529958308,0.3469125337124808,1,boundary
0.5656404100355591,0.005907850348140672,1,boundary
0.5663197007081509,0.34721673386819935,1,boundary
0.5689148032565939,0.007696749151358328,1,boundary
0.5692793484204709,0.3475209340239178,1,boundary
0.5721891964776288,0.009485647954575984,1,boundary
0.572238996132791,0.34782513417963634,1,boundary
0.5754635896986635,0.011274546757793638,1,boundary
0.5761877708600687,0.3482616932085785,1,boundary
0.577608079853398,0.09199184031821524,1,boundary
0.5787379829196984,0.013063445561011293,1,boundary
0.5794649478756695,0.08969753630071228,1,boundary
0.5801365455873464,0.3486982522375207,1,boundary
0.5805790686890322,0.08229866783183354,1,boundary
0.5804644290743576,0.35125437735125764,1,boundary
0.5809504422934866,0.08485095005752144,1,boundary
0.5808684192950231,0.09355653510534358,1,boundary
0.5807923125613688,0.3538105024649946,1,boundary
0.5813218158979409,0.08740323228320933,1,boundary
0.5817875823053189,0.014998924133268997,1,boundary
0.5820205983728055,0.07984094708929365,1,boundary
0.5818026408458356,0.35630632516727856,1,boundary
0.5828129691303023,0.3588021478695625,1,boundary
0.5828809516389275,0.3613281217775729,1,boundary
0.5829489341475528,0.36385409568558336,1,boundary
0.5834621280565788,0.07738322634675378,1,boundary
0.5834764162014969,0.3663800695935938,1,boundary
0.584128758736648,0.09512122989247192,1,boundary
0.5840038982554411,0.36890604350160433,1,boundary
0.5848371816909395,0.0169344027055267,1,boundary
0.5859795459192245,0.09726136768103902,1,boundary
0.5859214651727778,0.37119498402339524,1,boundary
0.5876356966192706,0.07692339382860489,1,boundary
0.5878303331018009,0.09940150546960612,1,boundary
0.5878390320901143,0.3734839245451861,1,boundary
0.5881115749119742,0.01872330150874428,1,boundary
0.589775304962231,0.0972911941887199,1,boundary
0.5913859681330089,0.020512200311961857,1,boundary
0.5918092651819623,0.07646356131045601,1,boundary
0.5917202768226609,0.09518088290783368,1,boundary
0.5920126006528064,0.3746865042722437,1,boundary
0.5928788918156745,0.07397297834839442,1,boundary
0.5935771448449324,0.09314001181490068,1,boundary
0.5939485184493868,0.07148239538633282,1,boundary
0.5943198920538411,0.06893011316064493,1,boundary
0.5946603613540438,0.02230109911517951,1,boundary
0.5946912656582952,0.06637783093495704,1,boundary
0.5954340128672039,0.09109914072196769,1,boundary
0.5962447779770148,0.08858568415286591,1,boundary
0.5961861692154983,0.3758890839993013,1,boundary
0.5965481336805667,0.06408352691745409,1,boundary
0.5970555430868258,0.08607222758376412,1,boundary
0.5976131989270111,0.08095997735629044,1,boundary
0.5973343710069186,0.08351610247002728,1,boundary
0.5979347545750786,0.024089997918397166,1,boundary
0.5979298355694878,0.07846415465400663,1,boundary
0.5984050017028382,0.06178922289995112,1,boundary
0.5982464722119643,0.07596833195172281,1,boundary
0.5992568004964309,0.07347250924943897,1,boundary
0.5995191225162011,0.059494918882448185,1,boundary
0.6002671287808975,0.07097668654715514,1,boundary
0.6006332433295639,0.05720061486494525,1,boundary
0.6005026127253157,0.3755130058251541,1,boundary
0.6009843539606992,0.02602547649065487,1,boundary
0.6009797361400163,0.05464613411436159,1,boundary
0.6013262289504687,0.052091653363777926,1,boundary
0.6026777796336632,0.04962598186722064,1,boundary
0.603649887274033,0.06945079607629112,1,boundary
0.6040339533463198,0.027960955062912574,1,boundary
0.6040293303168577,0.04716031037066336,1,boundary
0.6048190562351331,0.37513692765100687,1,boundary
0.6053022756588451,0.044687693123115685,1,boundary
0.6065175364977984,0.030073164609936785,1,boundary
0.6065752210008325,0.04221507587556801,1,boundary
0.6070326457671685,0.0679249056054271,1,boundary
0.607664154626506,0.03972619892427472,1,boundary
0.6087530882521796,0.03723732197298143,1,boundary
0.608660801406272,0.06561039202916477,1,boundary
0.6090011196492768,0.032185374156960996,1,boundary
0.6088771039507281,0.03471134806497121,1,boundary
0.6090745436861138,0.37628609109241207,1,boundary
0.6102889570453756,0.06329587845290244,1,boundary
0.6124428966680499,0.061382621158881226,1,boundary
0.6133300311370945,0.3774352545338173,1,boundary
0.6145968362907241,0.05946936386486002,1,boundary
0.616553928339961,0.37925707992804647,1,boundary
0.6178493462202025,0.05897419905892098,1,boundary
0.6197778255428277,0.38107890532227556,1,boundary
0.6211018561496809,0.05847903425298194,1,boundary
0.6229479815861043,0.38145027892672984,1,boundary
0.6243543660791593,0.057983869447042896,1,boundary
0.626118137629381,0.3818216525311841,1,boundary
0.628092507427422,0.05649736369324562,1,boundary
0.629097676375514,0.38380281506241687,1,boundary
0.6318306487756845,0.05501085793944834,1,boundary
0.6320772151216469,0.3857839775936497,1,boundary
0.6346772268364391,0.3880126157039876,1,boundary
0.6355718920812685,0.05352637485761129,1,boundary
0.6372772385512313,0.39024125381432545,1,boundary
0.6393131353868526,0.052041891775774236,1,boundary
0.6396524564306092,0.39261647169370334,1,boundary
0.6420276743099871,0.39499168957308123,1,boundary
0.6429453361720956,0.052289474178743765,1,boundary
0.644402892189365,0.3973669074524591,1,boundary
0.6465775369573384,0.052537056581713294,1,boundary
0.6467781100687429,0.399742125331837,1,boundary
0.6491533279481208,0.4021173432112149,1,boundary
0.6502097377425814,0.05278463898468282,1,boundary
0.6515285458274988,0.4044925610905928,1,boundary
0.6535625413081488,0.4068979301756972,1,boundary
0.6543886316835074,0.05382803152951837,1,boundary
0.6555965367887989,0.08032861545828268,1,boundary
0.6555965367887989,0.4093032992608016,1,boundary
0.6559679103932532,0.07777633323259489,1,boundary
0.6559530549236399,0.08288221034785825,1,boundary
0.6563392839977075,0.0752240510069071,1,boundary
0.6563095730584809,0.08543580523743383,1,boundary
0.6563244285280943,0.08801959023570907,1,boundary
0.6563392839977075,0.09060337523398432,1,boundary
0.6570820312066161,0.07270458421769418,1,boundary
0.6578247784155247,0.07018511742848128,1,boundary
0.6585675256244333,0.05487142407435393,1,boundary
0.6585675256244332,0.0676656506392684,1,boundary
0.6586782442045425,0.09238021037866462,1,boundary
0.6588304231534892,0.05743329149866284,1,boundary
0.659093320682545,0.05999515892297175,1,boundary
0.6592017967579433,0.06257067138651362,1,boundary
0.6590957238452431,0.40766098022662894,1,boundary
0.6593102728333418,0.06514618385005551,1,boundary
0.6610172044113773,0.09415704552334493,1,boundary
0.6625949109016872,0.4060186611924563,1,boundary
0.6640032217089995,0.09348811070117583,1,boundary
0.6658268776143101,0.40574599134901035,1,boundary
0.6669892390066218,0.09281917587900673,1,boundary
0.6690588443269331,0.40547332150556437,1,boundary
0.6699752563042439,0.09215024105683763,1,boundary
0.672290811039556,0.40520065166211844,1,boundary
0.6732277662337222,0.09165507625089857,1,boundary
0.6757242010328661,0.4055778712498014,1,boundary
0.6764802761632003,0.09115991144495951,1,boundary
0.6791575910261763,0.4059550908374844,1,boundary
0.6797327860926785,0.09066474663902045,1,boundary
0.6825909810194865,0.4063323104251673,1,boundary
0.6831901590034474,0.09102632785078714,1,boundary
0.6856215244514222,0.405692409452934,1,boundary
0.6866475319142162,0.09138790906255384,1,boundary
0.6886520678833579,0.4050525084807007,1,boundary
0.6901049048249851,0.09174949027432053,1,boundary
0.6916826113152936,0.40441260750846736,1,boundary
0.6931525517731728,0.09237823867443194,1,boundary
0.6945074168654999,0.4023305491671697,1,boundary
0.6962001987213606,0.09300698707454334,1,boundary
0.6973322224157062,0.400248490825872,1,boundary
0.6992478456695483,0.09363573547465476,1,boundary
0.6993662178963564,0.3978431217407675,1,boundary
0.7014002133770065,0.3954377526556631,1,boundary
0.7027517640602012,0.39297208115910554,1,boundary
0.7034731000434788,0.0948046127905226,1,boundary
0.7041033147433958,0.390506409662548,1,boundary
0.7051136430278628,0.3880105869602638,1,boundary
0.7061239713123298,0.38551476425797965,1,boundary
0.7071342995967969,0.38301894155569544,1,boundary
0.7076983544174095,0.09597349010639045,1,boundary
0.7081446278812639,0.3805231188534112,1,boundary
0.7113015638623909,0.3799656338007908,1,boundary
0.7114223353092728,0.09746922937152805,1,boundary
0.714458499843518,0.3794081487481703,1,boundary
0.7151463162011362,0.09896496863666565,1,boundary
0.7177463279159282,0.1011936067470034,1,boundary
0.7176154358246449,0.37885066369554987,1,boundary
0.7203463396307203,0.10342224485734114,1,boundary
0.7210023751429234,0.37713515205132586,1,boundary
0.7229463513455123,0.1056508829676789,1,boundary
0.7243893144612019,0.37541964040710185,1,boundary
0.7255463630603043,0.10787952107801665,1,boundary
0.7272141200114082,0.37333758206580414,1,boundary
0.7275803585409544,0.11028489016312093,1,boundary
0.7296143540216043,0.11269025924822522,1,boundary
0.7300389255616145,0.3712555237245065,1,boundary
0.7310692124339986,0.3687614646095264,1,boundary
0.7319895719009821,0.11506547712760298,1,boundary
0.7320994993063827,0.36626740549454634,1,boundary
0.7337646040267263,0.3640174416925994,1,boundary
0.7343647897803599,0.11744069500698076,1,boundary
0.7354297087470698,0.3617674778906525,1,boundary
0.7381328910498195,0.11890766500117222,1,boundary
0.73878422418656,0.33688162715570685,1,boundary
0.73878422418656,0.33946672481787044,1,boundary
0.73878422418656,0.342051822480034,1,boundary
0.738776122186959,0.3618922939006986,1,boundary
0.7391555977910143,0.3446041047057225,1,boundary
0.7395269713954686,0.3215679338015759,1,boundary
0.7395269713954685,0.33436216036649347,1,boundary
0.7395269713954686,0.347156386931411,1,boundary
0.7402697186043771,0.316463369350199,1,boundary
0.7398983449999228,0.3190156515758874,1,boundary
0.7398983449999228,0.3241202160272644,1,boundary
0.7402697186043771,0.32667249825295286,1,boundary
0.7402697186043771,0.3292575959151165,1,boundary
0.7402697186043771,0.3318426935772801,1,boundary
0.7403081048718914,0.3496724618206401,1,boundary
0.741089238348314,0.3521885367098692,1,boundary
0.7419009923192792,0.12037463499536369,1,boundary
0.7417552130221943,0.3140095334339358,1,boundary
0.7417935992897084,0.3547113953990669,1,boundary
0.7424979602311029,0.35723425408826454,1,boundary
0.742122535626848,0.36201710991074476,1,boundary
0.7432407074400115,0.31155569751767265,1,boundary
0.7439834546489201,0.3596880900045277,1,boundary
0.7454689490667372,0.36214192592079086,1,boundary
0.7458056466689604,0.12175256376240734,1,boundary
0.7459299745647101,0.3094616626854807,1,boundary
0.7486192416894089,0.30736762785328875,1,boundary
0.7497103010186418,0.123130492529451,1,boundary
0.7521536739469145,0.17188945148691065,1,boundary
0.7525250475513687,0.16933716926122216,1,boundary
0.7526034190005575,0.17443480862885205,1,boundary
0.7524964236107579,0.3059717853289903,1,boundary
0.752896421155823,0.16678488703553368,1,boundary
0.7530531640542006,0.17698016577079345,1,boundary
0.7532850313228074,0.12472355259804166,1,boundary
0.7540105419691858,0.16429823568279536,1,boundary
0.7551246627825488,0.16181158433005705,1,boundary
0.7556531757689927,0.1792088038811313,1,boundary
0.7562387835959117,0.1593249329773188,1,boundary
0.756373605532107,0.30457594280469175,1,boundary
0.756859761626973,0.12631661266663233,1,boundary
0.7573529044092745,0.1568382816245806,1,boundary
0.7582531874837848,0.18143744199146916,1,boundary
0.7586727407493311,0.1543698077748129,1,boundary
0.7596261154615843,0.30457594280469175,1,boundary
0.7599925770893877,0.15190133392504523,1,boundary
0.7607329931065341,0.12566094141385634,1,boundary
0.7613441277725821,0.14943566242848794,1,boundary
0.7619771683756484,0.18293318125660696,1,boundary
0.7626956784557766,0.1469699909319306,1,boundary
0.7628786253910615,0.30457594280469175,1,boundary
0.7637380274770684,0.14447699765651656,1,boundary
0.7646062245860951,0.12500527016108035,1,boundary
0.7647803764983603,0.1419840043811025,1,boundary
0.765701149267512,0.18442892052174473,1,boundary
0.7661311353205389,0.30457594280469175,1,boundary
0.7664411288434573,0.13954565466340196,1,boundary
0.7683302054779584,0.12350953089594281,1,boundary
0.7681018811885543,0.13710730494570142,1,boundary
0.7686649746439163,0.18412199626536083,1,boundary
0.7697946542704766,0.13467178465487062,1,boundary
0.7698958941930494,0.3031067933567263,1,boundary
0.7714874273523987,0.13223626436403982,1,boundary
0.7716288000203206,0.18381507200897693,1,boundary
0.7720541863698217,0.12201379163080528,1,boundary
0.7731802004343209,0.12980074407320902,1,boundary
0.7736606530655598,0.3016376439087609,1,boundary
0.7744739082274991,0.12219368500430795,1,boundary
0.7745926253967249,0.18350814775259303,1,boundary
0.7748729735162432,0.12736522378237822,1,boundary
0.7758833018007099,0.12486940108009442,1,boundary
0.7768936300851764,0.12237357837781063,1,boundary
0.7770288328817033,0.18136504628079236,1,boundary
0.777944815130543,0.30273541975227203,1,boundary
0.7794650403666817,0.17922194480899173,1,boundary
0.7808165910498764,0.17675627331243415,1,boundary
0.7821681417330711,0.1742906018158766,1,boundary
0.7822289771955264,0.3038331955957832,1,boundary
0.7835196924162658,0.17182493031931906,1,boundary
0.7848712430994605,0.16935925882276148,1,boundary
0.7852373523496792,0.3044875516843303,1,boundary
0.7883440880148831,0.16937760480304576,1,boundary
0.788245727503832,0.30514190777287736,1,boundary
0.7912541026579848,0.30579626386142444,1,boundary
0.7918169329303055,0.16939595078333,1,boundary
0.7952028773852624,0.30714542335752193,1,boundary
0.7961261615408752,0.1705100715966929,1,boundary
0.7991516521125399,0.30849458285361936,1,boundary
0.800435390151445,0.17162419241005578,1,boundary
0.802650839168989,0.3101369018877971,1,boundary
0.8047446187620156,0.17273831322341862,1,boundary
0.8061500262254382,0.31177922092197485,1,boundary
0.8085583056293338,0.3100344498856047,1,boundary
0.8090538473725862,0.17385243403678147,1,boundary
0.8109665850332295,0.3082896788492346,1,boundary
0.813363075983156,0.17496655485014437,1,boundary
0.8144246472739485,0.3081060382573356,1,boundary
0.8176723045937258,0.17608067566350727,1,boundary
0.8178827095146675,0.30792239766543666,1,boundary
0.8219815332042959,0.17719479647687014,1,boundary
0.8219040319277964,0.3088487854662442,1,boundary
0.8262907618148659,0.17830891729023304,1,boundary
0.8259253543409254,0.3097751732670518,1,boundary
0.8291778642704036,0.3092800084611127,1,boundary
0.8302811914345856,0.17963091516731933,1,boundary
0.8324303741998818,0.30878484365517367,1,boundary
0.8342716210543053,0.18095291304440564,1,boundary
0.83568288412936,0.3082896788492346,1,boundary
0.8384451896169971,0.18215549277146303,1,boundary
0.8393035025100897,0.3067265407028883,1,boundary
0.8426187581796888,0.18335807249852043,1,boundary
0.8429241208908195,0.30516340255654206,1,boundary
0.8457489264410258,0.3036870123103551,1,boundary
0.8468129095453405,0.18454723093891962,1,boundary
0.8485737319912322,0.3022106220641682,1,boundary
0.8510070609109921,0.1857363893793188,1,boundary
0.8518481252122672,0.303999520867386,1,boundary
0.8551225184333021,0.3057884196706039,1,boundary
0.8553162895215627,0.18685051019268167,1,boundary
0.8572648791860529,0.30793078042335464,1,boundary
0.8596255181321332,0.18796463100604457,1,boundary
0.8594072399388036,0.3100731411761054,1,boundary
0.8616660292548679,0.3123319304921696,1,boundary
0.8638676376794011,0.18912251116441542,1,boundary
0.8639248185709322,0.31459071980823383,1,boundary
0.8673703032428935,0.31626805618664,1,boundary
0.868109757226669,0.19028039132278624,1,boundary
0.8708157879148549,0.31794539256504617,1,boundary
0.8719165586168967,0.1917221263955954,1,boundary
0.8738754964792055,0.3189802421190543,1,boundary
0.8757233600071244,0.19316386146840459,1,boundary
0.876935205043556,0.3200150916730624,1,boundary
0.8795893142360378,0.19324619219779562,1,boundary
0.879570746672893,0.32198715735284555,1,boundary
0.8814478926378222,0.16265502156233805,1,boundary
0.8817911640718692,0.1652048206148103,1,boundary
0.8821344355059161,0.16775461966728253,1,boundary
0.88220628830223,0.3239592230326287,1,boundary
0.8825058091103704,0.17030690189297104,1,boundary
0.8828771827148246,0.17285918411865955,1,boundary
0.8832066616304856,0.1604548821060197,1,boundary
0.8832485563192789,0.17541146634434804,1,boundary
0.8836199299237333,0.17796374857003652,1,boundary
0.8834552684649513,0.19332852292718666,1,boundary
0.8839913035281876,0.180516030795725,1,boundary
0.8839089727987965,0.19078351563646367,1,boundary
0.8843626771326418,0.1830683130214135,1,boundary
0.8843626771326418,0.1856534106835771,1,boundary
0.8843626771326418,0.18823850834574068,1,boundary
0.8849654306231489,0.15825474264970132,1,boundary
0.8852558876878505,0.3258947016048863,1,boundary
0.8880573993701293,0.16016259372411806,1,boundary
0.888305487073471,0.327830180177144,1,boundary
0.8911493681171098,0.16207044479853483,1,boundary
0.891130292623677,0.32991223851844154,1,boundary
0.8935245859964875,0.1644456626779126,1,boundary
0.8939550981738832,0.3319942968597391,1,boundary
0.8958998038758653,0.1668208805572904,1,boundary
0.8967817388938379,0.33388281121929564,1,boundary
0.8984998155906573,0.16904951866762807,1,boundary
0.8996083796137928,0.3357713255788522,1,boundary
0.9010998273054492,0.1712781567779657,1,boundary
0.9025397152663517,0.3377839195695378,1,boundary
0.9045741805701104,0.1729366690118279,1,boundary
0.9054710509189106,0.33979651356022345,1,boundary
0.9068008193683135,0.34226410978568134,1,boundary
0.9077592142132622,0.34728398823682766,1,boundary
0.907387840608808,0.3498362704625161,1,boundary
0.9080485338347717,0.17459518124569007,1,boundary
0.9081305878177164,0.3447317060111392,1,boundary
0.908376461009624,0.3523340113239489,1,boundary
0.90936508141044,0.3548317521853817,1,boundary
0.9102333290318954,0.3573401294659006,1,boundary
0.9112970564085868,0.17509294605919215,1,boundary
0.9111015766533508,0.3598485067464195,1,boundary
0.9122539856008294,0.36233177487046897,1,boundary
0.9134063945483081,0.36481504299451845,1,boundary
0.914545578982402,0.1755907108726942,1,boundary
0.915596348040918,0.3672066312665202,1,boundary
0.9177941015562171,0.1760884756861963,1,boundary
0.917786301533528,0.36959821953852195,1,boundary
0.9200055614009459,0.3719872182310024,1,boundary
0.9219676701189088,0.17580556099543654,1,boundary
0.9222248212683639,0.37437621692348283,1,boundary
0.9248248329831559,0.37660485503382046,1,boundary
0.9261412386816005,0.17552264630467676,1,boundary
0.9274248446979478,0.3788334931441581,1,boundary
0.9294530358062509,0.17728715540190915,1,boundary
0.9294223327425456,0.3810703200465797,1,boundary
0.9314198207871434,0.3833071469490013,1,boundary
0.9327648329309015,0.17905166449914156,1,boundary
0.9348390867163314,0.3820305907669139,1,boundary
0.9365045252578259,0.18053715891695876,1,boundary
0.9382583526455194,0.3807540345848266,1,boundary
0.9402442175847504,0.18202265333477594,1,boundary
0.9405171419615838,0.3830128239008911,1,boundary
0.9427759312776481,0.3852716132169555,1,boundary
0.9436902893025237,0.18369960692226028,1,boundary
0.9451360605837597,0.38551379552389076,1,boundary
0.9471363610202971,0.18537656050974463,1,boundary
0.9474961898898712,0.385755977830826,1,boundary
0.9499948616146161,0.38351838508298597,1,boundary
0.9506355480767466,0.1870188795439226,1,boundary
0.9524935333393609,0.3812807923351459,1,boundary
0.9541347351331959,0.18866119857810054,1,boundary
0.9560784193234969,0.3796943544108936,1,boundary
0.9578390170560986,0.190169782814344,1,boundary
0.9596633053076329,0.37810791648664127,1,boundary
0.9615432989790014,0.19167836705058747,1,boundary
0.9621213405012008,0.37706803750521267,1,boundary
0.9647528397931141,0.26949335988764284,1,boundary
0.9645793756947686,0.376028158523784,1,boundary
0.9650621850044117,0.1933078411136599,1,boundary
0.9649507492992229,0.37347587629809553,1,boundary
0.9654732754159223,0.2718727540266137,1,boundary
0.9656934965081314,0.36837131184671856,1,boundary
0.9653221229036771,0.37092359407240705,1,boundary
0.9661043904763088,0.26702768839108526,1,boundary
0.9661937110387304,0.2742521481655845,1,boundary
0.9660648701125858,0.36581902962103,1,boundary
0.9667973765765455,0.363421880151387,1,boundary
0.9674559411595035,0.2645620168945277,1,boundary
0.9672434113890209,0.2764254280629302,1,boundary
0.9675298830405052,0.3610247306817439,1,boundary
0.9682931117393114,0.27859870796027586,1,boundary
0.9685810710298219,0.19493731517673232,1,boundary
0.9688074918426983,0.2620963453979701,1,boundary
0.96903585894822,0.2811181747494892,1,boundary
0.970159042525893,0.2596306739014125,1,boundary
0.9697786061571286,0.2836376415387025,1,boundary
0.9707115715504194,0.2570943989904824,1,boundary
0.9707659822606745,0.36054026669407097,1,boundary
0.9712641005749458,0.24938792875522525,1,boundary
0.9712641005749458,0.25197302641738883,1,boundary
0.9712641005749458,0.25455812407955236,1,boundary
0.9716354741794002,0.24683564652953674,1,boundary
0.9720802580862713,0.19657963421091024,1,boundary
0.9720068477838545,0.24428336430384823,1,boundary
0.972763255014404,0.28557885929088944,1,boundary
0.9734923422016716,0.2418295283875851,1,boundary
0.9740020814808437,0.36005580270639803,1,boundary
0.9749778366194887,0.23937569247132195,1,boundary
0.9755794451427208,0.19822195324508818,1,boundary
0.9757479038716793,0.28752007704307636,1,boundary
0.9762551914001152,0.23690346485203992,1,boundary
0.9772381807010129,0.3595713387187251,1,boundary
0.9775325461807418,0.23443123723275788,1,boundary
0.9777818993523294,0.2899254461281808,1,boundary
0.9779824206106672,0.3023141060224219,1,boundary
0.979079743846258,0.2998259703965966,1,boundary
0.9792109127579868,0.1997780170057436,1,boundary
0.9792253192626642,0.2319957169419269,1,boundary
0.9798158948329795,0.2923308152132852,1,boundary
0.9799964809574142,0.2948343249920282,1,boundary
0.9801770670818488,0.29733783477077125,1,boundary
0.9805032554472372,0.3041877716224654,1,boundary
0.9809180923445866,0.22956019665109587,1,boundary
0.9815201145358052,0.35934241207813156,1,boundary
0.9826108654265089,0.22712467636026493,1,boundary
0.9828423803732528,0.201334080766399,1,boundary
0.9830240902838071,0.3060614372225089,1,boundary
0.9843036385084313,0.224689156069434,1,boundary
0.9858020483705976,0.359113485437538,1,boundary
0.9859844930354711,0.20320923484313935,1,boundary
0.9859964115903537,0.22225363577860296,1,boundary
0.9865607957717217,0.30767929187131415,1,boundary
0.9874948214525199,0.356677965146707,1,boundary
0.9876891846722762,0.21981811548777197,1,boundary
0.9891266056976895,0.20508438891987968,1,boundary
0.9891323563394225,0.21736053983470618,1,boundary
0.9891204911695042,0.3194613445636158,1,boundary
0.9891875945344423,0.3542424448558761,1,boundary
0.9894766359835823,0.3169104079893069,1,boundary
0.9900975012596365,0.30929714652011947,1,boundary
0.9899651410286484,0.31182830896755875,1,boundary
0.9898327807976603,0.314359471414998,1,boundary
0.9905755280065689,0.2149029641816404,1,boundary
0.9908193787796119,0.20751990921071067,1,boundary
0.9908803676163647,0.3518069245650451,1,boundary
0.9915438399340516,0.21242919684159103,1,boundary
0.9924476248192166,0.31963337221964144,1,boundary
0.9925121518615343,0.20995542950154167,1,boundary
0.9925731406982872,0.3493714042742141,1,boundary
0.9939246913814819,0.3469057327776566,1,boundary
0.9952762420646766,0.344440061281099,1,boundary
0.9957747584689289,0.3198053998756671,1,boundary
0.9961461320733833,0.3223576821013556,1,boundary
0.9965175056778376,0.3249099643270441,1,boundary
0.9969739524541434,0.3274547292891653,1,boundary
0.9969690151465991,0.342004540990268,1,boundary
0.9974303992304492,0.3299994942512865,1,boundary
0.9987151996152246,0.332258283567351,1,boundary
0.9986617882285215,0.339569020699437,1,boundary
0.9993308941142607,0.3370430467914262,1,boundary
1.0,0.3345170728834154,1,boundary
0.7224437855905712,0.2600111102701769,1,boundary
0.7224437855905712,0.26075385747908547,1,boundary
0.7224437855905712,0.26149660468799407,1,boundary
0.7224437855905712,0.2622393518969026,1,boundary
0.7224437855905712,0.2629820991058112,1,boundary
0.7224437855905712,0.2637248463147198,1,boundary
0.7224437855905712,0.26446759352362836,1,boundary
0.7224437855905712,0.26521034073253696,1,boundary
0.7224437855905712,0.2659530879414455,1,boundary
0.7224437855905712,0.2666958351503541,1,boundary
0.7224437855905712,0.2674385823592627,1,boundary
0.7224437855905712,0.26818132956817126,1,boundary
0.7231865327994799,0.2533263853899997,1,boundary
0.7231865327994799,0.25406913259890823,1,boundary
0.7231865327994799,0.2548118798078169,1,boundary
0.7231865327994799,0.25555462701672543,1,boundary
0.7231865327994799,0.25629737422563403,1,boundary
0.7231865327994799,0.2570401214345426,1,boundary
0.7231865327994799,0.2577828686434512,1,boundary
0.7231865327994799,0.2585256158523598,1,boundary
0.7231865327994799,0.25926836306126827,1,boundary
0.7231865327994799,0.26892407677707986,1,boundary
0.7231865327994799,0.2696668239859884,1,boundary
0.7239292800083884,0.25109814376327394,1,boundary
0.7239292800083884,0.2518408909721825,1,boundary
0.7239292800083884,0.2525836381810911,1,boundary
0.7239292800083884,0.2696668239859884,1,boundary
0.724672027217297,0.24738440771873102,1,boundary
0.724672027217297,0.2481271549276396,1,boundary
0.724672027217297,0.2488699021365482,1,boundary
0.724672027217297,0.24961264934545677,1,boundary
0.724672027217297,0.2503553965543653,1,boundary
0.724672027217297,0.27040957119489706,1,boundary
0.7254147744262055,0.2458989133009139,1,boundary
0.7254147744262055,0.24664166050982245,1,boundary
0.7254147744262055,0.2711523184038056,1,boundary
0.726157521635114,0.24515616609200527,1,boundary
0.726157521635114,0.2718950656127142,1,boundary
0.7269002688440227,0.24515616609200527,1,boundary
0.7269002688440227,0.27263781282162275,1,boundary
0.7276430160529312,0.24441341888309673,1,boundary
0.7276430160529312,0.27263781282162275,1,boundary
0.7283857632618399,0.24515616609200527,1,boundary
0.7283857632618399,0.2733805600305313,1,boundary
0.7291285104707484,0.24515616609200527,1,boundary
0.7291285104707484,0.2733805600305313,1,boundary
0.729871257679657,0.2458989133009139,1,boundary
0.729871257679657,0.24664166050982245,1,boundary
0.729871257679657,0.24738440771873102,1,boundary
0.729871257679657,0.2733805600305313,1,boundary
0.7306140048885655,0.2481271549276396,1,boundary
0.7306140048885655,0.2488699021365482,1,boundary
0.7306140048885655,0.24961264934545677,1,boundary
0.7306140048885655,0.2733805600305313,1,boundary
0.7313567520974742,0.2503553965543653,1,boundary
0.7313567520974742,0.25109814376327394,1,boundary
0.7313567520974742,0.2733805600305313,1,boundary
0.7320994993063827,0.2518408909721825,1,boundary
0.7320994993063827,0.2525836381810911,1,boundary
0.7320994993063827,0.2741233072394399,1,boundary
0.7328422465152914,0.2533263853899997,1,boundary
0.7328422465152914,0.25406913259890823,1,boundary
0.7328422465152914,0.2741233072394399,1,boundary
0.7335849937241999,0.2548118798078169,1,boundary
0.7335849937241999,0.25555462701672543,1,boundary
0.7335849937241999,0.2741233072394399,1,boundary
0.7343277409331086,0.25629737422563403,1,boundary
0.7343277409331086,0.2570401214345426,1,boundary
0.7343277409331086,0.2577828686434512,1,boundary
0.7343277409331086,0.2741233072394399,1,boundary
0.735070488142017,0.2585256158523598,1,boundary
0.735070488142017,0.25926836306126827,1,boundary
0.735070488142017,0.27486605444834844,1,boundary
0.7358132353509256,0.2600111102701769,1,boundary
0.7358132353509256,0.27486605444834844,1,boundary
0.7365559825598342,0.26075385747908547,1,boundary
0.7365559825598342,0.26149660468799407,1,boundary
0.7365559825598342,0.27486605444834844,1,boundary
0.7372987297687428,0.2622393518969026,1,boundary
0.7372987297687428,0.27486605444834844,1,boundary
0.7380414769776514,0.2629820991058112,1,boundary
0.7380414769776514,0.2637248463147198,1,boundary
0.7380414769776514,0.27486605444834844,1,boundary
0.73878422418656,0.26446759352362836,1,boundary
0.73878422418656,0.27486605444834844,1,boundary
0.7395269713954686,0.26521034073253696,1,boundary
0.7395269713954686,0.2659530879414455,1,boundary
0.7395269713954686,0.2741233072394399,1,boundary
0.7402697186043771,0.2666958351503541,1,boundary
0.7402697186043771,0.2674385823592627,1,boundary
0.7402697186043771,0.26818132956817126,1,boundary
0.7402697186043771,0.2733805600305313,1,boundary
0.7410124658132857,0.26892407677707986,1,boundary
0.7410124658132857,0.2696668239859884,1,boundary
0.7410124658132857,0.27040957119489706,1,boundary
0.7410124658132857,0.2711523184038056,1,boundary
0.7410124658132857,0.2718950656127142,1,boundary
0.7410124658132857,0.27263781282162275,1,boundary
0.735907218287803,0.34305029252363506,1,interior
0.7372279276632298,0.3481058104251866,1,interior
0.736001990717681,0.33949322371592117,1,interior
0.7371304615913855,0.33374413906215555,1,interior
0.7380575451011675,0.3512500998550915,1,interior
0.731444314655264,0.34999839869619837,1,interior
0.7374003618696378,0.3543050461668759,1,interior
0.7396093527091627,0.3566724320912475,1,interior
0.7317753230866855,0.35514279728463793,1,interior
0.7347648513122059,0.3510723499351464,1,interior
0.7372190815036873,0.3269236078155648,1,interior
0.7364914207923442,0.3235883544007885,1,interior
0.7359534119035288,0.3175773448825527,1,interior
0.7327516148394736,0.3257231951913477,1,interior
0.7381945171390296,0.3168497183042206,1,interior
0.7339567392298346,0.3207685506509048,1,interior
0.7390731208230018,0.3102284556167091,1,interior
0.7315337386514137,0.3160953787539056,1,interior
0.7305842686167315,0.3309928079114169,1,interior
0.7281833081752053,0.32578014937556643,1,interior
0.7253522938245633,0.3288223966086155,1,interior
0.722976946877331,0.32336991644106633,1,interior
0.7223413248528904,0.3327486385310774,1,interior
0.7287648235117911,0.320691394329355,1,interior
0.7266617534167831,0.33338986468143844,1,interior
0.734677144218466,0.31253941156338944,1,interior
0.7356417040897171,0.33056627674505273,1,interior
0.7288986826611101,0.35962944048646533,1,interior
0.7325044337844965,0.3602138515266174,1,interior
0.7262416886389121,0.35667948181473536,1,interior
0.7271502369994545,0.35100171533824615,1,interior
0.7364093638067251,0.3582493118978252,1,interior
0.7343219146397562,0.34627167467826675,1,interior
0.7245968215427288,0.3182397897092083,1,interior
0.7303248602557121,0.310419955018634,1,interior
0.7270869940625094,0.3145674051938244,1,interior
0.721849680409008,0.31386746389277465,1,interior
0.7252905934998971,0.3088851399487546,1,interior
0.7168555242595435,0.32482717066066047,1,interior
0.7180459190789723,0.3210556364553757,1,interior
0.7209369061245073,0.31856155267449204,1,interior
0.7404723695621703,0.3593873127528629,1,interior
0.7116183586682823,0.32735186708918257,1,interior
0.7129974350960347,0.3206514211707907,1,interior
0.7158201942524267,0.329025789026615,1,interior
0.7204278958646534,0.32825154173741583,1,interior
0.7393057002062889,0.30550403307400903,1,interior
0.7427406929500707,0.3075576333022653,1,interior
0.7354507999879825,0.30325960603605806,1,interior
0.7176054500649945,0.33255968537248864,1,interior
0.7225339941748509,0.35365505967522237,1,interior
0.7259919290158413,0.3460848791307347,1,interior
0.7218833785941702,0.3483138794487312,1,interior
0.7299430598771459,0.3459422278777491,1,interior
0.7380314139447401,0.31409580575973506,1,interior
0.7300529717521471,0.304096231428522,1,interior
0.7534260309306876,0.30265617633196285,1,interior
0.7490207168676584,0.3021229423498617,1,interior
0.7192125529449936,0.33650838874262323,1,interior
0.7242262391941585,0.33766479433515745,1,interior
0.7295031358520604,0.33680388513418064,1,interior
0.7204020460986106,0.3095025139920452,1,interior
0.7172036442960855,0.31670396254269106,1,interior
0.7569094323844507,0.30165542197280326,1,interior
0.7339201480153495,0.3356708559064327,1,interior
0.7256089505489868,0.29967735350484775,1,interior
0.7345965133620364,0.29876577901868223,1,interior
0.729862845543815,0.29906782498185464,1,interior
0.7248159506215599,0.30387540593091084,1,interior
0.72089702590007,0.3053516932001262,1,interior
0.717268605483699,0.30230402538699996,1,interior
0.721403412448795,0.3003001230737483,1,interior
0.7127966277935432,0.3038473905610775,1,interior
0.7168019417494754,0.3119422046716834,1,interior
0.7682612036689442,0.29725676319075794,1,interior
0.7663245567717567,0.30121600504619117,1,interior
0.7193199955699998,0.35157328042441016,1,interior
0.7184690720941854,0.3446480501907894,1,interior
0.7231028787361389,0.3429919123470446,1,interior
0.7160528196952392,0.34950897830518546,1,interior
0.7593866198295076,0.299206234322002,1,interior
0.7636086833412558,0.2980650716447614,1,interior
0.753887224200526,0.2991699602036491,1,interior
0.7323092061760936,0.3412521735255526,1,interior
0.7437182090184357,0.3029998528868207,1,interior
0.7161615422415174,0.34060905988039986,1,interior
0.7125561941364523,0.33261814877080514,1,interior
0.7144371670472358,0.3366349172288711,1,interior
0.7296424092844581,0.3640878842860448,1,interior
0.7445945057338479,0.2977233083086005,1,interior
0.7500384842827631,0.2966662522672641,1,interior
0.7703077182772358,0.3001572889622025,1,interior
0.7824003517396101,0.30123192941442306,1,interior
0.7808455121392519,0.2975527622961854,1,interior
0.7856467995090991,0.2995523681574211,1,interior
0.7890253984116428,0.3019082845869239,1,interior
0.7118543033167859,0.30956662267572277,1,interior
0.713507286161892,0.31490099351300527,1,interior
0.7394086131958343,0.2963834425775767,1,interior
0.7469386361600168,0.292356333598178,1,interior
0.7397116441647545,0.3007545516066462,1,interior
0.7418644600627537,0.2923127557204004,1,interior
0.7606419821945746,0.29342354022921713,1,interior
0.755440554783462,0.29500689187169105,1,interior
0.727622806382208,0.3415734845002157,1,interior
0.7362319466598096,0.2925152514286909,1,interior
0.7394669266479316,0.28741651633026727,1,interior
0.7250656990574875,0.36242907688436415,1,interior
0.7516913065634542,0.2921352802258221,1,interior
0.7444374772636353,0.2875678622569449,1,interior
0.7500500942740568,0.2874842835380151,1,interior
0.7558642448413571,0.28928911409917735,1,interior
0.7639309831672776,0.28938784625355074,1,interior
0.7666883023438793,0.29266403767259475,1,interior
0.7602977947693634,0.2883204793568318,1,interior
0.7346143463918976,0.2870005744941453,1,interior
0.73132601414127,0.29473268383704865,1,interior
0.7318231718386976,0.2904671801736816,1,interior
0.7931942539076217,0.3017477112908248,1,interior
0.7346618292043535,0.3076847273900306,1,interior
0.709760793979567,0.31512960275181917,1,interior
0.7096047716159398,0.3376162944809756,1,interior
0.7134587870535752,0.34495357643299723,1,interior
0.7118429642637117,0.3408753110974413,1,interior
0.7902610937810988,0.29698174568344143,1,interior
0.7936408596151274,0.3065925362756634,1,boundary
0.717795545486907,0.2973339125642645,1,interior
0.7164112647088223,0.3070874306833981,1,interior
0.7051266363273871,0.3156124292074446,1,interior
0.7077712003444402,0.31973324410625065,1,interior
0.7066518082109629,0.3100592349938132,1,interior
0.724291813359915,0.37037599764704976,1,interior
0.7209543056915658,0.362890838553455,1,interior
0.7215573318414682,0.3671375338591844,1,interior
0.7728777501539047,0.29737849608389205,1,interior
0.7712184661909233,0.29384598830264286,1,interior
0.7224964867766986,0.29428830040758797,1,interior
0.7269611053457823,0.2957360938976357,1,interior
0.7108078372632572,0.3487903192441924,1,interior
0.7120461701197831,0.35340856162225825,1,interior
0.7172910505925812,0.35521453122290353,1,interior
0.7424038523850821,0.28206999930110926,1,interior
0.7373708837704673,0.2826460536126439,1,interior
0.7216538718194124,0.3585156297093388,1,interior
0.7721712918634994,0.28943715094698064,1,interior
0.7677010813799923,0.2868704830275849,1,interior
0.7542413061948765,0.2839771011686793,1,interior
0.7633281672532579,0.2846484187466256,1,interior
0.799890128371061,0.30618450414998166,1,interior
0.7819441792535154,0.29243450224551504,1,interior
0.7763876519178377,0.29384101088583314,1,interior
0.727789206276202,0.3700028649293922,1,interior
0.7752158235499959,0.2860169274865858,1,interior
0.7716391202436256,0.2835060178480933,1,interior
0.7780561193304097,0.28938773743049967,1,interior
0.7501663823952189,0.2824757549916552,1,interior
0.7422205124147021,0.27616811334563884,1,interior
0.7392691443977749,0.2784334410863378,1,interior
0.7469382262506594,0.2783564101746873,1,interior
0.7138116739037516,0.36349555985384185,1,interior
0.7156056541769986,0.36836817747792105,1,interior
0.7075058631627557,0.33274045913174044,1,interior
0.7061559387545376,0.32779022706805155,1,interior
0.7522905870856093,0.2789667083976395,1,interior
0.7098894637418627,0.29938909973870315,1,interior
0.7084927482009774,0.30438423127235087,1,interior
0.7202593065916174,0.34030742348147347,1,interior
0.7766520648884259,0.2985459222999676,1,interior
0.7161038701081336,0.37308295747357195,1,interior
0.7199966136933247,0.3716140296622381,1,interior
0.7109628434510223,0.3708422201886938,1,interior
0.7114721781748508,0.3752621457824669,1,interior
0.709545996899459,0.36574586634062284,1,interior
0.723095398347761,0.3734710739260786,1,interior
0.7077864416262515,0.34418288118260326,1,interior
0.7064277601907695,0.37407293871421254,1,interior
0.7130863064784339,0.37738641302780906,1,interior
0.7075896990146572,0.3780350274572651,1,interior
0.716038632788475,0.3761360779309286,1,interior
0.7023181322399721,0.31274031942143626,1,interior
0.704652540834602,0.30485682825952454,1,interior
0.7014183385715947,0.3083608879059304,1,interior
0.7768818686284497,0.28196196606868645,1,interior
0.7792892342835194,0.2853294208746666,1,interior
0.7834318307478372,0.28719346111085065,1,interior
0.7719051779539337,0.2752406532642881,1,interior
0.7701301630696453,0.27906265233720406,1,interior
0.7743926818019121,0.27902389130354144,1,interior
0.7667661274434964,0.2814494583739486,1,interior
0.7100394528864247,0.3611719103622815,1,interior
0.713262833260865,0.3583573888961927,1,interior
0.717393096669079,0.3604764768081828,1,interior
0.8065027641020147,0.30778358577814785,1,interior
0.8032394490890965,0.30501259466449143,1,interior
0.6962581207326999,0.30733226219102117,1,interior
0.6976833107330497,0.31224390786145867,1,interior
0.7273319824482606,0.29135926344339363,1,interior
0.6912961821465851,0.30775362731404765,1,interior
0.6965793516413431,0.30239969385130827,1,interior
0.692225336421982,0.3037213895379146,1,interior
0.6990801188961377,0.29764159422772546,1,interior
0.7047034616663362,0.29917701038467387,1,interior
0.6995715660533781,0.31692365617937385,1,interior
0.7055319854775352,0.3385419249558665,1,interior
0.7028758010295436,0.34256276420728504,1,interior
0.7030993707950977,0.3350236173314399,1,interior
0.7141255098881178,0.29960794524018064,1,interior
0.8082170649950556,0.30381671335085253,1,interior
0.7316863449766418,0.2776537502146503,1,interior
0.7295908903465841,0.2866226108226519,1,interior
0.7044626548675338,0.32343363797032826,1,interior
0.7023324724677273,0.3309269038888031,1,interior
0.7009869650546174,0.3265048753315094,1,interior
0.708973750757617,0.3239435022155993,1,interior
0.7957827594794259,0.2975570135580165,1,interior
0.8002770098545693,0.29853214186473603,1,interior
0.7979980408879073,0.3027080595441934,1,interior
0.7943306962881799,0.2924720446439729,1,interior
0.800211948257025,0.29391508517337867,1,interior
0.6871663019910453,0.30509538287384225,1,interior
0.6878195669229256,0.3147829165057684,1,interior
0.6925761723535926,0.3117544531651699,1,interior
0.7080377535552301,0.2944591546376216,1,interior
0.7130742784217278,0.29561822742971866,1,interior
0.7622398176181043,0.2793571355343085,1,interior
0.7570316304556846,0.27980602908174185,1,interior
0.8080221344205109,0.29942730832137804,1,interior
0.8157259645044665,0.30434061956087627,1,interior
0.8036877737144832,0.301291750358133,1,interior
0.8121849072407432,0.3047342049777626,1,interior
0.8126264923490835,0.30003701837550467,1,interior
0.6973133729717119,0.329597325869406,1,interior
0.6960438460621492,0.32489468085313633,1,interior
0.6997857586796002,0.32197217591179583,1,interior
0.7033293957801786,0.3195014931735448,1,interior
0.7757968844506308,0.2751987551122694,1,interior
0.7795880195572019,0.27731591758954727,1,interior
0.7819349866576978,0.281831329875682,1,interior
0.702770387433138,0.29246900357433986,1,interior
0.7075307099699195,0.28913870085180365,1,interior
0.7265416553246212,0.3669274679491575,1,interior
0.7466355150327246,0.2835671628941908,1,interior
0.7501158375165207,0.2740143159278486,1,interior
0.7449074268242014,0.27271085215063806,1,interior
0.7877231787909907,0.2917310588549893,1,interior
0.78778676579874,0.2868036856538862,1,interior
0.7870112631651737,0.2817835129354185,1,interior
0.7915531750037054,0.2842055782520416,1,interior
0.7243880383988285,0.2875298367309971,1,interior
0.7277955076301089,0.28232632438910843,1,interior
0.720248357122332,0.2897234073595846,1,interior
0.7233083302631365,0.28246492147844254,1,interior
0.7195496953580033,0.28497646455313047,1,interior
0.7159230503955101,0.28821455320849587,1,interior
0.7170169974061539,0.29283993853305884,1,interior
0.8045863012603629,0.2968603658400212,1,interior
0.8095681447577653,0.29490996093446764,1,interior
0.8138815718866995,0.2948820170685841,1,interior
0.7957665129137982,0.28199406514881353,1,interior
0.7956185509707918,0.28702221113747145,1,interior
0.7920713691139433,0.2789790201470535,1,interior
0.7745267399728512,0.2706980174094529,1,interior
0.7669144685161559,0.275868295044632,1,interior
0.7701070478676423,0.271891783306358,1,interior
0.7588437975097171,0.284152742045442,1,interior
0.8053343843941014,0.2932083854857824,1,interior
0.8081303826618481,0.2897006972528256,1,interior
0.6939340732624713,0.31583656532855214,1,interior
0.7829820479423996,0.27159536189942224,1,interior
0.7787316767886668,0.27293181263457483,1,interior
0.7842411217713708,0.27722532133242667,1,interior
0.8255093366411538,0.3048468025431363,1,interior
0.8202747430008411,0.30450181534550363,1,interior
0.7890255519746191,0.27600064740109653,1,interior
0.7853256845158506,0.29558406903273726,1,interior
0.7017304073853956,0.3716259691712726,1,interior
0.7034360688206377,0.3783577712105466,1,interior
0.7057791419024028,0.36917263033533215,1,interior
0.8321258680189716,0.3087854033855813,1,boundary
0.8215265372795617,0.300038028221655,1,interior
0.8294418800783265,0.3020488831776138,1,interior
0.8305418877607219,0.3059604598988999,1,interior
0.8170582900554143,0.29719817729186193,1,interior
0.8127499634331395,0.29033442123288916,1,interior
0.82017428385334,0.29540327999420457,1,interior
0.7996381312812574,0.2889888726364097,1,interior
0.7914526378747838,0.28887910537973804,1,interior
0.7031230146185731,0.3475377225893775,1,interior
0.6980009256204718,0.3426314138951874,1,interior
0.7004326858017301,0.34508927698782055,1,interior
0.7064075339340405,0.351373869089627,1,interior
0.711653770294151,0.2869087620734266,1,interior
0.7146783606270873,0.28328105592791125,1,interior
0.7999777258021384,0.28419443129199257,1,interior
0.8047703851691408,0.28573888802346836,1,interior
0.6947342975789818,0.2951951545156725,1,interior
0.697118808913786,0.2922383074093697,1,interior
0.700558870118465,0.3032425513828874,1,interior
0.8374439347117855,0.3074800711316188,1,boundary
0.8337630661824464,0.30365532973268505,1,interior
0.7934459870203706,0.2729359387701122,1,interior
0.796595964457799,0.2769185448206027,1,interior
0.7887522955433299,0.27013677202304415,1,interior
0.8376371339451826,0.30284693445745187,1,interior
0.8306923699038115,0.2977769783506904,1,interior
0.8336877137116849,0.29485449213727477,1,interior
0.8353799636881782,0.2987443663243017,1,interior
0.82618225000309,0.2992386094315629,1,interior
0.7255788543088046,0.27787718752258656,1,interior
0.792844406273823,0.26760083892030606,1,interior
0.7896537651302881,0.2638670570820748,1,interior
0.7856097875085861,0.2665890168276139,1,interior
0.7862673922395038,0.27358891566737426,1,interior
0.6940941301523306,0.3449196060304991,1,interior
0.6948359019240737,0.3387778955826531,1,interior
0.7003520963300991,0.33861933126471905,1,interior
0.8235148707074,0.29610485155626953,1,interior
0.8267056212810496,0.29400923762291736,1,interior
0.6936773893317433,0.33309285471737876,1,interior
0.6984865800266995,0.3343357788005405,1,interior
0.6888728072810704,0.33092435404535675,1,interior
0.6923863267350576,0.3279118304786102,1,interior
0.6895183056357043,0.33640576686809115,1,interior
0.8383421148112309,0.29444284492712797,1,interior
0.8398391095556779,0.29877914970710595,1,interior
0.8415832205944199,0.3024891153190907,1,interior
0.716938734452504,0.274009794143948,1,interior
0.7227032880269211,0.27351891050852983,1,interior
0.728949470090432,0.2754231808825218,1,interior
0.7197038467772501,0.2792567361981226,1,interior
0.8301309219164991,0.2922185904816524,1,interior
0.8107794218006096,0.285264830778281,1,interior
0.6860723421800506,0.3448205835885851,1,interior
0.6903805728955446,0.3420263337623357,1,interior
0.694555347822366,0.3509407766782349,1,interior
0.6980559372774516,0.3475730529130829,1,interior
0.6890418232481639,0.35234905165955116,1,interior
0.6880128384612182,0.31019581753564285,1,interior
0.7037037666960327,0.2860393378187445,1,interior
0.6991208534597484,0.2878637208184535,1,interior
0.6862435727417431,0.34033269356767826,1,interior
0.6849033602128692,0.3333474800971323,1,interior
0.6846973317538623,0.336743313794823,1,interior
0.7707354303238761,0.2672851946711065,1,interior
0.7754982817996902,0.26471351505012597,1,interior
0.7196015572848098,0.2688920619397252,1,interior
0.7122430706408375,0.27174835567656797,1,interior
0.7152131193872896,0.2786104798807139,1,interior
0.7117166142347792,0.2757284009607084,1,interior
0.705678515571396,0.3610973089529526,1,interior
0.7083054043871956,0.3567663562017154,1,interior
0.8173175101523714,0.30120087819786684,1,interior
0.8441661874978487,0.2991806577557033,1,interior
0.8473010057684507,0.2995444860081081,1,interior
0.6807831862763667,0.3316370158013566,1,interior
0.6841172022764058,0.3287611954671994,1,interior
0.6798663148074279,0.33587248812697457,1,interior
0.7083217196527741,0.28343034157133173,1,interior
0.7043140735970173,0.36485189324016915,1,interior
0.7006372777396593,0.3672435376998618,1,interior
0.700396714316119,0.3519946861418608,1,interior
0.8311568470317074,0.28784357111824227,1,interior
0.8261472527203156,0.28825412276723067,1,interior
0.8359543133879835,0.2871222164666135,1,interior
0.8286284492015074,0.2835039387856024,1,interior
0.6824020429110872,0.31530816541159173,1,interior
0.6857754627827619,0.32022741606274646,1,interior
0.6835241583710098,0.309900106519645,1,interior
0.6905625612114294,0.31883040598564855,1,interior
0.7151393520602871,0.2693735452157591,1,interior
0.7108583430646119,0.26701554713635633,1,interior
0.7076345391607874,0.27204260740937963,1,interior
0.6780745120487397,0.3413684026804747,1,interior
0.6743408168939341,0.3372933774310427,1,interior
0.6758672304820875,0.3322392025262696,1,interior
0.6811192852070799,0.3459340467605205,1,interior
0.6826099892240436,0.3425732215175195,1,interior
0.6820360092098365,0.3392773375977788,1,interior
0.6727716889165744,0.34250861034107355,1,interior
0.6762152655772452,0.3463774872114624,1,interior
0.669295639834531,0.3392258644926503,1,interior
0.7177817684771706,0.3649310236447236,1,interior
0.6800202545879327,0.3196872282290056,1,interior
0.6776050516097092,0.31588434727536885,1,interior
0.8367063323082949,0.28248751666659166,1,interior
0.6938359900446772,0.29927231183821495,1,interior
0.8408577942778742,0.28069470813459935,1,interior
0.8359639883584765,0.27692826190692815,1,interior
0.8329017050348456,0.28423066061869867,1,interior
0.8320805218203717,0.2800608999706539,1,interior
0.8408708115296815,0.2862702927323853,1,interior
0.8412075312566499,0.275612781549399,1,interior
0.8308037621353147,0.27554208209714937,1,interior
0.8323117337171454,0.27154754260846065,1,interior
0.8371660039623305,0.27224596947139024,1,interior
0.8225212012777643,0.29172588537902744,1,interior
0.7159687010503749,0.26528058548893046,1,interior
0.7202557110291166,0.26455722377766844,1,interior
0.6848943602640136,0.3492927530500601,1,interior
0.8473693610195091,0.29518743636519973,1,interior
0.8426768783372494,0.29562574500633654,1,interior
0.851115004146525,0.2982770543333528,1,interior
0.8433765507446559,0.2915482966977097,1,interior
0.703026809777647,0.27995599024944107,1,interior
0.7075106710180624,0.2778135036995565,1,interior
0.8458722836236556,0.2787270601636956,1,interior
0.8453012219667309,0.2833788671518885,1,interior
0.8460103905436629,0.273487050817694,1,interior
0.8351541712772519,0.26711663523601786,1,interior
0.8410378398829472,0.270242591749083,1,interior
0.7982817902080269,0.2725723982122813,1,interior
0.674994104698984,0.3090328289979288,1,interior
0.6745459645188828,0.319184658766536,1,interior
0.6731933518657963,0.3142712640860819,1,interior
0.6784859632998183,0.3116505535486224,1,interior
0.6711689752944189,0.3108016358550366,1,interior
0.6927860660780638,0.35559723082393513,1,interior
0.6836025495593779,0.35414901667276233,1,interior
0.6911366578473208,0.2917797191850629,1,interior
0.6908590120679008,0.2960544701624827,1,interior
0.6889831514548317,0.2998739078986715,1,interior
0.6874275296283524,0.3257321080076889,1,interior
0.8176158831150057,0.29169734577424417,1,interior
0.8160932648920095,0.286585343535503,1,interior
0.8209502376328458,0.2870515867725048,1,interior
0.8453619779253037,0.28786142100028345,1,interior
0.849545751004209,0.29043525263062947,1,interior
0.6974489875071712,0.35641204904370555,1,interior
0.7971746847226241,0.2681309450476735,1,interior
0.814689568969424,0.28250370789840024,1,interior
0.8075930558875685,0.28184411232602596,1,interior
0.8114014132650915,0.2797072935241809,1,interior
0.8507507182693373,0.27659788556268056,1,interior
0.8508882754041446,0.28188710543577,1,interior
0.8489417716620785,0.2859053310746476,1,interior
0.6697116485675181,0.33346398648352704,1,interior
0.6648046152274948,0.3410214121152388,1,interior
0.6671458553523423,0.3446624836035079,1,interior
0.6652143221197119,0.33663068149085656,1,interior
0.6715686115259594,0.3469045754310727,1,interior
0.7422372722129827,0.2669676192912055,1,interior
0.7360287129279338,0.277751272184568,1,interior
0.8262689143109239,0.27220967874267565,1,interior
0.8286531742374268,0.266583452564588,1,interior
0.689968149025117,0.3474680561419861,1,interior
0.6771497444748448,0.3234356620625572,1,interior
0.6856682371149907,0.28886754708820106,1,interior
0.6918448005978459,0.2845749983607333,1,interior
0.6897118804726559,0.2876235966078529,1,interior
0.8117508965290514,0.2742335434530663,1,interior
0.8035210954064005,0.2806071063877704,1,interior
0.816119473604887,0.2783879452796625,1,interior
0.8062637616517756,0.2731218769615479,1,interior
0.6693074610670945,0.32751647044623244,1,interior
0.6658405915334321,0.32974875179901053,1,interior
0.6722604459024768,0.3303717026570375,1,interior
0.6791711640217418,0.32780182680978004,1,interior
0.7787197598220433,0.26889390706886684,1,interior
0.7812828729951175,0.26582026549347476,1,interior
0.673896158545651,0.351212204866052,1,interior
0.8456116816913865,0.26811137265321233,1,interior
0.6744856907632911,0.32725242084224077,1,interior
0.7699249100769584,0.26162490973509656,1,interior
0.7790890903478926,0.2615974537177136,1,interior
0.6816961271544272,0.29205561714525663,1,interior
0.6819314081758319,0.29643396135546113,1,interior
0.6822272343334074,0.28436493759868137,1,interior
0.6875646234340217,0.2833281745156597,1,interior
0.6608044446388943,0.3442241401434339,1,interior
0.66832873019202,0.34987076513138016,1,interior
0.6630769450774475,0.3488188336758116,1,interior
0.799551236391357,0.2797153430457509,1,interior
0.8019612169864817,0.2755385082490241,1,interior
0.8528961779879474,0.29417175256766553,1,interior
0.8533521766873648,0.28644268617588686,1,interior
0.8239780975263136,0.2826229540698434,1,interior
0.7020376294039693,0.26988274407813156,1,interior
0.707964911225,0.26196325963300754,1,interior
0.7026799667295136,0.26421388852445243,1,interior
0.712981521735994,0.2623512549047276,1,interior
0.6773252991697961,0.2952342474676906,1,interior
0.6864805971073048,0.2946991705154233,1,interior
0.6772197064311544,0.2900128304884469,1,interior
0.6806155168138363,0.287714749016197,1,interior
0.698369282284166,0.37855959051255084,1,interior
0.7009963529840956,0.38551842633587324,1,interior
0.7020283853354072,0.3755916202021897,1,interior
0.7006190448176481,0.3817088758275207,1,interior
0.6687756219811613,0.3187486258310299,1,interior
0.8536568650688046,0.3014626398871745,1,interior
0.6795951499966583,0.3501700965030124,1,interior
0.7029914016994724,0.3565514680314179,1,interior
0.6673015347490241,0.31360516280284034,1,interior
0.6678933976298728,0.3090695752668113,1,interior
0.765599652632458,0.26271512431455224,1,interior
0.7645207538798293,0.25948857362110944,1,interior
0.7682588173587572,0.25535569285594206,1,interior
0.7746307382016931,0.25808940574183187,1,interior
0.7662478864106231,0.266027473448796,1,interior
0.7035030074801848,0.2591420706702437,1,interior
0.7126191352105414,0.25830911605633977,1,interior
0.7061908346773128,0.26704649796885077,1,interior
0.8270824377509586,0.27829956638247794,1,interior
0.7000090504801415,0.28324809561288455,1,interior
0.6974186805745562,0.2792225529649261,1,interior
0.7038462680931523,0.27484466556138953,1,interior
0.6994428274103237,0.2749702038620924,1,interior
0.7113461194673422,0.28016392811778845,1,interior
0.6924378090071133,0.28035661558480207,1,interior
0.6823495717676695,0.3241116404687665,1,interior
0.7591361821028562,0.2760853739832096,1,interior
0.7538092561757561,0.2703045190036883,1,interior
0.6695900554897468,0.3547348572549763,1,interior
0.6846056508749156,0.3000613790907895,1,interior
0.7627161991154422,0.2737937495127998,1,interior
0.6958789376738332,0.28388477099921977,1,interior
0.6782541046024977,0.35392735985892826,1,interior
0.6790997597723557,0.3065118263179368,1,interior
0.8590516333469083,0.3060030051753593,1,interior
0.6574074838026438,0.34096261920083976,1,interior
0.6544626197689892,0.344410702433816,1,interior
0.661071361342767,0.33900563008907914,1,interior
0.6575151213051736,0.3485307296940979,1,interior
0.7578600251071475,0.2678310182206835,1,interior
0.749174271788803,0.268486010183531,1,interior
0.6745593479549713,0.35645872911531334,1,interior
0.6797643442078077,0.3580570265034171,1,interior
0.6761300210722946,0.36108163704440305,1,interior
0.682741838606174,0.30444490780359074,1,interior
0.8079201291786231,0.26947114471949585,1,interior
0.8022831735471644,0.2697032860122323,1,interior
0.8071002497021031,0.2773030767515931,1,interior
0.8346070362263728,0.29114990269532187,1,interior
0.6910565405825818,0.32307060276304905,1,interior
0.6952309257458339,0.3202525584368972,1,interior
0.6977376485439857,0.266177006864503,1,interior
0.6970844953743991,0.2708895544983153,1,interior
0.8306435088396074,0.26188592747089023,1,interior
0.8394564812956341,0.2603879824752675,1,interior
0.8404557472730403,0.2652297652714121,1,interior
0.7549168141789431,0.27523626284360475,1,interior
0.7461111193485088,0.30574060130871683,1,interior
0.8448715178015789,0.2622861918997725,1,interior
0.8358380898768974,0.2625488997963477,1,interior
0.8426242917652592,0.2578387160550884,1,interior
0.6937777332148534,0.274910408176356,1,interior
0.6793059416213059,0.3007498988626936,1,interior
0.675159659178909,0.3040700736621166,1,interior
0.815838443410535,0.2713873880640878,1,interior
0.8172784280676233,0.2748680521434085,1,interior
0.6758821026809227,0.28488301156115026,1,interior
0.6792159523540405,0.2809267585368335,1,interior
0.6747658853797193,0.28039976458102855,1,interior
0.6811293689702099,0.27706771304970335,1,interior
0.8137154924573435,0.2644671739863461,1,interior
0.8045808168333801,0.26614676712064744,1,interior
0.8124360320128216,0.2686630565197284,1,interior
0.8089641475232691,0.2643778883618118,1,interior
0.6705992080487659,0.30260836069043634,1,interior
0.6711240721791079,0.3065734992199471,1,interior
0.7800641525403528,0.2575255895404235,1,interior
0.7842497757962696,0.261212629044923,1,interior
0.6705428369116763,0.35949674162996814,1,interior
0.7415810031087535,0.26369305413105115,1,interior
0.7455824606518547,0.2650839523617675,1,interior
0.6736883689143542,0.2921867486204572,1,interior
0.6696658313766255,0.28642776571517575,1,interior
0.6705092784898034,0.2820073663411327,1,interior
0.7121554926348436,0.2912900166738123,1,interior
0.6655034561189351,0.2842989705580065,1,interior
0.6643211162170946,0.2894419423541691,1,interior
0.6729702394232604,0.2885205838273563,1,interior
0.6688706889980695,0.2916474469348281,1,interior
0.7781207846093519,0.2525206289345258,1,interior
0.7838864956178623,0.255065093709312,1,interior
0.6602670651991641,0.353596654869063,1,interior
0.6650824758956364,0.35314495631273546,1,interior
0.7120410784699285,0.25350726552215047,1,interior
0.7184644927636678,0.26069750320094276,1,interior
0.6930733478903637,0.2631502364121959,1,interior
0.6987251410185156,0.26137087120198377,1,interior
0.6930841144406541,0.26894658483062334,1,interior
0.8495638897482394,0.26575161228843536,1,interior
0.8511202974974317,0.27139710911575554,1,interior
0.8537620524953148,0.26790136841119117,1,interior
0.6609382667550937,0.3344649919758993,1,interior
0.660928100536328,0.32959735072459584,1,interior
0.664231337738487,0.3259433590077991,1,interior
0.8268851008109485,0.25707170543656754,1,interior
0.834656542179791,0.2576330105985236,1,interior
0.824073610408548,0.2614226928514531,1,interior
0.854179904172952,0.2635525741038975,1,interior
0.85008660073275,0.2607639434375533,1,interior
0.8559546644356198,0.2978383984065814,1,interior
0.8585288003503003,0.2939066634175906,1,interior
0.6768689944290937,0.3658269688936091,1,interior
0.6722589110697894,0.36349341275859015,1,interior
0.6818907291853958,0.3631262056705257,1,interior
0.6673546961468496,0.32311229397726315,1,interior
0.6961263109629661,0.3704596118395623,1,interior
0.6984181507234444,0.3743379399549025,1,interior
0.8070412486451816,0.25932073013486884,1,interior
0.8000476540227132,0.2635729395179037,1,interior
0.8045169464523998,0.2623504589684691,1,interior
0.6844016452657208,0.35894442891638145,1,interior
0.6886237192385951,0.35725925293762334,1,interior
0.7501968239545929,0.26319257469884777,1,interior
0.7408678624826164,0.2600966046150769,1,interior
0.7451150465410031,0.25642051507511276,1,interior
0.8307161689295953,0.2529567825611753,1,interior
0.8364529958327585,0.2526640564797061,1,interior
0.6647994881022811,0.3579259937473834,1,interior
0.7926095524348186,0.2597646176612366,1,interior
0.7882287272121654,0.25846830643507174,1,interior
0.7952635210876666,0.2631014833752138,1,interior
0.8648719849655163,0.3101616759071278,1,interior
0.8628247521707637,0.30565060417277873,1,interior
0.8585358652557419,0.3021040688398205,1,interior
0.6935232839435856,0.36083523250045685,1,interior
0.6879782711808907,0.3621584325799659,1,interior
0.6721926917376596,0.29553954578825453,1,interior
0.7969136160391601,0.25697504159238227,1,interior
0.860874348648163,0.2976922864733819,1,interior
0.8620092843899184,0.29014295989464495,1,interior
0.7209704416635845,0.25696277768697035,1,interior
0.6942387210055938,0.2882507140838123,1,interior
0.772979908932171,0.252630722260633,1,interior
0.6892728500490485,0.27255813589189676,1,interior
0.688773419075628,0.2778121583333052,1,interior
0.7591105900620834,0.26020125303583147,1,interior
0.7621495288732733,0.25552961240257044,1,interior
0.7612137815676367,0.2641381271650152,1,interior
0.6680214259260658,0.2960915542736674,1,interior
0.6641166070907084,0.2954628328784654,1,interior
0.6590588758177144,0.289690620159013,1,interior
0.6603649204796639,0.2859338810930117,1,interior
0.69995860208245,0.36159812001904673,1,interior
0.6914518421721046,0.3667384286350003,1,interior
0.7664721636912221,0.2705827040295661,1,interior
0.7621368273098499,0.26898060086830156,1,interior
0.7583182724910703,0.2720035331728702,1,interior
0.8559254993839768,0.2751764406220036,1,interior
0.8568881353471252,0.27132641870659574,1,interior
0.6995008491975775,0.389530276915973,1,interior
0.6951970490601248,0.3876470040501361,1,interior
0.7046139199777091,0.3818519379407482,1,interior
0.803556284087709,0.29011320724475304,1,interior
0.6571195396360325,0.33653094138777223,1,interior
0.6660803044598277,0.30496728166777587,1,interior
0.8667962701686683,0.3024048157852702,1,interior
0.8643047930243147,0.2940544200966512,1,interior
0.6668723906158035,0.3635154891003724,1,interior
0.6886938433532893,0.2672744305886054,1,interior
0.6853870407891697,0.2709160023632923,1,interior
0.6808747170361412,0.27248658735339665,1,interior
0.8710551789714677,0.30340782266046856,1,interior
0.8659674684510171,0.2980657863330072,1,interior
0.8700460758279,0.2950696791790028,1,interior
0.8628223216299563,0.30123214811115834,1,interior
0.8679300424479118,0.30659506898559147,1,interior
0.8174702764571293,0.26732185606026543,1,interior
0.8388512824599801,0.29031680600171084,1,interior
0.8206805113900293,0.27153255237560653,1,interior
0.8227469910317792,0.2666013572545125,1,interior
0.8217990419670774,0.2771150725754265,1,interior
0.7207463488022435,0.2528112802420989,1,interior
0.6664580095198428,0.30014284702290195,1,interior
0.6606032701335685,0.2930788353253795,1,interior
0.7885687774761118,0.25407174842793,1,interior
0.7928382196860183,0.2514654034867954,1,interior
0.8019502022559218,0.25864963039899286,1,interior
0.7985395313189412,0.2505211598829886,1,interior
0.8050346413674376,0.25519072336521326,1,interior
0.8012149803838515,0.25381003670354335,1,interior
0.6770999995549342,0.2766149780455596,1,interior
0.6841182270293866,0.2799965800025021,1,interior
0.7075070802319697,0.2523399172179011,1,interior
0.8191909439230866,0.28221751967931763,1,interior
0.7327614073411665,0.2822776416774368,1,interior
0.6629940940456198,0.37014879540675727,1,interior
0.6665960027652434,0.36821858407628544,1,interior
0.6613241739872259,0.36629433991817034,1,interior
0.6620348873370333,0.3619616405115752,1,interior
0.6659941771334569,0.2793877889139221,1,interior
0.754945532906342,0.26481028813126106,1,interior
0.6720060993043483,0.32316232643223736,1,interior
0.7004802007073343,0.39220818863044116,1,interior
0.694512289887522,0.39156303863871844,1,interior
0.697002257549755,0.3941928030654819,1,interior
0.758498480218967,0.25212266136133166,1,interior
0.7638900290303486,0.25080202199345986,1,interior
0.7572262051934444,0.25617630173597006,1,interior
0.661560003424417,0.313589281073797,1,interior
0.8335905696089004,0.24809196324023966,1,interior
0.824929804362123,0.2518627667623082,1,interior
0.8278844309347381,0.2475325530448129,1,interior
0.6872968955674645,0.36980547029059724,1,interior
0.6907566177672436,0.37249912445562905,1,interior
0.8389297802768093,0.2560581713749369,1,interior
0.8307222838798742,0.25747238127358474,1,interior
0.7540988966669507,0.259580924612451,1,interior
0.6626723464383361,0.3212283005037585,1,interior
0.8058809728726168,0.25009244498537364,1,interior
0.8095377337045967,0.2552176833815519,1,interior
0.6744646495260863,0.29952896980801363,1,interior
0.69625249783684,0.36532193645422206,1,interior
0.8177364362950625,0.26225167741920924,1,interior
0.8467334562962269,0.2569555546633025,1,interior
0.8702162786440155,0.31038504463874445,1,interior
0.8730765222004212,0.3066809416638336,1,interior
0.8708537383317191,0.2995588239351686,1,interior
0.8548301684220349,0.27933524401106,1,interior
0.694930862550367,0.39799320581271697,1,interior
0.6912359794634922,0.3954326338439677,1,interior
0.6895697634689907,0.39078573573052516,1,interior
0.8571799349288699,0.2831702493950019,1,interior
0.8579483318740984,0.28745954105128957,1,interior
0.8556340601483731,0.2905073591947657,1,interior
0.6759203295782973,0.2725257791865395,1,interior
0.6717864810590948,0.2767390382892051,1,interior
0.6635315492597565,0.27639159268350366,1,interior
0.6667113053616767,0.2693518261077314,1,interior
0.6713952289703248,0.27140349879627884,1,interior
0.7743102246882041,0.2471440167867333,1,interior
0.7689918828286447,0.24942794218775233,1,interior
0.6906308057809686,0.3859462253657027,1,interior
0.6841104829070573,0.39167168884814985,1,interior
0.6855862831965974,0.39552040594000953,1,interior
0.6854078797876829,0.38751117402990953,1,interior
0.6907220208423251,0.25811549716438464,1,interior
0.6933030786418698,0.25442541166672755,1,interior
0.6871236183440473,0.2625222567549632,1,interior
0.6532785661468259,0.36440549684227513,1,interior
0.6592130869228552,0.3702951789075491,1,interior
0.6574523739963289,0.3633587483779747,1,interior
0.6672723130223681,0.264471868065708,1,interior
0.6627074181957365,0.2660515237687381,1,interior
0.6611547590626866,0.27023272261208386,1,interior
0.6713326325143263,0.26624241933133885,1,interior
0.6530898632917147,0.33357813284803345,1,interior
0.6536987504945234,0.33896263653402087,1,interior
0.7488450233889228,0.2550844145948196,1,interior
0.7425149638593619,0.25163550580393124,1,interior
0.7498575311791091,0.25840337665937746,1,interior
0.7458079252364979,0.2609873008509934,1,interior
0.7474541934669469,0.25171455001973897,1,interior
0.7552641070199531,0.24945921911918356,1,interior
0.752823719473007,0.2538267739111707,1,interior
0.7824795961872139,0.2502465751300643,1,interior
0.6865845762481316,0.25686266215638287,1,interior
0.6893875832725156,0.2522523998674262,1,interior
0.7898345200501276,0.24728234993887455,1,interior
0.7921404146243023,0.25583026216881116,1,interior
0.7895140866538221,0.24248414989007186,1,interior
0.7849012067398258,0.2458571486976259,1,interior
0.7946957065761183,0.24590526106292826,1,interior
0.6749028127865737,0.2682792694729327,1,interior
0.678998409191295,0.2680534537113158,1,interior
0.6569634505076595,0.2677061507098292,1,interior
0.6596205367198185,0.2747690009253145,1,interior
0.6596240411317091,0.2633733761535496,1,interior
0.6566222281758863,0.27240311086659413,1,interior
0.652818561487926,0.28316151658046684,1,interior
0.6600811294236627,0.27880026765838867,1,interior
0.6548532550905535,0.28745604748667813,1,interior
0.8118815925377731,0.2603070592960481,1,interior
0.6478448854726658,0.3335571410648033,1,interior
0.6521009860028715,0.3251905980903774,1,interior
0.7812501115935587,0.2420687397168569,1,interior
0.7794305103471103,0.2467053126630725,1,interior
0.7851427050276276,0.24134169305125502,1,interior
0.7103351432858086,0.24894958624401128,1,interior
0.7161602450837806,0.24972430375311735,1,interior
0.688837845268864,0.37774048676553057,1,interior
0.693681911070996,0.3794040722956221,1,interior
0.6852054489509589,0.3739116076919517,1,interior
0.6941885881001433,0.3755110319527803,1,interior
0.8115794655257617,0.24792235012018132,1,interior
0.80549571532271,0.2450752413003344,1,interior
0.8008343590635283,0.24543900015802422,1,interior
0.6554912936983202,0.2932618717797893,1,interior
0.6591144366732994,0.2974050020300103,1,interior
0.6910190601140858,0.3820447952020811,1,interior
0.7869975438196489,0.2506055859247611,1,interior
0.6865688705136379,0.38265940013130956,1,interior
0.6958793570406241,0.38331379675894056,1,interior
0.793361402461227,0.2408122814740287,1,interior
0.6822587302156682,0.3843744669268502,1,interior
0.6796820015309379,0.38925756375165316,1,interior
0.721541603863921,0.24834171938562882,1,interior
0.6714848980553687,0.3672000281841071,1,interior
0.6663824430281267,0.372906340492509,1,interior
0.6569296624759486,0.3025379981165703,1,interior
0.6546077386966317,0.29808510567564206,1,interior
0.6621713834343469,0.30110279876917195,1,interior
0.8610702415357956,0.2699980204825275,1,interior
0.8614897684465344,0.2742284884431517,1,interior
0.8579733936644391,0.26675192303590806,1,interior
0.8628639592043265,0.26608882739099315,1,interior
0.8592476864333224,0.26223599228156924,1,interior
0.7870838876983726,0.2380728829519291,1,interior
0.7905287328532521,0.23676468930148453,1,interior
0.7829637309394458,0.23745645295571197,1,interior
0.6997968566341408,0.2569439667965191,1,interior
0.7336107264887917,0.24811556331098292,1,interior
0.8594928249720781,0.2788120903684597,1,interior
0.6761408972275984,0.26341669989149014,1,interior
0.8685252453971071,0.29092526849985373,1,interior
0.6645253495017269,0.3327571936362249,1,interior
0.7597704500039253,0.2474830578036573,1,interior
0.7648934604088128,0.24543871212457388,1,interior
0.7393883105747041,0.24771968492552074,1,interior
0.7367036953015789,0.25258092221363565,1,interior
0.745583503567265,0.2464720733488527,1,interior
0.7407570600276167,0.2556395107449999,1,interior
0.8752023650638174,0.2925937641744795,1,interior
0.8749855093813119,0.2971793212030858,1,interior
0.681902358111639,0.3690157492957704,1,interior
0.686204388806049,0.36600631908682324,1,interior
0.8665042873145339,0.2816563691556137,1,interior
0.8625447542557895,0.28251805110856454,1,interior
0.7509186592039118,0.2483173221244638,1,interior
0.7415865625941386,0.24268304041355018,1,interior
0.750896222653821,0.2431149798406355,1,interior
0.7467376243075939,0.24022762033358228,1,interior
0.6487365254305099,0.2866848778036418,1,interior
0.657089154045533,0.28242099014924027,1,interior
0.6510377483869444,0.2910839166559642,1,interior
0.8308416181359822,0.24313698304024198,1,interior
0.8369650401068796,0.24346928143757582,1,interior
0.8807710073387159,0.2973839030936948,1,interior
0.8811057300287936,0.29161093231328955,1,interior
0.8772464645770269,0.28792346662066437,1,interior
0.8760270162033983,0.3019513083657451,1,interior
0.8720481023823101,0.2876564948521195,1,interior
0.6760709370703256,0.37024129868289263,1,interior
0.8427103434508915,0.2531721593136599,1,interior
0.6639639196710141,0.3171010673638603,1,interior
0.663939927292252,0.30959427568117776,1,interior
0.866418643693768,0.2744168440994906,1,interior
0.8664566506393817,0.28633431888205657,1,interior
0.8702748517453635,0.28268034481215726,1,interior
0.8688427039288995,0.2777370212365475,1,interior
0.8730239826085994,0.278121806549875,1,interior
0.8641518261514342,0.27821826408489425,1,interior
0.716756582321239,0.2553996040351927,1,interior
0.7124750163457002,0.24157554133443146,1,interior
0.7176940502531536,0.24357826762485552,1,interior
0.6746609485864221,0.37445288220029316,1,interior
0.6797392958418,0.374127755848395,1,interior
0.6708233768813554,0.37164811236629364,1,interior
0.7226309801168397,0.24394649945144212,1,interior
0.7211091974883992,0.23809677831522505,1,interior
0.7155572851195343,0.23788265372160108,1,interior
0.814373426811488,0.2572812978389589,1,interior
0.8131551242696872,0.25181311413469987,1,interior
0.8820595593246954,0.28650172194042445,1,interior
0.8859293389122204,0.2939269371516487,1,interior
0.8860530013640765,0.28954646446665233,1,interior
0.7354882708431528,0.2442407626243807,1,interior
0.7374132615705599,0.2574221500556256,1,interior
0.6815941095295394,0.26384103588564184,1,interior
0.670917149828061,0.26092955397582995,1,interior
0.6765249257831378,0.2576359575259995,1,interior
0.6796996461621967,0.2601741667451022,1,interior
0.8743856958237569,0.27440338618245386,1,interior
0.8682490726965462,0.26626424399590376,1,interior
0.8708166558057957,0.2721270755711691,1,interior
0.8248964059027365,0.24219301393106904,1,interior
0.8222126078144584,0.24710141130073124,1,interior
0.7031156806335115,0.25374720274452733,1,interior
0.6977006955236608,0.25307443581254424,1,interior
0.695550100826359,0.25804973039968554,1,interior
0.6818475991141115,0.2562973910910808,1,interior
0.6837235196354475,0.26739730285920427,1,interior
0.7553282352181578,0.24509604219621772,1,interior
0.6937714987327573,0.2500388031902641,1,interior
0.6976840613745978,0.2483734831687039,1,interior
0.6608683115328301,0.30586993099584775,1,interior
0.8744300355971745,0.2835084926949429,1,interior
0.8165040661241326,0.24733954863348928,1,interior
0.8192899409198078,0.251171251496448,1,interior
0.6845627362790982,0.2520625218368952,1,interior
0.6836687525001942,0.2600538025452102,1,interior
0.865502710470075,0.270429015074989,1,interior
0.6499330749033861,0.29616495858416775,1,interior
0.7917548909773361,0.23108691012235133,1,interior
0.785945944647762,0.23332529097680413,1,interior
0.7950048014323935,0.23621754462372158,1,interior
0.8043202642902971,0.2415036310810989,1,interior
0.8085039394977515,0.24117790194533495,1,interior
0.8015263338749214,0.2400818796277857,1,interior
0.6824932504461613,0.37903278732203616,1,interior
0.81333990275102,0.24304409491856396,1,interior
0.8173411436482769,0.25461771329359156,1,interior
0.8190057038525337,0.2432369029795134,1,interior
0.8220281878480523,0.2557495982797295,1,interior
0.8190814039245403,0.25859917941337374,1,interior
0.7974690850022083,0.2411102632954678,1,interior
0.7997327554451918,0.23641139131500724,1,interior
0.6649199817241029,0.3766338392214571,1,interior
0.6616245959364183,0.37390004379471464,1,interior
0.6702904041386688,0.37720763239822014,1,interior
0.7560665975434455,0.24029990356079067,1,interior
0.7517782102325253,0.23795449035699903,1,interior
0.8852249017743773,0.30142090269484817,1,interior
0.8864714324551439,0.2979709092854743,1,interior
0.6589850367953396,0.3175356381082061,1,interior
0.6557047994121444,0.3132271363488533,1,interior
0.6595752330780777,0.31015451998876664,1,interior
0.6500590802668557,0.34125248485044174,1,interior
0.6463345142227259,0.34339798045973696,1,interior
0.6513308759545927,0.34958506722091354,1,interior
0.6496330307362862,0.34563873926449235,1,interior
0.7600496473638461,0.24288986324918463,1,interior
0.7637261513909919,0.24140592126203927,1,interior
0.7816555714157457,0.22965738799046775,1,interior
0.7799372714282534,0.23378498158044614,1,interior
0.7788758237652791,0.23816528648732974,1,interior
0.7075534605612818,0.24420615734716014,1,interior
0.7130080831172441,0.24566903834909332,1,interior
0.7110326796797997,0.23730448086608255,1,interior
0.6540848144294853,0.2773851142013486,1,interior
0.649473553823983,0.28154573749247863,1,interior
0.6765753171969218,0.37840655349289753,1,interior
0.669303505065907,0.38207104385633317,1,interior
0.6735680812915317,0.3820349952778643,1,interior
0.6617817935584528,0.2820815764031947,1,interior
0.8779420325071641,0.3067756446585749,1,interior
0.6445107619051228,0.28302262561238883,1,interior
0.6457960418705925,0.27871917047900774,1,interior
0.6482282036221335,0.2742494078193617,1,interior
0.6394023629726503,0.28335615858381874,1,interior
0.6433255873105226,0.2753738752925422,1,interior
0.6408220559734933,0.27893875246224525,1,interior
0.6925996947666547,0.24184408055391984,1,interior
0.7011421259348504,0.24451677867601254,1,interior
0.6908015825532466,0.24660013356016838,1,interior
0.7010245396173864,0.249633692738787,1,interior
0.6969116047594279,0.24189385572926314,1,interior
0.656258205181032,0.3079258797123092,1,interior
0.6529374247965967,0.30560749031508117,1,interior
0.6517030842663394,0.3014868027462792,1,interior
0.6564381978120686,0.3221727657912747,1,interior
0.6596769620234771,0.3251899715185683,1,interior
0.8058745584286766,0.23643832322570202,1,interior
0.8020491101973034,0.2328485308136859,1,interior
0.734519775119144,0.24103063147835546,1,interior
0.7383542881440947,0.23990716484076038,1,interior
0.7306170600259467,0.24129243839520248,1,interior
0.6641691982509006,0.26071678780461044,1,interior
0.6638540215354101,0.2728285662598398,1,interior
0.8121086752858367,0.23289928580228977,1,interior
0.8120172241036417,0.23758403052320945,1,interior
0.8064049323848903,0.23093252107425485,1,interior
0.691223638530925,0.3999359304350318,1,interior
0.6814730122909942,0.4006546318825349,1,interior
0.6868203829904301,0.3988839744897113,1,interior
0.6434850881932034,0.2712444238995411,1,interior
0.6498037987669242,0.27784484231030954,1,interior
0.651640004689098,0.26681637938752234,1,interior
0.6474836667004833,0.26919268904014726,1,interior
0.6652474322161165,0.38049379309509535,1,interior
0.648611711534018,0.3231536246288714,1,interior
0.6515055413364349,0.320450060270924,1,interior
0.6478301751044789,0.3265272723210991,1,interior
0.65031871537104,0.3296881948255606,1,interior
0.7438895274811403,0.269345192570444,1,interior
0.6542223551442091,0.31750914644491085,1,interior
0.647233555478562,0.3197358580446921,1,interior
0.6492310873691907,0.3153569647404694,1,interior
0.8683590176372072,0.3137019764282138,1,interior
0.6516409591769188,0.3101698855398371,1,interior
0.6555396884487686,0.3281582653550385,1,interior
0.7480054780061536,0.2341255953882935,1,interior
0.7427928133350371,0.2364851074407551,1,interior
0.6674212218109908,0.2569912651061493,1,interior
0.6721825724579145,0.2564830969214066,1,interior
0.8726533959351462,0.3144837936195994,1,interior
0.667617946369825,0.2745315315088243,1,interior
0.8750878706122617,0.31081557896611284,1,interior
0.8825658770998629,0.30775042842013145,1,interior
0.8816319875156702,0.30335402889773233,1,interior
0.8797564260525447,0.3110957469841278,1,interior
0.7660578296212749,0.23527279208938148,1,interior
0.7616442130358906,0.23803900322704077,1,interior
0.7697475914789644,0.24473035035073326,1,interior
0.7672319355078737,0.24026365016043036,1,interior
0.8418182376925207,0.24542125933968081,1,interior
0.8425091108083962,0.24089206506584734,1,interior
0.8335978142592403,0.239547325484638,1,interior
0.8378189318678018,0.23760051086466727,1,interior
0.6572846468063998,0.3322454397484978,1,interior
0.8707593730990072,0.26104213405023874,1,interior
0.8647298072786134,0.2614859685095318,1,interior
0.8737363705803692,0.26668031797690656,1,interior
0.6851247446024239,0.40281112271935077,1,interior
0.6886722602014789,0.40205637368881286,1,interior
0.7704247082815971,0.23686032447473676,1,interior
0.7725261356616762,0.2412746156142497,1,interior
0.6866275364272872,0.24737739541321768,1,interior
0.6798131357651301,0.2526815238368145,1,interior
0.6816090043454688,0.24739613637976407,1,interior
0.7972867729234855,0.23168823038171446,1,interior
0.6447550692510337,0.32932566888185705,1,interior
0.6443774282385336,0.32353551985373324,1,interior
0.67843704002994,0.3831985797941382,1,interior
0.7766493726124607,0.24198252775678933,1,interior
0.8764881195247586,0.2711461455594935,1,interior
0.8784104426367007,0.27632771652197174,1,interior
0.8815721748259602,0.2725717604794604,1,interior
0.670290994251455,0.25279999587752316,1,interior
0.6617691650508964,0.2552863986536306,1,interior
0.6660041804705432,0.2533457097170628,1,interior
0.8464845247309064,0.2442618881179919,1,interior
0.8448635731292325,0.24903521038283738,1,interior
0.8871467206331847,0.3063253248014125,1,interior
0.6437652983357877,0.2976084216113733,1,interior
0.6460525229889416,0.29200408003966316,1,interior
0.6476782816726783,0.30071474470023907,1,interior
0.7438690133833262,0.2305533592099953,1,interior
0.7568018905469573,0.23557535733187793,1,interior
0.7475215252514527,0.22885326726592678,1,interior
0.751381879409094,0.2296782254092745,1,interior
0.6423582693661037,0.3434697889882032,1,interior
0.6452934837743711,0.3485121928649919,1,interior
0.7758566823366706,0.230025914152731,1,interior
0.6397534702060395,0.2688239408114383,1,interior
0.6387470060917098,0.273736216057059,1,interior
0.6553959196293748,0.3520760332150076,1,interior
0.6750193467427938,0.252892848015762,1,interior
0.8552096285198725,0.259005711009029,1,interior
0.8513032840542794,0.2565006301611115,1,interior
0.8786205209778082,0.2838940421696397,1,interior
0.8771430121689138,0.280237421984494,1,interior
0.6433474913633106,0.3340034881832922,1,interior
0.8493717931162085,0.25228379991454436,1,interior
0.8550744568120164,0.25411963495354106,1,interior
0.6550998950684982,0.2631231540873616,1,interior
0.652335149160509,0.27150386113475694,1,interior
0.6470296495203635,0.2643756693451823,1,interior
0.6509800371134913,0.2627832417983983,1,interior
0.826497912101531,0.23285918027219707,1,interior
0.8204563940711533,0.2393646841842279,1,interior
0.8289184825488648,0.2375258857975357,1,interior
0.823529587933027,0.23689504294621644,1,interior
0.7529155317833987,0.23351649480848838,1,interior
0.861532365154796,0.2859462805782512,1,interior
0.6483086651224069,0.30586696331409585,1,interior
0.6444385663488862,0.30310220968052926,1,interior
0.8820413536390949,0.2811347669067236,1,interior
0.8334407453040671,0.23537009213347132,1,interior
0.8311888746796671,0.23197109499056487,1,interior
0.8604628560602711,0.25710073954958074,1,interior
0.6583249342344956,0.25908378048455166,1,interior
0.6526929284429299,0.2584641953448826,1,interior
0.726895517783421,0.2373200062034112,1,interior
0.7209872226032256,0.23204008232533832,1,interior
0.7168600938256869,0.23352489664645096,1,interior
0.6849839297034962,0.2752394972250843,1,interior
0.7281061817707275,0.23278460514680158,1,interior
0.7256531675717569,0.2413245059749127,1,interior
0.7343363677503314,0.23742437200349606,1,interior
0.8496530754935018,0.24770437490355784,1,interior
0.8548087001665754,0.2485647227395116,1,interior
0.6725984403733101,0.24826313497149935,1,interior
0.6773641210144785,0.24924958532033994,1,interior
0.7077010909754414,0.2566343323816315,1,interior
0.7051046041222864,0.248606457608774,1,interior
0.8839434416648609,0.2768281413015565,1,interior
0.6560747648020838,0.2542727274627606,1,interior
0.6631583533466003,0.25078428239571604,1,interior
0.6433675041815083,0.3136655051500278,1,interior
0.6470349044834468,0.31078812700071634,1,interior
0.6434913831338608,0.318123877567697,1,interior
0.8804986205612372,0.3182872015452266,1,interior
0.8770140633674245,0.31534150470454086,1,interior
0.7749975893122758,0.22422978260990709,1,interior
0.7787020103728481,0.22628950198085676,1,interior
0.7716509069287991,0.22688227418480572,1,interior
0.7703997479367765,0.23176824077503735,1,interior
0.6351011526116511,0.2785780080652489,1,interior
0.7654664495933468,0.23093373919016208,1,interior
0.7612527593721391,0.2331099378457686,1,interior
0.8840319753798589,0.3212879298533159,1,interior
0.648116675833314,0.26040858605199657,1,interior
0.6477405095144346,0.2569386897962581,1,interior
0.6506045659681509,0.2534857054980391,1,interior
0.639758100481223,0.3216170053775495,1,interior
0.6409878251629915,0.3263886939888577,1,interior
0.6367728559544034,0.3258604619793101,1,interior
0.738285503355975,0.23558408502091574,1,interior
0.6591365992931343,0.3586672885455154,1,interior
0.653850173011003,0.3595992225957197,1,interior
0.885104109649723,0.3116573573835058,1,interior
0.8844751406696253,0.31679055591215427,1,interior
0.6611176342753192,0.38399195913403,1,interior
0.665839983338461,0.38524483750228705,1,interior
0.660269781821472,0.3785556592710883,1,interior
0.8863726084146321,0.2847597671671756,1,interior
0.8899564540834767,0.28765383596420213,1,interior
0.890491822155178,0.2963366893785677,1,interior
0.7138623829528653,0.22959599990057095,1,interior
0.7116107156993448,0.2333159796694264,1,interior
0.7175840610641542,0.22847929762802224,1,interior
0.7242401673096296,0.23416634365896197,1,interior
0.826586787297519,0.2244211246469591,1,interior
0.8344970579511203,0.22736548776756776,1,interior
0.8289259561592058,0.2283125752216303,1,interior
0.8364000000159897,0.23200227441210955,1,interior
0.8235431269722439,0.22871090400243915,1,interior
0.6399796927063032,0.3485881153865718,1,interior
0.6464676182245012,0.3540474703905803,1,interior
0.6384003034456945,0.34564945381285106,1,interior
0.6403424597618487,0.3026427246181786,1,interior
0.8162205248300168,0.2395449820231182,1,interior
0.8454914683101918,0.23615571287633771,1,interior
0.8482859819406773,0.23957798996417565,1,interior
0.851748606470193,0.24364881747357178,1,interior
0.7349512875488928,0.23260100811926201,1,interior
0.7269312459351499,0.22516404158642933,1,interior
0.7312700456118499,0.22851106703318083,1,interior
0.6430897397371814,0.2660413872412541,1,interior
0.649792981323249,0.36222935094352343,1,interior
0.649464561999862,0.3578633352276369,1,interior
0.6560164581568007,0.3558521626122504,1,interior
0.6379413543295434,0.2975024838100654,1,interior
0.6343940569519391,0.2991106406198103,1,interior
0.635179007839981,0.3029369868330337,1,interior
0.6429633478862579,0.30796315379842654,1,interior
0.6378604169194649,0.3073525605921298,1,interior
0.8013675833086428,0.22366241293103495,1,interior
0.8013339610170829,0.22843382034446158,1,interior
0.7961815048582122,0.226291090223775,1,interior
0.6345010079989679,0.34782727769102806,1,interior
0.6320972101363755,0.3430641382745419,1,interior
0.6354331932149901,0.33960342160403756,1,interior
0.6804981627749555,0.24197889556906152,1,interior
0.676705016294077,0.2451001697036701,1,interior
0.7993264603838963,0.21657380162320344,1,interior
0.8058383844500057,0.22596473220577562,1,interior
0.8056806242205674,0.22133224431302354,1,interior
0.7937111667498433,0.2218729797880319,1,interior
0.8939146861014186,0.2990167592138941,1,interior
0.8902523670442788,0.30159491099136465,1,interior
0.8951951038837661,0.29526743286692897,1,interior
0.8968402672592294,0.291487237325726,1,interior
0.8253285198800734,0.2209137179338346,1,interior
0.8182942726773641,0.23128070687253868,1,interior
0.8213004691161807,0.2237426691517828,1,interior
0.6430648825418273,0.26008578250647946,1,interior
0.6381379615520906,0.26415252799639416,1,interior
0.6406686402554278,0.25616303732764417,1,interior
0.6365458455612423,0.25885826438067416,1,interior
0.6762380822290777,0.24067626046148782,1,interior
0.6846706588948209,0.23804839174485753,1,interior
0.6794677602681087,0.23719029106885167,1,interior
0.6842781800515685,0.2432733603537563,1,interior
0.7358023609028316,0.22344513488851517,1,interior
0.736257727777748,0.22826408510587748,1,interior
0.725570472558009,0.22977038965233,1,interior
0.7748944160951472,0.23606632901233318,1,interior
0.9015383908870527,0.2910626561502641,1,interior
0.8994030023769543,0.2876785086834586,1,interior
0.900066726621603,0.2949773676919549,1,interior
0.8945075457605126,0.28753118665833227,1,interior
0.6902572200089425,0.23761265706124757,1,interior
0.6827667729826568,0.2323557342772197,1,interior
0.6880845154098582,0.23326061403194717,1,interior
0.8098877998353973,0.22250048281364485,1,interior
0.810606136170533,0.22767352781419392,1,interior
0.770595638566639,0.22170771052493457,1,interior
0.7791647203226034,0.22180747185135677,1,interior
0.775168962179606,0.21900296376040088,1,interior
0.7231369103977191,0.22266187073576915,1,interior
0.7137056003822181,0.2245083374850785,1,interior
0.8219842051383413,0.23309336668588024,1,interior
0.8610121184774479,0.24772074017358112,1,interior
0.8571306280248854,0.24265830862773077,1,interior
0.8588033991358435,0.25208554415239465,1,interior
0.6720494698790629,0.24241005941628363,1,interior
0.6674578415944924,0.24948378962110865,1,interior
0.7567439985237987,0.23013324877248603,1,interior
0.6351628325804775,0.320817683651819,1,interior
0.6337589334316424,0.32972369185983025,1,interior
0.6391852368095036,0.33120573052209823,1,interior
0.6320585552603076,0.32481979774520686,1,interior
0.6339297379976578,0.2731479092716377,1,interior
0.6290941467033081,0.279054479626579,1,interior
0.6319954748202715,0.28220420404995583,1,interior
0.658880254644252,0.2496182520761674,1,interior
0.6636118552546744,0.24620255473012098,1,interior
0.8267928021351315,0.21689874527459926,1,interior
0.830332382412379,0.2201545158746237,1,interior
0.8218902237681011,0.21861839710931452,1,interior
0.638027891285348,0.28825979636143234,1,interior
0.640694103878,0.2926541833067096,1,interior
0.767197154517544,0.2266473223043725,1,interior
0.782021343550458,0.2137940077117659,1,interior
0.7837952006501724,0.21949650408510107,1,interior
0.7827808584221022,0.22484761158192476,1,interior
0.8613147112181326,0.2385919388500709,1,interior
0.8620826931415779,0.24286462229684308,1,interior
0.8565186486018096,0.2368363856443184,1,interior
0.6754999866989382,0.3864771482505115,1,interior
0.6708948576226265,0.386728389689949,1,interior
0.851042757877548,0.23385795397527595,1,interior
0.8529858878245553,0.23911747946740367,1,interior
0.6458076075946675,0.35949390828417555,1,interior
0.6415577207373451,0.35770382829063174,1,interior
0.6517466132838726,0.35462101614692737,1,interior
0.7867334663080466,0.2234611758922279,1,interior
0.8799215901410437,0.2674693152091309,1,interior
0.8768268788968752,0.2627166893532419,1,interior
0.8655115321248626,0.24536019974574694,1,interior
0.8667261509152551,0.2401748897940598,1,interior
0.6768199557526231,0.3940922705146776,1,interior
0.6767791868254696,0.3985504146116486,1,interior
0.7494732220314813,0.22451349696266035,1,interior
0.7539033971517632,0.2265108667215634,1,interior
0.6668004315150529,0.38914272497287206,1,interior
0.6742590956138791,0.3908801951028877,1,interior
0.7908201986028008,0.22534135024925198,1,interior
0.7082080219073699,0.23979732548376842,1,interior
0.6747644872347737,0.23152950842229175,1,interior
0.6870697645183836,0.22780099866941575,1,interior
0.6783326283844663,0.22822496339443007,1,interior
0.8176872436726731,0.2354839103741564,1,interior
0.6248567615723442,0.27629713794337757,1,interior
0.6238778906892861,0.28167170446186407,1,interior
0.629868495321908,0.2745827437040546,1,interior
0.8411027047507895,0.23344425963172,1,interior
0.7794173151073938,0.21736546330606651,1,interior
0.7714205063705571,0.2162343578814001,1,interior
0.7667997664227407,0.2178496197918914,1,interior
0.7716791030218353,0.21200553219898177,1,interior
0.7763779927695759,0.2134504944555575,1,interior
0.6589963473770707,0.24381213383344025,1,interior
0.6656416575250595,0.23808223293492653,1,interior
0.6679306450903372,0.3957493432568503,1,interior
0.6617792041309759,0.3893303387516357,1,interior
0.6607579900577427,0.394220339937659,1,interior
0.6422899961318385,0.3626990973386008,1,interior
0.6365353321575576,0.3560996536523197,1,interior
0.6366695922265497,0.3517875400610954,1,interior
0.6372096171852143,0.36154787682935324,1,interior
0.7617815443142893,0.228276563084835,1,interior
0.6997841838661385,0.2393039241705762,1,interior
0.6954412970373302,0.23773770695286042,1,interior
0.6953943424626821,0.24551245797870935,1,interior
0.7038249107312756,0.23954882175313838,1,interior
0.7582346567881225,0.2241798518235252,1,interior
0.7866655663080943,0.22824399469825166,1,interior
0.7062676276969704,0.23537902541127723,1,interior
0.6412847470384783,0.352943739400806,1,interior
0.6382172156280471,0.3163423683709651,1,interior
0.6309054912971063,0.3203620606574371,1,interior
0.6326655235594997,0.316095402569073,1,interior
0.8455796646051154,0.23110010092429997,1,interior
0.8558980440833477,0.2322577440035552,1,interior
0.8538076571249748,0.227484587250291,1,interior
0.8630652531807552,0.25262706115196226,1,interior
0.8672205666443802,0.25027766600683926,1,interior
0.8151780865638136,0.22429665984847683,1,interior
0.8604496264360683,0.23376344602832766,1,interior
0.6455101780722127,0.3385597617950062,1,interior
0.7397710025584905,0.2315480603560075,1,interior
0.631546665342392,0.3583918038136887,1,interior
0.6328654438401491,0.3634388753440557,1,interior
0.6317544288626277,0.35246437863974517,1,interior
0.8392190576528447,0.24886531870935866,1,interior
0.8080260819995354,0.2162356050638284,1,interior
0.8133722780874071,0.21921218692377428,1,interior
0.6295880042115906,0.34686138499420477,1,interior
0.6273758262356349,0.3499649748545776,1,interior
0.7403598798038328,0.22624780971348224,1,interior
0.6937290794663458,0.23354950048055786,1,interior
0.6398699740929154,0.3667776225488399,1,interior
0.6265016033318694,0.3547479912864214,1,interior
0.6264111534874272,0.35932458044768734,1,interior
0.6286039296560331,0.3631098550869949,1,interior
0.628076562680292,0.2831787704737748,1,interior
0.6335220837505429,0.28885110079272647,1,interior
0.630541113961447,0.28643772651441335,1,interior
0.6570863403195952,0.3738169464552985,1,interior
0.8853303609111217,0.26591889871544827,1,interior
0.8809645361252162,0.25843814498910683,1,interior
0.6765260153464268,0.22259936415979112,1,interior
0.6843795052776173,0.22285953490856883,1,interior
0.6734229287806078,0.2272551545154032,1,interior
0.6827231164572855,0.22728809374409784,1,interior
0.6803755651569127,0.22364306419836613,1,interior
0.6670631920484547,0.2421264643111948,1,interior
0.6334874496917019,0.2659445625371426,1,interior
0.6394287977428149,0.311594431313993,1,interior
0.6567183110933666,0.38728431313565476,1,interior
0.6563165415790453,0.3822076378815307,1,interior
0.8581666070663697,0.2245845334189774,1,interior
0.8455876235075822,0.22589571676222656,1,interior
0.8545259545541657,0.2215054001670934,1,interior
0.6326750134931812,0.25436548050118896,1,interior
0.6368269802403892,0.2542868101236655,1,interior
0.6305965548618299,0.25872914787036966,1,interior
0.6533742888182478,0.24955019979336204,1,interior
0.6481926776838379,0.24885482861424904,1,interior
0.644983198108143,0.25359914092193725,1,interior
0.7314080526746719,0.22215021436234364,1,interior
0.7351354572581484,0.2170860808940787,1,interior
0.7408044783454023,0.2201481219979909,1,interior
0.7630768414821388,0.2244078447112602,1,interior
0.6509605738031936,0.24461325980610812,1,interior
0.6459629059403449,0.24382593597187663,1,interior
0.6434191760946967,0.24818860031737935,1,interior
0.8753610862949657,0.2583195191228721,1,interior
0.8860967291439217,0.25695501917718666,1,interior
0.8240930472987773,0.20930303913111437,1,interior
0.8231127924204934,0.2141715795812189,1,interior
0.8320380060370706,0.21543205216197972,1,interior
0.827838984247812,0.21242524418825925,1,interior
0.6279984094107788,0.34196830391543137,1,interior
0.6239697411569187,0.34583679525539923,1,interior
0.6292996298884985,0.24975859934427844,1,interior
0.6350163837008888,0.24971065527834777,1,interior
0.628162455421651,0.25412149063257533,1,interior
0.6740752667581494,0.23659815152952612,1,interior
0.6321956251202367,0.24555833337714153,1,interior
0.6409898256703291,0.24348396121144636,1,interior
0.6359287322761332,0.2440207317761984,1,interior
0.6401196490479326,0.2516627665981674,1,interior
0.740040003527359,0.21398114832832563,1,interior
0.7301864866111234,0.21726221869506293,1,interior
0.7351464863837569,0.21047429387503486,1,interior
0.7270173722497796,0.220070710093873,1,interior
0.6301563237528452,0.2691730428001478,1,interior
0.6297102780060077,0.264010660839696,1,interior
0.6356769349546113,0.26917784029746844,1,interior
0.8416819698428468,0.2373113182950358,1,interior
0.8923055591912243,0.27990202850602103,1,interior
0.8178191843484959,0.21566495285570308,1,interior
0.7460232218462779,0.2205956686091879,1,interior
0.7551480436075685,0.220085832254541,1,interior
0.7504356949519468,0.21867974675121088,1,interior
0.840490647990951,0.22827199867527562,1,interior
0.8342101451783762,0.22241201345867007,1,interior
0.8308983217320698,0.22445099466894297,1,interior
0.8406846079351749,0.21998065892069993,1,interior
0.6429793326614212,0.28765248575092595,1,interior
0.7220512394098834,0.22710936350306463,1,interior
0.896314345889766,0.3308825063659099,1,interior
0.89491074549737,0.3281745873710278,1,interior
0.6998744364379635,0.23415603930603535,1,interior
0.7382645298930818,0.20548719374208999,1,interior
0.7305080158179876,0.21283689912834733,1,interior
0.7293772228688644,0.20769300117417905,1,interior
0.7338784066901105,0.2056632131621095,1,interior
0.670760317858321,0.23226638594933055,1,interior
0.6780285990876788,0.23325398636788247,1,interior
0.6269816951552393,0.33689517916954886,1,interior
0.6312949100728116,0.33810090886485084,1,interior
0.6226281984498415,0.3368530577244049,1,interior
0.6242762007623391,0.340728880414721,1,interior
0.7588187980513224,0.2190716284980762,1,interior
0.762507313398907,0.2203500166241876,1,interior
0.8132424719746595,0.2147966195577387,1,interior
0.8664303987089305,0.25635153489997037,1,interior
0.7663693039381937,0.2221001480348685,1,interior
0.7099861396018965,0.22802534783826903,1,interior
0.7073930867980388,0.23114970844453436,1,interior
0.644583701128557,0.3673630417350338,1,interior
0.6464777657622671,0.36394852120887833,1,interior
0.7671691383748817,0.21323085412988999,1,interior
0.654373965001933,0.24048624104337982,1,interior
0.6488799490160284,0.23958831058172847,1,interior
0.8881337336335303,0.32354622196188443,1,interior
0.8919069635609027,0.32554593256409375,1,interior
0.8955432675511125,0.3027092030348961,1,interior
0.8927264702129909,0.30654305303814716,1,interior
0.8982335207038732,0.2989232507127881,1,interior
0.90057477482554,0.3026437221748674,1,interior
0.6434613855624459,0.23896970822701435,1,interior
0.6379068468802123,0.23926779188194303,1,interior
0.7409383692987697,0.2012130804092029,1,interior
0.7449503358219528,0.2100839735739286,1,interior
0.7355868050462703,0.20109544578143201,1,interior
0.8149478572203515,0.22893145017110528,1,interior
0.6589347292537701,0.23837314252107053,1,interior
0.7861402834313828,0.20993959090285436,1,interior
0.7863875473243487,0.21544943737030411,1,interior
0.7797389789348748,0.20837501029758587,1,interior
0.6387371836409567,0.34186097364819235,1,interior
0.6401601970920907,0.3375511265635177,1,interior
0.7619462012673074,0.21538896848141795,1,interior
0.903034164812159,0.2984389402726569,1,interior
0.9052988207982963,0.28754496127005064,1,interior
0.9048915101123943,0.2936153046003547,1,interior
0.9013675412799378,0.28499294586188106,1,interior
0.8892917773976386,0.26881179359506885,1,interior
0.8897923596998605,0.2640240819743925,1,interior
0.8845818978223502,0.2696626187123305,1,interior
0.8857809022352918,0.26131876529434445,1,interior
0.7254172536480292,0.21497250417108701,1,interior
0.7201723132573431,0.22010278580856024,1,interior
0.6602009354555501,0.23232225820004632,1,interior
0.6518012365718399,0.23528246304383352,1,interior
0.662429724637137,0.2364426968265462,1,interior
0.6561279246727031,0.2354993463119815,1,interior
0.8158945774847418,0.21024377973909164,1,interior
0.6913687411986322,0.2297222343537543,1,interior
0.6922067060406997,0.22526905450030213,1,interior
0.847200495545578,0.21683146441849077,1,interior
0.8421512432111575,0.22385217927411277,1,interior
0.8420908156778211,0.21551474129703432,1,interior
0.6423762341563359,0.3714138354777518,1,interior
0.6355543259064705,0.3670569067700908,1,interior
0.638111792848643,0.37160397639627707,1,interior
0.6884044607957037,0.2228244088593168,1,interior
0.6920386919808524,0.22005907753375542,1,interior
0.6960645325271894,0.22900212420699553,1,interior
0.6974479078131492,0.2235532741741529,1,interior
0.739064583895436,0.19788669342090084,1,interior
0.7304805524469448,0.20260709544823075,1,interior
0.7308060846195242,0.1981686601608177,1,interior
0.8979055475028703,0.3064091304279147,1,interior
0.8959896069967325,0.3105436368417948,1,interior
0.8908955137602391,0.3115221005906337,1,interior
0.6355650131139744,0.23536905215210177,1,interior
0.6312794112923774,0.23958361628924513,1,interior
0.6409377526165646,0.23398054431486895,1,interior
0.9025213647057594,0.3334422174326946,1,interior
0.8991486652219303,0.32980971973444656,1,interior
0.8702868143623851,0.24504596843548926,1,interior
0.8727902178034755,0.25029256306724695,1,interior
0.8714573089205322,0.25495667764062657,1,interior
0.6554296276427279,0.24570143010154907,1,interior
0.7498381041969169,0.21337083379302277,1,interior
0.7555076958765667,0.21564017070460734,1,interior
0.7451424120150012,0.21577022477449148,1,interior
0.7895221080082244,0.21956478248028427,1,interior
0.7945629272646899,0.21701369597566184,1,interior
0.7980042664353184,0.22088661118143607,1,interior
0.8722830262211154,0.2395690783603337,1,interior
0.8753556684348963,0.24611928778275072,1,interior
0.6219745252686454,0.35815012543387503,1,interior
0.6216441328951111,0.3539067570394798,1,interior
0.6522127977266201,0.3734468679073516,1,interior
0.6554816731769798,0.36852608868589604,1,interior
0.8870271859279528,0.2730161502121562,1,interior
0.8817124470791853,0.2632619306632625,1,interior
0.6703354176844688,0.2989822858205534,1,interior
0.8027171990569607,0.2184681864367287,1,interior
0.625323803930913,0.27103048195718676,1,interior
0.8497258770320696,0.22251160013492607,1,interior
0.8449627990868276,0.22058732468993428,1,interior
0.6466215232014579,0.2345857102762261,1,interior
0.6348669331281814,0.3118472202204842,1,interior
0.8840707643281359,0.25298718391377817,1,interior
0.8901398135671305,0.25906929778774956,1,interior
0.8902074048539693,0.2536999627177472,1,interior
0.8177904560091749,0.22049242199508962,1,interior
0.6724631936980204,0.3960761399740901,1,interior
0.6332970062046206,0.30771387298706,1,interior
0.6277959750954708,0.3168791693893425,1,interior
0.6286411322309035,0.32811578816058234,1,interior
0.6626409184104747,0.24118703653848053,1,interior
0.7033049172148024,0.22308830629785312,1,interior
0.7084782554206014,0.22318387650556126,1,interior
0.7053504459180108,0.22722342831308096,1,interior
0.907879404186843,0.2975047692750901,1,interior
0.9101829017896518,0.30175472824888244,1,interior
0.9029259933641485,0.3065344879656457,1,interior
0.9055517339909948,0.3024680048820827,1,interior
0.8880881102874639,0.319455813358744,1,interior
0.8380535179680907,0.22351699676766643,1,interior
0.6351029182961054,0.2844537111232685,1,interior
0.6352840811916677,0.29250057073394425,1,interior
0.6327129328654756,0.2956568632553071,1,interior
0.6173113761778727,0.3555561309876637,1,interior
0.618541136447074,0.3618431371705056,1,interior
0.6234716624944691,0.36294915951605544,1,interior
0.7634247995616542,0.2098071067234065,1,interior
0.7688448226033443,0.20868964172180213,1,interior
0.8924711539387422,0.2761653862731777,1,interior
0.8890031921457715,0.2763676325078192,1,interior
0.6259060237411767,0.36668984683544437,1,interior
0.6683277171685703,0.3992368770010393,1,interior
0.6651487382667071,0.3930940712551872,1,interior
0.6633102115637283,0.3979073767176332,1,interior
0.7005260331437432,0.22796397726007864,1,interior
0.7034216606511106,0.23141589700618184,1,interior
0.6601360615576629,0.4023744853059865,1,interior
0.6572203951471354,0.39762568969734297,1,interior
0.6257454254073245,0.28688552541626827,1,interior
0.6290410424092943,0.2914887043822115,1,interior
0.7838393080847644,0.2052676658306863,1,interior
0.7795780020287408,0.2018038574022429,1,interior
0.7739852442787972,0.208482691106362,1,interior
0.7757507997238062,0.20463070116655904,1,interior
0.7261496576367941,0.20391441993336987,1,interior
0.7401670846979348,0.20922075840169546,1,interior
0.8026378549865945,0.21259991329802624,1,interior
0.7979206086903933,0.2131997117706185,1,interior
0.7943583131965513,0.21218802043120913,1,interior
0.6301389072339195,0.3331261434629116,1,interior
0.6351971632855425,0.33477538292445086,1,interior
0.8952892672947254,0.2525960862217232,1,interior
0.8947239831389856,0.2574682114051218,1,interior
0.8918485700667796,0.31686586565379415,1,interior
0.888057443707573,0.3151605818331727,1,interior
0.8914421875183423,0.2838417719500524,1,interior
0.8971074708909987,0.28266221513075535,1,interior
0.6562399731706099,0.4015297073318395,1,interior
0.6522020270113708,0.3999712513376888,1,interior
0.652006131872028,0.38959891813660724,1,interior
0.6565483371417349,0.3924183748912078,1,interior
0.6250533286926032,0.2655287620391966,1,interior
0.6336804593854922,0.2621397891533198,1,interior
0.623510015654579,0.260791980320689,1,interior
0.8189903872170919,0.22730523407393805,1,interior
0.609493723117685,0.3592321850061319,1,interior
0.612222687558256,0.3550220273678529,1,interior
0.619724423393868,0.3501395313605087,1,interior
0.61478241482845,0.3498495773045917,1,interior
0.614209243866552,0.3601058475709718,1,interior
0.6092823638787229,0.3507792849372758,1,interior
0.8771734539590682,0.2497641730482198,1,interior
0.8775760194981428,0.2540532391881214,1,interior
0.6764311446210365,0.4026503381076995,1,interior
0.6286440811362447,0.24465861005493234,1,interior
0.6253313537529216,0.24225344050180697,1,interior
0.6316161989237775,0.2327296932834879,1,interior
0.6283191085184765,0.23450942923756973,1,interior
0.6290944510804902,0.31131337180224045,1,interior
0.851680442960893,0.21729046329009918,1,interior
0.8497026047866664,0.21325729919749206,1,interior
0.8423705113827773,0.2096337082099761,1,interior
0.846115763073963,0.21156153958258175,1,interior
0.8959925857681235,0.2770179554527577,1,interior
0.8999321495013637,0.2783122394970409,1,interior
0.6298189742960941,0.3055459952433044,1,interior
0.6305470396684346,0.3003515616417424,1,interior
0.6264194706902504,0.30299834095051303,1,interior
0.8998009782720304,0.2563617080987144,1,interior
0.8936294397251068,0.2618803439795774,1,interior
0.8980374488434913,0.2621758928743934,1,interior
0.8967381649227033,0.32399701139275455,1,interior
0.8921886726859715,0.32149209285351366,1,interior
0.8391027029099896,0.20772172606909015,1,interior
0.8374454691062025,0.2127660082719021,1,interior
0.8465525791793759,0.2059722900031192,1,interior
0.841770064392756,0.20365214548840946,1,interior
0.9036626712864262,0.32837791777093633,1,interior
0.9070564873047177,0.3357390499157874,1,interior
0.9051201860841921,0.33219803741391607,1,interior
0.6106610236158043,0.3461110523634959,1,interior
0.6069948264014529,0.35530278011272315,1,interior
0.9068460772425441,0.28174620803529976,1,interior
0.7156292675314494,0.21520399727140846,1,interior
0.7163577802167341,0.21978075664848704,1,interior
0.7200953660249455,0.21612671344655177,1,interior
0.7234282001023442,0.21844897485866882,1,interior
0.7185864748582435,0.22392562976264865,1,interior
0.6245151999138692,0.2333075818688149,1,interior
0.6265763882388666,0.22865589527051214,1,interior
0.625093222518258,0.23772822834172755,1,interior
0.6198260724683122,0.2781207058738833,1,interior
0.6188113067407763,0.2825273798740512,1,interior
0.6237839096562146,0.35060350622091047,1,interior
0.8504463942200987,0.20883077258722668,1,interior
0.8535909481467393,0.21255780352232367,1,interior
0.8561653179286685,0.21652140687995083,1,interior
0.6540015961384998,0.40358473699377007,1,interior
0.6464872727484966,0.39501519074253305,1,interior
0.6272431917314837,0.3226162208917687,1,interior
0.9112190938842852,0.28759413890271185,1,interior
0.902747682184299,0.2819552325640436,1,interior
0.6694223612372913,0.23752423597537778,1,interior
0.7118332276853567,0.21918445818631307,1,interior
0.6206875690483237,0.27303351731079967,1,interior
0.616185366678177,0.27503496370922104,1,interior
0.6144237906167006,0.28023870388563077,1,interior
0.8519027925838148,0.20370514498289308,1,interior
0.8468901713269664,0.2000326750329489,1,interior
0.7268824589214866,0.19423142994975842,1,interior
0.7348329706882838,0.19164320476901667,1,interior
0.7312530959738661,0.19407116372799163,1,interior
0.7350214939204189,0.19625507658030075,1,interior
0.6725296318769858,0.4008033379704039,1,interior
0.6551961830445535,0.23079338974698607,1,interior
0.6638898758073757,0.227569555640729,1,interior
0.6658896786621524,0.2329313138188476,1,interior
0.6588163463515568,0.2261669732815612,1,interior
0.9000028128095088,0.31366736387812555,1,interior
0.6226709981289291,0.3222624604064834,1,interior
0.6239245781798227,0.3265288741335367,1,interior
0.6249319250238734,0.33189160469373524,1,interior
0.8553004612587206,0.20803631866945158,1,interior
0.8573588973817587,0.20381557612442258,1,interior
0.8813350862645798,0.31445739998260164,1,interior
0.6240033123385345,0.31863473940594994,1,interior
0.6230691327434653,0.31389376673951913,1,interior
0.6207661708400348,0.2677910501180634,1,interior
0.7903524041153833,0.21392597945323455,1,interior
0.8323429089730934,0.21097148425823034,1,interior
0.8357472694332877,0.20864228970670987,1,interior
0.8363728157791586,0.2182572132041097,1,interior
0.6190899555529857,0.32448330891078087,1,interior
0.6201394498911245,0.32916948136530033,1,interior
0.6190961429278111,0.3191236110420664,1,interior
0.8912750430259303,0.291772787063295,1,interior
0.6213387408976095,0.24565711406733284,1,interior
0.6208881858446762,0.24019619211990498,1,interior
0.7454237359540233,0.20113856672516844,1,interior
0.7434451416473723,0.19196653865307042,1,interior
0.7388269934059576,0.19007473181408194,1,interior
0.9108767852769226,0.3400545347476827,1,interior
0.8931992327385198,0.27221947024507215,1,interior
0.8798675547137367,0.2461887301980754,1,interior
0.6967508217753537,0.2194380445882728,1,interior
0.6501016565038383,0.23027728404134495,1,interior
0.6450618373498173,0.229458897634829,1,interior
0.62005400425905,0.23467752804471959,1,interior
0.617200329361597,0.24337106168396924,1,interior
0.6252253762695739,0.24708110156434343,1,interior
0.6166241212434141,0.23798329483405786,1,interior
0.6131320003312024,0.24119399614531387,1,interior
0.6188608216129734,0.34625909950396644,1,interior
0.9042385031067467,0.2771043321622593,1,interior
0.8090888017673621,0.24556611199789885,1,interior
0.6166366580374424,0.26986637941182523,1,interior
0.611379147706403,0.27599280184421643,1,interior
0.6199774560910319,0.3415942248344152,1,interior
0.6153282528090204,0.34438882634197054,1,interior
0.8072857514534171,0.20924634894046276,1,interior
0.7066340216821072,0.2179784028048679,1,interior
0.7150449657128423,0.21087098159255802,1,interior
0.720403061581176,0.21173002506921876,1,interior
0.9080253974471837,0.3074809989989327,1,interior
0.9043182372497413,0.31107238694876405,1,interior
0.6285811510796698,0.2960127097995703,1,interior
0.7706128524068635,0.20401037593894308,1,interior
0.9080753283992492,0.330907287552217,1,interior
0.9105189348076553,0.35146281354961645,1,interior
0.7431251750911482,0.2052461998486279,1,interior
0.7440038899277394,0.19693947583940513,1,interior
0.6148579257705238,0.3659803266368232,1,interior
0.6207579022438278,0.36743084727111536,1,interior
0.7482437013789855,0.19427694175325808,1,interior
0.7497556881953109,0.1997219072081157,1,interior
0.7476473002392992,0.1887338302986517,1,interior
0.7392080156325709,0.19414641687132772,1,interior
0.6119176283430071,0.34118813569519696,1,interior
0.615874427633733,0.3401410294797669,1,interior
0.607402361692004,0.3423226106141004,1,interior
0.8695233166507128,0.23502732630940548,1,interior
0.8324574372137817,0.2068102236856681,1,interior
0.9138539278629361,0.35141288314647073,1,interior
0.9140981324779651,0.3571333529391645,1,interior
0.6809206833001944,0.21841129741353038,1,interior
0.7850500528581299,0.20064283519481288,1,interior
0.7892785088476898,0.20420238286336226,1,interior
0.7479126993734974,0.20484651841915416,1,interior
0.6218929370791072,0.2303446660337079,1,interior
0.6172764528890341,0.22951380062335489,1,interior
0.614773945993734,0.23292236319537615,1,interior
0.6242239328777066,0.3075269303971844,1,interior
0.6189419715196106,0.31042656183402656,1,interior
0.6516906206779566,0.38432453986280096,1,interior
0.6554652261103388,0.3776192920514203,1,interior
0.7354198340925767,0.18614704714041394,1,interior
0.7305855940979352,0.1899171147410592,1,interior
0.6646814221715115,0.40212130218125913,1,interior
0.6688054411620783,0.4028687948693117,1,interior
0.8873603795602807,0.2806154067519731,1,interior
0.8110358684485686,0.2114544980614345,1,interior
0.6197564938728404,0.30558951742071316,1,interior
0.6221677039873966,0.3010494011188955,1,interior
0.6687043658502185,0.22752792349463205,1,interior
0.616430610247592,0.26474428103572073,1,interior
0.617053120613812,0.3015107149170711,1,interior
0.6242389313623026,0.29537836963669484,1,interior
0.6190509700937826,0.29567828890901326,1,interior
0.6050295916479385,0.347037314605271,1,interior
0.6596151519241763,0.22038625329697012,1,interior
0.6558994732210788,0.22228855619146354,1,interior
0.6627779848642191,0.22280579622844532,1,interior
0.6533584483572948,0.2260616183956854,1,interior
0.6408823488338328,0.3763640401462824,1,interior
0.6358539985182502,0.37602626921021204,1,interior
0.6447490867641249,0.3754365991174199,1,interior
0.6339111743615341,0.3715462150729571,1,interior
0.8560529354198166,0.19971409495375814,1,interior
0.8613404579042352,0.1995897404415106,1,interior
0.8606938616481173,0.20764545924625416,1,interior
0.8609851455322206,0.20384387597841286,1,interior
0.6354962788807127,0.34375968366467513,1,interior
0.9040847383066032,0.2726980090702521,1,interior
0.8994860989975811,0.2732856142602248,1,interior
0.828225364920251,0.2076420767557806,1,interior
0.8422166091732117,0.1984541803850715,1,interior
0.8374072728815888,0.19950746810739095,1,interior
0.7109295745024323,0.2141763296330189,1,interior
0.9095894208607588,0.2922114740500757,1,interior
0.6941389072940165,0.21638792311549587,1,interior
0.6984487170793691,0.215509467146043,1,interior
0.6362901557114355,0.23019110062630702,1,interior
0.6316351569768003,0.22721447221456112,1,interior
0.6472230060002749,0.37168464611751545,1,interior
0.6114296808590667,0.28379259428629144,1,interior
0.6082368016900396,0.28000580077271375,1,interior
0.7943651145018904,0.2046380399333419,1,interior
0.7917742848881913,0.20880152271923977,1,interior
0.7894539386611343,0.199409665096295,1,interior
0.7943848360464553,0.19973883811920692,1,interior
0.6331699302161495,0.37957352135630146,1,interior
0.6290744875933015,0.37906072804352264,1,interior
0.6304382934519144,0.37439297972181995,1,interior
0.6390073387100758,0.3807245134778164,1,interior
0.6345071579886216,0.38347249895013774,1,interior
0.6210624663742761,0.2261304272769313,1,interior
0.6241186702343159,0.22194394300312176,1,interior
0.6093626131529621,0.33729959287428196,1,interior
0.6182733629479334,0.3368009432832864,1,interior
0.6482865489245534,0.2251849950673593,1,interior
0.9159985418237396,0.2858464943821603,1,interior
0.9149660497957237,0.29073566609917406,1,interior
0.9120617769790372,0.28227152656808985,1,interior
0.6202234181430911,0.26251097990471645,1,interior
0.608001652180684,0.2628056442642364,1,interior
0.6162560599899004,0.2587326472090607,1,interior
0.6133065662169171,0.2719260238076583,1,interior
0.6119578125586782,0.26729563727948996,1,interior
0.6157208845332678,0.2861999389636298,1,interior
0.6209751718348836,0.2864051453158553,1,interior
0.895774892420498,0.3193120322865896,1,interior
0.8958262489370526,0.3150320926453645,1,interior
0.7418694027705307,0.1872914319376697,1,interior
0.9004888493976682,0.31908622602671133,1,interior
0.9006790238786199,0.3246066007111793,1,interior
0.9133125818758984,0.34549398766800365,1,interior
0.6818879393239233,0.21040032143172271,1,interior
0.6749794852026275,0.2170889599400592,1,interior
0.6866253628351062,0.21821240739508374,1,interior
0.6792097647044076,0.21342621858026556,1,interior
0.7192456988776488,0.19192763571825677,1,interior
0.7217091118674822,0.19632882096912402,1,interior
0.7261438089694146,0.19948410134931013,1,interior
0.7257283447814368,0.21081480814856607,1,interior
0.7234666169015082,0.20721651444283373,1,interior
0.7213863322556138,0.20226356274813234,1,interior
0.9124036199954398,0.3337432097011971,1,interior
0.9165950240673112,0.34201131805721907,1,interior
0.9087177546601931,0.284939468967102,1,interior
0.9095447983362016,0.27767436438092313,1,interior
0.6210792463063646,0.25722054879830636,1,interior
0.757705633218961,0.19675598969462946,1,interior
0.7531978555485077,0.2052023352151414,1,interior
0.7532443411816737,0.1958432154472521,1,interior
0.897086283137941,0.24740913524987582,1,interior
0.8926950831027983,0.24823769671910909,1,interior
0.8988717308560836,0.2515697361028626,1,interior
0.740383433980934,0.18310138588539332,1,interior
0.610330579267003,0.3665418969155853,1,interior
0.6112176604009314,0.3630451977452311,1,interior
0.6500345399914222,0.3370080410662147,1,interior
0.8579783747941169,0.19510312936251192,1,interior
0.8652763226322916,0.1970248316024653,1,interior
0.8666234803958319,0.200715115372638,1,interior
0.8619562984077478,0.1933105258641829,1,interior
0.7770323112757274,0.19585227605980984,1,interior
0.7742812689260586,0.2001429354810714,1,interior
0.7819811329198716,0.1972179754139153,1,interior
0.7588452690690444,0.21220520288298594,1,interior
0.7542188609725621,0.21062857561688908,1,interior
0.6567803754034812,0.40534507746528775,1,interior
0.786866797163287,0.19517333431285092,1,interior
0.6137305473597224,0.3178441519305207,1,interior
0.6150377427425143,0.3276750326441025,1,interior
0.8494957109050734,0.228292750493513,1,interior
0.6163303384632308,0.3323453893006166,1,interior
0.606621687258988,0.2743280194671485,1,interior
0.6232457615394019,0.2516249844155755,1,interior
0.6179296389666566,0.24890702498429862,1,interior
0.7999751824458826,0.19714135713053413,1,interior
0.7989620589215206,0.2027233860593403,1,interior
0.7960203028214563,0.19417195381338884,1,interior
0.7916435200439584,0.19567601836539858,1,interior
0.7185297893623458,0.20701413357671772,1,interior
0.7445064280477472,0.22504770607004762,1,interior
0.9180775680407541,0.3330765843316739,1,interior
0.9157860880473239,0.32883513464736924,1,interior
0.9203074375963846,0.33804234586233745,1,interior
0.7028166522594165,0.21433370713590819,1,interior
0.7013167743088466,0.2192517850232234,1,interior
0.8357270390262018,0.20394653924402453,1,interior
0.6427834156573341,0.22356531613588368,1,interior
0.6473755585085798,0.22017065965958602,1,interior
0.6517160949763708,0.2210816375982992,1,interior
0.7715046810242437,0.19577700140394824,1,interior
0.777360618845748,0.1914328468191985,1,interior
0.7820801192473281,0.19236956644763228,1,interior
0.7725098675316028,0.19141466530231802,1,interior
0.8702714071094982,0.1978154184686292,1,interior
0.8712210720082117,0.19406699036321937,1,interior
0.9045706722841987,0.3229590080869832,1,interior
0.7976805051820427,0.2084770673062695,1,interior
0.7582657314444222,0.20795843948939166,1,interior
0.6458941572776051,0.38053753860478606,1,interior
0.7534071814881117,0.18757633716452712,1,interior
0.7519849420311558,0.19155275150679313,1,interior
0.7499605805869063,0.18447352231541406,1,interior
0.7454417320188815,0.18360833109026645,1,interior
0.7367415253138084,0.17986095447574663,1,interior
0.7434064748906934,0.178467814111787,1,interior
0.6787957260045611,0.20827339556661165,1,interior
0.6749240854221866,0.21090085017130555,1,interior
0.6847393678191801,0.21299875536912105,1,interior
0.6126376551886292,0.23652848503609727,1,interior
0.6669149626232037,0.22262087414485085,1,interior
0.6717304772017605,0.22239936529090612,1,interior
0.8882233191033514,0.24932125241098846,1,interior
0.8951878945009174,0.24258389395375554,1,interior
0.8898416969989293,0.24451007991669463,1,interior
0.8939666560069309,0.26649437634693957,1,interior
0.9018011082198891,0.26488563856630226,1,interior
0.9029012997015106,0.2689511857575502,1,interior
0.8980123511756792,0.2681507502011824,1,interior
0.6176590848062642,0.3148926048956665,1,interior
0.73106012843854,0.23500923709655433,1,interior
0.9077561874637565,0.2741201568480319,1,interior
0.6124273432399415,0.30315334746291583,1,interior
0.6133405442374694,0.29735846208264816,1,interior
0.8320192679182653,0.19981268131255578,1,interior
0.829777826266923,0.20363559802468056,1,interior
0.6163790886592886,0.37063074439060434,1,interior
0.6212839214651831,0.37271945822216046,1,interior
0.8233868924373557,0.20367691842598581,1,interior
0.620812523091094,0.3774359752555987,1,interior
0.6258464552512658,0.37100193731938624,1,interior
0.6171599667903584,0.37511556961796266,1,interior
0.6252984196689599,0.3765384427271991,1,interior
0.6304968384741424,0.36823478395722636,1,interior
0.7718053213508128,0.1869299565734078,1,interior
0.7674416862424881,0.18850087279861616,1,interior
0.7759949484252567,0.18741876130339782,1,interior
0.7799820058227704,0.18826707123005149,1,interior
0.690077622468125,0.21406190268987715,1,interior
0.7602873181600969,0.2004251487554601,1,interior
0.7572473254078517,0.19188005995559246,1,interior
0.7577374867766352,0.20394445390716673,1,interior
0.7623268386338892,0.19570271413567703,1,interior
0.6704938532307412,0.2086631510680229,1,interior
0.6714007624233862,0.2135637124140431,1,interior
0.6748401509148557,0.20473260902669407,1,interior
0.8387603048260517,0.1947724545939302,1,interior
0.8333781228837956,0.19550057835043658,1,interior
0.6262003907639764,0.2990549621374155,1,interior
0.913111311249499,0.3239565754518826,1,interior
0.9213990726999705,0.3283084214215141,1,interior
0.9116360029124951,0.32874506609736376,1,interior
0.9176896807851925,0.324694297505517,1,interior
0.921586499384193,0.3430833326611999,1,interior
0.9178921796123011,0.3476158572582496,1,interior
0.9154870394789055,0.33735792344182053,1,interior
0.6485911196647287,0.3762600234343294,1,interior
0.6513660291059384,0.3951864029779215,1,interior
0.6992609688200377,0.2108359204596797,1,interior
0.7067962691005656,0.212124018269873,1,interior
0.7028142592907328,0.2091652517772807,1,interior
0.7498239774268434,0.20875885717168235,1,interior
0.8662222071033749,0.20761901094180293,1,interior
0.8628636571692913,0.2115115793283513,1,interior
0.860801006722411,0.21583801302447614,1,interior
0.8826560941641167,0.2429008545315884,1,interior
0.884882302725047,0.2467367283425419,1,interior
0.8780285466175818,0.2412879341476551,1,interior
0.7479088704444489,0.17438181579803944,1,interior
0.7494509726197478,0.17970406982964432,1,interior
0.7434601600340273,0.17250391321206102,1,interior
0.7394349385238994,0.17538714723544666,1,interior
0.6499092150949934,0.36763549202234586,1,interior
0.7839261467471997,0.1870894998170237,1,interior
0.7868141252816179,0.19024460361202727,1,interior
0.7671054778624736,0.19289825246203238,1,interior
0.7669396327940408,0.19686501695861522,1,interior
0.7653683945564979,0.20098403442673307,1,interior
0.762400459319616,0.19055778613053106,1,interior
0.6516728284565588,0.37942307787248647,1,interior
0.7620283318747525,0.20486134215164586,1,interior
0.8827134160542289,0.23902189240413843,1,interior
0.8867867078209258,0.2406195230781842,1,interior
0.7798221253435939,0.183830879080306,1,interior
0.7162588183727867,0.19504458677963457,1,interior
0.7177711708118926,0.19909709490033167,1,interior
0.7159584119597256,0.20293842964998807,1,interior
0.7229333103464507,0.19085072936160477,1,interior
0.8681693611243656,0.23015588751308189,1,interior
0.8650898284991683,0.2348585110514235,1,interior
0.8589795041015953,0.22919427344270982,1,interior
0.81230872503393,0.2065270532857061,1,interior
0.8200943749430614,0.20749300501803827,1,interior
0.8201334774790865,0.2115548070242678,1,interior
0.8171980444399592,0.20448162437113526,1,interior
0.8662861744338948,0.22504150230568948,1,interior
0.8732119437627865,0.23027254861791477,1,interior
0.871304133621817,0.22565664647460779,1,interior
0.615551162146117,0.22488667125043962,1,interior
0.8024085935284605,0.2066437789255007,1,interior
0.6136627191410939,0.3363727458572417,1,interior
0.6474094341926401,0.38620654584340874,1,interior
0.6097906035368444,0.32596117049351964,1,interior
0.6108473517705851,0.3316895915077639,1,interior
0.6143779929829244,0.3226442561294221,1,interior
0.6136605907161096,0.24665809914079553,1,interior
0.7106081873679067,0.2091210679566029,1,interior
0.7067899972116272,0.20699211507069212,1,interior
0.7030048781086089,0.20456791196896013,1,interior
0.6036256975255454,0.366701342959185,1,interior
0.6051034470770805,0.3592937770642849,1,interior
0.8089263322593482,0.2033081982896031,1,interior
0.8132880825571074,0.2009565933161195,1,interior
0.8540348430045863,0.19589346395058077,1,interior
0.6269594846089257,0.2612060138910614,1,interior
0.6255622399397303,0.2569691332782284,1,interior
0.6436567232557622,0.3920441361483988,1,interior
0.6474961631466142,0.3908448216874594,1,interior
0.784454358601971,0.17816512519330605,1,interior
0.784812447904962,0.18266189235978322,1,interior
0.7819419382150143,0.18020026915044457,1,interior
0.8898305178730522,0.23610357762608344,1,interior
0.8802756595114042,0.23631729031521678,1,interior
0.8852409242428242,0.23491293684284728,1,interior
0.7479236321946711,0.16816938674626844,1,interior
0.7381703515210358,0.1701802432760566,1,interior
0.7423849574991841,0.16770421549634765,1,interior
0.6922779622355427,0.2093831352882229,1,interior
0.9231403363794365,0.3339749233135953,1,interior
0.8592984101733866,0.21996489224767865,1,interior
0.6428892630577938,0.3840941743403413,1,interior
0.642475111743309,0.38856740074224944,1,interior
0.6186911182362526,0.29035557226354386,1,interior
0.6150174881178372,0.2918611821041817,1,interior
0.6699263624715388,0.3918946352978701,1,interior
0.6641396637172216,0.21758107071411772,1,interior
0.6693710060439159,0.21785163818282327,1,interior
0.6206624359428291,0.3333015166837716,1,interior
0.6670377313094225,0.21299541046601467,1,interior
0.6597259502925348,0.21576006253632807,1,interior
0.6621215897270838,0.2114532216108216,1,interior
0.7914514301251195,0.19087828142943694,1,interior
0.6949998550798727,0.212508933730749,1,interior
0.6990287032744315,0.20500309307964848,1,interior
0.7631074912427859,0.18681322770724212,1,interior
0.9225677778805622,0.3472960341087354,1,interior
0.921310659307413,0.35108858422448497,1,interior
0.9179422769909977,0.3533953510231105,1,interior
0.665975607602604,0.20807361775272995,1,interior
0.6625050516760664,0.20485804287386075,1,interior
0.6587174735564704,0.20815415937667195,1,interior
0.7107444090540449,0.203667930402756,1,interior
0.9130659874296612,0.2962379466424076,1,interior
0.9147863177828782,0.3012602118662692,1,interior
0.9129032846787289,0.3056395082774566,1,interior
0.9258504309715693,0.3397342533758903,1,interior
0.9266461593460199,0.34540670424315234,1,interior
0.8989718247237888,0.23799354155744704,1,interior
0.9008274825652913,0.2430592068911966,1,interior
0.8946053075686407,0.23699024032427526,1,interior
0.8041781344245178,0.20077902253924879,1,interior
0.7318116037987884,0.1819993786803586,1,interior
0.7291885174764304,0.18541595880822093,1,interior
0.6736465833203502,0.19991329783275283,1,interior
0.6793729819750525,0.19897224843267391,1,interior
0.6687609206794434,0.20316899294093269,1,interior
0.6095520655891612,0.2537807358056562,1,interior
0.6139555888550268,0.2527441633335861,1,interior
0.6184225080233074,0.25379514819980853,1,interior
0.6127565809520938,0.26237563173385636,1,interior
0.6113352940523696,0.2579718967648498,1,interior
0.9201813733293195,0.28405338276251413,1,interior
0.9168857445593495,0.2812436440503245,1,interior
0.9206235510184053,0.28848491456556474,1,interior
0.9233931432474793,0.3553693181036571,1,interior
0.9258542732215002,0.35044979821106587,1,interior
0.9225242476930404,0.36026944309647413,1,interior
0.9286782052286882,0.3593302800069874,1,interior
0.9188595630257165,0.3575675534154125,1,interior
0.9285149858020182,0.354081010261008,1,interior
0.6886094160485565,0.20837616478092638,1,interior
0.6840325288313984,0.20700870230215623,1,interior
0.6071587376520186,0.2852679993077156,1,interior
0.6114061922679,0.2882415908134132,1,interior
0.6647587465582486,0.19976918529085977,1,interior
0.6593960897400308,0.19993031909632145,1,interior
0.6569855399913596,0.20359209538145753,1,interior
0.7312275499846033,0.1776339823055021,1,interior
0.7262587244545118,0.1803113911511305,1,interior
0.7347862016901595,0.17459609501764725,1,interior
0.8814288517162545,0.23235000503172243,1,interior
0.8891108090722492,0.2314100287631806,1,interior
0.884569011718719,0.22923388610028766,1,interior
0.8913469053043958,0.24012631608943016,1,interior
0.6255844453033365,0.21532184116111125,1,interior
0.6191354328314645,0.2220524796646565,1,interior
0.6283434132411069,0.219388914966738,1,interior
0.6202202855313349,0.21775283075322985,1,interior
0.8009585434576421,0.19125993598650634,1,interior
0.7940382415984734,0.1860477593017582,1,interior
0.8346468351350741,0.19131923864361555,1,interior
0.8443479983738786,0.19388724816682354,1,interior
0.8438079988884253,0.1881707569641884,1,interior
0.8396052714159419,0.19027442383220963,1,interior
0.9123529379259996,0.27279582453699525,1,interior
0.9141311627154405,0.2774678498382083,1,interior
0.6410417375598972,0.228864814637952,1,interior
0.6105872735512211,0.22263097386170724,1,interior
0.6148881019863949,0.2197608856434867,1,interior
0.6686393666038675,0.24582341637666075,1,interior
0.6386715715752145,0.225875827338627,1,interior
0.6931758031708458,0.20425442511769204,1,interior
0.6959874954504273,0.20822301877007074,1,interior
0.9049210782190812,0.2455111413443627,1,interior
0.6068444220391511,0.3635326456132079,1,interior
0.8182489303833654,0.1994621428321379,1,interior
0.9033669138120856,0.2603508356918684,1,interior
0.903988996182828,0.31534932949438077,1,interior
0.9063911124915239,0.31854726874584754,1,interior
0.6096386419828318,0.2440658257128984,1,interior
0.8976224285909715,0.23245580678087124,1,interior
0.9032176290058214,0.23470184314282203,1,interior
0.7141050834419288,0.2067189805781337,1,interior
0.9313072819637517,0.34938826548571156,1,interior
0.6132042375230392,0.3738424545534329,1,interior
0.6107753342576624,0.3707225622831673,1,interior
0.7436630896100082,0.16340471290029326,1,interior
0.7510195882497478,0.1634907074239096,1,interior
0.747562298787221,0.1625859106475698,1,interior
0.7502412993731288,0.1764240148832758,1,interior
0.9067286779344949,0.2650591943521748,1,interior
0.9081835391991947,0.259460035331532,1,interior
0.9058192556983382,0.25496838765611274,1,interior
0.7595993620925501,0.1821729896725149,1,boundary
0.6248883436258247,0.20926661219678208,1,interior
0.6294425005416178,0.21025101495351176,1,interior
0.6311932974244936,0.21539240296242676,1,interior
0.6207623044460515,0.21278324837614335,1,interior
0.6105514351439341,0.30808568667912434,1,interior
0.6153106902668141,0.30706905582126903,1,interior
0.6081380949260917,0.3048722965697209,1,interior
0.9173971063557721,0.27380765282865416,1,interior
0.7661677220989617,0.20553957418793156,1,interior
0.9215126429749677,0.28017148024112654,1,interior
0.5999270812834551,0.34641231825653473,1,interior
0.6045436590639259,0.3519524586525651,1,interior
0.6004766360382324,0.35056194318782,1,interior
0.6020144606972726,0.34202548530324756,1,interior
0.8762631098427874,0.2372458777809321,1,interior
0.8732799009490476,0.23487406130432636,1,interior
0.6325513171958291,0.22123322150668592,1,interior
0.635025658530188,0.2252770800260034,1,interior
0.8496137977520153,0.19509759020138598,1,interior
0.8483753190767857,0.19105230082225913,1,interior
0.5976188511819361,0.361942392141056,1,interior
0.6012841341316846,0.35654821423544847,1,interior
0.9081314413059499,0.3261979371094101,1,interior
0.6093381380226947,0.3209779380557806,1,interior
0.6040645330425182,0.32340393651320476,1,interior
0.6054097693774997,0.3291971655512343,1,interior
0.6052422317564765,0.31862310481970973,1,interior
0.5948069671819673,0.3486019018627036,1,interior
0.596441910687006,0.35769206901581785,1,interior
0.5992760259382448,0.36740779833206044,1,interior
0.5937677004981922,0.3658542309337167,1,interior
0.5923317883098612,0.3603511991857053,1,interior
0.613383079479445,0.31240972022770436,1,interior
0.6040739522630004,0.3037085084782883,1,interior
0.6084811192286246,0.3117988888583244,1,interior
0.5996778205203975,0.30752384757272416,1,interior
0.6085216118428947,0.3003669151368934,1,interior
0.5997908883235707,0.30225896477037045,1,interior
0.6040488980583291,0.2985016688800652,1,interior
0.6050551503217093,0.30872775960254034,1,interior
0.9310235579513565,0.3436089438910262,1,interior
0.9311382033261899,0.33852486042637936,1,interior
0.9315023601986079,0.3329313841588542,1,interior
0.8890657812144933,0.22741900055242067,1,interior
0.881772203319283,0.2252584621601269,1,interior
0.8866228130916468,0.22437459762470172,1,interior
0.6198544181378401,0.2076787174500776,1,interior
0.616617852985493,0.21074351606561562,1,interior
0.615589776402956,0.21503607907526298,1,interior
0.8747982925572388,0.19966780183674898,1,interior
0.8754103099284647,0.19612966562602283,1,interior
0.908789126381411,0.3138454961977851,1,interior
0.5944712981152056,0.37071231900984003,1,interior
0.588798940018556,0.3685704869922165,1,interior
0.6284866114211727,0.22394943871175768,1,interior
0.7382842187302001,0.16389223619453744,1,interior
0.9121945339821916,0.31065391417311966,1,interior
0.9144801032395878,0.31531164303646436,1,interior
0.9165489723182656,0.31209225315273875,1,interior
0.9358964947781018,0.3462694306386842,1,interior
0.9356353301704984,0.34133171534525425,1,interior
0.6349407633292659,0.21091545948824647,1,interior
0.6325371790418266,0.20648026360704835,1,interior
0.6281801067034187,0.20372330926839313,1,interior
0.7872284573871619,0.1756322548308314,1,interior
0.683425264381582,0.19399487292374465,1,interior
0.6752972299907801,0.19479132967576826,1,interior
0.6857110454010207,0.19827753228141567,1,interior
0.6793899030757597,0.19319310665579575,1,interior
0.6797917523152932,0.2040862909403193,1,interior
0.7152646959627509,0.19000879396693138,1,interior
0.7193625473324844,0.18662597542211162,1,interior
0.6389961340654209,0.24749079496486986,1,interior
0.7852272629327064,0.17299436415384434,1,interior
0.7911754095867664,0.1728308393784294,1,interior
0.7876154654100629,0.1720566458376235,1,interior
0.7915579383776264,0.17682606433104264,1,interior
0.7934968652413118,0.18072304473238784,1,interior
0.6698299599305935,0.19673089081817968,1,interior
0.8515667355362059,0.18875016056639798,1,interior
0.8537353513387649,0.19181704646783573,1,interior
0.8746439004144148,0.22170173914526128,1,interior
0.8789141036601382,0.22907870461096166,1,interior
0.8843123332036932,0.22068966786662103,1,interior
0.9171780807281781,0.29755550275139603,1,interior
0.9107705215726133,0.34809600676375435,1,interior
0.6096677884897456,0.24919179122115556,1,interior
0.7326374809767963,0.16218233229499784,1,interior
0.7407215991297461,0.15889799381418315,1,interior
0.7357729302010565,0.15838395129214236,1,interior
0.6049489551501416,0.24683707346066658,1,interior
0.6053310270281609,0.2520150652515718,1,interior
0.8796348501775811,0.22151333792300243,1,interior
0.8891330319806986,0.21994640282841393,1,interior
0.7942180691324798,0.1702552134200658,1,interior
0.7242647823380692,0.18568231984093284,1,interior
0.7266257681604923,0.1893085588065799,1,interior
0.605894981906007,0.22478612595447248,1,interior
0.6062698380010422,0.2204786001969677,1,interior
0.6113186171425543,0.22809520305294076,1,interior
0.6099351926308705,0.21674314696121105,1,interior
0.924730032191598,0.28403883168866134,1,interior
0.9258891973024719,0.2883464771386885,1,interior
0.881114919933118,0.2503871931976217,1,interior
0.6118338406604735,0.21136452612682355,1,interior
0.6045627193182096,0.2164731486423431,1,interior
0.6062350304900616,0.21142977286382142,1,interior
0.8390272098118133,0.18573441881547584,1,interior
0.6000169393897153,0.25060431006202466,1,interior
0.6017624207325785,0.25561266817241496,1,interior
0.6065084442610342,0.25724396883653156,1,interior
0.6004627629895296,0.24598514879376268,1,interior
0.9211600862443335,0.364451654771045,1,interior
0.9170821902869777,0.36161992071438526,1,interior
0.7331738914976891,0.17026208461129885,1,interior
0.7299953025948098,0.17259301365281965,1,interior
0.7146816972517822,0.18446893245242416,1,interior
0.7112296755544042,0.19380358736182338,1,interior
0.7071586258405494,0.19057763461746632,1,interior
0.7110499060459371,0.18794463187543264,1,interior
0.7131148123228837,0.19890565773958602,1,interior
0.7065600119464552,0.19529458500241842,1,interior
0.7084379863930099,0.19883424649806972,1,interior
0.7545320286894376,0.17845591232625974,1,boundary
0.9002463570032301,0.3097051828381053,1,interior
0.6057477950274148,0.22949663156188962,1,interior
0.9329557189200951,0.3634995145470659,1,interior
0.9254133647471595,0.3639868814237484,1,interior
0.9351309544268087,0.35925568934277236,1,interior
0.9290302723588175,0.36466430914955883,1,interior
0.9332504684217193,0.35482446275114204,1,interior
0.7584665236542941,0.1861286409256171,1,interior
0.6053967482792556,0.33873228848179837,1,interior
0.6385488450379376,0.38581662754723806,1,interior
0.8620877596416212,0.2264725470523275,1,interior
0.5987592201313423,0.3226427136430952,1,interior
0.6006756105386603,0.3175184733085472,1,interior
0.6000507986683737,0.3279060706019153,1,interior
0.6090037194860024,0.23839802485629957,1,interior
0.6111918948216497,0.29269787925883833,1,interior
0.6082503500413519,0.29543343060692867,1,interior
0.5955150409912368,0.3046387633029854,1,interior
0.5995180690713516,0.2981934587485496,1,interior
0.5954338950808472,0.29939978318464927,1,interior
0.8957633363131495,0.22307913298577542,1,interior
0.9017182812781753,0.22992965198637264,1,interior
0.9208620566712981,0.3686292957689526,1,interior
0.9271995226638393,0.36873138899411995,1,interior
0.8667397858700864,0.19364511347816257,1,interior
0.7891812633163099,0.1853806830328553,1,interior
0.9213882747844744,0.32310592696234836,1,interior
0.9260020072656162,0.32430693272935557,1,interior
0.9266163246062061,0.33012552393294575,1,interior
0.9192862070220353,0.30079084857786775,1,interior
0.9184230615577104,0.2934577709130479,1,interior
0.9351552303995635,0.3676070118646928,1,interior
0.8696889587648925,0.2210009080547484,1,interior
0.8764780446349855,0.22567703097426042,1,interior
0.6807383881204269,0.3952183687395359,1,interior
0.8051176300909874,0.19475085083048613,1,interior
0.8057407721616788,0.2050827240921175,1,interior
0.809166461835555,0.19754236157233593,1,interior
0.7063077493694175,0.20254691927421714,1,interior
0.5866455776989875,0.37186918549455916,1,boundary
0.5888702825219454,0.36459781178101397,1,interior
0.5903072710823571,0.3717432458388444,1,interior
0.8579149356105648,0.19078850911290512,1,interior
0.902484860957574,0.2523668981811554,1,interior
0.7454005977453358,0.15842799758505868,1,interior
0.5975424808807865,0.3381899938208924,1,interior
0.5972179157117161,0.34344838896508567,1,interior
0.602014434992937,0.3371684615276672,1,interior
0.6881146206747148,0.20300920978983417,1,interior
0.6064249610390255,0.24215646124057372,1,interior
0.6047566301338912,0.2385378520097198,1,interior
0.8800090473935339,0.19787186016049055,1,interior
0.6723114409906646,0.1912556005836211,1,interior
0.6676243941596928,0.19177902556859103,1,interior
0.6540488889546615,0.20758974512216052,1,interior
0.6561051785606483,0.2125413942044402,1,interior
0.6511707770051312,0.21077224967130084,1,interior
0.5972737014641331,0.3533596020222132,1,interior
0.5892908258363816,0.35589183417234976,1,interior
0.6179022140912204,0.20251677298942203,1,interior
0.7988482211540183,0.17917361512891583,1,interior
0.7960508343425543,0.17495637498193045,1,interior
0.7885771872171586,0.18011375364924956,1,interior
0.6024440298274664,0.24208618368274107,1,interior
0.6654129969134885,0.19527174131857666,1,interior
0.6507718152189926,0.21553064352895546,1,interior
0.6002878307732533,0.21408481666220042,1,interior
0.6049200923961457,0.20492890040539286,1,interior
0.6020404277385424,0.20933643094221602,1,interior
0.6096525565148326,0.2065810184742106,1,interior
0.5971280858017033,0.29412361163538814,1,interior
0.6881607186237556,0.24226570982916953,1,interior
0.9242362377705228,0.37183064958888007,1,interior
0.5970593169353313,0.25469405653531624,1,interior
0.6027280865965366,0.2606874859079045,1,interior
0.6072213893386349,0.3680652474685825,1,interior
0.6058675172993034,0.33419991066644056,1,interior
0.5961405220446369,0.3324468010738666,1,interior
0.5928017448706916,0.3372355763761738,1,interior
0.7540006714068633,0.1573155135803154,1,interior
0.7504613140085868,0.1586347002341535,1,interior
0.8686697018219918,0.21643473961641665,1,interior
0.8732047852334234,0.21741144694131062,1,interior
0.8646193313077599,0.2195018425302329,1,interior
0.6462221218933556,0.2109859183491199,1,interior
0.6464050626157165,0.21570854312657733,1,interior
0.6554663960592018,0.21770599171632118,1,interior
0.6819386212463185,0.18876757514955708,1,interior
0.7540781335565508,0.18261183042765256,1,interior
0.7177151614854588,0.18090260953747003,1,interior
0.9287934321163271,0.3737777256109652,1,interior
0.9238083361131546,0.3676858506743027,1,interior
0.8709259141519775,0.2034707056134931,1,interior
0.8710761102893086,0.20843147246271213,1,interior
0.8057082140536759,0.1897914102125277,1,interior
0.6008518765799893,0.2314993601512879,1,interior
0.5967479398192158,0.22814986551628325,1,interior
0.5967468365730769,0.22295956714497323,1,interior
0.8516048131035087,0.1991044231298739,1,interior
0.9370722035461322,0.35093173640133496,1,interior
0.9410277714023211,0.3473837432137808,1,interior
0.9396642843757246,0.3433561236775221,1,interior
0.59517775727445,0.322321637640939,1,interior
0.5945719498783436,0.32681212047191915,1,interior
0.5952881627730013,0.31785095863307417,1,interior
0.9184895299931526,0.3047873884983417,1,interior
0.920480502279899,0.31475313023141993,1,interior
0.7026740542737693,0.19941669749343105,1,interior
0.7697821720197131,0.19969339161153524,1,interior
0.7217328273259118,0.18220329607852484,1,interior
0.5871747596740148,0.3601256066688057,1,interior
0.8315659169131675,0.18744994331765796,1,interior
0.835761301769752,0.18754078296776217,1,interior
0.8291817837562793,0.191471289985692,1,interior
0.7288215553728022,0.166858964793692,1,interior
0.7343623101215638,0.16656514591210395,1,interior
0.9216841497503614,0.2970174431206997,1,interior
0.9238772451560101,0.3016794115553533,1,interior
0.8675681739882828,0.21186835141859586,1,interior
0.871987579710832,0.21309325472507193,1,interior
0.8647974346620171,0.2151038397811753,1,interior
0.603431686822364,0.2656855616895911,1,interior
0.6073662213575192,0.2685842585584249,1,interior
0.9089237494278709,0.322025892854292,1,interior
0.696939263563419,0.1999116698821226,1,interior
0.6997895169123061,0.19596351886706936,1,interior
0.6959050792570136,0.194891085587144,1,interior
0.612887584797788,0.20279765665053198,1,interior
0.6085621210601864,0.2012684538457763,1,interior
0.614811078370707,0.20683229681775864,1,interior
0.9305133361818138,0.32729144567729723,1,interior
0.9354817110025412,0.3368128149474024,1,interior
0.9347721026092763,0.3290819093576002,1,interior
0.6012530909534061,0.22046760548922442,1,interior
0.5923124196752472,0.22494564722730495,1,interior
0.596064631284952,0.21775747060538564,1,interior
0.592322470181813,0.22036662236156132,1,interior
0.7527013777222414,0.1527128844237737,1,interior
0.7563377628020668,0.15342561785338787,1,interior
0.8774058893412482,0.20251167290103486,1,interior
0.8828791522180884,0.20219280935714168,1,interior
0.8853032395569226,0.19772898084609145,1,interior
0.9231848849050657,0.3191975429910959,1,interior
0.9248446057699126,0.31061853208286355,1,interior
0.9263938330213396,0.3151145967214317,1,interior
0.9173916291710327,0.31974209823900435,1,interior
0.6354431033680519,0.21663050600926712,1,interior
0.6385014902939707,0.21364398111393662,1,interior
0.6052264925964844,0.23440205898030986,1,interior
0.8280579161582388,0.1962142082122332,1,interior
0.9404763988086644,0.3388350082426446,1,interior
0.6010047173670641,0.33301910486088193,1,interior
0.6230108233058477,0.20034209910011583,1,interior
0.6133173238456051,0.19803900499305346,1,interior
0.6183900406534047,0.1978554715455128,1,interior
0.6091757868381017,0.31602941335469076,1,interior
0.7429168527385019,0.15365158994948877,1,interior
0.748138962479564,0.15412844987763483,1,interior
0.7550835913319459,0.2004762275774881,1,interior
0.8933530716725683,0.219764324712226,1,interior
0.9026370572199337,0.22530700231677422,1,interior
0.8999558205339993,0.22201593079563475,1,interior
0.8982733109940445,0.22690668626219987,1,interior
0.5874416818012793,0.22129306255778874,1,interior
0.5903442179707996,0.21553703913587646,1,interior
0.5886089435107699,0.22749028872754065,1,interior
0.9277462982677852,0.3193866908179789,1,interior
0.9177742249950341,0.36570401052970186,1,interior
0.6047065649959108,0.31405180540865557,1,interior
0.6012269992282083,0.31202943816986584,1,interior
0.5963043823257331,0.2469429456095276,1,interior
0.7308515770839722,0.15669798083124728,1,interior
0.7347121585534767,0.1528431808457531,1,interior
0.9034180249441001,0.23913460068986353,1,interior
0.9058030467600509,0.23126432547938594,1,interior
0.9087561196432578,0.2336238628500313,1,interior
0.8740229344823098,0.24291510804245417,1,interior
0.8622633614547732,0.2228409074696839,1,interior
0.7104304355438099,0.18263663212528222,1,interior
0.7135218957195992,0.17856280688834222,1,interior
0.9117510378316435,0.2680328936836509,1,interior
0.9077033851529955,0.2700366663199434,1,interior
0.9114559187526415,0.2544472140082516,1,interior
0.9057990627488538,0.24952290630336335,1,interior
0.9093869105979383,0.2507863114480984,1,interior
0.6915193663600075,0.1983323705530431,1,interior
0.9099510275482443,0.2287871630595308,1,interior
0.9054447237057708,0.2279386678568532,1,interior
0.8140765417270187,0.1953661806243889,1,interior
0.8190259912097445,0.19418645976661217,1,interior
0.8229376500956761,0.1979362475540765,1,interior
0.9150989956147274,0.26232250982722116,1,interior
0.9111574264962757,0.26346722059074984,1,interior
0.5907752285975156,0.3071628275567739,1,interior
0.5921465848142214,0.30259840494081813,1,interior
0.5972546767216954,0.3128370078396,1,interior
0.5923073389890647,0.3126812726592217,1,interior
0.5900194062373821,0.31697176771198227,1,interior
0.7103598492226356,0.17433924447249002,1,interior
0.7210918033454184,0.17774081864035254,1,interior
0.7172365965289457,0.17539226381715342,1,interior
0.7092749354634442,0.17822163712595665,1,interior
0.9290252657326707,0.3001373522825143,1,interior
0.9231495815763251,0.30631652642969437,1,interior
0.9282078858696069,0.3058009716460496,1,interior
0.9265344453824587,0.2962475478782743,1,interior
0.6523516882832661,0.2032883654221171,1,interior
0.6484908259933693,0.20608469066444046,1,interior
0.8913583778124554,0.2237751150803926,1,interior
0.6374582739027087,0.22153141623704664,1,interior
0.5882030174519696,0.30205283404734384,1,interior
0.5907522691751179,0.2987837065850886,1,interior
0.8774735543315308,0.21824076281110338,1,interior
0.8816003792223386,0.21633808287562914,1,interior
0.8768268699271026,0.21421921607900526,1,interior
0.6023447717499891,0.3730604871407972,1,interior
0.5857913908624285,0.3170341202927911,1,interior
0.5916379723176827,0.32189764665349907,1,interior
0.5867941822413033,0.3115871046198551,1,interior
0.5867464766638119,0.32148181429671263,1,interior
0.5829040289154861,0.31489841081326697,1,interior
0.5859902416764854,0.21042835744715654,1,interior
0.595113662514786,0.21334896501663655,1,interior
0.5891562450991262,0.20699507186964317,1,interior
0.5853626590333344,0.21578342360183012,1,interior
0.5836822003057047,0.3551579516685587,1,interior
0.5855852634907179,0.3635051107032527,1,interior
0.9336017954221258,0.3730194038830827,1,interior
0.9311741678910984,0.36866284815504535,1,interior
0.9431197378475303,0.3669809492866251,1,interior
0.9386877297633955,0.36354391649361445,1,interior
0.9392799896797476,0.3679635572142512,1,interior
0.9302104112116175,0.3113637080642772,1,interior
0.932088777886744,0.31654710004254094,1,interior
0.9140769118150872,0.23191098158881787,1,interior
0.9118693633927191,0.2363886900599387,1,interior
0.9077781540951088,0.23790893431656848,1,interior
0.9159126005706045,0.2370530623605148,1,interior
0.6427961538494323,0.20617871852160352,1,interior
0.6425060986926928,0.2141950252090257,1,interior
0.9200214622706469,0.30959228566205277,1,interior
0.5960381782103936,0.23846482549933784,1,interior
0.6003415777604213,0.2056776119479335,1,interior
0.6011115198136872,0.20180707709900864,1,interior
0.713965562050461,0.17343137842627065,1,interior
0.7238202523693553,0.17555435761468594,1,interior
0.716690628198702,0.16966265603649974,1,interior
0.9439194464231924,0.356397011107736,1,interior
0.9296875728473696,0.291152030777799,1,interior
0.9303513534769896,0.2857482056392026,1,interior
0.8272166367938022,0.18648285526251673,1,interior
0.834370698064951,0.1840943471702735,1,interior
0.8299950901432257,0.18329506147741337,1,interior
0.8248147183769892,0.18936028703317884,1,interior
0.6047942620969446,0.37104774837790117,1,interior
0.8637757054334276,0.2300719645101387,1,interior
0.6045152264413004,0.2929669076287485,1,interior
0.6074274135101064,0.29021535239406715,1,interior
0.7067490874299924,0.18546499383756784,1,interior
0.8228562366361274,0.18554117898094655,1,interior
0.8204659417022913,0.18948043572403983,1,interior
0.8240050869358057,0.19324955028727664,1,interior
0.8869327195639555,0.21618776207583676,1,interior
0.8801437592148404,0.21052643172814053,1,interior
0.9392568893819618,0.33464816030264755,1,interior
0.9358958252898786,0.33274685529454734,1,interior
0.7223297937058121,0.16773805495055544,1,interior
0.7253905080758453,0.17132201088336896,1,interior
0.7127470753265132,0.1645731198393111,1,interior
0.7207110643644828,0.17259461883976643,1,interior
0.7022695392439667,0.18329052651565503,1,interior
0.7059904815309039,0.18050094231607097,1,interior
0.8973745655981018,0.21766360239614815,1,interior
0.9014009406581903,0.2140298083793618,1,interior
0.9045856544597886,0.22101838148348782,1,interior
0.9067229134424579,0.21595111009864978,1,interior
0.648456491791774,0.20022903346671028,1,interior
0.6536620061562325,0.19865106743894342,1,interior
0.8870518543075113,0.18589661354515943,1,interior
0.8872755032548937,0.1902236747870655,1,interior
0.9377561824354169,0.3742735365660078,1,interior
0.9461394760150302,0.37145219068360374,1,interior
0.8155853853933377,0.1899368079425642,1,interior
0.8101772330852404,0.1911803092843302,1,interior
0.5956464025090489,0.2335793135995944,1,interior
0.592006403284608,0.2375680556435643,1,interior
0.6004813575800699,0.23699791936582248,1,interior
0.5933439962610443,0.2427144778014709,1,interior
0.9153316898773782,0.26559354370868915,1,interior
0.9124959947499608,0.25910788090621956,1,interior
0.916723870555902,0.25954436893651833,1,interior
0.5923098427504793,0.2951842700027969,1,interior
0.6398603301743315,0.21816613430327605,1,interior
0.6405018375276749,0.20987566750749476,1,interior
0.9329829096547816,0.3028201941741559,1,interior
0.9334653497995137,0.30754847048377415,1,interior
0.7074632779494658,0.16712431673784556,1,interior
0.7094095099104103,0.15988000783915504,1,interior
0.7175742254722023,0.16126199787026138,1,interior
0.6835322015567332,0.20216124523436632,1,interior
0.5970484694445999,0.20883383258327876,1,interior
0.5950039710639711,0.3089683886218094,1,interior
0.8044438146031572,0.18095499087559644,1,interior
0.7989529325348949,0.1866054232843807,1,interior
0.8021161463273236,0.17616167601574656,1,interior
0.6622911982569448,0.19175307264090152,1,interior
0.6691634875739375,0.1872700497124813,1,interior
0.6654306464304052,0.18789879648077512,1,interior
0.8886126777170804,0.19395095357518732,1,interior
0.8903186788231094,0.176860974223919,1,interior
0.8865810161566462,0.17763717579869456,1,interior
0.8889807674500332,0.18182805814822608,1,interior
0.5833957041872296,0.3479242996063833,1,interior
0.5855058367852473,0.35197190738478096,1,interior
0.9238494810151682,0.29249819316652753,1,interior
0.9289624985973131,0.38035790332714803,1,boundary
0.9315890650199605,0.3784100228580756,1,interior
0.8758238627487721,0.20660201698800273,1,interior
0.8647658228113707,0.20411966035912157,1,interior
0.8752254220674593,0.21037914884506245,1,interior
0.8179527646080506,0.18481597265266028,1,interior
0.9201059890704045,0.26303446970720296,1,interior
0.6027718865351439,0.2876085322840815,1,interior
0.6030475779902164,0.282281819465698,1,interior
0.8805222214417924,0.2060019499428805,1,interior
0.9100396003154397,0.245926484581171,1,interior
0.5899682630971287,0.20320891809248307,1,interior
0.5810445009772297,0.21294094999128568,1,interior
0.5847998719729561,0.20433497742688908,1,interior
0.9111185616547388,0.22460340890599925,1,interior
0.9070972362994846,0.2246583797607894,1,interior
0.6755078120564237,0.18250453147882434,1,interior
0.6660569773884883,0.1823418139447001,1,interior
0.6706928285521027,0.1794070849806851,1,interior
0.6619244727381878,0.18673384245336436,1,interior
0.5897051896776374,0.23301951781341237,1,interior
0.592683749906555,0.22961169248388275,1,interior
0.5843700241614593,0.22602687356167342,1,interior
0.5891027744780117,0.25353316423911565,1,interior
0.5935857940873817,0.2610183316124654,1,interior
0.5938255133135865,0.2515698251407406,1,interior
0.7072897809947767,0.1633548799193704,1,interior
0.7040202491394881,0.1599901235814313,1,interior
0.7064139759840093,0.1563807241805229,1,interior
0.7138981718307041,0.1593182327916065,1,interior
0.7116194135329675,0.15496071738023945,1,interior
0.8033846763435454,0.18604960254962497,1,interior
0.8255936749927103,0.1817342432200106,1,interior
0.8844928143498996,0.212381521425765,1,interior
0.8854597720898333,0.20726760570436456,1,interior
0.919572004562954,0.2293179865496936,1,interior
0.9154757425141156,0.2264906834147706,1,interior
0.6478238273745589,0.19438640284190833,1,interior
0.6431998371223484,0.19812595707101596,1,interior
0.6445420723720094,0.20247819306950743,1,interior
0.6395831938977228,0.20171280206499875,1,interior
0.6373869406064375,0.20598436022362523,1,interior
0.5903006045523058,0.35139803370634076,1,interior
0.5931894440766757,0.3427478921222516,1,interior
0.5932974175946597,0.3546104562509272,1,interior
0.5886501692009125,0.3467956044766885,1,interior
0.6039652461448349,0.27044675656213213,1,interior
0.6882785135234307,0.19386686175161497,1,interior
0.6924230472742607,0.1933325316238929,1,interior
0.6435247577890533,0.21861796501826508,1,interior
0.7272680180335511,0.17555067672503494,1,interior
0.9379885107083175,0.3263892654948787,1,interior
0.9345094445461907,0.3245235762827803,1,interior
0.8127594593186535,0.18558166579998367,1,interior
0.9125139538674681,0.24104584006494667,1,interior
0.9458912674438515,0.34794069608653605,1,interior
0.944276105247266,0.3430362605198879,1,interior
0.5891395993031601,0.3262474021380892,1,interior
0.5830963197411857,0.32592533512367244,1,interior
0.5865258626319043,0.30617790043441967,1,interior
0.6106422010306917,0.19304183059853122,1,interior
0.6164471728428644,0.19296539803934962,1,interior
0.6082922069309901,0.19681110200112545,1,interior
0.6230079866712017,0.2046813601447724,1,interior
0.6014248772226857,0.29516817117232674,1,interior
0.5922141290025891,0.24732452015920142,1,interior
0.5887116167240033,0.24953122873137254,1,interior
0.8079778384336239,0.18557313176291892,1,interior
0.601926413942489,0.3624547814837016,1,interior
0.6770770916938058,0.18857674315815673,1,interior
0.8270328190452508,0.20033080611722784,1,interior
0.9014282147952296,0.24805625547899599,1,interior
0.7569847744285516,0.14974363505682242,1,interior
0.7494464949794558,0.14843513881780826,1,interior
0.8906054431977308,0.18680893245795205,1,interior
0.5933603766816957,0.20527125610650224,1,interior
0.5968592485502587,0.20307337603161166,1,interior
0.585017300446692,0.2305244379200726,1,interior
0.5853211919842225,0.23451062235071726,1,interior
0.5874383647641009,0.23768579216270228,1,interior
0.9376058181835899,0.3040138982557811,1,interior
0.9375083325007162,0.29985464156015684,1,interior
0.9315088523602745,0.2952803807765934,1,interior
0.5907557462317516,0.33187533850562284,1,interior
0.5797068812620026,0.22417142567898665,1,interior
0.5815680016890158,0.218827894083415,1,interior
0.9214672743452988,0.2718502502958187,1,interior
0.9229826396963686,0.26830156939341776,1,interior
0.9333345492020427,0.2986819778171286,1,interior
0.9352035120175243,0.2915564678783132,1,interior
0.5887575392937111,0.33671338376083193,1,interior
0.5888932327099091,0.3414225260020856,1,interior
0.5769783847192188,0.325392329864671,1,interior
0.5865879573393873,0.3298869109675331,1,interior
0.582758120840132,0.3309814573289421,1,interior
0.5810192414894423,0.320027769610759,1,interior
0.5788344566937617,0.3301226317654404,1,interior
0.746741919920848,0.14332176652214068,1,interior
0.7542567125400174,0.1470723044784611,1,interior
0.7440196080960058,0.1480039180620796,1,interior
0.7520432594276087,0.14295666135281904,1,interior
0.6986374614705668,0.18636156224800485,1,interior
0.6974402795313799,0.18111444195293078,1,interior
0.5993864609610872,0.371697394724622,1,interior
0.6272345022331174,0.19765231157811422,1,interior
0.6315214948973683,0.1986394214746734,1,interior
0.7249724126068152,0.1637851182955821,1,interior
0.9412219560604544,0.29632900881639496,1,interior
0.9428803294407263,0.3011300696845474,1,interior
0.9364346946317141,0.2956052751508739,1,interior
0.8898549715647943,0.19761964471224006,1,interior
0.8879406510671629,0.20212167579683152,1,interior
0.8926588758484731,0.20042802436093843,1,interior
0.6805464854875577,0.18371710699273724,1,interior
0.6733144325984414,0.18665573505066616,1,interior
0.8479960562304797,0.18761677649334846,1,interior
0.6796303149897157,0.17910347411086816,1,interior
0.5720470822067142,0.32275609248931114,1,interior
0.5715216860278188,0.327808752398532,1,interior
0.5744758574763364,0.3302056090113609,1,interior
0.5757367815340027,0.3208541631716696,1,interior
0.8186356938060777,0.18006272608388654,1,interior
0.5928379263907102,0.19905167300222507,1,interior
0.9480302192382624,0.3666239264866182,1,interior
0.9447728464068762,0.36178832048965814,1,interior
0.9402871854255903,0.3593867681795702,1,interior
0.8923386123295517,0.2153420210953972,1,interior
0.8971273321361402,0.21228955805459834,1,interior
0.699434284420323,0.19136516525288105,1,interior
0.8854199635590365,0.16870983419777247,1,interior
0.8846676977922977,0.16481901259212547,1,interior
0.9449229665239087,0.33835595915553096,1,interior
0.9013818261412787,0.20898298079082314,1,interior
0.8970525024150757,0.20678497138095134,1,interior
0.9397020950833033,0.3303115338285466,1,interior
0.9067115343039954,0.24205654318887945,1,interior
0.657825569322505,0.1951261927005958,1,interior
0.9251004552588169,0.2649468831786902,1,interior
0.9266768401842544,0.2731743681447715,1,interior
0.9283502862533103,0.26810391719043974,1,interior
0.8943822704076596,0.19485149465381144,1,interior
0.7350927635035843,0.1473070356782126,1,interior
0.7393428487473305,0.1496918425951428,1,interior
0.7297533036504623,0.14575970252656315,1,interior
0.7329614145253234,0.14385112954653873,1,interior
0.718184163864679,0.15629914156107824,1,interior
0.9298573743763933,0.2778656428276455,1,interior
0.9315195704718346,0.27115057131922543,1,interior
0.9318055767772243,0.27472196555172834,1,interior
0.9255440369768712,0.2786259721855261,1,interior
0.9436716221572531,0.334109265495207,1,interior
0.942284906381599,0.3806967872374618,1,interior
0.5763901865019193,0.2210474393389205,1,interior
0.5775428279673914,0.2161627975984866,1,interior
0.5888131733188727,0.24505197924849553,1,interior
0.5981601227744635,0.24212896803712058,1,interior
0.9405382555611872,0.3105857837311542,1,interior
0.941727397013036,0.30616287213674803,1,interior
0.6422209351951775,0.18980376812252248,1,interior
0.6479964226958471,0.18865908202801462,1,interior
0.6535082981167698,0.19407489632279834,1,interior
0.6418260695830467,0.19431549879625049,1,interior
0.6519879131654973,0.1906449959210101,1,interior
0.5860954972170735,0.2565133658683841,1,interior
0.5843407082347688,0.25143077625260246,1,interior
0.9174891672798159,0.22249115384479942,1,interior
0.9089213741460368,0.22070874616081163,1,interior
0.9047703744370412,0.21137592524206572,1,interior
0.7056393101631251,0.17529940564222,1,interior
0.9372744351153139,0.3708962091572602,1,interior
0.617239368771031,0.18818096995150502,1,interior
0.622133413581684,0.19536749615869894,1,interior
0.6222568057497722,0.19040470502159387,1,interior
0.8098793709838127,0.18130472329121752,1,interior
0.6707857929159575,0.18345441054741204,1,interior
0.5862356792420969,0.2962037721639891,1,interior
0.6628678339926873,0.177576989475887,1,interior
0.6609760503666017,0.18192026314393417,1,interior
0.9194415690718994,0.2569027025690915,1,interior
0.9152516105375647,0.25619137129117303,1,interior
0.93869047557852,0.3553522453974378,1,interior
0.9137693190196817,0.24947510462707087,1,interior
0.9159585971813088,0.2451593577326621,1,interior
0.6935292862943281,0.1812758644663174,1,interior
0.7016964971313947,0.17848219908849902,1,interior
0.6932612158478303,0.17723522092736757,1,interior
0.7225259463393758,0.15961096566004324,1,interior
0.7211102803564386,0.16345347181718514,1,interior
0.8890081156889632,0.21119023908765208,1,interior
0.5983248966665813,0.19809278263812244,1,interior
0.6369737777849023,0.19716999060131424,1,interior
0.6341294202657888,0.2020341250801817,1,interior
0.8987044971502304,0.19145608193676625,1,interior
0.8955332369907126,0.18833651085424924,1,interior
0.897015467763816,0.20102987184801374,1,interior
0.8999455625409231,0.19579712006541314,1,interior
0.7261549468601003,0.14204815203624918,1,interior
0.7296622723943083,0.1511040391734137,1,interior
0.7247168226046651,0.14719817387071824,1,interior
0.7307358201120454,0.13991944242797977,1,interior
0.7277812437480814,0.16070205725710782,1,interior
0.9184560635065603,0.2489800303809077,1,interior
0.929950486054477,0.2635861599456998,1,interior
0.9283991483326498,0.25891849647983367,1,interior
0.9167736128281665,0.25280515017357125,1,interior
0.5980395460597706,0.26403430493447827,1,interior
0.5922741925649517,0.2645781289299814,1,interior
0.5921652639780028,0.2569253103739302,1,interior
0.5977175109630546,0.25886729226045313,1,interior
0.5879170456708689,0.2609117327071103,1,interior
0.9036104258185168,0.1918420790657326,1,interior
0.9054618628433432,0.19614601162066223,1,interior
0.698860232331751,0.1606501760578891,1,interior
0.7023756925489801,0.16489852988477116,1,interior
0.7007874217812088,0.15519655143205577,1,interior
0.706475103779055,0.15223291994255386,1,interior
0.5800469666472007,0.33476758945249396,1,interior
0.5721146084858285,0.33806806450275584,1,interior
0.5701375117727837,0.3334376991060478,1,interior
0.5666914222470313,0.32985477296729687,1,interior
0.5647256712179393,0.3350086919111262,1,interior
0.5614089550448236,0.33082725524090323,1,interior
0.5636577482415562,0.3259574228069269,1,interior
0.5679777604657749,0.3247298738548442,1,interior
0.5875633334555227,0.26519841375583725,1,interior
0.5828474198140553,0.26403000487396394,1,interior
0.581941462581928,0.25950761220182866,1,interior
0.5895157469580927,0.292084513857586,1,interior
0.593692807536084,0.29050800949646505,1,interior
0.9316531883426437,0.25569641157861156,1,interior
0.9333529587494339,0.2595952211021076,1,interior
0.926659551223065,0.25466715763228304,1,interior
0.9361626520841355,0.31256881110525503,1,interior
0.6007613776968792,0.29147115634653087,1,interior
0.7408563487733615,0.14369737748542316,1,interior
0.7361315349763798,0.14168677677711192,1,interior
0.5977898933730018,0.28870362835735786,1,interior
0.7015253999259305,0.17436334053479344,1,interior
0.7112282859247118,0.14842117436209573,1,interior
0.7020984880334196,0.15041065465864115,1,interior
0.8935918382218464,0.22819625059163215,1,interior
0.6862999762873386,0.18948662402544125,1,interior
0.6230317689295628,0.29109843938877394,1,interior
0.8905406155579569,0.17241220173170685,1,interior
0.8948971041051283,0.1749836884037219,1,interior
0.8866399819819378,0.17275109142952785,1,interior
0.894334250985822,0.17975169590538265,1,interior
0.685230169197275,0.1845894640292891,1,interior
0.6891875055827636,0.1858458790092113,1,interior
0.912479396950315,0.21346193861816373,1,interior
0.9114714836942832,0.2175979876527053,1,interior
0.7250440072316463,0.15554723755145528,1,interior
0.7206724442354222,0.15157618199847328,1,interior
0.5942999917089362,0.28078382013041775,1,interior
0.5899140677111218,0.28756600672949845,1,interior
0.5939272032246489,0.2855119096072738,1,interior
0.6930695235851336,0.1611833579521431,1,interior
0.6968016964050965,0.16525213894289695,1,interior
0.6958236704932379,0.1572431519239458,1,interior
0.948807659643605,0.3573164554455261,1,interior
0.9474579963428015,0.35260833939998376,1,interior
0.5792829306813989,0.34546177540836226,1,interior
0.6846978802661674,0.17973728845830514,1,interior
0.6909233599522829,0.1895048339198088,1,interior
0.5743109336968648,0.3432693112999423,1,interior
0.5815410638715955,0.33885331024556825,1,interior
0.5837829826417463,0.3434331903390307,1,interior
0.6097343502194864,0.23300428942372645,1,interior
0.9184568846906571,0.2413483817220868,1,interior
0.9217295258837618,0.24615718592651128,1,interior
0.5753433764105166,0.3342745697374423,1,interior
0.5698474573996,0.34132034996660127,1,interior
0.5767589850852092,0.33860692017550975,1,interior
0.8890308613595933,0.16724758003461604,1,interior
0.8868862791529715,0.16250002220317214,1,interior
0.911709363701407,0.3187602512163165,1,interior
0.7570939464650707,0.14241500547119362,1,interior
0.7587668529398816,0.1463093992121662,1,interior
0.9220418934400919,0.2757050640163616,1,interior
0.9447918691892553,0.31006568483938574,1,interior
0.9463601978697254,0.305327373023115,1,interior
0.8581380369720465,0.21199033294079997,1,interior
0.5848665665097507,0.26879746653182746,1,interior
0.5952082925513249,0.268552205571638,1,interior
0.6036991683951047,0.27798403520225573,1,interior
0.6016280879427321,0.2740292927929491,1,interior
0.9462699551569332,0.32601057487389357,1,interior
0.7030308393301108,0.18832311823737755,1,interior
0.8930698680055952,0.16963414896904164,1,interior
0.8072085118747987,0.17768323598224164,1,interior
0.9275588560720294,0.335144135125475,1,interior
0.6886401441788649,0.1749999936825499,1,interior
0.6937121391861502,0.18517786226832803,1,interior
0.697428611193515,0.1758803719479197,1,interior
0.6617084416874206,0.1963422144750197,1,interior
0.6572302895950488,0.1901400521586248,1,interior
0.7163713770335257,0.148828041244757,1,interior
0.7153557215806199,0.15241014055409982,1,interior
0.6534205570955239,0.18609400493806744,1,interior
0.644173484194839,0.1855030810957934,1,interior
0.6488882824843171,0.18376965145293836,1,interior
0.9013981623828539,0.1871063819076244,1,interior
0.8978358902648728,0.18328587741329638,1,interior
0.7075723249705683,0.17126037373660988,1,interior
0.5989451842266539,0.278445636657753,1,interior
0.598514141024186,0.2838158662844435,1,interior
0.7032889037785433,0.17023148128372165,1,interior
0.7116408638936415,0.16964114262116747,1,interior
0.5855507537568209,0.29029089200755903,1,interior
0.5805696269532189,0.2921153244528628,1,interior
0.5804050451282603,0.29791095440999715,1,interior
0.9207621209754451,0.23707983061959848,1,interior
0.9223590107036204,0.2328670787512161,1,interior
0.9322262381525175,0.2816703568509788,1,interior
0.9362328410507755,0.2833983792159134,1,interior
0.9343186343069704,0.2878696168138162,1,interior
0.609884489239062,0.2716871405952981,1,interior
0.5566961883623143,0.32841213824725274,1,interior
0.5606395781142759,0.3357089535475552,1,interior
0.5601149184604692,0.3261194131892083,1,interior
0.6989304043879682,0.1683585275816888,1,interior
0.7260066372216999,0.13621656729127363,1,interior
0.7207790381323781,0.14237677052738157,1,interior
0.9460613152537162,0.2963228613590709,1,interior
0.9492716154147555,0.3008884052562517,1,interior
0.8215708656666255,0.1817635401487176,1,interior
0.8121581552271566,0.17756889441340518,1,interior
0.8147748079517423,0.18079796843476817,1,interior
0.9341571189110366,0.267804651241425,1,interior
0.9348195426837119,0.26339073317387107,1,interior
0.9267015407589647,0.2450404912619594,1,interior
0.9112814597038857,0.2086794630231274,1,interior
0.9162501023186177,0.21766779280279816,1,interior
0.9157601761768035,0.20892754866531274,1,interior
0.9084357417598756,0.21141458185027404,1,interior
0.9175514034282793,0.21307631808166594,1,interior
0.9423226782715847,0.31480115550671256,1,interior
0.9518601778987126,0.3229618542508363,1,interior
0.9481383478389662,0.3310916574338347,1,interior
0.9481901185006549,0.32242592075687365,1,interior
0.9512157014973658,0.3274739055547888,1,interior
0.9418792291992126,0.3257053159714654,1,interior
0.9431562315588161,0.3207741527471053,1,interior
0.5851722404840339,0.3346517652514115,1,interior
0.5893064621635992,0.2822522251348555,1,interior
0.5947207126040692,0.27651613882994397,1,interior
0.5905133994294172,0.27731074908634673,1,interior
0.6012211187980302,0.22616822301903802,1,interior
0.9119385999752281,0.20401020817489343,1,interior
0.9177639161105723,0.20518726697532894,1,interior
0.9066375458590635,0.20673738387894205,1,interior
0.5788562874263551,0.3147626114276616,1,interior
0.5827386580898586,0.23793446772133656,1,interior
0.5802191869538434,0.22886100457932143,1,interior
0.5812354103503673,0.23344784999493004,1,interior
0.6868516933754596,0.15973232747539934,1,interior
0.6911853022672846,0.15622039977288119,1,interior
0.6893207919876537,0.16409095358639592,1,interior
0.6942436936880721,0.17116000770506762,1,interior
0.6928684281039498,0.16622132395490388,1,interior
0.9158387991793091,0.3083588043721926,1,interior
0.5853960072296305,0.33923191015835696,1,interior
0.9447594440703294,0.37680147161213917,1,interior
0.5769544942957027,0.287099084969257,1,interior
0.5746637072981379,0.29109136954869697,1,interior
0.9552610188239895,0.32123054530984135,1,interior
0.9464713790642068,0.3180018729549923,1,interior
0.9512149521320887,0.31827748669407846,1,interior
0.9439634927200654,0.3295954481785569,1,interior
0.9487445709318066,0.33583220167461786,1,interior
0.6376163969844371,0.19257681652173722,1,interior
0.9233862598206164,0.25785447987719556,1,interior
0.6825033250662251,0.1627287394080675,1,interior
0.6838334220018156,0.1551830597397145,1,interior
0.6853056776375995,0.16566451349036093,1,interior
0.6815169494947949,0.15831935236424585,1,interior
0.9358193977123156,0.3775599501591426,1,interior
0.901872169223943,0.2040242730085037,1,interior
0.9534709083683442,0.333194277928134,1,interior
0.9566452589147881,0.3289014492054669,1,interior
0.8917799753349442,0.20568855059382263,1,interior
0.9259320070171877,0.24978626945462482,1,interior
0.9297826701345203,0.252152904717454,1,interior
0.638583459513218,0.18465353844483534,1,interior
0.9549111285237369,0.29945242647856724,1,interior
0.9509999842178841,0.2958173892268267,1,interior
0.9506722792877126,0.3056162053537833,1,interior
0.9545718221361654,0.30372370330166637,1,interior
0.7052974781997997,0.147311965897294,1,interior
0.6980292379730452,0.15058949424398635,1,interior
0.699650014645794,0.14590618954870951,1,interior
0.7386122400887253,0.15465697770537562,1,interior
0.940188221262523,0.2786175873336794,1,interior
0.9412088298339217,0.28352634537221116,1,interior
0.9395052360922457,0.28803446977878633,1,interior
0.9348550330065689,0.27825513045165456,1,interior
0.6953950317772102,0.18992931152796452,1,interior
0.9507333228115055,0.3487125564254916,1,interior
0.949313100490162,0.34411621708698464,1,interior
0.9424221255199332,0.3518243736292173,1,interior
0.9020211479832518,0.2180201293057607,1,interior
0.9219573354835408,0.25237888992684737,1,interior
0.9235181687134316,0.24102786981617608,1,interior
0.7252105360865874,0.15145759423665828,1,interior
0.5798375913085871,0.20747492415760607,1,interior
0.5757278709904349,0.2117211638730243,1,interior
0.7178201238824389,0.16555084354581678,1,interior
0.9363618870466321,0.27338844968195586,1,interior
0.7611414711619112,0.14320793188112058,1,interior
0.7557112655018005,0.13813676907237618,1,interior
0.7599853416886158,0.13515454418515274,1,interior
0.6787788555532369,0.1751413220009005,1,interior
0.6757953378704332,0.17219540879538484,1,interior
0.6751539102496057,0.17737529266765462,1,interior
0.689274395439991,0.16912773628725566,1,interior
0.6846965320414776,0.17062152970321567,1,interior
0.6895311504628074,0.18118226968935575,1,interior
0.6533095712432334,0.18077567195983915,1,interior
0.6472243087995194,0.17652308284531376,1,interior
0.64402246836882,0.18077085418136907,1,interior
0.7445722917863483,0.13838945384253235,1,interior
0.7498996600660407,0.1387734822442717,1,interior
0.5789497562551392,0.34208835403457105,1,interior
0.6579322358615348,0.17740369298299807,1,interior
0.6523439945985329,0.1757806554196341,1,interior
0.656781589335242,0.18224404094588043,1,interior
0.5904927849370897,0.19317222819136207,1,interior
0.5879356711728699,0.19681371860617305,1,interior
0.6259126078121295,0.18627953352592364,1,interior
0.6211583596278741,0.18574948863893453,1,interior
0.6263863484952331,0.19347795136277213,1,interior
0.9386915930579992,0.3221923085016474,1,interior
0.703282897767171,0.19349013869051293,1,interior
0.8933741132011542,0.2103023580227948,1,interior
0.5852807412689282,0.24189641403513507,1,interior
0.9181937362506766,0.2334667106075068,1,interior
0.9259102947541278,0.23608788501884242,1,interior
0.9173766666241738,0.2690437243246424,1,interior
0.6988488983565857,0.17190663330144743,1,interior
0.7398481388808319,0.13787779353403865,1,interior
0.6335328706220528,0.18172285129829122,1,interior
0.638480621275581,0.17934787247552,1,interior
0.6319608878141708,0.1868078720258659,1,interior
0.9383031961252272,0.260222613306072,1,interior
0.9425825537013027,0.2619727084297712,1,interior
0.9386999600804907,0.26511027323442754,1,interior
0.9396133492335689,0.26968659048228033,1,interior
0.9221801813123287,0.20995915569857845,1,interior
0.9211408098797111,0.2156816855626973,1,interior
0.7567383666498404,0.13264472902823318,1,interior
0.9488972465920472,0.37505803064727167,1,interior
0.9451859913687061,0.3816519437459598,1,interior
0.5804585226860536,0.24726294744947588,1,interior
0.7616469281070425,0.13878517137188226,1,interior
0.6319507624134123,0.193174310959811,1,interior
0.6286834329615205,0.18315007784641082,1,interior
0.6363204016101033,0.18900498195480128,1,interior
0.6277986763504159,0.18988066411327667,1,interior
0.94799804072548,0.2913330146659262,1,interior
0.6796311428207897,0.16726587929663916,1,interior
0.6831992713685936,0.17538576834429376,1,interior
0.9537629677377725,0.3577323234927037,1,interior
0.9556758566505025,0.3492035544757672,1,interior
0.7479656732621863,0.13430275855112184,1,interior
0.7430856463549621,0.13266529583865286,1,interior
0.7525365981975728,0.13501832156426447,1,interior
0.7157942853411786,0.14444848655200282,1,interior
0.7082563014773471,0.1439603151794112,1,interior
0.71196625981488,0.14192901301088445,1,interior
0.9093175011842575,0.1923266660525878,1,interior
0.9103182415620715,0.19808746850190107,1,interior
0.9021486635535011,0.19952402638785685,1,interior
0.5791658152667382,0.20189352629198454,1,interior
0.5829150424476406,0.19849646341435237,1,interior
0.5762057822798734,0.2044536117582843,1,interior
0.57343368790791,0.20722146289963242,1,interior
0.5747166634114387,0.2272566548046019,1,interior
0.5693933261793755,0.21839422820564058,1,interior
0.5720993350790744,0.22196338784878433,1,interior
0.9290511934186806,0.21109062911774545,1,interior
0.9255580028165165,0.21444393317840876,1,interior
0.9226008529060558,0.2050816908577302,1,interior
0.9524663919738253,0.33935609263999134,1,interior
0.9573621425530386,0.33703965445489753,1,interior
0.9596013828835889,0.33275132420721526,1,interior
0.9183495306837848,0.27755508736652434,1,interior
0.9493584949398128,0.30967117902499725,1,interior
0.9376451925031579,0.30812167718480815,1,interior
0.5678424730787731,0.3195741988269747,1,interior
0.5646083636794063,0.3219268371921305,1,interior
0.9586847298955639,0.30674264756624825,1,interior
0.9541149724210424,0.30870463465110237,1,interior
0.9603726019807779,0.3019682090640238,1,interior
0.762160961948516,0.13135151547363697,1,interior
0.7656867501830462,0.1363307019256378,1,interior
0.7644454315826966,0.13431910210129883,1,interior
0.5772101019002179,0.26247654850096797,1,interior
0.5761190795554335,0.2531355175866073,1,interior
0.5769693997271328,0.25730759747444093,1,interior
0.5809811281703735,0.2549507537630919,1,interior
0.9403275816609226,0.3770577109739203,1,interior
0.9517052465434629,0.3710780877536463,1,interior
0.5714636993709373,0.3174004407150582,1,interior
0.7460749973971796,0.15111250524791933,1,interior
0.5767798703187597,0.23204393594420908,1,interior
0.577912262284391,0.23676042064787048,1,interior
0.9381159296873695,0.3173586045789893,1,interior
0.5752334591279924,0.2397143823849374,1,interior
0.5803587171341905,0.24210027512056617,1,interior
0.9580634399711434,0.31201180858638355,1,interior
0.962390771059869,0.31313187979785734,1,interior
0.9635044992699109,0.30538722692096626,1,interior
0.9627813042137948,0.30914010736964825,1,interior
0.5759124505729142,0.24891879776512837,1,interior
0.5826713293074403,0.30686793572855126,1,interior
0.6427366879622192,0.17515711739413656,1,interior
0.5693839151243575,0.2035822178273474,1,interior
0.5733153812034776,0.20095475043736868,1,interior
0.5687478163666668,0.20829218333744767,1,interior
0.7348295497635803,0.13659240113583648,1,interior
0.6333712595040125,0.17630318271358217,1,interior
0.637908187049771,0.17508964361476104,1,interior
0.6288052532004996,0.179225249674996,1,interior
0.9653718145695309,0.2981305463221289,1,interior
0.9597098598438937,0.2981446671462987,1,interior
0.9616642787282915,0.2947512502068351,1,interior
0.8999959064854082,0.1781699334495985,1,interior
0.8997581149461918,0.17444413559081062,1,interior
0.8968261242461262,0.17132143408572464,1,interior
0.6144819396338084,0.18565836624502297,1,interior
0.6074470736936572,0.1893384749594455,1,interior
0.605387548219946,0.19332712036353503,1,interior
0.9582526327989455,0.3594370080959997,1,interior
0.954528156957314,0.36189387666312733,1,interior
0.9502385060658008,0.3618857144061194,1,interior
0.9580604688065453,0.3540593407440963,1,interior
0.570169012677341,0.21285324883399154,1,interior
0.5955524112138909,0.1936405730601014,1,interior
0.5851732059726055,0.1932681655598029,1,interior
0.5930948278266306,0.18893729308010943,1,interior
0.5875350955834769,0.1880473780078383,1,interior
0.5877050711092912,0.20044809898399168,1,interior
0.5837312178412696,0.28196112687164254,1,interior
0.5818305254120113,0.28668850287645314,1,interior
0.9283556105090799,0.28181823553678986,1,interior
0.9218279293692638,0.2247439017446254,1,interior
0.5603455127105107,0.3212905304343994,1,interior
0.7383877272067491,0.1334423543544216,1,interior
0.7451153312921462,0.12679523353857317,1,interior
0.7394447062856414,0.1286430950361975,1,interior
0.89304242572816,0.23283386157150354,1,interior
0.9424335804997112,0.25634432836340265,1,interior
0.9368896274155988,0.2557184924613487,1,interior
0.9063079271069419,0.18422553997572857,1,interior
0.9065183088702499,0.18835797795964931,1,interior
0.9021373914034738,0.1824617853158757,1,interior
0.9473684424489326,0.38310573263809367,1,interior
0.9489185799975342,0.37952364896026947,1,interior
0.7963313480711478,0.18985141378015372,1,interior
0.8007578002262289,0.18281270829812862,1,interior
0.9429789099706571,0.2664986225305457,1,interior
0.9476668991710814,0.26443296921070764,1,interior
0.9497314504174168,0.25961986612362686,1,interior
0.9354792224437634,0.24734302051388712,1,interior
0.9399109321041631,0.2508836394422612,1,interior
0.9320129343428163,0.23795649558617907,1,interior
0.925978778922703,0.22958623533042738,1,interior
0.9201994167145778,0.20110214783180314,1,interior
0.9536452986825004,0.34469165417922354,1,interior
0.6743732438950688,0.16855375569449066,1,interior
0.670734691412743,0.17155883836613336,1,interior
0.6289744712470595,0.1749525980687233,1,interior
0.6352103502812942,0.171772549066957,1,interior
0.7672981091480667,0.13099322189268928,1,interior
0.9150796917860555,0.20032339063514326,1,interior
0.918056862734119,0.19721353247235412,1,interior
0.9253143225524263,0.20134777098805098,1,interior
0.7502268305858246,0.12720033034369121,1,interior
0.759641098102763,0.12890670757516168,1,interior
0.7547993048053739,0.1286979639697768,1,interior
0.5735354030076706,0.2828057005103344,1,interior
0.5786200221550409,0.28239539113285966,1,interior
0.5717582249537918,0.2870123335711718,1,interior
0.568335523582129,0.2834892476415122,1,interior
0.5700935779447879,0.2791637970092986,1,interior
0.575197841932734,0.278142754900118,1,interior
0.5845268423819341,0.24638054104176976,1,interior
0.7650755183444554,0.12767700925379433,1,interior
0.9251817077841817,0.26157342635484415,1,interior
0.591121007663454,0.18490227369585918,1,interior
0.5982205353574129,0.18893709104195489,1,interior
0.5958502936362854,0.18476307314456594,1,interior
0.9625291411927156,0.35765818492727064,1,interior
0.9576675543457349,0.36419178413373704,1,interior
0.9623823971275446,0.3621481001744741,1,interior
0.5741930841398212,0.31359923884430424,1,interior
0.8915457842837153,0.1907951343353297,1,interior
0.5713771698317404,0.2512666688183515,1,interior
0.5718954802797417,0.25516610830975367,1,interior
0.5734101848609431,0.25905015575424456,1,interior
0.9348289988690851,0.3202183534341101,1,interior
0.5647988302213242,0.20618503516974795,1,interior
0.5647073371464294,0.21133148818372732,1,interior
0.565721599161032,0.20193468431906797,1,interior
0.586202332023632,0.2856553410575092,1,interior
0.7205214278107418,0.13681186899542766,1,interior
0.7161523688840813,0.13923248967367816,1,interior
0.5800537924318393,0.19354010283347833,1,interior
0.5822648047874668,0.18925062525076322,1,interior
0.5804901272360766,0.27779819022824703,1,interior
0.5856949171434174,0.27768513315458804,1,interior
0.6244218327440695,0.17692322583538148,1,interior
0.6234804059292848,0.18162266347338069,1,interior
0.9342920244808206,0.2517546582153843,1,interior
0.9584622887733473,0.34498295608417195,1,interior
0.9562011049078171,0.3413167199211248,1,interior
0.6173335939613052,0.18282491260461953,1,interior
0.5669196526606114,0.2232742591089931,1,interior
0.5706627381358794,0.22557745259309098,1,interior
0.5661980597553113,0.21705787081022512,1,interior
0.559187236788085,0.31500704417727066,1,interior
0.5658424453500094,0.3144337841920232,1,interior
0.6616387913184628,0.17187507975359181,1,interior
0.6668769807039778,0.17558558622408832,1,interior
0.6006891097917589,0.19358546448878586,1,interior
0.9455105664161682,0.2819490435558794,1,interior
0.9448742739178383,0.28697489298150114,1,interior
0.9113605235458728,0.18671306929375434,1,interior
0.9102718334826952,0.18148945249305595,1,interior
0.592548602968818,0.27276423986446113,1,interior
0.5972733504853524,0.2731774241260937,1,interior
0.5999373646094853,0.26916155464296937,1,interior
0.7707294315617311,0.12701831332235053,1,interior
0.6030416997081992,0.1888255916469307,1,interior
0.6011044991899678,0.1842452854028663,1,interior
0.6117571138360742,0.18336853005101925,1,interior
0.7199237725815172,0.14683265299645204,1,interior
0.7762837415701301,0.12311048743093994,1,interior
0.7352484771877529,0.127645717981797,1,interior
0.7306687665539372,0.13376428488494904,1,interior
0.5633549206590738,0.31793270597660983,1,interior
0.6744782583385236,0.16458802559163135,1,interior
0.6782785985993507,0.16194808541327232,1,interior
0.6805045802159653,0.17170937547975806,1,interior
0.9308266449292406,0.22711224046397444,1,interior
0.9288755182052303,0.23387637296442051,1,interior
0.9318632670436343,0.23176280024257337,1,interior
0.9275527995705781,0.2234737466971545,1,interior
0.5876853352465015,0.2730938702318274,1,interior
0.5901331823554038,0.2688238586680686,1,interior
0.6564993586712943,0.16873628308273822,1,interior
0.6600667439844567,0.1666389600707052,1,interior
0.6648027594008935,0.16592943693645257,1,interior
0.6566314013841484,0.17308165468901668,1,interior
0.9204283502222165,0.22007671315261104,1,interior
0.5839054709214991,0.30181442556991034,1,interior
0.5812740218900844,0.31088550429123646,1,interior
0.5716543239397988,0.2624069891667406,1,interior
0.9532042879449678,0.37637786745978474,1,interior
0.8770960611265489,0.23304953009546955,1,interior
0.7218434159402852,0.13173675468533916,1,interior
0.7233780768516598,0.13931970311984102,1,interior
0.7168877495063034,0.12998789900227314,1,interior
0.7163799312853042,0.13402955998226648,1,interior
0.7270999377622175,0.13110311746014397,1,interior
0.7309952728024656,0.127223141189706,1,interior
0.9066740175219109,0.20136334332014086,1,interior
0.7388064383572128,0.12190825643661349,1,interior
0.941484472878965,0.2739403648036562,1,interior
0.5772508952549226,0.273590227333901,1,interior
0.582501827612642,0.2731214564666704,1,interior
0.9050349358949754,0.17924825834160188,1,interior
0.9588417611091796,0.32440636632748543,1,interior
0.9548588122423289,0.3252787986998151,1,interior
0.5834295543322421,0.2223734342287151,1,interior
0.5596427167525658,0.21236195104375247,1,interior
0.5593593480340512,0.2074306714513723,1,interior
0.5628753505528349,0.21558182812000756,1,interior
0.5700415511455347,0.31264739726887053,1,interior
0.5768506104511115,0.31095116479054524,1,interior
0.5726651521484217,0.3086269859310681,1,interior
0.5981121834890709,0.18070322916365203,1,interior
0.6066107692258809,0.18457491312554852,1,interior
0.6039130337983716,0.17877569348395228,1,interior
0.5860158727238558,0.35635421797889777,1,interior
0.9452204596981713,0.25190369582562605,1,interior
0.948638993597539,0.2548080800943473,1,interior
0.9459349796867208,0.2593258330963154,1,interior
0.5692654391117743,0.22917345935653896,1,interior
0.6207942488341222,0.17382257803078024,1,interior
0.6190843099754851,0.1782419744165513,1,interior
0.9501396331555192,0.28634723893348957,1,interior
0.9458186100997613,0.27671809194383074,1,interior
0.5835697590206533,0.18449672022152844,1,interior
0.5798290317716482,0.1858043863741483,1,interior
0.9415510690222543,0.37222438390358953,1,interior
0.5688425938980771,0.2583330438867543,1,interior
0.5657241263191232,0.25380390892071114,1,interior
0.9532660120766466,0.2621355222983904,1,interior
0.9529231207365605,0.2664591460636831,1,interior
0.9631798012944432,0.33748749196680033,1,interior
0.961092682111407,0.37085309654364434,1,interior
0.9566877926435623,0.36875514907562534,1,interior
0.9529913701548697,0.36607206693555666,1,interior
0.5722710589441264,0.23420188471263959,1,interior
0.5567116516553511,0.3239886530901256,1,interior
0.553212784287273,0.33011579922996614,1,interior
0.5563250605293127,0.33358711098686145,1,interior
0.5520220097247438,0.3248248333939574,1,interior
0.6480813050392632,0.17199874777934684,1,interior
0.9435237635994613,0.2917407269287381,1,interior
0.6492532575833951,0.17963857000859718,1,interior
0.5554737032197389,0.31992764503625737,1,interior
0.5615344594973207,0.2028139566530537,1,interior
0.9139865780215072,0.19520115725231832,1,interior
0.9139906288951345,0.19079774880644004,1,interior
0.5672777778770756,0.3090585133324993,1,interior
0.5693406576349751,0.30390725974240984,1,interior
0.5744702000511299,0.30428749499251645,1,interior
0.5596588097291965,0.25191766612705874,1,interior
0.5603978349800075,0.25683239172381483,1,interior
0.5640063820722873,0.2594806966126951,1,interior
0.5675793534995541,0.24880394879134676,1,interior
0.967948966429124,0.3355414368198737,1,interior
0.9701828387626825,0.3378900803764301,1,interior
0.9681776840780649,0.34115379996303,1,interior
0.9650201559419572,0.3317177351036987,1,interior
0.9331380402404639,0.20582398189040413,1,interior
0.9296829598316715,0.2177254371069579,1,interior
0.9272847370820534,0.20634520199976394,1,interior
0.9327579330132639,0.21444419519240338,1,interior
0.9573595997119653,0.2652092130062186,1,interior
0.9532581400047503,0.27103137486999007,1,interior
0.9707909814723806,0.29498048554477385,1,interior
0.9716469430601743,0.3034761092308263,1,interior
0.9709089990342639,0.29905346199480193,1,interior
0.9666627930081999,0.30243294527986436,1,interior
0.9077960359909937,0.17727779103047633,1,interior
0.5697197880964227,0.34474984498662997,1,interior
0.5578559794669797,0.3380607417169402,1,interior
0.5539474579482293,0.3378285668210765,1,interior
0.5505027010990389,0.3342006998566451,1,interior
0.6514110851420067,0.16688455326105253,1,interior
0.9567730407205611,0.3727623246850384,1,interior
0.9631920135704686,0.3685838898204611,1,interior
0.9610759458623478,0.3743799991303663,1,interior
0.9394583564298932,0.29246812331967725,1,interior
0.9527978543253136,0.31334913330045305,1,interior
0.9560363444305895,0.3167926922880415,1,interior
0.9607023909259315,0.3167431915749068,1,interior
0.7252227199889111,0.12704989113695328,1,interior
0.5619281832186606,0.3407550133432756,1,interior
0.5670711378793387,0.3383536269293115,1,interior
0.5928620239298266,0.18118948548829397,1,interior
0.5945439960328814,0.17731248097577268,1,interior
0.9478315240845303,0.3140419426882644,1,interior
0.9492186573637426,0.2730565896986676,1,interior
0.9605757615528318,0.36659702185328946,1,interior
0.9638832594857699,0.3654859369438002,1,interior
0.9299598865487569,0.2020981065458582,1,interior
0.5770578384876669,0.19731757543070416,1,interior
0.575371359435654,0.1928711670682585,1,interior
0.5712817463045734,0.2742176256516931,1,interior
0.579118499820481,0.2681984279075386,1,interior
0.5743030673787073,0.2703412873456996,1,interior
0.9660643369919141,0.31177663295770436,1,interior
0.9685122616836234,0.30787191153724236,1,interior
0.5693877192853044,0.2697206106892201,1,interior
0.5682473768512584,0.26589312642645857,1,interior
0.9706582752532409,0.33064395899438354,1,interior
0.7079128412095015,0.13909972556386266,1,interior
0.704030202198399,0.1425056518382461,1,interior
0.9538552683803562,0.25210728189223536,1,interior
0.949953858979519,0.24871462453372944,1,interior
0.9567792533792389,0.27475800770718023,1,interior
0.9567012779334796,0.2696484063981955,1,interior
0.9503139362692338,0.2771092705561403,1,interior
0.9596045825754451,0.2725647235045229,1,interior
0.6038283287267732,0.19852816006293475,1,interior
0.6947758503590614,0.1431865232543962,1,interior
0.693989458454274,0.14786483015738747,1,interior
0.6900333698262265,0.15090967567286617,1,interior
0.563728714125987,0.26878996117332227,1,interior
0.5735870852197867,0.2663324140779582,1,interior
0.9147990578224733,0.17932105732362538,1,interior
0.9116191413959414,0.17794261445386533,1,interior
0.5894279960624113,0.2411194474619655,1,interior
0.5797896455560888,0.2510793497010241,1,interior
0.9501168097626335,0.2810966977206201,1,interior
0.9543151029857407,0.27884228056817306,1,interior
0.9313983921715397,0.2437883343742364,1,interior
0.9280197858711995,0.24057588211155942,1,interior
0.9664200858627162,0.356246990543027,1,interior
0.9606040848905647,0.34887406850307173,1,interior
0.9525209649051621,0.3532585211962848,1,interior
0.9632470294005944,0.3528698821610234,1,interior
0.6151280578373983,0.17443429062165278,1,interior
0.6179614979046042,0.1707907545230159,1,interior
0.6136578753901604,0.17910373159877968,1,interior
0.5790651991733791,0.3027826253713923,1,interior
0.9569002262612336,0.246894320788389,1,interior
0.95830300434242,0.25128369142907914,1,interior
0.9467547684655588,0.24332828485812313,1,interior
0.9445140906893007,0.24776185823461253,1,interior
0.9518855306623937,0.24410893436900688,1,interior
0.5743047668180422,0.29972266365141487,1,interior
0.5684793491528777,0.298755705055807,1,interior
0.687375139462242,0.1544705183444031,1,interior
0.5761902889587203,0.24456536484093003,1,interior
0.9687299546242845,0.3583005081484164,1,interior
0.9619724522862371,0.3276640466094223,1,interior
0.9672015781169958,0.32609478353506777,1,interior
0.9451097659916774,0.2704762192537545,1,interior
0.9633707398068149,0.24570329970487637,1,interior
0.9623449745497074,0.24976721016508194,1,interior
0.9554371750864603,0.24149905505603686,1,interior
0.9603418736838129,0.24234146336438112,1,interior
0.9588275938428351,0.2915809866104351,1,interior
0.9601404772475165,0.34080724128123113,1,interior
0.9638411205954328,0.34391282354120545,1,interior
0.7969484610875422,0.18297946539488852,1,interior
0.7321162224874653,0.12172905598523363,1,interior
0.7227358250875412,0.12287144479445716,1,interior
0.7250647428027936,0.11916912429702778,1,interior
0.5499618819010135,0.3390329645299473,1,interior
0.5452413519525904,0.3316450229071078,1,interior
0.5495228882734065,0.3294452767235866,1,interior
0.5456513513058174,0.3367717795987768,1,interior
0.5658867954948561,0.34306619129581656,1,interior
0.6556970808739893,0.16383496437035552,1,interior
0.6605228550277921,0.1621877187727765,1,interior
0.6664735533403825,0.17040428728968451,1,interior
0.665425678788838,0.16077319504893262,1,interior
0.7177732014147892,0.12221773687981057,1,interior
0.7147546410331774,0.12616550907633825,1,interior
0.7277191204033145,0.12268918745453578,1,interior
0.5731487915334691,0.1845920116359678,1,interior
0.5720399517808934,0.1953870558104166,1,interior
0.5709092930700251,0.23939353379666647,1,interior
0.5658573814875865,0.2335763889253059,1,interior
0.5679251866523036,0.23773455999426485,1,interior
0.554241144398819,0.25055980578739234,1,interior
0.5557016699633569,0.2550081075485709,1,interior
0.5579943503076268,0.24695318945117264,1,interior
0.9481906356456102,0.34028669801624745,1,interior
0.563131397358931,0.26462838824459584,1,interior
0.5672252700624748,0.26217689679328815,1,interior
0.9577819721232396,0.2556658119142095,1,interior
0.9584814064207119,0.2607289062181365,1,interior
0.6435015977295483,0.16995842537071848,1,interior
0.6469883210978576,0.16783045238559283,1,interior
0.5876153467675821,0.18199109775207892,1,interior
0.590463596510609,0.17391139145050402,1,interior
0.5860855853478802,0.1770288409266826,1,interior
0.5876397098131992,0.16921364649571688,1,interior
0.5961369487189027,0.17345237722743553,1,interior
0.5928226787552581,0.16963050560338597,1,interior
0.7532587095974181,0.22281467089141044,1,interior
0.9154748542280533,0.1832947530369364,1,interior
0.9190171038309671,0.1798224413718118,1,interior
0.9651374581184677,0.3485516792503396,1,interior
0.5833591354854064,0.1800656585585482,1,interior
0.5716503150289673,0.246727100319973,1,interior
0.7116103356469079,0.13068313079760188,1,interior
0.7127665856686812,0.12169546256650204,1,interior
0.7097034665599896,0.1254043830576146,1,interior
0.7200026075237823,0.12674667528267644,1,interior
0.5917699320572728,0.21031008112359817,1,interior
0.6527628615777253,0.1711608177285721,1,interior
0.6998231281743146,0.14054787199202848,1,interior
0.6914297860431122,0.14009266329178693,1,interior
0.5596191624742934,0.21678857013463584,1,interior
0.5544953179282734,0.21020524360075615,1,interior
0.552967923214804,0.21373143142140236,1,interior
0.559577366994855,0.22779108472636142,1,interior
0.5621387732337358,0.2203116654290324,1,interior
0.67747662466535,0.15741257024084082,1,interior
0.9761212624384553,0.33166029421423193,1,interior
0.972733444659862,0.32484987618750566,1,interior
0.9733396366841314,0.3355171588577064,1,interior
0.9308309489297802,0.3220678558231836,1,interior
0.9618383826557327,0.26537235517690533,1,interior
0.9536222753837543,0.2573085629018604,1,interior
0.9305689893226159,0.24829280511898832,1,interior
0.5778564387979168,0.3072985990793164,1,interior
0.5528991760761076,0.2458016350686947,1,interior
0.5508459072784605,0.25473717630590326,1,interior
0.5488653415260113,0.2501314508383753,1,interior
0.9359775556573526,0.22810980398004763,1,interior
0.9328609551435275,0.22281032333802775,1,interior
0.5717601838196223,0.29507228168429994,1,interior
0.5765458829324027,0.2952583989417114,1,interior
0.9404810399734514,0.21795815967464519,1,interior
0.9351838378299417,0.21844025749263984,1,interior
0.9378381551844583,0.2227751599696245,1,interior
0.9134859114835939,0.2215983887993274,1,interior
0.5808658919698013,0.17613032750974073,1,interior
0.5567337637165998,0.2194357185055511,1,interior
0.5580386821562132,0.22353235097437274,1,interior
0.9752542092759318,0.35569397121338514,1,interior
0.5509360765366014,0.31981371643618545,1,interior
0.5470634184854923,0.3215412806484758,1,interior
0.5467786347973677,0.3263469156890981,1,interior
0.5680801736471247,0.1980975241898042,1,interior
0.9729997994916815,0.3514580297257585,1,interior
0.9790765826456284,0.35622188747150363,1,interior
0.9710514115639511,0.35602809753255765,1,interior
0.5569427376810228,0.3415852413011086,1,interior
0.9621768738734735,0.2578485502522822,1,interior
0.9613656961314578,0.2537845185204513,1,interior
0.9586631533101954,0.27981052394376343,1,interior
0.9552073657319361,0.28386972088733875,1,interior
0.9601164652849731,0.28363541522397,1,interior
0.9609930194382744,0.2767033432805476,1,interior
0.5625126409694005,0.31069188294034716,1,interior
0.5646703526623419,0.3015481202093375,1,interior
0.6880610492898929,0.14541387664621383,1,interior
0.6848361669220054,0.15058106919273426,1,interior
0.6948586697434308,0.15304399266879518,1,interior
0.6221530754889633,0.16873757015079804,1,interior
0.5569454356486276,0.2025436907104949,1,interior
0.55971084083602,0.19852713705967082,1,interior
0.6796331948049911,0.15308515656450414,1,interior
0.6739590005498791,0.15991878304927049,1,interior
0.711697114408639,0.1361944130700885,1,interior
0.5763265499219272,0.31741577580801533,1,interior
0.9361350172799372,0.23421031904645676,1,interior
0.9404768880041908,0.23140334926649855,1,interior
0.9411325446227098,0.22656769088629003,1,interior
0.9681767390597712,0.3519055629304319,1,interior
0.686295661540993,0.13992823019987286,1,interior
0.6813804635227964,0.14781178628710023,1,interior
0.6821230099904647,0.14314529049916977,1,interior
0.5668093633792741,0.2764829423138638,1,interior
0.5654933662568955,0.2728635945744026,1,interior
0.5904196512934033,0.16430520187472758,1,interior
0.5981837457371215,0.16954958953717628,1,interior
0.595081136178554,0.16624186076242373,1,interior
0.9750853345548767,0.30055017374641274,1,interior
0.9735269316809303,0.30711949307992004,1,interior
0.9760327270825123,0.2961984148393214,1,interior
0.916808969775317,0.187604633175902,1,interior
0.9246606402335246,0.21947967689557926,1,interior
0.6769544420273004,0.1408812515587173,1,interior
0.6774775638715974,0.14511529676430304,1,interior
0.6816619700995082,0.13838644028604066,1,interior
0.9405778934946515,0.21311253845540676,1,interior
0.9340858186807715,0.2104664524653581,1,interior
0.6096021957484886,0.1762200290853294,1,interior
0.6137477470473085,0.16935518396624608,1,interior
0.6107352315136613,0.17213478745560964,1,interior
0.6173856045656194,0.16652756147045258,1,interior
0.6311294275163888,0.1702929482702195,1,interior
0.7361441902099237,0.12450272903811012,1,interior
0.9696834624539461,0.34670977497685296,1,interior
0.9376214626077891,0.2395950752668865,1,interior
0.9401488778651649,0.23611174596319656,1,interior
0.9440228521778634,0.23466372516388492,1,interior
0.6697522543733649,0.16283842614061214,1,interior
0.9634384625026998,0.32175825845078004,1,interior
0.9665857743414984,0.29329129513676827,1,interior
0.9627849522531954,0.29053765578104623,1,interior
0.9353781500605745,0.2428315755119396,1,interior
0.675719194737786,0.14924394492904453,1,interior
0.6740190208658066,0.1544362081021832,1,interior
0.5670157169875469,0.2945131114695822,1,interior
0.5628870630043926,0.2969890480595937,1,interior
0.9727230537298583,0.33991719744364474,1,interior
0.9756294714075224,0.3475133884615485,1,interior
0.978511203193956,0.3521483116812872,1,interior
0.9404601943585114,0.24473962342840563,1,interior
0.6698714821063527,0.154275328902171,1,interior
0.672328614496042,0.14430652912979153,1,interior
0.9546501303017056,0.23705393997095975,1,interior
0.9507797957742713,0.2388105970761454,1,interior
0.9626293136135571,0.23827004387196596,1,interior
0.7156126622753037,0.11722106688491034,1,interior
0.7208162990527137,0.11836937057342369,1,interior
0.7109342952387834,0.11771853721925322,1,interior
0.7197977355290961,0.11402416307178714,1,interior
0.9426470293136595,0.23988196450279964,1,interior
0.729258494861279,0.1176866206817061,1,interior
0.7356683510731827,0.12079995055746695,1,interior
0.5455348300771037,0.2481660394669507,1,interior
0.5482568715335335,0.24491488568431485,1,interior
0.5427343967331614,0.25175271063250315,1,interior
0.9662193655888114,0.25904469427306637,1,interior
0.9684408456970843,0.25308056945641405,1,interior
0.9640922397829176,0.28119681624172155,1,interior
0.9591659566318254,0.28750453164680667,1,interior
0.9550788807929435,0.28914077200551014,1,interior
0.9635386455626985,0.2861584227304738,1,interior
0.6127164066444504,0.16477086072038208,1,interior
0.6085031014868064,0.16788273647932708,1,interior
0.6167557418655365,0.16132354205283658,1,interior
0.6704756169556362,0.14974118336656123,1,interior
0.6719775973267647,0.13883889493398685,1,interior
0.6667813618031115,0.1411580791630677,1,interior
0.6676187610987633,0.14580022100198856,1,interior
0.9575916367004332,0.3760649434545264,1,interior
0.5546237285687837,0.22700175023599775,1,interior
0.5528792868412533,0.22219875866379402,1,interior
0.5516461629325706,0.21748259057719532,1,interior
0.5592754239856119,0.23908308316435506,1,interior
0.5632034502649174,0.24818888372198966,1,interior
0.5630947449259702,0.2851587121165953,1,interior
0.5670262128159462,0.28743754038654395,1,interior
0.5601169635554802,0.2808453113343004,1,interior
0.5693495549471846,0.2909221095602755,1,interior
0.9665872138496038,0.28915487152544,1,interior
0.9708905756819445,0.2898365192508581,1,interior
0.5636619933724408,0.1988935445496412,1,interior
0.55796780538228,0.3083610877815596,1,interior
0.5548963378999993,0.311912980983944,1,interior
0.5532287208563873,0.3160356424647505,1,interior
0.6257282012898172,0.17232212499660626,1,interior
0.6207047939278747,0.16421682889183248,1,interior
0.6768273784061972,0.13591014953119362,1,interior
0.6814272184248995,0.13458377583851738,1,interior
0.666007060400542,0.15636106788655033,1,interior
0.5671247654970147,0.24336211811526548,1,interior
0.9654013570878007,0.24096813864223535,1,interior
0.9585660156142183,0.2379024402977327,1,interior
0.8934192222847404,0.18399116000168664,1,interior
0.9589820955027756,0.32021709215569666,1,interior
0.9384264433876902,0.20865451245091263,1,interior
0.9663789506443046,0.26208406375486726,1,interior
0.9629313148528963,0.27294941618394564,1,interior
0.9697181346376723,0.31389896268274176,1,interior
0.9771207692101208,0.33948607960333305,1,interior
0.5497341154289029,0.21243883319883192,1,interior
0.5470637077250948,0.2159217506952476,1,interior
0.5514406397317929,0.24078449124993961,1,interior
0.5603247162604047,0.23513081961483626,1,interior
0.561520237668683,0.24327596333739143,1,interior
0.5563198994483073,0.2419945620515939,1,interior
0.5583475726922917,0.19429038837015067,1,interior
0.5552746790194469,0.19811681310083515,1,interior
0.563175508130218,0.19475263199632373,1,interior
0.554121786966127,0.19455979231629286,1,interior
0.9436037832728607,0.2102693478746989,1,interior
0.9426100645033553,0.20551586642385763,1,interior
0.9380060013698044,0.20312908594739096,1,interior
0.9636683512867198,0.2625159899751986,1,interior
0.9828678216928476,0.35551085337749294,1,interior
0.984133144781142,0.35200600011327177,1,interior
0.5797010604314585,0.18141887276955704,1,interior
0.967000591312586,0.23560522829056052,1,interior
0.9572203730979308,0.233323845586201,1,interior
0.5622495249036553,0.27659279148162635,1,interior
0.559958328454064,0.2723972884040032,1,interior
0.965836774086337,0.2300906298201765,1,interior
0.961883187474219,0.23408236074993524,1,interior
0.9556361021667948,0.22847524143897718,1,interior
0.9604848298002255,0.2295948782865392,1,interior
0.5467481339146719,0.22126158286797526,1,interior
0.5560659123281818,0.21502240441356754,1,interior
0.585062357504475,0.16471762882259214,1,interior
0.5818950769482337,0.16986454848668078,1,interior
0.5578183303869299,0.28479213789907665,1,interior
0.5552004337504859,0.2808848029018632,1,interior
0.560011055481456,0.2885955816718421,1,interior
0.6087434735309212,0.18026303657441237,1,interior
0.6892927522843151,0.1362874564993835,1,interior
0.6932567943557738,0.13483226402316809,1,interior
0.7249582412481586,0.11469995440190135,1,interior
0.9874518095728756,0.34999728750705006,1,interior
0.9904965917655338,0.34789719972843475,1,interior
0.9521285596978345,0.2913978509245177,1,interior
0.6402580832550914,0.16670964049101766,1,interior
0.6324497543157291,0.16501239569958107,1,interior
0.5828121575019568,0.1602825980599057,1,interior
0.5802711986054209,0.16418914092735346,1,interior
0.5870406677491525,0.15957046620060497,1,interior
0.5591142335311736,0.29303703772603534,1,interior
0.5558256557715827,0.28916406639638553,1,interior
0.56389218180038,0.2910023650358266,1,interior
0.5634583931051093,0.3059085190928184,1,interior
0.559465619052597,0.3022900824702336,1,interior
0.5580219868719141,0.29748640543547944,1,interior
0.9475839062971657,0.20769823678571442,1,interior
0.944092854926315,0.2149661698147433,1,interior
0.9463876434179902,0.20314431086497925,1,interior
0.9645627971996272,0.27709047910863616,1,interior
0.9678495962452596,0.2853416429787274,1,interior
0.6265544688027319,0.1683365891823231,1,interior
0.553346746453434,0.20543525182382813,1,interior
0.5385466778252391,0.2560703310657406,1,interior
0.5431597945888579,0.25814554068013007,1,interior
0.5386185125848361,0.24810119589246551,1,interior
0.5466409328355809,0.2549622199181799,1,interior
0.5428735992687502,0.2452824377105585,1,interior
0.5714254848855608,0.18962332546502117,1,interior
0.5678065220233454,0.19296922866987024,1,interior
0.9426319851991732,0.20044209548392114,1,interior
0.9386516019441598,0.19837174524232135,1,interior
0.9338717330139953,0.1992428854071084,1,interior
0.5446292172291456,0.21093489887806507,1,interior
0.5429654333572187,0.21668427664999626,1,interior
0.5721418151653389,0.2428885261831683,1,interior
0.559332456266646,0.262145666366111,1,interior
0.5527114929238184,0.2584449861644226,1,interior
0.7473434582385037,0.13019124310029614,1,interior
0.7413670701491001,0.1243581769591584,1,interior
0.9185007946573281,0.19271843365995914,1,interior
0.6031402380399582,0.169082271751017,1,interior
0.6079175532114585,0.16208240100554547,1,interior
0.6044394746405142,0.16497344205856326,1,interior
0.978176231145162,0.32684170621914715,1,interior
0.97802858283364,0.32109025775667394,1,interior
0.969101875237128,0.3200272393602478,1,interior
0.9734009764457224,0.320662202176766,1,interior
0.5687236711848606,0.18457129383839113,1,interior
0.5709412032081082,0.17985860036185028,1,interior
0.5662517002756869,0.18832150474504786,1,interior
0.5765645824308321,0.18409275133919661,1,interior
0.5565330196966675,0.2591531166297917,1,interior
0.8056945846942052,0.17515285164527264,1,interior
0.575661070246165,0.17921353083460784,1,interior
0.9370449895773616,0.21393582441311185,1,interior
0.9466325915288726,0.2191017671360465,1,interior
0.9799303681028905,0.34336654884366125,1,interior
0.5500597320435465,0.22567384055805823,1,interior
0.5565957013413182,0.23157418278112943,1,interior
0.5508328685870559,0.23106461494122538,1,interior
0.9839987742959618,0.34677565707117536,1,interior
0.6393025973370686,0.170993041822502,1,interior
0.6436974968944641,0.16501651771714557,1,interior
0.5650097031422859,0.2804362630368733,1,interior
0.5572558034002381,0.2675962416772361,1,interior
0.5545811782792619,0.2730170509715868,1,interior
0.5614764273962006,0.23139028301398495,1,interior
0.5547183781643097,0.23636410927886262,1,interior
0.560084311970279,0.18574257624611648,1,interior
0.5665553441782943,0.18010210662029966,1,interior
0.562360915165648,0.18005137002458152,1,interior
0.5609425289043624,0.18958983161906162,1,interior
0.9734552133033533,0.31102524995932224,1,interior
0.9761367713517486,0.30447684692810284,1,interior
0.5546141460876733,0.3045382359184886,1,interior
0.9749532933122157,0.2920699211525749,1,interior
0.5492992187004914,0.20771804746423997,1,interior
0.9455546554681055,0.22929742417889637,1,interior
0.9451006378453357,0.22434461953705043,1,interior
0.9207927024491267,0.18417573040215124,1,interior
0.9230959587545989,0.19198883234565653,1,interior
0.9781330069840036,0.3082268495794276,1,interior
0.5923911610871484,0.1586349558072419,1,interior
0.5950157443184324,0.16238845258432852,1,interior
0.6716950966076023,0.1751769887527981,1,interior
0.9284921697563576,0.19722606540819568,1,interior
0.9368423392271309,0.19426746604534165,1,interior
0.9320721502610633,0.19325663371815424,1,interior
0.6061986203317351,0.1730657470576212,1,interior
0.5462948470791966,0.2408514488371241,1,interior
0.5490492485921997,0.23623157063518566,1,interior
0.5409042979622253,0.33464100488908116,1,interior
0.5396189818063661,0.3306000692163314,1,interior
0.542818777605792,0.32781526603441175,1,interior
0.9653610360505919,0.31646277328793304,1,interior
0.6672846600238452,0.1356488090296727,1,interior
0.6691678682663151,0.13199784315631288,1,interior
0.6623868202650411,0.13742068069426083,1,interior
0.5444113865740626,0.23698225592409639,1,interior
0.5412198123922535,0.24012121465537772,1,interior
0.9683146510449175,0.25640462155890037,1,interior
0.9651340317164051,0.2541112463858449,1,interior
0.6700153657381379,0.16711063253594427,1,interior
0.5996007089957064,0.16462793602338285,1,interior
0.6028416122626878,0.16047309520459566,1,interior
0.5414281599477399,0.20568186667378588,1,interior
0.5452631135266254,0.2053802571012179,1,interior
0.5426333715834677,0.3185352558763075,1,interior
0.6627515854468603,0.1334303494139026,1,interior
0.6716393088156561,0.12866910545887603,1,interior
0.6756900539508962,0.1306255042631195,1,interior
0.6678119225631799,0.12502475824462175,1,interior
0.5530006432937832,0.2849702082139753,1,interior
0.6700403430750725,0.15828312098230932,1,interior
0.9823974372541968,0.3373905237389224,1,interior
0.9858976558766477,0.34182928335301405,1,interior
0.973830621952272,0.3434417096835287,1,interior
0.5506383626010674,0.31270996937830375,1,interior
0.5476960268449905,0.31631984478461145,1,interior
0.7346192972836261,0.13133843223928574,1,interior
0.9267967498877112,0.17961872368413678,1,interior
0.5513415468441989,0.1920716632075407,1,interior
0.5555871829751234,0.1906790603950338,1,interior
0.5525162819476609,0.20107062883916468,1,interior
0.550298012624533,0.19668843807757733,1,interior
0.5483461083823534,0.20201666852583292,1,interior
0.6361298930093577,0.16670906746274164,1,interior
0.6615316961123192,0.14134992419689282,1,interior
0.9847354676062676,0.31941495050866503,1,interior
0.9819389312539176,0.3235943987679259,1,interior
0.9799935309106583,0.31627833067244754,1,interior
0.582869572704395,0.1552297461218158,1,interior
0.5882731431095637,0.15491058260083368,1,interior
0.5429101028277423,0.1941837941737314,1,interior
0.5428259709051241,0.20029899854800054,1,interior
0.5472074094688356,0.19138337997349714,1,interior
0.5517768324081094,0.27045796940302863,1,interior
0.5510368241667866,0.26621983169682895,1,interior
0.5505834054783163,0.29747037270602017,1,interior
0.5543751936887208,0.2999342852813455,1,interior
0.7063483664599722,0.12898531787678755,1,interior
0.7073918206864757,0.1203361619733304,1,interior
0.7048162441419477,0.12432271861684076,1,interior
0.5991399102045629,0.17693563298533413,1,interior
0.6014058231383723,0.17357007656330592,1,interior
0.9742697287270949,0.3164436840569347,1,interior
0.6722992056561612,0.13391125745135765,1,interior
0.5639272349235352,0.17593531306521007,1,interior
0.5589437216627495,0.17708032417100314,1,interior
0.5584550688001987,0.1820802655976835,1,interior
0.9484116486018562,0.23379274346338108,1,interior
0.5358272711454725,0.23815968978940247,1,interior
0.5404499944481068,0.23496281600443591,1,interior
0.9868938725541779,0.3367350097266879,1,interior
0.9907143210317132,0.3390831579523817,1,interior
0.9909236963211326,0.3439279560993688,1,interior
0.9876810273353958,0.34592871369102074,1,interior
0.658219119800921,0.18571712476370314,1,interior
0.7036169237585133,0.11664951377530511,1,interior
0.6996093105625872,0.12528849859813546,1,interior
0.5461336628238159,0.3064579689553335,1,interior
0.5437612272196606,0.3139544024721125,1,interior
0.5515060249287043,0.308172970181469,1,interior
0.5529599956466221,0.2771634327187904,1,interior
0.5480030539371042,0.2857525490219999,1,interior
0.5502967418951559,0.2807605933903241,1,interior
0.5517404033464847,0.2892995573112496,1,interior
0.5768120591389689,0.18883243343050266,1,interior
0.5377635791132557,0.1882161121425612,1,interior
0.5395678785100425,0.19196488290376879,1,interior
0.5426546813590709,0.18807667740550718,1,interior
0.9226816093462238,0.19687591159027878,1,interior
0.92072659270515,0.18865472819648973,1,interior
0.6659149815541066,0.13009161280681353,1,interior
0.672742800335885,0.12456141542229168,1,interior
0.9952798719015736,0.3389588060733398,1,interior
0.993554155459325,0.34186308833335416,1,interior
0.9902508189162799,0.33363775829784564,1,interior
0.5772041859657576,0.16795954551070094,1,interior
0.5772464608237933,0.1734210573859947,1,interior
0.5399447918066486,0.31402285438302885,1,interior
0.9422506520015512,0.22197679510409457,1,interior
0.951552002580032,0.22087004130432664,1,interior
0.9486017166702481,0.22460487314466993,1,interior
0.9466559968511626,0.23821932571336898,1,interior
0.9674052174336427,0.24923757765741208,1,interior
0.7039030127005275,0.1379792872611605,1,interior
0.5486838432927559,0.26045203664468364,1,interior
0.9480505754264291,0.21299498044271162,1,interior
0.6975922970700461,0.12059206562308207,1,interior
0.6953537727963494,0.1293654836580574,1,interior
0.6949511103270676,0.12380833851790607,1,interior
0.6577086070580141,0.13386959977663865,1,interior
0.6604309000227512,0.1295270208774287,1,interior
0.6290360542626703,0.16560312344949696,1,interior
0.5377069035470624,0.2522582064711817,1,interior
0.9526710020835011,0.23333183588682238,1,interior
0.5364222040165287,0.23268534474746494,1,interior
0.5292542712165279,0.24001063324437963,1,interior
0.533776628004241,0.24194039964887293,1,interior
0.5316273511502674,0.23485509055639806,1,interior
0.5451810516875261,0.23245640819213712,1,interior
0.5405910728124671,0.22921083808950435,1,interior
0.5343548276764921,0.24623212925354007,1,interior
0.5340552459150363,0.25045878823774564,1,interior
0.5337384404140513,0.2551210972505001,1,interior
0.9857326391835637,0.33160345325513535,1,interior
0.9941452622271992,0.3356563915076116,1,interior
0.6627343358026226,0.15317099557152528,1,interior
0.661429906790075,0.15772101906010616,1,interior
0.5351788241634086,0.3308763010412919,1,interior
0.5389628962698234,0.32585834355258764,1,interior
0.9399729355375565,0.19035016920173684,1,interior
0.942470337294087,0.19509509035536862,1,interior
0.950989052494855,0.2039031725463616,1,interior
0.9528728140333907,0.20966273938966742,1,interior
0.6575603565211996,0.13862563760527147,1,interior
0.5726147064988791,0.17497879411682582,1,interior
0.5682049590541981,0.1752378417372815,1,interior
0.9815143293964789,0.3112065644321071,1,interior
0.983856168948557,0.3145092892356004,1,interior
0.9558344549439592,0.22307917048639556,1,interior
0.9525544271641321,0.22527785862575667,1,interior
0.9595758478973377,0.2247620655194085,1,interior
0.647783162904586,0.16404082026471403,1,interior
0.6560029207336415,0.1584094724336336,1,interior
0.6507330701697912,0.16100053104235099,1,interior
0.6925631683253007,0.11842625717138441,1,interior
0.6913439756406814,0.12230617344739539,1,interior
0.6986713966314823,0.11592179996389518,1,interior
0.5788147480012754,0.15883012500603175,1,interior
0.6118425426496318,0.18835331085100723,1,interior
0.5445584366853479,0.2630645747728887,1,interior
0.5540705793850086,0.26280373409824404,1,interior
0.5514915881926964,0.18749657195089123,1,interior
0.6575481777722672,0.1439069800077835,1,interior
0.6593733071671732,0.14930740950650864,1,interior
0.5299469710790046,0.2529115305106366,1,interior
0.5342468671398815,0.25988931364689377,1,interior
0.5285583045543447,0.25762014555586615,1,interior
0.5299316421913631,0.24865027664537853,1,interior
0.5542126592258367,0.18343285207737084,1,interior
0.5537475670642925,0.17847783481481688,1,interior
0.5449247118354199,0.28867774024634896,1,interior
0.5488673742893198,0.29197133751050136,1,interior
0.5459469643508391,0.28019439849852307,1,interior
0.9802670237281156,0.34832375660814324,1,interior
0.946947095947109,0.19398387716091697,1,interior
0.9452054503717061,0.18986333055493512,1,interior
0.9476192498496462,0.1987781641170209,1,interior
0.7231287914239406,0.11057212009737037,1,interior
0.5532149887344163,0.34129944405715945,1,interior
0.5468111161859496,0.2657455330074467,1,interior
0.5268223845983747,0.23520621258070382,1,interior
0.5281853600522585,0.2300123103735758,1,interior
0.6972820833160525,0.1334895105798702,1,interior
0.7011206868330667,0.13061808405519865,1,interior
0.6867669846345837,0.12826214974170988,1,interior
0.6902247475611581,0.13152466576619395,1,interior
0.9937036868818209,0.330405796124496,1,interior
0.9897301390203003,0.32816389962512643,1,interior
0.9966235172583802,0.33368420605488763,1,interior
0.5885134379983364,0.14724614718864296,1,interior
0.5925120992535878,0.1543434741125654,1,interior
0.5381916588523923,0.31765439645854604,1,interior
0.5368227662269234,0.3103063486838124,1,interior
0.9510541226977653,0.19529706218629853,1,interior
0.953119697744013,0.19971337275374057,1,interior
0.6216130541330053,0.15977078757684693,1,interior
0.6184405275619912,0.15636988980843144,1,interior
0.6138163754486691,0.15651589084092313,1,interior
0.6123141299663197,0.16065469367277224,1,interior
0.5901379612779252,0.17815162546351154,1,interior
0.651368191755769,0.1563286774788636,1,interior
0.6541559648530214,0.15246742148755738,1,interior
0.6584910033675581,0.15418555592137345,1,interior
0.5574754398365569,0.27678044390021556,1,interior
0.9493989792875432,0.2687761036618111,1,interior
0.9256026572180079,0.19470572396131489,1,interior
0.9381140673888174,0.1856506603132734,1,interior
0.9491831641527496,0.18657461502696873,1,boundary
0.9423393102778169,0.1864372941534018,1,interior
0.9499854821268416,0.19062096847506685,1,interior
0.960661182779559,0.2689255350200595,1,interior
0.662841035909377,0.1452082749857302,1,interior
0.6668404582592051,0.15241390965858315,1,interior
0.9669471104615699,0.22434007997717845,1,interior
0.9714140344139237,0.23121793146970931,1,interior
0.9698797117585063,0.22723535521649102,1,interior
0.5429539754352287,0.18214692503397556,1,interior
0.5390262054381084,0.18367928899493854,1,interior
0.5469013645212862,0.1852200409434709,1,interior
0.6257430122945472,0.15795620816122805,1,interior
0.6224025895682715,0.15455079547239262,1,interior
0.6250657774458233,0.1636588812845813,1,interior
0.6297793915933603,0.16084889245331008,1,interior
0.5488417398994744,0.2752705764172247,1,interior
0.5468214807701375,0.27046871241016895,1,interior
0.7071843075489804,0.11493855912167117,1,interior
0.644961664937811,0.16057123090259828,1,interior
0.6829718968450074,0.1304424756057391,1,interior
0.6856868562648334,0.1343031662596528,1,interior
0.5418278661101821,0.2682639398367967,1,interior
0.5413656375658196,0.26291498727096885,1,interior
0.525043221715684,0.25188171650197316,1,interior
0.5399810725806196,0.20962750078987957,1,interior
0.5635935488262629,0.18442848243825102,1,interior
0.6294644751313001,0.15553066696267095,1,interior
0.6329575737739266,0.15746566315306273,1,interior
0.634987839030933,0.16136880358393732,1,interior
0.5424590189433289,0.284340757487733,1,interior
0.5423220318414097,0.2753710093357138,1,interior
0.542530829024525,0.279989396796999,1,interior
0.9709502271302363,0.2224389522989428,1,interior
0.9675023518957573,0.21851952827248447,1,interior
0.9740442532163073,0.22607873836870518,1,interior
0.564383523527356,0.1912183404002425,1,interior
0.9858128924885696,0.3106574479066802,1,interior
0.5306450432911587,0.2444056937642221,1,interior
0.702727147982471,0.11164298333795586,1,interior
0.7020446936405889,0.12054088943812269,1,interior
0.9542875602573865,0.1923607373911472,1,interior
0.9809216405741004,0.33188679996074055,1,interior
0.985978642470724,0.3254680119123537,1,interior
0.523064541294936,0.2584168298488619,1,interior
0.5213649596471659,0.24634723957924504,1,interior
0.5205227744810091,0.2546508883178912,1,interior
0.5197692174567303,0.25060697706655277,1,interior
0.5359296042598168,0.3278945707046594,1,interior
0.534291871212134,0.32402792036559286,1,interior
0.6397153190053861,0.16171629343420157,1,interior
0.523508640616124,0.23858795606515204,1,interior
0.526633430701439,0.24579784124292836,1,interior
0.5156961869256896,0.24763517848939826,1,interior
0.5168588812830107,0.24266902458803363,1,interior
0.5204994442206788,0.24139379268584843,1,interior
0.6466489807158108,0.15667855893854596,1,interior
0.5738971556163455,0.1706644835723497,1,interior
0.5852348031520143,0.17317808604770285,1,interior
0.5497223014311915,0.3028759732711705,1,interior
0.616197883906042,0.15292985770433407,1,interior
0.619322383587188,0.1513778108736983,1,interior
0.6770550189210701,0.12541187249396074,1,interior
0.6754797354467842,0.12091081761659263,1,interior
0.6668938795604648,0.11942212885523554,1,interior
0.6719076765406711,0.11763216342688226,1,interior
0.700897310100108,0.13547451727093976,1,interior
0.6962793323995099,0.13808037477897575,1,interior
0.5646330755606604,0.22837950666476778,1,interior
0.711349264747479,0.11352855483884923,1,interior
0.5245588751751025,0.24256660118273426,1,interior
0.6484885727462603,0.15246909625420133,1,interior
0.643200211472032,0.1524165400834219,1,interior
0.641450566207102,0.15642985899504097,1,interior
0.5376607496632819,0.26418381491331105,1,interior
0.5221662510080756,0.23480549211987492,1,interior
0.653159194427564,0.13144541040371577,1,interior
0.6560654466639333,0.12873634154213298,1,interior
0.6538596833056691,0.14049619238906277,1,interior
0.5189486296753055,0.2618776246529075,1,interior
0.5261501259892148,0.26323992254479095,1,interior
0.5173877717587683,0.2581499517312071,1,interior
0.9505072069491894,0.22917408665541442,1,interior
0.6648996275028969,0.14919077936980793,1,interior
0.9518160722837794,0.2157012353598986,1,interior
0.9552375183521791,0.21861682396358462,1,interior
0.5607569982825327,0.17303425060775462,1,interior
0.5649461271656241,0.17058731699063928,1,interior
0.6260488045496639,0.15254439359239838,1,interior
0.9572191406175844,0.21429151987456146,1,interior
0.5368011420822036,0.26836513339799356,1,interior
0.5388116399306883,0.26004454881945865,1,interior
0.5334729521666018,0.2652648410576072,1,interior
0.7063440548776222,0.13379606979457156,1,interior
0.5373792804163756,0.27290375004476114,1,interior
0.532911644068221,0.27038059704800077,1,interior
0.5323338004123279,0.2754491412084135,1,interior
0.5288023034922206,0.2726221475368141,1,interior
0.5260186511673384,0.2688955873443512,1,interior
0.6871330869364097,0.12210376452963465,1,interior
0.6909389155157516,0.12643892800873313,1,interior
0.5122350292246864,0.25065887223420774,1,interior
0.6810351337026536,0.1203930460278707,1,interior
0.6708737800384111,0.12142462167272239,1,interior
0.6767989908979142,0.11662204386680673,1,interior
0.7188146224839195,0.10620166211194608,1,interior
0.637071580178444,0.1566673467165538,1,interior
0.6943463860901224,0.11348792394734511,1,interior
0.6973207000038516,0.1104639526972571,1,interior
0.68604135090326,0.11659290995359387,1,interior
0.6826165605499758,0.12535780885407852,1,interior
0.6808869157854642,0.11535880762528575,1,interior
0.677638873948095,0.11128802008881634,1,interior
0.6828797722085759,0.11157822325585799,1,interior
0.7153639302969798,0.11210474021094856,1,interior
0.5320151816659494,0.3327884708860192,1,interior
0.9371944015459438,0.18095985471315837,1,boundary
0.5294762980582343,0.26716810239999317,1,interior
0.5302184417178353,0.2623407967554481,1,interior
0.5363516029872966,0.2838308111572417,1,interior
0.5397612120686323,0.2887151201193145,1,interior
0.5394061681916931,0.28046275034561247,1,interior
0.5476576840187783,0.17916577322106267,1,interior
0.968193861104833,0.244394617901429,1,interior
0.5403933749008768,0.2133876921736016,1,interior
0.6791357836732403,0.13214778656839155,1,interior
0.6059002864968973,0.15666892295082266,1,interior
0.5980580539781059,0.15933127679291625,1,interior
0.596767860918371,0.15510741502271988,1,interior
0.5417870759390888,0.30939935568091925,1,interior
0.541790429476426,0.30470507358203863,1,interior
0.5443033752730638,0.30190709728440185,1,interior
0.5468847480065838,0.2993978740354505,1,interior
0.5952889278887945,0.1483479685902383,1,interior
0.5909772372545901,0.15039616935534988,1,interior
0.585811138209755,0.15090219823406095,1,interior
0.5178205663455416,0.23664345107948892,1,interior
0.5139551376684126,0.2391812697480829,1,interior
0.5116420915109018,0.2432643718998674,1,interior
0.5145197282805981,0.2626458631641713,1,interior
0.5121279686975574,0.2580377017372557,1,interior
0.5540444398118923,0.29416207770545727,1,interior
0.5365645670011585,0.27812175695171,1,interior
0.9565045915464641,0.2039994340254972,1,interior
0.9579652068757868,0.19871204676292073,1,interior
0.9550035165219006,0.19603860213204033,1,interior
0.9258640026832273,0.18360904939594655,1,interior
0.9232486178472374,0.17976287719274722,1,interior
0.924858976649611,0.18768696218360745,1,interior
0.5337077084611563,0.18848112796794267,1,interior
0.5346200197513333,0.1847503348689807,1,interior
0.5350689300488661,0.19268746083315577,1,interior
0.6334920865126198,0.1530524297911885,1,interior
0.6377407316608464,0.15120893242543731,1,interior
0.623046187294393,0.14910250964152794,1,interior
0.5306723777185337,0.28367085758090654,1,interior
0.5351557142323585,0.2915530937596067,1,interior
0.5341634331442706,0.287180899608457,1,interior
0.9350354868920547,0.18918194547760195,1,interior
0.7516991488963461,0.13121355693102746,1,interior
0.5380589073370282,0.24325445250926336,1,interior
0.5260289809937652,0.28497346992821065,1,interior
0.5300912171914774,0.2886432246265318,1,interior
0.5272032251426132,0.278848119113434,1,interior
0.5440271956449259,0.2925936238876608,1,interior
0.542669444896444,0.2971900876704776,1,interior
0.5388896517881653,0.30052219416340176,1,interior
0.6812791596821122,0.10641605447437674,1,interior
0.6756269942977187,0.10654356705080686,1,interior
0.673454684144615,0.11386541434138497,1,interior
0.670474046528524,0.10618059053408596,1,interior
0.929938334873971,0.1820354005035547,1,interior
0.5733275151532717,0.21680313144414462,1,interior
0.5246582983590679,0.2737203021637494,1,interior
0.9617761716997513,0.19610270338416247,1,interior
0.5468058236246187,0.311044349726588,1,interior
0.5330700650196752,0.3072661002105723,1,interior
0.5377413905705071,0.30556061226020126,1,interior
0.6523074014299892,0.13615847566354247,1,interior
0.6453098632687043,0.1484678709360908,1,interior
0.6503227501036737,0.14844333465315754,1,interior
0.6521686724144964,0.1441781389355792,1,interior
0.6491349198101413,0.13210470814682052,1,interior
0.6460038232968632,0.1369281037584771,1,interior
0.6493311126827648,0.14032743122044175,1,interior
0.5757423363692924,0.16280524421452305,1,interior
0.5387265042549353,0.19660663798466027,1,interior
0.6462304009050458,0.1280539346362672,1,interior
0.6418352812594313,0.13051804813366807,1,interior
0.6449056623666788,0.13288035896005018,1,interior
0.6515397118687367,0.12610724349648847,1,interior
0.9300831874997767,0.18734724133286468,1,interior
0.6635535191753612,0.123020671215794,1,interior
0.9576147640682813,0.20905476866127493,1,interior
0.6728757117649912,0.10256140933405027,1,interior
0.6683374989593263,0.10271620147852387,1,interior
0.6651114128285718,0.1056757212135414,1,interior
0.6326914808058689,0.14799506926273234,1,interior
0.6405903269798079,0.148237998038764,1,interior
0.6366045077350078,0.1446759020607742,1,interior
0.6130394746054383,0.15198607383210128,1,interior
0.6095300323734194,0.15361320866934677,1,interior
0.6154733280079144,0.1482634254332977,1,interior
0.9561232454269184,0.2945544447789246,1,interior
0.9743234652513808,0.32846308240781785,1,interior
0.9782189608757468,0.33541822210974626,1,interior
0.9277557217351132,0.19177451869327522,1,interior
0.5638042306059597,0.23871897775158443,1,interior
0.5320873706071002,0.31265922153796855,1,interior
0.5298354232866974,0.3041714063831961,1,interior
0.5339234338680869,0.3020601153360763,1,interior
0.5276768284963453,0.30870998909246533,1,interior
0.5276609402555702,0.3133595667146111,1,interior
0.7158305649331308,0.10349970859923296,1,interior
0.6681328485558145,0.10945275257701281,1,interior
0.6724231052654365,0.11021292361284137,1,interior
0.9726643118071459,0.21743470713928625,1,interior
0.9624813412546188,0.21637072621174766,1,interior
0.9659746562409658,0.21315327115015326,1,interior
0.9633690281400016,0.22615141482945017,1,interior
0.9633469609372446,0.22146529620122193,1,interior
0.5322804304294683,0.20294571919266394,1,interior
0.5308502834124795,0.19454778126147465,1,interior
0.5377517008006479,0.20168720645058233,1,interior
0.5925809968320926,0.1455966502576284,1,interior
0.535526462852766,0.2274983082901321,1,interior
0.5315306333973192,0.32858289072439206,1,interior
0.5280975312002941,0.33182209669410684,1,interior
0.9530341828087805,0.27481694035933735,1,interior
0.7074428951019387,0.10995326537001042,1,interior
0.7114362313066103,0.10898492997611602,1,interior
0.5459839396779859,0.22741749743261785,1,interior
0.521920597823831,0.2632532866597365,1,interior
0.970110858940104,0.21396104744924224,1,interior
0.9782418140105149,0.21342609034051957,1,interior
0.9745471466457907,0.2118645580454857,1,interior
0.974975541866945,0.22129418550127022,1,interior
0.9784835732694226,0.22322833121598837,1,interior
0.6171502760941195,0.14326756691643358,1,interior
0.6104675799587111,0.14882636424300608,1,interior
0.6125057000784813,0.14420160216131422,1,interior
0.6872994699632026,0.11180269196625592,1,interior
0.6960784291965484,0.10555455847663141,1,interior
0.6914391788651802,0.10863740641023314,1,interior
0.9730103158992982,0.20704381942610497,1,interior
0.9797359668061736,0.21010645995837107,1,interior
0.9692608719597257,0.20907965524221891,1,interior
0.977454527707804,0.3127287064779867,1,interior
0.6548655208449634,0.14772727587042797,1,interior
0.6473101795377141,0.1445765549423597,1,interior
0.964825598299117,0.20883346942409706,1,interior
0.5424614538327912,0.2245225142201502,1,interior
0.5407368725702631,0.2204910704744265,1,interior
0.7154022179311669,0.10779179440346685,1,interior
0.5362914281679618,0.33383953439652075,1,interior
0.9844850503210248,0.20976247378490173,1,interior
0.9774031132724845,0.21724001056762182,1,interior
0.9821323039302209,0.21420606044238694,1,interior
0.9842010344873897,0.2055672463553655,1,interior
0.9769108653160888,0.20680980581097552,1,interior
0.5339741054323343,0.31846714202745285,1,interior
0.5294366082921137,0.3173613448692278,1,interior
0.6405699473113157,0.14011957006037606,1,interior
0.9751475218943241,0.23283094317111544,1,interior
0.9702055326715844,0.2399141192093703,1,interior
0.6272676037448776,0.14732897011702636,1,interior
0.6302756688077297,0.1430351287384064,1,interior
0.5381930982437433,0.17834701843681017,1,interior
0.5698147515905496,0.1705245663542996,1,interior
0.5358832118896275,0.31451233679044316,1,interior
0.5115881132034726,0.23493596285613513,1,interior
0.515401480707197,0.23123643674824731,1,interior
0.605323070111058,0.1508500697691089,1,interior
0.6015239194570574,0.15529363932212878,1,interior
0.522267494620684,0.2773901406705985,1,interior
0.522193842323684,0.27008719518322727,1,interior
0.5198633966522506,0.2730405164321836,1,interior
0.6717130520716316,0.09549683000099458,1,interior
0.6745527482237234,0.09876336121882051,1,interior
0.6778738179991638,0.10229958427284867,1,interior
0.6792547104052621,0.09789245584470353,1,interior
0.7084536440087207,0.10471254769350842,1,interior
0.7041829740126063,0.1062839741322416,1,interior
0.5303105310881304,0.2936464934235528,1,interior
0.6386840340445241,0.12853345553400272,1,interior
0.6408022461493159,0.13565110258625268,1,interior
0.5182894527704872,0.2672277392875275,1,interior
0.5230519465694025,0.2665062311579601,1,interior
0.9891473679214644,0.32300156447912715,1,interior
0.9827463878598044,0.32790678907944026,1,interior
0.9932119565807048,0.32468685744791587,1,interior
0.5807290342780865,0.14993556634725208,1,interior
0.6097186591802417,0.1578614711534096,1,interior
0.9657427227021533,0.19761523747224483,1,interior
0.9591785743680923,0.21966441417867913,1,interior
0.6758326735712566,0.0948890011730897,1,interior
0.6839122641474518,0.09583041674653774,1,interior
0.6828616968360128,0.1011342623432353,1,interior
0.9620525227707141,0.20114917634805912,1,interior
0.5180455535148024,0.2265645890993974,1,interior
0.515132126867541,0.2225432552124794,1,interior
0.5199658609913912,0.23101240303976436,1,interior
0.5081454491613303,0.22720670016830366,1,interior
0.5102674492578343,0.2225976912857491,1,interior
0.5978803548885897,0.1403824124034624,1,interior
0.5976703584228,0.14495041241938558,1,interior
0.5908802390040323,0.13771248056039648,1,interior
0.5886805483807659,0.14276376143355932,1,interior
0.972215970534131,0.23597275948389806,1,interior
0.6422257568146177,0.14451134290017295,1,interior
0.6354354478566007,0.13871794187329806,1,interior
0.5505585082818272,0.182603722601614,1,interior
0.6633029706930965,0.11563792348117467,1,interior
0.6617819560474726,0.11987197253027446,1,interior
0.6685253061962108,0.11403503624541446,1,interior
0.5742442412368334,0.1578512493600422,1,interior
0.5775152318334552,0.1536754984811989,1,interior
0.6029035722808997,0.14602065519099255,1,interior
0.5938921233701927,0.14115051678511117,1,interior
0.5996138469323785,0.1502911869440179,1,interior
0.6630112299380496,0.12656856524332044,1,interior
0.6582247159726042,0.12404057113067149,1,interior
0.9770716871935196,0.2284123527996263,1,interior
0.6231791338360029,0.1430866346238818,1,interior
0.6263478253761556,0.13959132740851943,1,interior
0.6305273832689482,0.13830140829466758,1,interior
0.5300966977960005,0.19045649070159057,1,interior
0.5258453875982819,0.19359019471841332,1,interior
0.5291046184139455,0.1983978071023942,1,interior
0.509005608738369,0.2623105432395474,1,interior
0.5106364034468724,0.2541237706375063,1,interior
0.5063648185828249,0.2565585645522061,1,interior
0.5964373429280256,0.13612931928397062,1,interior
0.5899912057181069,0.12979132000260965,1,interior
0.5858222370997033,0.13878939228029774,1,interior
0.5871158443956468,0.13363994643221702,1,interior
0.5927488231632819,0.13303288697831364,1,interior
0.5340923917113012,0.29705117404855247,1,interior
0.5308231070591962,0.3213054925195632,1,interior
0.5263982851058949,0.32194536324343065,1,interior
0.5383242181402494,0.32149519410241084,1,interior
0.6323886130884623,0.1340722354916352,1,interior
0.6292765400314719,0.1298119942585832,1,interior
0.6223367017695118,0.13649754489908306,1,interior
0.5214758631762089,0.32054848960728827,1,interior
0.5228131609328066,0.3250543373016135,1,interior
0.5261502889209234,0.3276830495825336,1,interior
0.5168206635113395,0.21840033964599428,1,interior
0.5068716724194946,0.2180494791527261,1,interior
0.5056714791180589,0.2231503429660545,1,interior
0.6961907496079781,0.1007843523243594,1,interior
0.7003709180728187,0.1030319615716545,1,interior
0.6916675075586859,0.1030313576359264,1,interior
0.6875470319460399,0.09963722269585952,1,interior
0.7006120703550993,0.0983400065267271,1,interior
0.6962661801556523,0.0966485220164739,1,interior
0.6925348748170684,0.09485818958146035,1,interior
0.52973893501762,0.32500259317136104,1,interior
0.7044742284668625,0.10168075004453636,1,interior
0.5828946588798196,0.1357969827585826,1,interior
0.5812692399511675,0.1315135902854824,1,interior
0.5860056130470663,0.12788986497008814,1,interior
0.6343626987037748,0.12935184580942208,1,interior
0.6324011532234209,0.12520577094676755,1,interior
0.6284039329266539,0.12497895624853297,1,interior
0.6242951229379085,0.13130037983734377,1,interior
0.7193069254277883,0.10960350799490831,1,interior
0.5277443909187143,0.22417633909578125,1,interior
0.5359942929167593,0.2200699493891614,1,interior
0.5326753814283769,0.2306195010840577,1,interior
0.6196356285868775,0.14677527548728708,1,interior
0.6188437166507745,0.139426313803735,1,interior
0.6866237244886186,0.09138543544233327,1,boundary
0.5308573853787019,0.18164803589881293,1,interior
0.5300811124151636,0.1858832390367824,1,interior
0.5254982861718728,0.18784921301283097,1,interior
0.5272042585889486,0.17809073838962708,1,interior
0.5260067153920991,0.1827500790549427,1,interior
0.6301918397159274,0.120983203494841,1,interior
0.6369633712694511,0.12458927480646863,1,interior
0.6372723729339171,0.1331409977707985,1,interior
0.6419516042543438,0.1247619510960133,1,interior
0.5291003411044406,0.29930674322406375,1,interior
0.9942752162321121,0.3197818812891876,1,boundary
0.506228678360739,0.24492189805414344,1,interior
0.50731378070564,0.24091201768863818,1,interior
0.5106256920452675,0.24719738663785104,1,interior
0.6047098466623131,0.13586067668871113,1,interior
0.5975220431648515,0.1306437545177027,1,interior
0.6011492634599702,0.13784395382662473,1,interior
0.601322658063492,0.13310205884374882,1,interior
0.6579380412659425,0.1176102285918172,1,interior
0.659669757405788,0.11229776618597304,1,interior
0.5366673804116945,0.2064634916978483,1,interior
0.53592192559884,0.2117940907780666,1,interior
0.5468456607351893,0.29574123559474946,1,interior
0.5210753213627202,0.19564965751001248,1,interior
0.5206326205821855,0.19003051777197003,1,interior
0.6798420937331354,0.09383363465489426,1,interior
0.5427808156058598,0.323464092455132,1,interior
0.6868593019118658,0.10443651802537098,1,interior
0.6919863735230843,0.09839942900400733,1,interior
0.9870620002769971,0.31460767104412796,1,interior
0.7124351608430476,0.1052554160878579,1,interior
0.580283664955888,0.13977861154902774,1,interior
0.5786997576049956,0.1354824635585846,1,interior
0.5154838716495712,0.19007745888105534,1,interior
0.5211456324361885,0.18421946894564975,1,interior
0.5323349429171981,0.2078042050517859,1,interior
0.9612527293870663,0.20618422114617027,1,interior
0.5451979761507496,0.17410552505787716,1,interior
0.6903923376881983,0.11399116948192325,1,interior
0.700305309823937,0.10735417879335984,1,interior
0.6558246643182372,0.10874597294348097,1,interior
0.6601749082910106,0.10726168667206469,1,interior
0.6554563248297287,0.11332929512203829,1,interior
0.532493226211568,0.17747071528670402,1,interior
0.5217915019946341,0.28801288630766414,1,interior
0.5211549326493765,0.28221421424225085,1,interior
0.5254007133348114,0.3038852859389815,1,interior
0.5428488791884528,0.1776382207566841,1,interior
0.5504253135318362,0.17399561452549972,1,interior
0.5471007131444058,0.16973905974837009,1,interior
0.5420077231130944,0.16979768730561626,1,interior
0.9873083514066191,0.20699500976178772,1,interior
0.5838893941720869,0.14260607839796807,1,interior
0.5156273272394618,0.25352022221324266,1,interior
0.7119131595057908,0.10153053528051921,1,interior
0.708234813431305,0.09994512594133537,1,interior
0.527441295192641,0.2063089343065068,1,interior
0.5340762026189486,0.19794114745539615,1,interior
0.6273861804688677,0.13488134111328753,1,interior
0.5624678346513241,0.22468395213055983,1,interior
0.6087112252406995,0.13670183683931778,1,interior
0.6052102027569785,0.1407855268269301,1,interior
0.6065953017981774,0.13165561458381364,1,interior
0.5565780551877099,0.18675199066179796,1,interior
0.5750925481605698,0.1480745310735731,1,interior
0.57998785707188,0.14505449578145274,1,interior
0.5362575917512892,0.16844826544442673,1,interior
0.5443428669982819,0.16542480564326342,1,interior
0.5397510760832768,0.17363699910867889,1,interior
0.5345206775055934,0.17362732619721077,1,interior
0.9341642706281791,0.1838107985313103,1,interior
0.6249747732670393,0.12146851527826535,1,interior
0.6221588577407586,0.12673905436789507,1,interior
0.5462233848093156,0.19691166778095703,1,interior
0.5242671293845353,0.23131685026150914,1,interior
0.6641742312624936,0.1107832675412992,1,interior
0.6542227371370456,0.12119389502661868,1,interior
0.9582164307273704,0.19407807213566972,1,interior
0.6169743893536669,0.13506282298638264,1,interior
0.6095687608127427,0.14106157411199113,1,interior
0.5281556532026874,0.20980556692365004,1,interior
0.6203353166506446,0.12258588802072716,1,interior
0.621345924683447,0.11776728401251796,1,interior
0.6249184416979855,0.11526318156556041,1,interior
0.6171005061457667,0.11945286050725377,1,interior
0.5233664937268812,0.2263692267591619,1,interior
0.6511077066186227,0.11142383713622976,1,interior
0.5941162145235855,0.12778041703679502,1,interior
0.6075790783141537,0.14540086119204307,1,interior
0.512392291880063,0.21801155192347577,1,interior
0.5199774798700384,0.2218410944559079,1,interior
0.513046559903903,0.22680793426710225,1,interior
0.5633541276579855,0.16532588025084985,1,interior
0.5598357119131377,0.16882106004298336,1,interior
0.5518257623434484,0.16851155638845636,1,interior
0.5557569608058988,0.17246944854823235,1,interior
0.5591940646385155,0.16416255770544783,1,interior
0.5261820829655273,0.2953366311023756,1,interior
0.5055092561476495,0.23642583946245946,1,interior
0.5099744419262,0.23874291875080553,1,interior
0.9667428974653085,0.20122651579456363,1,interior
0.5238153032786889,0.29926942865547107,1,interior
0.5232880326934676,0.31223224378393477,1,interior
0.5247686115571898,0.31696546336904907,1,interior
0.6023581456020634,0.12819910498500758,1,interior
0.6105318510415791,0.12870610620413034,1,interior
0.6118766390950358,0.13359578119245935,1,interior
0.49959347348945826,0.24898576570524728,1,interior
0.5032849542052775,0.24062085602195382,1,interior
0.5073271932670183,0.25060919726763403,1,interior
0.5020837757045904,0.22400623947491458,1,interior
0.501469459510002,0.2202805638588572,1,interior
0.5030331070912938,0.22770891596608875,1,interior
0.6137015017173074,0.138897161581081,1,interior
0.6391818699383705,0.1195118833021387,1,interior
0.6466279142781248,0.12259058665614707,1,interior
0.6432930145141051,0.11943022797069021,1,interior
0.9704785726633794,0.19942258633793233,1,interior
0.5951876019710153,0.15165378356623557,1,interior
0.5485954760487116,0.16528355490330074,1,interior
0.5099648365275021,0.2134336249291189,1,interior
0.5161069866122501,0.21343226935498685,1,interior
0.6607929086081878,0.10297178098621076,1,interior
0.5219300528041727,0.17892753337949363,1,interior
0.5289512304016208,0.17361929280961497,1,interior
0.5556702858206017,0.16614892748095697,1,interior
0.647396676224111,0.11652863235396733,1,interior
0.6422171516903934,0.11423699142976759,1,interior
0.6672647479274393,0.09604500424369865,1,interior
0.7048128564437203,0.09808601716246632,1,interior
0.5400518350678849,0.2930779604659865,1,interior
0.5118241543661827,0.18780554022295315,1,interior
0.5110273432799085,0.19267560010249224,1,interior
0.516666843771615,0.1859471742865737,1,interior
0.5130679163124573,0.1964981182811586,1,interior
0.5130036669529802,0.18376914526048543,1,interior
0.6151362094870914,0.1304087326033966,1,interior
0.49607197125517805,0.21993156977997597,1,interior
0.5416879748408213,0.16131525783193754,1,interior
0.5468687747531894,0.16068255953854035,1,interior
0.5522000665343719,0.16239839328510627,1,interior
0.4982122827271086,0.22444205456266064,1,interior
0.49843978674020145,0.2167914885056644,1,interior
0.5024440030873778,0.21611410296579975,1,interior
0.5237502946530187,0.1740198960687037,1,interior
0.5179192881896709,0.17456222757973902,1,interior
0.5165174396539101,0.18040223076632383,1,interior
0.9699207542567613,0.2040492302994875,1,interior
0.9741189851336122,0.20277375760952102,1,interior
0.5988729197706723,0.12547064749763126,1,interior
0.5908463259365965,0.12483326503524204,1,interior
0.5954507442278113,0.12229624232403415,1,interior
0.6520976912809673,0.10612489012347501,1,interior
0.6557948864684991,0.10314754220346549,1,interior
0.6369647698448789,0.11406759038434104,1,interior
0.4941174144584562,0.21474717465997353,1,interior
0.4994857109862001,0.21278975155155347,1,interior
0.5324955060555121,0.28010538903643256,1,interior
0.5127159088044903,0.17186137859268488,1,interior
0.5125730207402296,0.17620390846349013,1,interior
0.5211482207571672,0.17024491190628488,1,interior
0.516880211743008,0.1688823111087042,1,interior
0.5041460013142837,0.2608431158973456,1,interior
0.5080436140748118,0.2669680088234214,1,interior
0.5047254393808266,0.26556173808337147,1,interior
0.5876674157794985,0.12246912623502988,1,interior
0.5884478251593334,0.11846693453559606,1,interior
0.5922068292580508,0.11903678652986294,1,interior
0.5048187486690752,0.21269028792491887,1,interior
0.6198763135157694,0.13136812364988504,1,interior
0.6180169553226339,0.12691272852804514,1,interior
0.5244791730770019,0.19917779682025474,1,interior
0.5054217816212174,0.19403780491802056,1,interior
0.5083905015081903,0.1976520846496016,1,interior
0.5166139269101884,0.19376304425692803,1,interior
0.5068897884084377,0.1889082220230566,1,interior
0.6128734091956155,0.12109046923842189,1,interior
0.6093226237638788,0.12360516815272249,1,interior
0.5203212781753077,0.303274394433981,1,interior
0.5196221666040683,0.2986988953000122,1,interior
0.5217680037280802,0.29402533979814016,1,interior
0.5162185772598751,0.29573090462522195,1,interior
0.522409504097258,0.20473222290948215,1,interior
0.5227634855940453,0.21076578005515892,1,interior
0.527952959037817,0.21382321866780385,1,interior
0.6041928207859859,0.12270553230536807,1,interior
0.6085665581503806,0.11796255274337557,1,interior
0.6065252777188757,0.1268113640504316,1,interior
0.6164255772889701,0.12326341349845585,1,interior
0.4992892846713799,0.23746556925443763,1,interior
0.5012295761199707,0.23268610246420893,1,interior
0.5206027769935649,0.21639152524799635,1,interior
0.5240562992923262,0.22058799385224215,1,interior
0.5124708009093645,0.16684173730228882,1,interior
0.5083280555533913,0.16915515793105287,1,interior
0.6538239457090053,0.09789866468702974,1,interior
0.6591383020864958,0.09871491475901127,1,interior
0.5999617528072927,0.12079555375219367,1,interior
0.5246148594825218,0.2157861798096686,1,interior
0.5197557626548465,0.31597601840590833,1,interior
0.5179521786234627,0.31131356985514685,1,interior
0.5217491950712848,0.3077835858137179,1,interior
0.6012033678677045,0.14219031115239905,1,interior
0.4985005749245177,0.22893624292254441,1,interior
0.4928204508553791,0.22363905104226833,1,interior
0.507692741639562,0.20251131578427173,1,interior
0.5125167208904556,0.20073328089384365,1,interior
0.5022530686456315,0.19956470857538378,1,interior
0.5007726878913836,0.19454033243344376,1,interior
0.5017311656781096,0.18970899525484938,1,interior
0.4960723164930537,0.1921781797847691,1,interior
0.49717758218122104,0.1969992909281102,1,interior
0.632341534820631,0.1163127450646967,1,interior
0.5177879274019821,0.27736797669725005,1,interior
0.9872463094953284,0.21354088808522037,1,interior
0.9889337880601419,0.21016560807434762,1,interior
0.5977919536545474,0.11660782684300428,1,interior
0.5887943114521833,0.11404250508383983,1,interior
0.5941693737023716,0.11403879815850919,1,interior
0.6439220476742643,0.10906532009995482,1,interior
0.6479802184049529,0.1069441539039472,1,interior
0.652525018301658,0.11659336017617596,1,interior
0.5003446975882613,0.24380755654862157,1,interior
0.4942354433694046,0.2368885845358962,1,interior
0.49557927505260607,0.24169934033806886,1,interior
0.49507153161631495,0.23235337664696107,1,interior
0.5210855501668428,0.16525773910629413,1,interior
0.5261296209378413,0.1686988781987217,1,interior
0.524214745850929,0.33177093649206946,1,interior
0.4875642961570815,0.2160566895596279,1,interior
0.49126743376522714,0.210771971427243,1,interior
0.49152927716491623,0.21906975059957623,1,interior
0.6439480108590612,0.10402209098660765,1,interior
0.6297109074823694,0.15108666125813383,1,interior
0.4988030559981329,0.2045415494930576,1,interior
0.4955006519824039,0.20084808846125335,1,interior
0.5168947056855616,0.19845817238885757,1,interior
0.5206224667055739,0.32986707148300026,1,interior
0.5439086141095789,0.1571704928405586,1,interior
0.5479156752088719,0.15473951736298977,1,interior
0.5398114798182044,0.1655578834599875,1,interior
0.5312885232086785,0.16966145617527445,1,interior
0.5362776162748257,0.16193128714877622,1,interior
0.5023300149244151,0.25279331530744487,1,interior
0.9851950066576726,0.21697953930363598,1,interior
0.9811878191637744,0.21886735951795924,1,interior
0.5159575908606934,0.1636614100896315,1,interior
0.5231104089148443,0.1601722339393057,1,interior
0.5259317291974317,0.16381164517667549,1,interior
0.5188424661983335,0.16074211106195296,1,interior
0.539486520368314,0.15694901410890985,1,interior
0.5081435580465787,0.17726975071750914,1,interior
0.5066170620708359,0.18071086139844925,1,interior
0.5110728116024942,0.18039316055911134,1,interior
0.5072213476852118,0.17352186545705187,1,interior
0.5114486297740165,0.29854561098743254,1,interior
0.513842683197557,0.29102718560400626,1,interior
0.5156558674968702,0.30114950156228004,1,interior
0.5183052337792095,0.2910775888126354,1,interior
0.5116058342310941,0.2946049383147772,1,interior
0.9811856451965033,0.20606149052578962,1,interior
0.503387237638451,0.24798028822965903,1,interior
0.49606149322048637,0.24722254626436327,1,interior
0.491578673352922,0.24537974779092933,1,interior
0.5764709056875759,0.1426385472711448,1,interior
0.5745501784715153,0.1378923264036421,1,interior
0.9822728213875771,0.22282035114929954,1,interior
0.503637274182858,0.20452861460820806,1,interior
0.49645163431473643,0.20944874926420623,1,interior
0.5017860058727129,0.2086505078880767,1,interior
0.5271840501733243,0.2024094751398565,1,interior
0.5169703105700921,0.20327869498928605,1,interior
0.5205212968193755,0.2004726590675891,1,interior
0.51736864638469,0.20806963750289312,1,interior
0.4967588729738957,0.26741292881675516,1,interior
0.5053882234157813,0.2714281870140755,1,interior
0.4997425894324861,0.2720955342905723,1,interior
0.5093323006586896,0.26997500599751434,1,interior
0.5691568820952253,0.13446127444322986,1,interior
0.575137825127773,0.1328555200604347,1,interior
0.5697115438759213,0.1388963804376007,1,interior
0.5000919619563138,0.25795648700855106,1,interior
0.5005993698577361,0.26361015607590554,1,interior
0.5725729091496693,0.16638257411007928,1,interior
0.570984771318543,0.16167267038087332,1,interior
0.978279975533536,0.20264295514381522,1,interior
0.6136332886160979,0.11641272856444207,1,interior
0.6178384384826481,0.11554179375403621,1,interior
0.5130929794728483,0.3332409852232717,1,interior
0.6034479029725951,0.11725240750682747,1,interior
0.4925604497795761,0.2506522237859125,1,interior
0.49670015826674,0.25328946396924973,1,interior
0.5074636903098345,0.20810703990806936,1,interior
0.5379849102729268,0.2958833249904269,1,interior
0.512285899250697,0.20537154377679911,1,interior
0.5259469481058566,0.2905583353757014,1,interior
0.5165040941276082,0.2864400052433837,1,interior
0.49866957582562393,0.2767196845707329,1,interior
0.502881185211821,0.27600083194026875,1,interior
0.4942315949413293,0.2727030471195464,1,interior
0.7028654792132215,0.1273442984407952,1,interior
0.4881006227012747,0.2224566810997106,1,interior
0.48612337487981816,0.21048207124439058,1,interior
0.481998300052428,0.21765619503680894,1,interior
0.5048888904630524,0.1661559497899678,1,interior
0.5084718933247826,0.16451061759089936,1,interior
0.5118632488434091,0.16165857045514728,1,interior
0.5383197256970408,0.15214743610076356,1,interior
0.535010396419378,0.15616434344654417,1,interior
0.5339354561820969,0.15167571280702385,1,interior
0.5319791388758249,0.15929583177280662,1,interior
0.4940056981678251,0.2588382744336282,1,interior
0.6400334424982579,0.10903443275784452,1,interior
0.6454345069847435,0.09818966251116377,1,interior
0.6497251925231736,0.1014235336576025,1,interior
0.6407233926138546,0.10006628624832005,1,interior
0.6391388649987635,0.10455020033854094,1,interior
0.5036027715236198,0.18392711860933889,1,interior
0.6289999231479583,0.1129074879518799,1,interior
0.6347734125598544,0.12015629535057477,1,interior
0.6331371884882581,0.11162866461024683,1,interior
0.6281396112588442,0.11739895765222594,1,interior
0.5830310547233623,0.1232701771976602,1,interior
0.5764325771557853,0.12835294914977022,1,interior
0.6163571774962241,0.1118257699385034,1,interior
0.6113559705411022,0.11242596466042687,1,interior
0.49387982867596947,0.26382647969953077,1,interior
0.4880498454093697,0.27274756275050854,1,interior
0.4910158981777553,0.2676796056857297,1,interior
0.4907346190220947,0.27634032204137343,1,interior
0.5155705243744756,0.28132764708490315,1,interior
0.51080777343937,0.28740753816294545,1,interior
0.4898010942745322,0.23475986239926946,1,interior
0.4944363334588915,0.22753821217194709,1,interior
0.489368489543057,0.22843465574342625,1,interior
0.584837865073332,0.11850911537098957,1,interior
0.5828737778079834,0.11433264357030087,1,interior
0.5893446936037496,0.10882622036209352,1,interior
0.5932839961507917,0.10985897148539897,1,interior
0.5154472931147314,0.27237023357935225,1,interior
0.5129368331587971,0.2768923435970702,1,interior
0.5363090542285388,0.14816737793119814,1,interior
0.5429788845427429,0.15255998883186578,1,interior
0.5409024423537192,0.14724585755176034,1,interior
0.5315869581508945,0.14779506011004345,1,interior
0.4842682850718864,0.22082066067384823,1,interior
0.5851462436478109,0.10969833429465492,1,interior
0.5799736896610093,0.11011094564185098,1,interior
0.580153240982095,0.11895550951592264,1,interior
0.5775989851595332,0.11444083422383866,1,interior
0.9843553885840024,0.22005145704678516,1,interior
0.4972115468967761,0.26214863052792226,1,interior
0.5109166232956767,0.23067040453534657,1,interior
0.5872282386017196,0.10446643732417855,1,interior
0.5922062751595703,0.10520465744352094,1,interior
0.5909255372746427,0.10133037270476136,1,interior
0.5327168421065583,0.21651074926435893,1,interior
0.5378564887590155,0.21651105367231793,1,interior
0.5823806775738739,0.10553783607772495,1,interior
0.515624868352054,0.3064679733206893,1,interior
0.5316775286132067,0.21195146583631091,1,interior
0.625554450789494,0.12689248430575123,1,interior
0.5032069298968683,0.17768836315197675,1,interior
0.5017261100080128,0.1734381722741883,1,interior
0.5164514399801193,0.3318864713176839,1,interior
0.4976723042189751,0.18863269439053387,1,interior
0.4988273783525121,0.18497132068368397,1,interior
0.528407695795584,0.21885269560708964,1,interior
0.5569401896650653,0.15979793973678813,1,interior
0.5529574627672086,0.15664326322054645,1,interior
0.5310012632052385,0.16456622446912875,1,interior
0.5467803325795421,0.1487362327010254,1,interior
0.5419314828519837,0.14097794877568187,1,interior
0.5439614538311129,0.14508361003949388,1,interior
0.4812009774434562,0.20866493931794658,1,interior
0.48190602392520504,0.21356256156385725,1,interior
0.48915680670677303,0.20672970657220152,1,interior
0.4850145041161551,0.2054006169170428,1,interior
0.5125212504309674,0.20972699735070935,1,interior
0.6448522267399242,0.14110594773792084,1,interior
0.5739864367216421,0.10950753190385822,1,interior
0.5731396135397093,0.1149510015222592,1,interior
0.5752595455431321,0.11934179181130493,1,interior
0.4766108328141178,0.20702109161700952,1,interior
0.4757906705175798,0.20274953877572255,1,interior
0.4766260116787832,0.21184580814232348,1,interior
0.4842562035746627,0.20109373493244073,1,interior
0.6017082026934457,0.11316076600520834,1,interior
0.5703873066185106,0.14625705678323264,1,interior
0.5730727155346923,0.15323444041174678,1,interior
0.5693966839882915,0.15074760107460689,1,interior
0.5982617314234308,0.11024364476449092,1,interior
0.5964251382368955,0.10599315162423854,1,interior
0.6529644302349257,0.09287278505217007,1,interior
0.6493685856940744,0.09541377308932296,1,interior
0.650944122315222,0.08526821711131224,1,interior
0.6520884303670256,0.07683130916520955,1,interior
0.6532931628485693,0.08848353221168535,1,interior
0.6357573115443076,0.10157301238757578,1,interior
0.637596591433134,0.09649426563460706,1,interior
0.6418519380227272,0.09542297381513429,1,interior
0.6352434721285226,0.1074753780694924,1,interior
0.47267008585602,0.20432561739558694,1,interior
0.4719636539841059,0.20915348730893832,1,interior
0.5834632905128162,0.10075605883529118,1,interior
0.5953016395127632,0.09672791993290032,1,interior
0.508264530316653,0.32905910174656244,1,interior
0.5087643014789935,0.3330521228448543,1,interior
0.5123312615491021,0.3302025891196119,1,interior
0.49972543571686767,0.18045125640024015,1,interior
0.49715031223408895,0.1757809334763189,1,interior
0.5150614991464021,0.15790889447125572,1,interior
0.46943970601990054,0.20148770709514946,1,interior
0.46635978027645353,0.20866428000266435,1,interior
0.468973517278289,0.2056138902401944,1,interior
0.5071352108400266,0.295641579283549,1,interior
0.5064449661686471,0.2998234424834982,1,interior
0.5202054049809894,0.15641811393323773,1,interior
0.5278913907794317,0.15947876560940832,1,interior
0.5026056153240199,0.2816371648789906,1,interior
0.49446519098858754,0.27823788450006287,1,interior
0.49785098628513297,0.28068234446166374,1,interior
0.48509756295615114,0.23591762616679826,1,interior
0.48781969536555403,0.243092343038316,1,interior
0.4909330458187324,0.2399867125546887,1,interior
0.4863550106996925,0.23917481776932148,1,interior
0.5086042785741377,0.18441704973581627,1,interior
0.5056097824251894,0.287114008125893,1,interior
0.5109531005840044,0.2804335466198829,1,interior
0.5065861575999641,0.23191128676595232,1,interior
0.5724479585790251,0.14270524300177026,1,interior
0.5663806346225254,0.16125648810948714,1,interior
0.5648414500351221,0.15749036811022593,1,interior
0.5693798474575181,0.15663008171365028,1,interior
0.5516570104003163,0.15129247300334583,1,interior
0.5500496403476818,0.15856577514445652,1,interior
0.4862616268401999,0.24744114869505743,1,interior
0.5300776338739334,0.1541182467060183,1,interior
0.6004847642146827,0.0919390355979227,1,interior
0.5995988093083692,0.09757461828326842,1,interior
0.6630988659820278,0.09687323630105979,1,interior
0.6568195722485122,0.09475444388356062,1,interior
0.6645690603828169,0.10033723571129374,1,interior
0.47681309251737936,0.21661505668016945,1,interior
0.47919908336721356,0.22196041808320865,1,interior
0.5564064124292647,0.1538918978561342,1,interior
0.5611147394038289,0.15513084214324874,1,interior
0.561725998963444,0.1604527995340296,1,interior
0.6039841595624014,0.09926107710511363,1,interior
0.6007102533952228,0.10390205599261843,1,interior
0.6034804454154337,0.09479304326523479,1,interior
0.5159399597007853,0.32784847110529375,1,interior
0.48331548496590043,0.24298291804607466,1,interior
0.5073449578710892,0.27744729339864393,1,interior
0.5077202606162362,0.28312473599579097,1,interior
0.5106408048858584,0.27296129662694807,1,interior
0.6546114483261273,0.06811894426570027,1,interior
0.6536237169576776,0.07229361951884372,1,interior
0.4895169433292595,0.20185357526520264,1,interior
0.49164866581117245,0.19634579112714334,1,interior
0.6491723509772082,0.08995737858454954,1,interior
0.5778889019943989,0.10615289819370652,1,interior
0.5789901902040026,0.10173183582212826,1,interior
0.6451553926315249,0.09245096122094108,1,interior
0.6446242839759305,0.08681832308758088,1,interior
0.6469927721956991,0.08255645136119281,1,interior
0.48626022457136103,0.27835156038640163,1,interior
0.4906786935964597,0.28102266945267534,1,interior
0.49439965841449623,0.2832591533660311,1,interior
0.5266632765034206,0.15018200146595004,1,interior
0.5250939354964791,0.15534597891381538,1,interior
0.5222331489673016,0.15169614804719175,1,interior
0.4980491772545553,0.17026788910581758,1,interior
0.4919712421833493,0.1713232218594371,1,interior
0.4951324571396564,0.18122519357698816,1,interior
0.49179433459732963,0.17725939027598306,1,interior
0.49049957760753254,0.26251442678555953,1,interior
0.5725781208182416,0.12421945668284111,1,interior
0.5711853397752981,0.1297342022927759,1,interior
0.47976202284460606,0.23032977456994244,1,interior
0.4814470807259312,0.23847779671048355,1,interior
0.47698870066860655,0.23553089613166497,1,interior
0.48630525324112217,0.23236702575258325,1,interior
0.6299619479826176,0.10812845317448205,1,interior
0.6311438985427525,0.10336955922975062,1,interior
0.5126482409024277,0.2675859893888234,1,interior
0.648324455750067,0.07297160534641124,1,interior
0.6462094585017825,0.07790605913772998,1,interior
0.6512644802505291,0.0809670160789038,1,interior
0.4784228774590941,0.22665452193403884,1,interior
0.4834871542504739,0.22572796194057324,1,interior
0.4749577985487714,0.23027081699814747,1,interior
0.48188620418102895,0.23377175844848752,1,interior
0.49381445943252966,0.1866463860951125,1,interior
0.4866332619239028,0.26416771878637363,1,interior
0.48785825216537443,0.25883605612868493,1,interior
0.4824685046748007,0.26160366145809133,1,interior
0.6794855169364891,0.1284672602655482,1,interior
0.625849132136958,0.10499770311498342,1,interior
0.4821318038400451,0.26647848572478866,1,interior
0.4774698869478186,0.259442306718043,1,interior
0.48624723882108845,0.26853166183283117,1,interior
0.48314149050606403,0.256773975599909,1,interior
0.4775706955307981,0.26456641740432085,1,interior
0.6210409972606671,0.11259347430267637,1,interior
0.5957686412385843,0.10132007299514623,1,interior
0.5647091928948728,0.13825069128587367,1,interior
0.5673560879575675,0.14250120501893473,1,interior
0.4835393657681051,0.27505365360056105,1,interior
0.4868867922474449,0.17913000579467778,1,interior
0.48805440301740816,0.17476406288253676,1,interior
0.4903289785789024,0.18231869732327322,1,interior
0.5659263411066272,0.15388681560761433,1,interior
0.48274070004205805,0.2711220157655046,1,interior
0.6398850476175674,0.09097551740967669,1,interior
0.5109085928657141,0.3029937331442121,1,interior
0.5587224732242085,0.1369361479815176,1,interior
0.5616026103435233,0.14224803782752277,1,interior
0.5632359043837559,0.13422257049987726,1,interior
0.5045411481849131,0.33502109050680806,1,interior
0.650097414604591,0.12063478657135669,1,interior
0.48654359530222696,0.1978494774845946,1,interior
0.4835162270626567,0.17588689444201966,1,interior
0.48229428593168766,0.18067439457345447,1,interior
0.6394081925127997,0.07648865224284133,1,interior
0.6419681111442296,0.08149991326789625,1,interior
0.6434227699924349,0.07389035919539194,1,interior
0.4778771404802229,0.24187430457370904,1,interior
0.5002029168589498,0.16496495687093807,1,interior
0.49141708464468564,0.16549978750758945,1,interior
0.5032708327931171,0.16961523911301238,1,interior
0.4954274656037144,0.16669416820396293,1,interior
0.4744254272877375,0.22539832109897387,1,interior
0.47165866638456766,0.23382018072335894,1,interior
0.4695766373359556,0.2287460947948393,1,interior
0.544464505530545,0.1364864628085109,1,interior
0.5362896007444907,0.14374717284146687,1,interior
0.5470545541313913,0.1434912711431939,1,interior
0.5357367574527742,0.13845178920284723,1,interior
0.5487897048950002,0.13978771497761677,1,interior
0.606476610763322,0.11211761617041935,1,interior
0.609818339344343,0.10754635838946773,1,interior
0.6147240722228213,0.10787523710904624,1,interior
0.5745575095630017,0.10321338427533366,1,interior
0.51878989010822,0.32447957554192314,1,interior
0.5043118487670052,0.1619856451445169,1,interior
0.5988785205041214,0.08878364256431724,1,interior
0.6859693313875219,0.10821760188761673,1,interior
0.49355525053795474,0.20558645617145457,1,interior
0.6697312791480026,0.09919075984334487,1,interior
0.5679066868794566,0.1658918186391042,1,interior
0.5014450726739543,0.2681829111162414,1,interior
0.48030231376276183,0.2031460736757788,1,interior
0.49052289007668914,0.19092994812499364,1,interior
0.4862317580261635,0.1937338916342977,1,interior
0.6251686441652239,0.10996774304314823,1,interior
0.461864466142548,0.20431398326166939,1,interior
0.4650226236835771,0.2138228873070345,1,interior
0.46568955872387496,0.2027068671469711,1,interior
0.4707569926988307,0.21392197951114178,1,interior
0.47473220506992375,0.22104420024069354,1,interior
0.494370488973941,0.33753516701854414,1,interior
0.49794339840638274,0.33712073128480996,1,interior
0.4729882698670849,0.2388800735297791,1,interior
0.4683732279419151,0.24123960554564589,1,interior
0.46645151028339144,0.2332341000699013,1,interior
0.5794307235099853,0.0973072194243844,1,interior
0.5779577123932342,0.1236035010928337,1,interior
0.4875874651965321,0.2530259794861244,1,interior
0.5124180810401747,0.31097888507355675,1,interior
0.5145322532808084,0.3151221847365863,1,interior
0.461329637209198,0.20932269086774477,1,interior
0.46704787989806895,0.21925272245119048,1,interior
0.45834931468062257,0.2177041464264466,1,interior
0.4621884460085906,0.21829568972070137,1,interior
0.6026505154484311,0.0871738474912041,1,interior
0.5971681789831701,0.09403006095495517,1,interior
0.5998404761672036,0.0852550229885296,1,interior
0.6058960291921498,0.0904021835575706,1,interior
0.5551955649265141,0.13312928209402175,1,interior
0.5551531854100307,0.14104080190485238,1,interior
0.5589684026409125,0.13109017808569026,1,interior
0.5527351996853928,0.1366214237648096,1,interior
0.5517699363293923,0.14533635632656486,1,interior
0.5659747113126602,0.14643004503381107,1,interior
0.48418314095747395,0.22971451590796876,1,interior
0.503774376337007,0.33002975176311755,1,interior
0.5114057322331306,0.32631522319043,1,interior
0.497996074892007,0.32935298817804287,1,interior
0.5003208713515968,0.33395068786466525,1,interior
0.5067048418211687,0.32515545297697795,1,interior
0.5019747584538382,0.32483425298306196,1,interior
0.4957471334804342,0.33391086166890593,1,interior
0.4931988576718242,0.3265097439270311,1,interior
0.4926734482049711,0.33115716198311335,1,interior
0.4598974734845142,0.21378774841043105,1,interior
0.4628474682188234,0.2225268937593984,1,interior
0.45460314181806266,0.21472310593905752,1,interior
0.4551485754514961,0.2194106119431843,1,interior
0.4580992884400984,0.2224623398820403,1,interior
0.4773536069955739,0.19942665658124237,1,interior
0.4726397229673635,0.19877811790501965,1,interior
0.4812011344952262,0.19674020083518973,1,interior
0.481110246894266,0.2468911026705611,1,interior
0.4765696396148927,0.24674105168034224,1,interior
0.47802522314676715,0.2694679315860042,1,interior
0.4789572006352781,0.2741695231569,1,interior
0.9614766751139561,0.21137201244220805,1,interior
0.5123975605732876,0.15306191234910305,1,interior
0.5099255234649344,0.15681121790659397,1,interior
0.6203794124196806,0.10720036771081827,1,interior
0.6172162026725472,0.10313574278720751,1,interior
0.6126383949086444,0.10390208551937197,1,interior
0.489126177962712,0.18652742920161228,1,interior
0.50499891018054,0.15712571507026735,1,interior
0.5067595660831193,0.1522738465482079,1,interior
0.507909458530262,0.16033941503093901,1,interior
0.5105118505273794,0.1484100293209565,1,interior
0.6881164871420774,0.0950320079823408,1,interior
0.47038810570407746,0.22315227047826544,1,interior
0.9657059981275461,0.2049327441889329,1,interior
0.6132719603637995,0.09922753962211271,1,interior
0.6225711096532388,0.10086498757438557,1,interior
0.6185277286330282,0.09869498981966553,1,interior
0.5097509001184061,0.30723100012520627,1,interior
0.5090378842785722,0.3151214643407448,1,interior
0.5069079607514272,0.31139160865659976,1,interior
0.5160820610208071,0.3198945051236806,1,interior
0.5005446615429945,0.15927136644672982,1,interior
0.6057204521834304,0.10640985384914274,1,interior
0.6085287232740504,0.10194198738642411,1,interior
0.5108565350323055,0.32205053852694304,1,interior
0.5112173753000754,0.31835726966218963,1,interior
0.5684481311043343,0.1267134103706403,1,interior
0.5673518787429734,0.1223769989527434,1,interior
0.5703946925440045,0.11888613630112667,1,interior
0.5352257859724574,0.18097739563059584,1,interior
0.4863861591152218,0.16353812534211762,1,interior
0.4957242275039236,0.16148522815894642,1,interior
0.48758412033344883,0.1680409043128091,1,interior
0.488857387518035,0.3334014659371536,1,interior
0.4610679668171503,0.23439556414219528,1,interior
0.46469852448568555,0.23740763607998483,1,interior
0.4635349017680373,0.22991808478616624,1,interior
0.4576982802362865,0.2313082490091216,1,interior
0.4603829530344418,0.22670259204096346,1,interior
0.568802926278064,0.11362734295416896,1,interior
0.5702304831661732,0.10450819281460129,1,interior
0.47599538282764026,0.1955218891693873,1,interior
0.48201723192335083,0.19146187621587493,1,interior
0.48748998315913,0.33757245070762326,1,interior
0.48845683698902514,0.15830922429288366,1,interior
0.48015466633811904,0.1636814130830788,1,interior
0.48269394806660576,0.16777760368362268,1,interior
0.48411267111131406,0.16004870055745635,1,interior
0.48491437744704297,0.15541504687970606,1,interior
0.5058592130969257,0.32002169053974033,1,interior
0.608014342266482,0.09624282082448765,1,interior
0.616982847720987,0.09504478043853685,1,interior
0.6125011474766238,0.09507477781104098,1,interior
0.6100374384353169,0.09200153220421617,1,interior
0.632209250643516,0.0977937780386486,1,interior
0.627610724030387,0.10052692083838528,1,interior
0.6003301081659262,0.07883200594830857,1,interior
0.6021758203693541,0.08196015718006425,1,interior
0.4562371865961505,0.21010762928794724,1,interior
0.6348707612412188,0.0722997170499596,1,interior
0.6361880328439772,0.08094017798749396,1,interior
0.6333842148193872,0.0769690349827054,1,interior
0.5479802314206436,0.13432572530193745,1,interior
0.5566913522119359,0.1269801079261445,1,interior
0.5531903595417277,0.12879578913520157,1,interior
0.4901767445657377,0.15326841272834837,1,interior
0.4802929713101572,0.1523226285614245,1,interior
0.4746370101820431,0.14923712907519696,1,interior
0.4860184141826368,0.15115215720749436,1,interior
0.474874233615511,0.15355972192531522,1,interior
0.4804224900086839,0.15815530809271108,1,interior
0.4795940880428276,0.14748781275848458,1,interior
0.47686611681040575,0.15657667483079168,1,interior
0.5845326230259184,0.14650092168126497,1,interior
0.47320945753641425,0.268221863922949,1,interior
0.5811141943926228,0.1272039169233436,1,interior
0.485452502937265,0.18392606904814413,1,interior
0.48546566598724405,0.18881378486287528,1,interior
0.4879303575268258,0.32919494101282015,1,interior
0.5035810581600635,0.3155691464380526,1,interior
0.5013267977613004,0.31103314446191455,1,interior
0.47932649246449205,0.2549150148481959,1,interior
0.5655404301474537,0.11034806471500233,1,interior
0.5631828190693908,0.1135431532802975,1,interior
0.5653887686766054,0.10595824432584132,1,interior
0.5059268255486897,0.30400735905812676,1,interior
0.45179405510620224,0.2318950366707885,1,interior
0.45532844540677353,0.23674403507550315,1,interior
0.5651092408611395,0.13016352223220093,1,interior
0.6478515222197514,0.06830971760918818,1,interior
0.6394537466338557,0.07095435976291399,1,interior
0.6440592599590979,0.06952163924509284,1,interior
0.45060249167685557,0.24027009223313822,1,interior
0.4603489000607226,0.23880544670787995,1,interior
0.4545239647623257,0.24200359111143332,1,interior
0.4497722606469809,0.2360586154615311,1,interior
0.5825658906444223,0.0971322692905395,1,interior
0.5552491139424411,0.14913779739744948,1,interior
0.48196335383569666,0.337216045492098,1,interior
0.4843377297950916,0.3393434470898747,1,interior
0.4846870077134477,0.33323585388493654,1,interior
0.4657892143778814,0.2252196183096563,1,interior
0.4718250787956018,0.2183810252799674,1,interior
0.48260269336182543,0.2823140377103444,1,interior
0.48714897933063755,0.2829815771165005,1,interior
0.5401339783264671,0.13531863288426135,1,interior
0.5437708267673566,0.13101042570812532,1,interior
0.4541729367131004,0.2028359054140137,1,interior
0.4577810354585826,0.20054586069392547,1,interior
0.45743451455273826,0.20567835060609543,1,interior
0.4626376024747145,0.19898203780625842,1,interior
0.4758138772900404,0.16096472781968155,1,interior
0.4804165027378985,0.18625136257901462,1,interior
0.47828686431617495,0.1814818822338188,1,interior
0.47879631074720086,0.1772471373945899,1,interior
0.4653344935408117,0.24417118543168578,1,interior
0.46847503730536694,0.24677169514039532,1,interior
0.46877695394604996,0.23694809673367714,1,interior
0.5607687929905952,0.12653168848360763,1,interior
0.4962191862054877,0.15114719969582993,1,interior
0.49322257791562624,0.15661896351228902,1,interior
0.49729603864969346,0.1562545314058888,1,interior
0.4905170588556104,0.14793346177522948,1,interior
0.4627010017626062,0.19320274730148532,1,interior
0.45927873757551013,0.1963064029782145,1,interior
0.46748534605963904,0.19700208157448423,1,interior
0.49956145548814784,0.31985850636911656,1,interior
0.4720765548580775,0.1922312290007998,1,interior
0.477860325144527,0.1916609506381872,1,interior
0.48563588434419497,0.17157152262128098,1,interior
0.4758058395447806,0.18415806053473793,1,interior
0.5618787709922802,0.14680031563093937,1,interior
0.5641413134024544,0.1505638528284378,1,interior
0.5004621528645189,0.14623989125602666,1,interior
0.5020170979641324,0.1500206947989133,1,interior
0.5226190205554775,0.14593604734832552,1,interior
0.5275396746994051,0.14574919684894752,1,interior
0.4576368932309857,0.1924151411509234,1,interior
0.46707086471468173,0.19199636269353745,1,interior
0.4686938931300226,0.18799437662728813,1,interior
0.46428219460365144,0.18766317916614308,1,interior
0.4529975858849494,0.19913988573148994,1,interior
0.4499810784973352,0.2018138931161024,1,interior
0.4475037658962652,0.2061599643846404,1,interior
0.45257642706284457,0.2063936180409389,1,interior
0.47271402345110963,0.2633673113644247,1,interior
0.5010794834856798,0.28746069922980594,1,interior
0.6025879888329456,0.10886319569132359,1,interior
0.4787170149908548,0.33981237854939134,1,interior
0.47509993337714135,0.33975227370462324,1,interior
0.4755076648439472,0.18817079545077836,1,interior
0.5712105257786511,0.0994108728763346,1,interior
0.5659334589813887,0.10072044362460078,1,interior
0.5654799877216009,0.11783978737115768,1,interior
0.561857863410048,0.12150037609927418,1,interior
0.6356767756736524,0.06739110623129059,1,interior
0.6303732940919609,0.07340303150014098,1,interior
0.6303469930883089,0.06835289267178322,1,interior
0.49114033548783925,0.16118740444050422,1,interior
0.6136060969250954,0.1258471281800789,1,interior
0.4844597711224771,0.14758719841456214,1,interior
0.5307878258433536,0.1421128786799106,1,interior
0.4491603860537638,0.2150946039618485,1,interior
0.45162735966478207,0.2184832060529618,1,interior
0.5570913971341688,0.12269838030791828,1,interior
0.5534364405515679,0.12442482780313072,1,interior
0.6111711611511345,0.08766167159931396,1,interior
0.6067965289230092,0.08434179873324443,1,interior
0.5595082997431936,0.15025247192200678,1,interior
0.48745339993938724,0.1433355119056744,1,interior
0.4819096196774677,0.1432614363464085,1,interior
0.5574790371281495,0.145481818316956,1,interior
0.6146579227469667,0.0911321548918869,1,interior
0.4548598926681246,0.19616109420207772,1,interior
0.49166370672073434,0.3358866899695221,1,interior
0.5646038328239339,0.12554103986057608,1,interior
0.5173960453659764,0.15318925060923286,1,interior
0.5151867270620556,0.14930825577222823,1,interior
0.47653701260665127,0.33574517604094095,1,interior
0.4802063968773216,0.33316955759411143,1,interior
0.47200471011289646,0.33799447975517655,1,interior
0.4819813147356204,0.3286294678242001,1,interior
0.47662391061216364,0.3302384177526443,1,interior
0.48954882279420653,0.2491046915616002,1,interior
0.44845325132803004,0.2274036707490353,1,interior
0.4456759723426386,0.23349155502104676,1,interior
0.4547183087811953,0.22726029208454876,1,interior
0.46117533054179766,0.2435335434939684,1,interior
0.45763430891402557,0.2415487319086175,1,interior
0.498311686602351,0.14185597985173096,1,interior
0.5042384637160741,0.1415713345739935,1,interior
0.4956795068065504,0.1462296270139409,1,interior
0.5056843293285039,0.14685102969256675,1,interior
0.48827999515448306,0.2912792730111744,1,interior
0.48517792901777906,0.28663082416584146,1,interior
0.5742265983183339,0.08894251886059974,1,interior
0.5726776355430107,0.0940975124885584,1,interior
0.5779597717074733,0.08593571888745961,1,interior
0.5756958240748945,0.09782141264151266,1,interior
0.4829797650401002,0.2516282585428731,1,interior
0.47431764049319,0.25490464468379326,1,interior
0.4746436798041671,0.25063789607806153,1,interior
0.49149376925023036,0.32206393479739576,1,interior
0.48910868983812794,0.32501283319415947,1,interior
0.48735061456287154,0.3207789513619445,1,interior
0.4951760135078128,0.32187136810161476,1,interior
0.6385733305824611,0.08559626228950283,1,interior
0.6467056685058848,0.11174630713340143,1,interior
0.48539615376783496,0.32544420941799,1,interior
0.47780505918528154,0.3251225274926139,1,interior
0.4833146684957298,0.31847444907225164,1,interior
0.48220292168504764,0.3230528646965231,1,interior
0.4871488109482946,0.31588102472658325,1,interior
0.4931266800561155,0.31760447033136857,1,interior
0.5146867663681189,0.32392160364964084,1,interior
0.4612621473382313,0.18273741538820398,1,interior
0.45945595876434603,0.18802765288218895,1,interior
0.4677847390925076,0.18258369649619097,1,interior
0.4989049927874029,0.2917452278600617,1,interior
0.49851514530283686,0.2843702491282549,1,interior
0.5038310069992419,0.29178476564766154,1,interior
0.4959859230893428,0.2877776753051648,1,interior
0.4766492240752129,0.14398758694615735,1,interior
0.4744100570732342,0.16568439263530124,1,interior
0.4954193643612316,0.312028591539429,1,interior
0.49848381194150077,0.3153559387776519,1,interior
0.4408723653745009,0.23405902245972726,1,interior
0.4413709761034979,0.23820256132055284,1,interior
0.4420420235728746,0.22939149596863423,1,interior
0.4631738663689185,0.2476051113310275,1,interior
0.4704771544557593,0.2516168396570901,1,interior
0.47281629782603635,0.24363226519768708,1,interior
0.47251972847234686,0.24773105309455717,1,interior
0.46576866439304565,0.25156853892981196,1,interior
0.5017666309506293,0.29644754309683036,1,interior
0.5016622592861852,0.3013263338959945,1,interior
0.48182175269481753,0.3138244872338617,1,interior
0.4787376645256547,0.3193021884005716,1,interior
0.6555443142157679,0.057467918556400543,1,interior
0.6106136072880548,0.084035593971575,1,interior
0.6144652137462386,0.08326645579906482,1,interior
0.5255285775081076,0.14225441545532116,1,interior
0.5306628771289112,0.13783351831676566,1,interior
0.563886062317058,0.09487348965478319,1,interior
0.5605508542754511,0.1040812485970009,1,interior
0.5618008106794744,0.09935954367718965,1,interior
0.5451866474065629,0.1254585287507776,1,interior
0.5482426069701638,0.12922047449462273,1,interior
0.5393952048478676,0.13056743725638129,1,interior
0.5407482202347261,0.1263675268161657,1,interior
0.4604218156572653,0.2513848827519436,1,interior
0.457347547612061,0.24682589161364576,1,interior
0.48460913585953785,0.2934579495493117,1,interior
0.49354230555127615,0.29154567984154195,1,interior
0.48249634379475403,0.28995024867916236,1,interior
0.48758718651189864,0.2960179255758636,1,interior
0.4906953175246441,0.2865663784858535,1,interior
0.49670036165391085,0.29514253215962105,1,interior
0.49194554415596764,0.2965813700865369,1,interior
0.46811503194397985,0.256477506438758,1,interior
0.472048108908666,0.2591652272433249,1,interior
0.5141452659856464,0.1449506482532271,1,interior
0.5194505560649195,0.14937057853854302,1,interior
0.5180438699747247,0.14631178703858927,1,interior
0.4940239037872625,0.30690509843448327,1,interior
0.49798230266345767,0.3081504582770278,1,interior
0.4911597821414883,0.3097924667176977,1,interior
0.5093597717398625,0.1389020855637393,1,interior
0.5183453751809932,0.14293943261484107,1,interior
0.5147793108233595,0.14026246272817217,1,interior
0.4928798849194386,0.14261139558469513,1,interior
0.6510044698113352,0.06493926736152204,1,interior
0.6455382035453634,0.06476044568194456,1,interior
0.6511090161113231,0.06943077746369809,1,interior
0.4676847650947649,0.26207432888353793,1,interior
0.4684575861009818,0.2668862518309891,1,interior
0.5053497940838818,0.13584933985071643,1,interior
0.5096876538821102,0.13405168891453254,1,interior
0.5131949048048181,0.13641645393572516,1,interior
0.44758988786946835,0.22059925275000364,1,interior
0.4457199553867304,0.20067227604775636,1,interior
0.44309257495826915,0.20387034387130937,1,interior
0.44675200254524333,0.21099042706931517,1,interior
0.4425024403292121,0.20859742033614898,1,interior
0.60674210388945,0.07859131213225347,1,interior
0.6108498860657692,0.08022890747593965,1,interior
0.4445671253946058,0.2246965444419305,1,interior
0.4426180715364241,0.2200777388881481,1,interior
0.44399281648423006,0.21489862244238594,1,interior
0.6277262228796904,0.07724920743868961,1,interior
0.6303931582234864,0.0809862735721202,1,interior
0.6255717908380058,0.07267545831177669,1,interior
0.6540716137577041,0.060942194915281904,1,interior
0.6558632234259779,0.06466119150467935,1,interior
0.5144052853343305,0.13239456859666185,1,interior
0.5192058891196941,0.13113867214227445,1,interior
0.5109202948601602,0.13011340730053464,1,interior
0.632825462120789,0.06328694170613688,1,interior
0.6374130031262218,0.06299403746445693,1,interior
0.625764183285107,0.06736227062086743,1,interior
0.4927893510483427,0.3019789746000299,1,interior
0.48949898047798174,0.3057728346939601,1,interior
0.49742463496761075,0.3037546707523254,1,interior
0.6419136461065974,0.060733712150678056,1,interior
0.6398824515981397,0.055793031278758724,1,interior
0.6406548019804275,0.0660183658412766,1,interior
0.6359730005473082,0.05865968956792561,1,interior
0.6312998806478985,0.05922697395289085,1,interior
0.5656810571199998,0.08716193536753203,1,interior
0.5635295575250268,0.08992498525324988,1,interior
0.5595552831998994,0.09092955535610335,1,interior
0.5588102481229628,0.09600879849785172,1,interior
0.5684778174822648,0.09113319400687443,1,interior
0.48070307111147564,0.2936741813290902,1,interior
0.4765740440898325,0.2910091563336703,1,interior
0.47983130324256545,0.2862182025954756,1,interior
0.4833246759348944,0.29756272392434585,1,interior
0.6277868248540581,0.06240733450966461,1,interior
0.5324007504186767,0.13450832706715346,1,interior
0.5358050960295366,0.13271187267207327,1,interior
0.603047644062671,0.07693753736018483,1,interior
0.6112757230941638,0.07520783962039553,1,interior
0.6065815334167469,0.07312539917528912,1,interior
0.5520371429711992,0.11990361844952764,1,interior
0.5494770888822119,0.12447454145375798,1,interior
0.5463740592900767,0.11974421420483415,1,interior
0.5007322737303604,0.13730795999088444,1,interior
0.5096976098811984,0.14340311416648258,1,interior
0.4352240032173915,0.21920128978845493,1,interior
0.44012168096038806,0.2246740437426915,1,interior
0.5613614451590108,0.10909699704461646,1,interior
0.5692417053495726,0.10887631979932186,1,interior
0.6223566710710247,0.0947612178913345,1,interior
0.6269572049037845,0.09645753404771107,1,interior
0.4524460634587755,0.22308030918462798,1,interior
0.6481038631476967,0.060733853789183806,1,interior
0.65043760057273,0.0566985243936899,1,interior
0.5013345651973601,0.15406368913603116,1,interior
0.473674127406051,0.296068688453569,1,interior
0.49519847895984004,0.13739464285586808,1,interior
0.45192788608866974,0.244892238648963,1,interior
0.5542037169960243,0.09839171282489073,1,interior
0.5149437034836801,0.12740128575459925,1,interior
0.520157902971005,0.12664257438109666,1,interior
0.5576984878183652,0.11291438753399352,1,interior
0.5608652836198258,0.11688912410916807,1,interior
0.4629109778194145,0.2556470890197534,1,interior
0.5435902358013147,0.1140988905807133,1,interior
0.5489566414404173,0.1150626694712157,1,interior
0.5417176591582129,0.11847796131626327,1,interior
0.5534525142850227,0.11514994131418133,1,interior
0.531257584574931,0.22679249368560708,1,interior
0.5325883120191077,0.22246679681184686,1,interior
0.4898511015644091,0.138790659354218,1,interior
0.4547379472053696,0.1845172390345684,1,interior
0.4549184475039832,0.1889715481099,1,interior
0.5473440274258398,0.11067433040666164,1,interior
0.5392195048388114,0.11120355682001415,1,interior
0.5436237273811945,0.10825397862158709,1,interior
0.5080596005904727,0.12275117298710674,1,interior
0.5170646671696987,0.12253392732457814,1,interior
0.5097912392737638,0.12653623730552363,1,interior
0.5124285479560149,0.1227109447810099,1,interior
0.6450389331083409,0.0566630921743447,1,interior
0.4719306371369558,0.18572591243033235,1,interior
0.4736867102521415,0.1800228701148312,1,interior
0.6380561627006165,0.0526143881075866,1,boundary
0.4653240299488577,0.1778531663591166,1,interior
0.470551611044359,0.17659603271680768,1,interior
0.46017505731971386,0.17709400487785862,1,interior
0.45655720937048444,0.17987108277903013,1,interior
0.4583814205710019,0.25539560054412,1,interior
0.45517651249384317,0.2530087514967,1,interior
0.6352990830294049,0.09343866966009844,1,interior
0.6347115652702467,0.08913765732118534,1,interior
0.6021870724948687,0.07363822074162793,1,interior
0.6109228691299401,0.070003708164499,1,interior
0.45307207776819086,0.24904579875017913,1,interior
0.4712652134759474,0.29973821626890096,1,interior
0.4783942448623513,0.29706607070281726,1,interior
0.4677834479414463,0.2967649827780119,1,interior
0.47074789305288256,0.2920276534839121,1,interior
0.4757386992230684,0.30152925473347264,1,interior
0.47858973789876685,0.1390654799070519,1,interior
0.4729510921781826,0.14051784910775347,1,interior
0.4720537817624605,0.14504807937758507,1,interior
0.4529569818896072,0.1925832412016645,1,interior
0.448404479904841,0.24795549357989088,1,interior
0.4467903017360277,0.2437061877381501,1,interior
0.5360526029440246,0.12738023543401852,1,interior
0.531208958386987,0.12975425304134663,1,interior
0.48437629332881366,0.13917109460923402,1,interior
0.4771030897667593,0.3147871944014934,1,interior
0.48191489604494303,0.30807595555472717,1,interior
0.4776797324132224,0.3103456573198615,1,interior
0.48652145361535665,0.3104443240260428,1,interior
0.6268428497566405,0.0922272996572348,1,interior
0.6246238992186735,0.08937230130887941,1,interior
0.481535882445241,0.3021701039407069,1,interior
0.6221312522504487,0.08588551253192533,1,interior
0.6273998795088501,0.08501161960096389,1,interior
0.49170928758989624,0.25516800801842576,1,interior
0.4427411150786679,0.24744889972147419,1,interior
0.4414784833757821,0.24281142637792888,1,interior
0.4457257513245924,0.2390361240677896,1,interior
0.59242745609182,0.06528178033929147,1,interior
0.5918761038910676,0.07050017755572915,1,interior
0.5015590465553224,0.305902111896551,1,interior
0.5050966703034965,0.30793723056368283,1,interior
0.47723322087084513,0.2819556996950819,1,interior
0.4384620087274512,0.21618705499405336,1,interior
0.43977169940964506,0.21191908746047972,1,interior
0.5541544651675687,0.10407863559087076,1,interior
0.5495911532690189,0.10082287815769753,1,interior
0.5548772044294809,0.09314410342502416,1,interior
0.5503757006775764,0.09088314604186148,1,interior
0.5177391239873771,0.1359602100743386,1,interior
0.45007175793097226,0.25244954527317076,1,interior
0.44592273051923176,0.2553940611677082,1,interior
0.4906619758315494,0.3135207163295508,1,interior
0.4742704056428139,0.2730300340227898,1,interior
0.469195924420093,0.2724271430907209,1,interior
0.6225619983511611,0.06363146081905861,1,interior
0.6215941423342487,0.06959657788791827,1,interior
0.45505688762383517,0.17445141248181392,1,interior
0.45183876249012594,0.17933279606503494,1,interior
0.4508198860888329,0.2570811021987653,1,interior
0.43700156051278655,0.20808165268172885,1,interior
0.4386663199819636,0.2040362800681946,1,interior
0.4723117359280878,0.15761701574865103,1,interior
0.47020842556147624,0.15317576985629652,1,interior
0.5523455658453208,0.1101175430585795,1,interior
0.5379500396306048,0.1219235323767562,1,interior
0.5327209099182262,0.12376636754072887,1,interior
0.4875360191602538,0.300792694914829,1,interior
0.6188652152077305,0.06739109766543558,1,interior
0.6200113632747273,0.061362340699550114,1,interior
0.6174948373763851,0.0633904633611974,1,interior
0.6139857339426212,0.06362294857940626,1,interior
0.6162121302664004,0.0719804953803801,1,interior
0.5424128347759649,0.12229036499940552,1,interior
0.5062349437320274,0.13027687326237683,1,interior
0.44889678721293436,0.1956566744642107,1,interior
0.6328856899108805,0.08482742173365243,1,interior
0.44171076303967993,0.25834096784916555,1,interior
0.4410059136055994,0.2529034154662878,1,interior
0.4465840162606867,0.2601966789550391,1,interior
0.5384997859428208,0.11621720236461468,1,interior
0.46347772340725585,0.2604341115569549,1,interior
0.472930627654442,0.3124426548707358,1,interior
0.4699507704506658,0.30850525442411736,1,interior
0.4625817256748664,0.2961772270982888,1,interior
0.4668618888981573,0.3017824450399864,1,interior
0.4656833422504732,0.29224474225499397,1,interior
0.47105538020239934,0.3039156716631419,1,interior
0.5348771850320877,0.11894791426833082,1,interior
0.5341638785850592,0.11393060011920697,1,interior
0.44019103314597113,0.1995714274194237,1,interior
0.43408651339506454,0.204537738787604,1,interior
0.434227364530349,0.20026716277714224,1,interior
0.44333327648854703,0.19680402114326873,1,interior
0.5019203129200837,0.13200184237027626,1,interior
0.5263103902223999,0.13847582746718504,1,interior
0.5210500621684216,0.1398970216158558,1,interior
0.5492659262367247,0.08641536861277563,1,interior
0.5551980959737495,0.08762111077355685,1,interior
0.5462767129744115,0.09365590140030604,1,interior
0.5248885236614027,0.12982239990869113,1,interior
0.5244356194514577,0.12469685433935018,1,interior
0.5209470871619393,0.12222981311333245,1,interior
0.4695216991642755,0.33565991560918484,1,interior
0.4723239768164747,0.33235725841249397,1,interior
0.6222662570985479,0.07769625447769922,1,interior
0.6203087720077844,0.07418093006305834,1,interior
0.4687817435256055,0.1484098192695077,1,interior
0.4745216949066035,0.13715411880997966,1,interior
0.4679943567133083,0.14227145582881698,1,interior
0.6162484554513706,0.07790239448467143,1,interior
0.44626052351008605,0.17833203015488763,1,interior
0.4498519608572497,0.17405483367221744,1,interior
0.4491435888220355,0.18357879239016675,1,interior
0.4446432382937845,0.18268260984826973,1,interior
0.6248239656547956,0.08146652913512735,1,interior
0.6194165843544908,0.08216799965146292,1,interior
0.5894203220749766,0.06794295760954715,1,interior
0.5928015787330367,0.06142644581908333,1,interior
0.5964706334586809,0.059202311296046625,1,interior
0.5228042737846846,0.13481703997894132,1,interior
0.43878221986109994,0.24955010846250117,1,interior
0.4361084632963167,0.2410859997161436,1,interior
0.4365737452087414,0.24639284735541916,1,interior
0.5701355177490774,0.08634927148442696,1,interior
0.4678125835739042,0.28758905801299933,1,interior
0.46351435221204,0.17312626949156398,1,interior
0.46805573973911074,0.1726094825455219,1,interior
0.631045553260167,0.09291214783568687,1,interior
0.6296815277770362,0.08859559632264623,1,interior
0.5019923216771356,0.1267529144457781,1,interior
0.4977004471159086,0.3246822130176049,1,interior
0.5748289252271187,0.08353698366206459,1,interior
0.5727035224656596,0.07893685500991644,1,interior
0.5660785660934221,0.08343214379969043,1,interior
0.46273247283743624,0.1419049830931138,1,interior
0.4639713414265881,0.1470549661398322,1,interior
0.46473673640016916,0.15282993991463606,1,interior
0.4711075500593716,0.2768725030529594,1,interior
0.4752375545753795,0.2857115703959002,1,interior
0.47106369045736785,0.2823069002057357,1,interior
0.4806786682480662,0.2784197146681583,1,interior
0.4630250114084379,0.2657449767908728,1,interior
0.4653144104135962,0.2698213395480426,1,interior
0.4970046944974084,0.29917464273560856,1,interior
0.5281092390421351,0.12201187381696064,1,interior
0.5293391459702566,0.11420370847229884,1,interior
0.4384806816289837,0.19358033888255152,1,interior
0.5378018478010634,0.22421695425399404,1,interior
0.4782744202055421,0.30566047693991094,1,interior
0.5309087244071946,0.1093424758571117,1,interior
0.5269591880144877,0.11075956497812459,1,interior
0.5356632203348333,0.10923465521364831,1,interior
0.4318907142214046,0.2443667721348694,1,interior
0.4375831803371037,0.23680531760901716,1,interior
0.43051483361791054,0.24873079531696193,1,interior
0.43492486389049345,0.2519233867807133,1,interior
0.4600433247158818,0.2851711622397633,1,interior
0.4627387148602095,0.28840009817994,1,interior
0.4651657217579768,0.28359358020677217,1,interior
0.4721012384819174,0.2877044692700525,1,interior
0.4976272334001761,0.12849094881708573,1,interior
0.49490910529019094,0.13228387915535125,1,interior
0.43673250426143717,0.2610207078721502,1,interior
0.44256022611385676,0.26389699444700915,1,interior
0.43756581453496207,0.256077509710406,1,interior
0.47423576214937735,0.3070249033505959,1,interior
0.6169196752696681,0.08687226173592293,1,interior
0.6197454793214027,0.0906044192234049,1,interior
0.551249835192258,0.1323684883194713,1,interior
0.4629742362604342,0.3320735235523696,1,interior
0.46745487050418105,0.3323344038509608,1,interior
0.44102672146257854,0.18009910902061063,1,interior
0.44106780703500426,0.17552959075937768,1,interior
0.44483287320245535,0.17274373126974593,1,interior
0.4691980404781968,0.32854436949060817,1,interior
0.4725002047939636,0.32629920282091157,1,interior
0.45930509434773475,0.17249453321897068,1,interior
0.550744751194744,0.08120817749915875,1,interior
0.5461739291146688,0.08214041661640027,1,interior
0.5441909457810983,0.08615560941882223,1,interior
0.5449108389607724,0.08999606447238771,1,interior
0.459377270617977,0.33350205762392027,1,interior
0.5272772044345706,0.11785269811886183,1,interior
0.4609644667905707,0.29240880954939596,1,interior
0.4550421929264263,0.285108593909293,1,interior
0.45512328327008794,0.2590161389127187,1,interior
0.4510784083283715,0.2623449456493446,1,interior
0.5761843067137529,0.07634170149020778,1,interior
0.5693535099730844,0.0749894189465314,1,interior
0.5703225149069104,0.08239280065997148,1,interior
0.5777641863882514,0.07955804702169046,1,interior
0.5729935243396861,0.07463092034857056,1,interior
0.4647842777499845,0.2737146416425711,1,interior
0.46640772397253427,0.2780638881247804,1,interior
0.43349976459806605,0.2364644129730639,1,interior
0.4666621580273283,0.3246238119288618,1,interior
0.4747067260692557,0.3220152891023786,1,interior
0.4702629618192517,0.32122621048355926,1,interior
0.5392454804472503,0.08830274213019425,1,interior
0.5409721653859968,0.09429647483605862,1,interior
0.4302712325426714,0.24042183727610186,1,interior
0.5569471978678014,0.1079300619890472,1,interior
0.45018664512084794,0.18894866643526878,1,interior
0.5239785571500244,0.11978916475652246,1,interior
0.5241635839124299,0.11460533387131501,1,interior
0.5312122363945678,0.11856337501624281,1,interior
0.4705992381522109,0.1353175503236182,1,interior
0.47377138985677125,0.31764632087471417,1,interior
0.4691650944067883,0.3164534626812943,1,interior
0.4682753624330379,0.3125222877019956,1,interior
0.5034781646886998,0.12147326372476187,1,interior
0.4944719050251491,0.12466380736356415,1,interior
0.5056578029907379,0.12564086686551454,1,interior
0.49840429672331316,0.123013308076799,1,interior
0.4612115331067083,0.27078276700802006,1,interior
0.45763289565337667,0.2675751731220449,1,interior
0.4588254019940658,0.2628402270811456,1,interior
0.5123148589506706,0.2840747962899906,1,interior
0.475521535035075,0.17432485656869842,1,interior
0.47260515439666406,0.17093980443937629,1,interior
0.4804698716741496,0.172457386745243,1,interior
0.4364626958557347,0.22803383507845434,1,interior
0.43695823067982936,0.23249581173095527,1,interior
0.43206911008869636,0.2312466462965552,1,interior
0.4291440180066968,0.2543231851298703,1,interior
0.4669422117824068,0.30572701326816587,1,interior
0.5195492185327971,0.117484494609595,1,interior
0.5143925787670528,0.11842218223012925,1,interior
0.4767096803952788,0.1341052941985572,1,interior
0.48204759701640865,0.134607289791652,1,interior
0.5570497868050738,0.11829920695298268,1,interior
0.5803013972877297,0.075205322080551,1,interior
0.58539476999509,0.07220359943955318,1,interior
0.58924514326887,0.07422170046603202,1,interior
0.4501138572918707,0.28344199933580266,1,interior
0.45184335158458905,0.2887232489185992,1,interior
0.45377949463886297,0.2800641062120622,1,interior
0.4576866981456565,0.28173607750097424,1,interior
0.4570385525565304,0.28999818450698445,1,interior
0.46245893503356894,0.30582672216464246,1,interior
0.46535549471518234,0.30980130665839684,1,interior
0.4613479978085323,0.3110991308311356,1,interior
0.49101613733462574,0.1338547237452443,1,interior
0.4868252748730987,0.13547195352853542,1,interior
0.5371012962669323,0.08279539672881234,1,interior
0.5340625202248664,0.08951864227013843,1,interior
0.5414433186622345,0.08297552361711609,1,interior
0.44557220428543765,0.25114391740202247,1,interior
0.4652750130579175,0.32865723380632683,1,interior
0.5087862803341378,0.11889370554485038,1,interior
0.5114709458947256,0.1148308074015452,1,interior
0.43244290623016995,0.21602580965095872,1,interior
0.4350943237319033,0.21196156201131236,1,interior
0.5284895556114545,0.12636423598588137,1,interior
0.5445284330095878,0.10296922056476511,1,interior
0.5486930621525042,0.1059706177160857,1,interior
0.5394523295336398,0.10560641882415343,1,interior
0.4616396675928606,0.2803228010354893,1,interior
0.46725924560118975,0.15797190204255562,1,interior
0.45960707700755304,0.25881901201064156,1,interior
0.4520399484421333,0.2685223591590936,1,interior
0.4775378409242072,0.16897494608666816,1,interior
0.5342470868229087,0.10557404666174341,1,interior
0.5300036237447453,0.10488428284939592,1,interior
0.4613439014712459,0.3271609367291706,1,interior
0.6117467248596045,0.06624657905693651,1,interior
0.4406156181825193,0.18476002262340954,1,interior
0.4453679374394317,0.18680354213402817,1,interior
0.5808441054805105,0.06996056125956407,1,interior
0.5850466004945409,0.06649738998764115,1,interior
0.4638864959106276,0.3150030862266592,1,interior
0.43346238749072785,0.2567534915070283,1,interior
0.4255201320874215,0.258895727965858,1,interior
0.4246444929796411,0.2500458639198887,1,interior
0.4242159089410986,0.2548143541218938,1,interior
0.43067893162316667,0.26017569799937434,1,interior
0.5279005794482005,0.13396225003656345,1,interior
0.46397853250145304,0.24086620375715934,1,interior
0.6046911918793502,0.1027949526309293,1,interior
0.5429960776534072,0.07843327253718338,1,interior
0.5351332023134941,0.07826386649048106,1,interior
0.5346683666246894,0.08580585296937296,1,interior
0.5389312843440799,0.07479750803853881,1,interior
0.4188932697827668,0.24956790226148176,1,interior
0.4204151969674026,0.25311958018105907,1,interior
0.42145863346107626,0.24621673218054801,1,interior
0.4263217805972837,0.24452613486380473,1,interior
0.4452961439770856,0.28393357090837634,1,interior
0.44657638378215997,0.2803442903170876,1,interior
0.425032818497304,0.23943558946461965,1,interior
0.4238589561263819,0.23507065288050963,1,interior
0.4288363487414797,0.23582009360979606,1,interior
0.5278283191685055,0.08239302903164468,1,interior
0.5299700362966487,0.08697397006962064,1,interior
0.5631482603921986,0.08027992199075894,1,interior
0.5606920661925718,0.08481837666065384,1,interior
0.5645474515924962,0.07595902341389899,1,interior
0.43553238364082575,0.22345253420484645,1,interior
0.4314290526206414,0.22104977322142286,1,interior
0.43868515733911273,0.22070712479882607,1,interior
0.45694871290734346,0.27240777803687066,1,interior
0.5037410776547978,0.11676630899252255,1,interior
0.5000376834104108,0.11372087460609813,1,interior
0.4935280243347756,0.11982574506298908,1,interior
0.49525460391464904,0.11504014699833526,1,interior
0.4331271177454538,0.19521088196837166,1,interior
0.44148765163552656,0.1895242357521285,1,interior
0.436792206441945,0.1875219341749803,1,interior
0.443622119737919,0.19352064411882403,1,interior
0.433274407624995,0.19024125885677348,1,interior
0.5043045925981088,0.11185177381773796,1,interior
0.49689986081401666,0.11079042009107924,1,interior
0.5007162241981813,0.1089968012671602,1,interior
0.49191886957476916,0.12873534863160943,1,interior
0.46538623883370284,0.31971643394119925,1,interior
0.4622287789233465,0.32298707547507277,1,interior
0.4476110885176539,0.16879643469619052,1,interior
0.4524820317451552,0.1690506197704905,1,interior
0.4568598536682964,0.16883150073010186,1,interior
0.4617237579990913,0.16848837574338993,1,interior
0.576265133731417,0.07221048453584959,1,interior
0.5714868583057948,0.07015059636757257,1,interior
0.5284850758697006,0.07366249946928698,1,interior
0.45720525883331337,0.2955515385453925,1,interior
0.4520654119594284,0.29410461055841164,1,interior
0.414947036675831,0.24897409383891053,1,interior
0.42097451788909795,0.24208785144359826,1,interior
0.41518820315115984,0.2539815183042442,1,interior
0.4461753800159639,0.19098837022481235,1,interior
0.43124933204239896,0.20779881242089562,1,interior
0.43075370791991513,0.2120427092704249,1,interior
0.5073914350895004,0.11480502856153377,1,interior
0.5086209610051796,0.11087153552665975,1,interior
0.5126205172161779,0.11092409630215327,1,interior
0.515953452818539,0.11376566278832421,1,interior
0.540644359419555,0.09999908388104017,1,interior
0.42707223226650043,0.21433051227667796,1,interior
0.43592048002536143,0.18178994247473448,1,interior
0.42377591512330387,0.21770480041225018,1,interior
0.421801133392123,0.21141396538331275,1,interior
0.4379257916711314,0.2658862261136499,1,interior
0.4410407278349888,0.2694832381269401,1,interior
0.44618017637872254,0.26849868517945935,1,interior
0.47016444218564896,0.12883237173236792,1,interior
0.47440316265346116,0.13060040308912985,1,interior
0.46570646985635333,0.13769269527698977,1,interior
0.4651721283185095,0.1322994401469663,1,interior
0.4321329824765967,0.18494814026425568,1,interior
0.4289989067208213,0.1875398130605869,1,interior
0.4594757058317739,0.29942872446345714,1,interior
0.5138310085684986,0.10413743383084366,1,interior
0.5055223193618713,0.1067742057008072,1,interior
0.5156843991654246,0.1087191636608017,1,interior
0.41690769804680894,0.20863142567085013,1,interior
0.4196214234285446,0.2167802073498562,1,interior
0.41928959658649856,0.2048959730145235,1,interior
0.42521541385009143,0.2063651509610128,1,interior
0.41569782292488366,0.21366591339201785,1,interior
0.500853768564147,0.10528167977604368,1,interior
0.4283093103837947,0.19777143991630292,1,interior
0.4989374782772531,0.11836513028963581,1,interior
0.4901624519543432,0.11550771571211538,1,interior
0.4925813722041794,0.11098354186971693,1,interior
0.48745207291657117,0.11146004790094714,1,interior
0.5198172322237429,0.11179996454457923,1,interior
0.45882862440555167,0.14544026085901082,1,interior
0.4596962554103632,0.15018150519054205,1,interior
0.5558376972124605,0.08175767717660189,1,interior
0.5591403963935916,0.07790804305385035,1,interior
0.475455047737909,0.2779221821442436,1,interior
0.47975532454822284,0.12968163414084616,1,interior
0.48626358171273104,0.1310930761149758,1,interior
0.4532422285222359,0.2746736806834182,1,interior
0.4290704087710559,0.19257414547164178,1,interior
0.42133819166390557,0.18870279930317832,1,interior
0.4244094510616692,0.19349009465770517,1,interior
0.42500767134604783,0.18609348785757934,1,interior
0.4271075770888945,0.1822783409881825,1,interior
0.46133010720905454,0.27562972780955025,1,interior
0.45005675625110864,0.16424050136274887,1,interior
0.4421646043198792,0.16741302585626314,1,interior
0.4538992542965014,0.3298111865798283,1,interior
0.44940716387402796,0.3288837534941946,1,interior
0.4582370574913052,0.3306311320735105,1,interior
0.468820557359566,0.12254068843601292,1,interior
0.474805936555898,0.12520144216427856,1,interior
0.4662162693003774,0.12689864230011588,1,interior
0.5106669745705769,0.10684686374202629,1,interior
0.5173390854232274,0.10153661163389971,1,interior
0.5197152720776531,0.10619620240409924,1,interior
0.4574762105889935,0.27741578561414637,1,interior
0.45122121065034065,0.21058082542434528,1,interior
0.4257133879387015,0.18986276802428903,1,interior
0.42695416252794816,0.26410941410869343,1,interior
0.4223302696395896,0.2656626756957784,1,interior
0.4200339613808657,0.25736925429436625,1,interior
0.41938294734237974,0.19402857509599655,1,interior
0.4166629838312324,0.18932235299558633,1,interior
0.4175573286991328,0.18439536658000288,1,interior
0.42199105110014373,0.18309649278034276,1,interior
0.45824873362690105,0.14063961100930109,1,interior
0.6150079331426372,0.06745961586146522,1,interior
0.454644860151836,0.26413762594229107,1,interior
0.45774934559852537,0.3041033154821503,1,interior
0.46299125733215124,0.3007198431155847,1,interior
0.4558530249960455,0.30026281539685795,1,interior
0.4578166556512573,0.3093687843981421,1,interior
0.5362268350327127,0.09788287072670476,1,interior
0.5355526449667674,0.09338808612132615,1,interior
0.5476701546926638,0.07731153190004104,1,interior
0.4266417141482517,0.22292142058801603,1,interior
0.42818144469438363,0.21839131614239804,1,interior
0.4284162041148899,0.2277243167041693,1,interior
0.43175025044507126,0.22579951969067721,1,interior
0.4600014483871185,0.15461200373995415,1,interior
0.5080990232366236,0.10159943174486306,1,interior
0.5122911115445613,0.09940427826730407,1,interior
0.416640350362869,0.3552043359151935,1,interior
0.4152751718274349,0.3581604503959334,1,interior
0.5616676532342041,0.07285565853946468,1,interior
0.567728903454806,0.07916141525506688,1,interior
0.49833667945122534,0.1335280661034843,1,interior
0.6039984057118247,0.041482413457676524,1,interior
0.5304138945887802,0.09249786619919054,1,interior
0.45429449073948597,0.3207129771463783,1,interior
0.4576899021157618,0.3237786197619916,1,interior
0.45803139287093436,0.31522929311345554,1,interior
0.4135774993341929,0.18038766616858432,1,interior
0.41294928527212865,0.18600242382774682,1,interior
0.4184800772301751,0.17916612004187069,1,interior
0.46189234743996127,0.12792283494605025,1,interior
0.46786797870370117,0.11663201986045804,1,interior
0.4632417144304068,0.12305952693765747,1,interior
0.47339117017507965,0.11930550635109967,1,interior
0.6014801857302972,0.044711679451877324,1,interior
0.5999525569836072,0.04825697293009956,1,interior
0.42936855184234773,0.20292723416066763,1,interior
0.4269843034429462,0.2101303128416463,1,interior
0.4123400229805853,0.3574028594574185,1,interior
0.4179155197229701,0.3508339221278268,1,interior
0.413771053524413,0.3517637533754841,1,interior
0.40759956084483445,0.35663421367301895,1,interior
0.4092853580114703,0.36091018940747976,1,interior
0.4078847321122354,0.187002244747367,1,interior
0.41169063005953305,0.19109197243782797,1,interior
0.40882222604809826,0.17956088606777515,1,interior
0.4111945101130719,0.34729326912100417,1,interior
0.41534162628466875,0.3467968076468419,1,interior
0.40533005800029226,0.3525580869596048,1,interior
0.4048840121816126,0.3603693169006685,1,interior
0.40281109518204167,0.35666263984295005,1,interior
0.5529238851047096,0.08448109965073426,1,interior
0.5528941403541237,0.07636088910767744,1,interior
0.40301590517125846,0.36444921177101236,1,interior
0.4067021235361758,0.3635609596300364,1,interior
0.39807934397486444,0.35701023133834964,1,interior
0.4002686439604009,0.36106782099299445,1,interior
0.42034037374792704,0.2694826909845218,1,interior
0.41767364232235765,0.2649098560886642,1,interior
0.4301069105869782,0.26911098772508063,1,interior
0.42513964972477797,0.26915456127878484,1,interior
0.41941385540654164,0.34647064335108263,1,interior
0.45305755372153705,0.3082040638969172,1,interior
0.4520670105547725,0.3032135774049549,1,interior
0.5257937316875589,0.1061533036920618,1,interior
0.5226960747193683,0.10181011195441265,1,interior
0.5205373079066694,0.09835977699839851,1,interior
0.43728738860134575,0.177404291905098,1,interior
0.45333154840111084,0.31644034099904245,1,interior
0.4480200983016008,0.32395312853949354,1,interior
0.4528947083935171,0.32555620725238754,1,interior
0.4500185850999493,0.31902961315458966,1,interior
0.4783831963797743,0.2510285853374079,1,interior
0.39857010962464395,0.36581101135153876,1,interior
0.3951970085893464,0.361990919537707,1,interior
0.480153955572312,0.12424660157527412,1,interior
0.5268986273397303,0.09080975520383075,1,interior
0.5244199777135096,0.08665041544462937,1,interior
0.5235469627159006,0.08198542539549639,1,interior
0.5197644887970544,0.08924912141793721,1,interior
0.5233128379570309,0.09150500600877173,1,interior
0.519742965383282,0.0841901974408142,1,interior
0.41550521370422866,0.19294627969281872,1,interior
0.43292071555192274,0.26513205191820644,1,interior
0.42317625223912364,0.34327092553657146,1,interior
0.4289451602164115,0.3421122596131313,1,interior
0.4238583718964091,0.22718986630038884,1,interior
0.5275604366995389,0.10108198150408997,1,interior
0.43575414720186484,0.270381759312778,1,interior
0.40054792923190935,0.3526020529339011,1,interior
0.40310114685822296,0.3488618754309362,1,interior
0.3953897071506289,0.35236034522319454,1,interior
0.4450065270700996,0.2765093493418047,1,interior
0.44210828221001286,0.28073502978189535,1,interior
0.44685797599541505,0.2876668632307373,1,interior
0.4269412198438501,0.23153366736567352,1,interior
0.41893301921129683,0.23337773081947366,1,interior
0.4198008825701258,0.237541774347845,1,interior
0.4632976499420194,0.11871075980442765,1,interior
0.4656813727814222,0.11198557417723043,1,interior
0.47279124027817326,0.11456041944487394,1,interior
0.4899079417026814,0.10738392757333519,1,interior
0.4841210895499678,0.10752346118348553,1,interior
0.4824558309937446,0.11175492279431651,1,interior
0.4872337081729666,0.1044180467813374,1,interior
0.5163226416638199,0.09697235642805802,1,interior
0.5254220989533362,0.09615203884421163,1,interior
0.5159337045165512,0.09218418708510302,1,interior
0.44357471580032254,0.3150036311297693,1,interior
0.4491590111839041,0.3134943362509581,1,interior
0.445912556749317,0.31869413951324277,1,interior
0.4776683256194042,0.12043296854064656,1,interior
0.4484110021519803,0.2917054354898861,1,interior
0.498928727783543,0.10159334892713644,1,interior
0.49449615718397205,0.10136549996838047,1,interior
0.48403938533522534,0.10359992422642231,1,interior
0.4907810356668718,0.10290528539785809,1,interior
0.4909450055576601,0.09816778842320399,1,interior
0.5964910518370227,0.0452380775028709,1,interior
0.5957193910526019,0.04022606290680271,1,interior
0.6001359542502013,0.04124380895746486,1,interior
0.44974906818726185,0.27786228414818404,1,interior
0.5593041107178656,0.06538738769147164,1,interior
0.5674962122595998,0.06684995870432296,1,interior
0.5664259176790859,0.07142649539596065,1,interior
0.5567712291943928,0.07294103457487285,1,interior
0.4901630573154212,0.12364796347153288,1,interior
0.4093104075905957,0.19504188336584896,1,interior
0.4062572304443157,0.19125873028254015,1,interior
0.4046171656165359,0.19574883431214965,1,interior
0.40263898978849927,0.18736513128224322,1,interior
0.40115725469835967,0.19201896900083062,1,interior
0.4395430618523372,0.275574241706773,1,interior
0.41279886660217197,0.20950056837965522,1,interior
0.4157685453609637,0.21931936985176217,1,interior
0.4113100227556341,0.21724991804575775,1,interior
0.4103971380911076,0.21265244027905472,1,interior
0.3975905893639802,0.3433532523147222,1,interior
0.407993790669489,0.3431304041314198,1,interior
0.40296867986734547,0.343952630962905,1,interior
0.3990079128339635,0.348007932478281,1,interior
0.5768784735526262,0.06311872111523549,1,interior
0.4240019952401533,0.2015859106011425,1,interior
0.5763699578235257,0.06767088918105361,1,interior
0.525119686105048,0.0698138233486498,1,interior
0.5312774596586038,0.06905212402871436,1,interior
0.533443949683872,0.07392122763410636,1,interior
0.5240050061324739,0.07455399560817351,1,interior
0.5258351130746348,0.07810722999177781,1,interior
0.459414394226018,0.1323035059353789,1,interior
0.46097131332603714,0.13674224499725296,1,interior
0.4490757106664727,0.29902998925736884,1,interior
0.40472283297038764,0.18226693903503022,1,interior
0.4053765186254959,0.1767520208643374,1,interior
0.40964295834162456,0.18320707750889415,1,interior
0.40052515742001543,0.17819723079140262,1,interior
0.3992858947330138,0.1835757158643341,1,interior
0.43762060243602846,0.28192509967875296,1,interior
0.4210970800382045,0.3385798933714681,1,interior
0.41805758340232635,0.34263249851321986,1,interior
0.4927113294111422,0.09389775379027375,1,interior
0.4964402671732359,0.09750758422123373,1,interior
0.4956336274105453,0.10616607375911834,1,interior
0.41975776833013584,0.17393324878828234,1,interior
0.41516162970715415,0.17498812122441412,1,interior
0.469394706778959,0.1671695014781146,1,interior
0.4401874352715233,0.17129027862487398,1,interior
0.4542025947757013,0.3124326821157076,1,interior
0.5232399408304276,0.10974297937222932,1,interior
0.41899325223586104,0.199330533798881,1,interior
0.4140894664396683,0.19652768518607985,1,interior
0.4231014165829925,0.1972973725997129,1,interior
0.44870425406074976,0.27291909833689537,1,interior
0.3965269950707181,0.3686818067979916,1,interior
0.41464240859173174,0.20128035482318304,1,interior
0.5969199416730048,0.054623403088936505,1,interior
0.4559737123239114,0.153039250906452,1,interior
0.45410535065746477,0.14818741605897112,1,interior
0.5087233782911241,0.29128278501663013,1,interior
0.4357749223004945,0.17288247702516352,1,interior
0.43293828158495923,0.17699276175139392,1,interior
0.4126521191119807,0.205028512988333,1,interior
0.3907476095258094,0.36431749559423193,1,interior
0.393560580821568,0.36734526220358366,1,interior
0.39385712172624854,0.35716229653777626,1,interior
0.3902124245501694,0.36009381603011437,1,interior
0.4137978854142292,0.23587308875968419,1,interior
0.4151760620851717,0.2310741804102102,1,interior
0.41512910613452164,0.2600652471674327,1,interior
0.4212325542830017,0.2616440260012118,1,interior
0.407340797090468,0.2047990077769271,1,interior
0.4088123510733501,0.19998156373822182,1,interior
0.4412534559909188,0.286549754240991,1,interior
0.44389755648705004,0.2915678307215453,1,interior
0.47044943338235123,0.1622479465145932,1,interior
0.40442382485353734,0.20292137435073113,1,interior
0.40819302877053504,0.2085237036550072,1,interior
0.4024027969756031,0.20782896587946856,1,interior
0.4026715228008948,0.1994696671419434,1,interior
0.4567037165107539,0.32742856306043333,1,interior
0.44296290112844466,0.32555772341805145,1,interior
0.4221901059308884,0.16859071997323033,1,interior
0.4238049208371556,0.1735905728272727,1,interior
0.4549992534698197,0.16364407789249852,1,interior
0.42068947301570964,0.22241121651829157,1,interior
0.41095968517611564,0.22178569527491435,1,interior
0.4157436811063221,0.22390177487526658,1,interior
0.5759779691267742,0.05800550056528813,1,interior
0.580198609694788,0.06005463892999178,1,interior
0.5720588549438298,0.06473396530922018,1,interior
0.5523633968189369,0.07120112504604849,1,interior
0.5478595060718047,0.07187099899986771,1,interior
0.5155412090889073,0.08716396573126532,1,interior
0.5201849400413548,0.09421929366453095,1,interior
0.5124802347487126,0.09497826659826195,1,interior
0.4483902212561213,0.30762390261633077,1,interior
0.40493427597720294,0.338158198320999,1,interior
0.40956347227948725,0.338983597409494,1,interior
0.41304318561274267,0.3420974623424839,1,interior
0.485975092573344,0.10009599026282215,1,interior
0.3960657305653242,0.1799098353497578,1,interior
0.4013674777108794,0.17309064621038459,1,interior
0.4551342011589893,0.13136731886287584,1,interior
0.45488151948181876,0.13650629262697753,1,interior
0.4114899314437614,0.25053621331972675,1,interior
0.4087579603906048,0.25413129968479037,1,interior
0.4822592005093436,0.11947500811140281,1,interior
0.4835895365711226,0.12731655030141936,1,interior
0.5682945914224444,0.09604676598733482,1,interior
0.4366595839723204,0.1679725604146858,1,interior
0.4374739008532568,0.16369153780173604,1,interior
0.44543990832190256,0.16376615067249434,1,interior
0.4876750195627743,0.11950459133835778,1,interior
0.4224888661577303,0.23108767459647012,1,interior
0.5113067459688855,0.08525566366311799,1,interior
0.5157005467981066,0.08177658572759701,1,interior
0.5113930898077838,0.09057439162266255,1,interior
0.4054606376951754,0.21832988940060852,1,interior
0.406544583467888,0.22448046255802787,1,interior
0.48221707963388394,0.09767716770879632,1,interior
0.4867740224992329,0.0944527719941474,1,interior
0.480776333899875,0.10301389085685304,1,interior
0.4851255584966816,0.12332291810932433,1,interior
0.4877469605870581,0.1269440202300506,1,interior
0.5324179147736554,0.08219556567472781,1,interior
0.5636290283888242,0.06379018729797614,1,interior
0.5597517466263459,0.060778850159933624,1,interior
0.5551471530125087,0.062958628163616,1,interior
0.5505099391288474,0.06622401878125349,1,interior
0.5553529579434108,0.06795450493531882,1,interior
0.5906462807623857,0.03774048920443575,1,interior
0.603387226757114,0.03776994606009876,1,interior
0.591402400603098,0.04307725324043479,1,interior
0.5954801032390012,0.035609032259826326,1,interior
0.4477848757088176,0.26476617560910753,1,interior
0.44402471919762004,0.27253747189228894,1,interior
0.5324698444270017,0.10132649257155514,1,interior
0.41545194208589425,0.26920946103701254,1,interior
0.412594265758538,0.26440483037085144,1,interior
0.40536454548625483,0.21258177183920235,1,interior
0.43083090776069827,0.17314802135027882,1,interior
0.4277183436581993,0.17655197829159244,1,interior
0.580964146504728,0.06486956132791,1,interior
0.5863472310889082,0.055633659263528125,1,interior
0.5738457362392657,0.06130426707826182,1,interior
0.5812751034975328,0.05466227392157829,1,interior
0.5845188917845279,0.06050146126380173,1,interior
0.4097770640445478,0.35233899837017096,1,interior
0.4858677826182079,0.08877057484362531,1,interior
0.4810613261591664,0.09276349537671648,1,interior
0.41662414430127886,0.16950184421313058,1,interior
0.4231340792105938,0.178247576291742,1,interior
0.4270023969105526,0.17096038464911756,1,interior
0.5039366101509049,0.08256664370924072,1,interior
0.507230370342195,0.08384794853620813,1,interior
0.51096402093428,0.07949654284047483,1,interior
0.506821314073758,0.08920380799151022,1,interior
0.42344355551481794,0.16295073756535258,1,interior
0.4188184561261823,0.1641826127233814,1,interior
0.4273737212033619,0.1660840384317365,1,interior
0.5161903895345791,0.07658406995866347,1,interior
0.5205827104736639,0.07855910418660536,1,interior
0.4735080399814498,0.09050484952964885,1,interior
0.475772584037794,0.0939102471981761,1,interior
0.47745090907457133,0.09868421226299592,1,interior
0.4816422309980389,0.08645195424327623,1,interior
0.4775663393221076,0.08887147318600287,1,interior
0.42333788760222174,0.2739728038457621,1,interior
0.586642329739939,0.04579936880785374,1,interior
0.5914182717351252,0.04821147880479107,1,interior
0.586474471047318,0.040700546232002206,1,interior
0.44179818547475685,0.2963077210649474,1,interior
0.5927909218925214,0.09852694400328502,1,interior
0.40695672329448956,0.3479464102047291,1,interior
0.45792154063693263,0.11055154221362141,1,interior
0.46254626300451934,0.10897105041539734,1,interior
0.46755927974307204,0.1077065662283642,1,interior
0.4728556923172387,0.10913970483314953,1,interior
0.39757250834432706,0.200454537660766,1,interior
0.49433631742729595,0.08931603946874299,1,interior
0.4983979558946731,0.09330004934352207,1,interior
0.4898863128299504,0.09023167295199172,1,interior
0.47845862211107665,0.11521359911914152,1,interior
0.40849284357652993,0.2649720716797163,1,interior
0.4085824164718826,0.2600560413525318,1,interior
0.41171464728628426,0.2571775729519715,1,interior
0.5035631862519259,0.10227889801662404,1,interior
0.606097228529407,0.034959951559129086,1,interior
0.41038873623274624,0.17573558963973698,1,interior
0.478623131231746,0.10878100741374595,1,interior
0.4713946069007145,0.1052027928243767,1,interior
0.4184969604233166,0.22799030192794323,1,interior
0.4147727265800875,0.1650184251481674,1,interior
0.4122517896914385,0.16755273191096115,1,interior
0.4115977550158392,0.17138926797363319,1,interior
0.5416002071505426,0.06990732663118815,1,interior
0.5457964757059514,0.06712208295274232,1,interior
0.5026061846191452,0.0977741723629946,1,interior
0.508005928678217,0.09543416324019609,1,interior
0.5020307321694745,0.09013082417647507,1,interior
0.5022471808809458,0.08585827188159101,1,interior
0.4165660298781743,0.33870140032043583,1,interior
0.44068458010501277,0.31901963768230907,1,interior
0.4450134894054676,0.31069766368657936,1,interior
0.4433975891103727,0.3220751858113453,1,interior
0.4387918012625782,0.31572418508438016,1,interior
0.49845370876813033,0.08860437763489142,1,interior
0.5759565366940108,0.05352091309422894,1,interior
0.5819307513219509,0.048450074091183994,1,interior
0.5779096833868493,0.05016527247268402,1,interior
0.5863943928711627,0.05101378485373461,1,interior
0.5884370972705507,0.032947992346892135,1,interior
0.5845778225859428,0.035397730750947445,1,interior
0.5923526221341173,0.03374186344375697,1,interior
0.49670583594870665,0.08469295803253844,1,interior
0.4065178017896967,0.1720319479807222,1,interior
0.40808376991697676,0.1678318104623314,1,interior
0.41056219191287296,0.16340697367826415,1,interior
0.4060133326656759,0.16414479458003248,1,interior
0.45803883003494056,0.11607136860035404,1,interior
0.45830753659398193,0.120269808125138,1,interior
0.46236857278408966,0.11396595629795826,1,interior
0.4591433278516474,0.12434860853033622,1,interior
0.47750656343679465,0.08290787181409716,1,interior
0.48607339429479873,0.08346050794403898,1,interior
0.48199977490160606,0.08079341812377194,1,interior
0.5512923649194661,0.06063368473129764,1,interior
0.5467408254403762,0.061633875859240204,1,interior
0.5913462574729985,0.053517358650343724,1,interior
0.6027624329642293,0.03290969539214559,1,interior
0.5949721192723455,0.03082007954801838,1,interior
0.5985604632570211,0.03243612543573347,1,interior
0.41239279381157407,0.22689072606153754,1,interior
0.41147657426200573,0.23143599136811308,1,interior
0.45478229221792454,0.1232081265737711,1,interior
0.4570300850128853,0.12776224725915783,1,interior
0.45959138749334416,0.16143534777212995,1,interior
0.46230108755886756,0.15809046925492523,1,interior
0.4527640795631257,0.155733413651942,1,interior
0.5678671345203239,0.06269731619199508,1,interior
0.5703673519473976,0.05928129141558298,1,interior
0.5417409994456716,0.06471390058892589,1,interior
0.5438520291721517,0.07430215075340621,1,interior
0.5817850112737258,0.0433814041794334,1,interior
0.5819430400753547,0.03916373129453431,1,interior
0.41974385085987953,0.15851168462536067,1,interior
0.5423862252957268,0.06026424533286151,1,interior
0.536257311682458,0.06591396371741146,1,interior
0.4516916767021847,0.1321926610372429,1,interior
0.5769726421123424,0.04553249050975544,1,interior
0.5453127459018011,0.09787386308686842,1,interior
0.4542336482660838,0.14267472341973,1,interior
0.4483759784872279,0.149853449677709,1,interior
0.45174564539676476,0.1521012183648631,1,interior
0.4494658244679763,0.1450674235148143,1,interior
0.564853317175823,0.05949496907342936,1,interior
0.4404704189938262,0.3112588543588202,1,interior
0.44289484369246895,0.3060437272560298,1,interior
0.5341370525699508,0.06141214338798119,1,interior
0.5301305370195629,0.06361814820366568,1,interior
0.5364421798992305,0.07053650664684066,1,interior
0.5381405719857039,0.060999579150812576,1,interior
0.39690685418792954,0.18879206224040776,1,interior
0.41657803874186666,0.24011905530789873,1,interior
0.4125131609745265,0.24120324063079712,1,interior
0.4085498883249182,0.2381083722304473,1,interior
0.408177715259437,0.23346393641710458,1,interior
0.5448995044196326,0.05645012325671942,1,interior
0.549735559782589,0.05554281283928203,1,interior
0.4700290721996651,0.0884763247097952,1,interior
0.4738466400296519,0.08596829143036255,1,interior
0.47023803034262995,0.09385505497747361,1,interior
0.40277997190890674,0.1675897095512429,1,interior
0.39786038085414543,0.16934710079128343,1,interior
0.39526927542848805,0.17443047046210322,1,interior
0.40060087022464674,0.2032817775841828,1,interior
0.39685819019101815,0.2099986505867785,1,interior
0.40095459840849895,0.21356125864247308,1,interior
0.3971861006019157,0.20539162610559517,1,interior
0.4210680924759041,0.27811474842129136,1,interior
0.4275654790021191,0.27894249853997877,1,interior
0.41843810189627767,0.27365514351183345,1,interior
0.4274727555747866,0.2732488898010321,1,interior
0.4438294851210747,0.1526739550997458,1,interior
0.4481515810419889,0.15532069793054618,1,interior
0.44384872333231895,0.14722380841881377,1,interior
0.45309274243759406,0.2983079912556915,1,interior
0.44905881864599606,0.13481523355913838,1,interior
0.4500722339551903,0.13970380571190766,1,interior
0.40894456552081837,0.33461275681565056,1,interior
0.3998412235625047,0.3392117917294848,1,interior
0.40083285506267935,0.33413200824039874,1,interior
0.5960618189712844,0.05041733475485563,1,interior
0.39807267894694126,0.16451530539158885,1,interior
0.3932672961622404,0.1658846394782434,1,interior
0.5886815033232261,0.06329778062602251,1,interior
0.4045240417800398,0.2631637719534495,1,interior
0.41661125669308735,0.24478096572973898,1,interior
0.4316644162925292,0.1690099161137156,1,interior
0.41918882874088076,0.1531868219011179,1,interior
0.41420773258770394,0.15529979591956872,1,interior
0.424017254244228,0.15509139524075416,1,interior
0.41503696345646657,0.16065953809366088,1,interior
0.4445129776377918,0.32946619940097016,1,interior
0.5004809016594928,0.08112833706304792,1,interior
0.4901416402012977,0.08062044547014205,1,interior
0.49110622480528177,0.08514950112411182,1,interior
0.4953130516472545,0.0799433222407471,1,interior
0.4863830993969985,0.07801745376062802,1,interior
0.4912209489055266,0.07601478073567242,1,interior
0.5391516561783739,0.07923448315423587,1,interior
0.39302690611189667,0.19267450662900978,1,interior
0.3966822508455021,0.19358459913413062,1,interior
0.3913733875450398,0.18944850085896636,1,interior
0.39372235015953577,0.18479154301906076,1,interior
0.4118108038593344,0.2459887223514656,1,interior
0.46466083859525725,0.1634627445390117,1,interior
0.4472198379253561,0.3033589348549755,1,interior
0.40231480232813455,0.16164341163009385,1,interior
0.45223189448347545,0.11798999746102948,1,interior
0.43253659147992135,0.16450872832653515,1,interior
0.4285942435584857,0.16136324944878616,1,interior
0.389815487502511,0.3546697149242952,1,interior
0.3911471147545476,0.35004626180618736,1,interior
0.4591017664500841,0.1055285855010543,1,interior
0.4534302310661529,0.10992484995367886,1,interior
0.4007346401698229,0.2666241993216773,1,interior
0.4003973637371547,0.26182616444642265,1,interior
0.40551722818837094,0.2681997145911181,1,interior
0.44989022334333645,0.10760045893044227,1,interior
0.4502637950404704,0.10256130111413946,1,interior
0.45436065810574694,0.11374572640587033,1,interior
0.45005577678861836,0.11275826638189392,1,interior
0.4686923577698163,0.09833689218900311,1,interior
0.4725981232881038,0.10117452246694565,1,interior
0.46381067577815055,0.10453763048116071,1,interior
0.576931902694932,0.04026067949389568,1,interior
0.5714215591539107,0.04354180904434476,1,interior
0.5577733174788827,0.10061827373766508,1,interior
0.3943872407481339,0.170139522194673,1,interior
0.3980389306395084,0.1603276710201385,1,interior
0.39386638012259284,0.16086013076513975,1,interior
0.5203012462957585,0.07294234171892132,1,interior
0.4079958299974372,0.21545448780964652,1,interior
0.4045491047107613,0.2405874564622548,1,interior
0.4083751138196947,0.24321655119699745,1,interior
0.4035945223106849,0.23531406009712416,1,interior
0.5717118046830764,0.054796228918994466,1,interior
0.40448088930902926,0.2297647160146321,1,interior
0.4600414379666558,0.31930042652510354,1,interior
0.43672944301249317,0.19719988208685024,1,interior
0.46442818107851513,0.09999376642682554,1,interior
0.4680590221319161,0.10277794653095512,1,interior
0.4458519183265704,0.11529066805031275,1,interior
0.44628995171730157,0.11037697319897566,1,interior
0.44416199897371045,0.3004004517687619,1,interior
0.4466293135048937,0.29571006354607215,1,interior
0.4646037035041704,0.09551557199300978,1,interior
0.47297123296808696,0.097249667144605,1,interior
0.39434215598506966,0.3472098358754155,1,interior
0.3868970810064725,0.3500491501192066,1,interior
0.38918236179694843,0.34555735146464006,1,interior
0.3868525945738848,0.3721453014349498,1,interior
0.38854084885294293,0.3680491184877062,1,interior
0.4667622441626785,0.09181335316530981,1,interior
0.46997175861973645,0.08380653437739455,1,interior
0.4145827291190214,0.1495562657230685,1,interior
0.410663651617566,0.15157805459099966,1,interior
0.40812898344804177,0.15492920447061062,1,interior
0.41107583782501944,0.15873684890006345,1,interior
0.39320325960288527,0.34324829747015434,1,interior
0.4071008138042885,0.15997678981158034,1,interior
0.4391140668695577,0.29166639626763335,1,interior
0.39801989941032473,0.25750039083102233,1,interior
0.3958238805779981,0.26165170054576115,1,interior
0.4035406489079624,0.2571060795001328,1,interior
0.43909525297491686,0.30153047794917,1,interior
0.43768666212711504,0.29641925827054305,1,interior
0.43827320088174965,0.14634748448974746,1,interior
0.4414254026789095,0.14331314717324636,1,interior
0.43920034707024397,0.15076243168405334,1,interior
0.5932829766874417,0.057328296770384736,1,interior
0.4389467727195043,0.3230794852317032,1,interior
0.4400728734988532,0.33185374476587925,1,interior
0.43935116358844434,0.32767825468767703,1,interior
0.5398387198650975,0.05662306610429754,1,interior
0.40192186343261094,0.27118327527508707,1,interior
0.39854062755863084,0.27408862889241137,1,interior
0.395462377472345,0.2657914824245991,1,interior
0.47585503126895373,0.10446071034497441,1,interior
0.5304557942786051,0.07796867523932806,1,interior
0.5791483162535099,0.03146798762178707,1,interior
0.5200159460481728,0.06767091734308343,1,interior
0.5157517505153509,0.07113979185091791,1,interior
0.5728514935133963,0.04930461425929461,1,interior
0.3925649951062786,0.18148715316502032,1,interior
0.38849875506646253,0.1826723187842442,1,interior
0.38876582154919365,0.18630806178465897,1,interior
0.4249513789870811,0.158760209007882,1,interior
0.40745209305969216,0.24853505544687018,1,interior
0.4047171640755483,0.24500206929624677,1,interior
0.44351113637828926,0.1583113568880043,1,interior
0.4021043713838644,0.22168779686665832,1,interior
0.3965740992365973,0.22727852821025055,1,interior
0.5239078029505885,0.06422594424626268,1,interior
0.5174848797825108,0.06250300711032677,1,interior
0.5155113444748619,0.06620865768039669,1,interior
0.4345119854279424,0.29307880510910284,1,interior
0.43514683317984737,0.28736773456667825,1,interior
0.3807302723903921,0.3664433254748891,1,interior
0.3838441667599077,0.3690378143697118,1,interior
0.38263231408327886,0.3732836040765887,1,interior
0.3858884089018397,0.36397345577372464,1,interior
0.3909122323663385,0.3712160178730574,1,interior
0.43267865932676386,0.2824010153283854,1,interior
0.4341267696781171,0.27822822197910463,1,interior
0.5893226362187677,0.05859601052379961,1,interior
0.6008623088076263,0.029562428196875056,1,interior
0.5974923205756192,0.028028332445758617,1,interior
0.534749511427747,0.05649598646859806,1,interior
0.5421808465293874,0.053021497252492764,1,interior
0.5377527509130174,0.05229647617702717,1,interior
0.3880916074464758,0.19413776831455867,1,interior
0.46822705067437603,0.07925171278612968,1,interior
0.42962048303568706,0.2852159349857792,1,interior
0.4062569057041742,0.27291394559220633,1,interior
0.4104624105395485,0.2696019756319934,1,interior
0.3966950525640628,0.33546671700489694,1,interior
0.3941466467461511,0.3389402284865792,1,interior
0.46561302576113944,0.168767927272014,1,interior
0.398145491449374,0.23594124420554108,1,interior
0.40059132857570734,0.23927473453159348,1,interior
0.4000671440941797,0.2311018579141699,1,interior
0.4021071112904088,0.24836152377007803,1,interior
0.404174184284282,0.15714826002986956,1,interior
0.4029934936735213,0.15273973977394872,1,interior
0.5365447461562906,0.047833072680753076,1,interior
0.5326018864387488,0.05128300387754455,1,interior
0.39725398752994984,0.2703891316997259,1,interior
0.3905439142924782,0.26287332157234383,1,interior
0.39309494514342747,0.270414892137008,1,interior
0.39323492055024944,0.2587826168300299,1,interior
0.5895072682181758,0.0714882272810438,1,interior
0.5688881897293669,0.05171163470926956,1,interior
0.41774565941463415,0.3340331048682272,1,interior
0.42560351498966426,0.3398845400897801,1,interior
0.42239429150154584,0.33421521514009245,1,interior
0.4251772677255283,0.33639297658347606,1,interior
0.44756258192562137,0.16007551396713732,1,interior
0.45167919789034894,0.15954082619497129,1,interior
0.43467578395769846,0.3194667452588702,1,interior
0.43562064387835897,0.31312767475150455,1,interior
0.45666880611359584,0.15812468219138845,1,interior
0.42236634244431875,0.28172444409927755,1,interior
0.42547088767739244,0.2840503981740391,1,interior
0.3857772067082383,0.3587133286605493,1,interior
0.3795335931371561,0.3463593615529017,1,interior
0.38066390464285743,0.3535435986552188,1,interior
0.5796401389522379,0.035858795634452954,1,interior
0.5295375684637473,0.055059695214741834,1,interior
0.5310263370861695,0.04594942660197176,1,interior
0.5268961650508535,0.05038166543558829,1,interior
0.42752755173920587,0.15265280816332966,1,interior
0.42391742940899874,0.1507421615585615,1,interior
0.4294739249811358,0.15649607294156637,1,interior
0.4196701642610137,0.14863278256483284,1,interior
0.3766918437902092,0.35502746854620154,1,interior
0.38095914159935923,0.3573996717169501,1,interior
0.38245635534132677,0.349994123908606,1,interior
0.37382675672192983,0.35151611690012025,1,interior
0.404337474783269,0.2521697212844988,1,interior
0.4470088956880711,0.12020067249428674,1,interior
0.4506408863014621,0.12265656019839159,1,interior
0.4376608405658404,0.30754699160054966,1,interior
0.4280044291554455,0.31187736989128917,1,interior
0.4325734166892657,0.3091350278411458,1,interior
0.5462431777458546,0.05108666658126021,1,interior
0.3992198129803981,0.2180183056782193,1,interior
0.4545674958564245,0.10590432305493964,1,interior
0.460240682302206,0.09778492299916856,1,interior
0.45620869220738447,0.10108072676707913,1,interior
0.46065624349710876,0.10171957879927115,1,interior
0.4270442183082589,0.3322768211526644,1,interior
0.4315691901332042,0.2740904522146082,1,interior
0.3895721957164375,0.16107672911287815,1,interior
0.38854115093058184,0.16628304024649668,1,interior
0.38711002811382983,0.19936686023242697,1,interior
0.3831168170132611,0.19687582813550675,1,interior
0.3828034685332719,0.19174622161748534,1,interior
0.3868036017125499,0.18981093789669806,1,interior
0.3929994213301216,0.19764043757329028,1,interior
0.4099150699581654,0.27481543873365694,1,interior
0.4594861493352944,0.09371625087139657,1,interior
0.4561678670831104,0.09584967152691154,1,interior
0.4528758917841128,0.09844952688217537,1,interior
0.4410383797839981,0.11538013528676058,1,interior
0.44229973837669384,0.11945767302352389,1,interior
0.4520071855528015,0.12740946771817632,1,interior
0.5662890398096044,0.055391273343149736,1,interior
0.5110865191422291,0.07153978674115753,1,interior
0.5418263557226587,0.0488479201545843,1,interior
0.43106478563928635,0.32881913216607545,1,interior
0.42927377468434375,0.3372974910850648,1,interior
0.4263472297797654,0.3266304226979287,1,interior
0.37144671783692024,0.35601515247067156,1,interior
0.37608837445534693,0.35964111770744767,1,interior
0.3780584704765057,0.3505627261987953,1,interior
0.43496048241465274,0.3254034742988927,1,interior
0.37749163769333327,0.18900669857167746,1,interior
0.38353471481929385,0.1863596768106536,1,interior
0.3749941100782758,0.19310992136742106,1,interior
0.37890838966837376,0.1944836615339484,1,interior
0.4064201570686583,0.27832383394942795,1,interior
0.4137650650491431,0.2739481739718282,1,interior
0.41642066005836204,0.2777574942288856,1,interior
0.4120713331112763,0.2794828767758378,1,interior
0.4335804767200651,0.1598122685229541,1,interior
0.4398951584406534,0.15510847926832,1,interior
0.43836559036839157,0.1590664567663416,1,interior
0.553811653803918,0.05232689435602268,1,interior
0.5554762714594278,0.057289837466082995,1,interior
0.5505667045521491,0.049179669813465283,1,interior
0.3750578061834369,0.34729936796508803,1,interior
0.3700269623227272,0.34813059524093976,1,interior
0.42903712355958795,0.1486863205856696,1,interior
0.43515365176743026,0.154792154482336,1,interior
0.4332282387534618,0.14547350348196325,1,interior
0.4340607907018435,0.1386682841754186,1,interior
0.3924610679998134,0.22879616843721934,1,interior
0.40124069724212336,0.22603014839176472,1,interior
0.3919207509238653,0.2239141066529921,1,interior
0.37167447357956984,0.1907555852514903,1,interior
0.3723926718886099,0.1871368565056491,1,interior
0.37097352830732405,0.19487432962537266,1,interior
0.37874907675773617,0.19951506476745504,1,interior
0.36625789308087553,0.19230250412298283,1,interior
0.36796593813291284,0.18748297482337414,1,interior
0.3788791322175107,0.37153048876269057,1,interior
0.37653484984864544,0.3754120918359722,1,interior
0.4473972603713159,0.1252091609544763,1,interior
0.3884647696555011,0.17446953310843916,1,interior
0.3869451476467959,0.1702914353093502,1,interior
0.487130596651766,0.07218638824546539,1,interior
0.49336318550329356,0.07098033543562159,1,interior
0.48247498683078366,0.07550845215820591,1,interior
0.3674244425948557,0.19729281939981916,1,interior
0.3630408395375275,0.188249379716919,1,interior
0.3597421030328421,0.19274418945948515,1,interior
0.3633523976395001,0.19565131372680938,1,interior
0.5073488916687088,0.07455470581725583,1,interior
0.39769936186784793,0.2782752853657919,1,interior
0.3940128023061043,0.2750739630117402,1,interior
0.4016051717903559,0.2798914061432088,1,interior
0.4022682228035233,0.27578063967238725,1,interior
0.40148260127512314,0.2874531755294959,1,interior
0.39796272005913436,0.2834152769537242,1,interior
0.4035939536826447,0.2830765280913901,1,interior
0.4414879973444685,0.16255652048333286,1,interior
0.4308918844438976,0.323899132179315,1,interior
0.4322213005062325,0.33396113197775373,1,interior
0.43656863516666117,0.33515107291984153,1,interior
0.3813725410801307,0.3616017041810909,1,interior
0.47497919086464047,0.07845860917611984,1,interior
0.478131065768405,0.0726166295827499,1,interior
0.4787138490486296,0.06821332950551788,1,interior
0.4743132331435793,0.07412863288432564,1,interior
0.50114137318551,0.07631994813031726,1,interior
0.3843126724100057,0.15561598601032114,1,interior
0.3884552077783932,0.1571251548514169,1,interior
0.38779565784802894,0.15392391046415113,1,interior
0.3836864356874467,0.16002397041107888,1,interior
0.4355825061475928,0.3303927283212941,1,interior
0.4400953259326007,0.3353324041275464,1,interior
0.43406519483953904,0.3397291886010287,1,interior
0.5362708647739916,0.04313072406966655,1,interior
0.5270136928104096,0.041540023265790975,1,interior
0.5258294153791626,0.045752905652257134,1,interior
0.5316832985141277,0.040725295446567424,1,interior
0.3896440724750989,0.26805391570352916,1,interior
0.41293477670111334,0.3316304132201052,1,interior
0.4049218767396244,0.33227124178123557,1,interior
0.40875531821401656,0.33012131930331984,1,interior
0.3844264513562001,0.14879523180605828,1,interior
0.38582421041692433,0.15178525316820282,1,interior
0.4295504740516949,0.3443535382983504,1,interior
0.38415947454825466,0.3458091619913409,1,interior
0.376375843216125,0.3429394066462907,1,interior
0.38098234480970455,0.3420125957908327,1,interior
0.44419686832715216,0.1008746178095847,1,interior
0.4452634800816017,0.10583848273506748,1,interior
0.4163004054150276,0.14563149599731595,1,interior
0.4241447268503517,0.1468018047795658,1,interior
0.4202156628896594,0.14404831715703384,1,interior
0.3948041352231594,0.2510511125010108,1,interior
0.38251944983310016,0.2022201845162858,1,interior
0.521713185235157,0.05263994811572389,1,interior
0.5216008759669218,0.047857229621419195,1,interior
0.5254460084907747,0.05476466940185968,1,interior
0.4112014173133151,0.32624136751727084,1,interior
0.40539466774318317,0.326929260941409,1,interior
0.37319010155282717,0.37316962680281635,1,interior
0.3756410669394148,0.3682194253491938,1,interior
0.5033427206751845,0.07095877515425897,1,interior
0.5055000596077676,0.07920678356444862,1,interior
0.5079774281895949,0.06884008065243168,1,interior
0.5124308294402318,0.07493543370964167,1,interior
0.558169625394376,0.052294363995061134,1,interior
0.5621962290714974,0.05271530740388841,1,interior
0.4314128674331651,0.15243747923249212,1,interior
0.4436643111791213,0.12326161001722738,1,interior
0.4378668961836612,0.11885971284810626,1,interior
0.4392231280520343,0.12403643158495514,1,interior
0.4356126767840334,0.27448640084794806,1,interior
0.4120016292038506,0.28554146747695563,1,interior
0.4171495154514696,0.28268231381275105,1,interior
0.4082799641012926,0.2825548530192556,1,interior
0.4888896267292689,0.06652194795974516,1,interior
0.4838508018550716,0.06723420991607165,1,interior
0.5995191204834226,0.03685261976930402,1,interior
0.4121774282135301,0.14379468374467777,1,interior
0.5914975790685573,0.030100595183183986,1,interior
0.5930376116488971,0.025899081332062857,1,interior
0.38335078548617063,0.1766405042381806,1,interior
0.38705971378100296,0.17876870697585398,1,interior
0.38334866475520113,0.17228587911247742,1,interior
0.39101536682854743,0.170577686634813,1,interior
0.47836761228323527,0.07743029346059606,1,interior
0.47349433777138783,0.06935329423269272,1,interior
0.4822327019205942,0.0711944841626729,1,interior
0.4030100968017862,0.14814487490543063,1,interior
0.39920324990840556,0.25257198944924547,1,interior
0.41317226401113705,0.3365625504516773,1,interior
0.4166698956965755,0.32899902726938174,1,interior
0.3896679327483648,0.2778821313269183,1,interior
0.389159534037862,0.2732337583533066,1,interior
0.39309444110897296,0.28062145747351147,1,interior
0.46960586874603144,0.07192549910722874,1,interior
0.5221093878379585,0.04223702303879584,1,interior
0.5321235839820846,0.03636731844144143,1,interior
0.523389913848241,0.037276791130375374,1,interior
0.44055052773434866,0.0969988689852817,1,interior
0.4388221694551704,0.10117677400532982,1,interior
0.4401278156323606,0.10523410979320978,1,interior
0.44453554653197047,0.09550353242061571,1,interior
0.4486907484739669,0.09785454927699701,1,interior
0.37497822518725155,0.19718268720954613,1,interior
0.3742217111567696,0.20159051985687068,1,interior
0.37748140156562054,0.36389966819318553,1,interior
0.5562093543537927,0.04741539174480825,1,interior
0.5462835177248863,0.04468110568917219,1,interior
0.5520679597191155,0.044332312596954394,1,interior
0.44143399293542546,0.13914024293966745,1,interior
0.4453635908158355,0.13707035332038792,1,interior
0.4343604723516024,0.12220453556748419,1,interior
0.4299961946458731,0.12018382242596423,1,interior
0.43707228464689196,0.1139371844855123,1,interior
0.4960051887705424,0.07538662784963308,1,interior
0.40096380213263916,0.3289635349335753,1,interior
0.3959470038401007,0.33090887533318264,1,interior
0.37833667836571394,0.20463934056822225,1,interior
0.5883961052943545,0.02807589496363518,1,interior
0.37891710813189655,0.18370567250864575,1,interior
0.3789321679601338,0.1741075310429093,1,interior
0.42124557489087183,0.28628619767012903,1,interior
0.39054270760985105,0.330569349430032,1,interior
0.3922634121995583,0.3267442130726461,1,interior
0.39703302714130734,0.3264491430200963,1,interior
0.3918369452292066,0.33429929349083637,1,interior
0.5539447527475788,0.04008217712362444,1,interior
0.5601858772025928,0.04300999145487148,1,interior
0.561824495336923,0.04794136106008444,1,interior
0.43789433099335145,0.10948070023700375,1,interior
0.42803917894709853,0.3205433044981553,1,interior
0.42387477433215326,0.32292677534240616,1,interior
0.5652571782101717,0.043393362869004894,1,interior
0.5651634289824103,0.05096186253011016,1,interior
0.5675725643484132,0.04747611583288843,1,interior
0.575289492858239,0.035011710111003326,1,interior
0.5724107044402931,0.03870284691106555,1,interior
0.5164662066044469,0.04148092200100601,1,interior
0.5280009447784016,0.03704011807254241,1,interior
0.5192883729946133,0.037613623525701696,1,interior
0.5631015267566174,0.06822638027273045,1,interior
0.5417164001192317,0.040309580157791285,1,interior
0.5472413733266417,0.038216240773160264,1,interior
0.5407408379410046,0.04494091860861928,1,interior
0.5122026618260704,0.06799899248030933,1,interior
0.5525859909774216,0.03642320436477115,1,interior
0.3850014986657551,0.27685108628902944,1,interior
0.3871086695942355,0.28237855187248095,1,interior
0.450402426329759,0.08950524725293785,1,interior
0.4662233732972395,0.07460731554717982,1,interior
0.40636108325422343,0.32238973161322054,1,interior
0.4160075350081465,0.3245223242859303,1,interior
0.4119595183118239,0.3206043495421157,1,interior
0.4170267131520765,0.32044213840890445,1,interior
0.4368662664300634,0.09457610327002887,1,interior
0.43655058246696177,0.09807771870185768,1,interior
0.44059695500521456,0.091964675590973,1,interior
0.44533433478249274,0.09084230430319197,1,interior
0.4208858514395321,0.3264169905001823,1,interior
0.38995839577267327,0.20276102834015441,1,interior
0.39383847906423497,0.20244072297574708,1,interior
0.39921789137915353,0.19643827416551385,1,interior
0.4595796965970035,0.16509069937151694,1,interior
0.4483059005857323,0.09359275698829436,1,interior
0.4462550913640156,0.08670629839818156,1,interior
0.45000301274354415,0.08508860111353467,1,interior
0.3966756102414295,0.2885867470205831,1,interior
0.3880683649645709,0.2878727236125432,1,interior
0.39688860682030264,0.2469469844084609,1,interior
0.400632072690794,0.24369596989299447,1,interior
0.42183222008699767,0.3184398680909247,1,interior
0.5842913994936022,0.030495133805498953,1,interior
0.36163620891800025,0.34995142747331437,1,interior
0.36659188724499364,0.35270781764168285,1,interior
0.3684276472164976,0.34304759845687144,1,interior
0.3651452927928125,0.3468895143510142,1,interior
0.3640546673321674,0.34172231875047426,1,interior
0.3723791120350586,0.3442616399498669,1,interior
0.37538972067067683,0.17630295203689042,1,interior
0.3792025169962778,0.16946260541963246,1,interior
0.37361770186387067,0.17157119767330048,1,interior
0.37915664912362534,0.17892906445212675,1,interior
0.5592597572488609,0.06951686922370692,1,interior
0.3701377675132632,0.36850973949083127,1,interior
0.3697201763567655,0.37799499397068287,1,interior
0.3739666347558041,0.3781753411471103,1,interior
0.3677861992162618,0.3735026163366904,1,interior
0.39229580764619143,0.2482750405404075,1,interior
0.39170663608280587,0.24440965572871254,1,interior
0.39593431702593834,0.24113747613952388,1,interior
0.390212210722452,0.25218219852002544,1,interior
0.40046180457343056,0.3232160112365718,1,interior
0.5310718693791505,0.09701114454806374,1,interior
0.5366993887721325,0.10216153342752962,1,interior
0.44078096255041416,0.13438898210869835,1,interior
0.44562977919526486,0.14200527492275386,1,interior
0.4443117745195213,0.1322213083089762,1,interior
0.5213672199964087,0.060360791512444514,1,interior
0.5262719104996576,0.05941525018959122,1,interior
0.44782755217203934,0.12989004019379835,1,interior
0.5580575394143118,0.03767756641891873,1,interior
0.550021771996996,0.04062879974586814,1,interior
0.5563695955679117,0.04257086383660012,1,interior
0.4434505613274892,0.12746333426403564,1,interior
0.5628821038407779,0.03850368695641586,1,interior
0.5678824711488528,0.03926760766555875,1,interior
0.5172313416548306,0.05105217028672208,1,interior
0.5133730784096554,0.05386068201916389,1,interior
0.516238321049815,0.04652126024751377,1,interior
0.5178258184388608,0.05661371345214623,1,interior
0.38548369582755165,0.29225662934118896,1,interior
0.38242403607781705,0.28637295337449953,1,interior
0.392583342535654,0.28961387522493176,1,interior
0.39006575073282657,0.2924589906471301,1,interior
0.4039815330902594,0.14268286042391054,1,interior
0.4100723528594621,0.14742528040210864,1,interior
0.41996458587737395,0.3226737814972282,1,interior
0.4160349699715377,0.3168316444663913,1,interior
0.53504418752073,0.03310234482216436,1,interior
0.5362051573123551,0.03850604245298519,1,interior
0.3929237512590804,0.2366392476666204,1,interior
0.4065219630792193,0.14451960810779785,1,interior
0.40659111159491673,0.1498371598182816,1,interior
0.5121801488795609,0.04905276050172428,1,interior
0.5111162931302509,0.0444242891356618,1,interior
0.5194079052034647,0.04458352380816954,1,interior
0.45507610363760514,0.09085016164416096,1,interior
0.36499415866229684,0.18302693943575107,1,interior
0.3747218973006946,0.18466051295802072,1,interior
0.3868309950162632,0.3277996604161002,1,interior
0.38871986173679673,0.3229157900132934,1,interior
0.38574551048539246,0.3330350971883528,1,interior
0.5395524706871917,0.0357686172866105,1,interior
0.5442662543901852,0.035164448976097364,1,interior
0.3542184861334194,0.1910455015341456,1,interior
0.3544259697162593,0.1965483280352551,1,interior
0.35983352121917694,0.19831669387551332,1,interior
0.3577963500737938,0.18772260558582343,1,interior
0.4070732555125744,0.3177982526724739,1,interior
0.39470980806997097,0.3225735756837187,1,interior
0.39642141751482096,0.3176279823016162,1,interior
0.3898417082210936,0.29701503079810304,1,interior
0.380431369065832,0.29110232476015985,1,interior
0.3917796069896868,0.2120068513149,1,interior
0.38327067346049687,0.3242824786952843,1,interior
0.383856488963978,0.3195712569654169,1,interior
0.3813017584230627,0.32964383053468194,1,interior
0.40487272152425796,0.29104207904839413,1,interior
0.4064716616371564,0.2865803439619073,1,interior
0.4089219552202229,0.28953949034916004,1,interior
0.40007554008608115,0.292333582802579,1,interior
0.371155923604217,0.17692453653210186,1,interior
0.37015214645029465,0.18253947232223552,1,interior
0.3719286606787012,0.1667271717269522,1,interior
0.36745513213164854,0.17313356689082102,1,interior
0.3833862076004782,0.18148744806670983,1,interior
0.34884859115855127,0.19691790144751303,1,interior
0.34935532499108696,0.1932369587298504,1,interior
0.3509719639150838,0.20126761389570444,1,interior
0.35704937404174847,0.2020111256988146,1,interior
0.4648108834862673,0.0700752941771206,1,interior
0.4681824132890157,0.0675670374588384,1,interior
0.42191438284130894,0.33037317438487285,1,interior
0.43604494319210496,0.13198206650616306,1,interior
0.43499021660141995,0.1271479476863958,1,interior
0.43041391275495794,0.1250433057421886,1,interior
0.4336830899863795,0.11746353038778738,1,interior
0.48463162487282974,0.11555061903224638,1,interior
0.3793134006469905,0.20851288324435618,1,interior
0.3756954981527491,0.2091840181232096,1,interior
0.3858433587580998,0.2041242981589005,1,interior
0.38296654182895284,0.20838482166801478,1,interior
0.547762109465412,0.02814854054663135,1,interior
0.5404741561135029,0.031022259348631443,1,interior
0.5452028459997644,0.031134308884342498,1,interior
0.3765394172522343,0.2846280796251365,1,interior
0.3804740711562082,0.28049559652640765,1,interior
0.3773905881071647,0.2881266509970916,1,interior
0.436055626348542,0.09112014585648749,1,interior
0.4375893073841132,0.08770738654253876,1,interior
0.4421064598123081,0.08766363471879242,1,interior
0.45207835054824314,0.09421458248295082,1,interior
0.3693357008619074,0.3871406789838533,1,interior
0.36477195314107225,0.37774647979595216,1,interior
0.3719986721768676,0.38245417796029996,1,interior
0.5760820307747584,0.02620779457245982,1,interior
0.5733630147733114,0.03068925963007529,1,interior
0.5677850686611998,0.03092886796967532,1,interior
0.40939031321859076,0.1398722983554251,1,interior
0.3808288769768253,0.16455450639222105,1,interior
0.3761307876782609,0.1661257998300624,1,interior
0.38382771258070597,0.16769593932023422,1,interior
0.3887640454848892,0.25723285709408567,1,interior
0.38548271275434476,0.26578591355999387,1,interior
0.3857878266471227,0.26150980825764325,1,interior
0.5308140817480167,0.05908309550103469,1,interior
0.37811793318137304,0.14426363460127634,1,interior
0.4302939980446676,0.2903635134792005,1,interior
0.4307028596260383,0.2950158963928819,1,interior
0.43389208833238807,0.2988661680450487,1,interior
0.42607937250711875,0.29428485666816007,1,interior
0.41136903981549233,0.31512125164662314,1,interior
0.4035401045958297,0.3151167977830535,1,interior
0.40716596047070636,0.31279630185291535,1,interior
0.38512627796985166,0.25273624500927844,1,interior
0.37419848156851065,0.14137990025819877,1,interior
0.38070971096158773,0.14808589597226765,1,interior
0.3734810876040256,0.14825426138036116,1,interior
0.3771286409807613,0.14993708005600082,1,interior
0.41927311591119604,0.3141646235464054,1,interior
0.42334849632093235,0.313255118634474,1,interior
0.4153911735134173,0.31188303150418833,1,interior
0.41115920118152155,0.3097748322325038,1,interior
0.470862876783752,0.06536677565991372,1,interior
0.47528705827289236,0.06498471221010253,1,interior
0.5501706220483783,0.03249527577209011,1,interior
0.38474803183011136,0.35419540575232017,1,interior
0.36042595942679245,0.20690062795849576,1,interior
0.36271702763872865,0.20300480523034647,1,interior
0.3544199345062185,0.205578007113605,1,interior
0.36859075851148165,0.20248290783278303,1,interior
0.3857806111413212,0.3414507483985673,1,interior
0.3829054184012357,0.3376026962010407,1,interior
0.580749486353385,0.027530153970235182,1,interior
0.5685858814599111,0.023453947639082418,1,interior
0.580173118163828,0.023347856370244554,1,interior
0.5755099509868353,0.020253770068374557,1,interior
0.5725594183144368,0.02315449005855862,1,interior
0.4162289971733727,0.3065301238847252,1,interior
0.3853730076792937,0.3141602287056659,1,interior
0.38000557630077453,0.31588082670779966,1,interior
0.3782868581974383,0.32087057454328605,1,interior
0.3919893371466197,0.31936293971818375,1,interior
0.3792947044627801,0.3253250348673695,1,interior
0.5766468156841402,0.01615197448180388,1,interior
0.5702997080477501,0.019355685715923672,1,interior
0.39124492965778424,0.3149439062802511,1,interior
0.4218369697698067,0.13930645917867449,1,interior
0.41819601453780125,0.13631127917226868,1,interior
0.3749599196865298,0.2809452794439896,1,interior
0.37216658955396553,0.2885571780408531,1,interior
0.3783481676203198,0.2950599479534735,1,interior
0.3716362940954848,0.29349977629918944,1,interior
0.38335693868518916,0.2581254701990359,1,interior
0.38069491435759656,0.26298922119142437,1,interior
0.4256930556301766,0.12735918385188724,1,interior
0.42407488208885413,0.12376819389323283,1,interior
0.43067537278570267,0.12998572074387543,1,interior
0.42702221481514874,0.1226302866626242,1,interior
0.42550135587455823,0.1316318597994485,1,interior
0.36360570403004244,0.17885097849403414,1,interior
0.36048566569639,0.18030590236462962,1,interior
0.3667854875920285,0.17796877869228656,1,interior
0.3623096767144649,0.3552874084229705,1,interior
0.35871957871258625,0.35284436419749166,1,interior
0.3558399625224807,0.3480509494122558,1,interior
0.3602096443151585,0.3445341273750282,1,interior
0.5704008726787342,0.03479375093017823,1,interior
0.3925286636211766,0.2851976549909588,1,interior
0.3801386049592489,0.2997678775083171,1,interior
0.37472754173876816,0.296834258257036,1,interior
0.37562844204979556,0.29198531635166725,1,interior
0.37406648531306913,0.30109793410797436,1,interior
0.3819379906490788,0.29507440149959213,1,interior
0.372506804350948,0.34008748753996487,1,interior
0.37359046664275714,0.33573881147394374,1,interior
0.5667240868122793,0.016076288875365063,1,interior
0.5655269346663733,0.02104793990785822,1,interior
0.571943149629763,0.014826515665274067,1,interior
0.35605794031657295,0.3417152930361609,1,interior
0.3521476073377001,0.34377621766555255,1,interior
0.36005999016192464,0.3384235746582495,1,interior
0.41501318882159016,0.3021467350134008,1,interior
0.4199828171092988,0.309681692200412,1,interior
0.41936436491593754,0.3014798988812901,1,interior
0.4217371771170914,0.3048969414280774,1,interior
0.4221548555064617,0.13468584134723377,1,interior
0.4241064787931286,0.14297686011343358,1,interior
0.43010437645798066,0.1377240764197009,1,interior
0.3880305126086252,0.31822073538984696,1,interior
0.3806630175562517,0.31016480035040883,1,interior
0.38954423417160916,0.310597985256652,1,interior
0.3811440728568389,0.2673699951659686,1,interior
0.3844541208713678,0.2711410639359425,1,interior
0.5844805996354462,0.02131817030000828,1,interior
0.4091977820723773,0.2940888513882057,1,interior
0.4141553373008353,0.29405547659082726,1,interior
0.41245851692619706,0.29040410521132004,1,interior
0.3643609340785373,0.19963520022656236,1,interior
0.4258250513375789,0.1363061269346694,1,interior
0.3900641581243709,0.34101886275220605,1,interior
0.3729448719147174,0.16242267574739003,1,interior
0.3780065217086419,0.16132990724781154,1,interior
0.5092489405825806,0.056029884567413056,1,interior
0.5128101552376076,0.05900304382126298,1,interior
0.5438636131422597,0.026547344556392478,1,interior
0.5551165046239365,0.02876223710460074,1,interior
0.5479559860784656,0.023043691181626254,1,interior
0.3680018105895301,0.3375879739413058,1,interior
0.3638231354955959,0.33356027085425943,1,interior
0.36376964577153476,0.33774665154007644,1,interior
0.40406030771630147,0.295407076487923,1,interior
0.3606891620701914,0.18447244974191068,1,interior
0.3712642726026295,0.3603057133697406,1,interior
0.3703200359492108,0.3521334848506992,1,interior
0.3663987482752678,0.35918570638514535,1,interior
0.38615453033488417,0.30116838612264746,1,interior
0.37811770690717167,0.30486978107754265,1,interior
0.5659844796229679,0.03514935049461262,1,interior
0.35284254486428956,0.18589588690767864,1,interior
0.3563913880394806,0.1829244393046708,1,interior
0.5622174874049713,0.032705156089635985,1,interior
0.5565018574711701,0.03272326629602577,1,interior
0.5469400877740933,0.0179816509469288,1,interior
0.5434994475047569,0.02103870468006364,1,interior
0.5512802424479532,0.01839601369434007,1,interior
0.5512445310987054,0.026936684645083312,1,interior
0.5521297448733468,0.022403077600349895,1,interior
0.4167623804707639,0.2888650950499985,1,interior
0.4287330871111892,0.299092232131902,1,interior
0.43110135025840296,0.3035357928520848,1,interior
0.36629326295215786,0.38279586631512624,1,interior
0.37374211921420514,0.38603418326095307,1,interior
0.36006366902444026,0.21123865284609664,1,interior
0.349010036853412,0.2058865341666698,1,interior
0.352091976862461,0.20976682996280205,1,interior
0.3564909773894735,0.2093112493390988,1,interior
0.5845453006558764,0.025721006533539686,1,interior
0.38519335304043306,0.3092747153275332,1,interior
0.37530010776569495,0.30891044551706365,1,interior
0.3878728004925482,0.3057772465139515,1,interior
0.37654858074586595,0.312973116343169,1,interior
0.5349350961573446,0.025677041198281993,1,interior
0.5362689152122527,0.029061900382339967,1,interior
0.5312429756108885,0.028124128824684846,1,interior
0.43968912189955506,0.12947513037426164,1,interior
0.4373557649630042,0.1367609365549068,1,interior
0.3676709966956158,0.29237429798282494,1,interior
0.3690478003677149,0.29785105437806053,1,interior
0.3669633312642619,0.2873425333259068,1,interior
0.3454059456025514,0.2142830584755079,1,interior
0.3505476629203841,0.213935649824093,1,interior
0.34705411954809473,0.21000176445765895,1,interior
0.41171782446505734,0.29907688990911474,1,interior
0.41667308974676126,0.2978443660852527,1,interior
0.40754894153511606,0.30251650227740823,1,interior
0.4990467226543908,0.06764776869038391,1,interior
0.3867052008003512,0.21167179015511986,1,interior
0.3882960215307844,0.20765466053544648,1,interior
0.39322299708804354,0.21811493202150892,1,interior
0.396139436347935,0.21444520534222314,1,interior
0.3559305686780759,0.213815863575588,1,interior
0.34361943489238356,0.20623695006188703,1,interior
0.34596135941516215,0.2027751648591587,1,interior
0.36240578374852483,0.3736691268511582,1,interior
0.361573153990733,0.3811368260700272,1,interior
0.35963269416677646,0.3773871346583347,1,interior
0.4282721965849967,0.14453500648436937,1,interior
0.4317100815540554,0.14170017855877423,1,interior
0.4369658148792392,0.1417304822541546,1,interior
0.3686838348354616,0.14707440525574267,1,interior
0.37286080494613966,0.1536183539505774,1,interior
0.3698304122654557,0.1509668168676846,1,interior
0.37211057216388727,0.14435477637820446,1,interior
0.37720912556670416,0.15408085294968193,1,interior
0.3951025747337555,0.2995858990520021,1,interior
0.3994450349646012,0.2972937108234067,1,interior
0.39494473479390974,0.2940148615665475,1,interior
0.4464525296084722,0.08258518235827797,1,interior
0.37114973929058975,0.19894289795681883,1,interior
0.4217495092924568,0.29125125018774634,1,interior
0.41820267387120313,0.29352543123963015,1,interior
0.42132654899726624,0.2964222724078655,1,interior
0.372140505148759,0.3217552766551665,1,interior
0.37400685510763815,0.31704666360966377,1,interior
0.37492002869876123,0.3248379930113783,1,interior
0.4691871099782006,0.059257670937235774,1,interior
0.47661737841406193,0.060566757547325635,1,interior
0.4665320572999751,0.06287157855166757,1,interior
0.4718807474866921,0.061868319902356105,1,interior
0.3709922198831581,0.28387361711422254,1,interior
0.37529842933183755,0.27678377679285304,1,interior
0.38841665809971876,0.33730768683939266,1,interior
0.424088085873229,0.29985684934738455,1,interior
0.3831081234983584,0.1452278281093745,1,interior
0.3853257143643632,0.16362608072767956,1,interior
0.46560020582174094,0.05950942168847828,1,interior
0.36169893808106235,0.17496689828298867,1,interior
0.35166652917453867,0.3519025705413936,1,interior
0.35517985540896163,0.35346254849311803,1,interior
0.4074353636330638,0.2981676995801006,1,interior
0.41368613054560005,0.13856635071081153,1,interior
0.3732393803122692,0.3051161011278508,1,interior
0.3682266633546859,0.30332830948286954,1,interior
0.3886846078810408,0.2154780364969923,1,interior
0.5397393033086062,0.019561442418119347,1,interior
0.5396381636359983,0.02519660726753908,1,interior
0.5430465107320281,0.014663487125811451,1,interior
0.3871035480895326,0.22381993385072815,1,interior
0.38776717235293157,0.2283139168594856,1,interior
0.38791977263041305,0.21962646309614917,1,interior
0.39717381869738344,0.2224051248132883,1,interior
0.3524518385341354,0.3792324748660591,1,interior
0.35676690228453406,0.3727764166181334,1,interior
0.35628107387164004,0.3821504593433349,1,interior
0.36420126910610756,0.3879935587241022,1,interior
0.3667943155999415,0.3909890710001712,1,interior
0.37127228761853875,0.3924164519336422,1,interior
0.4018421423419145,0.31872782892220336,1,interior
0.39531845644421604,0.23221462219083253,1,interior
0.4940136299990924,0.0667849366202177,1,interior
0.4986382543818764,0.07215065050648038,1,interior
0.5014871836876134,0.06267124795304656,1,interior
0.4964605940240079,0.06304995475103592,1,interior
0.3800479005684621,0.2748834810420918,1,interior
0.5546089861198853,0.02451854420447614,1,interior
0.4035078121935422,0.3000214073759914,1,interior
0.33830634684573757,0.20691993702668285,1,interior
0.3421407529911267,0.21082729237498987,1,interior
0.3411243831043335,0.2014108593543977,1,interior
0.5146684516683603,0.03583543171043284,1,interior
0.5120415015063824,0.039658739499597764,1,interior
0.5201459338686728,0.03181581820631375,1,interior
0.3691667076026708,0.3636535935883175,1,interior
0.362664201224128,0.3625781424947829,1,interior
0.365905987136338,0.3651013445381041,1,interior
0.5109677148800784,0.06378744092713838,1,interior
0.3770837933577119,0.3283647806750516,1,interior
0.35195892341849944,0.37462133682025794,1,interior
0.34513672088861364,0.38094027436487027,1,interior
0.3499015977563319,0.3828935129130088,1,interior
0.3485319588588534,0.3779052226215553,1,interior
0.37928916375682964,0.21273090247514262,1,interior
0.3835233716528818,0.21539791702560435,1,interior
0.4981201428334625,0.05934772686229559,1,interior
0.5049448609505043,0.06560531320021235,1,interior
0.5067515273451522,0.06005608940868346,1,interior
0.3902739362745995,0.23281024188404517,1,interior
0.5250977635845783,0.033385866308650244,1,interior
0.3691199333629881,0.3191022153656298,1,interior
0.36903209536659765,0.3155477437538741,1,interior
0.37171848904853455,0.3123796827519825,1,interior
0.3700315848903203,0.2737928851360335,1,interior
0.37510292358431735,0.27197639685072555,1,interior
0.3705750821257356,0.2790977138170766,1,interior
0.39506621220713295,0.3111344274301207,1,interior
0.3406575699425841,0.37881691570832393,1,interior
0.34846170471727667,0.38756499528946503,1,interior
0.34491025584564183,0.38536623009307575,1,interior
0.3417526887183282,0.38371255253031994,1,interior
0.3570393677133778,0.3868650838736593,1,interior
0.37946549551128994,0.3344356479212857,1,interior
0.47565644736832285,0.11186496792772152,1,interior
0.37573713506080963,0.3319818291616727,1,interior
0.3660220592884706,0.3125056638467785,1,interior
0.3699346291677605,0.3083632187443787,1,interior
0.3729571481021944,0.3891527026037467,1,interior
0.5612935123224264,0.023022427404760654,1,interior
0.5565418064371574,0.019879874468143235,1,interior
0.5600857841237482,0.028291354638428953,1,interior
0.35370723812331795,0.2186078444001124,1,interior
0.3584705370497678,0.2181785753386261,1,interior
0.3529648867355062,0.38650481191868885,1,interior
0.3906375483486264,0.2403598727178397,1,interior
0.38701862608395476,0.2370557875215624,1,interior
0.3650206197392305,0.30777136172849756,1,interior
0.4888580226073146,0.06083500007901525,1,interior
0.4931997464043671,0.05816680969340229,1,interior
0.4981957037833315,0.054589157948670065,1,interior
0.4921987689058988,0.06303909189070568,1,interior
0.37001143457830094,0.3263179524106052,1,interior
0.38496792245880423,0.29716992259329256,1,interior
0.391239531542936,0.3023258246389695,1,interior
0.4290531185928647,0.13384858236250768,1,interior
0.47076029245515166,0.05616013733528297,1,interior
0.5803670897051078,0.01934740483485763,1,interior
0.3660682591963585,0.20701364064067992,1,interior
0.4774467672811604,0.0557511405504291,1,interior
0.5619027459804296,0.01806415012692783,1,interior
0.565083723052964,0.026768831908725015,1,interior
0.5013220008310446,0.05053164429308604,1,interior
0.49245893620230635,0.052638107497888505,1,interior
0.5021192388746525,0.05808056153225042,1,interior
0.36969430177496404,0.33198452729008876,1,interior
0.3653236442168894,0.3281545882938701,1,interior
0.3661640824325911,0.3226699347515777,1,interior
0.36383892962580133,0.1464403333309556,1,interior
0.37014889018052066,0.14094313879473525,1,interior
0.4269470483247224,0.14039608295412528,1,interior
0.5502552078677685,0.09579806448493156,1,interior
0.3830264629520874,0.22116988900359644,1,interior
0.4428905516876201,0.08368557065221736,1,interior
0.5672045777298416,0.011031400595704148,1,interior
0.4640565374231012,0.06572771879870576,1,interior
0.5416735685258196,0.009273877101522771,1,interior
0.546758965177181,0.010099083436428206,1,interior
0.549237105461461,0.013693626044012489,1,interior
0.538214322995197,0.011879532670007187,1,interior
0.37545595588275243,0.3959177821543327,1,interior
0.3716838610676263,0.39730804471095826,1,interior
0.3670846617248015,0.3950537187027372,1,interior
0.36966710854847823,0.21432327610584026,1,interior
0.3745672330712535,0.21411591567403188,1,interior
0.37077344794875705,0.2100285932683086,1,interior
0.37838444996691595,0.21861515618603383,1,interior
0.5609165215856952,0.05645860715741583,1,interior
0.3747273579558314,0.18056324839007112,1,interior
0.5259483502472454,0.02924065509314391,1,interior
0.5320854972942997,0.022948489779221384,1,interior
0.5296617972628251,0.03256665693354973,1,interior
0.5272141210659574,0.02385700589687825,1,interior
0.43308547920196694,0.13461950707171938,1,interior
0.5543226525625977,0.014329941149944249,1,interior
0.5586346539313334,0.015248752617928126,1,interior
0.40313690725560447,0.31117245520453696,1,interior
0.41119949811218115,0.30480480450232306,1,interior
0.40341550089361977,0.30439424274519383,1,interior
0.39946493170801967,0.30248290752732776,1,interior
0.4001618339030526,0.3080153914593963,1,interior
0.5305211593506265,0.01963469828103265,1,interior
0.5331307406892468,0.01641761174407644,1,interior
0.5350520655426191,0.019311284497094697,1,interior
0.33556160066754,0.20218273933826933,1,interior
0.3378640075512974,0.19775840295799849,1,interior
0.3432335799893557,0.19519807076057227,1,interior
0.4166884561069197,0.13088568573805873,1,interior
0.4115876467513479,0.13578155669052308,1,interior
0.42042446833432356,0.1309589555472195,1,interior
0.3927370874608796,0.20688199709684052,1,interior
0.3612016610315066,0.32457865110943085,1,interior
0.38140852204430153,0.15232003047743067,1,interior
0.5276846051042942,0.06654878853741916,1,interior
0.3336163637414816,0.2106448026958037,1,interior
0.3380461642923863,0.21194350730524492,1,interior
0.3861081082479388,0.24286160105910312,1,interior
0.36207669523426406,0.39299495803739387,1,interior
0.35678306799985304,0.39489895911995976,1,interior
0.34049261541674264,0.21618096690769442,1,interior
0.35134507362016587,0.3696728264141816,1,interior
0.34725135736027735,0.37319674275543374,1,interior
0.33900438103018576,0.38217306894054565,1,interior
0.3372394629266444,0.3760079956055421,1,interior
0.3373805417450158,0.3711134603342363,1,interior
0.3418419106057959,0.3732686135606115,1,interior
0.40606020140228144,0.13990863245380078,1,interior
0.5146586845818767,0.031740537124867164,1,interior
0.516199488400033,0.02827040612384508,1,interior
0.5228894304226396,0.026963545383304383,1,interior
0.42649803858700014,0.3037425330303377,1,interior
0.4287496364590173,0.30740516262587375,1,interior
0.4246345720382585,0.30851242070225476,1,interior
0.3565619955836332,0.36780545639888534,1,interior
0.34855741146739705,0.36483986101588667,1,interior
0.34561510800384937,0.36895985546697885,1,interior
0.3410254287385827,0.36840680886543914,1,interior
0.3436806846735258,0.3641990797162851,1,interior
0.3732940926869106,0.3641790031137924,1,interior
0.5059240688417905,0.04437365010426923,1,interior
0.5063238631966959,0.04852214089729762,1,interior
0.5031239107184362,0.041373151490088036,1,interior
0.43493182055901125,0.30404922908821697,1,interior
0.5085880962004653,0.035986723537995646,1,interior
0.38371544467674645,0.22583468243177904,1,interior
0.3823711364940323,0.229663415573409,1,interior
0.3792386684937581,0.2251284309898977,1,interior
0.3650124368861803,0.21118399856320993,1,interior
0.3994463340207815,0.31368673782439177,1,interior
0.3760440661170633,0.266705252937175,1,interior
0.37822946823366843,0.2585235107877309,1,interior
0.37568828698744966,0.2621256147338065,1,interior
0.3612329516442498,0.3593902309539646,1,interior
0.3698059684569932,0.2063857961725153,1,interior
0.38566939429496283,0.23262431818106483,1,interior
0.5097792555785351,0.03223372845655557,1,interior
0.4849277014012188,0.06197621682598664,1,interior
0.3767415195697133,0.25383913233970185,1,interior
0.3728692112090099,0.2580593954976967,1,interior
0.33424942503547855,0.3723992348921284,1,interior
0.5804544463963597,0.016545035680445814,1,interior
0.33237314653743644,0.197900939997785,1,interior
0.33697808713204264,0.1930749240814255,1,interior
0.3457599215663959,0.1993273821598074,1,interior
0.3411326307315958,0.19036962393295884,1,interior
0.5884901400940763,0.023463127343871754,1,interior
0.4000495412428141,0.1567393827253723,1,interior
0.5449070639658004,0.005796715832832385,1,interior
0.5379808406081106,0.008679746699189111,1,interior
0.4213823803491243,0.12642706030798673,1,interior
0.5580273966306436,0.010901302067440798,1,interior
0.5626671170595753,0.013117165097818824,1,interior
0.3634960684299378,0.30025054099397014,1,interior
0.3635605928706492,0.2957741172289378,1,interior
0.3576045121708055,0.3627878277434303,1,interior
0.3613086729717738,0.3662683566664615,1,interior
0.3630079219210445,0.29109362556614593,1,interior
0.35841985863340375,0.29405080800926015,1,interior
0.35857576854294715,0.2897708005545409,1,interior
0.358533409798432,0.29795086693862505,1,interior
0.35281262034313077,0.2963495199575969,1,interior
0.3543111663936395,0.3001431947048353,1,interior
0.3582233295513127,0.30215185717740334,1,interior
0.36215968118541003,0.30436980450378764,1,interior
0.353490671146177,0.3042938901233376,1,interior
0.504543810460212,0.0542647949072858,1,interior
0.5008562494272498,0.0455698145109779,1,interior
0.49669246489207036,0.04913745611026334,1,interior
0.37753741805684676,0.33865397629984706,1,interior
0.3793161573893524,0.2706082533247599,1,interior
0.3332164021019527,0.3676513330180551,1,interior
0.3957346713574669,0.3051589308358064,1,interior
0.3655979022508354,0.28207981864224213,1,interior
0.3716591567827668,0.40089718201270763,1,interior
0.5037379745000299,0.09343095703010909,1,interior
0.406271743178477,0.30766735932666617,1,interior
0.39148212864730086,0.17816520957513304,1,interior
0.34942539920242144,0.30124483030815075,1,interior
0.34688046097995534,0.2971080509827116,1,interior
0.3569572238634217,0.3063780062045166,1,interior
0.3779943605383357,0.39391805674632024,1,interior
0.36130010299955323,0.21504217127233213,1,interior
0.48013423102015373,0.06368254599382388,1,interior
0.481435230049382,0.05869289688628306,1,interior
0.48689045490231025,0.05558882382244807,1,interior
0.3648233242992187,0.3174470939274649,1,interior
0.37201212203988965,0.24883006547945277,1,interior
0.38044074462878663,0.2510692250675934,1,interior
0.36950500984009216,0.25549361391552383,1,interior
0.380896922687611,0.2549918709265563,1,interior
0.37323287939800115,0.20552284007207441,1,interior
0.3565346589996998,0.17458169929714612,1,interior
0.3633453800596536,0.16885974523320327,1,interior
0.35503070144867266,0.3907567377585423,1,interior
0.5706250082605309,0.027016881903382528,1,interior
0.3732121242551426,0.3288771374708078,1,interior
0.364938754518185,0.3695967978923708,1,interior
0.36036743068384547,0.3700702097883551,1,interior
0.3754009524491896,0.22272413584002923,1,interior
0.37251449891295574,0.2189215160509437,1,interior
0.3488466933950244,0.3951899952998573,1,interior
0.3477225968224644,0.3919633910494612,1,interior
0.4835798242898,0.04993543643708525,1,interior
0.4881809628501263,0.049040413287529304,1,interior
0.42643662809597666,0.31635188222364496,1,interior
0.43113866421237407,0.31534873474483405,1,interior
0.4157893567449571,0.134214984322463,1,interior
0.43447989733227094,0.1496090319605312,1,interior
0.38781518983718916,0.24785121436226965,1,interior
0.5364792458632324,0.022440099103733117,1,interior
0.3643425873561483,0.2737862515769979,1,interior
0.3619715440820986,0.27799079136215726,1,interior
0.359884340596541,0.2820945120114368,1,interior
0.36224377313279793,0.28632597030638474,1,interior
0.35952647728017056,0.39006385892663514,1,interior
0.3610244406872152,0.3851761344405746,1,interior
0.4727190301616124,0.08118305735477437,1,interior
0.5090084785945936,0.05203807363231937,1,interior
0.3580746543685103,0.17063220576695928,1,interior
0.3628867661785049,0.163858016663544,1,interior
0.35835265874947303,0.16514184722937267,1,interior
0.36771572527007906,0.16425830989782014,1,interior
0.3623237426056552,0.14215807130951263,1,interior
0.3583711318403451,0.1456731119350262,1,interior
0.36134115222611407,0.15065090964703529,1,interior
0.364870442450584,0.14008654072350563,1,interior
0.3712822673507851,0.26315357288858654,1,interior
0.4952783330719422,0.043819356485947,1,interior
0.4923499172792569,0.04746276546903829,1,interior
0.5115307707178721,0.028491437388268367,1,interior
0.42620397041854347,0.11870214871224516,1,boundary
0.36710681461302064,0.1428432702822628,1,interior
0.33124157802796844,0.2146525596222661,1,interior
0.3368518738598514,0.21973722102399518,1,interior
0.3354126689001122,0.21559877030345895,1,interior
0.485330443038371,0.3053411357596287,1,interior
0.3920792882928776,0.3070318404421497,1,interior
0.35182653658337104,0.33908857984010704,1,interior
0.35580594445035213,0.3361916360026382,1,interior
0.3481624009234905,0.3362182472065009,1,interior
0.5065289715277344,0.02763344401855235,1,interior
0.5028848150031869,0.03696175392306409,1,interior
0.49865591574037177,0.04046725482392937,1,interior
0.489810299322178,0.04317537713992148,1,interior
0.4974475616865227,0.03640034252229727,1,interior
0.3498985980931839,0.18893386594537992,1,interior
0.3455607372286768,0.18988601100152405,1,interior
0.34450612864417135,0.3766617869129939,1,interior
0.35686197354858845,0.2782428890199593,1,interior
0.3616043220529415,0.27029577993618065,1,interior
0.35915428223834894,0.27398232967116054,1,interior
0.3665693439746548,0.2773488110609455,1,interior
0.46780817589527973,0.04067965920425454,1,interior
0.5487146138998058,0.003636775501789709,1,interior
0.35804405212730994,0.2856976769005562,1,interior
0.3543032322545748,0.28295981036271317,1,interior
0.4784251157068506,0.050637886047787295,1,interior
0.48016240994953696,0.04573587261844484,1,interior
0.4848779286617215,0.044637009712831625,1,interior
0.4817263673933935,0.054116550309591095,1,interior
0.5622438502770025,0.00842099718993064,1,interior
0.3279424929257949,0.19480062116040178,1,interior
0.3262103921064069,0.19997014092701362,1,interior
0.33229484733210846,0.1932729182781405,1,interior
0.3301121853191174,0.2030752026788727,1,interior
0.3591422817986774,0.33347044285654465,1,interior
0.36042126336453423,0.32929631865077696,1,interior
0.3359219192583344,0.36337068389810656,1,interior
0.33168389202153614,0.3624168191809548,1,interior
0.33710814366628705,0.367213256420654,1,interior
0.36866249835589604,0.16905893962239132,1,interior
0.36530792333867845,0.15965459443530508,1,interior
0.3471046623707505,0.3420567657242942,1,interior
0.47093353073228106,0.07651260325650654,1,interior
0.352335091603883,0.3610817392350813,1,interior
0.35313777661141244,0.36523082712348215,1,interior
0.4167908177709303,0.14109411865442842,1,interior
0.37100496542945677,0.2683591178364453,1,interior
0.3575267013777896,0.15104274301904824,1,interior
0.36321826105519056,0.1553159457989051,1,interior
0.3536448535978373,0.15006999042873423,1,interior
0.358862193599824,0.15544843059994554,1,interior
0.4733979567735865,0.05777282567192266,1,interior
0.35244465464856417,0.17238644061419156,1,interior
0.3535880636877833,0.16447750589978632,1,interior
0.3511856161976276,0.3903632759123317,1,interior
0.35210794783190735,0.39434728680891823,1,interior
0.34606417392976885,0.33270300588571305,1,interior
0.3501512846869646,0.33083195046448527,1,interior
0.35228709006288744,0.33440353402030176,1,interior
0.3424408766592776,0.3370529141353655,1,interior
0.3678992332336707,0.21797958222363173,1,interior
0.3653293702516434,0.21556833036073636,1,interior
0.47509395231862894,0.04652911337696456,1,interior
0.3402056162458811,0.3600950021414376,1,interior
0.3315112867668486,0.3570830734371369,1,interior
0.37103434994426204,0.22412803654579594,1,interior
0.3632077151784537,0.22038492138951968,1,interior
0.5603267382847785,0.005364304491197216,1,interior
0.5556389858892684,0.004652833061180901,1,interior
0.48945375082805087,0.03883176106324844,1,interior
0.3700737356696688,0.15886588610950791,1,interior
0.3749069899880324,0.1579026781938594,1,interior
0.5529084259624214,0.008997055612425324,1,interior
0.5578113647440519,0.006759915406295062,1,interior
0.34710700638654374,0.1718984521508472,1,interior
0.3527936061373104,0.17674003066473187,1,interior
0.3546896077159271,0.16831594714279893,1,interior
0.36780090507318675,0.15504166412577028,1,interior
0.5038778527858703,0.03185768116965619,1,interior
0.3610022540068185,0.3199847250631496,1,interior
0.36183252253156745,0.31107527907557186,1,interior
0.3567769669437707,0.31793913964573,1,interior
0.3242323554155308,0.1901671805335144,1,interior
0.32369106204844633,0.19518777577797347,1,interior
0.32909315525289895,0.19054417202137558,1,interior
0.3528942668473263,0.14654355074811135,1,interior
0.3483901744566707,0.14954224480913406,1,interior
0.34946395320211293,0.15377262939408143,1,interior
0.3544829394479316,0.15472110201832587,1,interior
0.3484226141570641,0.21787235688418752,1,interior
0.31730030007981386,0.20219854386636202,1,interior
0.3251585934938407,0.20629612101547942,1,interior
0.3504264867170163,0.1678881691248457,1,interior
0.3451128606733629,0.1806378587891924,1,interior
0.3426572451316631,0.17577649917016136,1,interior
0.3424373292176064,0.17044324691978582,1,interior
0.3462574939395697,0.16692910447152778,1,interior
0.35119723328324853,0.18096257030992455,1,interior
0.34766212255679546,0.1850032287056246,1,interior
0.5491239617663648,0.006780626534384151,1,interior
0.32731312641093574,0.35956384117292045,1,interior
0.5074941321801093,0.04030919960303809,1,interior
0.3664071560236444,0.25947814685641085,1,interior
0.3657329033284656,0.2549424188560584,1,interior
0.3552007154571296,0.3305865099553545,1,interior
0.3940170018236513,0.2548879101406051,1,interior
0.37514002173546107,0.242247182610656,1,interior
0.37670917812490573,0.24791846913932128,1,interior
0.36845757996517525,0.24716921289965926,1,interior
0.3209684297287412,0.1984193201633747,1,interior
0.31899176897208364,0.1931320299662392,1,interior
0.3218781727573441,0.20299147629480546,1,interior
0.3169145042252378,0.19768711717513512,1,interior
0.3603291044313626,0.3148847754775544,1,interior
0.3393617534293282,0.18135358696544993,1,interior
0.34829689527471813,0.17641927214992548,1,interior
0.3798752542312796,0.15704510240418956,1,interior
0.35177980512549345,0.35685893781469885,1,interior
0.34765265295386766,0.35516131715771926,1,interior
0.349587029789529,0.16250725841231153,1,interior
0.3379222261292621,0.1676727620273324,1,interior
0.34219792303335855,0.16620074185895387,1,interior
0.3378758557587355,0.17244050390651597,1,interior
0.35536394118821435,0.14405792175068985,1,interior
0.3681574670685121,0.22131620682169606,1,interior
0.333323874744274,0.18874232664281285,1,interior
0.3285558101249883,0.1862666251234316,1,interior
0.3377480388509279,0.18698031153062336,1,interior
0.35706927451412857,0.3576199291346058,1,interior
0.3566023530025735,0.1785811561034031,1,interior
0.3511022071187275,0.15793521055971046,1,interior
0.35530496318159177,0.16003507550684334,1,interior
0.3262984184416582,0.3553020091705535,1,interior
0.4933063391215312,0.03844635972161904,1,interior
0.3334248814852053,0.1835277800110123,1,interior
0.3461755666697191,0.1580651306793714,1,interior
0.34423935835882963,0.16234682599476294,1,interior
0.47108765984804424,0.04458115572588467,1,interior
0.4693637116518496,0.03703841851083003,1,interior
0.4650067701697391,0.03656260409997274,1,interior
0.4730628981307175,0.04045508883292836,1,interior
0.382808899501079,0.24745976870718545,1,interior
0.38026041072900457,0.24337193139010063,1,interior
0.49796752738766653,0.0296013610683268,1,interior
0.49926652470109845,0.03333998568183398,1,interior
0.35333645271228536,0.22396662733890207,1,interior
0.35784950425257717,0.22277055239318264,1,interior
0.35011986710636017,0.22115171793259197,1,interior
0.3664643595766741,0.26973990383960444,1,interior
0.3635371976816636,0.2668538632443841,1,interior
0.3568970631293109,0.26937394552274524,1,interior
0.35977877319973733,0.26652837336866575,1,interior
0.3457121186739199,0.22254626157297164,1,interior
0.3440286386010685,0.21857713828159525,1,interior
0.34782808345797844,0.35092361369974256,1,interior
0.34053364619501986,0.2222932362637544,1,interior
0.3424380055278221,0.3314750848373372,1,interior
0.3374817588211706,0.3325595230230713,1,interior
0.33867471021990025,0.3406384913724957,1,interior
0.48404304266236126,0.03195498170839949,1,interior
0.4937025504668369,0.03255274623282961,1,interior
0.3826671280319773,0.23931779702474976,1,interior
0.3813894932551844,0.23472501998473735,1,interior
0.4772292994710223,0.042003513375554045,1,interior
0.5037822045535588,0.023926326567711306,1,interior
0.497014549134328,0.025776558259008587,1,interior
0.49257348636473725,0.02661752677638335,1,interior
0.5013338187376043,0.026965827985538676,1,interior
0.4774835076367237,0.037147551927302055,1,interior
0.4824766033404044,0.03577543051938859,1,interior
0.5345744398761139,0.013073977334504274,1,interior
0.3426592924956748,0.18551474881030225,1,interior
0.3556419202683908,0.3771913587784416,1,interior
0.5000763657551635,0.019114136852264367,1,interior
0.3490940791374508,0.22472754224609784,1,interior
0.3562087757515192,0.22837265935037002,1,interior
0.3508792217230736,0.22826425879017828,1,interior
0.3298258084496556,0.20758052828080578,1,interior
0.34295118436735217,0.23198037398728438,1,interior
0.34795853185363457,0.23289205946913594,1,interior
0.3527665406194544,0.23168991651097767,1,interior
0.36568619598387625,0.15082494113406275,1,interior
0.3279081769788833,0.18135757509671147,1,interior
0.33127014041096026,0.17904603759094426,1,interior
0.33512803016596543,0.1793901486112311,1,interior
0.4545349215727841,0.026602781068736207,1,interior
0.3264464401258518,0.21917775729020864,1,interior
0.3280770966025288,0.2110689988714298,1,interior
0.3316314748677832,0.21983545148389205,1,interior
0.34036913657094736,0.32720598727353706,1,interior
0.3462322811145202,0.3275024945215531,1,interior
0.4731615443565103,0.034816859984691535,1,interior
0.5522044272044512,0.004186770134964251,1,interior
0.33957190825410716,0.16325277223126072,1,interior
0.35088318356012843,0.2748735952716171,1,interior
0.34905121746907675,0.2814425143183692,1,interior
0.35415560204908975,0.2734355545331234,1,interior
0.4993438418002808,0.022612956456202076,1,interior
0.5023652590028578,0.021076094398617275,1,interior
0.35028507236026546,0.2872123996092412,1,interior
0.35480144719923373,0.28763367073245755,1,interior
0.3743560694255454,0.227393389653985,1,interior
0.366113058421425,0.2252531998101687,1,interior
0.3695087159643175,0.2290525373977709,1,interior
0.356430699097629,0.32214858456620865,1,interior
0.35689348803436005,0.3263047074464568,1,interior
0.3336203467249926,0.20614948483051815,1,interior
0.4679017295467456,0.032213428389903924,1,interior
0.3613133243410771,0.22642807302849358,1,interior
0.36025229697875344,0.23205396938090392,1,interior
0.35656520095243405,0.2341613958810188,1,interior
0.336829216567524,0.35516154316689985,1,interior
0.34659864324314327,0.3598930453243746,1,interior
0.3730106279467999,0.2322800134839292,1,interior
0.36853507406307706,0.23473541666289346,1,interior
0.3648948490971587,0.23036174322442415,1,interior
0.37779462767296984,0.23056270695711634,1,interior
0.33354153256257807,0.17507333626833846,1,interior
0.3379660289760933,0.17673509024859485,1,interior
0.3326203980836194,0.16994575489719363,1,interior
0.35729217275534336,0.3107912717788361,1,interior
0.3496773453585141,0.3058025755676469,1,interior
0.35204590259668783,0.3097994335484075,1,interior
0.34220456000658894,0.2864147156632966,1,interior
0.3486400051612118,0.29267884401207206,1,interior
0.34885806207910697,0.23716533773923362,1,interior
0.346305611158225,0.22791322757497115,1,interior
0.34472031792927954,0.23842142052932555,1,interior
0.3413857234306939,0.2359013148435578,1,interior
0.33896797991206556,0.2282125627625983,1,interior
0.33767270132966976,0.2341566615424606,1,interior
0.3348807420098396,0.1633236089125833,1,interior
0.5376287818837068,0.015721067074237507,1,interior
0.3444706395386197,0.35246304263479206,1,interior
0.3316085332588868,0.35239704904867963,1,interior
0.3362374231691403,0.349963024884761,1,interior
0.3401943288164121,0.3476041782507626,1,interior
0.34063557275350714,0.35173392137559784,1,interior
0.36376524657515474,0.25170605580514704,1,interior
0.36286944245931463,0.2426224006033479,1,interior
0.3681095469817968,0.25113165705434465,1,interior
0.3702118253798514,0.24018958051986605,1,interior
0.33920806988667307,0.13420409328938362,1,interior
0.3400934161192945,0.15887417403975118,1,interior
0.3346736118617126,0.15789319435022234,1,interior
0.36226183503661,0.26311601320163996,1,interior
0.36067218439697996,0.25987528393135956,1,interior
0.3612858164016755,0.25555437585603935,1,interior
0.3520611715481948,0.3254938591033996,1,interior
0.44190010990089723,0.11063654791728515,1,interior
0.33553151880480625,0.22438375693617774,1,interior
0.3732847990811648,0.23732740939502014,1,interior
0.3766284044484601,0.23476996278235518,1,interior
0.37810914591617145,0.23879194660462855,1,interior
0.48835959760375686,0.029478546327075073,1,interior
0.48833014572976835,0.034888653204124556,1,interior
0.32750225929044285,0.3494539532121475,1,interior
0.332624686998588,0.3471279107476147,1,interior
0.3432144601240547,0.32293355949790237,1,interior
0.3371094948892119,0.3219021609752047,1,interior
0.3353092793232215,0.32733112435190276,1,interior
0.3217944625657471,0.21687049914608397,1,interior
0.3227848634697206,0.21168122136222697,1,interior
0.3637409958010315,0.2349397956232151,1,interior
0.3729963160690777,0.25261813032178937,1,interior
0.35382921281480034,0.29163730039433516,1,interior
0.36697947320528307,0.2647925871159776,1,interior
0.3435658480223234,0.15371583997485166,1,interior
0.326199595904522,0.16985993043798556,1,interior
0.32825272292817875,0.17535550470856334,1,interior
0.33020194946256354,0.16584183976001116,1,interior
0.3317517435867412,0.33498615853058444,1,interior
0.3360611694004814,0.33734249785932274,1,interior
0.332727892195519,0.3311182050940695,1,interior
0.3277897907688879,0.22280840768143398,1,interior
0.5223367081105096,0.05682373426576685,1,interior
0.3124912194335772,0.1997282869087776,1,interior
0.3143508532768755,0.1949610111422209,1,interior
0.35227753343574236,0.27827954923343085,1,interior
0.34590142136879537,0.2841651184881764,1,interior
0.34398291717928847,0.2783350548477686,1,interior
0.3477023846203468,0.27620417304875383,1,interior
0.35651819818887187,0.263601732600215,1,interior
0.3565358039712218,0.2579521820030007,1,interior
0.3395432116591051,0.2894992141880421,1,interior
0.3424801036925839,0.2936673962132797,1,interior
0.34187708278367446,0.2824852409809727,1,interior
0.33784379951194804,0.2847307877308994,1,interior
0.35251483582879223,0.2680056559213339,1,interior
0.34923791814278493,0.2713631643167432,1,interior
0.3442016143127044,0.27162432566105277,1,interior
0.3456711420872558,0.14676150031186294,1,interior
0.341600479129008,0.14630705524924587,1,interior
0.3671515229866331,0.24350265245134492,1,interior
0.3655043342996469,0.2390461061185354,1,interior
0.4949860624394346,0.02263436176454372,1,interior
0.4872554439280912,0.02360905350909175,1,interior
0.35112973043179313,0.2554225371651403,1,interior
0.356372166570621,0.25348090102157744,1,interior
0.34551668680557407,0.3053154248895262,1,interior
0.42577315649728414,0.2886944710866077,1,interior
0.36397046881964196,0.24732697680407334,1,interior
0.3588411564721948,0.24437137033873907,1,interior
0.40837891078793787,0.22884010555669648,1,interior
0.34349687216500263,0.1497961421753248,1,interior
0.33862882614637985,0.14999748365332932,1,interior
0.34443296159479403,0.389118730442324,1,interior
0.3380964257220866,0.1405389273240586,1,interior
0.3556811133485096,0.2484021977173818,1,interior
0.35257970600994015,0.25141376397387155,1,interior
0.3234526648345362,0.17912856804492924,1,interior
0.3341382162491578,0.3420633587139068,1,interior
0.34211861459056214,0.34320994886086215,1,interior
0.33808351706787604,0.31701717365192067,1,interior
0.33409403145219135,0.3163932633220379,1,interior
0.3320964571560834,0.3196231116705266,1,interior
0.3471876113149349,0.30896266743998574,1,interior
0.330477186435095,0.2312569063717198,1,interior
0.32311460994680374,0.22209149283088106,1,interior
0.32230528154499444,0.22904722682536072,1,interior
0.31310095881572675,0.2056719306629294,1,interior
0.31038983614549204,0.19463593825273962,1,interior
0.308512547059338,0.20730271245734583,1,interior
0.3073969440764648,0.19822510946209868,1,interior
0.33887965513943735,0.27927648056929466,1,interior
0.36032298888165337,0.23819631209841963,1,interior
0.36042968945860077,0.15995347396544796,1,interior
0.4617755452767133,0.03286202136753556,1,interior
0.3341179689655635,0.15278240310466387,1,interior
0.3531184852506812,0.24374661110045046,1,interior
0.327167021676973,0.23543741380745548,1,interior
0.33261379520668877,0.2350177624559708,1,interior
0.33946170515089885,0.2395852625131953,1,interior
0.3348462865663127,0.23955230293975557,1,interior
0.46933136609216264,0.1120251540454463,1,interior
0.49653365072748984,0.015383329048415054,1,interior
0.4940281084878992,0.01229511402295386,1,interior
0.32360483201432577,0.1743447193399112,1,interior
0.3210404967370742,0.16658356740984867,1,interior
0.32591412892898025,0.16460681509312589,1,interior
0.34079291018768215,0.30514610097223777,1,interior
0.3422123594121835,0.30969846110319293,1,interior
0.3466298451432796,0.3127346814938199,1,interior
0.34142846823773076,0.3191297889835412,1,interior
0.3325590772976949,0.3114743810320448,1,interior
0.3286456123361806,0.3156821493011573,1,interior
0.3291128025991845,0.1515823592875592,1,interior
0.33318309273913976,0.14827573607113056,1,interior
0.33049975160550177,0.1557300989500705,1,interior
0.3297271188636855,0.16045508972052946,1,interior
0.31892727516151187,0.18762074662624031,1,interior
0.32341338072048287,0.1844751744576337,1,interior
0.3181328836867139,0.18161141702521763,1,interior
0.3192886862611407,0.17620078552885335,1,interior
0.3238876445835937,0.15063828570138083,1,interior
0.3256294302701327,0.15570860322705818,1,interior
0.32784297576946825,0.147263071027479,1,interior
0.43970624150597404,0.08472323261411334,1,interior
0.3473103581210032,0.24469062716750045,1,interior
0.34879474524958953,0.24114628601928598,1,interior
0.4702208181498913,0.02599162789287939,1,interior
0.4644354380488432,0.028439788558633477,1,interior
0.4726945146825745,0.03046361475806405,1,interior
0.3425426917769961,0.3561856343170076,1,interior
0.34465538571504617,0.3477624421563917,1,interior
0.35283021060437825,0.2599419827424842,1,interior
0.35125138945918327,0.26359815310669704,1,interior
0.35251094746516726,0.23562148865746788,1,interior
0.3520988802073986,0.2395123184168863,1,interior
0.3204495032158767,0.17109311681558426,1,interior
0.3251574885001079,0.1602300602733971,1,interior
0.33837286036542447,0.1545974364560228,1,interior
0.35199248613498463,0.31933062140710533,1,interior
0.49644416304209066,0.018852900963281877,1,interior
0.31372084940477846,0.19029205651445324,1,interior
0.31900353781932533,0.20749097046338402,1,interior
0.33948972974908004,0.27441754362389376,1,interior
0.3718903585826263,0.24478990760727126,1,interior
0.33944964724880833,0.2695826810806932,1,interior
0.33491815405849223,0.27120843202981115,1,interior
0.333994593088976,0.2763861161202317,1,interior
0.4899059885915276,0.008852261884031582,1,interior
0.4925496990021921,0.01643611737255979,1,interior
0.32784475057722656,0.31037258539474993,1,interior
0.3367479037381962,0.30825411347770326,1,interior
0.3316496228207922,0.30595565733733415,1,interior
0.3262420130615253,0.3056786317777223,1,interior
0.3374933634153256,0.3126620094810771,1,interior
0.48657082287950393,0.01199891610831877,1,interior
0.4843757514696276,0.008544789696258033,1,interior
0.34779533646189886,0.2595689772988326,1,interior
0.34471339622210107,0.25372413201140265,1,interior
0.347158356170345,0.2660546807687851,1,interior
0.3427541539687932,0.25768383886176854,1,interior
0.343823157952967,0.2619913929649069,1,interior
0.3368657034797781,0.14475850247653227,1,interior
0.33612009052164876,0.13658454039213513,1,interior
0.33410061232619714,0.1405449210127359,1,interior
0.34991756148850256,0.3472797749989394,1,interior
0.3227522137759122,0.14609806467496636,1,interior
0.31826677805337955,0.14908707681595626,1,interior
0.4824553344720918,0.01249829296837081,1,interior
0.4868893814752872,0.01695318055933711,1,interior
0.4901032595655204,0.01331506819692449,1,interior
0.3441604137221876,0.3014189054163328,1,interior
0.3210144555318038,0.15851956643906595,1,interior
0.32496409684847277,0.3448913703147018,1,interior
0.3372390673094016,0.3450361647456143,1,interior
0.3296033175333352,0.34409337411862384,1,interior
0.33145744535006094,0.2804116984178301,1,interior
0.32987378952487584,0.27330623401307,1,interior
0.32778669555428286,0.27851038426357827,1,interior
0.34626221074068875,0.31802540324356754,1,interior
0.34811461966249274,0.3226030281220632,1,interior
0.3422192824423422,0.24397584154983107,1,interior
0.3372046079507604,0.24447875147940698,1,interior
0.3337607449549265,0.300392903237032,1,interior
0.32392828657059497,0.30172584539947006,1,interior
0.3307173309728196,0.3391333725053795,1,interior
0.3604949678651541,0.30788265276991367,1,interior
0.3217210404526339,0.16265645992226344,1,interior
0.4587440217850022,0.028879991107432373,1,interior
0.3502179612835967,0.31479003323543125,1,interior
0.3443906539345668,0.24847433577177588,1,interior
0.34013341059654884,0.24929817789725703,1,interior
0.4749984269539397,0.027217131322627007,1,interior
0.46555890530589,0.02392883253967597,1,interior
0.4751388674470544,0.022806657453386368,1,interior
0.4690824616037019,0.021554825588868072,1,interior
0.47252179415566226,0.020161559476972252,1,interior
0.33915515048178907,0.3009688962401585,1,interior
0.31673459457335573,0.15716711933931454,1,interior
0.33877644479893654,0.26072045498144164,1,interior
0.3383823660301381,0.25442777778548664,1,interior
0.34517437976159715,0.2893301591770918,1,interior
0.3513002491943717,0.24752982930111625,1,interior
0.30883211827201,0.1902506760774333,1,interior
0.30609584690227454,0.1931882058702061,1,interior
0.3031110841976125,0.19662367008288215,1,interior
0.49137430579887953,0.020757574703345886,1,interior
0.3829539643421702,0.3049760326607443,1,interior
0.47379670886685477,0.05273154403238585,1,interior
0.34204929052739125,0.31467193047961695,1,interior
0.32995249485973305,0.2399722645612938,1,interior
0.3256277518788293,0.24040950411264098,1,interior
0.32261053386944843,0.23342938063818897,1,interior
0.31463537496885,0.18541651877441642,1,interior
0.31239343274950543,0.18124774901438567,1,interior
0.3145034723369164,0.17686978183237478,1,interior
0.45371370450943466,0.0228695113754588,1,interior
0.4573239315050138,0.024712574002689926,1,interior
0.5577704717768565,0.024813075829409746,1,interior
0.33498152033079887,0.2494954054506621,1,interior
0.3164886482284469,0.1620336136004973,1,interior
0.3159653332198206,0.1679372232709055,1,interior
0.33219558517395625,0.24468244218060706,1,interior
0.34833753670314344,0.2504547360795771,1,interior
0.33144209079478765,0.14392593910126772,1,interior
0.33207857439693755,0.13714040914715375,1,interior
0.32645217068823557,0.14284197998922632,1,interior
0.3107534500489116,0.21164089824307028,1,interior
0.3039124296233109,0.2058824389751551,1,interior
0.30531305783603013,0.21052796824628275,1,interior
0.3034291456823555,0.20129907144175188,1,interior
0.3599373347586286,0.25014650951334977,1,interior
0.3416566952727056,0.2658706745655805,1,interior
0.4826737516625821,0.004588419701222013,1,interior
0.4788716255549254,0.008264177080519965,1,interior
0.4867089986165822,0.005730246842101563,1,interior
0.310045316409283,0.18598178417281933,1,interior
0.29909607447926195,0.19897794152696613,1,interior
0.2994920440064795,0.19450849500313874,1,interior
0.29901861629810916,0.2040667599955458,1,interior
0.3249185213693297,0.29744500061700063,1,interior
0.31989206110113894,0.29859388252027597,1,interior
0.32071754989755236,0.304986369195102,1,interior
0.3297074324156436,0.29705349838870315,1,interior
0.3356962002991105,0.2657875402193984,1,interior
0.33478752449767807,0.257668290530978,1,interior
0.3219810155038253,0.34057884359760937,1,interior
0.32252730931404927,0.34850628911811893,1,interior
0.32569713585889465,0.3365505079527674,1,interior
0.31683339082541456,0.2132436109921718,1,interior
0.3294679665272209,0.13951932424080593,1,interior
0.4500606571597923,0.021334763170161395,1,interior
0.3364933034755566,0.29261581517202156,1,interior
0.33792501710365547,0.296817270784447,1,interior
0.3422100514397105,0.2978990085910951,1,interior
0.3546753481113045,0.3144095049643339,1,interior
0.31921287166149787,0.3107846635235424,1,interior
0.3233594905245722,0.3136627196730723,1,interior
0.3298133184133744,0.2635716895660592,1,interior
0.33048137892767565,0.2681380905728393,1,interior
0.3083027758098555,0.20292623582873037,1,interior
0.29515781614388187,0.20095890273213732,1,interior
0.29539531548452286,0.19503770127820003,1,interior
0.47642193080393774,0.017851922001527697,1,interior
0.46607379132817134,0.019761015411439656,1,interior
0.47935752289520167,0.020963630356295837,1,interior
0.31865762678690557,0.22574020942284825,1,interior
0.32202560603955865,0.23831784229787925,1,interior
0.3182947719142815,0.23599670729701996,1,interior
0.3185339660141547,0.143772711478096,1,interior
0.46026042041203113,0.018145500800837225,1,interior
0.46223330455214295,0.020927502169824974,1,interior
0.3249177530667778,0.2656471927151154,1,interior
0.33012824004365465,0.2586684665691985,1,interior
0.32493499099043177,0.25960663389306565,1,interior
0.33386668258530633,0.2615986414693516,1,interior
0.32182966603690527,0.2434175395554499,1,interior
0.31714601246993646,0.24149164591592318,1,interior
0.46106411422934507,0.024724811026969763,1,interior
0.3192022335186388,0.3356527023739342,1,interior
0.3165150007723887,0.3407352299255513,1,interior
0.32042743412523234,0.34479870217693126,1,interior
0.3269086206574783,0.29361728025564343,1,interior
0.3285913860075659,0.30145494024108027,1,interior
0.32242905273535677,0.2922147923049253,1,interior
0.3299175422208449,0.2497386083040575,1,interior
0.324966482375004,0.13810645645445704,1,interior
0.31655006654867607,0.30748196390603394,1,interior
0.31577418329412593,0.30285702891177296,1,interior
0.430983965107817,0.18043088944924915,1,interior
0.32871432107065945,0.2844316246435444,1,interior
0.32412399517100376,0.28284492801466005,1,interior
0.32454271312146493,0.2746156563981804,1,interior
0.31358995282755436,0.31213613597529033,1,interior
0.317682866414286,0.31655062525156186,1,interior
0.3233286520335025,0.31831944258933614,1,interior
0.3234460792142815,0.3090499713752243,1,interior
0.457516992089914,0.020580951543259188,1,interior
0.3337014267215151,0.2959107733041701,1,interior
0.3312701046262281,0.292518661370738,1,interior
0.31748041146785505,0.2932704000693552,1,interior
0.32777154345110854,0.28939153065087375,1,interior
0.3190664627487206,0.28617874149938105,1,interior
0.457883504385748,0.01654886267535925,1,interior
0.48371054320765106,0.020037939892657376,1,interior
0.48253238297063755,0.02374429971189776,1,interior
0.48327640499732993,0.027827341303440042,1,interior
0.31408974836033315,0.33573428674651973,1,interior
0.30867376094711446,0.3403380947797622,1,interior
0.3101294568241396,0.1622774531683813,1,interior
0.3116740920598756,0.15742684618197006,1,interior
0.33626298627902085,0.30409755891147594,1,interior
0.31721075434249174,0.2801515963695681,1,interior
0.31457476192497424,0.29007086541531224,1,interior
0.31309622130186976,0.2862327864471714,1,interior
0.32196476501181476,0.27964266846413377,1,interior
0.34270953199195786,0.22654106004185248,1,interior
0.3143827228085957,0.29854279152051294,1,interior
0.31010756241446985,0.30343177165124674,1,interior
0.3124668371876585,0.30697317526344114,1,interior
0.3097601556649495,0.2988245785288634,1,interior
0.4783443209228482,0.031432863168453125,1,interior
0.30683042143754347,0.15902485086621654,1,interior
0.3107331626047378,0.16747028096544733,1,interior
0.30688245104663786,0.16607190891004525,1,interior
0.304308815776304,0.16248155659720903,1,interior
0.3050373384618422,0.3060833998139423,1,interior
0.3077686456044056,0.30953699919054556,1,interior
0.4857859114369522,0.03952832231288317,1,interior
0.4813737888027139,0.04064701129301305,1,interior
0.33350319206703816,0.2882595885043436,1,interior
0.3120218687650134,0.29442637934194427,1,interior
0.3066038944863387,0.2960270715377155,1,interior
0.3238566525604159,0.32321119083978794,1,interior
0.3278206865129118,0.3206218554436991,1,interior
0.31937351986723966,0.32196166208320587,1,interior
0.3016912229415248,0.15738541992788466,1,interior
0.29918708517676684,0.16358910792764786,1,interior
0.3064967448032895,0.15522699774372434,1,interior
0.3028790239317331,0.16751671457493955,1,interior
0.32414254227084227,0.28711076348603304,1,interior
0.4522201059438973,0.014598880556676694,1,interior
0.322265193269682,0.2538794978730448,1,interior
0.31642524704721964,0.26114247937623364,1,interior
0.32108891794996647,0.2621347202364769,1,interior
0.31930245712379796,0.25781144321552446,1,interior
0.31918574776459896,0.2659460520843634,1,interior
0.31414849411312185,0.3314007987445044,1,interior
0.3230237318792795,0.3319762205272406,1,interior
0.4788817909588841,0.02581241031650075,1,interior
0.3112788842119946,0.28072425043261995,1,interior
0.3091155161478406,0.28554123724670255,1,interior
0.3094297168928931,0.2903775920605588,1,interior
0.32636119805599,0.27022929658461203,1,interior
0.32688958331499146,0.2452255334525506,1,interior
0.31750099691280015,0.24644096142703956,1,interior
0.31873039745305376,0.2505410069637544,1,interior
0.3194293055273039,0.2751752762537832,1,interior
0.4738625060111867,0.010261567640197424,1,interior
0.3046837565522913,0.18725951603012653,1,interior
0.2988994058125964,0.18978388056074466,1,interior
0.3217266810543483,0.2702686858880173,1,interior
0.31679297360173586,0.32657621390933605,1,interior
0.3145763850792266,0.32201716652920703,1,interior
0.3211531101956047,0.3269837568135707,1,interior
0.31630335096016615,0.1726694516868638,1,interior
0.47322194380715177,0.014870563515277904,1,interior
0.45285149115879825,0.018870588583562657,1,interior
0.4486488357048217,0.017680706897299503,1,interior
0.3222266443790273,0.24825929305886982,1,interior
0.3140706647536728,0.25054565835460846,1,interior
0.32567327015072756,0.25039011378188225,1,interior
0.33327836054832033,0.28409432211891883,1,interior
0.3353888605858664,0.28081609840348537,1,interior
0.3145068425404654,0.2760405552195682,1,interior
0.3057281095782631,0.2782301482110572,1,interior
0.30930992733140206,0.27532356393028085,1,interior
0.30655639738594614,0.2825902755980688,1,interior
0.3120705300679559,0.17201715863415026,1,interior
0.2986442229606671,0.16925227065052725,1,interior
0.3022348440406384,0.17283601533689782,1,interior
0.3319361626477256,0.32370807950658426,1,interior
0.3093573337375221,0.1522280778800668,1,interior
0.30137190741311914,0.2996107220611454,1,interior
0.3018955989925271,0.29509086168427756,1,interior
0.3149398655756651,0.23350351947155232,1,interior
0.3130927136694992,0.22541395595833474,1,interior
0.31912184329109294,0.2209407294032319,1,interior
0.3132957823729276,0.22948405855643061,1,interior
0.3069808935194322,0.17132525692223974,1,interior
0.4811170432634497,0.016524709152760126,1,interior
0.3073155076102672,0.14726996804958017,1,interior
0.3125034479881779,0.14894730621235702,1,interior
0.30368541571248053,0.1509648375311714,1,interior
0.314745406385916,0.15311073047231819,1,interior
0.3096381738740316,0.17655307244946025,1,interior
0.3231954886605304,0.3524656250539628,1,interior
0.31443038030041137,0.2652489253702555,1,interior
0.3134608892594639,0.16453557413149378,1,interior
0.3107166942357022,0.144347490072059,1,interior
0.3136368934597081,0.13806868279401824,1,interior
0.3187387662907528,0.13826636134338732,1,interior
0.3254461177137526,0.3279093764264977,1,interior
0.31871979320964733,0.3308018517440199,1,interior
0.32735047312664717,0.25466287902672113,1,interior
0.30512467660613546,0.17684422147174542,1,interior
0.2962667258592852,0.18617450001500502,1,interior
0.3003000767859592,0.1842133392655969,1,interior
0.2935038902091829,0.18998380340142515,1,interior
0.29391849142148246,0.20666316729905093,1,interior
0.2950985420768114,0.21136582809414156,1,interior
0.2996895396786375,0.20911881662391488,1,interior
0.3301919827208595,0.32787408947634217,1,interior
0.3279847267354316,0.33201513232520957,1,interior
0.3277394427744763,0.32461634152867636,1,interior
0.31494438821289217,0.14583939171522897,1,interior
0.3061166354918023,0.14185983504724986,1,interior
0.47337321190074444,0.006064000261127836,1,interior
0.31159984082865994,0.2606868552168679,1,interior
0.3136491995519304,0.255879562750243,1,interior
0.4505892617514028,0.011802419621994312,1,interior
0.2837915195255061,0.35854860475386335,1,boundary
0.30100047935592095,0.29039518648403534,1,interior
0.29806112534022355,0.29337949096543936,1,interior
0.29737683934053455,0.29741597465167385,1,interior
0.30542452632919415,0.301357919142814,1,interior
0.31740508521217564,0.2539396275145167,1,interior
0.3092959147824725,0.2564391051982527,1,interior
0.3265759843534455,0.34099842526884233,1,interior
0.31661190651749677,0.270588713669223,1,interior
0.3124286597917618,0.2724366827049661,1,interior
0.3084179474683563,0.2701294548903087,1,interior
0.3124276060594412,0.26859771490720924,1,interior
0.2946473645345337,0.17202596211838295,1,interior
0.29454346410073484,0.16700936488753612,1,interior
0.29823095250066756,0.17400364590964484,1,interior
0.30978330813885374,0.32395409421227417,1,interior
0.31671089980635186,0.21757637568146712,1,interior
0.31159254207950476,0.21699376097282227,1,interior
0.4468677915051473,0.014205378984141202,1,interior
0.2902666050967498,0.2116855208259536,1,interior
0.2876932229426973,0.20628122911666985,1,interior
0.31279704212171594,0.32674650963368423,1,interior
0.3088784527543204,0.32897110601083995,1,interior
0.3148113231853884,0.20962011048591378,1,interior
0.30465419668183075,0.28706166679030787,1,interior
0.2900915770399466,0.19418994503125953,1,interior
0.28833916968038614,0.18929733331109636,1,interior
0.2917780105135032,0.18474464445529562,1,interior
0.3064215839279149,0.3179746271689104,1,interior
0.3048915945410681,0.3254531073414528,1,interior
0.3067182864100985,0.32151088204517164,1,interior
0.3114684005836192,0.3183820986431708,1,interior
0.3042688970953456,0.27272415442104553,1,interior
0.2801694728447081,0.3536299361453721,1,interior
0.28263590419489687,0.3561607803270806,1,interior
0.30367129327102393,0.18166875077210287,1,interior
0.3075885865293236,0.18165172492003626,1,interior
0.2963867002408063,0.18185452162358753,1,interior
0.3001712578103243,0.17832653153692818,1,interior
0.2948001088314927,0.177193156526327,1,interior
0.33246104492646356,0.25399185067815416,1,interior
0.2911301516764758,0.17481826566965925,1,interior
0.30900120700418265,0.3142883571733998,1,interior
0.301094685899109,0.3103509324399948,1,interior
0.2917639435361231,0.19816687098165767,1,interior
0.2909396506040645,0.20255013404754277,1,interior
0.3062945380809053,0.3374175550912348,1,interior
0.30479763725380343,0.3411242463075787,1,interior
0.3039126625900859,0.33024422064922104,1,interior
0.3086939677582779,0.3336977332482257,1,interior
0.314440097000571,0.13506587686451185,1,interior
0.311544957135604,0.13175682058081312,1,boundary
0.30639592409839334,0.13656708497652467,1,interior
0.3057178410337461,0.21576590278321323,1,interior
0.3021440921036758,0.21328314803659915,1,interior
0.3021764590798182,0.2821323036822313,1,interior
0.2868571476532555,0.18430296766220564,1,interior
0.2895515748982773,0.17939993829439743,1,interior
0.30065754344966256,0.2773333368373855,1,interior
0.2951761702595712,0.15562062350977937,1,interior
0.29764459907725477,0.15947669159710215,1,interior
0.3043954327937325,0.3144763088959725,1,interior
0.2937637575272512,0.1616947946677096,1,interior
0.28628468171105753,0.16900133999660025,1,interior
0.28656633588780817,0.17450766110676644,1,interior
0.2904578850471525,0.1704686555064275,1,interior
0.3094350113585292,0.26508567660446,1,interior
0.30637326216662597,0.26048892838225485,1,interior
0.2904418830191469,0.1577149749481568,1,interior
0.2965430153062326,0.15166327292067455,1,interior
0.2937542313322968,0.1500872724663946,1,interior
0.29963355088524557,0.15298642999274412,1,interior
0.29367058807487445,0.2941056744112578,1,interior
0.29280595052860625,0.29836623087761216,1,interior
0.32493713812837327,0.22599277788544844,1,interior
0.30687892397666106,0.2194871045521956,1,interior
0.3101131546974864,0.2222171411700384,1,interior
0.28726951302804066,0.19956388033002467,1,interior
0.47801740005587107,0.0038156278056348495,1,interior
0.30171652905546736,0.13827878992410872,1,interior
0.30364635598702977,0.13352182147673008,1,interior
0.31301039706463324,0.24162856016365622,1,interior
0.31224943070980526,0.24563977702091772,1,interior
0.31383224929104603,0.23777421511759658,1,interior
0.30020229121086184,0.341833524183296,1,interior
0.3013485662652895,0.3380588115560889,1,interior
0.30137341092653563,0.32018194700743097,1,interior
0.3109553674556574,0.2346059465536333,1,interior
0.30858056183660687,0.23123577280682514,1,interior
0.29006881997150746,0.16577613697488472,1,interior
0.2856112289212683,0.16424510782134086,1,interior
0.3221335299919323,0.14160022508350603,1,interior
0.3266113392783392,0.230193219598093,1,interior
0.3305837183725073,0.22620505937818594,1,interior
0.30813645116568356,0.22708107025748406,1,interior
0.3058599247082018,0.2233625338816819,1,interior
0.3073708996626595,0.2458012975186466,1,interior
0.3084717897244046,0.25116954199618846,1,interior
0.29294315631898243,0.18081721457067418,1,interior
0.2988986811579059,0.2730554876820503,1,interior
0.29695090000282315,0.2813659467512741,1,interior
0.29528760675885407,0.27669975974666533,1,interior
0.300794133218234,0.30445751286625683,1,interior
0.29863821963882664,0.3308886358307555,1,interior
0.28306170871904573,0.17173115018110896,1,interior
0.30542987387846104,0.23923651003722707,1,interior
0.29918601784393856,0.2859898777312757,1,interior
0.2910921020793166,0.2806492482245885,1,interior
0.2938130008111213,0.28557512561009746,1,interior
0.28068669988505196,0.17596353236973103,1,interior
0.28466296026909726,0.17949698973870146,1,interior
0.3147645511575879,0.22153396493425562,1,interior
0.3045746603814738,0.2662688872061997,1,interior
0.2819928488403298,0.2077898231548646,1,interior
0.28402267992070157,0.2033005656254559,1,interior
0.28453712572841566,0.21134505862491412,1,interior
0.29731110186947546,0.3349937253010203,1,interior
0.29661684321008175,0.3390530845396141,1,interior
0.2961934697540925,0.3431285945232329,1,interior
0.3018457890112692,0.2572818947537954,1,interior
0.30208948006690384,0.2525640427178044,1,interior
0.29292387325818386,0.3444825437828699,1,interior
0.2830135748126712,0.18883536171548054,1,interior
0.28031539267861555,0.18056195610044617,1,interior
0.28524113263027623,0.19415644069422022,1,interior
0.2822086585793209,0.1989201541585112,1,interior
0.28826304156804056,0.2958665020768568,1,interior
0.2957355051854374,0.30235557819282105,1,interior
0.28975545403606284,0.3016852555711511,1,interior
0.2836881609622664,0.3002774793467882,1,interior
0.28243094116293516,0.294701623272457,1,interior
0.28612768492053214,0.29089860423713737,1,interior
0.28605522795151167,0.28266639619521716,1,interior
0.29604775897696434,0.2897618589502885,1,interior
0.2889601991164179,0.28616748530088426,1,interior
0.3353000009708121,0.3593773789338894,1,interior
0.2982666547493765,0.21364915873350893,1,interior
0.3000038819638981,0.2172492090946053,1,interior
0.29429984314559415,0.2163678662886721,1,interior
0.31834009350044656,0.23091899407229,1,interior
0.30214841699037814,0.261766109380967,1,interior
0.30550912518771567,0.2553668394867507,1,interior
0.4776470121909325,0.0130996968802587,1,interior
0.27951867140123504,0.20351892847701605,1,interior
0.28029134827269286,0.34803329971500646,1,interior
0.2765317063135676,0.35204583341612533,1,interior
0.2788423041099496,0.21278566386453152,1,interior
0.27681272306594346,0.20798598387908687,1,interior
0.2973860951910947,0.1370079995819089,1,interior
0.29817824951725097,0.14205713355855262,1,interior
0.2986574067844137,0.132682511481199,1,interior
0.2936334108697364,0.13945132373708044,1,interior
0.30083525233758546,0.31531087144225084,1,interior
0.3103015517533728,0.13497231395410403,1,interior
0.3025244920048941,0.14470664095350985,1,interior
0.29450825261741737,0.14496569720239738,1,interior
0.29857684116730987,0.14788992960816086,1,interior
0.29117211229416073,0.1429694237641091,1,interior
0.27584539467494545,0.3480393558444046,1,interior
0.2807343851317192,0.3429567068056889,1,interior
0.28504711127383214,0.3445215835939212,1,interior
0.2767122684130476,0.34385361194187175,1,interior
0.28266936111394275,0.3510959163141492,1,interior
0.30200914397704254,0.2210153067608498,1,interior
0.29971263443321455,0.24597906741372794,1,interior
0.2970699444591291,0.2547263406897386,1,interior
0.30304326715624397,0.24843298511280978,1,interior
0.2980935984165553,0.2596163111101986,1,interior
0.29901284198567885,0.26481088378000844,1,interior
0.29507247678766063,0.26229603383576083,1,interior
0.30283782401593135,0.22635261634148165,1,interior
0.3270341894944671,0.21552753645262143,1,interior
0.27258575577863237,0.3503336828043874,1,interior
0.2993096186230019,0.2296911103263417,1,interior
0.29816903006090456,0.22507856629359158,1,interior
0.30002685608170204,0.2338208994520637,1,interior
0.28574180178281033,0.2192878656685795,1,interior
0.2864234880706561,0.21489928105105127,1,interior
0.29912576005581093,0.24169488671651085,1,interior
0.2971484140898121,0.24999391696729556,1,interior
0.29553582456964883,0.24508930380380786,1,interior
0.30367418510180694,0.24293145495511068,1,interior
0.33961739471962327,0.364431645132624,1,interior
0.3025822423593306,0.19202238238202682,1,interior
0.3201612527212609,0.15385378583759166,1,interior
0.2889685289581871,0.16162785695372364,1,interior
0.2849832730087236,0.15872647420171618,1,interior
0.2819873384912353,0.1626096260669297,1,interior
0.2813417300141712,0.16719004819159342,1,interior
0.2920084607067581,0.33640624614884534,1,interior
0.29262134691268704,0.34104582175083914,1,interior
0.2969570920341953,0.30699892075792434,1,interior
0.29200902379246213,0.30714837946991286,1,interior
0.27907736220126356,0.17159435234045778,1,interior
0.27614346573699694,0.1795188616095745,1,interior
0.27616379079836756,0.16860094751133659,1,interior
0.2773404044905268,0.16325914287173945,1,interior
0.30673304295306136,0.23545687758302533,1,interior
0.28954160342516927,0.34429073757925055,1,interior
0.2883632895272401,0.34048071245750533,1,interior
0.27808812479553896,0.3022969431479429,1,interior
0.277858244418034,0.2974654012804848,1,interior
0.28185412546784305,0.3055427500665544,1,interior
0.2974235017894757,0.23750698281507013,1,interior
0.27041361063559455,0.17885807128708348,1,interior
0.27844067348284585,0.18491127792597134,1,interior
0.2747684693792674,0.1743382388898112,1,interior
0.2732289258144523,0.18362892007454593,1,interior
0.2904633219803429,0.2747793055563586,1,interior
0.28607233899282025,0.27727525323797153,1,interior
0.2948436444691812,0.2410399491950621,1,interior
0.29323346725552807,0.3315311168161405,1,interior
0.29501977354550807,0.3272613178291092,1,interior
0.27222011741472724,0.16572126575344273,1,interior
0.27176218421059156,0.1702815753424527,1,interior
0.28059643004574675,0.1944017491483279,1,interior
0.27831011529120414,0.19027189627692875,1,interior
0.26894954721825215,0.17368350475922914,1,interior
0.2654957059464358,0.18064211775373445,1,interior
0.2680542200998038,0.18413144440010912,1,interior
0.3011728499999234,0.2690829388420232,1,interior
0.29403909305288656,0.1310043385451398,1,interior
0.293778266020359,0.13441648386738253,1,interior
0.30398515566902684,0.23138138599064603,1,interior
0.30225984340412854,0.23736629321083583,1,interior
0.29587031651442625,0.23345016912819042,1,interior
0.2886534551854442,0.24763376180164737,1,interior
0.29221738095744815,0.23762141570834677,1,interior
0.29323418313748845,0.22476458691241163,1,interior
0.28974771923815434,0.21674074453195719,1,interior
0.29026208616674415,0.22116793344483376,1,interior
0.2899105930340737,0.1361503221338877,1,interior
0.28834082483587214,0.22598334649332455,1,interior
0.2912023159590406,0.22858286427093302,1,interior
0.2962700438654932,0.22079385472061927,1,interior
0.2840767408511758,0.22409789752922787,1,interior
0.2773138939773661,0.2925182879647003,1,interior
0.27346880723241934,0.300218613000574,1,interior
0.27212616734265765,0.29475213294348146,1,interior
0.29083580972635975,0.26311296412314533,1,interior
0.29420913848924884,0.2666471749840083,1,interior
0.2933364173598499,0.25800095848020205,1,interior
0.28413784475523884,0.3096083859019266,1,interior
0.27747762994939834,0.30672714382886607,1,interior
0.2867622362984353,0.3055420454391487,1,interior
0.2725581038218916,0.3455198751137418,1,interior
0.26912501549694895,0.3481622493505118,1,interior
0.2769673321333131,0.19916136890214037,1,interior
0.2737248599047016,0.19178699884611483,1,interior
0.2733255055140792,0.16146243153968665,1,interior
0.27616854449923917,0.15750266707735602,1,interior
0.28019185206907465,0.15923965789357492,1,interior
0.29040156152852364,0.26908878725975977,1,interior
0.2941894968765803,0.27175757599558775,1,interior
0.2868794714002983,0.26642199074470646,1,interior
0.28679657443191514,0.26192292521801236,1,interior
0.29102629465747687,0.29043953514034804,1,interior
0.28121400475240327,0.2896234037604793,1,interior
0.26207584448214455,0.18395458748075802,1,interior
0.2609250198823977,0.17913784719092077,1,interior
0.2649290349959765,0.17651313005338629,1,interior
0.28789186561213753,0.3318084677414665,1,interior
0.2897473091314989,0.32701195168484953,1,interior
0.28143284712529115,0.2205492899277648,1,interior
0.2807233176673382,0.22892097949446233,1,interior
0.2781468499155869,0.22398191851331642,1,interior
0.2918421465114125,0.23265808888095352,1,interior
0.29504562720748034,0.2289862377808992,1,interior
0.28273964116254396,0.2683337025095614,1,interior
0.2886966300326581,0.25793058189002543,1,interior
0.28359281517885293,0.2589203624070077,1,interior
0.28285013415619503,0.2635114771550319,1,interior
0.28634742154446435,0.27174747961646556,1,interior
0.29099564252394094,0.25265907272546995,1,interior
0.3559983932660898,0.23940401731472724,1,interior
0.2676380959578641,0.15691177715392937,1,interior
0.2722223230241131,0.15362242521407496,1,interior
0.2727831743465087,0.2246100192652385,1,interior
0.2757904318901467,0.2289700110212748,1,interior
0.2740933968420167,0.2162217955116702,1,interior
0.2744027894976223,0.22071403187050978,1,interior
0.26324590974686907,0.1559138801615231,1,interior
0.2666334081507519,0.15192463679956456,1,interior
0.2627027188143647,0.1647673625910446,1,interior
0.2681866386465741,0.16234302139240314,1,interior
0.28681719548041773,0.23929152193310602,1,interior
0.2878082839060924,0.2309295609550223,1,interior
0.2732741781780999,0.3050153216815201,1,interior
0.26693946493961446,0.16820387287808997,1,interior
0.2710947473745479,0.1499738157950991,1,interior
0.2769877013766093,0.15278517103421835,1,interior
0.27563343050053535,0.14864635621431696,1,interior
0.26578186358586714,0.18871998399323228,1,interior
0.27079260755468604,0.18816610646762344,1,interior
0.2890816966216131,0.1319505066614401,1,interior
0.25645511116268066,0.1815552608206109,1,interior
0.25956500999907556,0.17416062139475483,1,interior
0.26420722785582573,0.1723044325108971,1,interior
0.26585460429614755,0.3463305977508347,1,interior
0.2929149859293436,0.3164593317991006,1,interior
0.29529762806153387,0.31966685453185845,1,interior
0.2971631665670566,0.31522869788500707,1,interior
0.2845584713752774,0.24443001677769155,1,interior
0.2852067242983595,0.25000735004727975,1,interior
0.2926339642873311,0.24789767860500983,1,interior
0.2692965532400616,0.1929646369843496,1,interior
0.2726314755160158,0.19658783902714108,1,interior
0.29056072680959405,0.243137684424949,1,interior
0.2715263727137168,0.15821324960027347,1,interior
0.31522373921906693,0.28331569461865946,1,interior
0.2586149848241336,0.3435799937411863,1,interior
0.28153822965386144,0.27345646111407196,1,interior
0.282206732248729,0.2160464612841674,1,interior
0.27406123584238556,0.21169297825746725,1,interior
0.283851315255833,0.23402112262491317,1,interior
0.28173138223942323,0.23911632942332806,1,interior
0.30271478825926995,0.3342446037313789,1,interior
0.30023202627510065,0.3263293020177948,1,interior
0.27793859702430485,0.3386869256982585,1,interior
0.27305747759012194,0.3404273777216196,1,interior
0.2690449000366293,0.3429571690007159,1,interior
0.28507641948993606,0.2546292265112756,1,interior
0.2796148529875328,0.25583159614839396,1,interior
0.27869223731887754,0.2602832376460795,1,interior
0.2609318788535629,0.1874409589089274,1,interior
0.2580372176804628,0.19012829736028444,1,interior
0.25586070664720945,0.18520977026762458,1,interior
0.31128404578334723,0.3381639852837702,1,interior
0.2765390167118175,0.19458909909630556,1,interior
0.2848585854483578,0.32671808777894223,1,interior
0.29195253720870623,0.32308209262404214,1,interior
0.28617204258587575,0.3218080123846816,1,interior
0.2821951377138555,0.33097923661442813,1,interior
0.29243560769275495,0.3125520455790673,1,interior
0.2896619389983563,0.3188770294683022,1,interior
0.2847362424377687,0.3151316017296246,1,interior
0.2890762083768142,0.3148710445281962,1,interior
0.26721762388746867,0.29610436714201144,1,interior
0.2735038312604733,0.2900897487356104,1,interior
0.2693858887789856,0.2989216169278156,1,interior
0.2673919646673976,0.29256987072452706,1,interior
0.252903501014495,0.17845991581941661,1,interior
0.2502315209076293,0.18153393654951883,1,interior
0.26815186414328507,0.19820424207041182,1,interior
0.26506682458930503,0.1939839358668367,1,interior
0.28808791067119904,0.31064889963246506,1,interior
0.26604966579521755,0.21219719072878282,1,interior
0.27081061070207657,0.20795766615974443,1,interior
0.2883489756453495,0.13981119022693791,1,interior
0.28489775067158185,0.1393458292845481,1,interior
0.2847111724510079,0.1358439568388275,1,interior
0.2816148508818463,0.2774873378595121,1,interior
0.2775809489543819,0.27711998607598515,1,interior
0.2761563897750751,0.2729584204339291,1,interior
0.27884737270963184,0.26958581990759484,1,interior
0.2697924053721383,0.21983635927008124,1,interior
0.2682311870873009,0.2243132563285914,1,interior
0.2958316786502394,0.31077645133203696,1,interior
0.2846400227807341,0.22883935553249346,1,interior
0.2801188237376343,0.3233349884777027,1,interior
0.28359374274687543,0.33932052406073215,1,interior
0.28761166376877345,0.3365994342491847,1,interior
0.28741984369151397,0.15565413607974382,1,interior
0.28456760287134364,0.33471350489983354,1,interior
0.28460193404264506,0.2868164378160354,1,interior
0.2808247988030369,0.2845356091102817,1,interior
0.27189547062353103,0.2017065369388876,1,interior
0.27557184959619946,0.25186429624779894,1,interior
0.274427856085786,0.25661353082216615,1,interior
0.2800515018975663,0.2481086940598772,1,interior
0.2748309341184169,0.2466548577990404,1,interior
0.2693312032133481,0.25342973004485514,1,interior
0.27014723866925794,0.25797896843586454,1,interior
0.2677072664754822,0.2036916715279674,1,interior
0.27503250408731683,0.2040842076612898,1,interior
0.2689242712829085,0.30283284518121434,1,interior
0.2583217405044316,0.15772209508195,1,interior
0.2596550968829866,0.15443631244748063,1,interior
0.2624880539264915,0.1525332787467156,1,interior
0.2787124088586967,0.24327582538069825,1,interior
0.25429956059605513,0.16116051909764598,1,interior
0.25305794886255695,0.15671665109371288,1,interior
0.263418190161545,0.15996419252105384,1,interior
0.2591235556000479,0.16195048304071963,1,interior
0.30909043350689863,0.24043397947046713,1,interior
0.25632147234559344,0.1704918234612902,1,interior
0.26101450851126834,0.16910916865637438,1,interior
0.2567480859709251,0.17729754497481548,1,interior
0.2600044544953678,0.19507109411606893,1,interior
0.26491620554782286,0.20087118596704986,1,interior
0.26967066032902137,0.2450135576253107,1,interior
0.2732922994116804,0.2418281795024634,1,interior
0.27761711570592124,0.3331177772554053,1,interior
0.27364472627278597,0.335363455189742,1,interior
0.28162078620118564,0.1400877767499741,1,interior
0.2902680487028329,0.14742590348113424,1,interior
0.30515808377452114,0.2918632904109396,1,interior
0.2764689932027438,0.31362946166888084,1,interior
0.2799413063329414,0.31062809973996675,1,interior
0.2768400363710842,0.2872635783434965,1,interior
0.2852932206170897,0.14808954607732724,1,interior
0.2877336722686098,0.14428140931768066,1,interior
0.2785535162255241,0.26509260904921067,1,interior
0.2801621749363036,0.14503266035864587,1,interior
0.2846808221073588,0.15315403048103207,1,interior
0.2807848046812517,0.15509239769732724,1,interior
0.28171642304096145,0.3190324680837577,1,interior
0.28004735903857786,0.31522320022634887,1,interior
0.2807074576965307,0.15009441861262107,1,interior
0.28973426699588817,0.15243725020685983,1,interior
0.26451957501487794,0.2996502885097115,1,interior
0.2604750346466531,0.2976715356438233,1,interior
0.26329243385452383,0.29398522072869826,1,interior
0.27508030204565725,0.18767960015721488,1,interior
0.26518782393783275,0.34130807345288505,1,interior
0.2721331777905064,0.28571617908478464,1,interior
0.26946402599080294,0.2895408348518497,1,interior
0.3145186620222605,0.14168477941520197,1,interior
0.25162563613847766,0.16892616395899127,1,interior
0.2534223181660966,0.17395618461341963,1,interior
0.27392109117568914,0.30980921418297125,1,interior
0.26427487982637804,0.22185110627100754,1,interior
0.27001231756543753,0.22869770800704323,1,interior
0.26508958575822533,0.23055234192111543,1,interior
0.2656217789921356,0.21722236910530127,1,interior
0.29731981127900176,0.2690429575936505,1,interior
0.2455110284578028,0.16810499559121875,1,interior
0.256476260642704,0.1658445560094397,1,interior
0.25029787610612747,0.16458105352141353,1,interior
0.2485781470181648,0.17211673077119882,1,interior
0.2755732354430889,0.28207337373520963,1,interior
0.27304838820317506,0.2771538927140896,1,interior
0.2779793354564573,0.21832048278359203,1,interior
0.2538293416185138,0.18867226125333653,1,interior
0.2493426124589537,0.18590135303749153,1,interior
0.27137056825474154,0.27257116415767674,1,interior
0.26763877594479396,0.2766262466449984,1,interior
0.2703813760576153,0.2812071614220695,1,interior
0.2797142044286721,0.13749483624485917,1,interior
0.26504502076471925,0.2079044333271485,1,interior
0.26636383077053916,0.24886042711675627,1,interior
0.27106199707527046,0.2492817778080571,1,interior
0.267909653635197,0.24045303354308764,1,interior
0.2620145855380784,0.21493562588568568,1,interior
0.2611850023031148,0.21107330985505748,1,interior
0.24478245551567512,0.16306181250238558,1,interior
0.24886902055335483,0.15981978056319587,1,interior
0.2620855754254049,0.19127402796601642,1,interior
0.26729568959526046,0.2851136424086107,1,interior
0.25523572104739267,0.19330346027105572,1,interior
0.25066675342725303,0.19094932839481393,1,interior
0.28273207677838874,0.18383663475026377,1,interior
0.2619907899737493,0.284052496714294,1,interior
0.26478365814985855,0.28889528294986405,1,interior
0.2658988270797443,0.28108721425619143,1,interior
0.26071384658233404,0.2891480564053878,1,interior
0.2715497941682344,0.1459349845324902,1,interior
0.274547598374827,0.26786803736309844,1,interior
0.2518649051969507,0.1957420092639044,1,interior
0.24628156699072884,0.1892177605601684,1,interior
0.2777622747832546,0.3280535203467679,1,interior
0.27389450612131677,0.32423090803218246,1,interior
0.2763663321379433,0.3187651161405108,1,interior
0.2485204795358148,0.19862345176124052,1,interior
0.24702406792323592,0.19362239982986962,1,interior
0.25637890358114723,0.1987546559770307,1,interior
0.2738176634698215,0.26190617429427065,1,interior
0.27743208408054393,0.14091516397911782,1,interior
0.2753896027053427,0.14387292622117065,1,interior
0.2844929555115144,0.1430291698696744,1,interior
0.31006623216443713,0.1397487981990361,1,interior
0.2681951249314932,0.14806442745436982,1,interior
0.24862593357483517,0.17657620484462874,1,interior
0.2596875809952254,0.24433703709790333,1,interior
0.2634731947555773,0.2530554426094724,1,interior
0.2614719605674842,0.2484841979376787,1,interior
0.2646156761474331,0.24435235625819285,1,interior
0.26257914250600234,0.24009224625470083,1,interior
0.27251637997530687,0.14292487424174788,1,interior
0.24510929772184503,0.18254874014067055,1,interior
0.24314075597964982,0.18591366174523685,1,interior
0.2600079607261551,0.206889276433608,1,interior
0.2569386350899279,0.20951447716772148,1,interior
0.2571836299250845,0.21431350355923576,1,interior
0.2528182558714154,0.33946026644637,1,interior
0.26113869809970763,0.3407020843682274,1,interior
0.2567635706408659,0.340219427299393,1,interior
0.2527427608123126,0.20984583420216255,1,interior
0.2588311636156892,0.2029045480655943,1,interior
0.2504814504497134,0.20398816065392844,1,interior
0.2552635799319033,0.2046648940210391,1,interior
0.2476055647220096,0.20755239418581964,1,interior
0.25684288311436665,0.2898456313299936,1,interior
0.258764067902616,0.2935852927206372,1,interior
0.3346140328795524,0.22980973909226035,1,interior
0.244102168421274,0.17352399572478183,1,interior
0.24594540530714407,0.20177802578857043,1,interior
0.24468502833311206,0.21225521996146476,1,interior
0.2430823123488182,0.20464188150125653,1,interior
0.24908721567908065,0.2126579838745603,1,interior
0.2652529292378493,0.2574815855433846,1,interior
0.25936612496967537,0.2571655384193146,1,interior
0.26923085946889663,0.23298822425612403,1,interior
0.27390311193278366,0.23323217120780873,1,interior
0.26541428333643,0.23576656477877922,1,interior
0.28117741996033147,0.3271086579389265,1,interior
0.26863950236535533,0.3372616371629858,1,interior
0.25618820814136756,0.21906471426963692,1,interior
0.2580750765638037,0.22385009488187121,1,interior
0.2641792792074597,0.22627347292578892,1,interior
0.2681874669654506,0.30754112424837265,1,interior
0.27249034471481753,0.31490855334314755,1,interior
0.26956129258653977,0.31167535876054453,1,interior
0.2969698964070875,0.32336933847101995,1,interior
0.283069542283292,0.2807631914113381,1,interior
0.2709677954914073,0.26491392383306434,1,interior
0.26818922444297977,0.26158180601659764,1,interior
0.2704246498845142,0.33251562434863835,1,interior
0.2764916102853792,0.2382249553139255,1,interior
0.25704905578549825,0.2855457349567582,1,interior
0.2597046647654199,0.236444942527706,1,interior
0.257281601924137,0.24049087844166947,1,interior
0.2676336989335009,0.3157205737246314,1,interior
0.2620121101515908,0.3075931199875387,1,interior
0.2650140287910085,0.3116503904115632,1,interior
0.2643243236441084,0.3040759679399825,1,interior
0.23953924223035866,0.18141384947074402,1,interior
0.25517406252981917,0.33601255998229546,1,interior
0.25912424573646675,0.33723427836767045,1,interior
0.23871313001923494,0.1753022776885627,1,interior
0.2403455688887303,0.17045091571918927,1,interior
0.24417745776018798,0.17847642989322418,1,interior
0.25888292853172,0.3022115863829219,1,interior
0.26057703358310486,0.21889233241297198,1,interior
0.2699580982994408,0.2141482627004944,1,interior
0.2629984372659691,0.2039953964825275,1,interior
0.2538967104415394,0.2531593247921691,1,interior
0.2552769079996219,0.24443851169933556,1,interior
0.25657325157202177,0.248532514296493,1,interior
0.27116860777124147,0.2371314772062011,1,interior
0.26141373023530573,0.2327499267762385,1,interior
0.24001101244186532,0.20865374141106968,1,interior
0.2413773043994745,0.19973349043826052,1,interior
0.2349697501717828,0.20637439200696525,1,interior
0.2523495780617563,0.2209126698127368,1,interior
0.24324358625724907,0.15741599103666803,1,interior
0.23963280553414218,0.1661803855740522,1,interior
0.24074829418816365,0.16170188591119908,1,interior
0.24828251378110702,0.15536129481851138,1,interior
0.26242065866061653,0.3448904935653377,1,interior
0.25422047818900206,0.2931346098718253,1,interior
0.26243058646470907,0.2790844751385789,1,interior
0.26330260701783137,0.27490549887108107,1,interior
0.2883281785828612,0.2352206963882026,1,interior
0.24179159323100421,0.19099994004297202,1,interior
0.24373682681445344,0.1964004170146648,1,interior
0.2793812208054077,0.2806604204830322,1,interior
0.2598576523926171,0.2287206869706316,1,interior
0.25433514278317626,0.2285563597137703,1,interior
0.25740991155248955,0.3062413194714943,1,interior
0.2535687393266959,0.30450766862596107,1,interior
0.2560046473909923,0.2975467837293631,1,interior
0.25262669413635885,0.30065280395220034,1,interior
0.25692859343253344,0.28049777703144846,1,interior
0.2529584034957226,0.28852897139789296,1,interior
0.2522127191811481,0.28382448537596033,1,interior
0.2511827390439918,0.3355829676135769,1,interior
0.23808088858502532,0.1866471864562431,1,interior
0.23459400695190524,0.1788619887366872,1,interior
0.23078873558920934,0.18153514128158033,1,interior
0.24777839239150157,0.33611218997642267,1,interior
0.265986322415343,0.2713094338161749,1,interior
0.27893786052075525,0.23389086053465083,1,interior
0.2525873825756902,0.21577054564096254,1,interior
0.24825080757413678,0.33264883514274723,1,interior
0.2459803014338718,0.32949457961111067,1,interior
0.23661928076752145,0.1908448619927964,1,interior
0.26986656198921477,0.3280485220554124,1,interior
0.2707683484883456,0.31957243732159896,1,interior
0.2680752299943562,0.3237872371371853,1,interior
0.2739030258082758,0.3299951828419501,1,interior
0.26378845422497454,0.19748401070803667,1,interior
0.25670160258922,0.23265920910150095,1,interior
0.2259704111083574,0.3477898973901421,1,interior
0.2381679537252591,0.3437804213420982,1,interior
0.26328363226499507,0.33605176532599523,1,interior
0.2665704197691423,0.3321154638131844,1,interior
0.26029627348342094,0.3125634373746387,1,interior
0.2627537734194941,0.3161639362126852,1,interior
0.24759375506227393,0.2175492903742791,1,interior
0.24771997427955517,0.22307453267568625,1,interior
0.2079347093696709,0.34939778998513943,1,interior
0.20590691426434726,0.35225024429667295,1,boundary
0.21321697148795785,0.34939034995834833,1,interior
0.23538880988639513,0.33711058476806105,1,interior
0.28098437213400346,0.25218768557368615,1,interior
0.22180613972959345,0.3466682633617779,1,interior
0.24330283750564974,0.22578500548895467,1,interior
0.24834549345301737,0.22846995803603706,1,interior
0.24304193307717414,0.22075583741748284,1,interior
0.2598624090720544,0.2721210044121024,1,interior
0.23826180225965615,0.19488898112421255,1,interior
0.23047027784913057,0.20334503229079157,1,interior
0.23585890825237205,0.21194804031462913,1,interior
0.2306984048496598,0.20881595781052775,1,interior
0.2516205085853997,0.23278773341626532,1,interior
0.2543708593608456,0.23694860217928462,1,interior
0.23477060991529788,0.17016522052122657,1,interior
0.2510918356612808,0.2787595146069156,1,interior
0.25153637048661104,0.27376465376775866,1,interior
0.24859735284090195,0.24529240128511978,1,interior
0.25191729922837436,0.24172689354522578,1,interior
0.2380109975123809,0.21788688741543885,1,interior
0.24289858927116398,0.21646751014903587,1,interior
0.23842973134797243,0.22326806114255893,1,interior
0.24663651574251114,0.24128675945721798,1,interior
0.2521673585270379,0.2474396938851188,1,interior
0.25445001575597714,0.27077706408505625,1,interior
0.25910126066222683,0.26521594725315806,1,interior
0.2624460556256068,0.2678386506336364,1,interior
0.24422859251169693,0.2465077393480159,1,interior
0.2492579895774397,0.2372364366815661,1,interior
0.248661068764076,0.25021230776282255,1,interior
0.228263236760905,0.2138932465173658,1,interior
0.2268659654601993,0.20533717253562225,1,interior
0.22507209960375488,0.2092967117442062,1,interior
0.223317719055522,0.21329623652552168,1,interior
0.23212929141352728,0.21271878070660177,1,interior
0.26281256747629084,0.2623132252185781,1,interior
0.26664548575051356,0.26606698462902173,1,interior
0.2579689051889207,0.26856272705605644,1,interior
0.25397691461019156,0.2661146779126548,1,interior
0.2320918211819566,0.3436539952820446,1,interior
0.23648484549944235,0.34097242231935904,1,interior
0.23970693738985668,0.2497371318764151,1,interior
0.24216992080574717,0.2415896192777677,1,interior
0.2388311466709517,0.24529950170308445,1,interior
0.24430442132111604,0.2521618556812586,1,interior
0.21427725299533307,0.34456794830153953,1,interior
0.21047876055399833,0.34568117183011243,1,interior
0.26536656020949495,0.32012270715229524,1,interior
0.23496394778129895,0.3340618914936744,1,interior
0.24716796047062584,0.29571523471794403,1,interior
0.24672172878267268,0.30027398642969416,1,interior
0.24904015902372306,0.30351327792895183,1,interior
0.2495086115838606,0.3073403087877499,1,interior
0.25115219307623166,0.29673464557683776,1,interior
0.23331522027312457,0.17480535136865918,1,interior
0.26575404247166273,0.3276972669282017,1,interior
0.23098336492326846,0.33531175210359127,1,interior
0.23353051868450378,0.3313254944620674,1,interior
0.21765491271407456,0.34792840357044735,1,interior
0.2144425301612484,0.33967200663675023,1,interior
0.2182986964668966,0.3429678938446938,1,interior
0.23235213903419102,0.3395836538604852,1,interior
0.2350621249984776,0.3453836166145536,1,interior
0.2622741285864405,0.33044419919303153,1,interior
0.25853712119158145,0.3330856181877908,1,interior
0.22925805152740217,0.3455480929882572,1,interior
0.22545478746159953,0.3439968791646408,1,interior
0.2441083427210886,0.27331165601834573,1,interior
0.2486539111640367,0.2696151077660997,1,interior
0.20517923475931565,0.3408704224984185,1,interior
0.20669454235919263,0.34409676033169845,1,interior
0.24724903494178951,0.2830061713483043,1,interior
0.24826483282456255,0.2878060942006531,1,interior
0.24909201958676216,0.3388720658632343,1,interior
0.23845201434693597,0.15896388791375166,1,interior
0.23668349599304164,0.1626162786039053,1,interior
0.22206049004660963,0.2045156336202101,1,interior
0.2189764819339272,0.2100898227177629,1,interior
0.2533623765403007,0.33120192601179477,1,interior
0.25876147830605556,0.2524345834309587,1,interior
0.21447363354919116,0.33511088645556997,1,interior
0.21858492974928553,0.3376296401019347,1,interior
0.2107644787425921,0.3358586597904886,1,interior
0.2101864445601558,0.3409886495624567,1,interior
0.2292416683337561,0.2185610468506754,1,interior
0.22422842230434867,0.2179416361893549,1,interior
0.23318708798775611,0.21648585178477786,1,interior
0.24710055230697514,0.23315332235137043,1,interior
0.2439712448425511,0.23644702744351295,1,interior
0.2443068090237051,0.30563511302382895,1,interior
0.24640884773651175,0.30999136268908334,1,interior
0.2603811041427298,0.32039008676285974,1,interior
0.25760242557292584,0.3166315069813573,1,interior
0.22225458669344053,0.22234661152018576,1,interior
0.22713315208726392,0.2223231815807132,1,interior
0.21927818821578282,0.21567434032084906,1,interior
0.25368968100034056,0.2581878025289092,1,interior
0.21521084677015284,0.2142126331559952,1,interior
0.21377161093583077,0.20734754615011028,1,interior
0.21334003869200405,0.21107421238897386,1,interior
0.2553101055467207,0.31304562802992447,1,interior
0.24807429830480424,0.2747662572736477,1,interior
0.24534024513502617,0.2658795690054486,1,interior
0.2490798006538143,0.2644554873482721,1,interior
0.20327725555640566,0.3378116458332245,1,interior
0.2487913766248535,0.25530845495925764,1,interior
0.27005782846725185,0.26872169334136703,1,interior
0.25385895708092127,0.30886135152712774,1,interior
0.21215473926720826,0.33056365251306635,1,interior
0.21720803795094326,0.33225755833493104,1,interior
0.2444076741988445,0.29220667725551924,1,interior
0.24361028825149666,0.2869719084873778,1,interior
0.26254062539966655,0.32493842602081735,1,interior
0.2579514072223637,0.3283285448239944,1,interior
0.24334594059404607,0.297229589847554,1,interior
0.2086130105900184,0.20889478593622782,1,interior
0.20994147914535158,0.21456317061636512,1,interior
0.21437096979788034,0.21864649120271956,1,interior
0.20963429118358162,0.20463975197602569,1,interior
0.2055929684781818,0.21231121162371505,1,interior
0.2259879996022923,0.20066942942845287,1,interior
0.24897238063715768,0.3236860551338888,1,interior
0.2492919678318404,0.32798092631889203,1,interior
0.23534629290662915,0.24862740016835025,1,interior
0.23329819169870963,0.24477194507855246,1,interior
0.240077260930792,0.253725053718012,1,interior
0.23489150414093332,0.25352081372764423,1,interior
0.20416434792670993,0.203934330389047,1,interior
0.20357881383294552,0.20857961474760237,1,interior
0.2534377316743527,0.32549809877800895,1,interior
0.22804751255289754,0.24682823006554835,1,interior
0.22974086183059828,0.24253987914945432,1,interior
0.23258170753200663,0.2391004939333026,1,interior
0.23899596801646558,0.2282532013776334,1,interior
0.23428646565899758,0.22647957282009568,1,interior
0.24868437073907942,0.25960396383256945,1,interior
0.2572571202576672,0.26181179827680606,1,interior
0.20861945983846597,0.21909781761224387,1,interior
0.21200768598087727,0.22248747228078952,1,interior
0.2223893496518254,0.341403795109787,1,interior
0.2593681508076107,0.2764321877049306,1,interior
0.252485632529222,0.2621631874335952,1,interior
0.1981939544048109,0.20116399395796117,1,interior
0.209337530377997,0.19989121882227273,1,interior
0.2048576601106197,0.1992753572188915,1,interior
0.1987851908582765,0.2069223694069985,1,interior
0.20101509251591593,0.19943505347179272,1,interior
0.24969603041023866,0.2921801184959671,1,interior
0.2219440111704465,0.19888079550539978,1,interior
0.22575071396607832,0.19504621371887518,1,interior
0.2452802479269575,0.32465340312922364,1,interior
0.232647160175013,0.32722420391665,1,interior
0.23442343230434223,0.165965550298155,1,interior
0.24007338697494843,0.2905371558850208,1,interior
0.23934221948187004,0.29590529326698584,1,interior
0.19436004939703488,0.20301779818913887,1,interior
0.1936184295748774,0.20808144513189583,1,interior
0.19792062274753633,0.1950094781075049,1,interior
0.2330543129625586,0.18837040222889812,1,interior
0.22741004723455632,0.18333312463708834,1,interior
0.23213659792919716,0.19336538974794615,1,interior
0.23426570190573112,0.18376017840481787,1,interior
0.23413518715476042,0.19686075432248476,1,interior
0.23495046582998186,0.28943389676707476,1,interior
0.2371286291123487,0.292820495906964,1,interior
0.23891244156068492,0.2857403319546147,1,interior
0.257927140263799,0.3097796278320371,1,interior
0.2192471162248626,0.21978248225624317,1,interior
0.45529928803343617,0.01652193943546809,1,interior
0.24342585380535614,0.320522166892942,1,interior
0.24685859546659467,0.31921618733001356,1,interior
0.21757592564754016,0.20525869647252892,1,interior
0.21370631354005934,0.20261143876304089,1,interior
0.21806931769483548,0.20055686447821539,1,interior
0.228968153382738,0.18630878171692652,1,interior
0.22428160227133487,0.1905341796954729,1,interior
0.1966425811464045,0.21223898878542788,1,interior
0.20100867393502084,0.21239792251571118,1,interior
0.2518454042153396,0.316638179746286,1,interior
0.19405200464856914,0.19095358060933862,1,interior
0.19355381732870333,0.19707193039860746,1,interior
0.23000419525121937,0.19811484783084565,1,interior
0.21896404507362371,0.19471395774998182,1,interior
0.23405171685044354,0.20127259659666932,1,interior
0.23739187095793546,0.19906474711657288,1,interior
0.23178271535216055,0.2572005150326413,1,interior
0.2307608533888181,0.2499456777206084,1,interior
0.23479395156470917,0.25926812693414686,1,interior
0.23830846590851618,0.2571185570702751,1,interior
0.2291144693470147,0.25442669784652333,1,interior
0.24039166150971591,0.30160864186906394,1,interior
0.23300594386524295,0.22172395412739937,1,interior
0.2390845264951534,0.2334536468128154,1,interior
0.23547637127355436,0.23060117637389216,1,interior
0.24325597258647216,0.2308809767888603,1,interior
0.1924522891733383,0.18598807457425173,1,interior
0.24641592545279936,0.3144417391972962,1,interior
0.25127437839740085,0.3210085206825152,1,interior
0.2365447820004988,0.23713256670530444,1,interior
0.2311058510608064,0.23044473175826652,1,interior
0.22894602679801168,0.23470392934164308,1,interior
0.22917031478825697,0.22619403306842986,1,interior
0.2439781588054835,0.20842296418047943,1,interior
0.19035373219241444,0.20048518665324683,1,interior
0.19028184409013754,0.1930444577211075,1,interior
0.18782006633857792,0.19658801275495633,1,interior
0.18890782408671583,0.21078486169399913,1,interior
0.18636657644172144,0.20649883929921664,1,interior
0.18993384947497546,0.20513591917759397,1,interior
0.22518543181432524,0.2516961356327075,1,interior
0.22500689206440425,0.25750548521302274,1,interior
0.22828263407058452,0.25885653028201683,1,interior
0.22594796297625488,0.23041834711789477,1,interior
0.24178856846726485,0.2635027760327524,1,interior
0.2345433392381637,0.2839750906622362,1,interior
0.23802395042943272,0.28075963986378333,1,interior
0.23071130580571197,0.2867864912110965,1,interior
0.24244902066893304,0.28207013048451285,1,interior
0.21741485081750836,0.2560726646632237,1,interior
0.2217546362805867,0.2654635662272785,1,interior
0.2215469198290958,0.2552175216632822,1,interior
0.22758351627151016,0.2385516950975112,1,interior
0.2228831860613179,0.23476997376073566,1,interior
0.2338526900597013,0.23433189997980589,1,interior
0.22578695545735214,0.24301014536581467,1,interior
0.2526808028352619,0.20034243856610576,1,interior
0.19070582109786066,0.18233773787188937,1,interior
0.18826386416897298,0.18414551379821084,1,interior
0.22303133175829026,0.2471073859330574,1,interior
0.2310170392952907,0.26129428289515094,1,interior
0.20697781970985085,0.19574209258450567,1,interior
0.21217976236615227,0.19438778098378237,1,interior
0.21429634230004382,0.19805887850757461,1,interior
0.25537581532605735,0.3205927537123135,1,interior
0.2579399355376791,0.32406703634193773,1,interior
0.23825061820349536,0.26659346519274957,1,interior
0.24539927614883877,0.261837977532705,1,interior
0.242726710849264,0.268715920430085,1,interior
0.22867709266159864,0.19066395075053755,1,interior
0.223773919978937,0.18626262367155735,1,interior
0.22026630602878164,0.19002316337968334,1,interior
0.2432275341186547,0.2578343049957371,1,interior
0.21879605319481712,0.18722914770347696,1,interior
0.2235730132883332,0.22604063024072774,1,interior
0.22059108348092157,0.22937588126467642,1,interior
0.20854126509130105,0.19247545422615672,1,interior
0.18376218517990342,0.2100937629543657,1,interior
0.19368072455485175,0.21632977126383016,1,interior
0.1888446396208292,0.21677387958528754,1,interior
0.18527246338375747,0.21440063283111957,1,interior
0.19019046573657217,0.3290408360299137,1,interior
0.2258319498875586,0.3338022328180323,1,interior
0.22775445613010442,0.3399635198181135,1,interior
0.2295293631424181,0.33055347450571065,1,interior
0.21719603086648132,0.2243748293497653,1,interior
0.21669085638576555,0.23686579427961688,1,interior
0.22052439636955032,0.23858760065678472,1,interior
0.22401049890260918,0.23929988369534105,1,interior
0.1857024115937953,0.20134191409242888,1,interior
0.18220713930143637,0.20524525465166318,1,interior
0.24569600105817335,0.27835530463856634,1,interior
0.2411443661704952,0.2770612645201899,1,interior
0.25542439423901914,0.2754067076507997,1,interior
0.20232141103724186,0.19536916730995232,1,interior
0.22119941646029107,0.3339075279143343,1,interior
0.23867004413084722,0.30728246262268666,1,interior
0.2348073598901956,0.29968303800327295,1,interior
0.23537743516184975,0.3043460106114361,1,interior
0.24225608766179949,0.3109884672458252,1,interior
0.2177884414112682,0.23275385665325077,1,interior
0.21382406217011743,0.24220825022410314,1,interior
0.21817335507060331,0.24566070153726713,1,interior
0.18047516802423394,0.21436288412984542,1,interior
0.18394991211049191,0.21863764934576024,1,interior
0.17976401793673985,0.21913706073593833,1,interior
0.21925806982111826,0.2508587250116924,1,interior
0.21430816409935446,0.24797768516696242,1,interior
0.1755266507582434,0.2120269807032137,1,interior
0.17903952519021296,0.20887340499873094,1,interior
0.17562378001133094,0.21760487676781257,1,interior
0.22332452640330497,0.3374618540423059,1,interior
0.22163526983246282,0.2427304638970144,1,interior
0.23721365653466223,0.24121435553303658,1,interior
0.21635046975871142,0.3276697253667888,1,interior
0.22141750792249346,0.32939217477589683,1,interior
0.22568911387505644,0.32904300170687534,1,interior
0.22843756267523738,0.3257246095337128,1,interior
0.22096295441147215,0.2603412352911211,1,interior
0.21555665421249207,0.19065491411132882,1,interior
0.2033638723359918,0.3333876066475527,1,interior
0.20072488783617048,0.33070339776943286,1,interior
0.2413997821562362,0.3163929451091891,1,interior
0.20445196114689201,0.2162967444303517,1,interior
0.19914270476572973,0.21738315660744195,1,interior
0.2120804639943444,0.2375510909315593,1,interior
0.21268034585556933,0.2326006568132653,1,interior
0.2072708865997066,0.3318541520930059,1,interior
0.21188160658298605,0.3252249350763759,1,interior
0.20816141614270997,0.3271480381874232,1,interior
0.1915943623007709,0.2209650409460587,1,interior
0.21782152858527887,0.24128357453021937,1,interior
0.1843627009451763,0.181879565408707,1,interior
0.181491503137244,0.1850050628757562,1,interior
0.185154586400723,0.18684380463898065,1,interior
0.18939836923068898,0.1886752716500785,1,interior
0.23334212187372103,0.2645149027038061,1,interior
0.21563470968700352,0.26054495922720433,1,interior
0.18235666047756377,0.196123883395591,1,interior
0.1857754653603392,0.19184012223927657,1,interior
0.22394066177064606,0.3248687919722011,1,interior
0.2156542682279928,0.323531978236523,1,interior
0.21974065581379112,0.32432883618893593,1,interior
0.17700503106768717,0.22283352926495806,1,interior
0.1721026679462365,0.21440671088420155,1,interior
0.17270472957326302,0.2227155488685251,1,interior
0.1705173618858178,0.21849538183178915,1,interior
0.18102691113894803,0.2009165519463801,1,interior
0.1841134446141083,0.17689114226718547,1,interior
0.1823227265109765,0.1721555274644106,1,interior
0.1879319501057554,0.1794683299285011,1,interior
0.23874372195060212,0.27209361815617394,1,interior
0.25224092765175116,0.2250733580968526,1,interior
0.22678155722397886,0.26326017933772305,1,interior
0.19483457751430544,0.22475930339607528,1,interior
0.18992905272031105,0.22546311086483448,1,interior
0.19583259850412832,0.22033129438868224,1,interior
0.22663584479502608,0.2723773149596495,1,interior
0.22555350767573032,0.2677285776868349,1,interior
0.1795798791275379,0.16832250769949827,1,interior
0.20347604146910903,0.3272396788725223,1,interior
0.1982645429650822,0.3276879257003678,1,interior
0.2027153417525615,0.3219768050675753,1,interior
0.1937991195342674,0.3285632447855387,1,interior
0.19880213924762047,0.3236556891632401,1,interior
0.24014685609710967,0.23788156825408455,1,interior
0.24017427621777615,0.21334843331356135,1,interior
0.25054437138182273,0.3119298881520354,1,interior
0.2339724335642682,0.2949386252976814,1,interior
0.22908967512930065,0.2979153916769014,1,interior
0.23054585984054995,0.30343293143633454,1,interior
0.1718520090001093,0.15715517410032556,1,interior
0.17536604315396445,0.1593862415617381,1,interior
0.17701231633370768,0.16399489146672835,1,interior
0.23008239429262897,0.2920084087399841,1,interior
0.18475641483756686,0.23199329003656988,1,interior
0.1930339554201562,0.2293425403883961,1,interior
0.1844933353821274,0.22679144495165643,1,interior
0.22207509999989358,0.32005423540041117,1,interior
0.23136652567344526,0.32206297379583326,1,interior
0.17772316269699726,0.19422906987464816,1,interior
0.18115270621079776,0.190031756854751,1,interior
0.17720668008455967,0.19895344502365045,1,interior
0.17064683097033745,0.15351955138532386,1,interior
0.21043686307615403,0.24558201388347495,1,interior
0.20819380954172853,0.2405541760392428,1,interior
0.1741284445675784,0.20709945507994568,1,interior
0.1774472393686288,0.20388979742152827,1,interior
0.22536542617542432,0.3027159790264035,1,interior
0.22676102037236248,0.3072606840280249,1,interior
0.23246126809965584,0.30899187761153807,1,interior
0.22738811076697055,0.31130530171377674,1,interior
0.23756514320829616,0.3120040236209401,1,interior
0.23364663526662074,0.3134856386215671,1,interior
0.16802699878076136,0.16046660527913886,1,interior
0.21480792949126498,0.31720163395031187,1,interior
0.22497131591097302,0.3158577595703869,1,interior
0.2194184725815104,0.31542744408718554,1,interior
0.22647983319452916,0.3211356053173431,1,interior
0.17232665903332828,0.2017127474488689,1,interior
0.1668043635545822,0.15503640461269738,1,interior
0.16840592746030505,0.15030431487410942,1,interior
0.1648333794014285,0.14941751259980812,1,interior
0.16411787823079563,0.144316984188502,1,interior
0.16168098698590858,0.15334912315085691,1,interior
0.22095789820250228,0.274344842859849,1,interior
0.22923713974168788,0.2769549526890206,1,interior
0.22226580337445706,0.27002420020090667,1,interior
0.23275656806463516,0.27343278255141656,1,interior
0.1718514859086152,0.3300923410197077,1,interior
0.1682649763723878,0.32973494191504144,1,interior
0.18000189563486604,0.23039355602135822,1,interior
0.179446432777491,0.2264089504947875,1,interior
0.20771826340965818,0.23034156332543565,1,interior
0.21095990416969326,0.22695703259313652,1,interior
0.2810188866782119,0.33550083149450083,1,interior
0.1599794922257098,0.14797972802426393,1,interior
0.15781494449102776,0.15653636877719548,1,interior
0.1628357327143511,0.15919321288508262,1,interior
0.1812269437350498,0.3274416312887981,1,interior
0.18508519370842316,0.32676968361646186,1,interior
0.20438949167010004,0.3172917660036532,1,interior
0.19926133954905986,0.3185662720096805,1,interior
0.20742877485640113,0.32206207319709784,1,interior
0.21239155972513324,0.2565230388507415,1,interior
0.21783265568744933,0.2642541124747356,1,interior
0.23647074789346323,0.3162489811710405,1,interior
0.23364827429950896,0.27884224500042193,1,interior
0.23032240746833207,0.281789063428578,1,interior
0.22621062220333643,0.28856349517280494,1,interior
0.19436206278362733,0.3250523336495444,1,interior
0.2269166436327421,0.2844022466970186,1,interior
0.15650403221210335,0.15191593471508028,1,interior
0.15474468436172673,0.14784454108193004,1,interior
0.16059670487997732,0.14283489774447014,1,interior
0.15698542950573477,0.14473666081772707,1,interior
0.18122607173527203,0.322594745529292,1,interior
0.17687413572246877,0.3261262618786816,1,interior
0.20379398227306753,0.23686557314418377,1,interior
0.20171479035848172,0.24576365901395714,1,interior
0.20289290913768046,0.24113019166997,1,interior
0.1723207821037868,0.3275479646489124,1,interior
0.2077121929094746,0.22338233648323821,1,interior
0.20369625993710527,0.22094103441821308,1,interior
0.21144018115646493,0.2611573347174821,1,interior
0.21454009739877095,0.2524775159774137,1,interior
0.21357847091676274,0.26568054189621565,1,interior
0.21789714072523866,0.26938726458176765,1,interior
0.1562799428945925,0.337057138807799,1,interior
0.15953852814336708,0.33384370151344084,1,interior
0.26094174042297946,0.1998945345761666,1,interior
0.2300024757452063,0.26840817526384503,1,interior
0.1922589905588358,0.2124900215042706,1,interior
0.20308464792784572,0.22977394792494535,1,interior
0.20827410508366076,0.23524845820752116,1,interior
0.2297522086745842,0.31401953527023835,1,interior
0.22161927781589738,0.30690494633578785,1,interior
0.17587422791975202,0.32037636603490127,1,interior
0.17993249264165534,0.31725258471613166,1,interior
0.18430643039914454,0.3186212461343193,1,interior
0.18654051553638104,0.32242986775661514,1,interior
0.20441818073977228,0.2261287902955537,1,interior
0.1793729687985017,0.18083688136974185,1,interior
0.1756481705314575,0.16892623370167503,1,interior
0.1583476800571324,0.3301839997103399,1,interior
0.15459921417224,0.33282953090792494,1,interior
0.15141461818789292,0.33771415088955037,1,interior
0.16994331928762899,0.2101442265272533,1,interior
0.21002999518658977,0.31630662824795003,1,interior
0.2006096699860524,0.3125798238518394,1,interior
0.20673705549045854,0.31262011503123266,1,interior
0.17978020164002548,0.17628259256085604,1,interior
0.17389627479354952,0.1829367002338336,1,interior
0.17481533266461854,0.17752303376007675,1,interior
0.17744948468606583,0.1859500983581496,1,interior
0.22877532278702067,0.3181879389288009,1,interior
0.2228605911595801,0.31120644758641325,1,interior
0.15816814813356583,0.16083284281201723,1,interior
0.153729991206133,0.16005486169447186,1,interior
0.19463087104104768,0.32058276821716575,1,interior
0.18948568478757652,0.3264058733870767,1,interior
0.19960703468701224,0.22314794085360548,1,interior
0.2165502635409879,0.2744912513748935,1,interior
0.22193177849500856,0.27917188992688197,1,interior
0.22589035386570447,0.28049272171136597,1,interior
0.21786865940487438,0.27932295798836615,1,interior
0.23231306266155896,0.31730590168250383,1,interior
0.1953047834965555,0.312205684726213,1,interior
0.19506245363078425,0.3161248351209486,1,interior
0.20196142999140942,0.3058462087351448,1,interior
0.204688956594254,0.30856938941643913,1,interior
0.19729566776577576,0.3080674863164015,1,interior
0.16762800099917927,0.21468631239366473,1,interior
0.16806225841885128,0.2224069209339158,1,interior
0.16568205306747422,0.2193363854225899,1,interior
0.16889413531477251,0.2263201116952994,1,interior
0.1746391738163984,0.22820510885406572,1,interior
0.19357361448076216,0.30489254304054386,1,interior
0.19835182369457427,0.3029567971481832,1,interior
0.19214995376882404,0.3093065929425157,1,interior
0.16970755517936378,0.2300534823098758,1,interior
0.16306505604668206,0.2248552905893416,1,interior
0.17242758798808153,0.16201500750621411,1,interior
0.16920800651936607,0.16548164096219334,1,interior
0.1647923611002486,0.16468031580541306,1,interior
0.21656826353642525,0.30665194817151203,1,interior
0.22035266399001463,0.30282549678203274,1,interior
0.21574731005272274,0.30216620113757203,1,interior
0.21783258024379726,0.3106694007458053,1,interior
0.21255421189502932,0.3206276239429621,1,interior
0.17306687218476588,0.19671207870618612,1,interior
0.1725151453256612,0.18827676874667135,1,interior
0.17671068189867783,0.1900085448124861,1,interior
0.19039085041590553,0.31353757157992285,1,interior
0.18947561196611523,0.31802390823056764,1,interior
0.19084301031033676,0.3224654551490387,1,interior
0.2346939245167865,0.2692379619092898,1,interior
0.20943577234127136,0.25140226295413054,1,interior
0.16158855574661093,0.22001055887500592,1,interior
0.17781683220895975,0.1728279757202373,1,interior
0.169747449857092,0.18005197422865038,1,interior
0.17380517819644534,0.17306809989922997,1,interior
0.16946798236061375,0.17465550342291872,1,interior
0.2146562242817312,0.31383773054561204,1,interior
0.16172244912041048,0.1693767255358272,1,interior
0.1602845335388448,0.1645075586799656,1,interior
0.1666493777124606,0.16973019045435225,1,interior
0.19797746563352656,0.24178608513453334,1,interior
0.20645722001930075,0.24555847597149894,1,interior
0.19743353515209305,0.2465551056033478,1,interior
0.19861475916403556,0.2282812228897162,1,interior
0.22493032192219595,0.2763424433430311,1,interior
0.17117076012663657,0.1698630158279136,1,interior
0.1659972703507544,0.1776367116539804,1,interior
0.17318194594919495,0.16607294840765344,1,interior
0.22203278604439933,0.28434860011521573,1,interior
0.21747603259844234,0.2840483352701865,1,interior
0.18844206376360048,0.2294825425844011,1,interior
0.18978498415875442,0.23429984115678812,1,interior
0.19551237491605233,0.23322155115605292,1,interior
0.18687057512081748,0.22209843621787528,1,interior
0.1961506132415837,0.2508355309424444,1,interior
0.20035736385382294,0.2511391814373392,1,interior
0.19313058406688852,0.24828888242256597,1,interior
0.19323624770880934,0.243347177537678,1,interior
0.18451493819659334,0.23711946054033053,1,interior
0.18089065979388882,0.2348540117381756,1,interior
0.19615115189115326,0.2550690428503137,1,interior
0.19227958264590075,0.25377997443383155,1,interior
0.15721020810474107,0.17405579649951577,1,interior
0.1572456987914938,0.1687237782496309,1,interior
0.1616423122066033,0.177440683787008,1,interior
0.16549531458609057,0.20657139897051835,1,interior
0.1644760179934114,0.21102537799743262,1,interior
0.16650438879393334,0.20207247289747066,1,interior
0.16804793238595606,0.19765898670453905,1,interior
0.1377172309640752,0.35410201226501137,1,interior
0.18956518490510335,0.2502685657651528,1,interior
0.1887624182032159,0.24614024324788583,1,interior
0.2156202611253907,0.22883722479317994,1,interior
0.2086678897042545,0.3082459333406173,1,interior
0.1719222046446203,0.323307907837596,1,interior
0.16590775702118998,0.3183274853056994,1,interior
0.1705888439764415,0.31762087019202123,1,interior
0.16778060702958134,0.326663874889816,1,interior
0.16727301752369964,0.32235479899585245,1,interior
0.16403349576001983,0.18199057189299062,1,interior
0.1637423816224118,0.17359164950140696,1,interior
0.16874081968547938,0.1848767468911551,1,interior
0.1937579237796148,0.23819585203881477,1,interior
0.18866206028201096,0.24030625152140625,1,interior
0.16374248085921198,0.3259551177838441,1,interior
0.16244143592059446,0.32183379844450344,1,interior
0.2188704964587788,0.2988669435799456,1,interior
0.22335173766423266,0.2983677052965625,1,interior
0.15800172999557016,0.14198548222584706,1,interior
0.2223001804870572,0.28987210027772814,1,interior
0.17232153324618193,0.23271099125358724,1,interior
0.1649631930139587,0.23023360238277826,1,interior
0.1677899679996991,0.2341714245039526,1,interior
0.2100549857097347,0.2685593404259098,1,interior
0.21350098414164373,0.27134588371684326,1,interior
0.17961330822355798,0.3129169409419181,1,interior
0.17626800823161062,0.3099533599566033,1,interior
0.1752016144095936,0.31498219479170747,1,interior
0.21476028285815782,0.2971998360547765,1,interior
0.21459183274401766,0.2915704483165195,1,interior
0.20476799385933786,0.24959232312295515,1,interior
0.22525128924131402,0.29369275095032615,1,interior
0.1671891349485972,0.23880604930058535,1,interior
0.1750733910224294,0.23942203930083888,1,interior
0.17170228657190045,0.23686593299395176,1,interior
0.15383357203808995,0.1787604056715382,1,interior
0.15205510039346684,0.16962053097238203,1,interior
0.1583361166344218,0.18020907499896796,1,interior
0.150292873397472,0.17551662789306907,1,interior
0.1832783427028254,0.24177075039435658,1,interior
0.15000344114461459,0.3312428272768628,1,interior
0.1541779633370692,0.32685216560900016,1,interior
0.16292859823428332,0.21541048564111534,1,interior
0.23687897552058607,0.27623269303364284,1,interior
0.1473561236240288,0.15533955720673692,1,interior
0.15542751410161273,0.16476758736804006,1,interior
0.15153328011353487,0.16464851213754347,1,interior
0.1498520828719684,0.15815890648218903,1,interior
0.14583998752615904,0.17936641257796251,1,interior
0.14962084336350592,0.18172770105271704,1,interior
0.1463833774084289,0.1709923317723738,1,interior
0.1453470125634932,0.17512628418929438,1,interior
0.16280178455778133,0.23611521101166905,1,interior
0.16709640195653308,0.24312348125370303,1,interior
0.16298894255336618,0.24183862107763066,1,interior
0.17122434434606104,0.24146791045755747,1,interior
0.2071332110053232,0.3035160907096711,1,interior
0.2031725454401428,0.2995167458229849,1,interior
0.20885124337759103,0.2976182993828495,1,interior
0.21214366780334676,0.29484727791332443,1,interior
0.20545504026317846,0.269510625271405,1,interior
0.20832699832155935,0.26438030257545625,1,interior
0.142359425577311,0.15819511450309642,1,interior
0.14728773929556235,0.1521511297850372,1,interior
0.1461411756956853,0.16030369017847507,1,interior
0.15132800007671493,0.1511639124562574,1,interior
0.1528190423658026,0.15520094574047077,1,interior
0.1469679434544358,0.16581371647897236,1,interior
0.2120861087264351,0.3055203077925299,1,interior
0.20692582648375654,0.3371108028979317,1,interior
0.16396906947979042,0.18731184466402695,1,interior
0.15917800249520184,0.18510589332368313,1,interior
0.2196332771653029,0.2940921102943396,1,interior
0.14153001942106327,0.1679557018756163,1,interior
0.21161838105942618,0.3010854628097803,1,interior
0.2033782844679362,0.25888281033435795,1,interior
0.20387764083404383,0.26372968389547086,1,interior
0.20767844677733396,0.2584817238232063,1,interior
0.18191071619256494,0.22283145094118315,1,interior
0.1996006444592159,0.26110303372340204,1,interior
0.1412990298163459,0.18101380648833065,1,interior
0.14502349970734635,0.18433880604787553,1,interior
0.1635766318278522,0.33063565569368664,1,interior
0.17640031452502097,0.23443478734830067,1,interior
0.19973603784243107,0.2646062101991532,1,interior
0.19222418869674854,0.25971164703289823,1,interior
0.19564860027086925,0.2649604604264269,1,interior
0.13904374969972447,0.3501381891722244,1,interior
0.1414299726444281,0.3467673286655302,1,interior
0.15906306492661682,0.32558257246752814,1,interior
0.18464889539426887,0.31404507358918066,1,interior
0.20026411432355162,0.2682309356813247,1,interior
0.14900362342128892,0.3255073471867472,1,interior
0.15219213056819259,0.3215260166750238,1,interior
0.1574880423556084,0.3211010040062575,1,interior
0.21224462538401406,0.27700355041573743,1,interior
0.21385638184672376,0.2861959720556284,1,interior
0.1411996626386439,0.17292859151184473,1,interior
0.20928387621127023,0.2824744264968482,1,interior
0.21384091338765177,0.2816634622422525,1,interior
0.20680923224943282,0.27584874696048833,1,interior
0.1891793779916631,0.3021654358737073,1,interior
0.19395070041896748,0.3003281573409132,1,interior
0.18700209200188578,0.3097320810493024,1,interior
0.18530486737196386,0.30493620524161025,1,interior
0.16622618138140327,0.31305834073337097,1,interior
0.16163864568501574,0.31293405933681095,1,interior
0.16203237652125677,0.31726310129791785,1,interior
0.20501037166087552,0.2936648362498023,1,interior
0.2107750507840978,0.28792680187837477,1,interior
0.20943979320909617,0.27270916731758527,1,interior
0.18478566004753127,0.2553105483965292,1,interior
0.1883094001046145,0.2576379005423289,1,interior
0.18819865957234871,0.2536826927896707,1,interior
0.15825964935846093,0.3155733665532436,1,interior
0.1547798979758728,0.31772393294708623,1,interior
0.1510890043023967,0.31661232743228335,1,interior
0.20260537151323868,0.2771623899839895,1,interior
0.20117726550112713,0.2810783881588657,1,interior
0.15835706815741046,0.2361367973825527,1,interior
0.15855147527565708,0.24062205932336186,1,interior
0.16423641808807,0.24739532076267218,1,interior
0.1591413797839144,0.24566645878430207,1,interior
0.17915074015671775,0.2397173023186607,1,interior
0.14682640412144252,0.3401182991135155,1,interior
0.15456213823898093,0.3132469198058702,1,interior
0.15100863551017812,0.31235649280868466,1,interior
0.18177673803560257,0.30882492758945823,1,interior
0.14011249658641403,0.18557112346808038,1,interior
0.1434312152698407,0.18934033787676366,1,interior
0.1490847859678839,0.1878636828463632,1,interior
0.1926642705159182,0.2691153405993476,1,interior
0.16826594534611305,0.25001709111885695,1,interior
0.18496053582821287,0.25090988721154484,1,interior
0.14642517223964063,0.3350651407794751,1,interior
0.1446669582865329,0.32942120130597174,1,interior
0.14515336580963137,0.3241421985820104,1,interior
0.15282233989379992,0.30826243314123186,1,interior
0.15785524446121815,0.31037856116842644,1,interior
0.14833826976718345,0.3097937722227422,1,interior
0.15397430145414867,0.1837695174840138,1,interior
0.16113483270417503,0.3284845976147256,1,interior
0.1749916048363625,0.2443880198997377,1,interior
0.20463033282938856,0.2542876674847012,1,interior
0.20667216470618377,0.2882682429066311,1,interior
0.2043224032239502,0.28462890408504576,1,interior
0.20007066081028882,0.29459384891464263,1,interior
0.2015455543907411,0.28946803661568504,1,interior
0.16441573960548558,0.19307076448321267,1,interior
0.15974807082406856,0.189931077549217,1,interior
0.16784129040454104,0.18943081557398433,1,interior
0.20536200599037743,0.2801459156727152,1,interior
0.1697765060835208,0.20550642038817535,1,interior
0.16089105702035938,0.20328314972301773,1,interior
0.16124610046998272,0.20778856888066324,1,interior
0.15897887580941236,0.21172584529738755,1,interior
0.16232169554876952,0.30858707741412933,1,interior
0.167488778930762,0.30656622617669566,1,interior
0.17119499292294538,0.3113174423786727,1,interior
0.17779652878224186,0.30588125160784474,1,interior
0.17315677086384954,0.3057835785018599,1,interior
0.15430069053909304,0.23886141182325002,1,interior
0.15362511648944882,0.24400889115945554,1,interior
0.16571316894533028,0.3015388142746183,1,interior
0.16201792635632767,0.30428038209873287,1,interior
0.15551927674628754,0.2143861770155236,1,interior
0.19820141912639816,0.2984382080426077,1,interior
0.19435848818664433,0.295158089266379,1,interior
0.18961469361467756,0.29806920349903526,1,interior
0.1961353487957575,0.2718463894978989,1,interior
0.19034572536817254,0.26506894188210456,1,interior
0.16279973866657707,0.19837238711373706,1,interior
0.16973381085563674,0.19312980519779602,1,interior
0.15937852507986336,0.1947566901294587,1,interior
0.14949619102775075,0.16182998761712378,1,interior
0.14716708173916335,0.31961854217358426,1,interior
0.14295281023953227,0.32051868052624916,1,interior
0.13934110584058626,0.32981922794941254,1,interior
0.14092888385548416,0.32497892783487287,1,interior
0.1415730561710349,0.33450282396172676,1,interior
0.15453671262735122,0.18842881455643076,1,interior
0.1833858804766475,0.2592505924881011,1,interior
0.18697851401250867,0.26213590158755323,1,interior
0.2383244807244129,0.26153529099786205,1,interior
0.19670313697495131,0.291405156169602,1,interior
0.19156717904454254,0.28952938386025795,1,interior
0.1898941871993518,0.29377328406191705,1,interior
0.21833301192850818,0.288593559898029,1,interior
0.1968011099599057,0.28206083827204925,1,interior
0.198414901455471,0.2770165382203982,1,interior
0.20014540005059617,0.2851605291091256,1,interior
0.13907073703537745,0.3201761827996783,1,interior
0.18369458560863405,0.2995906002030919,1,interior
0.1893831952971769,0.30627435358373695,1,interior
0.15695522969436085,0.3052507937225846,1,interior
0.1335955166157431,0.36005172282235703,1,interior
0.1285277777229011,0.365018628461014,1,interior
0.13105016319225735,0.3620921683396361,1,interior
0.171080435167342,0.3008684616115623,1,interior
0.1675368232745601,0.29778764693874893,1,interior
0.16353520106166713,0.2971192301455574,1,interior
0.1614682874575608,0.3001249821815198,1,interior
0.15922894476351276,0.2516745128991496,1,interior
0.16483406084038824,0.25342679986380046,1,interior
0.18043518856948035,0.255208249730844,1,interior
0.1837668675583594,0.24661306455598886,1,interior
0.1803843352909995,0.25024629020954964,1,interior
0.18627116924015735,0.24357108134822322,1,interior
0.17955728553264375,0.2452160055651005,1,interior
0.17705478734303032,0.30104967513352854,1,interior
0.13878471604295148,0.16312566577326887,1,interior
0.14293359266294664,0.16315541927460234,1,interior
0.1886432803525469,0.26938358074757524,1,interior
0.1901671654675118,0.2737658018722432,1,interior
0.13563034976782326,0.3249126566242567,1,interior
0.13562192409464424,0.3198208035562181,1,interior
0.14462755680950048,0.3118392876379589,1,interior
0.19400333570358774,0.2772474613462934,1,interior
0.15098254867391597,0.19352437264343364,1,interior
0.14596950579194187,0.19357215681084697,1,interior
0.1680185042542682,0.2569378690229082,1,interior
0.1603338891133291,0.25720217316773547,1,interior
0.16474262596525371,0.2590120169986218,1,interior
0.17095398557689717,0.2538825529414922,1,interior
0.1568650971294698,0.26179919642128796,1,interior
0.16131745545367535,0.26222172498666174,1,interior
0.16593827246060358,0.26392048049988975,1,interior
0.1554484374900059,0.25688351288309574,1,interior
0.15836716216845373,0.2665965739246353,1,interior
0.1624916444630173,0.26629125642208296,1,interior
0.2122923591506943,0.3106517065445665,1,interior
0.20161282457444982,0.27303028059525725,1,interior
0.16609023907335882,0.26864407197007284,1,interior
0.17105297294560703,0.26628160618183266,1,interior
0.17158687225669372,0.258251020350854,1,interior
0.16908617028171655,0.26136150246905177,1,interior
0.16684002466869566,0.2932225489460161,1,interior
0.17444277700310237,0.2959113702961282,1,interior
0.14195453672494476,0.3154486994082341,1,interior
0.1370383640915878,0.31147524094446805,1,interior
0.14482460593066285,0.3081676307797133,1,interior
0.14232668491378955,0.3052548428290683,1,interior
0.1410759957245357,0.30995175029687155,1,interior
0.13798468409901785,0.15889091364766914,1,interior
0.16986262258666981,0.2459488174097584,1,interior
0.1348398650544551,0.16154520181888285,1,interior
0.1706883776918991,0.2953345138587256,1,interior
0.14091136391460585,0.19406855884122912,1,interior
0.1381320841818792,0.18998607283027416,1,interior
0.19886659155799877,0.23725766822543146,1,interior
0.1789924077953648,0.2966759198004064,1,interior
0.17740374218812735,0.2916220507313194,1,interior
0.1721282082836565,0.2897342208799077,1,interior
0.13690443094465546,0.33508330218706966,1,interior
0.14325360255571679,0.3386039254605916,1,interior
0.13947030086698317,0.3396954957731004,1,interior
0.14645327199590127,0.23733666941179712,1,interior
0.15188959871782964,0.23241425479253972,1,interior
0.15091266821989932,0.2363121934675303,1,interior
0.1895054934777984,0.28418692884521873,1,interior
0.18610875555474085,0.2868758677402457,1,interior
0.19352276290846973,0.2852285132247189,1,interior
0.17537365131189644,0.25713407917165987,1,interior
0.14361929469347856,0.23354402567526356,1,interior
0.14963068305212293,0.24099097102942305,1,interior
0.14478229701448128,0.2417570650316859,1,interior
0.1418904749819321,0.23750994327870698,1,interior
0.14796027012708085,0.23301422097259294,1,interior
0.23853027934053195,0.20342356207348997,1,interior
0.18621098748205314,0.2912294010021598,1,interior
0.18216557449378887,0.29399820948263633,1,interior
0.1306359319434322,0.3574018064417208,1,interior
0.15494724388805828,0.2296781555827364,1,interior
0.1530769358810351,0.22541923403995093,1,interior
0.18155307651404748,0.2890655886301691,1,interior
0.1852355967655168,0.2817768961124038,1,interior
0.18180064545276536,0.28454036397090515,1,interior
0.13661840348516271,0.31553108733251184,1,interior
0.15572353854272256,0.1921353346744862,1,interior
0.15481335117482545,0.19593517826403287,1,interior
0.1521001549060663,0.19973462442695486,1,interior
0.18496881423702782,0.2717255227574647,1,interior
0.184957677563775,0.2766372687019487,1,interior
0.18925765488986443,0.2789960775913963,1,interior
0.17535634984527557,0.27074023173503875,1,interior
0.17004375018073997,0.27098662839127086,1,interior
0.17378780965465948,0.261869177110738,1,interior
0.1771921599740844,0.28551349498420714,1,interior
0.1349292678836198,0.356769537535295,1,interior
0.12893404142557985,0.3537079361747427,1,interior
0.1271809251450747,0.36128413424009587,1,interior
0.13380451767605006,0.35165186028511425,1,interior
0.12878571473894918,0.3493752258678707,1,interior
0.13760408197570204,0.1768990239107983,1,interior
0.13234035076260947,0.32096376341690985,1,interior
0.1313522906587418,0.3282401656655036,1,interior
0.18614622338145276,0.29559549385463146,1,interior
0.20006489243579886,0.2563418021698219,1,interior
0.14198335124706696,0.17718347831201622,1,interior
0.1528139731577925,0.21071663821151518,1,interior
0.1567299874331541,0.20709394847676207,1,interior
0.1587870890257173,0.2169399157761068,1,interior
0.17666279292356377,0.24862598033040667,1,interior
0.14766328751016827,0.30500909999468345,1,interior
0.1580828509786057,0.30131946689426153,1,interior
0.13522621468024704,0.33034955505889085,1,interior
0.12399472257716865,0.3655422315816438,1,interior
0.12520727287788377,0.35682389346537435,1,interior
0.12003844920424278,0.362725493573345,1,interior
0.13745301661445242,0.16704990117063534,1,interior
0.1338605797075745,0.16562712136637722,1,interior
0.15565875014493316,0.20293780906183745,1,interior
0.17603867282824115,0.25282068849804995,1,interior
0.15554527795460737,0.24847002154949632,1,interior
0.1767731964232131,0.26553225509579853,1,interior
0.18045953657498945,0.27384152343248225,1,interior
0.18067677438937066,0.268800838851172,1,interior
0.17162590219343796,0.27536154861624335,1,interior
0.15145167680899507,0.24843889644905853,1,interior
0.15349643620223977,0.25264137071022646,1,interior
0.1737910301992211,0.19256389352299794,1,interior
0.1316544564396918,0.33372579217825915,1,interior
0.136074615645765,0.3402238374453227,1,interior
0.13221438383099215,0.34675910310280333,1,interior
0.137120835308258,0.345287878045304,1,interior
0.15757764080699713,0.19920243286680875,1,interior
0.15484475480701324,0.21854506162363213,1,interior
0.15159585066156195,0.2161033955411021,1,interior
0.15720968197765403,0.2220548523521149,1,interior
0.1854101703187443,0.2667774914078667,1,interior
0.2046608648763108,0.23311476594005698,1,interior
0.20040217524696682,0.2330203380966801,1,interior
0.21754863748448217,0.3200599564513195,1,interior
0.12602817715822778,0.32684510411747375,1,interior
0.1297749847610863,0.32361198639297206,1,interior
0.12833022729855734,0.33091716327969056,1,interior
0.1487142690081189,0.21327321346884553,1,interior
0.1425843262663097,0.3430073456855083,1,interior
0.17856326381153595,0.26048684360334246,1,interior
0.14180712296816336,0.2460313966027882,1,interior
0.14061695360545615,0.24143196330992103,1,interior
0.14766460688821104,0.24607759115160358,1,interior
0.15848416872833626,0.29647781892838243,1,interior
0.15178913330934193,0.2056103661061437,1,interior
0.13627068702425088,0.17101125034793735,1,interior
0.15994479857828373,0.23100834925663968,1,interior
0.15804119776641395,0.226485872962415,1,interior
0.15082763923752035,0.2212585074163604,1,interior
0.15014623430321952,0.2567798629748091,1,interior
0.15230624277426694,0.261567616216176,1,interior
0.14732137816149357,0.26144238061165914,1,interior
0.14475133064439952,0.25538407030206306,1,interior
0.14722652689748972,0.31456363040011054,1,interior
0.15202292198510073,0.30357848101918633,1,interior
0.19670624492248312,0.2874016040660703,1,interior
0.14839079621208753,0.20332464808239364,1,interior
0.1474855624449282,0.19853906774531063,1,interior
0.14401880903794467,0.30102644195154693,1,interior
0.13875173034134705,0.3020201831550013,1,interior
0.15389193185766997,0.2996202992076808,1,interior
0.1500423321626536,0.29531872791956065,1,interior
0.12451743860205973,0.33123518494706594,1,interior
0.1291805735971859,0.3386758076069465,1,interior
0.12450426145759456,0.3520325368965807,1,interior
0.12761680977356946,0.3439214129012686,1,interior
0.12467254585181169,0.34756441575339386,1,interior
0.15233182165846895,0.29046187744960134,1,interior
0.15828277085651343,0.29005333896081026,1,interior
0.16185481755814815,0.29353316351235276,1,interior
0.14993785526992695,0.26585512822822954,1,interior
0.14448034217002012,0.25010667218257804,1,interior
0.17528719006445606,0.2798909297210259,1,interior
0.16843291402174052,0.284112269213782,1,interior
0.1349676348303201,0.18559680931319353,1,interior
0.18018051264349827,0.2796761161590075,1,interior
0.17660843313598754,0.2756744413040794,1,interior
0.17294792931151032,0.2840547926484772,1,interior
0.17115046033815876,0.2800472451658891,1,interior
0.16573451579577284,0.2736867656022202,1,interior
0.1475692034003727,0.22525015161152295,1,interior
0.1501500765235274,0.22900789979780092,1,interior
0.14551779041442645,0.22922925570574826,1,interior
0.14855801524063508,0.29989472848281756,1,interior
0.1445913208906807,0.29557624264638693,1,interior
0.14719096601402712,0.29098434002581336,1,interior
0.14294968665705696,0.19848677149646757,1,interior
0.16342271754269494,0.29019405361336437,1,interior
0.16736187699712204,0.28856826336784114,1,interior
0.14176813114394346,0.22550308049283335,1,interior
0.14158367721274878,0.23001270570266102,1,interior
0.14470196846168448,0.22153036289856934,1,interior
0.1374494152986588,0.18186305649122889,1,interior
0.14195691345252534,0.3493294515244914,1,interior
0.1465052619593871,0.2087078728634077,1,interior
0.13278038138449627,0.3168379854539196,1,interior
0.12867771203064374,0.3181298724179314,1,interior
0.13280485493144048,0.17513747897219903,1,interior
0.13088942579561286,0.1700680782860228,1,interior
0.1338154013820701,0.18016464608211016,1,interior
0.12834816271487565,0.17474560153783228,1,interior
0.14136922694633774,0.2905022539488774,1,interior
0.14102276566033475,0.29819717881385566,1,interior
0.13894608955573104,0.2946073371805408,1,interior
0.13841382822912185,0.23341117297317232,1,interior
0.121636055684559,0.32906966702354035,1,interior
0.12086860082234224,0.32492216334324026,1,interior
0.12487585511383821,0.32189825438589753,1,interior
0.1379989792271363,0.22861036431257928,1,interior
0.1391867479462026,0.220906819561423,1,interior
0.14485097749268344,0.21376496504178416,1,interior
0.14210711340507506,0.21720029711281544,1,interior
0.14711513066397827,0.21770135533369614,1,interior
0.11580818406317561,0.36413907567200915,1,interior
0.12086219536384193,0.35853071778113155,1,interior
0.11932951561601633,0.36681669893426444,1,interior
0.16377421671608738,0.28188917046914563,1,interior
0.16747747899734522,0.27857273796947285,1,interior
0.13129227773023933,0.31231939329849523,1,interior
0.12666143593777643,0.3141372914768454,1,interior
0.20953719351442449,0.2922117619936832,1,interior
0.13042990344470623,0.18692222928016317,1,interior
0.13293801771369038,0.1905169154978729,1,interior
0.13713184322812474,0.2978205924181359,1,interior
0.18122360859225178,0.3037449263092305,1,interior
0.1324626569169658,0.34231493495312176,1,interior
0.12444889448951868,0.3390583741568817,1,interior
0.12185204437546511,0.3437504733202385,1,interior
0.1583920300040385,0.28355255051065253,1,interior
0.15442999773038657,0.28613342614512743,1,interior
0.11979134529373855,0.35437079950956213,1,interior
0.1631451605028773,0.28623077349211906,1,interior
0.152592239666349,0.2809365409204957,1,interior
0.13355419268540636,0.3081759470542539,1,interior
0.13392982950360305,0.30387015815467994,1,interior
0.13450316127121673,0.2999164522785812,1,interior
0.13727360625026244,0.21589517836033797,1,interior
0.1409740196143239,0.2121320800169457,1,interior
0.16026536646765294,0.2794764649501287,1,interior
0.13573658597115057,0.19445347032783303,1,interior
0.13980278533137072,0.2027695171306397,1,interior
0.12395921117667504,0.17430481070269305,1,interior
0.13007120168445144,0.1655789583692555,1,interior
0.1552639085200294,0.2340910794555392,1,interior
0.12929150833956005,0.30602087541814643,1,interior
0.13728869602658286,0.24778574376796283,1,interior
0.13728537482330438,0.24327035478933154,1,interior
0.13346344418203285,0.24572432982879802,1,interior
0.11154857368842193,0.36213789247609024,1,interior
0.1161919993104368,0.3592169257710089,1,interior
0.11518015782846243,0.3681356366090415,1,interior
0.1485439167202039,0.2517430600310611,1,interior
0.14058791902741666,0.20754243751647805,1,interior
0.13576824981884475,0.20189765921815733,1,interior
0.14430440316233265,0.20339988567669873,1,interior
0.13330739022613985,0.1986382283194114,1,interior
0.13025343994000435,0.19477861891590853,1,interior
0.10574650710702771,0.3710248720140262,1,interior
0.13168668198674408,0.2031970395326177,1,interior
0.12855758465756342,0.19947118613527856,1,interior
0.1382433784507868,0.1983414407294252,1,interior
0.13541651809486085,0.21085398279961381,1,interior
0.13570155025551922,0.2060268565350335,1,interior
0.1269776428578404,0.1713009990995396,1,interior
0.12509863025570353,0.17873494872744058,1,interior
0.12088094211425966,0.17749101866453976,1,interior
0.1613099685796567,0.2704850794688498,1,interior
0.17271987669786357,0.24937244968229452,1,interior
0.15614543578710188,0.2719232623476793,1,interior
0.16031740769791186,0.27494462093568967,1,interior
0.12712404084893122,0.19021220014373696,1,interior
0.11743578461655702,0.34173932451610095,1,interior
0.12046668257917975,0.3490216901761831,1,interior
0.12016886584419958,0.3389217469022539,1,interior
0.12628430296202098,0.3014173319886945,1,interior
0.1259964862896187,0.3098762815893096,1,interior
0.12424817801806287,0.3055959873332168,1,interior
0.1305179202313608,0.3004598838895569,1,interior
0.13744354128979866,0.23835400353157607,1,interior
0.13344504946450603,0.2303919373634831,1,interior
0.1335915995359838,0.23555903717116256,1,interior
0.12959113979015355,0.23860205620606556,1,interior
0.14063354299807293,0.2849430155702071,1,interior
0.14477198642757658,0.28325124420996933,1,interior
0.1366461033492337,0.28737506762206805,1,interior
0.153033909301629,0.2756703765705744,1,interior
0.1504274973865101,0.2711822537956407,1,interior
0.1493111368409394,0.27635525249246456,1,interior
0.11713103284251947,0.1763138812976426,1,interior
0.12005543158446222,0.30533255555230815,1,interior
0.12176980586705659,0.301628827308608,1,interior
0.12079829031950977,0.30906379062497985,1,interior
0.12330829445170113,0.297988345395675,1,interior
0.14933465738111865,0.28554575926922016,1,interior
0.1470196689871164,0.2798023306391771,1,interior
0.15656469220177396,0.2779499666042981,1,interior
0.16356563731917348,0.27756013154952525,1,interior
0.11731439176061377,0.3286818788712366,1,interior
0.11565689724775711,0.32355664651103466,1,interior
0.1236330663366008,0.31747185048446896,1,interior
0.13104201661109863,0.18306283090505648,1,interior
0.12327802385538718,0.18701340575773578,1,interior
0.12440304366944499,0.19578008843830186,1,interior
0.1266793551415742,0.18389730121517064,1,interior
0.12129199134905048,0.19130259537979674,1,interior
0.12996446916032153,0.2113987962789749,1,interior
0.13213070034752272,0.21531169154964205,1,interior
0.1362607053191085,0.29163480759270277,1,interior
0.1327802329847239,0.2951893115482693,1,interior
0.13576771366120666,0.2248750393979801,1,interior
0.1341335699277679,0.2197476195928076,1,interior
0.13126272187467972,0.22292609185916934,1,interior
0.1294339394807393,0.17913142000697557,1,interior
0.12146870044949608,0.18256932959142852,1,interior
0.12477161615943545,0.20908366262650202,1,interior
0.12865637095537447,0.21933078482010565,1,interior
0.12704720359142133,0.21433330892969668,1,interior
0.12739300283801058,0.2964069682454742,1,interior
0.12781262918044956,0.22963911262708003,1,interior
0.12711537172969062,0.29123512631171816,1,interior
0.14627707671112458,0.2676595230700509,1,interior
0.14493861912134978,0.27371294115428213,1,interior
0.12289656675506747,0.20440092630880335,1,interior
0.12377997031103133,0.21736827716149432,1,interior
0.11926396995812831,0.21061996258485824,1,interior
0.12259425385155928,0.21334192990346268,1,interior
0.1191528609462508,0.3162219239547475,1,interior
0.11431362000775915,0.3177061313139688,1,interior
0.11040215855854497,0.3224167307170223,1,interior
0.11963685674481912,0.3203997641892635,1,interior
0.12244044541599206,0.240128469587517,1,interior
0.12545182719577114,0.23732137898550296,1,interior
0.12617612762546157,0.24256192575642826,1,interior
0.1963378210503399,0.2594198311598478,1,interior
0.12216387150539613,0.31307247351032325,1,interior
0.12049760143338732,0.3340798456345885,1,interior
0.1306755779590592,0.2077020525511347,1,interior
0.12717409334022078,0.20436874461052187,1,interior
0.09996071302973272,0.37284234658847476,1,interior
0.11686220068901414,0.31236965322864574,1,interior
0.12451282201670485,0.20061125107798095,1,interior
0.12016849135400258,0.20045299657040325,1,interior
0.11567955881277747,0.20306243194816653,1,interior
0.11525070143982155,0.33766441236833283,1,interior
0.11677804502474931,0.34583520287378033,1,interior
0.10365745153214359,0.36886418479424243,1,interior
0.10831776962454104,0.3689424213732638,1,interior
0.09979280846132917,0.3684981108763142,1,interior
0.10715241098579868,0.3650908114989014,1,interior
0.11570093840381183,0.30707971860193545,1,interior
0.11110600614073697,0.31176169921328795,1,interior
0.11587271268457426,0.35055976182517146,1,interior
0.11481815232926178,0.355010205675929,1,interior
0.1415226212382229,0.2791638702430489,1,interior
0.1225016786044578,0.2937747389542087,1,interior
0.11692167493189624,0.18396710087873713,1,interior
0.11853857800899022,0.18734704918927503,1,interior
0.11748678372220754,0.18012594368443924,1,interior
0.11879704764934389,0.21614275832509605,1,interior
0.1207072450110469,0.2202272443530437,1,interior
0.11439748427053138,0.21694131996654512,1,interior
0.11854991211666513,0.29777437246654415,1,interior
0.11453030350513543,0.3015678914873667,1,interior
0.12168002287717986,0.24383464799110777,1,interior
0.129060736506496,0.24728534685920692,1,interior
0.12397309805940852,0.24746867900581027,1,interior
0.11113742827680273,0.3355608884468671,1,interior
0.11284468125506568,0.3425161363783336,1,interior
0.1094238397252149,0.33917105670724573,1,interior
0.11472488771114171,0.33255061632827904,1,interior
0.11091838920908866,0.30539722830044275,1,interior
0.1447931664476833,0.28736247989566405,1,interior
0.15464242629950858,0.2944673511395051,1,interior
0.15401582733636834,0.2666929598036381,1,interior
0.131939288349232,0.28972113165011265,1,interior
0.13612653284280232,0.2818329048644768,1,interior
0.13282878441823498,0.285364662741247,1,interior
0.12641370581635014,0.33488600581083733,1,interior
0.11034102264101849,0.3574578607723606,1,interior
0.11118486589706461,0.35223093137490274,1,interior
0.1377752044777295,0.30666458897101323,1,interior
0.11495557686133544,0.19145888080593582,1,interior
0.11881743897129865,0.19539538774163845,1,interior
0.11174722831821818,0.32768439033524605,1,interior
0.19269072782642177,0.28138227931218446,1,interior
0.09538705770028344,0.3621474131729917,1,interior
0.101636965279597,0.36331601623134885,1,interior
0.0969773872069011,0.36621484231448614,1,interior
0.11410956559545543,0.17833396153386247,1,interior
0.1135991210724901,0.18213556865866923,1,interior
0.11307811855341329,0.18701850550983137,1,interior
0.10655953126243155,0.30181463523490815,1,interior
0.10663591239269195,0.3080098072285782,1,interior
0.11075073736835869,0.3003524383830369,1,interior
0.13026620819156917,0.24294185487687617,1,interior
0.13366590132114628,0.251546562603397,1,interior
0.10431167884114102,0.3576961039219404,1,interior
0.09935712505318402,0.35776807519585696,1,interior
0.10684063928858833,0.3611093800155035,1,interior
0.13407251428422468,0.2565530707848065,1,interior
0.13896579811944113,0.25623240595859315,1,interior
0.14004365105462394,0.2514494297937645,1,interior
0.1270066850466156,0.2517247534940712,1,interior
0.1068719001012616,0.353901086707289,1,interior
0.10432990301425467,0.3133577239601785,1,interior
0.10848209746305383,0.3174247897236378,1,interior
0.13226432232850363,0.26134748356263654,1,interior
0.1363757330496027,0.2601295729620307,1,interior
0.12957897462110993,0.25598605800989166,1,interior
0.12491202442515725,0.2644911904002387,1,interior
0.13265918291733106,0.26756958099151973,1,interior
0.1273675089567682,0.2602431806861694,1,interior
0.13659552516485654,0.26477987931610847,1,interior
0.12825739232063244,0.2854838786005236,1,interior
0.12187671384812242,0.2682468132664891,1,interior
0.12736334882666805,0.26831221448444365,1,interior
0.11996816395413094,0.26387542111765194,1,interior
0.12467318625350533,0.2722039046869699,1,interior
0.11991030020018119,0.2594996663316792,1,interior
0.12451720957021777,0.2214264233716884,1,interior
0.1030000818807627,0.30485972498025077,1,interior
0.10100528875684593,0.3005662262673933,1,interior
0.10460916835862653,0.2967667297539668,1,interior
0.10898793579704623,0.296423497263275,1,interior
0.09805228835135005,0.30441984861056665,1,interior
0.12671629260820735,0.22484092045206935,1,interior
0.12112866442450636,0.2885139754845782,1,interior
0.11732938607752846,0.2925599391609379,1,interior
0.1226674188233875,0.22871680230831393,1,interior
0.13114655365421454,0.22671366074993493,1,interior
0.09681455603258086,0.3083136230283124,1,interior
0.10142866278289787,0.3089108463135013,1,interior
0.09443094884751851,0.29957170301058755,1,interior
0.09975406331566698,0.29616601354790073,1,interior
0.12120060485859303,0.2246508157447178,1,interior
0.11781979777595439,0.2409400893625348,1,interior
0.11958386131597729,0.23237434286647313,1,interior
0.12057762783073606,0.2365299009416382,1,interior
0.13321895885914642,0.3378246725845962,1,interior
0.1818664637652542,0.2638584459285586,1,interior
0.13362199489202548,0.24058381922725866,1,interior
0.11590369359812776,0.2670709249429001,1,interior
0.1183983050224351,0.2559507967255618,1,interior
0.1232827209521824,0.26087215709990674,1,interior
0.11411141223836248,0.2560546702518424,1,interior
0.12382790113997647,0.2562731374381445,1,interior
0.09594482895498237,0.29433843489620914,1,interior
0.09107531533059629,0.29378865795521936,1,interior
0.09228861012153092,0.30591328257677464,1,interior
0.0877158999525297,0.2982669046569782,1,interior
0.11684636015513268,0.22204587655973734,1,interior
0.11693417009736698,0.2286332015261976,1,interior
0.1399404511741146,0.2621436938166574,1,interior
0.14305622368040488,0.259505887318808,1,interior
0.12365913275188471,0.36109602357238685,1,interior
0.10488886667290633,0.32203122596909867,1,interior
0.10344592033623341,0.31800632827117414,1,interior
0.10199746993563677,0.3523440071236957,1,interior
0.10710274760212217,0.3493768398846841,1,interior
0.13200104877358712,0.2773120394328433,1,interior
0.09244507265641899,0.3665977724842764,1,interior
0.09497617163006533,0.35739331816128483,1,interior
0.09151366591657836,0.359450285694796,1,interior
0.08939086399914738,0.36312413168021207,1,interior
0.08685835617484627,0.36740346698980286,1,interior
0.09084702092459648,0.3701309397219189,1,interior
0.13685834898111396,0.2771207605061944,1,interior
0.13988125657314704,0.2734672415404042,1,interior
0.11182245333955017,0.34727637984617105,1,interior
0.12126782936845293,0.2516510367959543,1,interior
0.09816133214840296,0.3126008259543708,1,interior
0.11897204068208345,0.2725395865753037,1,interior
0.11017759941915174,0.18374880497144683,1,interior
0.09650743027154511,0.35297397749390497,1,interior
0.10612899508084532,0.32618847073170554,1,interior
0.08737490134264649,0.37248611005213006,1,interior
0.08154195593337961,0.36740929855255233,1,interior
0.08349892082089985,0.3626453035942799,1,interior
0.08302676329096076,0.3707427263971123,1,interior
0.11035092012033594,0.19485124751509728,1,interior
0.10866224657162848,0.19074054008983538,1,interior
0.110786606769268,0.23083447407454583,1,interior
0.11340059694808646,0.2259662111851412,1,interior
0.11538990584725359,0.2350866874304087,1,interior
0.0958279260650209,0.3753162945854882,1,interior
0.10012950611983047,0.32575023554741417,1,interior
0.09973358920201354,0.3209287515460746,1,interior
0.09891516527783552,0.31633423796176846,1,interior
0.14137372310393936,0.26800132656348,1,interior
0.14370082890734004,0.2639429729028907,1,interior
0.13469541367415686,0.27284347791912383,1,interior
0.1312405627632791,0.28173728950324767,1,interior
0.12728474722939245,0.28003989836362786,1,interior
0.11117520908926372,0.2526993997684142,1,interior
0.11605950910315739,0.2517755627432426,1,interior
0.10809463121812884,0.18729648131636867,1,interior
0.09113296994696507,0.3547807337319666,1,interior
0.08589731479661888,0.35436755329204583,1,interior
0.09882016051461764,0.3764211334188419,1,interior
0.09504308941199041,0.31919736824206457,1,interior
0.09285305050218737,0.31545698538527,1,interior
0.11376848766381192,0.2965672567750483,1,interior
0.10735642776984378,0.29195818563209225,1,interior
0.1122219432244461,0.2919517741412668,1,interior
0.10323732408874683,0.29262725914554755,1,interior
0.09553730363399124,0.37077276056011754,1,interior
0.1069541210652408,0.19890731780382714,1,interior
0.11165052945234634,0.19977489506938104,1,interior
0.11608802688708966,0.1989933878335283,1,interior
0.08898433784078641,0.3109520700463709,1,interior
0.08716907194462535,0.3161842392686678,1,interior
0.09008779171189987,0.32177217714949263,1,interior
0.13720535276530652,0.2693557855953063,1,interior
0.1300065081430014,0.2721979490663038,1,interior
0.11806841186718398,0.28338719650812544,1,interior
0.11545618246687706,0.28761353673966056,1,interior
0.12482257368922892,0.2872356974825714,1,interior
0.10441470657613847,0.2875684241944595,1,interior
0.10628355018711431,0.19410393885864277,1,interior
0.08552956836181733,0.3068360944557314,1,interior
0.0894000289436356,0.30270184366151576,1,interior
0.0847688141773464,0.3206943343265073,1,interior
0.08360286146805301,0.3118029526518258,1,interior
0.07915857707804044,0.3133775998067151,1,interior
0.08181073635822754,0.3169787758432507,1,interior
0.11024163282484141,0.2875850826127015,1,interior
0.09276101723407944,0.34939739998631675,1,interior
0.08712455488456028,0.35878142807174657,1,interior
0.080787969719171,0.30375256889600377,1,interior
0.08520078271855178,0.30248850398279803,1,interior
0.08290462307300746,0.30000885895164664,1,interior
0.110588806560678,0.21717569474989426,1,interior
0.11553861028410388,0.21263792388614594,1,interior
0.10725442473207725,0.3439628208302018,1,interior
0.10316671405775105,0.3473539727469971,1,interior
0.10158344489410726,0.3432579045315622,1,interior
0.11267815271385186,0.24009190549436418,1,interior
0.11831894826132534,0.24699772775225745,1,interior
0.10682830799412135,0.2608708656381865,1,interior
0.10999551175817061,0.25789123127031743,1,interior
0.11114203265577925,0.2632740502140478,1,interior
0.0997651289651051,0.2911425431861957,1,interior
0.12749752554482374,0.27565893574140776,1,interior
0.10589500782105389,0.2654566731325185,1,interior
0.1038428425602428,0.2566757484275896,1,interior
0.10713436731774861,0.2536944442675816,1,interior
0.11055724312421991,0.2676789603126963,1,interior
0.10218306007307308,0.2612568170531932,1,interior
0.07645074452427876,0.3179394339919384,1,interior
0.09272815916431347,0.37723380184951066,1,interior
0.11033141825793655,0.23601220109098914,1,interior
0.08212346855861642,0.3574314773278883,1,interior
0.08104880451133306,0.35276497030970383,1,interior
0.08478101719991306,0.3497362555726416,1,interior
0.1072013989761669,0.33008523499879794,1,interior
0.09416862607580777,0.32664328427676287,1,interior
0.09554515257124302,0.3230216089990219,1,interior
0.09793513143977708,0.3474436728803169,1,interior
0.0887641130010433,0.3508718365551856,1,interior
0.10739471522672946,0.2487502447434391,1,interior
0.1029999091906529,0.25154285676516336,1,interior
0.09891827640765151,0.2534134077721822,1,interior
0.11542415326409018,0.26079406659255444,1,interior
0.1194044780797454,0.2060543297747244,1,interior
0.11243182568320405,0.2719678400515151,1,interior
0.10746081066992463,0.23975596102878272,1,interior
0.11444808319876687,0.24425058592788532,1,interior
0.1292605598826509,0.26437326157290525,1,interior
0.12306999231193767,0.28273044726253005,1,interior
0.07854030849106076,0.36425557068416825,1,interior
0.07843675339627593,0.3597918863078082,1,interior
0.11537386218935423,0.2794947265378378,1,interior
0.112625609546338,0.2827259180508004,1,interior
0.11936852815696918,0.2782958311642772,1,interior
0.11281183337235288,0.24828286834775756,1,interior
0.10975657423630251,0.24428805247951835,1,interior
0.07448639498209496,0.32379941275731744,1,interior
0.07992885462050801,0.32211959134129037,1,interior
0.07274013223829227,0.3158216842710064,1,interior
0.07528779654495432,0.31234094472712987,1,interior
0.12418007262957015,0.23305264840582426,1,interior
0.10281344429612493,0.33028633826977133,1,interior
0.1116302024729941,0.27722684444939644,1,interior
0.1073465855230293,0.2751453798039288,1,interior
0.10666292050297,0.27072046138010314,1,interior
0.0712548749333986,0.31248632966337775,1,interior
0.07256856373191052,0.30761595497541144,1,interior
0.07115644303223105,0.31954431353126017,1,interior
0.07886125162288138,0.3083096960210593,1,interior
0.10478562968883713,0.2285102531139355,1,interior
0.10884112456253943,0.22532626068582495,1,interior
0.12321433629208682,0.2768759505350565,1,interior
0.08386944136637062,0.373712665938904,1,interior
0.07335925442279982,0.3582763562123528,1,interior
0.07508647152341204,0.3615011308599744,1,interior
0.07692892475324103,0.35539368667663435,1,interior
0.10622162127956929,0.3346970810078749,1,interior
0.11021129522000908,0.3320592345773372,1,interior
0.11785286401386981,0.30250775019214304,1,interior
0.10539400758670005,0.23450680111229413,1,interior
0.10249856715142464,0.23932708558316876,1,interior
0.104721236472532,0.24381171021475356,1,interior
0.06861227024108883,0.31596276352787317,1,interior
0.08826700219312504,0.34567163600701256,1,interior
0.09285404290664773,0.34424704136476136,1,interior
0.0692425063100251,0.3228548861910655,1,interior
0.064986274015651,0.31925579703895224,1,interior
0.07579000527053971,0.3035746057328747,1,interior
0.09976278640418723,0.33898762805799043,1,interior
0.09692409704508619,0.34183064967622,1,interior
0.09981943116586924,0.22848476113372357,1,interior
0.10411516484983269,0.22297777878812483,1,interior
0.10024891762259715,0.22471596037295627,1,interior
0.09816102430402054,0.2718431081085139,1,interior
0.10374545814391144,0.27875730565042783,1,interior
0.08443697361342145,0.3409334903848418,1,interior
0.07986567776118202,0.3429535616975074,1,interior
0.08378482246977871,0.3454473871178584,1,interior
0.09336075311150718,0.33979332229801545,1,interior
0.09777790052425007,0.33067663246834395,1,interior
0.10104220926708662,0.334828344709918,1,interior
0.10421578370225744,0.3392176640028752,1,interior
0.09624791882538937,0.33608161338260717,1,interior
0.11172032038782394,0.3665204748838015,1,interior
0.06854048445705334,0.3580578713091663,1,interior
0.07112944790084028,0.3537615735822219,1,interior
0.10153594685966005,0.2830757650806391,1,interior
0.108257566616998,0.279844511675466,1,interior
0.09651933300594347,0.27575723832795473,1,interior
0.09910168186796636,0.2790695421409418,1,interior
0.08026826060154629,0.3480462677723395,1,interior
0.0662508086567566,0.3294238252245346,1,interior
0.07009126098777535,0.32730604022678406,1,interior
0.09381056334485109,0.28032396414349486,1,interior
0.0921299173923176,0.2760688169052078,1,interior
0.09325975151920225,0.27131827671470904,1,interior
0.0936191288349714,0.31074857815244084,1,interior
0.08287317082866179,0.2967457192997739,1,interior
0.10835806785566257,0.28416865696683197,1,interior
0.12906776293118857,0.23387217868574672,1,interior
0.11187259308355466,0.2043439108975738,1,interior
0.11420662148393679,0.19579995615310844,1,interior
0.07441564013205547,0.3297898241107125,1,interior
0.07891768779213572,0.32728059801359316,1,interior
0.10699245927340269,0.2154876611887382,1,interior
0.1031314873057259,0.21795434530308377,1,interior
0.09069926833427529,0.288178423100446,1,interior
0.08747149644441357,0.2903823405870088,1,interior
0.09511636398968142,0.28995960141676985,1,interior
0.06538137201239809,0.35495501653946143,1,interior
0.1051680539937597,0.2827021170506875,1,interior
0.11109718049470105,0.21250910020994712,1,interior
0.08318998324262229,0.2898480895184399,1,interior
0.08598680603845592,0.28616000285821463,1,interior
0.1121651968622616,0.22137069963306188,1,interior
0.10198280424502444,0.27439799748596777,1,interior
0.10201287370534627,0.2692731568370786,1,interior
0.09970649257492042,0.23535061129502735,1,interior
0.09646262489131617,0.23151310610687842,1,interior
0.09574700000705227,0.22677897802922617,1,interior
0.09900323278211108,0.28688128746458547,1,interior
0.10313258726152967,0.21382114334700172,1,interior
0.10763821440886762,0.2202619123687031,1,interior
0.10636459100997521,0.21103140065532122,1,interior
0.09311568616943684,0.33160622670566425,1,interior
0.09838839438763271,0.25787317341004323,1,interior
0.09679204916230444,0.2623735206550627,1,interior
0.10091360088668273,0.2650884838777202,1,interior
0.06150425917090108,0.32530523653644855,1,interior
0.0597393861240498,0.32238209058974937,1,interior
0.05948001033664369,0.3182323654148845,1,interior
0.07868801040999485,0.2989712994123579,1,interior
0.11560066198268068,0.2753859696353829,1,interior
0.09722690752806752,0.26762850626306073,1,interior
0.09419483128974854,0.285351579465872,1,interior
0.08845411535383557,0.27865050184357193,1,interior
0.0761110707273708,0.3508961743988121,1,interior
0.07491388659473057,0.34058459386267004,1,interior
0.07598884889824227,0.34591629290744424,1,interior
0.07963952199140764,0.33786945990854456,1,interior
0.09604105332425529,0.22229050308318107,1,interior
0.09961164032194847,0.21978759343543888,1,interior
0.08925562623759223,0.37570539494347155,1,interior
0.05806625552509939,0.3271969191467591,1,interior
0.055376021356691514,0.3199760425366982,1,interior
0.053233374951594165,0.3247764978879653,1,interior
0.09272220158934165,0.23283371744308715,1,interior
0.09463496462980751,0.23655832112696945,1,interior
0.06956836925829255,0.33280290309672206,1,interior
0.06510190051129965,0.32463905124686626,1,interior
0.08387926639225297,0.28130549365385504,1,interior
0.08118631052372667,0.28559183233323565,1,interior
0.08945734697337893,0.28327365538705507,1,interior
0.06382420474598184,0.33331423568706503,1,interior
0.07479805317113496,0.33509802730056976,1,interior
0.06638194973789875,0.3372599487172298,1,interior
0.08943567180190022,0.3279329073555028,1,interior
0.0888284559480591,0.3335940057669735,1,interior
0.08596085545699092,0.33054865573968095,1,interior
0.10947011742802154,0.2077718105909059,1,interior
0.07071039670963271,0.3027337299674132,1,interior
0.09407405373677658,0.2508296259210817,1,interior
0.09322552758615142,0.2582628199555034,1,interior
0.1054860334609287,0.20285150687413217,1,interior
0.0920180264639886,0.3735836271985467,1,interior
0.0719897909132294,0.3444053745765031,1,interior
0.07157019007400203,0.34876068187181497,1,interior
0.06936346901669295,0.3411745407424838,1,interior
0.09815957740288399,0.23913774090399403,1,interior
0.09499441403184901,0.241315102617265,1,interior
0.09912992912418571,0.24369065843286514,1,interior
0.078974193594507,0.33271171703018515,1,interior
0.09328390106119526,0.24572102849064628,1,interior
0.1025401849191506,0.2472515609260444,1,interior
0.08449187488982436,0.3256741202871188,1,interior
0.06658516563905005,0.3503201932715007,1,interior
0.05740078136255327,0.3539727717925399,1,interior
0.11453875288593118,0.2080898392787902,1,interior
0.09493588701112031,0.21786653449032967,1,interior
0.10502609956261222,0.2067192664923423,1,interior
0.1083438702575426,0.20331696334923874,1,interior
0.09101196637398176,0.24083364990401845,1,interior
0.08882104951325945,0.3395586269711148,1,interior
0.08009082202239334,0.29365984071716966,1,interior
0.07914741704875534,0.28942757360468835,1,interior
0.08548665231526115,0.29380282157942633,1,interior
0.062114949954307684,0.32901239862240445,1,interior
0.09207164226055695,0.2616567611264469,1,interior
0.09292682132490358,0.2660360456374253,1,interior
0.09833358901656446,0.24867214216147335,1,interior
0.05983450361023453,0.3420865149368518,1,interior
0.06748286664305406,0.3456210651415253,1,interior
0.08827710054958665,0.27348449231237004,1,interior
0.0700944076315536,0.29863686361756975,1,interior
0.07390882045997024,0.29921063837345896,1,interior
0.08911065334244787,0.26364099175760386,1,interior
0.0879670741111694,0.25872584884482247,1,interior
0.0838528316999948,0.275904444625785,1,interior
0.07979213834304413,0.27768130318102785,1,interior
0.0881629492269355,0.2681635880435328,1,interior
0.09877441607712385,0.21403028483675499,1,interior
0.09922056519714492,0.2091719672423288,1,interior
0.08420644055486326,0.33529883032633506,1,interior
0.0823426782130737,0.33035819135250727,1,interior
0.062139605236609045,0.34662787736504347,1,interior
0.07104693898803778,0.337359983516038,1,interior
0.0753960522869153,0.29146991179071163,1,interior
0.05492743886420577,0.3299752669731685,1,interior
0.05834109305812952,0.33306023732404616,1,interior
0.08362494040799362,0.27099221879016866,1,interior
0.05134790597287651,0.3297290953412396,1,interior
0.0563236074851086,0.3388751200180278,1,interior
0.05273593767736724,0.3348702158725089,1,interior
0.0834736153435835,0.26674658075198665,1,interior
0.07898775372395846,0.27274893163662284,1,interior
0.09404407486250403,0.2131920740109408,1,interior
0.08910976203872813,0.2495765697752297,1,interior
0.09025172170868019,0.2542210063221475,1,interior
0.09483586756378218,0.25484813621886615,1,interior
0.09594570607052955,0.2091693289886344,1,interior
0.07207438938528343,0.2947929830503754,1,interior
0.09195773049029592,0.33604940710415276,1,interior
0.07366877859739607,0.2888193415767776,1,interior
0.09746052583321334,0.28296024071965536,1,interior
0.07829060552158243,0.2819172264596682,1,interior
0.05615388879178348,0.3450081220746921,1,interior
0.06437684952948242,0.34172070255686493,1,interior
0.07604606679362542,0.29558915762748034,1,interior
0.051976640702920136,0.34090444333643477,1,interior
0.053269163733539224,0.3504670011532219,1,interior
0.05822735262047953,0.34953464150832586,1,interior
0.05287320939174846,0.35565947355920924,1,interior
0.08496774572889447,0.25353891713874943,1,interior
0.04678996842243365,0.3220606603387887,1,interior
0.05126306761201823,0.3204675589678302,1,interior
0.04770443284579138,0.32717071265984404,1,interior
0.0853430199791445,0.26308669552475145,1,interior
0.07651817778517622,0.2864720393796877,1,interior
0.06192005528403238,0.3520762139806539,1,interior
0.08084415534244103,0.26294602562055175,1,interior
0.08100800970309668,0.25256630326746016,1,boundary
0.08469576588391296,0.24915128279873913,1,interior
0.08280992792820098,0.258319755925654,1,interior
0.0870970786682704,0.2449445969040414,1,interior
0.040505439849043645,0.3224109057513246,1,interior
0.042562957753168686,0.32621316261245475,1,interior
0.05431099305953462,0.3587415407655561,1,boundary
0.08813664498575065,0.23850944663352763,1,interior
0.06124485383945862,0.3375597089779263,1,interior
0.048351194039554325,0.353544978414657,1,interior
0.07705975472094813,0.26322040338496916,1,interior
0.04765570513303702,0.3485853011099405,1,interior
0.05136179121257406,0.34582947277484694,1,interior
0.04348488426725917,0.3517283246368163,1,interior
0.04251242393990805,0.3454261494271444,1,interior
0.047372166990354264,0.34318097640933215,1,interior
0.07907831345355157,0.2675781676471807,1,interior
0.07152797689743018,0.2666440725698239,1,interior
0.03967724775929925,0.35291043395386335,1,interior
0.038827425018962046,0.3490457917796923,1,interior
0.04018660414810799,0.33948122107255474,1,interior
0.036478012328238066,0.344399092961619,1,interior
0.04423921563831711,0.3402083392718806,1,interior
0.04405947947577554,0.3355408702408072,1,interior
0.03581585068269055,0.3393287614569986,1,interior
0.03686611417893699,0.33507384013867525,1,interior
0.03518019609677581,0.3237049943971468,1,interior
0.03730620349225796,0.3267504472930098,1,interior
0.03903623871310265,0.33038736570458815,1,interior
0.0436570381473226,0.3306463688219805,1,interior
0.04792826464181265,0.33249156086974563,1,interior
0.03246173513094075,0.3412703316999359,1,interior
0.029992462769619588,0.34539090770267106,1,interior
0.03357418714125735,0.3491896140707365,1,interior
0.02826926950342706,0.3397911074193607,1,interior
0.028868883656995775,0.35044052278419774,1,interior
0.024187020485385253,0.3480972315622503,1,interior
0.02520495768106936,0.34324096450522773,1,interior
0.01844053633067217,0.3478194184880055,1,interior
0.020116690346788677,0.3432709799048671,1,interior
0.03192291618031341,0.33606116674514325,1,interior
0.014417931181621999,0.34952267032612466,1,interior
0.0358158537120437,0.3523538746498754,1,interior
0.0266904543334037,0.33448353584343365,1,interior
0.023404298157964198,0.338272716010021,1,interior
0.030193194626515707,0.33161778035641004,1,interior
0.04820512998390222,0.33772605929285576,1,interior
0.030203558918838507,0.32514289295487836,1,interior
0.03448447130920935,0.3311975236890518,1,interior
0.019190218776454993,0.33736229542106116,1,interior
0.016229702416179236,0.34115259423147815,1,interior
0.07507813659128419,0.2695245059000739,1,interior
0.07456444588098003,0.2652447272270926,1,interior
0.014740611802448261,0.3367979297360612,1,interior
0.011005756488163454,0.34996227241522726,1,interior
0.0405998128854962,0.33426707606157424,1,interior
0.013168733119665054,0.33352092067565486,1,interior
0.016548891056832906,0.33295543716465453,1,interior
0.018158133795165676,0.33029197017964673,1,interior
0.02174356036594432,0.3319805870091505,1,interior
0.09024736970672553,0.23587194267693642,1,interior
0.0871450739190531,0.24127213057972438,1,interior
0.02675098754983246,0.32920877452768493,1,interior
0.02633325770480921,0.3264490536922501,1,interior
0.032228660423364454,0.3277043775106971,1,interior
0.10210872132378811,0.20991903275673518,1,interior
0.10139156125958744,0.23181814563012715,1,interior
0.10469335514481673,0.19640935746137886,1,interior
